subject,predicate,object,category,knowledge_level,agent_type,primary_knowledge_source
HGNC:124,biolink:has_phenotype,HP:0005576,biolink:EntityToDiseaseOrPhenotypicFeatureAssociation,knowledge_assertion,manual_agent,https://purl.humanatlas.io/vocab/hp
HGNC:124,biolink:has_phenotype,HP:0012622,biolink:EntityToDiseaseOrPhenotypicFeatureAssociation,knowledge_assertion,manual_agent,https://purl.humanatlas.io/vocab/hp
HGNC:124,biolink:has_phenotype,HP:0000790,biolink:EntityToDiseaseOrPhenotypicFeatureAssociation,knowledge_assertion,manual_agent,https://purl.humanatlas.io/vocab/hp
HGNC:132,biolink:has_phenotype,HP:0000126,biolink:EntityToDiseaseOrPhenotypicFeatureAssociation,knowledge_assertion,manual_agent,https://purl.humanatlas.io/vocab/hp
HGNC:144,biolink:has_phenotype,HP:0000126,biolink:EntityToDiseaseOrPhenotypicFeatureAssociation,knowledge_assertion,manual_agent,https://purl.humanatlas.io/vocab/hp
HGNC:145,biolink:has_phenotype,HP:0000003,biolink:EntityToDiseaseOrPhenotypicFeatureAssociation,knowledge_assertion,manual_agent,https://purl.humanatlas.io/vocab/hp
HGNC:145,biolink:has_phenotype,HP:0000126,biolink:EntityToDiseaseOrPhenotypicFeatureAssociation,knowledge_assertion,manual_agent,https://purl.humanatlas.io/vocab/hp
HGNC:145,biolink:has_phenotype,HP:0000126,biolink:EntityToDiseaseOrPhenotypicFeatureAssociation,knowledge_assertion,manual_agent,https://purl.humanatlas.io/vocab/hp
HGNC:166,biolink:has_phenotype,HP:0003774,biolink:EntityToDiseaseOrPhenotypicFeatureAssociation,knowledge_assertion,manual_agent,https://purl.humanatlas.io/vocab/hp
HGNC:166,biolink:has_phenotype,HP:0003774,biolink:EntityToDiseaseOrPhenotypicFeatureAssociation,knowledge_assertion,manual_agent,https://purl.humanatlas.io/vocab/hp
HGNC:166,biolink:has_phenotype,HP:0000097,biolink:EntityToDiseaseOrPhenotypicFeatureAssociation,knowledge_assertion,manual_agent,https://purl.humanatlas.io/vocab/hp
HGNC:166,biolink:has_phenotype,HP:0000097,biolink:EntityToDiseaseOrPhenotypicFeatureAssociation,knowledge_assertion,manual_agent,https://purl.humanatlas.io/vocab/hp
HGNC:166,biolink:has_phenotype,HP:0004719,biolink:EntityToDiseaseOrPhenotypicFeatureAssociation,knowledge_assertion,manual_agent,https://purl.humanatlas.io/vocab/hp
HGNC:166,biolink:has_phenotype,HP:0005565,biolink:EntityToDiseaseOrPhenotypicFeatureAssociation,knowledge_assertion,manual_agent,https://purl.humanatlas.io/vocab/hp
HGNC:166,biolink:has_phenotype,HP:0012622,biolink:EntityToDiseaseOrPhenotypicFeatureAssociation,knowledge_assertion,manual_agent,https://purl.humanatlas.io/vocab/hp
HGNC:166,biolink:has_phenotype,HP:0001967,biolink:EntityToDiseaseOrPhenotypicFeatureAssociation,knowledge_assertion,manual_agent,https://purl.humanatlas.io/vocab/hp
HGNC:166,biolink:has_phenotype,HP:0012579,biolink:EntityToDiseaseOrPhenotypicFeatureAssociation,knowledge_assertion,manual_agent,https://purl.humanatlas.io/vocab/hp
HGNC:171,biolink:has_phenotype,HP:0000787,biolink:EntityToDiseaseOrPhenotypicFeatureAssociation,knowledge_assertion,manual_agent,https://purl.humanatlas.io/vocab/hp
HGNC:186,biolink:has_phenotype,HP:0000100,biolink:EntityToDiseaseOrPhenotypicFeatureAssociation,knowledge_assertion,manual_agent,https://purl.humanatlas.io/vocab/hp
HGNC:186,biolink:has_phenotype,HP:0001967,biolink:EntityToDiseaseOrPhenotypicFeatureAssociation,knowledge_assertion,manual_agent,https://purl.humanatlas.io/vocab/hp
HGNC:6188,biolink:has_phenotype,HP:0003774,biolink:EntityToDiseaseOrPhenotypicFeatureAssociation,knowledge_assertion,manual_agent,https://purl.humanatlas.io/vocab/hp
HGNC:6188,biolink:has_phenotype,HP:0008659,biolink:EntityToDiseaseOrPhenotypicFeatureAssociation,knowledge_assertion,manual_agent,https://purl.humanatlas.io/vocab/hp
HGNC:6188,biolink:has_phenotype,HP:0000089,biolink:EntityToDiseaseOrPhenotypicFeatureAssociation,knowledge_assertion,manual_agent,https://purl.humanatlas.io/vocab/hp
HGNC:6188,biolink:has_phenotype,HP:0000081,biolink:EntityToDiseaseOrPhenotypicFeatureAssociation,knowledge_assertion,manual_agent,https://purl.humanatlas.io/vocab/hp
HGNC:6188,biolink:has_phenotype,HP:0000097,biolink:EntityToDiseaseOrPhenotypicFeatureAssociation,knowledge_assertion,manual_agent,https://purl.humanatlas.io/vocab/hp
HGNC:6188,biolink:has_phenotype,HP:0000110,biolink:EntityToDiseaseOrPhenotypicFeatureAssociation,knowledge_assertion,manual_agent,https://purl.humanatlas.io/vocab/hp
HGNC:6188,biolink:has_phenotype,HP:0001947,biolink:EntityToDiseaseOrPhenotypicFeatureAssociation,knowledge_assertion,manual_agent,https://purl.humanatlas.io/vocab/hp
HGNC:6188,biolink:has_phenotype,HP:0001920,biolink:EntityToDiseaseOrPhenotypicFeatureAssociation,knowledge_assertion,manual_agent,https://purl.humanatlas.io/vocab/hp
HGNC:333,biolink:has_phenotype,HP:0008660,biolink:EntityToDiseaseOrPhenotypicFeatureAssociation,knowledge_assertion,manual_agent,https://purl.humanatlas.io/vocab/hp
HGNC:333,biolink:has_phenotype,HP:0100519,biolink:EntityToDiseaseOrPhenotypicFeatureAssociation,knowledge_assertion,manual_agent,https://purl.humanatlas.io/vocab/hp
HGNC:336,biolink:has_phenotype,HP:0008660,biolink:EntityToDiseaseOrPhenotypicFeatureAssociation,knowledge_assertion,manual_agent,https://purl.humanatlas.io/vocab/hp
HGNC:336,biolink:has_phenotype,HP:0100519,biolink:EntityToDiseaseOrPhenotypicFeatureAssociation,knowledge_assertion,manual_agent,https://purl.humanatlas.io/vocab/hp
HGNC:341,biolink:has_phenotype,HP:0003774,biolink:EntityToDiseaseOrPhenotypicFeatureAssociation,knowledge_assertion,manual_agent,https://purl.humanatlas.io/vocab/hp
HGNC:341,biolink:has_phenotype,HP:0008672,biolink:EntityToDiseaseOrPhenotypicFeatureAssociation,knowledge_assertion,manual_agent,https://purl.humanatlas.io/vocab/hp
HGNC:341,biolink:has_phenotype,HP:0000083,biolink:EntityToDiseaseOrPhenotypicFeatureAssociation,knowledge_assertion,manual_agent,https://purl.humanatlas.io/vocab/hp
HGNC:341,biolink:has_phenotype,HP:0000121,biolink:EntityToDiseaseOrPhenotypicFeatureAssociation,knowledge_assertion,manual_agent,https://purl.humanatlas.io/vocab/hp
HGNC:341,biolink:has_phenotype,HP:0000121,biolink:EntityToDiseaseOrPhenotypicFeatureAssociation,knowledge_assertion,manual_agent,https://purl.humanatlas.io/vocab/hp
HGNC:341,biolink:has_phenotype,HP:0000790,biolink:EntityToDiseaseOrPhenotypicFeatureAssociation,knowledge_assertion,manual_agent,https://purl.humanatlas.io/vocab/hp
HGNC:341,biolink:has_phenotype,HP:0000790,biolink:EntityToDiseaseOrPhenotypicFeatureAssociation,knowledge_assertion,manual_agent,https://purl.humanatlas.io/vocab/hp
HGNC:341,biolink:has_phenotype,HP:0000787,biolink:EntityToDiseaseOrPhenotypicFeatureAssociation,knowledge_assertion,manual_agent,https://purl.humanatlas.io/vocab/hp
HGNC:341,biolink:has_phenotype,HP:0012213,biolink:EntityToDiseaseOrPhenotypicFeatureAssociation,knowledge_assertion,manual_agent,https://purl.humanatlas.io/vocab/hp
HGNC:7960,biolink:has_phenotype,HP:0002667,biolink:EntityToDiseaseOrPhenotypicFeatureAssociation,knowledge_assertion,manual_agent,https://purl.humanatlas.io/vocab/hp
HGNC:7960,biolink:has_phenotype,HP:0000100,biolink:EntityToDiseaseOrPhenotypicFeatureAssociation,knowledge_assertion,manual_agent,https://purl.humanatlas.io/vocab/hp
HGNC:391,biolink:has_phenotype,HP:0000107,biolink:EntityToDiseaseOrPhenotypicFeatureAssociation,knowledge_assertion,manual_agent,https://purl.humanatlas.io/vocab/hp
HGNC:391,biolink:has_phenotype,HP:0000105,biolink:EntityToDiseaseOrPhenotypicFeatureAssociation,knowledge_assertion,manual_agent,https://purl.humanatlas.io/vocab/hp
HGNC:391,biolink:has_phenotype,HP:0005584,biolink:EntityToDiseaseOrPhenotypicFeatureAssociation,knowledge_assertion,manual_agent,https://purl.humanatlas.io/vocab/hp
HGNC:391,biolink:has_phenotype,HP:0005584,biolink:EntityToDiseaseOrPhenotypicFeatureAssociation,knowledge_assertion,manual_agent,https://purl.humanatlas.io/vocab/hp
HGNC:414,biolink:has_phenotype,HP:0001919,biolink:EntityToDiseaseOrPhenotypicFeatureAssociation,knowledge_assertion,manual_agent,https://purl.humanatlas.io/vocab/hp
HGNC:417,biolink:has_phenotype,HP:0000083,biolink:EntityToDiseaseOrPhenotypicFeatureAssociation,knowledge_assertion,manual_agent,https://purl.humanatlas.io/vocab/hp
HGNC:417,biolink:has_phenotype,HP:0000114,biolink:EntityToDiseaseOrPhenotypicFeatureAssociation,knowledge_assertion,manual_agent,https://purl.humanatlas.io/vocab/hp
HGNC:417,biolink:has_phenotype,HP:0002049,biolink:EntityToDiseaseOrPhenotypicFeatureAssociation,knowledge_assertion,manual_agent,https://purl.humanatlas.io/vocab/hp
HGNC:417,biolink:has_phenotype,HP:0012622,biolink:EntityToDiseaseOrPhenotypicFeatureAssociation,knowledge_assertion,manual_agent,https://purl.humanatlas.io/vocab/hp
HGNC:430,biolink:has_phenotype,HP:0000083,biolink:EntityToDiseaseOrPhenotypicFeatureAssociation,knowledge_assertion,manual_agent,https://purl.humanatlas.io/vocab/hp
HGNC:438,biolink:has_phenotype,HP:0000121,biolink:EntityToDiseaseOrPhenotypicFeatureAssociation,knowledge_assertion,manual_agent,https://purl.humanatlas.io/vocab/hp
HGNC:583,biolink:has_phenotype,HP:0008678,biolink:EntityToDiseaseOrPhenotypicFeatureAssociation,knowledge_assertion,manual_agent,https://purl.humanatlas.io/vocab/hp
HGNC:583,biolink:has_phenotype,HP:0000126,biolink:EntityToDiseaseOrPhenotypicFeatureAssociation,knowledge_assertion,manual_agent,https://purl.humanatlas.io/vocab/hp
HGNC:583,biolink:has_phenotype,HP:0004736,biolink:EntityToDiseaseOrPhenotypicFeatureAssociation,knowledge_assertion,manual_agent,https://purl.humanatlas.io/vocab/hp
HGNC:583,biolink:has_phenotype,HP:0005584,biolink:EntityToDiseaseOrPhenotypicFeatureAssociation,knowledge_assertion,manual_agent,https://purl.humanatlas.io/vocab/hp
HGNC:583,biolink:has_phenotype,HP:0005562,biolink:EntityToDiseaseOrPhenotypicFeatureAssociation,knowledge_assertion,manual_agent,https://purl.humanatlas.io/vocab/hp
HGNC:360,biolink:has_phenotype,HP:0000121,biolink:EntityToDiseaseOrPhenotypicFeatureAssociation,knowledge_assertion,manual_agent,https://purl.humanatlas.io/vocab/hp
HGNC:360,biolink:has_phenotype,HP:0000123,biolink:EntityToDiseaseOrPhenotypicFeatureAssociation,knowledge_assertion,manual_agent,https://purl.humanatlas.io/vocab/hp
HGNC:592,biolink:has_phenotype,HP:0000083,biolink:EntityToDiseaseOrPhenotypicFeatureAssociation,knowledge_assertion,manual_agent,https://purl.humanatlas.io/vocab/hp
HGNC:592,biolink:has_phenotype,HP:0000123,biolink:EntityToDiseaseOrPhenotypicFeatureAssociation,knowledge_assertion,manual_agent,https://purl.humanatlas.io/vocab/hp
HGNC:600,biolink:has_phenotype,HP:0003774,biolink:EntityToDiseaseOrPhenotypicFeatureAssociation,knowledge_assertion,manual_agent,https://purl.humanatlas.io/vocab/hp
HGNC:600,biolink:has_phenotype,HP:0001917,biolink:EntityToDiseaseOrPhenotypicFeatureAssociation,knowledge_assertion,manual_agent,https://purl.humanatlas.io/vocab/hp
HGNC:600,biolink:has_phenotype,HP:0002907,biolink:EntityToDiseaseOrPhenotypicFeatureAssociation,knowledge_assertion,manual_agent,https://purl.humanatlas.io/vocab/hp
HGNC:603,biolink:has_phenotype,HP:0001920,biolink:EntityToDiseaseOrPhenotypicFeatureAssociation,knowledge_assertion,manual_agent,https://purl.humanatlas.io/vocab/hp
HGNC:603,biolink:has_phenotype,HP:0000799,biolink:EntityToDiseaseOrPhenotypicFeatureAssociation,knowledge_assertion,manual_agent,https://purl.humanatlas.io/vocab/hp
HGNC:613,biolink:has_phenotype,HP:0100820,biolink:EntityToDiseaseOrPhenotypicFeatureAssociation,knowledge_assertion,manual_agent,https://purl.humanatlas.io/vocab/hp
HGNC:613,biolink:has_phenotype,HP:0000083,biolink:EntityToDiseaseOrPhenotypicFeatureAssociation,knowledge_assertion,manual_agent,https://purl.humanatlas.io/vocab/hp
HGNC:613,biolink:has_phenotype,HP:0000799,biolink:EntityToDiseaseOrPhenotypicFeatureAssociation,knowledge_assertion,manual_agent,https://purl.humanatlas.io/vocab/hp
HGNC:613,biolink:has_phenotype,HP:0012574,biolink:EntityToDiseaseOrPhenotypicFeatureAssociation,knowledge_assertion,manual_agent,https://purl.humanatlas.io/vocab/hp
HGNC:626,biolink:has_phenotype,HP:0003774,biolink:EntityToDiseaseOrPhenotypicFeatureAssociation,knowledge_assertion,manual_agent,https://purl.humanatlas.io/vocab/hp
HGNC:626,biolink:has_phenotype,HP:0000083,biolink:EntityToDiseaseOrPhenotypicFeatureAssociation,knowledge_assertion,manual_agent,https://purl.humanatlas.io/vocab/hp
HGNC:626,biolink:has_phenotype,HP:0000083,biolink:EntityToDiseaseOrPhenotypicFeatureAssociation,knowledge_assertion,manual_agent,https://purl.humanatlas.io/vocab/hp
HGNC:626,biolink:has_phenotype,HP:0100520,biolink:EntityToDiseaseOrPhenotypicFeatureAssociation,knowledge_assertion,manual_agent,https://purl.humanatlas.io/vocab/hp
HGNC:626,biolink:has_phenotype,HP:0100520,biolink:EntityToDiseaseOrPhenotypicFeatureAssociation,knowledge_assertion,manual_agent,https://purl.humanatlas.io/vocab/hp
HGNC:626,biolink:has_phenotype,HP:0012622,biolink:EntityToDiseaseOrPhenotypicFeatureAssociation,knowledge_assertion,manual_agent,https://purl.humanatlas.io/vocab/hp
HGNC:626,biolink:has_phenotype,HP:0001919,biolink:EntityToDiseaseOrPhenotypicFeatureAssociation,knowledge_assertion,manual_agent,https://purl.humanatlas.io/vocab/hp
HGNC:626,biolink:has_phenotype,HP:0000791,biolink:EntityToDiseaseOrPhenotypicFeatureAssociation,knowledge_assertion,manual_agent,https://purl.humanatlas.io/vocab/hp
HGNC:626,biolink:has_phenotype,HP:0000790,biolink:EntityToDiseaseOrPhenotypicFeatureAssociation,knowledge_assertion,manual_agent,https://purl.humanatlas.io/vocab/hp
HGNC:626,biolink:has_phenotype,HP:0000787,biolink:EntityToDiseaseOrPhenotypicFeatureAssociation,knowledge_assertion,manual_agent,https://purl.humanatlas.io/vocab/hp
HGNC:626,biolink:has_phenotype,HP:0000787,biolink:EntityToDiseaseOrPhenotypicFeatureAssociation,knowledge_assertion,manual_agent,https://purl.humanatlas.io/vocab/hp
HGNC:626,biolink:has_phenotype,HP:0012587,biolink:EntityToDiseaseOrPhenotypicFeatureAssociation,knowledge_assertion,manual_agent,https://purl.humanatlas.io/vocab/hp
HGNC:11920,biolink:has_phenotype,HP:0100820,biolink:EntityToDiseaseOrPhenotypicFeatureAssociation,knowledge_assertion,manual_agent,https://purl.humanatlas.io/vocab/hp
HGNC:11920,biolink:has_phenotype,HP:0000083,biolink:EntityToDiseaseOrPhenotypicFeatureAssociation,knowledge_assertion,manual_agent,https://purl.humanatlas.io/vocab/hp
HGNC:11920,biolink:has_phenotype,HP:0000083,biolink:EntityToDiseaseOrPhenotypicFeatureAssociation,knowledge_assertion,manual_agent,https://purl.humanatlas.io/vocab/hp
HGNC:11920,biolink:has_phenotype,HP:0000099,biolink:EntityToDiseaseOrPhenotypicFeatureAssociation,knowledge_assertion,manual_agent,https://purl.humanatlas.io/vocab/hp
HGNC:11920,biolink:has_phenotype,HP:0000099,biolink:EntityToDiseaseOrPhenotypicFeatureAssociation,knowledge_assertion,manual_agent,https://purl.humanatlas.io/vocab/hp
HGNC:11936,biolink:has_phenotype,HP:0000083,biolink:EntityToDiseaseOrPhenotypicFeatureAssociation,knowledge_assertion,manual_agent,https://purl.humanatlas.io/vocab/hp
HGNC:11936,biolink:has_phenotype,HP:0000099,biolink:EntityToDiseaseOrPhenotypicFeatureAssociation,knowledge_assertion,manual_agent,https://purl.humanatlas.io/vocab/hp
HGNC:634,biolink:has_phenotype,HP:0000083,biolink:EntityToDiseaseOrPhenotypicFeatureAssociation,knowledge_assertion,manual_agent,https://purl.humanatlas.io/vocab/hp
HGNC:634,biolink:has_phenotype,HP:0000103,biolink:EntityToDiseaseOrPhenotypicFeatureAssociation,knowledge_assertion,manual_agent,https://purl.humanatlas.io/vocab/hp
HGNC:57,biolink:has_phenotype,HP:0100817,biolink:EntityToDiseaseOrPhenotypicFeatureAssociation,knowledge_assertion,manual_agent,https://purl.humanatlas.io/vocab/hp
HGNC:57,biolink:has_phenotype,HP:0100817,biolink:EntityToDiseaseOrPhenotypicFeatureAssociation,knowledge_assertion,manual_agent,https://purl.humanatlas.io/vocab/hp
HGNC:57,biolink:has_phenotype,HP:0000121,biolink:EntityToDiseaseOrPhenotypicFeatureAssociation,knowledge_assertion,manual_agent,https://purl.humanatlas.io/vocab/hp
HGNC:57,biolink:has_phenotype,HP:0000121,biolink:EntityToDiseaseOrPhenotypicFeatureAssociation,knowledge_assertion,manual_agent,https://purl.humanatlas.io/vocab/hp
HGNC:57,biolink:has_phenotype,HP:0000121,biolink:EntityToDiseaseOrPhenotypicFeatureAssociation,knowledge_assertion,manual_agent,https://purl.humanatlas.io/vocab/hp
HGNC:57,biolink:has_phenotype,HP:0001920,biolink:EntityToDiseaseOrPhenotypicFeatureAssociation,knowledge_assertion,manual_agent,https://purl.humanatlas.io/vocab/hp
HGNC:57,biolink:has_phenotype,HP:0012408,biolink:EntityToDiseaseOrPhenotypicFeatureAssociation,knowledge_assertion,manual_agent,https://purl.humanatlas.io/vocab/hp
HGNC:57,biolink:has_phenotype,HP:0012409,biolink:EntityToDiseaseOrPhenotypicFeatureAssociation,knowledge_assertion,manual_agent,https://purl.humanatlas.io/vocab/hp
HGNC:678,biolink:has_phenotype,HP:0003774,biolink:EntityToDiseaseOrPhenotypicFeatureAssociation,knowledge_assertion,manual_agent,https://purl.humanatlas.io/vocab/hp
HGNC:678,biolink:has_phenotype,HP:0003774,biolink:EntityToDiseaseOrPhenotypicFeatureAssociation,knowledge_assertion,manual_agent,https://purl.humanatlas.io/vocab/hp
HGNC:678,biolink:has_phenotype,HP:0000097,biolink:EntityToDiseaseOrPhenotypicFeatureAssociation,knowledge_assertion,manual_agent,https://purl.humanatlas.io/vocab/hp
HGNC:678,biolink:has_phenotype,HP:0000100,biolink:EntityToDiseaseOrPhenotypicFeatureAssociation,knowledge_assertion,manual_agent,https://purl.humanatlas.io/vocab/hp
HGNC:678,biolink:has_phenotype,HP:0012622,biolink:EntityToDiseaseOrPhenotypicFeatureAssociation,knowledge_assertion,manual_agent,https://purl.humanatlas.io/vocab/hp
HGNC:678,biolink:has_phenotype,HP:0012622,biolink:EntityToDiseaseOrPhenotypicFeatureAssociation,knowledge_assertion,manual_agent,https://purl.humanatlas.io/vocab/hp
HGNC:678,biolink:has_phenotype,HP:0001967,biolink:EntityToDiseaseOrPhenotypicFeatureAssociation,knowledge_assertion,manual_agent,https://purl.humanatlas.io/vocab/hp
HGNC:678,biolink:has_phenotype,HP:0001967,biolink:EntityToDiseaseOrPhenotypicFeatureAssociation,knowledge_assertion,manual_agent,https://purl.humanatlas.io/vocab/hp
HGNC:678,biolink:has_phenotype,HP:0012577,biolink:EntityToDiseaseOrPhenotypicFeatureAssociation,knowledge_assertion,manual_agent,https://purl.humanatlas.io/vocab/hp
HGNC:678,biolink:has_phenotype,HP:0012579,biolink:EntityToDiseaseOrPhenotypicFeatureAssociation,knowledge_assertion,manual_agent,https://purl.humanatlas.io/vocab/hp
HGNC:694,biolink:has_phenotype,HP:0000003,biolink:EntityToDiseaseOrPhenotypicFeatureAssociation,knowledge_assertion,manual_agent,https://purl.humanatlas.io/vocab/hp
HGNC:694,biolink:has_phenotype,HP:0000126,biolink:EntityToDiseaseOrPhenotypicFeatureAssociation,knowledge_assertion,manual_agent,https://purl.humanatlas.io/vocab/hp
HGNC:694,biolink:has_phenotype,HP:0030760,biolink:EntityToDiseaseOrPhenotypicFeatureAssociation,knowledge_assertion,manual_agent,https://purl.humanatlas.io/vocab/hp
HGNC:11425,biolink:has_phenotype,HP:0000083,biolink:EntityToDiseaseOrPhenotypicFeatureAssociation,knowledge_assertion,manual_agent,https://purl.humanatlas.io/vocab/hp
HGNC:11425,biolink:has_phenotype,HP:0000122,biolink:EntityToDiseaseOrPhenotypicFeatureAssociation,knowledge_assertion,manual_agent,https://purl.humanatlas.io/vocab/hp
HGNC:728,biolink:has_phenotype,HP:0000089,biolink:EntityToDiseaseOrPhenotypicFeatureAssociation,knowledge_assertion,manual_agent,https://purl.humanatlas.io/vocab/hp
HGNC:728,biolink:has_phenotype,HP:0000113,biolink:EntityToDiseaseOrPhenotypicFeatureAssociation,knowledge_assertion,manual_agent,https://purl.humanatlas.io/vocab/hp
HGNC:728,biolink:has_phenotype,HP:0005562,biolink:EntityToDiseaseOrPhenotypicFeatureAssociation,knowledge_assertion,manual_agent,https://purl.humanatlas.io/vocab/hp
HGNC:746,biolink:has_phenotype,HP:0000083,biolink:EntityToDiseaseOrPhenotypicFeatureAssociation,knowledge_assertion,manual_agent,https://purl.humanatlas.io/vocab/hp
HGNC:795,biolink:has_phenotype,HP:0009726,biolink:EntityToDiseaseOrPhenotypicFeatureAssociation,knowledge_assertion,manual_agent,https://purl.humanatlas.io/vocab/hp
HGNC:9965,biolink:has_phenotype,HP:0000089,biolink:EntityToDiseaseOrPhenotypicFeatureAssociation,knowledge_assertion,manual_agent,https://purl.humanatlas.io/vocab/hp
HGNC:9965,biolink:has_phenotype,HP:0000126,biolink:EntityToDiseaseOrPhenotypicFeatureAssociation,knowledge_assertion,manual_agent,https://purl.humanatlas.io/vocab/hp
HGNC:9965,biolink:has_phenotype,HP:0000107,biolink:EntityToDiseaseOrPhenotypicFeatureAssociation,knowledge_assertion,manual_agent,https://purl.humanatlas.io/vocab/hp
HGNC:9965,biolink:has_phenotype,HP:0000107,biolink:EntityToDiseaseOrPhenotypicFeatureAssociation,knowledge_assertion,manual_agent,https://purl.humanatlas.io/vocab/hp
HGNC:799,biolink:has_phenotype,HP:0000121,biolink:EntityToDiseaseOrPhenotypicFeatureAssociation,knowledge_assertion,manual_agent,https://purl.humanatlas.io/vocab/hp
HGNC:799,biolink:has_phenotype,HP:0000121,biolink:EntityToDiseaseOrPhenotypicFeatureAssociation,knowledge_assertion,manual_agent,https://purl.humanatlas.io/vocab/hp
HGNC:799,biolink:has_phenotype,HP:0000103,biolink:EntityToDiseaseOrPhenotypicFeatureAssociation,knowledge_assertion,manual_agent,https://purl.humanatlas.io/vocab/hp
HGNC:4026,biolink:has_phenotype,HP:0000083,biolink:EntityToDiseaseOrPhenotypicFeatureAssociation,knowledge_assertion,manual_agent,https://purl.humanatlas.io/vocab/hp
HGNC:823,biolink:has_phenotype,HP:0000089,biolink:EntityToDiseaseOrPhenotypicFeatureAssociation,knowledge_assertion,manual_agent,https://purl.humanatlas.io/vocab/hp
HGNC:837,biolink:has_phenotype,HP:0000089,biolink:EntityToDiseaseOrPhenotypicFeatureAssociation,knowledge_assertion,manual_agent,https://purl.humanatlas.io/vocab/hp
HGNC:838,biolink:has_phenotype,HP:0000089,biolink:EntityToDiseaseOrPhenotypicFeatureAssociation,knowledge_assertion,manual_agent,https://purl.humanatlas.io/vocab/hp
HGNC:853,biolink:has_phenotype,HP:0001947,biolink:EntityToDiseaseOrPhenotypicFeatureAssociation,knowledge_assertion,manual_agent,https://purl.humanatlas.io/vocab/hp
HGNC:853,biolink:has_phenotype,HP:0000787,biolink:EntityToDiseaseOrPhenotypicFeatureAssociation,knowledge_assertion,manual_agent,https://purl.humanatlas.io/vocab/hp
HGNC:854,biolink:has_phenotype,HP:0000121,biolink:EntityToDiseaseOrPhenotypicFeatureAssociation,knowledge_assertion,manual_agent,https://purl.humanatlas.io/vocab/hp
HGNC:854,biolink:has_phenotype,HP:0000126,biolink:EntityToDiseaseOrPhenotypicFeatureAssociation,knowledge_assertion,manual_agent,https://purl.humanatlas.io/vocab/hp
HGNC:857,biolink:has_phenotype,HP:0000121,biolink:EntityToDiseaseOrPhenotypicFeatureAssociation,knowledge_assertion,manual_agent,https://purl.humanatlas.io/vocab/hp
HGNC:869,biolink:has_phenotype,HP:0000126,biolink:EntityToDiseaseOrPhenotypicFeatureAssociation,knowledge_assertion,manual_agent,https://purl.humanatlas.io/vocab/hp
HGNC:870,biolink:has_phenotype,HP:0000124,biolink:EntityToDiseaseOrPhenotypicFeatureAssociation,knowledge_assertion,manual_agent,https://purl.humanatlas.io/vocab/hp
HGNC:870,biolink:has_phenotype,HP:0000787,biolink:EntityToDiseaseOrPhenotypicFeatureAssociation,knowledge_assertion,manual_agent,https://purl.humanatlas.io/vocab/hp
HGNC:870,biolink:has_phenotype,HP:0000787,biolink:EntityToDiseaseOrPhenotypicFeatureAssociation,knowledge_assertion,manual_agent,https://purl.humanatlas.io/vocab/hp
HGNC:886,biolink:has_phenotype,HP:0000089,biolink:EntityToDiseaseOrPhenotypicFeatureAssociation,knowledge_assertion,manual_agent,https://purl.humanatlas.io/vocab/hp
HGNC:886,biolink:has_phenotype,HP:0000126,biolink:EntityToDiseaseOrPhenotypicFeatureAssociation,knowledge_assertion,manual_agent,https://purl.humanatlas.io/vocab/hp
HGNC:886,biolink:has_phenotype,HP:0000126,biolink:EntityToDiseaseOrPhenotypicFeatureAssociation,knowledge_assertion,manual_agent,https://purl.humanatlas.io/vocab/hp
HGNC:886,biolink:has_phenotype,HP:0000104,biolink:EntityToDiseaseOrPhenotypicFeatureAssociation,knowledge_assertion,manual_agent,https://purl.humanatlas.io/vocab/hp
HGNC:897,biolink:has_phenotype,HP:0000083,biolink:EntityToDiseaseOrPhenotypicFeatureAssociation,knowledge_assertion,manual_agent,https://purl.humanatlas.io/vocab/hp
HGNC:897,biolink:has_phenotype,HP:0000103,biolink:EntityToDiseaseOrPhenotypicFeatureAssociation,knowledge_assertion,manual_agent,https://purl.humanatlas.io/vocab/hp
HGNC:914,biolink:has_phenotype,HP:0012622,biolink:EntityToDiseaseOrPhenotypicFeatureAssociation,knowledge_assertion,manual_agent,https://purl.humanatlas.io/vocab/hp
HGNC:914,biolink:has_phenotype,HP:0001917,biolink:EntityToDiseaseOrPhenotypicFeatureAssociation,knowledge_assertion,manual_agent,https://purl.humanatlas.io/vocab/hp
HGNC:959,biolink:has_phenotype,HP:0005584,biolink:EntityToDiseaseOrPhenotypicFeatureAssociation,knowledge_assertion,manual_agent,https://purl.humanatlas.io/vocab/hp
HGNC:966,biolink:has_phenotype,HP:0000085,biolink:EntityToDiseaseOrPhenotypicFeatureAssociation,knowledge_assertion,manual_agent,https://purl.humanatlas.io/vocab/hp
HGNC:966,biolink:has_phenotype,HP:0000126,biolink:EntityToDiseaseOrPhenotypicFeatureAssociation,knowledge_assertion,manual_agent,https://purl.humanatlas.io/vocab/hp
HGNC:966,biolink:has_phenotype,HP:0000100,biolink:EntityToDiseaseOrPhenotypicFeatureAssociation,knowledge_assertion,manual_agent,https://purl.humanatlas.io/vocab/hp
HGNC:966,biolink:has_phenotype,HP:0005562,biolink:EntityToDiseaseOrPhenotypicFeatureAssociation,knowledge_assertion,manual_agent,https://purl.humanatlas.io/vocab/hp
HGNC:966,biolink:has_phenotype,HP:0012622,biolink:EntityToDiseaseOrPhenotypicFeatureAssociation,knowledge_assertion,manual_agent,https://purl.humanatlas.io/vocab/hp
HGNC:967,biolink:has_phenotype,HP:0010946,biolink:EntityToDiseaseOrPhenotypicFeatureAssociation,knowledge_assertion,manual_agent,https://purl.humanatlas.io/vocab/hp
HGNC:967,biolink:has_phenotype,HP:0000085,biolink:EntityToDiseaseOrPhenotypicFeatureAssociation,knowledge_assertion,manual_agent,https://purl.humanatlas.io/vocab/hp
HGNC:967,biolink:has_phenotype,HP:0000003,biolink:EntityToDiseaseOrPhenotypicFeatureAssociation,knowledge_assertion,manual_agent,https://purl.humanatlas.io/vocab/hp
HGNC:967,biolink:has_phenotype,HP:0000126,biolink:EntityToDiseaseOrPhenotypicFeatureAssociation,knowledge_assertion,manual_agent,https://purl.humanatlas.io/vocab/hp
HGNC:967,biolink:has_phenotype,HP:0000100,biolink:EntityToDiseaseOrPhenotypicFeatureAssociation,knowledge_assertion,manual_agent,https://purl.humanatlas.io/vocab/hp
HGNC:967,biolink:has_phenotype,HP:0000103,biolink:EntityToDiseaseOrPhenotypicFeatureAssociation,knowledge_assertion,manual_agent,https://purl.humanatlas.io/vocab/hp
HGNC:967,biolink:has_phenotype,HP:0005562,biolink:EntityToDiseaseOrPhenotypicFeatureAssociation,knowledge_assertion,manual_agent,https://purl.humanatlas.io/vocab/hp
HGNC:967,biolink:has_phenotype,HP:0012622,biolink:EntityToDiseaseOrPhenotypicFeatureAssociation,knowledge_assertion,manual_agent,https://purl.humanatlas.io/vocab/hp
HGNC:967,biolink:has_phenotype,HP:0012622,biolink:EntityToDiseaseOrPhenotypicFeatureAssociation,knowledge_assertion,manual_agent,https://purl.humanatlas.io/vocab/hp
HGNC:967,biolink:has_phenotype,HP:0012210,biolink:EntityToDiseaseOrPhenotypicFeatureAssociation,knowledge_assertion,manual_agent,https://purl.humanatlas.io/vocab/hp
HGNC:969,biolink:has_phenotype,HP:0000085,biolink:EntityToDiseaseOrPhenotypicFeatureAssociation,knowledge_assertion,manual_agent,https://purl.humanatlas.io/vocab/hp
HGNC:969,biolink:has_phenotype,HP:0000126,biolink:EntityToDiseaseOrPhenotypicFeatureAssociation,knowledge_assertion,manual_agent,https://purl.humanatlas.io/vocab/hp
HGNC:969,biolink:has_phenotype,HP:0000100,biolink:EntityToDiseaseOrPhenotypicFeatureAssociation,knowledge_assertion,manual_agent,https://purl.humanatlas.io/vocab/hp
HGNC:969,biolink:has_phenotype,HP:0000107,biolink:EntityToDiseaseOrPhenotypicFeatureAssociation,knowledge_assertion,manual_agent,https://purl.humanatlas.io/vocab/hp
HGNC:969,biolink:has_phenotype,HP:0005562,biolink:EntityToDiseaseOrPhenotypicFeatureAssociation,knowledge_assertion,manual_agent,https://purl.humanatlas.io/vocab/hp
HGNC:969,biolink:has_phenotype,HP:0012622,biolink:EntityToDiseaseOrPhenotypicFeatureAssociation,knowledge_assertion,manual_agent,https://purl.humanatlas.io/vocab/hp
HGNC:1582,biolink:has_phenotype,HP:0000100,biolink:EntityToDiseaseOrPhenotypicFeatureAssociation,knowledge_assertion,manual_agent,https://purl.humanatlas.io/vocab/hp
HGNC:1582,biolink:has_phenotype,HP:0000112,biolink:EntityToDiseaseOrPhenotypicFeatureAssociation,knowledge_assertion,manual_agent,https://purl.humanatlas.io/vocab/hp
HGNC:1582,biolink:has_phenotype,HP:0005584,biolink:EntityToDiseaseOrPhenotypicFeatureAssociation,knowledge_assertion,manual_agent,https://purl.humanatlas.io/vocab/hp
HGNC:1582,biolink:has_phenotype,HP:0005584,biolink:EntityToDiseaseOrPhenotypicFeatureAssociation,knowledge_assertion,manual_agent,https://purl.humanatlas.io/vocab/hp
HGNC:1582,biolink:has_phenotype,HP:0005584,biolink:EntityToDiseaseOrPhenotypicFeatureAssociation,knowledge_assertion,manual_agent,https://purl.humanatlas.io/vocab/hp
HGNC:1582,biolink:has_phenotype,HP:0005562,biolink:EntityToDiseaseOrPhenotypicFeatureAssociation,knowledge_assertion,manual_agent,https://purl.humanatlas.io/vocab/hp
HGNC:1582,biolink:has_phenotype,HP:0005562,biolink:EntityToDiseaseOrPhenotypicFeatureAssociation,knowledge_assertion,manual_agent,https://purl.humanatlas.io/vocab/hp
HGNC:1582,biolink:has_phenotype,HP:0001919,biolink:EntityToDiseaseOrPhenotypicFeatureAssociation,knowledge_assertion,manual_agent,https://purl.humanatlas.io/vocab/hp
HGNC:1020,biolink:has_phenotype,HP:0001970,biolink:EntityToDiseaseOrPhenotypicFeatureAssociation,knowledge_assertion,manual_agent,https://purl.humanatlas.io/vocab/hp
HGNC:1020,biolink:has_phenotype,HP:0001994,biolink:EntityToDiseaseOrPhenotypicFeatureAssociation,knowledge_assertion,manual_agent,https://purl.humanatlas.io/vocab/hp
HGNC:1037,biolink:has_phenotype,HP:0100519,biolink:EntityToDiseaseOrPhenotypicFeatureAssociation,knowledge_assertion,manual_agent,https://purl.humanatlas.io/vocab/hp
HGNC:1037,biolink:has_phenotype,HP:0005575,biolink:EntityToDiseaseOrPhenotypicFeatureAssociation,knowledge_assertion,manual_agent,https://purl.humanatlas.io/vocab/hp
HGNC:1037,biolink:has_phenotype,HP:0001919,biolink:EntityToDiseaseOrPhenotypicFeatureAssociation,knowledge_assertion,manual_agent,https://purl.humanatlas.io/vocab/hp
HGNC:1037,biolink:has_phenotype,HP:0000790,biolink:EntityToDiseaseOrPhenotypicFeatureAssociation,knowledge_assertion,manual_agent,https://purl.humanatlas.io/vocab/hp
HGNC:1057,biolink:has_phenotype,HP:0033726,biolink:EntityToDiseaseOrPhenotypicFeatureAssociation,knowledge_assertion,manual_agent,https://purl.humanatlas.io/vocab/hp
HGNC:1057,biolink:has_phenotype,HP:0000112,biolink:EntityToDiseaseOrPhenotypicFeatureAssociation,knowledge_assertion,manual_agent,https://purl.humanatlas.io/vocab/hp
HGNC:1057,biolink:has_phenotype,HP:0000107,biolink:EntityToDiseaseOrPhenotypicFeatureAssociation,knowledge_assertion,manual_agent,https://purl.humanatlas.io/vocab/hp
HGNC:1057,biolink:has_phenotype,HP:0000790,biolink:EntityToDiseaseOrPhenotypicFeatureAssociation,knowledge_assertion,manual_agent,https://purl.humanatlas.io/vocab/hp
HGNC:1058,biolink:has_phenotype,HP:0002667,biolink:EntityToDiseaseOrPhenotypicFeatureAssociation,knowledge_assertion,manual_agent,https://purl.humanatlas.io/vocab/hp
HGNC:1071,biolink:has_phenotype,HP:0000089,biolink:EntityToDiseaseOrPhenotypicFeatureAssociation,knowledge_assertion,manual_agent,https://purl.humanatlas.io/vocab/hp
HGNC:1076,biolink:has_phenotype,HP:0009726,biolink:EntityToDiseaseOrPhenotypicFeatureAssociation,knowledge_assertion,manual_agent,https://purl.humanatlas.io/vocab/hp
HGNC:1100,biolink:has_phenotype,HP:0008678,biolink:EntityToDiseaseOrPhenotypicFeatureAssociation,knowledge_assertion,manual_agent,https://purl.humanatlas.io/vocab/hp
HGNC:1100,biolink:has_phenotype,HP:0000083,biolink:EntityToDiseaseOrPhenotypicFeatureAssociation,knowledge_assertion,manual_agent,https://purl.humanatlas.io/vocab/hp
HGNC:1100,biolink:has_phenotype,HP:0100542,biolink:EntityToDiseaseOrPhenotypicFeatureAssociation,knowledge_assertion,manual_agent,https://purl.humanatlas.io/vocab/hp
HGNC:1100,biolink:has_phenotype,HP:0012210,biolink:EntityToDiseaseOrPhenotypicFeatureAssociation,knowledge_assertion,manual_agent,https://purl.humanatlas.io/vocab/hp
HGNC:1097,biolink:has_phenotype,HP:0010946,biolink:EntityToDiseaseOrPhenotypicFeatureAssociation,knowledge_assertion,manual_agent,https://purl.humanatlas.io/vocab/hp
HGNC:1097,biolink:has_phenotype,HP:0000126,biolink:EntityToDiseaseOrPhenotypicFeatureAssociation,knowledge_assertion,manual_agent,https://purl.humanatlas.io/vocab/hp
HGNC:1097,biolink:has_phenotype,HP:0000126,biolink:EntityToDiseaseOrPhenotypicFeatureAssociation,knowledge_assertion,manual_agent,https://purl.humanatlas.io/vocab/hp
HGNC:1097,biolink:has_phenotype,HP:0100542,biolink:EntityToDiseaseOrPhenotypicFeatureAssociation,knowledge_assertion,manual_agent,https://purl.humanatlas.io/vocab/hp
HGNC:1097,biolink:has_phenotype,HP:0005584,biolink:EntityToDiseaseOrPhenotypicFeatureAssociation,knowledge_assertion,manual_agent,https://purl.humanatlas.io/vocab/hp
HGNC:1101,biolink:has_phenotype,HP:0008678,biolink:EntityToDiseaseOrPhenotypicFeatureAssociation,knowledge_assertion,manual_agent,https://purl.humanatlas.io/vocab/hp
HGNC:1101,biolink:has_phenotype,HP:0000083,biolink:EntityToDiseaseOrPhenotypicFeatureAssociation,knowledge_assertion,manual_agent,https://purl.humanatlas.io/vocab/hp
HGNC:1101,biolink:has_phenotype,HP:0000086,biolink:EntityToDiseaseOrPhenotypicFeatureAssociation,knowledge_assertion,manual_agent,https://purl.humanatlas.io/vocab/hp
HGNC:1101,biolink:has_phenotype,HP:0000085,biolink:EntityToDiseaseOrPhenotypicFeatureAssociation,knowledge_assertion,manual_agent,https://purl.humanatlas.io/vocab/hp
HGNC:1101,biolink:has_phenotype,HP:0002667,biolink:EntityToDiseaseOrPhenotypicFeatureAssociation,knowledge_assertion,manual_agent,https://purl.humanatlas.io/vocab/hp
HGNC:1101,biolink:has_phenotype,HP:0002667,biolink:EntityToDiseaseOrPhenotypicFeatureAssociation,knowledge_assertion,manual_agent,https://purl.humanatlas.io/vocab/hp
HGNC:1101,biolink:has_phenotype,HP:0002667,biolink:EntityToDiseaseOrPhenotypicFeatureAssociation,knowledge_assertion,manual_agent,https://purl.humanatlas.io/vocab/hp
HGNC:1101,biolink:has_phenotype,HP:0100542,biolink:EntityToDiseaseOrPhenotypicFeatureAssociation,knowledge_assertion,manual_agent,https://purl.humanatlas.io/vocab/hp
HGNC:1101,biolink:has_phenotype,HP:0009726,biolink:EntityToDiseaseOrPhenotypicFeatureAssociation,knowledge_assertion,manual_agent,https://purl.humanatlas.io/vocab/hp
HGNC:1101,biolink:has_phenotype,HP:0005580,biolink:EntityToDiseaseOrPhenotypicFeatureAssociation,knowledge_assertion,manual_agent,https://purl.humanatlas.io/vocab/hp
HGNC:1101,biolink:has_phenotype,HP:0012210,biolink:EntityToDiseaseOrPhenotypicFeatureAssociation,knowledge_assertion,manual_agent,https://purl.humanatlas.io/vocab/hp
HGNC:1101,biolink:has_phenotype,HP:0002907,biolink:EntityToDiseaseOrPhenotypicFeatureAssociation,knowledge_assertion,manual_agent,https://purl.humanatlas.io/vocab/hp
HGNC:1101,biolink:has_phenotype,HP:0012587,biolink:EntityToDiseaseOrPhenotypicFeatureAssociation,knowledge_assertion,manual_agent,https://purl.humanatlas.io/vocab/hp
HGNC:1148,biolink:has_phenotype,HP:0002667,biolink:EntityToDiseaseOrPhenotypicFeatureAssociation,knowledge_assertion,manual_agent,https://purl.humanatlas.io/vocab/hp
HGNC:1148,biolink:has_phenotype,HP:0000003,biolink:EntityToDiseaseOrPhenotypicFeatureAssociation,knowledge_assertion,manual_agent,https://purl.humanatlas.io/vocab/hp
HGNC:1148,biolink:has_phenotype,HP:0005584,biolink:EntityToDiseaseOrPhenotypicFeatureAssociation,knowledge_assertion,manual_agent,https://purl.humanatlas.io/vocab/hp
HGNC:1149,biolink:has_phenotype,HP:0002667,biolink:EntityToDiseaseOrPhenotypicFeatureAssociation,knowledge_assertion,manual_agent,https://purl.humanatlas.io/vocab/hp
HGNC:1149,biolink:has_phenotype,HP:0002667,biolink:EntityToDiseaseOrPhenotypicFeatureAssociation,knowledge_assertion,manual_agent,https://purl.humanatlas.io/vocab/hp
HGNC:1149,biolink:has_phenotype,HP:0000003,biolink:EntityToDiseaseOrPhenotypicFeatureAssociation,knowledge_assertion,manual_agent,https://purl.humanatlas.io/vocab/hp
HGNC:1149,biolink:has_phenotype,HP:0000003,biolink:EntityToDiseaseOrPhenotypicFeatureAssociation,knowledge_assertion,manual_agent,https://purl.humanatlas.io/vocab/hp
HGNC:1149,biolink:has_phenotype,HP:0000107,biolink:EntityToDiseaseOrPhenotypicFeatureAssociation,knowledge_assertion,manual_agent,https://purl.humanatlas.io/vocab/hp
HGNC:1149,biolink:has_phenotype,HP:0005584,biolink:EntityToDiseaseOrPhenotypicFeatureAssociation,knowledge_assertion,manual_agent,https://purl.humanatlas.io/vocab/hp
HGNC:1243,biolink:has_phenotype,HP:0000100,biolink:EntityToDiseaseOrPhenotypicFeatureAssociation,knowledge_assertion,manual_agent,https://purl.humanatlas.io/vocab/hp
HGNC:1241,biolink:has_phenotype,HP:0000793,biolink:EntityToDiseaseOrPhenotypicFeatureAssociation,knowledge_assertion,manual_agent,https://purl.humanatlas.io/vocab/hp
HGNC:1247,biolink:has_phenotype,HP:0002667,biolink:EntityToDiseaseOrPhenotypicFeatureAssociation,knowledge_assertion,manual_agent,https://purl.humanatlas.io/vocab/hp
HGNC:1318,biolink:has_phenotype,HP:0003774,biolink:EntityToDiseaseOrPhenotypicFeatureAssociation,knowledge_assertion,manual_agent,https://purl.humanatlas.io/vocab/hp
HGNC:1318,biolink:has_phenotype,HP:0000083,biolink:EntityToDiseaseOrPhenotypicFeatureAssociation,knowledge_assertion,manual_agent,https://purl.humanatlas.io/vocab/hp
HGNC:1318,biolink:has_phenotype,HP:0000100,biolink:EntityToDiseaseOrPhenotypicFeatureAssociation,knowledge_assertion,manual_agent,https://purl.humanatlas.io/vocab/hp
HGNC:1318,biolink:has_phenotype,HP:0100519,biolink:EntityToDiseaseOrPhenotypicFeatureAssociation,knowledge_assertion,manual_agent,https://purl.humanatlas.io/vocab/hp
HGNC:1318,biolink:has_phenotype,HP:0005575,biolink:EntityToDiseaseOrPhenotypicFeatureAssociation,knowledge_assertion,manual_agent,https://purl.humanatlas.io/vocab/hp
HGNC:1318,biolink:has_phenotype,HP:0001919,biolink:EntityToDiseaseOrPhenotypicFeatureAssociation,knowledge_assertion,manual_agent,https://purl.humanatlas.io/vocab/hp
HGNC:1318,biolink:has_phenotype,HP:0000793,biolink:EntityToDiseaseOrPhenotypicFeatureAssociation,knowledge_assertion,manual_agent,https://purl.humanatlas.io/vocab/hp
HGNC:1318,biolink:has_phenotype,HP:0000790,biolink:EntityToDiseaseOrPhenotypicFeatureAssociation,knowledge_assertion,manual_agent,https://purl.humanatlas.io/vocab/hp
HGNC:1323,biolink:has_phenotype,HP:0100820,biolink:EntityToDiseaseOrPhenotypicFeatureAssociation,knowledge_assertion,manual_agent,https://purl.humanatlas.io/vocab/hp
HGNC:1323,biolink:has_phenotype,HP:0000083,biolink:EntityToDiseaseOrPhenotypicFeatureAssociation,knowledge_assertion,manual_agent,https://purl.humanatlas.io/vocab/hp
HGNC:1323,biolink:has_phenotype,HP:0000099,biolink:EntityToDiseaseOrPhenotypicFeatureAssociation,knowledge_assertion,manual_agent,https://purl.humanatlas.io/vocab/hp
HGNC:1323,biolink:has_phenotype,HP:0000099,biolink:EntityToDiseaseOrPhenotypicFeatureAssociation,knowledge_assertion,manual_agent,https://purl.humanatlas.io/vocab/hp
HGNC:1323,biolink:has_phenotype,HP:0033726,biolink:EntityToDiseaseOrPhenotypicFeatureAssociation,knowledge_assertion,manual_agent,https://purl.humanatlas.io/vocab/hp
HGNC:1323,biolink:has_phenotype,HP:0000790,biolink:EntityToDiseaseOrPhenotypicFeatureAssociation,knowledge_assertion,manual_agent,https://purl.humanatlas.io/vocab/hp
HGNC:1324,biolink:has_phenotype,HP:0033726,biolink:EntityToDiseaseOrPhenotypicFeatureAssociation,knowledge_assertion,manual_agent,https://purl.humanatlas.io/vocab/hp
HGNC:1324,biolink:has_phenotype,HP:0000790,biolink:EntityToDiseaseOrPhenotypicFeatureAssociation,knowledge_assertion,manual_agent,https://purl.humanatlas.io/vocab/hp
HGNC:1181,biolink:has_phenotype,HP:0000105,biolink:EntityToDiseaseOrPhenotypicFeatureAssociation,knowledge_assertion,manual_agent,https://purl.humanatlas.io/vocab/hp
HGNC:1373,biolink:has_phenotype,HP:0000126,biolink:EntityToDiseaseOrPhenotypicFeatureAssociation,knowledge_assertion,manual_agent,https://purl.humanatlas.io/vocab/hp
HGNC:1373,biolink:has_phenotype,HP:0002049,biolink:EntityToDiseaseOrPhenotypicFeatureAssociation,knowledge_assertion,manual_agent,https://purl.humanatlas.io/vocab/hp
HGNC:1373,biolink:has_phenotype,HP:0008341,biolink:EntityToDiseaseOrPhenotypicFeatureAssociation,knowledge_assertion,manual_agent,https://purl.humanatlas.io/vocab/hp
HGNC:1373,biolink:has_phenotype,HP:0008341,biolink:EntityToDiseaseOrPhenotypicFeatureAssociation,knowledge_assertion,manual_agent,https://purl.humanatlas.io/vocab/hp
HGNC:1373,biolink:has_phenotype,HP:0001947,biolink:EntityToDiseaseOrPhenotypicFeatureAssociation,knowledge_assertion,manual_agent,https://purl.humanatlas.io/vocab/hp
HGNC:1373,biolink:has_phenotype,HP:0000787,biolink:EntityToDiseaseOrPhenotypicFeatureAssociation,knowledge_assertion,manual_agent,https://purl.humanatlas.io/vocab/hp
HGNC:1391,biolink:has_phenotype,HP:0000787,biolink:EntityToDiseaseOrPhenotypicFeatureAssociation,knowledge_assertion,manual_agent,https://purl.humanatlas.io/vocab/hp
HGNC:1391,biolink:has_phenotype,HP:0000787,biolink:EntityToDiseaseOrPhenotypicFeatureAssociation,knowledge_assertion,manual_agent,https://purl.humanatlas.io/vocab/hp
HGNC:1397,biolink:has_phenotype,HP:0001919,biolink:EntityToDiseaseOrPhenotypicFeatureAssociation,knowledge_assertion,manual_agent,https://purl.humanatlas.io/vocab/hp
HGNC:1421,biolink:has_phenotype,HP:0100520,biolink:EntityToDiseaseOrPhenotypicFeatureAssociation,knowledge_assertion,manual_agent,https://purl.humanatlas.io/vocab/hp
HGNC:1424,biolink:has_phenotype,HP:0001947,biolink:EntityToDiseaseOrPhenotypicFeatureAssociation,knowledge_assertion,manual_agent,https://purl.humanatlas.io/vocab/hp
HGNC:1455,biolink:has_phenotype,HP:0000083,biolink:EntityToDiseaseOrPhenotypicFeatureAssociation,knowledge_assertion,manual_agent,https://purl.humanatlas.io/vocab/hp
HGNC:1460,biolink:has_phenotype,HP:0000126,biolink:EntityToDiseaseOrPhenotypicFeatureAssociation,knowledge_assertion,manual_agent,https://purl.humanatlas.io/vocab/hp
HGNC:1500,biolink:has_phenotype,HP:0000083,biolink:EntityToDiseaseOrPhenotypicFeatureAssociation,knowledge_assertion,manual_agent,https://purl.humanatlas.io/vocab/hp
HGNC:1500,biolink:has_phenotype,HP:0000099,biolink:EntityToDiseaseOrPhenotypicFeatureAssociation,knowledge_assertion,manual_agent,https://purl.humanatlas.io/vocab/hp
HGNC:1500,biolink:has_phenotype,HP:0000123,biolink:EntityToDiseaseOrPhenotypicFeatureAssociation,knowledge_assertion,manual_agent,https://purl.humanatlas.io/vocab/hp
HGNC:1500,biolink:has_phenotype,HP:0000100,biolink:EntityToDiseaseOrPhenotypicFeatureAssociation,knowledge_assertion,manual_agent,https://purl.humanatlas.io/vocab/hp
HGNC:1514,biolink:has_phenotype,HP:0000121,biolink:EntityToDiseaseOrPhenotypicFeatureAssociation,knowledge_assertion,manual_agent,https://purl.humanatlas.io/vocab/hp
HGNC:1514,biolink:has_phenotype,HP:0000121,biolink:EntityToDiseaseOrPhenotypicFeatureAssociation,knowledge_assertion,manual_agent,https://purl.humanatlas.io/vocab/hp
HGNC:1514,biolink:has_phenotype,HP:0000103,biolink:EntityToDiseaseOrPhenotypicFeatureAssociation,knowledge_assertion,manual_agent,https://purl.humanatlas.io/vocab/hp
HGNC:1514,biolink:has_phenotype,HP:0000787,biolink:EntityToDiseaseOrPhenotypicFeatureAssociation,knowledge_assertion,manual_agent,https://purl.humanatlas.io/vocab/hp
HGNC:1514,biolink:has_phenotype,HP:0000787,biolink:EntityToDiseaseOrPhenotypicFeatureAssociation,knowledge_assertion,manual_agent,https://purl.humanatlas.io/vocab/hp
HGNC:1514,biolink:has_phenotype,HP:0012213,biolink:EntityToDiseaseOrPhenotypicFeatureAssociation,knowledge_assertion,manual_agent,https://purl.humanatlas.io/vocab/hp
HGNC:1527,biolink:has_phenotype,HP:0000083,biolink:EntityToDiseaseOrPhenotypicFeatureAssociation,knowledge_assertion,manual_agent,https://purl.humanatlas.io/vocab/hp
HGNC:1527,biolink:has_phenotype,HP:0000103,biolink:EntityToDiseaseOrPhenotypicFeatureAssociation,knowledge_assertion,manual_agent,https://purl.humanatlas.io/vocab/hp
HGNC:1527,biolink:has_phenotype,HP:0100520,biolink:EntityToDiseaseOrPhenotypicFeatureAssociation,knowledge_assertion,manual_agent,https://purl.humanatlas.io/vocab/hp
HGNC:1541,biolink:has_phenotype,HP:0010946,biolink:EntityToDiseaseOrPhenotypicFeatureAssociation,knowledge_assertion,manual_agent,https://purl.humanatlas.io/vocab/hp
HGNC:1546,biolink:has_phenotype,HP:0000787,biolink:EntityToDiseaseOrPhenotypicFeatureAssociation,knowledge_assertion,manual_agent,https://purl.humanatlas.io/vocab/hp
HGNC:1583,biolink:has_phenotype,HP:0100542,biolink:EntityToDiseaseOrPhenotypicFeatureAssociation,knowledge_assertion,manual_agent,https://purl.humanatlas.io/vocab/hp
HGNC:1665,biolink:has_phenotype,HP:0100820,biolink:EntityToDiseaseOrPhenotypicFeatureAssociation,knowledge_assertion,manual_agent,https://purl.humanatlas.io/vocab/hp
HGNC:1665,biolink:has_phenotype,HP:0000083,biolink:EntityToDiseaseOrPhenotypicFeatureAssociation,knowledge_assertion,manual_agent,https://purl.humanatlas.io/vocab/hp
HGNC:1665,biolink:has_phenotype,HP:0000097,biolink:EntityToDiseaseOrPhenotypicFeatureAssociation,knowledge_assertion,manual_agent,https://purl.humanatlas.io/vocab/hp
HGNC:1665,biolink:has_phenotype,HP:0000100,biolink:EntityToDiseaseOrPhenotypicFeatureAssociation,knowledge_assertion,manual_agent,https://purl.humanatlas.io/vocab/hp
HGNC:1665,biolink:has_phenotype,HP:0000112,biolink:EntityToDiseaseOrPhenotypicFeatureAssociation,knowledge_assertion,manual_agent,https://purl.humanatlas.io/vocab/hp
HGNC:1665,biolink:has_phenotype,HP:0000790,biolink:EntityToDiseaseOrPhenotypicFeatureAssociation,knowledge_assertion,manual_agent,https://purl.humanatlas.io/vocab/hp
HGNC:1701,biolink:has_phenotype,HP:0003774,biolink:EntityToDiseaseOrPhenotypicFeatureAssociation,knowledge_assertion,manual_agent,https://purl.humanatlas.io/vocab/hp
HGNC:1701,biolink:has_phenotype,HP:0000099,biolink:EntityToDiseaseOrPhenotypicFeatureAssociation,knowledge_assertion,manual_agent,https://purl.humanatlas.io/vocab/hp
HGNC:1701,biolink:has_phenotype,HP:0000126,biolink:EntityToDiseaseOrPhenotypicFeatureAssociation,knowledge_assertion,manual_agent,https://purl.humanatlas.io/vocab/hp
HGNC:1701,biolink:has_phenotype,HP:0000105,biolink:EntityToDiseaseOrPhenotypicFeatureAssociation,knowledge_assertion,manual_agent,https://purl.humanatlas.io/vocab/hp
HGNC:1701,biolink:has_phenotype,HP:0033295,biolink:EntityToDiseaseOrPhenotypicFeatureAssociation,knowledge_assertion,manual_agent,https://purl.humanatlas.io/vocab/hp
HGNC:1701,biolink:has_phenotype,HP:0012587,biolink:EntityToDiseaseOrPhenotypicFeatureAssociation,knowledge_assertion,manual_agent,https://purl.humanatlas.io/vocab/hp
HGNC:1630,biolink:has_phenotype,HP:0003774,biolink:EntityToDiseaseOrPhenotypicFeatureAssociation,knowledge_assertion,manual_agent,https://purl.humanatlas.io/vocab/hp
HGNC:1630,biolink:has_phenotype,HP:0000123,biolink:EntityToDiseaseOrPhenotypicFeatureAssociation,knowledge_assertion,manual_agent,https://purl.humanatlas.io/vocab/hp
HGNC:1630,biolink:has_phenotype,HP:0004722,biolink:EntityToDiseaseOrPhenotypicFeatureAssociation,knowledge_assertion,manual_agent,https://purl.humanatlas.io/vocab/hp
HGNC:1630,biolink:has_phenotype,HP:0033485,biolink:EntityToDiseaseOrPhenotypicFeatureAssociation,knowledge_assertion,manual_agent,https://purl.humanatlas.io/vocab/hp
HGNC:1736,biolink:has_phenotype,HP:0000122,biolink:EntityToDiseaseOrPhenotypicFeatureAssociation,knowledge_assertion,manual_agent,https://purl.humanatlas.io/vocab/hp
HGNC:1736,biolink:has_phenotype,HP:0000122,biolink:EntityToDiseaseOrPhenotypicFeatureAssociation,knowledge_assertion,manual_agent,https://purl.humanatlas.io/vocab/hp
HGNC:1736,biolink:has_phenotype,HP:0000126,biolink:EntityToDiseaseOrPhenotypicFeatureAssociation,knowledge_assertion,manual_agent,https://purl.humanatlas.io/vocab/hp
HGNC:1736,biolink:has_phenotype,HP:0000126,biolink:EntityToDiseaseOrPhenotypicFeatureAssociation,knowledge_assertion,manual_agent,https://purl.humanatlas.io/vocab/hp
HGNC:1773,biolink:has_phenotype,HP:0012211,biolink:EntityToDiseaseOrPhenotypicFeatureAssociation,knowledge_assertion,manual_agent,https://purl.humanatlas.io/vocab/hp
HGNC:1777,biolink:has_phenotype,HP:0000122,biolink:EntityToDiseaseOrPhenotypicFeatureAssociation,knowledge_assertion,manual_agent,https://purl.humanatlas.io/vocab/hp
HGNC:1784,biolink:has_phenotype,HP:0000787,biolink:EntityToDiseaseOrPhenotypicFeatureAssociation,knowledge_assertion,manual_agent,https://purl.humanatlas.io/vocab/hp
HGNC:1785,biolink:has_phenotype,HP:0000787,biolink:EntityToDiseaseOrPhenotypicFeatureAssociation,knowledge_assertion,manual_agent,https://purl.humanatlas.io/vocab/hp
HGNC:1785,biolink:has_phenotype,HP:0006772,biolink:EntityToDiseaseOrPhenotypicFeatureAssociation,knowledge_assertion,manual_agent,https://purl.humanatlas.io/vocab/hp
HGNC:1785,biolink:has_phenotype,HP:0006772,biolink:EntityToDiseaseOrPhenotypicFeatureAssociation,knowledge_assertion,manual_agent,https://purl.humanatlas.io/vocab/hp
HGNC:1786,biolink:has_phenotype,HP:0002667,biolink:EntityToDiseaseOrPhenotypicFeatureAssociation,knowledge_assertion,manual_agent,https://purl.humanatlas.io/vocab/hp
HGNC:1786,biolink:has_phenotype,HP:0000121,biolink:EntityToDiseaseOrPhenotypicFeatureAssociation,knowledge_assertion,manual_agent,https://purl.humanatlas.io/vocab/hp
HGNC:1786,biolink:has_phenotype,HP:0000126,biolink:EntityToDiseaseOrPhenotypicFeatureAssociation,knowledge_assertion,manual_agent,https://purl.humanatlas.io/vocab/hp
HGNC:1786,biolink:has_phenotype,HP:0000105,biolink:EntityToDiseaseOrPhenotypicFeatureAssociation,knowledge_assertion,manual_agent,https://purl.humanatlas.io/vocab/hp
HGNC:1786,biolink:has_phenotype,HP:0000803,biolink:EntityToDiseaseOrPhenotypicFeatureAssociation,knowledge_assertion,manual_agent,https://purl.humanatlas.io/vocab/hp
HGNC:1786,biolink:has_phenotype,HP:0000787,biolink:EntityToDiseaseOrPhenotypicFeatureAssociation,knowledge_assertion,manual_agent,https://purl.humanatlas.io/vocab/hp
HGNC:1787,biolink:has_phenotype,HP:0009726,biolink:EntityToDiseaseOrPhenotypicFeatureAssociation,knowledge_assertion,manual_agent,https://purl.humanatlas.io/vocab/hp
HGNC:1788,biolink:has_phenotype,HP:0000787,biolink:EntityToDiseaseOrPhenotypicFeatureAssociation,knowledge_assertion,manual_agent,https://purl.humanatlas.io/vocab/hp
HGNC:1789,biolink:has_phenotype,HP:0000787,biolink:EntityToDiseaseOrPhenotypicFeatureAssociation,knowledge_assertion,manual_agent,https://purl.humanatlas.io/vocab/hp
HGNC:1848,biolink:has_phenotype,HP:0000112,biolink:EntityToDiseaseOrPhenotypicFeatureAssociation,knowledge_assertion,manual_agent,https://purl.humanatlas.io/vocab/hp
HGNC:1848,biolink:has_phenotype,HP:0000107,biolink:EntityToDiseaseOrPhenotypicFeatureAssociation,knowledge_assertion,manual_agent,https://purl.humanatlas.io/vocab/hp
HGNC:1856,biolink:has_phenotype,HP:0000122,biolink:EntityToDiseaseOrPhenotypicFeatureAssociation,knowledge_assertion,manual_agent,https://purl.humanatlas.io/vocab/hp
HGNC:1857,biolink:has_phenotype,HP:0000126,biolink:EntityToDiseaseOrPhenotypicFeatureAssociation,knowledge_assertion,manual_agent,https://purl.humanatlas.io/vocab/hp
HGNC:1857,biolink:has_phenotype,HP:0012584,biolink:EntityToDiseaseOrPhenotypicFeatureAssociation,knowledge_assertion,manual_agent,https://purl.humanatlas.io/vocab/hp
HGNC:1884,biolink:has_phenotype,HP:0000122,biolink:EntityToDiseaseOrPhenotypicFeatureAssociation,knowledge_assertion,manual_agent,https://purl.humanatlas.io/vocab/hp
HGNC:1884,biolink:has_phenotype,HP:0000787,biolink:EntityToDiseaseOrPhenotypicFeatureAssociation,knowledge_assertion,manual_agent,https://purl.humanatlas.io/vocab/hp
HGNC:1884,biolink:has_phenotype,HP:0012210,biolink:EntityToDiseaseOrPhenotypicFeatureAssociation,knowledge_assertion,manual_agent,https://purl.humanatlas.io/vocab/hp
HGNC:1815,biolink:has_phenotype,HP:0000787,biolink:EntityToDiseaseOrPhenotypicFeatureAssociation,knowledge_assertion,manual_agent,https://purl.humanatlas.io/vocab/hp
HGNC:1919,biolink:has_phenotype,HP:0000083,biolink:EntityToDiseaseOrPhenotypicFeatureAssociation,knowledge_assertion,manual_agent,https://purl.humanatlas.io/vocab/hp
HGNC:1937,biolink:has_phenotype,HP:0000787,biolink:EntityToDiseaseOrPhenotypicFeatureAssociation,knowledge_assertion,manual_agent,https://purl.humanatlas.io/vocab/hp
HGNC:1943,biolink:has_phenotype,HP:0000086,biolink:EntityToDiseaseOrPhenotypicFeatureAssociation,knowledge_assertion,manual_agent,https://purl.humanatlas.io/vocab/hp
HGNC:1952,biolink:has_phenotype,HP:0000083,biolink:EntityToDiseaseOrPhenotypicFeatureAssociation,knowledge_assertion,manual_agent,https://purl.humanatlas.io/vocab/hp
HGNC:1952,biolink:has_phenotype,HP:0000003,biolink:EntityToDiseaseOrPhenotypicFeatureAssociation,knowledge_assertion,manual_agent,https://purl.humanatlas.io/vocab/hp
HGNC:1952,biolink:has_phenotype,HP:0000126,biolink:EntityToDiseaseOrPhenotypicFeatureAssociation,knowledge_assertion,manual_agent,https://purl.humanatlas.io/vocab/hp
HGNC:1957,biolink:has_phenotype,HP:0000126,biolink:EntityToDiseaseOrPhenotypicFeatureAssociation,knowledge_assertion,manual_agent,https://purl.humanatlas.io/vocab/hp
HGNC:1957,biolink:has_phenotype,HP:0012624,biolink:EntityToDiseaseOrPhenotypicFeatureAssociation,knowledge_assertion,manual_agent,https://purl.humanatlas.io/vocab/hp
HGNC:1974,biolink:has_phenotype,HP:0000085,biolink:EntityToDiseaseOrPhenotypicFeatureAssociation,knowledge_assertion,manual_agent,https://purl.humanatlas.io/vocab/hp
HGNC:3439,biolink:has_phenotype,HP:0000089,biolink:EntityToDiseaseOrPhenotypicFeatureAssociation,knowledge_assertion,manual_agent,https://purl.humanatlas.io/vocab/hp
HGNC:3439,biolink:has_phenotype,HP:0000083,biolink:EntityToDiseaseOrPhenotypicFeatureAssociation,knowledge_assertion,manual_agent,https://purl.humanatlas.io/vocab/hp
HGNC:3439,biolink:has_phenotype,HP:0000083,biolink:EntityToDiseaseOrPhenotypicFeatureAssociation,knowledge_assertion,manual_agent,https://purl.humanatlas.io/vocab/hp
HGNC:3439,biolink:has_phenotype,HP:0000083,biolink:EntityToDiseaseOrPhenotypicFeatureAssociation,knowledge_assertion,manual_agent,https://purl.humanatlas.io/vocab/hp
HGNC:3439,biolink:has_phenotype,HP:0000122,biolink:EntityToDiseaseOrPhenotypicFeatureAssociation,knowledge_assertion,manual_agent,https://purl.humanatlas.io/vocab/hp
HGNC:3439,biolink:has_phenotype,HP:0000126,biolink:EntityToDiseaseOrPhenotypicFeatureAssociation,knowledge_assertion,manual_agent,https://purl.humanatlas.io/vocab/hp
HGNC:565,biolink:has_phenotype,HP:0008659,biolink:EntityToDiseaseOrPhenotypicFeatureAssociation,knowledge_assertion,manual_agent,https://purl.humanatlas.io/vocab/hp
HGNC:565,biolink:has_phenotype,HP:0000083,biolink:EntityToDiseaseOrPhenotypicFeatureAssociation,knowledge_assertion,manual_agent,https://purl.humanatlas.io/vocab/hp
HGNC:565,biolink:has_phenotype,HP:0000787,biolink:EntityToDiseaseOrPhenotypicFeatureAssociation,knowledge_assertion,manual_agent,https://purl.humanatlas.io/vocab/hp
HGNC:2021,biolink:has_phenotype,HP:0010945,biolink:EntityToDiseaseOrPhenotypicFeatureAssociation,knowledge_assertion,manual_agent,https://purl.humanatlas.io/vocab/hp
HGNC:2023,biolink:has_phenotype,HP:0003774,biolink:EntityToDiseaseOrPhenotypicFeatureAssociation,knowledge_assertion,manual_agent,https://purl.humanatlas.io/vocab/hp
HGNC:2023,biolink:has_phenotype,HP:0000083,biolink:EntityToDiseaseOrPhenotypicFeatureAssociation,knowledge_assertion,manual_agent,https://purl.humanatlas.io/vocab/hp
HGNC:2023,biolink:has_phenotype,HP:0000083,biolink:EntityToDiseaseOrPhenotypicFeatureAssociation,knowledge_assertion,manual_agent,https://purl.humanatlas.io/vocab/hp
HGNC:2023,biolink:has_phenotype,HP:0000083,biolink:EntityToDiseaseOrPhenotypicFeatureAssociation,knowledge_assertion,manual_agent,https://purl.humanatlas.io/vocab/hp
HGNC:2023,biolink:has_phenotype,HP:0000083,biolink:EntityToDiseaseOrPhenotypicFeatureAssociation,knowledge_assertion,manual_agent,https://purl.humanatlas.io/vocab/hp
HGNC:2023,biolink:has_phenotype,HP:0000097,biolink:EntityToDiseaseOrPhenotypicFeatureAssociation,knowledge_assertion,manual_agent,https://purl.humanatlas.io/vocab/hp
HGNC:2023,biolink:has_phenotype,HP:0000096,biolink:EntityToDiseaseOrPhenotypicFeatureAssociation,knowledge_assertion,manual_agent,https://purl.humanatlas.io/vocab/hp
HGNC:2023,biolink:has_phenotype,HP:0000092,biolink:EntityToDiseaseOrPhenotypicFeatureAssociation,knowledge_assertion,manual_agent,https://purl.humanatlas.io/vocab/hp
HGNC:2023,biolink:has_phenotype,HP:0000092,biolink:EntityToDiseaseOrPhenotypicFeatureAssociation,knowledge_assertion,manual_agent,https://purl.humanatlas.io/vocab/hp
HGNC:2023,biolink:has_phenotype,HP:0000121,biolink:EntityToDiseaseOrPhenotypicFeatureAssociation,knowledge_assertion,manual_agent,https://purl.humanatlas.io/vocab/hp
HGNC:2023,biolink:has_phenotype,HP:0000121,biolink:EntityToDiseaseOrPhenotypicFeatureAssociation,knowledge_assertion,manual_agent,https://purl.humanatlas.io/vocab/hp
HGNC:2023,biolink:has_phenotype,HP:0000121,biolink:EntityToDiseaseOrPhenotypicFeatureAssociation,knowledge_assertion,manual_agent,https://purl.humanatlas.io/vocab/hp
HGNC:2023,biolink:has_phenotype,HP:0000121,biolink:EntityToDiseaseOrPhenotypicFeatureAssociation,knowledge_assertion,manual_agent,https://purl.humanatlas.io/vocab/hp
HGNC:2023,biolink:has_phenotype,HP:0000114,biolink:EntityToDiseaseOrPhenotypicFeatureAssociation,knowledge_assertion,manual_agent,https://purl.humanatlas.io/vocab/hp
HGNC:2023,biolink:has_phenotype,HP:0000114,biolink:EntityToDiseaseOrPhenotypicFeatureAssociation,knowledge_assertion,manual_agent,https://purl.humanatlas.io/vocab/hp
HGNC:2023,biolink:has_phenotype,HP:0000114,biolink:EntityToDiseaseOrPhenotypicFeatureAssociation,knowledge_assertion,manual_agent,https://purl.humanatlas.io/vocab/hp
HGNC:2023,biolink:has_phenotype,HP:0000114,biolink:EntityToDiseaseOrPhenotypicFeatureAssociation,knowledge_assertion,manual_agent,https://purl.humanatlas.io/vocab/hp
HGNC:2023,biolink:has_phenotype,HP:0005576,biolink:EntityToDiseaseOrPhenotypicFeatureAssociation,knowledge_assertion,manual_agent,https://purl.humanatlas.io/vocab/hp
HGNC:2023,biolink:has_phenotype,HP:0012622,biolink:EntityToDiseaseOrPhenotypicFeatureAssociation,knowledge_assertion,manual_agent,https://purl.humanatlas.io/vocab/hp
HGNC:2023,biolink:has_phenotype,HP:0012622,biolink:EntityToDiseaseOrPhenotypicFeatureAssociation,knowledge_assertion,manual_agent,https://purl.humanatlas.io/vocab/hp
HGNC:2023,biolink:has_phenotype,HP:0012622,biolink:EntityToDiseaseOrPhenotypicFeatureAssociation,knowledge_assertion,manual_agent,https://purl.humanatlas.io/vocab/hp
HGNC:2023,biolink:has_phenotype,HP:0000787,biolink:EntityToDiseaseOrPhenotypicFeatureAssociation,knowledge_assertion,manual_agent,https://purl.humanatlas.io/vocab/hp
HGNC:2023,biolink:has_phenotype,HP:0000787,biolink:EntityToDiseaseOrPhenotypicFeatureAssociation,knowledge_assertion,manual_agent,https://purl.humanatlas.io/vocab/hp
HGNC:2023,biolink:has_phenotype,HP:0000787,biolink:EntityToDiseaseOrPhenotypicFeatureAssociation,knowledge_assertion,manual_agent,https://purl.humanatlas.io/vocab/hp
HGNC:2023,biolink:has_phenotype,HP:0002907,biolink:EntityToDiseaseOrPhenotypicFeatureAssociation,knowledge_assertion,manual_agent,https://purl.humanatlas.io/vocab/hp
HGNC:2023,biolink:has_phenotype,HP:0002907,biolink:EntityToDiseaseOrPhenotypicFeatureAssociation,knowledge_assertion,manual_agent,https://purl.humanatlas.io/vocab/hp
HGNC:2023,biolink:has_phenotype,HP:0002907,biolink:EntityToDiseaseOrPhenotypicFeatureAssociation,knowledge_assertion,manual_agent,https://purl.humanatlas.io/vocab/hp
HGNC:2025,biolink:has_phenotype,HP:0005565,biolink:EntityToDiseaseOrPhenotypicFeatureAssociation,knowledge_assertion,manual_agent,https://purl.humanatlas.io/vocab/hp
HGNC:2026,biolink:has_phenotype,HP:0003774,biolink:EntityToDiseaseOrPhenotypicFeatureAssociation,knowledge_assertion,manual_agent,https://purl.humanatlas.io/vocab/hp
HGNC:2026,biolink:has_phenotype,HP:0000083,biolink:EntityToDiseaseOrPhenotypicFeatureAssociation,knowledge_assertion,manual_agent,https://purl.humanatlas.io/vocab/hp
HGNC:2026,biolink:has_phenotype,HP:0000121,biolink:EntityToDiseaseOrPhenotypicFeatureAssociation,knowledge_assertion,manual_agent,https://purl.humanatlas.io/vocab/hp
HGNC:2026,biolink:has_phenotype,HP:0000103,biolink:EntityToDiseaseOrPhenotypicFeatureAssociation,knowledge_assertion,manual_agent,https://purl.humanatlas.io/vocab/hp
HGNC:2026,biolink:has_phenotype,HP:0004727,biolink:EntityToDiseaseOrPhenotypicFeatureAssociation,knowledge_assertion,manual_agent,https://purl.humanatlas.io/vocab/hp
HGNC:2026,biolink:has_phenotype,HP:0012622,biolink:EntityToDiseaseOrPhenotypicFeatureAssociation,knowledge_assertion,manual_agent,https://purl.humanatlas.io/vocab/hp
HGNC:2026,biolink:has_phenotype,HP:0001919,biolink:EntityToDiseaseOrPhenotypicFeatureAssociation,knowledge_assertion,manual_agent,https://purl.humanatlas.io/vocab/hp
HGNC:2026,biolink:has_phenotype,HP:0012213,biolink:EntityToDiseaseOrPhenotypicFeatureAssociation,knowledge_assertion,manual_agent,https://purl.humanatlas.io/vocab/hp
HGNC:2027,biolink:has_phenotype,HP:0003774,biolink:EntityToDiseaseOrPhenotypicFeatureAssociation,knowledge_assertion,manual_agent,https://purl.humanatlas.io/vocab/hp
HGNC:2027,biolink:has_phenotype,HP:0000083,biolink:EntityToDiseaseOrPhenotypicFeatureAssociation,knowledge_assertion,manual_agent,https://purl.humanatlas.io/vocab/hp
HGNC:2027,biolink:has_phenotype,HP:0000097,biolink:EntityToDiseaseOrPhenotypicFeatureAssociation,knowledge_assertion,manual_agent,https://purl.humanatlas.io/vocab/hp
HGNC:2027,biolink:has_phenotype,HP:0000121,biolink:EntityToDiseaseOrPhenotypicFeatureAssociation,knowledge_assertion,manual_agent,https://purl.humanatlas.io/vocab/hp
HGNC:2027,biolink:has_phenotype,HP:0000121,biolink:EntityToDiseaseOrPhenotypicFeatureAssociation,knowledge_assertion,manual_agent,https://purl.humanatlas.io/vocab/hp
HGNC:2027,biolink:has_phenotype,HP:0000103,biolink:EntityToDiseaseOrPhenotypicFeatureAssociation,knowledge_assertion,manual_agent,https://purl.humanatlas.io/vocab/hp
HGNC:2027,biolink:has_phenotype,HP:0000103,biolink:EntityToDiseaseOrPhenotypicFeatureAssociation,knowledge_assertion,manual_agent,https://purl.humanatlas.io/vocab/hp
HGNC:2027,biolink:has_phenotype,HP:0004727,biolink:EntityToDiseaseOrPhenotypicFeatureAssociation,knowledge_assertion,manual_agent,https://purl.humanatlas.io/vocab/hp
HGNC:2027,biolink:has_phenotype,HP:0005579,biolink:EntityToDiseaseOrPhenotypicFeatureAssociation,knowledge_assertion,manual_agent,https://purl.humanatlas.io/vocab/hp
HGNC:2027,biolink:has_phenotype,HP:0001970,biolink:EntityToDiseaseOrPhenotypicFeatureAssociation,knowledge_assertion,manual_agent,https://purl.humanatlas.io/vocab/hp
HGNC:2027,biolink:has_phenotype,HP:0012622,biolink:EntityToDiseaseOrPhenotypicFeatureAssociation,knowledge_assertion,manual_agent,https://purl.humanatlas.io/vocab/hp
HGNC:2027,biolink:has_phenotype,HP:0001947,biolink:EntityToDiseaseOrPhenotypicFeatureAssociation,knowledge_assertion,manual_agent,https://purl.humanatlas.io/vocab/hp
HGNC:2027,biolink:has_phenotype,HP:0001919,biolink:EntityToDiseaseOrPhenotypicFeatureAssociation,knowledge_assertion,manual_agent,https://purl.humanatlas.io/vocab/hp
HGNC:2027,biolink:has_phenotype,HP:0001994,biolink:EntityToDiseaseOrPhenotypicFeatureAssociation,knowledge_assertion,manual_agent,https://purl.humanatlas.io/vocab/hp
HGNC:2027,biolink:has_phenotype,HP:0012213,biolink:EntityToDiseaseOrPhenotypicFeatureAssociation,knowledge_assertion,manual_agent,https://purl.humanatlas.io/vocab/hp
HGNC:1602,biolink:has_phenotype,HP:0100820,biolink:EntityToDiseaseOrPhenotypicFeatureAssociation,knowledge_assertion,manual_agent,https://purl.humanatlas.io/vocab/hp
HGNC:1602,biolink:has_phenotype,HP:0000083,biolink:EntityToDiseaseOrPhenotypicFeatureAssociation,knowledge_assertion,manual_agent,https://purl.humanatlas.io/vocab/hp
HGNC:1602,biolink:has_phenotype,HP:0000099,biolink:EntityToDiseaseOrPhenotypicFeatureAssociation,knowledge_assertion,manual_agent,https://purl.humanatlas.io/vocab/hp
HGNC:1607,biolink:has_phenotype,HP:0000083,biolink:EntityToDiseaseOrPhenotypicFeatureAssociation,knowledge_assertion,manual_agent,https://purl.humanatlas.io/vocab/hp
HGNC:1607,biolink:has_phenotype,HP:0100520,biolink:EntityToDiseaseOrPhenotypicFeatureAssociation,knowledge_assertion,manual_agent,https://purl.humanatlas.io/vocab/hp
HGNC:2201,biolink:has_phenotype,HP:0100817,biolink:EntityToDiseaseOrPhenotypicFeatureAssociation,knowledge_assertion,manual_agent,https://purl.humanatlas.io/vocab/hp
HGNC:2202,biolink:has_phenotype,HP:0000083,biolink:EntityToDiseaseOrPhenotypicFeatureAssociation,knowledge_assertion,manual_agent,https://purl.humanatlas.io/vocab/hp
HGNC:2202,biolink:has_phenotype,HP:0000083,biolink:EntityToDiseaseOrPhenotypicFeatureAssociation,knowledge_assertion,manual_agent,https://purl.humanatlas.io/vocab/hp
HGNC:2202,biolink:has_phenotype,HP:0000107,biolink:EntityToDiseaseOrPhenotypicFeatureAssociation,knowledge_assertion,manual_agent,https://purl.humanatlas.io/vocab/hp
HGNC:2202,biolink:has_phenotype,HP:0005562,biolink:EntityToDiseaseOrPhenotypicFeatureAssociation,knowledge_assertion,manual_agent,https://purl.humanatlas.io/vocab/hp
HGNC:2202,biolink:has_phenotype,HP:0000790,biolink:EntityToDiseaseOrPhenotypicFeatureAssociation,knowledge_assertion,manual_agent,https://purl.humanatlas.io/vocab/hp
HGNC:2202,biolink:has_phenotype,HP:0000790,biolink:EntityToDiseaseOrPhenotypicFeatureAssociation,knowledge_assertion,manual_agent,https://purl.humanatlas.io/vocab/hp
HGNC:2204,biolink:has_phenotype,HP:0003774,biolink:EntityToDiseaseOrPhenotypicFeatureAssociation,knowledge_assertion,manual_agent,https://purl.humanatlas.io/vocab/hp
HGNC:2204,biolink:has_phenotype,HP:0003774,biolink:EntityToDiseaseOrPhenotypicFeatureAssociation,knowledge_assertion,manual_agent,https://purl.humanatlas.io/vocab/hp
HGNC:2204,biolink:has_phenotype,HP:0003774,biolink:EntityToDiseaseOrPhenotypicFeatureAssociation,knowledge_assertion,manual_agent,https://purl.humanatlas.io/vocab/hp
HGNC:2204,biolink:has_phenotype,HP:0003774,biolink:EntityToDiseaseOrPhenotypicFeatureAssociation,knowledge_assertion,manual_agent,https://purl.humanatlas.io/vocab/hp
HGNC:2204,biolink:has_phenotype,HP:0000083,biolink:EntityToDiseaseOrPhenotypicFeatureAssociation,knowledge_assertion,manual_agent,https://purl.humanatlas.io/vocab/hp
HGNC:2204,biolink:has_phenotype,HP:0000083,biolink:EntityToDiseaseOrPhenotypicFeatureAssociation,knowledge_assertion,manual_agent,https://purl.humanatlas.io/vocab/hp
HGNC:2204,biolink:has_phenotype,HP:0000083,biolink:EntityToDiseaseOrPhenotypicFeatureAssociation,knowledge_assertion,manual_agent,https://purl.humanatlas.io/vocab/hp
HGNC:2204,biolink:has_phenotype,HP:0000099,biolink:EntityToDiseaseOrPhenotypicFeatureAssociation,knowledge_assertion,manual_agent,https://purl.humanatlas.io/vocab/hp
HGNC:2204,biolink:has_phenotype,HP:0000097,biolink:EntityToDiseaseOrPhenotypicFeatureAssociation,knowledge_assertion,manual_agent,https://purl.humanatlas.io/vocab/hp
HGNC:2204,biolink:has_phenotype,HP:0000121,biolink:EntityToDiseaseOrPhenotypicFeatureAssociation,knowledge_assertion,manual_agent,https://purl.humanatlas.io/vocab/hp
HGNC:2204,biolink:has_phenotype,HP:0000123,biolink:EntityToDiseaseOrPhenotypicFeatureAssociation,knowledge_assertion,manual_agent,https://purl.humanatlas.io/vocab/hp
HGNC:2204,biolink:has_phenotype,HP:0000123,biolink:EntityToDiseaseOrPhenotypicFeatureAssociation,knowledge_assertion,manual_agent,https://purl.humanatlas.io/vocab/hp
HGNC:2204,biolink:has_phenotype,HP:0000100,biolink:EntityToDiseaseOrPhenotypicFeatureAssociation,knowledge_assertion,manual_agent,https://purl.humanatlas.io/vocab/hp
HGNC:2204,biolink:has_phenotype,HP:0000100,biolink:EntityToDiseaseOrPhenotypicFeatureAssociation,knowledge_assertion,manual_agent,https://purl.humanatlas.io/vocab/hp
HGNC:2204,biolink:has_phenotype,HP:0000100,biolink:EntityToDiseaseOrPhenotypicFeatureAssociation,knowledge_assertion,manual_agent,https://purl.humanatlas.io/vocab/hp
HGNC:2204,biolink:has_phenotype,HP:0033282,biolink:EntityToDiseaseOrPhenotypicFeatureAssociation,knowledge_assertion,manual_agent,https://purl.humanatlas.io/vocab/hp
HGNC:2204,biolink:has_phenotype,HP:0004722,biolink:EntityToDiseaseOrPhenotypicFeatureAssociation,knowledge_assertion,manual_agent,https://purl.humanatlas.io/vocab/hp
HGNC:2204,biolink:has_phenotype,HP:0004722,biolink:EntityToDiseaseOrPhenotypicFeatureAssociation,knowledge_assertion,manual_agent,https://purl.humanatlas.io/vocab/hp
HGNC:2204,biolink:has_phenotype,HP:0012622,biolink:EntityToDiseaseOrPhenotypicFeatureAssociation,knowledge_assertion,manual_agent,https://purl.humanatlas.io/vocab/hp
HGNC:2204,biolink:has_phenotype,HP:0001967,biolink:EntityToDiseaseOrPhenotypicFeatureAssociation,knowledge_assertion,manual_agent,https://purl.humanatlas.io/vocab/hp
HGNC:2204,biolink:has_phenotype,HP:0000790,biolink:EntityToDiseaseOrPhenotypicFeatureAssociation,knowledge_assertion,manual_agent,https://purl.humanatlas.io/vocab/hp
HGNC:2204,biolink:has_phenotype,HP:0030034,biolink:EntityToDiseaseOrPhenotypicFeatureAssociation,knowledge_assertion,manual_agent,https://purl.humanatlas.io/vocab/hp
HGNC:2204,biolink:has_phenotype,HP:0030034,biolink:EntityToDiseaseOrPhenotypicFeatureAssociation,knowledge_assertion,manual_agent,https://purl.humanatlas.io/vocab/hp
HGNC:2204,biolink:has_phenotype,HP:0002907,biolink:EntityToDiseaseOrPhenotypicFeatureAssociation,knowledge_assertion,manual_agent,https://purl.humanatlas.io/vocab/hp
HGNC:2204,biolink:has_phenotype,HP:0002907,biolink:EntityToDiseaseOrPhenotypicFeatureAssociation,knowledge_assertion,manual_agent,https://purl.humanatlas.io/vocab/hp
HGNC:2204,biolink:has_phenotype,HP:0002907,biolink:EntityToDiseaseOrPhenotypicFeatureAssociation,knowledge_assertion,manual_agent,https://purl.humanatlas.io/vocab/hp
HGNC:2204,biolink:has_phenotype,HP:0002907,biolink:EntityToDiseaseOrPhenotypicFeatureAssociation,knowledge_assertion,manual_agent,https://purl.humanatlas.io/vocab/hp
HGNC:2204,biolink:has_phenotype,HP:0012577,biolink:EntityToDiseaseOrPhenotypicFeatureAssociation,knowledge_assertion,manual_agent,https://purl.humanatlas.io/vocab/hp
HGNC:2204,biolink:has_phenotype,HP:0012579,biolink:EntityToDiseaseOrPhenotypicFeatureAssociation,knowledge_assertion,manual_agent,https://purl.humanatlas.io/vocab/hp
HGNC:2206,biolink:has_phenotype,HP:0003774,biolink:EntityToDiseaseOrPhenotypicFeatureAssociation,knowledge_assertion,manual_agent,https://purl.humanatlas.io/vocab/hp
HGNC:2206,biolink:has_phenotype,HP:0003774,biolink:EntityToDiseaseOrPhenotypicFeatureAssociation,knowledge_assertion,manual_agent,https://purl.humanatlas.io/vocab/hp
HGNC:2206,biolink:has_phenotype,HP:0000083,biolink:EntityToDiseaseOrPhenotypicFeatureAssociation,knowledge_assertion,manual_agent,https://purl.humanatlas.io/vocab/hp
HGNC:2206,biolink:has_phenotype,HP:0000083,biolink:EntityToDiseaseOrPhenotypicFeatureAssociation,knowledge_assertion,manual_agent,https://purl.humanatlas.io/vocab/hp
HGNC:2206,biolink:has_phenotype,HP:0000123,biolink:EntityToDiseaseOrPhenotypicFeatureAssociation,knowledge_assertion,manual_agent,https://purl.humanatlas.io/vocab/hp
HGNC:2206,biolink:has_phenotype,HP:0000123,biolink:EntityToDiseaseOrPhenotypicFeatureAssociation,knowledge_assertion,manual_agent,https://purl.humanatlas.io/vocab/hp
HGNC:2206,biolink:has_phenotype,HP:0000100,biolink:EntityToDiseaseOrPhenotypicFeatureAssociation,knowledge_assertion,manual_agent,https://purl.humanatlas.io/vocab/hp
HGNC:2206,biolink:has_phenotype,HP:0000100,biolink:EntityToDiseaseOrPhenotypicFeatureAssociation,knowledge_assertion,manual_agent,https://purl.humanatlas.io/vocab/hp
HGNC:2206,biolink:has_phenotype,HP:0004722,biolink:EntityToDiseaseOrPhenotypicFeatureAssociation,knowledge_assertion,manual_agent,https://purl.humanatlas.io/vocab/hp
HGNC:2206,biolink:has_phenotype,HP:0004722,biolink:EntityToDiseaseOrPhenotypicFeatureAssociation,knowledge_assertion,manual_agent,https://purl.humanatlas.io/vocab/hp
HGNC:2206,biolink:has_phenotype,HP:0000790,biolink:EntityToDiseaseOrPhenotypicFeatureAssociation,knowledge_assertion,manual_agent,https://purl.humanatlas.io/vocab/hp
HGNC:2206,biolink:has_phenotype,HP:0000790,biolink:EntityToDiseaseOrPhenotypicFeatureAssociation,knowledge_assertion,manual_agent,https://purl.humanatlas.io/vocab/hp
HGNC:2206,biolink:has_phenotype,HP:0030034,biolink:EntityToDiseaseOrPhenotypicFeatureAssociation,knowledge_assertion,manual_agent,https://purl.humanatlas.io/vocab/hp
HGNC:2206,biolink:has_phenotype,HP:0030034,biolink:EntityToDiseaseOrPhenotypicFeatureAssociation,knowledge_assertion,manual_agent,https://purl.humanatlas.io/vocab/hp
HGNC:2206,biolink:has_phenotype,HP:0002907,biolink:EntityToDiseaseOrPhenotypicFeatureAssociation,knowledge_assertion,manual_agent,https://purl.humanatlas.io/vocab/hp
HGNC:2206,biolink:has_phenotype,HP:0012577,biolink:EntityToDiseaseOrPhenotypicFeatureAssociation,knowledge_assertion,manual_agent,https://purl.humanatlas.io/vocab/hp
HGNC:2207,biolink:has_phenotype,HP:0003774,biolink:EntityToDiseaseOrPhenotypicFeatureAssociation,knowledge_assertion,manual_agent,https://purl.humanatlas.io/vocab/hp
HGNC:2207,biolink:has_phenotype,HP:0003774,biolink:EntityToDiseaseOrPhenotypicFeatureAssociation,knowledge_assertion,manual_agent,https://purl.humanatlas.io/vocab/hp
HGNC:2207,biolink:has_phenotype,HP:0000083,biolink:EntityToDiseaseOrPhenotypicFeatureAssociation,knowledge_assertion,manual_agent,https://purl.humanatlas.io/vocab/hp
HGNC:2207,biolink:has_phenotype,HP:0000123,biolink:EntityToDiseaseOrPhenotypicFeatureAssociation,knowledge_assertion,manual_agent,https://purl.humanatlas.io/vocab/hp
HGNC:2207,biolink:has_phenotype,HP:0000100,biolink:EntityToDiseaseOrPhenotypicFeatureAssociation,knowledge_assertion,manual_agent,https://purl.humanatlas.io/vocab/hp
HGNC:2207,biolink:has_phenotype,HP:0000112,biolink:EntityToDiseaseOrPhenotypicFeatureAssociation,knowledge_assertion,manual_agent,https://purl.humanatlas.io/vocab/hp
HGNC:2207,biolink:has_phenotype,HP:0004722,biolink:EntityToDiseaseOrPhenotypicFeatureAssociation,knowledge_assertion,manual_agent,https://purl.humanatlas.io/vocab/hp
HGNC:2207,biolink:has_phenotype,HP:0012622,biolink:EntityToDiseaseOrPhenotypicFeatureAssociation,knowledge_assertion,manual_agent,https://purl.humanatlas.io/vocab/hp
HGNC:2207,biolink:has_phenotype,HP:0000790,biolink:EntityToDiseaseOrPhenotypicFeatureAssociation,knowledge_assertion,manual_agent,https://purl.humanatlas.io/vocab/hp
HGNC:2207,biolink:has_phenotype,HP:0030034,biolink:EntityToDiseaseOrPhenotypicFeatureAssociation,knowledge_assertion,manual_agent,https://purl.humanatlas.io/vocab/hp
HGNC:2207,biolink:has_phenotype,HP:0002907,biolink:EntityToDiseaseOrPhenotypicFeatureAssociation,knowledge_assertion,manual_agent,https://purl.humanatlas.io/vocab/hp
HGNC:2208,biolink:has_phenotype,HP:0003774,biolink:EntityToDiseaseOrPhenotypicFeatureAssociation,knowledge_assertion,manual_agent,https://purl.humanatlas.io/vocab/hp
HGNC:2208,biolink:has_phenotype,HP:0000112,biolink:EntityToDiseaseOrPhenotypicFeatureAssociation,knowledge_assertion,manual_agent,https://purl.humanatlas.io/vocab/hp
HGNC:2208,biolink:has_phenotype,HP:0012622,biolink:EntityToDiseaseOrPhenotypicFeatureAssociation,knowledge_assertion,manual_agent,https://purl.humanatlas.io/vocab/hp
HGNC:2208,biolink:has_phenotype,HP:0000790,biolink:EntityToDiseaseOrPhenotypicFeatureAssociation,knowledge_assertion,manual_agent,https://purl.humanatlas.io/vocab/hp
HGNC:2211,biolink:has_phenotype,HP:0012587,biolink:EntityToDiseaseOrPhenotypicFeatureAssociation,knowledge_assertion,manual_agent,https://purl.humanatlas.io/vocab/hp
HGNC:2214,biolink:has_phenotype,HP:0000083,biolink:EntityToDiseaseOrPhenotypicFeatureAssociation,knowledge_assertion,manual_agent,https://purl.humanatlas.io/vocab/hp
HGNC:2214,biolink:has_phenotype,HP:0000099,biolink:EntityToDiseaseOrPhenotypicFeatureAssociation,knowledge_assertion,manual_agent,https://purl.humanatlas.io/vocab/hp
HGNC:2214,biolink:has_phenotype,HP:0012622,biolink:EntityToDiseaseOrPhenotypicFeatureAssociation,knowledge_assertion,manual_agent,https://purl.humanatlas.io/vocab/hp
HGNC:2214,biolink:has_phenotype,HP:0001917,biolink:EntityToDiseaseOrPhenotypicFeatureAssociation,knowledge_assertion,manual_agent,https://purl.humanatlas.io/vocab/hp
HGNC:2214,biolink:has_phenotype,HP:0000794,biolink:EntityToDiseaseOrPhenotypicFeatureAssociation,knowledge_assertion,manual_agent,https://purl.humanatlas.io/vocab/hp
HGNC:2228,biolink:has_phenotype,HP:0000089,biolink:EntityToDiseaseOrPhenotypicFeatureAssociation,knowledge_assertion,manual_agent,https://purl.humanatlas.io/vocab/hp
HGNC:2228,biolink:has_phenotype,HP:0000113,biolink:EntityToDiseaseOrPhenotypicFeatureAssociation,knowledge_assertion,manual_agent,https://purl.humanatlas.io/vocab/hp
HGNC:2228,biolink:has_phenotype,HP:0005562,biolink:EntityToDiseaseOrPhenotypicFeatureAssociation,knowledge_assertion,manual_agent,https://purl.humanatlas.io/vocab/hp
HGNC:2230,biolink:has_phenotype,HP:0008653,biolink:EntityToDiseaseOrPhenotypicFeatureAssociation,knowledge_assertion,manual_agent,https://purl.humanatlas.io/vocab/hp
HGNC:2230,biolink:has_phenotype,HP:0012574,biolink:EntityToDiseaseOrPhenotypicFeatureAssociation,knowledge_assertion,manual_agent,https://purl.humanatlas.io/vocab/hp
HGNC:2280,biolink:has_phenotype,HP:0000124,biolink:EntityToDiseaseOrPhenotypicFeatureAssociation,knowledge_assertion,manual_agent,https://purl.humanatlas.io/vocab/hp
HGNC:2280,biolink:has_phenotype,HP:0001994,biolink:EntityToDiseaseOrPhenotypicFeatureAssociation,knowledge_assertion,manual_agent,https://purl.humanatlas.io/vocab/hp
HGNC:2260,biolink:has_phenotype,HP:0000124,biolink:EntityToDiseaseOrPhenotypicFeatureAssociation,knowledge_assertion,manual_agent,https://purl.humanatlas.io/vocab/hp
HGNC:2260,biolink:has_phenotype,HP:0001994,biolink:EntityToDiseaseOrPhenotypicFeatureAssociation,knowledge_assertion,manual_agent,https://purl.humanatlas.io/vocab/hp
HGNC:2263,biolink:has_phenotype,HP:0000124,biolink:EntityToDiseaseOrPhenotypicFeatureAssociation,knowledge_assertion,manual_agent,https://purl.humanatlas.io/vocab/hp
HGNC:2263,biolink:has_phenotype,HP:0001994,biolink:EntityToDiseaseOrPhenotypicFeatureAssociation,knowledge_assertion,manual_agent,https://purl.humanatlas.io/vocab/hp
HGNC:2321,biolink:has_phenotype,HP:0000112,biolink:EntityToDiseaseOrPhenotypicFeatureAssociation,knowledge_assertion,manual_agent,https://purl.humanatlas.io/vocab/hp
HGNC:2328,biolink:has_phenotype,HP:0001947,biolink:EntityToDiseaseOrPhenotypicFeatureAssociation,knowledge_assertion,manual_agent,https://purl.humanatlas.io/vocab/hp
HGNC:2328,biolink:has_phenotype,HP:0001947,biolink:EntityToDiseaseOrPhenotypicFeatureAssociation,knowledge_assertion,manual_agent,https://purl.humanatlas.io/vocab/hp
HGNC:2330,biolink:has_phenotype,HP:0003774,biolink:EntityToDiseaseOrPhenotypicFeatureAssociation,knowledge_assertion,manual_agent,https://purl.humanatlas.io/vocab/hp
HGNC:2330,biolink:has_phenotype,HP:0008682,biolink:EntityToDiseaseOrPhenotypicFeatureAssociation,knowledge_assertion,manual_agent,https://purl.humanatlas.io/vocab/hp
HGNC:2330,biolink:has_phenotype,HP:0008682,biolink:EntityToDiseaseOrPhenotypicFeatureAssociation,knowledge_assertion,manual_agent,https://purl.humanatlas.io/vocab/hp
HGNC:2330,biolink:has_phenotype,HP:0000083,biolink:EntityToDiseaseOrPhenotypicFeatureAssociation,knowledge_assertion,manual_agent,https://purl.humanatlas.io/vocab/hp
HGNC:2330,biolink:has_phenotype,HP:0000083,biolink:EntityToDiseaseOrPhenotypicFeatureAssociation,knowledge_assertion,manual_agent,https://purl.humanatlas.io/vocab/hp
HGNC:2330,biolink:has_phenotype,HP:0000083,biolink:EntityToDiseaseOrPhenotypicFeatureAssociation,knowledge_assertion,manual_agent,https://purl.humanatlas.io/vocab/hp
HGNC:2330,biolink:has_phenotype,HP:0000083,biolink:EntityToDiseaseOrPhenotypicFeatureAssociation,knowledge_assertion,manual_agent,https://purl.humanatlas.io/vocab/hp
HGNC:2330,biolink:has_phenotype,HP:0000113,biolink:EntityToDiseaseOrPhenotypicFeatureAssociation,knowledge_assertion,manual_agent,https://purl.humanatlas.io/vocab/hp
HGNC:2330,biolink:has_phenotype,HP:0000113,biolink:EntityToDiseaseOrPhenotypicFeatureAssociation,knowledge_assertion,manual_agent,https://purl.humanatlas.io/vocab/hp
HGNC:2330,biolink:has_phenotype,HP:0000126,biolink:EntityToDiseaseOrPhenotypicFeatureAssociation,knowledge_assertion,manual_agent,https://purl.humanatlas.io/vocab/hp
HGNC:2330,biolink:has_phenotype,HP:0000110,biolink:EntityToDiseaseOrPhenotypicFeatureAssociation,knowledge_assertion,manual_agent,https://purl.humanatlas.io/vocab/hp
HGNC:2330,biolink:has_phenotype,HP:0000105,biolink:EntityToDiseaseOrPhenotypicFeatureAssociation,knowledge_assertion,manual_agent,https://purl.humanatlas.io/vocab/hp
HGNC:2330,biolink:has_phenotype,HP:0001970,biolink:EntityToDiseaseOrPhenotypicFeatureAssociation,knowledge_assertion,manual_agent,https://purl.humanatlas.io/vocab/hp
HGNC:2330,biolink:has_phenotype,HP:0001970,biolink:EntityToDiseaseOrPhenotypicFeatureAssociation,knowledge_assertion,manual_agent,https://purl.humanatlas.io/vocab/hp
HGNC:2330,biolink:has_phenotype,HP:0000800,biolink:EntityToDiseaseOrPhenotypicFeatureAssociation,knowledge_assertion,manual_agent,https://purl.humanatlas.io/vocab/hp
HGNC:2336,biolink:has_phenotype,HP:0033726,biolink:EntityToDiseaseOrPhenotypicFeatureAssociation,knowledge_assertion,manual_agent,https://purl.humanatlas.io/vocab/hp
HGNC:2336,biolink:has_phenotype,HP:0000790,biolink:EntityToDiseaseOrPhenotypicFeatureAssociation,knowledge_assertion,manual_agent,https://purl.humanatlas.io/vocab/hp
HGNC:2348,biolink:has_phenotype,HP:0000126,biolink:EntityToDiseaseOrPhenotypicFeatureAssociation,knowledge_assertion,manual_agent,https://purl.humanatlas.io/vocab/hp
HGNC:2348,biolink:has_phenotype,HP:0000126,biolink:EntityToDiseaseOrPhenotypicFeatureAssociation,knowledge_assertion,manual_agent,https://purl.humanatlas.io/vocab/hp
HGNC:2348,biolink:has_phenotype,HP:0000126,biolink:EntityToDiseaseOrPhenotypicFeatureAssociation,knowledge_assertion,manual_agent,https://purl.humanatlas.io/vocab/hp
HGNC:2348,biolink:has_phenotype,HP:0000787,biolink:EntityToDiseaseOrPhenotypicFeatureAssociation,knowledge_assertion,manual_agent,https://purl.humanatlas.io/vocab/hp
HGNC:2348,biolink:has_phenotype,HP:0000787,biolink:EntityToDiseaseOrPhenotypicFeatureAssociation,knowledge_assertion,manual_agent,https://purl.humanatlas.io/vocab/hp
HGNC:2500,biolink:has_phenotype,HP:0000083,biolink:EntityToDiseaseOrPhenotypicFeatureAssociation,knowledge_assertion,manual_agent,https://purl.humanatlas.io/vocab/hp
HGNC:2500,biolink:has_phenotype,HP:0100520,biolink:EntityToDiseaseOrPhenotypicFeatureAssociation,knowledge_assertion,manual_agent,https://purl.humanatlas.io/vocab/hp
HGNC:2501,biolink:has_phenotype,HP:0000787,biolink:EntityToDiseaseOrPhenotypicFeatureAssociation,knowledge_assertion,manual_agent,https://purl.humanatlas.io/vocab/hp
HGNC:2505,biolink:has_phenotype,HP:0100820,biolink:EntityToDiseaseOrPhenotypicFeatureAssociation,knowledge_assertion,manual_agent,https://purl.humanatlas.io/vocab/hp
HGNC:2505,biolink:has_phenotype,HP:0000083,biolink:EntityToDiseaseOrPhenotypicFeatureAssociation,knowledge_assertion,manual_agent,https://purl.humanatlas.io/vocab/hp
HGNC:2505,biolink:has_phenotype,HP:0000099,biolink:EntityToDiseaseOrPhenotypicFeatureAssociation,knowledge_assertion,manual_agent,https://purl.humanatlas.io/vocab/hp
HGNC:2505,biolink:has_phenotype,HP:0033726,biolink:EntityToDiseaseOrPhenotypicFeatureAssociation,knowledge_assertion,manual_agent,https://purl.humanatlas.io/vocab/hp
HGNC:2505,biolink:has_phenotype,HP:0033726,biolink:EntityToDiseaseOrPhenotypicFeatureAssociation,knowledge_assertion,manual_agent,https://purl.humanatlas.io/vocab/hp
HGNC:2505,biolink:has_phenotype,HP:0000123,biolink:EntityToDiseaseOrPhenotypicFeatureAssociation,knowledge_assertion,manual_agent,https://purl.humanatlas.io/vocab/hp
HGNC:2505,biolink:has_phenotype,HP:0000126,biolink:EntityToDiseaseOrPhenotypicFeatureAssociation,knowledge_assertion,manual_agent,https://purl.humanatlas.io/vocab/hp
HGNC:2505,biolink:has_phenotype,HP:0000790,biolink:EntityToDiseaseOrPhenotypicFeatureAssociation,knowledge_assertion,manual_agent,https://purl.humanatlas.io/vocab/hp
HGNC:2505,biolink:has_phenotype,HP:0000790,biolink:EntityToDiseaseOrPhenotypicFeatureAssociation,knowledge_assertion,manual_agent,https://purl.humanatlas.io/vocab/hp
HGNC:2518,biolink:has_phenotype,HP:0003774,biolink:EntityToDiseaseOrPhenotypicFeatureAssociation,knowledge_assertion,manual_agent,https://purl.humanatlas.io/vocab/hp
HGNC:2518,biolink:has_phenotype,HP:0003774,biolink:EntityToDiseaseOrPhenotypicFeatureAssociation,knowledge_assertion,manual_agent,https://purl.humanatlas.io/vocab/hp
HGNC:2518,biolink:has_phenotype,HP:0003774,biolink:EntityToDiseaseOrPhenotypicFeatureAssociation,knowledge_assertion,manual_agent,https://purl.humanatlas.io/vocab/hp
HGNC:2518,biolink:has_phenotype,HP:0000083,biolink:EntityToDiseaseOrPhenotypicFeatureAssociation,knowledge_assertion,manual_agent,https://purl.humanatlas.io/vocab/hp
HGNC:2518,biolink:has_phenotype,HP:0000083,biolink:EntityToDiseaseOrPhenotypicFeatureAssociation,knowledge_assertion,manual_agent,https://purl.humanatlas.io/vocab/hp
HGNC:2518,biolink:has_phenotype,HP:0000114,biolink:EntityToDiseaseOrPhenotypicFeatureAssociation,knowledge_assertion,manual_agent,https://purl.humanatlas.io/vocab/hp
HGNC:2518,biolink:has_phenotype,HP:0000124,biolink:EntityToDiseaseOrPhenotypicFeatureAssociation,knowledge_assertion,manual_agent,https://purl.humanatlas.io/vocab/hp
HGNC:2518,biolink:has_phenotype,HP:0000103,biolink:EntityToDiseaseOrPhenotypicFeatureAssociation,knowledge_assertion,manual_agent,https://purl.humanatlas.io/vocab/hp
HGNC:2518,biolink:has_phenotype,HP:0012622,biolink:EntityToDiseaseOrPhenotypicFeatureAssociation,knowledge_assertion,manual_agent,https://purl.humanatlas.io/vocab/hp
HGNC:2518,biolink:has_phenotype,HP:0001969,biolink:EntityToDiseaseOrPhenotypicFeatureAssociation,knowledge_assertion,manual_agent,https://purl.humanatlas.io/vocab/hp
HGNC:2518,biolink:has_phenotype,HP:6001031,biolink:EntityToDiseaseOrPhenotypicFeatureAssociation,knowledge_assertion,manual_agent,https://purl.humanatlas.io/vocab/hp
HGNC:2518,biolink:has_phenotype,HP:0001994,biolink:EntityToDiseaseOrPhenotypicFeatureAssociation,knowledge_assertion,manual_agent,https://purl.humanatlas.io/vocab/hp
HGNC:2518,biolink:has_phenotype,HP:0001994,biolink:EntityToDiseaseOrPhenotypicFeatureAssociation,knowledge_assertion,manual_agent,https://purl.humanatlas.io/vocab/hp
HGNC:2518,biolink:has_phenotype,HP:0001994,biolink:EntityToDiseaseOrPhenotypicFeatureAssociation,knowledge_assertion,manual_agent,https://purl.humanatlas.io/vocab/hp
HGNC:2518,biolink:has_phenotype,HP:0000790,biolink:EntityToDiseaseOrPhenotypicFeatureAssociation,knowledge_assertion,manual_agent,https://purl.humanatlas.io/vocab/hp
HGNC:2518,biolink:has_phenotype,HP:0000787,biolink:EntityToDiseaseOrPhenotypicFeatureAssociation,knowledge_assertion,manual_agent,https://purl.humanatlas.io/vocab/hp
HGNC:2518,biolink:has_phenotype,HP:0002907,biolink:EntityToDiseaseOrPhenotypicFeatureAssociation,knowledge_assertion,manual_agent,https://purl.humanatlas.io/vocab/hp
HGNC:2518,biolink:has_phenotype,HP:0002907,biolink:EntityToDiseaseOrPhenotypicFeatureAssociation,knowledge_assertion,manual_agent,https://purl.humanatlas.io/vocab/hp
HGNC:2518,biolink:has_phenotype,HP:0012408,biolink:EntityToDiseaseOrPhenotypicFeatureAssociation,knowledge_assertion,manual_agent,https://purl.humanatlas.io/vocab/hp
HGNC:2514,biolink:has_phenotype,HP:0000126,biolink:EntityToDiseaseOrPhenotypicFeatureAssociation,knowledge_assertion,manual_agent,https://purl.humanatlas.io/vocab/hp
HGNC:2514,biolink:has_phenotype,HP:0005584,biolink:EntityToDiseaseOrPhenotypicFeatureAssociation,knowledge_assertion,manual_agent,https://purl.humanatlas.io/vocab/hp
HGNC:2571,biolink:has_phenotype,HP:0012213,biolink:EntityToDiseaseOrPhenotypicFeatureAssociation,knowledge_assertion,manual_agent,https://purl.humanatlas.io/vocab/hp
HGNC:2602,biolink:has_phenotype,HP:0000121,biolink:EntityToDiseaseOrPhenotypicFeatureAssociation,knowledge_assertion,manual_agent,https://purl.humanatlas.io/vocab/hp
HGNC:2602,biolink:has_phenotype,HP:0000103,biolink:EntityToDiseaseOrPhenotypicFeatureAssociation,knowledge_assertion,manual_agent,https://purl.humanatlas.io/vocab/hp
HGNC:2602,biolink:has_phenotype,HP:0000787,biolink:EntityToDiseaseOrPhenotypicFeatureAssociation,knowledge_assertion,manual_agent,https://purl.humanatlas.io/vocab/hp
HGNC:2602,biolink:has_phenotype,HP:0012408,biolink:EntityToDiseaseOrPhenotypicFeatureAssociation,knowledge_assertion,manual_agent,https://purl.humanatlas.io/vocab/hp
HGNC:2701,biolink:has_phenotype,HP:0000104,biolink:EntityToDiseaseOrPhenotypicFeatureAssociation,knowledge_assertion,manual_agent,https://purl.humanatlas.io/vocab/hp
HGNC:2701,biolink:has_phenotype,HP:0005584,biolink:EntityToDiseaseOrPhenotypicFeatureAssociation,knowledge_assertion,manual_agent,https://purl.humanatlas.io/vocab/hp
HGNC:2707,biolink:has_phenotype,HP:0008660,biolink:EntityToDiseaseOrPhenotypicFeatureAssociation,knowledge_assertion,manual_agent,https://purl.humanatlas.io/vocab/hp
HGNC:2707,biolink:has_phenotype,HP:0100519,biolink:EntityToDiseaseOrPhenotypicFeatureAssociation,knowledge_assertion,manual_agent,https://purl.humanatlas.io/vocab/hp
HGNC:2717,biolink:has_phenotype,HP:0000085,biolink:EntityToDiseaseOrPhenotypicFeatureAssociation,knowledge_assertion,manual_agent,https://purl.humanatlas.io/vocab/hp
HGNC:2717,biolink:has_phenotype,HP:0000126,biolink:EntityToDiseaseOrPhenotypicFeatureAssociation,knowledge_assertion,manual_agent,https://purl.humanatlas.io/vocab/hp
HGNC:2747,biolink:has_phenotype,HP:0000125,biolink:EntityToDiseaseOrPhenotypicFeatureAssociation,knowledge_assertion,manual_agent,https://purl.humanatlas.io/vocab/hp
HGNC:2747,biolink:has_phenotype,HP:0000126,biolink:EntityToDiseaseOrPhenotypicFeatureAssociation,knowledge_assertion,manual_agent,https://purl.humanatlas.io/vocab/hp
HGNC:2860,biolink:has_phenotype,HP:0008678,biolink:EntityToDiseaseOrPhenotypicFeatureAssociation,knowledge_assertion,manual_agent,https://purl.humanatlas.io/vocab/hp
HGNC:2860,biolink:has_phenotype,HP:0000089,biolink:EntityToDiseaseOrPhenotypicFeatureAssociation,knowledge_assertion,manual_agent,https://purl.humanatlas.io/vocab/hp
HGNC:2860,biolink:has_phenotype,HP:0000081,biolink:EntityToDiseaseOrPhenotypicFeatureAssociation,knowledge_assertion,manual_agent,https://purl.humanatlas.io/vocab/hp
HGNC:2860,biolink:has_phenotype,HP:0000003,biolink:EntityToDiseaseOrPhenotypicFeatureAssociation,knowledge_assertion,manual_agent,https://purl.humanatlas.io/vocab/hp
HGNC:2860,biolink:has_phenotype,HP:0000122,biolink:EntityToDiseaseOrPhenotypicFeatureAssociation,knowledge_assertion,manual_agent,https://purl.humanatlas.io/vocab/hp
HGNC:2860,biolink:has_phenotype,HP:0000126,biolink:EntityToDiseaseOrPhenotypicFeatureAssociation,knowledge_assertion,manual_agent,https://purl.humanatlas.io/vocab/hp
HGNC:2860,biolink:has_phenotype,HP:0000126,biolink:EntityToDiseaseOrPhenotypicFeatureAssociation,knowledge_assertion,manual_agent,https://purl.humanatlas.io/vocab/hp
HGNC:2860,biolink:has_phenotype,HP:0000107,biolink:EntityToDiseaseOrPhenotypicFeatureAssociation,knowledge_assertion,manual_agent,https://purl.humanatlas.io/vocab/hp
HGNC:2860,biolink:has_phenotype,HP:0000104,biolink:EntityToDiseaseOrPhenotypicFeatureAssociation,knowledge_assertion,manual_agent,https://purl.humanatlas.io/vocab/hp
HGNC:2860,biolink:has_phenotype,HP:0100542,biolink:EntityToDiseaseOrPhenotypicFeatureAssociation,knowledge_assertion,manual_agent,https://purl.humanatlas.io/vocab/hp
HGNC:2859,biolink:has_phenotype,HP:0008678,biolink:EntityToDiseaseOrPhenotypicFeatureAssociation,knowledge_assertion,manual_agent,https://purl.humanatlas.io/vocab/hp
HGNC:2859,biolink:has_phenotype,HP:0000104,biolink:EntityToDiseaseOrPhenotypicFeatureAssociation,knowledge_assertion,manual_agent,https://purl.humanatlas.io/vocab/hp
HGNC:2890,biolink:has_phenotype,HP:0000085,biolink:EntityToDiseaseOrPhenotypicFeatureAssociation,knowledge_assertion,manual_agent,https://purl.humanatlas.io/vocab/hp
HGNC:2890,biolink:has_phenotype,HP:0000097,biolink:EntityToDiseaseOrPhenotypicFeatureAssociation,knowledge_assertion,manual_agent,https://purl.humanatlas.io/vocab/hp
HGNC:2890,biolink:has_phenotype,HP:0000100,biolink:EntityToDiseaseOrPhenotypicFeatureAssociation,knowledge_assertion,manual_agent,https://purl.humanatlas.io/vocab/hp
HGNC:2911,biolink:has_phenotype,HP:0000096,biolink:EntityToDiseaseOrPhenotypicFeatureAssociation,knowledge_assertion,manual_agent,https://purl.humanatlas.io/vocab/hp
HGNC:2911,biolink:has_phenotype,HP:0005584,biolink:EntityToDiseaseOrPhenotypicFeatureAssociation,knowledge_assertion,manual_agent,https://purl.humanatlas.io/vocab/hp
HGNC:2911,biolink:has_phenotype,HP:0000790,biolink:EntityToDiseaseOrPhenotypicFeatureAssociation,knowledge_assertion,manual_agent,https://purl.humanatlas.io/vocab/hp
HGNC:2932,biolink:has_phenotype,HP:0011036,biolink:EntityToDiseaseOrPhenotypicFeatureAssociation,knowledge_assertion,manual_agent,https://purl.humanatlas.io/vocab/hp
HGNC:2939,biolink:has_phenotype,HP:0000086,biolink:EntityToDiseaseOrPhenotypicFeatureAssociation,knowledge_assertion,manual_agent,https://purl.humanatlas.io/vocab/hp
HGNC:2956,biolink:has_phenotype,HP:0033726,biolink:EntityToDiseaseOrPhenotypicFeatureAssociation,knowledge_assertion,manual_agent,https://purl.humanatlas.io/vocab/hp
HGNC:2956,biolink:has_phenotype,HP:0033726,biolink:EntityToDiseaseOrPhenotypicFeatureAssociation,knowledge_assertion,manual_agent,https://purl.humanatlas.io/vocab/hp
HGNC:2956,biolink:has_phenotype,HP:0000123,biolink:EntityToDiseaseOrPhenotypicFeatureAssociation,knowledge_assertion,manual_agent,https://purl.humanatlas.io/vocab/hp
HGNC:2956,biolink:has_phenotype,HP:0000790,biolink:EntityToDiseaseOrPhenotypicFeatureAssociation,knowledge_assertion,manual_agent,https://purl.humanatlas.io/vocab/hp
HGNC:2959,biolink:has_phenotype,HP:0100820,biolink:EntityToDiseaseOrPhenotypicFeatureAssociation,knowledge_assertion,manual_agent,https://purl.humanatlas.io/vocab/hp
HGNC:2959,biolink:has_phenotype,HP:0000083,biolink:EntityToDiseaseOrPhenotypicFeatureAssociation,knowledge_assertion,manual_agent,https://purl.humanatlas.io/vocab/hp
HGNC:2959,biolink:has_phenotype,HP:0033726,biolink:EntityToDiseaseOrPhenotypicFeatureAssociation,knowledge_assertion,manual_agent,https://purl.humanatlas.io/vocab/hp
HGNC:2959,biolink:has_phenotype,HP:0000790,biolink:EntityToDiseaseOrPhenotypicFeatureAssociation,knowledge_assertion,manual_agent,https://purl.humanatlas.io/vocab/hp
HGNC:2960,biolink:has_phenotype,HP:0000793,biolink:EntityToDiseaseOrPhenotypicFeatureAssociation,knowledge_assertion,manual_agent,https://purl.humanatlas.io/vocab/hp
HGNC:2978,biolink:has_phenotype,HP:0000096,biolink:EntityToDiseaseOrPhenotypicFeatureAssociation,knowledge_assertion,manual_agent,https://purl.humanatlas.io/vocab/hp
HGNC:2978,biolink:has_phenotype,HP:0000790,biolink:EntityToDiseaseOrPhenotypicFeatureAssociation,knowledge_assertion,manual_agent,https://purl.humanatlas.io/vocab/hp
HGNC:3003,biolink:has_phenotype,HP:0001970,biolink:EntityToDiseaseOrPhenotypicFeatureAssociation,knowledge_assertion,manual_agent,https://purl.humanatlas.io/vocab/hp
HGNC:3003,biolink:has_phenotype,HP:0001970,biolink:EntityToDiseaseOrPhenotypicFeatureAssociation,knowledge_assertion,manual_agent,https://purl.humanatlas.io/vocab/hp
HGNC:3003,biolink:has_phenotype,HP:0000790,biolink:EntityToDiseaseOrPhenotypicFeatureAssociation,knowledge_assertion,manual_agent,https://purl.humanatlas.io/vocab/hp
HGNC:3004,biolink:has_phenotype,HP:0001970,biolink:EntityToDiseaseOrPhenotypicFeatureAssociation,knowledge_assertion,manual_agent,https://purl.humanatlas.io/vocab/hp
HGNC:3033,biolink:has_phenotype,HP:0000089,biolink:EntityToDiseaseOrPhenotypicFeatureAssociation,knowledge_assertion,manual_agent,https://purl.humanatlas.io/vocab/hp
HGNC:3033,biolink:has_phenotype,HP:0000122,biolink:EntityToDiseaseOrPhenotypicFeatureAssociation,knowledge_assertion,manual_agent,https://purl.humanatlas.io/vocab/hp
HGNC:3033,biolink:has_phenotype,HP:0000126,biolink:EntityToDiseaseOrPhenotypicFeatureAssociation,knowledge_assertion,manual_agent,https://purl.humanatlas.io/vocab/hp
HGNC:3072,biolink:has_phenotype,HP:0000104,biolink:EntityToDiseaseOrPhenotypicFeatureAssociation,knowledge_assertion,manual_agent,https://purl.humanatlas.io/vocab/hp
HGNC:3084,biolink:has_phenotype,HP:0000075,biolink:EntityToDiseaseOrPhenotypicFeatureAssociation,knowledge_assertion,manual_agent,https://purl.humanatlas.io/vocab/hp
HGNC:3084,biolink:has_phenotype,HP:0000126,biolink:EntityToDiseaseOrPhenotypicFeatureAssociation,knowledge_assertion,manual_agent,https://purl.humanatlas.io/vocab/hp
HGNC:3091,biolink:has_phenotype,HP:0010946,biolink:EntityToDiseaseOrPhenotypicFeatureAssociation,knowledge_assertion,manual_agent,https://purl.humanatlas.io/vocab/hp
HGNC:3091,biolink:has_phenotype,HP:0000122,biolink:EntityToDiseaseOrPhenotypicFeatureAssociation,knowledge_assertion,manual_agent,https://purl.humanatlas.io/vocab/hp
HGNC:3091,biolink:has_phenotype,HP:0000122,biolink:EntityToDiseaseOrPhenotypicFeatureAssociation,knowledge_assertion,manual_agent,https://purl.humanatlas.io/vocab/hp
HGNC:3091,biolink:has_phenotype,HP:0000125,biolink:EntityToDiseaseOrPhenotypicFeatureAssociation,knowledge_assertion,manual_agent,https://purl.humanatlas.io/vocab/hp
HGNC:3091,biolink:has_phenotype,HP:0000126,biolink:EntityToDiseaseOrPhenotypicFeatureAssociation,knowledge_assertion,manual_agent,https://purl.humanatlas.io/vocab/hp
HGNC:3091,biolink:has_phenotype,HP:0000126,biolink:EntityToDiseaseOrPhenotypicFeatureAssociation,knowledge_assertion,manual_agent,https://purl.humanatlas.io/vocab/hp
HGNC:3091,biolink:has_phenotype,HP:0000107,biolink:EntityToDiseaseOrPhenotypicFeatureAssociation,knowledge_assertion,manual_agent,https://purl.humanatlas.io/vocab/hp
HGNC:3098,biolink:has_phenotype,HP:0012408,biolink:EntityToDiseaseOrPhenotypicFeatureAssociation,knowledge_assertion,manual_agent,https://purl.humanatlas.io/vocab/hp
HGNC:3179,biolink:has_phenotype,HP:0000787,biolink:EntityToDiseaseOrPhenotypicFeatureAssociation,knowledge_assertion,manual_agent,https://purl.humanatlas.io/vocab/hp
HGNC:3182,biolink:has_phenotype,HP:0000122,biolink:EntityToDiseaseOrPhenotypicFeatureAssociation,knowledge_assertion,manual_agent,https://purl.humanatlas.io/vocab/hp
HGNC:3247,biolink:has_phenotype,HP:0003774,biolink:EntityToDiseaseOrPhenotypicFeatureAssociation,knowledge_assertion,manual_agent,https://purl.humanatlas.io/vocab/hp
HGNC:3247,biolink:has_phenotype,HP:0000083,biolink:EntityToDiseaseOrPhenotypicFeatureAssociation,knowledge_assertion,manual_agent,https://purl.humanatlas.io/vocab/hp
HGNC:3247,biolink:has_phenotype,HP:0002049,biolink:EntityToDiseaseOrPhenotypicFeatureAssociation,knowledge_assertion,manual_agent,https://purl.humanatlas.io/vocab/hp
HGNC:3247,biolink:has_phenotype,HP:0004910,biolink:EntityToDiseaseOrPhenotypicFeatureAssociation,knowledge_assertion,manual_agent,https://purl.humanatlas.io/vocab/hp
HGNC:3247,biolink:has_phenotype,HP:0012622,biolink:EntityToDiseaseOrPhenotypicFeatureAssociation,knowledge_assertion,manual_agent,https://purl.humanatlas.io/vocab/hp
HGNC:3327,biolink:has_phenotype,HP:0100817,biolink:EntityToDiseaseOrPhenotypicFeatureAssociation,knowledge_assertion,manual_agent,https://purl.humanatlas.io/vocab/hp
HGNC:3327,biolink:has_phenotype,HP:0000089,biolink:EntityToDiseaseOrPhenotypicFeatureAssociation,knowledge_assertion,manual_agent,https://purl.humanatlas.io/vocab/hp
HGNC:3327,biolink:has_phenotype,HP:0000089,biolink:EntityToDiseaseOrPhenotypicFeatureAssociation,knowledge_assertion,manual_agent,https://purl.humanatlas.io/vocab/hp
HGNC:3327,biolink:has_phenotype,HP:0000083,biolink:EntityToDiseaseOrPhenotypicFeatureAssociation,knowledge_assertion,manual_agent,https://purl.humanatlas.io/vocab/hp
HGNC:3327,biolink:has_phenotype,HP:0000083,biolink:EntityToDiseaseOrPhenotypicFeatureAssociation,knowledge_assertion,manual_agent,https://purl.humanatlas.io/vocab/hp
HGNC:3327,biolink:has_phenotype,HP:0000075,biolink:EntityToDiseaseOrPhenotypicFeatureAssociation,knowledge_assertion,manual_agent,https://purl.humanatlas.io/vocab/hp
HGNC:3327,biolink:has_phenotype,HP:0000121,biolink:EntityToDiseaseOrPhenotypicFeatureAssociation,knowledge_assertion,manual_agent,https://purl.humanatlas.io/vocab/hp
HGNC:3327,biolink:has_phenotype,HP:0000121,biolink:EntityToDiseaseOrPhenotypicFeatureAssociation,knowledge_assertion,manual_agent,https://purl.humanatlas.io/vocab/hp
HGNC:3327,biolink:has_phenotype,HP:0000122,biolink:EntityToDiseaseOrPhenotypicFeatureAssociation,knowledge_assertion,manual_agent,https://purl.humanatlas.io/vocab/hp
HGNC:3327,biolink:has_phenotype,HP:0000125,biolink:EntityToDiseaseOrPhenotypicFeatureAssociation,knowledge_assertion,manual_agent,https://purl.humanatlas.io/vocab/hp
HGNC:3327,biolink:has_phenotype,HP:0000125,biolink:EntityToDiseaseOrPhenotypicFeatureAssociation,knowledge_assertion,manual_agent,https://purl.humanatlas.io/vocab/hp
HGNC:3327,biolink:has_phenotype,HP:0005562,biolink:EntityToDiseaseOrPhenotypicFeatureAssociation,knowledge_assertion,manual_agent,https://purl.humanatlas.io/vocab/hp
HGNC:3327,biolink:has_phenotype,HP:0001969,biolink:EntityToDiseaseOrPhenotypicFeatureAssociation,knowledge_assertion,manual_agent,https://purl.humanatlas.io/vocab/hp
HGNC:3327,biolink:has_phenotype,HP:0001920,biolink:EntityToDiseaseOrPhenotypicFeatureAssociation,knowledge_assertion,manual_agent,https://purl.humanatlas.io/vocab/hp
HGNC:3327,biolink:has_phenotype,HP:0000787,biolink:EntityToDiseaseOrPhenotypicFeatureAssociation,knowledge_assertion,manual_agent,https://purl.humanatlas.io/vocab/hp
HGNC:3327,biolink:has_phenotype,HP:0012210,biolink:EntityToDiseaseOrPhenotypicFeatureAssociation,knowledge_assertion,manual_agent,https://purl.humanatlas.io/vocab/hp
HGNC:3327,biolink:has_phenotype,HP:0012330,biolink:EntityToDiseaseOrPhenotypicFeatureAssociation,knowledge_assertion,manual_agent,https://purl.humanatlas.io/vocab/hp
HGNC:3334,biolink:has_phenotype,HP:0003774,biolink:EntityToDiseaseOrPhenotypicFeatureAssociation,knowledge_assertion,manual_agent,https://purl.humanatlas.io/vocab/hp
HGNC:3334,biolink:has_phenotype,HP:0000097,biolink:EntityToDiseaseOrPhenotypicFeatureAssociation,knowledge_assertion,manual_agent,https://purl.humanatlas.io/vocab/hp
HGNC:3334,biolink:has_phenotype,HP:0031266,biolink:EntityToDiseaseOrPhenotypicFeatureAssociation,knowledge_assertion,manual_agent,https://purl.humanatlas.io/vocab/hp
HGNC:3334,biolink:has_phenotype,HP:0000100,biolink:EntityToDiseaseOrPhenotypicFeatureAssociation,knowledge_assertion,manual_agent,https://purl.humanatlas.io/vocab/hp
HGNC:3334,biolink:has_phenotype,HP:0012622,biolink:EntityToDiseaseOrPhenotypicFeatureAssociation,knowledge_assertion,manual_agent,https://purl.humanatlas.io/vocab/hp
HGNC:3334,biolink:has_phenotype,HP:0001967,biolink:EntityToDiseaseOrPhenotypicFeatureAssociation,knowledge_assertion,manual_agent,https://purl.humanatlas.io/vocab/hp
HGNC:3334,biolink:has_phenotype,HP:0012588,biolink:EntityToDiseaseOrPhenotypicFeatureAssociation,knowledge_assertion,manual_agent,https://purl.humanatlas.io/vocab/hp
HGNC:3334,biolink:has_phenotype,HP:0012579,biolink:EntityToDiseaseOrPhenotypicFeatureAssociation,knowledge_assertion,manual_agent,https://purl.humanatlas.io/vocab/hp
HGNC:3334,biolink:has_phenotype,HP:0012579,biolink:EntityToDiseaseOrPhenotypicFeatureAssociation,knowledge_assertion,manual_agent,https://purl.humanatlas.io/vocab/hp
HGNC:3342,biolink:has_phenotype,HP:0000126,biolink:EntityToDiseaseOrPhenotypicFeatureAssociation,knowledge_assertion,manual_agent,https://purl.humanatlas.io/vocab/hp
HGNC:3373,biolink:has_phenotype,HP:0000126,biolink:EntityToDiseaseOrPhenotypicFeatureAssociation,knowledge_assertion,manual_agent,https://purl.humanatlas.io/vocab/hp
HGNC:3373,biolink:has_phenotype,HP:0000126,biolink:EntityToDiseaseOrPhenotypicFeatureAssociation,knowledge_assertion,manual_agent,https://purl.humanatlas.io/vocab/hp
HGNC:3373,biolink:has_phenotype,HP:0005584,biolink:EntityToDiseaseOrPhenotypicFeatureAssociation,knowledge_assertion,manual_agent,https://purl.humanatlas.io/vocab/hp
HGNC:3373,biolink:has_phenotype,HP:0000787,biolink:EntityToDiseaseOrPhenotypicFeatureAssociation,knowledge_assertion,manual_agent,https://purl.humanatlas.io/vocab/hp
HGNC:3374,biolink:has_phenotype,HP:0000096,biolink:EntityToDiseaseOrPhenotypicFeatureAssociation,knowledge_assertion,manual_agent,https://purl.humanatlas.io/vocab/hp
HGNC:3374,biolink:has_phenotype,HP:0000790,biolink:EntityToDiseaseOrPhenotypicFeatureAssociation,knowledge_assertion,manual_agent,https://purl.humanatlas.io/vocab/hp
HGNC:3431,biolink:has_phenotype,HP:0000126,biolink:EntityToDiseaseOrPhenotypicFeatureAssociation,knowledge_assertion,manual_agent,https://purl.humanatlas.io/vocab/hp
HGNC:3436,biolink:has_phenotype,HP:0008678,biolink:EntityToDiseaseOrPhenotypicFeatureAssociation,knowledge_assertion,manual_agent,https://purl.humanatlas.io/vocab/hp
HGNC:3436,biolink:has_phenotype,HP:0000083,biolink:EntityToDiseaseOrPhenotypicFeatureAssociation,knowledge_assertion,manual_agent,https://purl.humanatlas.io/vocab/hp
HGNC:3436,biolink:has_phenotype,HP:0000083,biolink:EntityToDiseaseOrPhenotypicFeatureAssociation,knowledge_assertion,manual_agent,https://purl.humanatlas.io/vocab/hp
HGNC:3436,biolink:has_phenotype,HP:0000083,biolink:EntityToDiseaseOrPhenotypicFeatureAssociation,knowledge_assertion,manual_agent,https://purl.humanatlas.io/vocab/hp
HGNC:3436,biolink:has_phenotype,HP:0100542,biolink:EntityToDiseaseOrPhenotypicFeatureAssociation,knowledge_assertion,manual_agent,https://purl.humanatlas.io/vocab/hp
HGNC:3436,biolink:has_phenotype,HP:0012210,biolink:EntityToDiseaseOrPhenotypicFeatureAssociation,knowledge_assertion,manual_agent,https://purl.humanatlas.io/vocab/hp
HGNC:3438,biolink:has_phenotype,HP:0000089,biolink:EntityToDiseaseOrPhenotypicFeatureAssociation,knowledge_assertion,manual_agent,https://purl.humanatlas.io/vocab/hp
HGNC:3438,biolink:has_phenotype,HP:0000083,biolink:EntityToDiseaseOrPhenotypicFeatureAssociation,knowledge_assertion,manual_agent,https://purl.humanatlas.io/vocab/hp
HGNC:3438,biolink:has_phenotype,HP:0000083,biolink:EntityToDiseaseOrPhenotypicFeatureAssociation,knowledge_assertion,manual_agent,https://purl.humanatlas.io/vocab/hp
HGNC:3438,biolink:has_phenotype,HP:0000083,biolink:EntityToDiseaseOrPhenotypicFeatureAssociation,knowledge_assertion,manual_agent,https://purl.humanatlas.io/vocab/hp
HGNC:3438,biolink:has_phenotype,HP:0000122,biolink:EntityToDiseaseOrPhenotypicFeatureAssociation,knowledge_assertion,manual_agent,https://purl.humanatlas.io/vocab/hp
HGNC:3438,biolink:has_phenotype,HP:0000126,biolink:EntityToDiseaseOrPhenotypicFeatureAssociation,knowledge_assertion,manual_agent,https://purl.humanatlas.io/vocab/hp
HGNC:3481,biolink:has_phenotype,HP:0000114,biolink:EntityToDiseaseOrPhenotypicFeatureAssociation,knowledge_assertion,manual_agent,https://purl.humanatlas.io/vocab/hp
HGNC:3481,biolink:has_phenotype,HP:0000113,biolink:EntityToDiseaseOrPhenotypicFeatureAssociation,knowledge_assertion,manual_agent,https://purl.humanatlas.io/vocab/hp
HGNC:3481,biolink:has_phenotype,HP:0000803,biolink:EntityToDiseaseOrPhenotypicFeatureAssociation,knowledge_assertion,manual_agent,https://purl.humanatlas.io/vocab/hp
HGNC:3482,biolink:has_phenotype,HP:0000114,biolink:EntityToDiseaseOrPhenotypicFeatureAssociation,knowledge_assertion,manual_agent,https://purl.humanatlas.io/vocab/hp
HGNC:3482,biolink:has_phenotype,HP:0000113,biolink:EntityToDiseaseOrPhenotypicFeatureAssociation,knowledge_assertion,manual_agent,https://purl.humanatlas.io/vocab/hp
HGNC:3482,biolink:has_phenotype,HP:0000803,biolink:EntityToDiseaseOrPhenotypicFeatureAssociation,knowledge_assertion,manual_agent,https://purl.humanatlas.io/vocab/hp
HGNC:3483,biolink:has_phenotype,HP:0000114,biolink:EntityToDiseaseOrPhenotypicFeatureAssociation,knowledge_assertion,manual_agent,https://purl.humanatlas.io/vocab/hp
HGNC:3483,biolink:has_phenotype,HP:0000113,biolink:EntityToDiseaseOrPhenotypicFeatureAssociation,knowledge_assertion,manual_agent,https://purl.humanatlas.io/vocab/hp
HGNC:3483,biolink:has_phenotype,HP:0000803,biolink:EntityToDiseaseOrPhenotypicFeatureAssociation,knowledge_assertion,manual_agent,https://purl.humanatlas.io/vocab/hp
HGNC:3488,biolink:has_phenotype,HP:0033726,biolink:EntityToDiseaseOrPhenotypicFeatureAssociation,knowledge_assertion,manual_agent,https://purl.humanatlas.io/vocab/hp
HGNC:3488,biolink:has_phenotype,HP:0000790,biolink:EntityToDiseaseOrPhenotypicFeatureAssociation,knowledge_assertion,manual_agent,https://purl.humanatlas.io/vocab/hp
HGNC:3497,biolink:has_phenotype,HP:0008678,biolink:EntityToDiseaseOrPhenotypicFeatureAssociation,knowledge_assertion,manual_agent,https://purl.humanatlas.io/vocab/hp
HGNC:3513,biolink:has_phenotype,HP:0002667,biolink:EntityToDiseaseOrPhenotypicFeatureAssociation,knowledge_assertion,manual_agent,https://purl.humanatlas.io/vocab/hp
HGNC:3518,biolink:has_phenotype,HP:0000085,biolink:EntityToDiseaseOrPhenotypicFeatureAssociation,knowledge_assertion,manual_agent,https://purl.humanatlas.io/vocab/hp
HGNC:3518,biolink:has_phenotype,HP:0005562,biolink:EntityToDiseaseOrPhenotypicFeatureAssociation,knowledge_assertion,manual_agent,https://purl.humanatlas.io/vocab/hp
HGNC:3519,biolink:has_phenotype,HP:0008678,biolink:EntityToDiseaseOrPhenotypicFeatureAssociation,knowledge_assertion,manual_agent,https://purl.humanatlas.io/vocab/hp
HGNC:3519,biolink:has_phenotype,HP:0008678,biolink:EntityToDiseaseOrPhenotypicFeatureAssociation,knowledge_assertion,manual_agent,https://purl.humanatlas.io/vocab/hp
HGNC:3519,biolink:has_phenotype,HP:0000083,biolink:EntityToDiseaseOrPhenotypicFeatureAssociation,knowledge_assertion,manual_agent,https://purl.humanatlas.io/vocab/hp
HGNC:3519,biolink:has_phenotype,HP:0000003,biolink:EntityToDiseaseOrPhenotypicFeatureAssociation,knowledge_assertion,manual_agent,https://purl.humanatlas.io/vocab/hp
HGNC:3519,biolink:has_phenotype,HP:0000122,biolink:EntityToDiseaseOrPhenotypicFeatureAssociation,knowledge_assertion,manual_agent,https://purl.humanatlas.io/vocab/hp
HGNC:3519,biolink:has_phenotype,HP:0000113,biolink:EntityToDiseaseOrPhenotypicFeatureAssociation,knowledge_assertion,manual_agent,https://purl.humanatlas.io/vocab/hp
HGNC:3519,biolink:has_phenotype,HP:0000126,biolink:EntityToDiseaseOrPhenotypicFeatureAssociation,knowledge_assertion,manual_agent,https://purl.humanatlas.io/vocab/hp
HGNC:3519,biolink:has_phenotype,HP:0000110,biolink:EntityToDiseaseOrPhenotypicFeatureAssociation,knowledge_assertion,manual_agent,https://purl.humanatlas.io/vocab/hp
HGNC:3519,biolink:has_phenotype,HP:0100581,biolink:EntityToDiseaseOrPhenotypicFeatureAssociation,knowledge_assertion,manual_agent,https://purl.humanatlas.io/vocab/hp
HGNC:3519,biolink:has_phenotype,HP:0004742,biolink:EntityToDiseaseOrPhenotypicFeatureAssociation,knowledge_assertion,manual_agent,https://purl.humanatlas.io/vocab/hp
HGNC:3519,biolink:has_phenotype,HP:0004712,biolink:EntityToDiseaseOrPhenotypicFeatureAssociation,knowledge_assertion,manual_agent,https://purl.humanatlas.io/vocab/hp
HGNC:3519,biolink:has_phenotype,HP:0000799,biolink:EntityToDiseaseOrPhenotypicFeatureAssociation,knowledge_assertion,manual_agent,https://purl.humanatlas.io/vocab/hp
HGNC:3535,biolink:has_phenotype,HP:0002907,biolink:EntityToDiseaseOrPhenotypicFeatureAssociation,knowledge_assertion,manual_agent,https://purl.humanatlas.io/vocab/hp
HGNC:3542,biolink:has_phenotype,HP:0000083,biolink:EntityToDiseaseOrPhenotypicFeatureAssociation,knowledge_assertion,manual_agent,https://purl.humanatlas.io/vocab/hp
HGNC:3542,biolink:has_phenotype,HP:0000790,biolink:EntityToDiseaseOrPhenotypicFeatureAssociation,knowledge_assertion,manual_agent,https://purl.humanatlas.io/vocab/hp
HGNC:3546,biolink:has_phenotype,HP:0000790,biolink:EntityToDiseaseOrPhenotypicFeatureAssociation,knowledge_assertion,manual_agent,https://purl.humanatlas.io/vocab/hp
HGNC:3546,biolink:has_phenotype,HP:0012587,biolink:EntityToDiseaseOrPhenotypicFeatureAssociation,knowledge_assertion,manual_agent,https://purl.humanatlas.io/vocab/hp
HGNC:3551,biolink:has_phenotype,HP:0000790,biolink:EntityToDiseaseOrPhenotypicFeatureAssociation,knowledge_assertion,manual_agent,https://purl.humanatlas.io/vocab/hp
HGNC:3528,biolink:has_phenotype,HP:0000790,biolink:EntityToDiseaseOrPhenotypicFeatureAssociation,knowledge_assertion,manual_agent,https://purl.humanatlas.io/vocab/hp
HGNC:3582,biolink:has_phenotype,HP:0008678,biolink:EntityToDiseaseOrPhenotypicFeatureAssociation,knowledge_assertion,manual_agent,https://purl.humanatlas.io/vocab/hp
HGNC:3582,biolink:has_phenotype,HP:0000083,biolink:EntityToDiseaseOrPhenotypicFeatureAssociation,knowledge_assertion,manual_agent,https://purl.humanatlas.io/vocab/hp
HGNC:3582,biolink:has_phenotype,HP:0000086,biolink:EntityToDiseaseOrPhenotypicFeatureAssociation,knowledge_assertion,manual_agent,https://purl.humanatlas.io/vocab/hp
HGNC:3582,biolink:has_phenotype,HP:0000085,biolink:EntityToDiseaseOrPhenotypicFeatureAssociation,knowledge_assertion,manual_agent,https://purl.humanatlas.io/vocab/hp
HGNC:3582,biolink:has_phenotype,HP:0000081,biolink:EntityToDiseaseOrPhenotypicFeatureAssociation,knowledge_assertion,manual_agent,https://purl.humanatlas.io/vocab/hp
HGNC:3582,biolink:has_phenotype,HP:0000104,biolink:EntityToDiseaseOrPhenotypicFeatureAssociation,knowledge_assertion,manual_agent,https://purl.humanatlas.io/vocab/hp
HGNC:3582,biolink:has_phenotype,HP:0100542,biolink:EntityToDiseaseOrPhenotypicFeatureAssociation,knowledge_assertion,manual_agent,https://purl.humanatlas.io/vocab/hp
HGNC:3582,biolink:has_phenotype,HP:0012210,biolink:EntityToDiseaseOrPhenotypicFeatureAssociation,knowledge_assertion,manual_agent,https://purl.humanatlas.io/vocab/hp
HGNC:3582,biolink:has_phenotype,HP:0012210,biolink:EntityToDiseaseOrPhenotypicFeatureAssociation,knowledge_assertion,manual_agent,https://purl.humanatlas.io/vocab/hp
HGNC:3584,biolink:has_phenotype,HP:0008678,biolink:EntityToDiseaseOrPhenotypicFeatureAssociation,knowledge_assertion,manual_agent,https://purl.humanatlas.io/vocab/hp
HGNC:3584,biolink:has_phenotype,HP:0000083,biolink:EntityToDiseaseOrPhenotypicFeatureAssociation,knowledge_assertion,manual_agent,https://purl.humanatlas.io/vocab/hp
HGNC:3584,biolink:has_phenotype,HP:0000086,biolink:EntityToDiseaseOrPhenotypicFeatureAssociation,knowledge_assertion,manual_agent,https://purl.humanatlas.io/vocab/hp
HGNC:3584,biolink:has_phenotype,HP:0000086,biolink:EntityToDiseaseOrPhenotypicFeatureAssociation,knowledge_assertion,manual_agent,https://purl.humanatlas.io/vocab/hp
HGNC:3584,biolink:has_phenotype,HP:0000085,biolink:EntityToDiseaseOrPhenotypicFeatureAssociation,knowledge_assertion,manual_agent,https://purl.humanatlas.io/vocab/hp
HGNC:3584,biolink:has_phenotype,HP:0000085,biolink:EntityToDiseaseOrPhenotypicFeatureAssociation,knowledge_assertion,manual_agent,https://purl.humanatlas.io/vocab/hp
HGNC:3584,biolink:has_phenotype,HP:0000081,biolink:EntityToDiseaseOrPhenotypicFeatureAssociation,knowledge_assertion,manual_agent,https://purl.humanatlas.io/vocab/hp
HGNC:3584,biolink:has_phenotype,HP:0000081,biolink:EntityToDiseaseOrPhenotypicFeatureAssociation,knowledge_assertion,manual_agent,https://purl.humanatlas.io/vocab/hp
HGNC:3584,biolink:has_phenotype,HP:0000104,biolink:EntityToDiseaseOrPhenotypicFeatureAssociation,knowledge_assertion,manual_agent,https://purl.humanatlas.io/vocab/hp
HGNC:3584,biolink:has_phenotype,HP:0000104,biolink:EntityToDiseaseOrPhenotypicFeatureAssociation,knowledge_assertion,manual_agent,https://purl.humanatlas.io/vocab/hp
HGNC:3584,biolink:has_phenotype,HP:0100542,biolink:EntityToDiseaseOrPhenotypicFeatureAssociation,knowledge_assertion,manual_agent,https://purl.humanatlas.io/vocab/hp
HGNC:3584,biolink:has_phenotype,HP:0012210,biolink:EntityToDiseaseOrPhenotypicFeatureAssociation,knowledge_assertion,manual_agent,https://purl.humanatlas.io/vocab/hp
HGNC:3584,biolink:has_phenotype,HP:0012210,biolink:EntityToDiseaseOrPhenotypicFeatureAssociation,knowledge_assertion,manual_agent,https://purl.humanatlas.io/vocab/hp
HGNC:3585,biolink:has_phenotype,HP:0008678,biolink:EntityToDiseaseOrPhenotypicFeatureAssociation,knowledge_assertion,manual_agent,https://purl.humanatlas.io/vocab/hp
HGNC:3585,biolink:has_phenotype,HP:0000083,biolink:EntityToDiseaseOrPhenotypicFeatureAssociation,knowledge_assertion,manual_agent,https://purl.humanatlas.io/vocab/hp
HGNC:3585,biolink:has_phenotype,HP:0000086,biolink:EntityToDiseaseOrPhenotypicFeatureAssociation,knowledge_assertion,manual_agent,https://purl.humanatlas.io/vocab/hp
HGNC:3585,biolink:has_phenotype,HP:0000085,biolink:EntityToDiseaseOrPhenotypicFeatureAssociation,knowledge_assertion,manual_agent,https://purl.humanatlas.io/vocab/hp
HGNC:3585,biolink:has_phenotype,HP:0000081,biolink:EntityToDiseaseOrPhenotypicFeatureAssociation,knowledge_assertion,manual_agent,https://purl.humanatlas.io/vocab/hp
HGNC:3585,biolink:has_phenotype,HP:0000075,biolink:EntityToDiseaseOrPhenotypicFeatureAssociation,knowledge_assertion,manual_agent,https://purl.humanatlas.io/vocab/hp
HGNC:3585,biolink:has_phenotype,HP:0000125,biolink:EntityToDiseaseOrPhenotypicFeatureAssociation,knowledge_assertion,manual_agent,https://purl.humanatlas.io/vocab/hp
HGNC:3585,biolink:has_phenotype,HP:0000104,biolink:EntityToDiseaseOrPhenotypicFeatureAssociation,knowledge_assertion,manual_agent,https://purl.humanatlas.io/vocab/hp
HGNC:3585,biolink:has_phenotype,HP:0100542,biolink:EntityToDiseaseOrPhenotypicFeatureAssociation,knowledge_assertion,manual_agent,https://purl.humanatlas.io/vocab/hp
HGNC:3585,biolink:has_phenotype,HP:0012210,biolink:EntityToDiseaseOrPhenotypicFeatureAssociation,knowledge_assertion,manual_agent,https://purl.humanatlas.io/vocab/hp
HGNC:3586,biolink:has_phenotype,HP:0008678,biolink:EntityToDiseaseOrPhenotypicFeatureAssociation,knowledge_assertion,manual_agent,https://purl.humanatlas.io/vocab/hp
HGNC:3586,biolink:has_phenotype,HP:0000083,biolink:EntityToDiseaseOrPhenotypicFeatureAssociation,knowledge_assertion,manual_agent,https://purl.humanatlas.io/vocab/hp
HGNC:3586,biolink:has_phenotype,HP:0000086,biolink:EntityToDiseaseOrPhenotypicFeatureAssociation,knowledge_assertion,manual_agent,https://purl.humanatlas.io/vocab/hp
HGNC:3586,biolink:has_phenotype,HP:0000086,biolink:EntityToDiseaseOrPhenotypicFeatureAssociation,knowledge_assertion,manual_agent,https://purl.humanatlas.io/vocab/hp
HGNC:3586,biolink:has_phenotype,HP:0000085,biolink:EntityToDiseaseOrPhenotypicFeatureAssociation,knowledge_assertion,manual_agent,https://purl.humanatlas.io/vocab/hp
HGNC:3586,biolink:has_phenotype,HP:0000085,biolink:EntityToDiseaseOrPhenotypicFeatureAssociation,knowledge_assertion,manual_agent,https://purl.humanatlas.io/vocab/hp
HGNC:3586,biolink:has_phenotype,HP:0000081,biolink:EntityToDiseaseOrPhenotypicFeatureAssociation,knowledge_assertion,manual_agent,https://purl.humanatlas.io/vocab/hp
HGNC:3586,biolink:has_phenotype,HP:0000081,biolink:EntityToDiseaseOrPhenotypicFeatureAssociation,knowledge_assertion,manual_agent,https://purl.humanatlas.io/vocab/hp
HGNC:3586,biolink:has_phenotype,HP:0000104,biolink:EntityToDiseaseOrPhenotypicFeatureAssociation,knowledge_assertion,manual_agent,https://purl.humanatlas.io/vocab/hp
HGNC:3586,biolink:has_phenotype,HP:0000104,biolink:EntityToDiseaseOrPhenotypicFeatureAssociation,knowledge_assertion,manual_agent,https://purl.humanatlas.io/vocab/hp
HGNC:3586,biolink:has_phenotype,HP:0100542,biolink:EntityToDiseaseOrPhenotypicFeatureAssociation,knowledge_assertion,manual_agent,https://purl.humanatlas.io/vocab/hp
HGNC:3586,biolink:has_phenotype,HP:0012210,biolink:EntityToDiseaseOrPhenotypicFeatureAssociation,knowledge_assertion,manual_agent,https://purl.humanatlas.io/vocab/hp
HGNC:3586,biolink:has_phenotype,HP:0012210,biolink:EntityToDiseaseOrPhenotypicFeatureAssociation,knowledge_assertion,manual_agent,https://purl.humanatlas.io/vocab/hp
HGNC:3571,biolink:has_phenotype,HP:0100820,biolink:EntityToDiseaseOrPhenotypicFeatureAssociation,knowledge_assertion,manual_agent,https://purl.humanatlas.io/vocab/hp
HGNC:3571,biolink:has_phenotype,HP:0000083,biolink:EntityToDiseaseOrPhenotypicFeatureAssociation,knowledge_assertion,manual_agent,https://purl.humanatlas.io/vocab/hp
HGNC:3571,biolink:has_phenotype,HP:0002907,biolink:EntityToDiseaseOrPhenotypicFeatureAssociation,knowledge_assertion,manual_agent,https://purl.humanatlas.io/vocab/hp
HGNC:3579,biolink:has_phenotype,HP:0000083,biolink:EntityToDiseaseOrPhenotypicFeatureAssociation,knowledge_assertion,manual_agent,https://purl.humanatlas.io/vocab/hp
HGNC:3579,biolink:has_phenotype,HP:0000096,biolink:EntityToDiseaseOrPhenotypicFeatureAssociation,knowledge_assertion,manual_agent,https://purl.humanatlas.io/vocab/hp
HGNC:3579,biolink:has_phenotype,HP:0000121,biolink:EntityToDiseaseOrPhenotypicFeatureAssociation,knowledge_assertion,manual_agent,https://purl.humanatlas.io/vocab/hp
HGNC:3579,biolink:has_phenotype,HP:0000105,biolink:EntityToDiseaseOrPhenotypicFeatureAssociation,knowledge_assertion,manual_agent,https://purl.humanatlas.io/vocab/hp
HGNC:3579,biolink:has_phenotype,HP:0001994,biolink:EntityToDiseaseOrPhenotypicFeatureAssociation,knowledge_assertion,manual_agent,https://purl.humanatlas.io/vocab/hp
HGNC:3583,biolink:has_phenotype,HP:0008678,biolink:EntityToDiseaseOrPhenotypicFeatureAssociation,knowledge_assertion,manual_agent,https://purl.humanatlas.io/vocab/hp
HGNC:3583,biolink:has_phenotype,HP:0008678,biolink:EntityToDiseaseOrPhenotypicFeatureAssociation,knowledge_assertion,manual_agent,https://purl.humanatlas.io/vocab/hp
HGNC:3583,biolink:has_phenotype,HP:0000083,biolink:EntityToDiseaseOrPhenotypicFeatureAssociation,knowledge_assertion,manual_agent,https://purl.humanatlas.io/vocab/hp
HGNC:3583,biolink:has_phenotype,HP:0000086,biolink:EntityToDiseaseOrPhenotypicFeatureAssociation,knowledge_assertion,manual_agent,https://purl.humanatlas.io/vocab/hp
HGNC:3583,biolink:has_phenotype,HP:0000085,biolink:EntityToDiseaseOrPhenotypicFeatureAssociation,knowledge_assertion,manual_agent,https://purl.humanatlas.io/vocab/hp
HGNC:3583,biolink:has_phenotype,HP:0000081,biolink:EntityToDiseaseOrPhenotypicFeatureAssociation,knowledge_assertion,manual_agent,https://purl.humanatlas.io/vocab/hp
HGNC:3583,biolink:has_phenotype,HP:0000126,biolink:EntityToDiseaseOrPhenotypicFeatureAssociation,knowledge_assertion,manual_agent,https://purl.humanatlas.io/vocab/hp
HGNC:3583,biolink:has_phenotype,HP:0000105,biolink:EntityToDiseaseOrPhenotypicFeatureAssociation,knowledge_assertion,manual_agent,https://purl.humanatlas.io/vocab/hp
HGNC:3583,biolink:has_phenotype,HP:0000104,biolink:EntityToDiseaseOrPhenotypicFeatureAssociation,knowledge_assertion,manual_agent,https://purl.humanatlas.io/vocab/hp
HGNC:3583,biolink:has_phenotype,HP:0000104,biolink:EntityToDiseaseOrPhenotypicFeatureAssociation,knowledge_assertion,manual_agent,https://purl.humanatlas.io/vocab/hp
HGNC:3583,biolink:has_phenotype,HP:0000104,biolink:EntityToDiseaseOrPhenotypicFeatureAssociation,knowledge_assertion,manual_agent,https://purl.humanatlas.io/vocab/hp
HGNC:3583,biolink:has_phenotype,HP:0100542,biolink:EntityToDiseaseOrPhenotypicFeatureAssociation,knowledge_assertion,manual_agent,https://purl.humanatlas.io/vocab/hp
HGNC:3583,biolink:has_phenotype,HP:0012210,biolink:EntityToDiseaseOrPhenotypicFeatureAssociation,knowledge_assertion,manual_agent,https://purl.humanatlas.io/vocab/hp
HGNC:3583,biolink:has_phenotype,HP:0012210,biolink:EntityToDiseaseOrPhenotypicFeatureAssociation,knowledge_assertion,manual_agent,https://purl.humanatlas.io/vocab/hp
HGNC:3587,biolink:has_phenotype,HP:0008678,biolink:EntityToDiseaseOrPhenotypicFeatureAssociation,knowledge_assertion,manual_agent,https://purl.humanatlas.io/vocab/hp
HGNC:3587,biolink:has_phenotype,HP:0000089,biolink:EntityToDiseaseOrPhenotypicFeatureAssociation,knowledge_assertion,manual_agent,https://purl.humanatlas.io/vocab/hp
HGNC:3587,biolink:has_phenotype,HP:0000083,biolink:EntityToDiseaseOrPhenotypicFeatureAssociation,knowledge_assertion,manual_agent,https://purl.humanatlas.io/vocab/hp
HGNC:3587,biolink:has_phenotype,HP:0000086,biolink:EntityToDiseaseOrPhenotypicFeatureAssociation,knowledge_assertion,manual_agent,https://purl.humanatlas.io/vocab/hp
HGNC:3587,biolink:has_phenotype,HP:0000085,biolink:EntityToDiseaseOrPhenotypicFeatureAssociation,knowledge_assertion,manual_agent,https://purl.humanatlas.io/vocab/hp
HGNC:3587,biolink:has_phenotype,HP:0000081,biolink:EntityToDiseaseOrPhenotypicFeatureAssociation,knowledge_assertion,manual_agent,https://purl.humanatlas.io/vocab/hp
HGNC:3587,biolink:has_phenotype,HP:0000125,biolink:EntityToDiseaseOrPhenotypicFeatureAssociation,knowledge_assertion,manual_agent,https://purl.humanatlas.io/vocab/hp
HGNC:3587,biolink:has_phenotype,HP:0000104,biolink:EntityToDiseaseOrPhenotypicFeatureAssociation,knowledge_assertion,manual_agent,https://purl.humanatlas.io/vocab/hp
HGNC:3587,biolink:has_phenotype,HP:0100542,biolink:EntityToDiseaseOrPhenotypicFeatureAssociation,knowledge_assertion,manual_agent,https://purl.humanatlas.io/vocab/hp
HGNC:3587,biolink:has_phenotype,HP:0012210,biolink:EntityToDiseaseOrPhenotypicFeatureAssociation,knowledge_assertion,manual_agent,https://purl.humanatlas.io/vocab/hp
HGNC:3587,biolink:has_phenotype,HP:0012210,biolink:EntityToDiseaseOrPhenotypicFeatureAssociation,knowledge_assertion,manual_agent,https://purl.humanatlas.io/vocab/hp
HGNC:3588,biolink:has_phenotype,HP:0008678,biolink:EntityToDiseaseOrPhenotypicFeatureAssociation,knowledge_assertion,manual_agent,https://purl.humanatlas.io/vocab/hp
HGNC:3588,biolink:has_phenotype,HP:0000083,biolink:EntityToDiseaseOrPhenotypicFeatureAssociation,knowledge_assertion,manual_agent,https://purl.humanatlas.io/vocab/hp
HGNC:3588,biolink:has_phenotype,HP:0000086,biolink:EntityToDiseaseOrPhenotypicFeatureAssociation,knowledge_assertion,manual_agent,https://purl.humanatlas.io/vocab/hp
HGNC:3588,biolink:has_phenotype,HP:0000085,biolink:EntityToDiseaseOrPhenotypicFeatureAssociation,knowledge_assertion,manual_agent,https://purl.humanatlas.io/vocab/hp
HGNC:3588,biolink:has_phenotype,HP:0000081,biolink:EntityToDiseaseOrPhenotypicFeatureAssociation,knowledge_assertion,manual_agent,https://purl.humanatlas.io/vocab/hp
HGNC:3588,biolink:has_phenotype,HP:0000104,biolink:EntityToDiseaseOrPhenotypicFeatureAssociation,knowledge_assertion,manual_agent,https://purl.humanatlas.io/vocab/hp
HGNC:3588,biolink:has_phenotype,HP:0100542,biolink:EntityToDiseaseOrPhenotypicFeatureAssociation,knowledge_assertion,manual_agent,https://purl.humanatlas.io/vocab/hp
HGNC:3588,biolink:has_phenotype,HP:0012210,biolink:EntityToDiseaseOrPhenotypicFeatureAssociation,knowledge_assertion,manual_agent,https://purl.humanatlas.io/vocab/hp
HGNC:3588,biolink:has_phenotype,HP:0012210,biolink:EntityToDiseaseOrPhenotypicFeatureAssociation,knowledge_assertion,manual_agent,https://purl.humanatlas.io/vocab/hp
HGNC:3603,biolink:has_phenotype,HP:0000787,biolink:EntityToDiseaseOrPhenotypicFeatureAssociation,knowledge_assertion,manual_agent,https://purl.humanatlas.io/vocab/hp
HGNC:3616,biolink:has_phenotype,HP:0033726,biolink:EntityToDiseaseOrPhenotypicFeatureAssociation,knowledge_assertion,manual_agent,https://purl.humanatlas.io/vocab/hp
HGNC:3616,biolink:has_phenotype,HP:0000123,biolink:EntityToDiseaseOrPhenotypicFeatureAssociation,knowledge_assertion,manual_agent,https://purl.humanatlas.io/vocab/hp
HGNC:3618,biolink:has_phenotype,HP:0033726,biolink:EntityToDiseaseOrPhenotypicFeatureAssociation,knowledge_assertion,manual_agent,https://purl.humanatlas.io/vocab/hp
HGNC:3618,biolink:has_phenotype,HP:0033726,biolink:EntityToDiseaseOrPhenotypicFeatureAssociation,knowledge_assertion,manual_agent,https://purl.humanatlas.io/vocab/hp
HGNC:3618,biolink:has_phenotype,HP:0000123,biolink:EntityToDiseaseOrPhenotypicFeatureAssociation,knowledge_assertion,manual_agent,https://purl.humanatlas.io/vocab/hp
HGNC:3618,biolink:has_phenotype,HP:0000790,biolink:EntityToDiseaseOrPhenotypicFeatureAssociation,knowledge_assertion,manual_agent,https://purl.humanatlas.io/vocab/hp
HGNC:3620,biolink:has_phenotype,HP:0033726,biolink:EntityToDiseaseOrPhenotypicFeatureAssociation,knowledge_assertion,manual_agent,https://purl.humanatlas.io/vocab/hp
HGNC:3620,biolink:has_phenotype,HP:0000790,biolink:EntityToDiseaseOrPhenotypicFeatureAssociation,knowledge_assertion,manual_agent,https://purl.humanatlas.io/vocab/hp
HGNC:3622,biolink:has_phenotype,HP:0000110,biolink:EntityToDiseaseOrPhenotypicFeatureAssociation,knowledge_assertion,manual_agent,https://purl.humanatlas.io/vocab/hp
HGNC:4452,biolink:has_phenotype,HP:0002667,biolink:EntityToDiseaseOrPhenotypicFeatureAssociation,knowledge_assertion,manual_agent,https://purl.humanatlas.io/vocab/hp
HGNC:4452,biolink:has_phenotype,HP:0002667,biolink:EntityToDiseaseOrPhenotypicFeatureAssociation,knowledge_assertion,manual_agent,https://purl.humanatlas.io/vocab/hp
HGNC:4452,biolink:has_phenotype,HP:0002667,biolink:EntityToDiseaseOrPhenotypicFeatureAssociation,knowledge_assertion,manual_agent,https://purl.humanatlas.io/vocab/hp
HGNC:4452,biolink:has_phenotype,HP:0000003,biolink:EntityToDiseaseOrPhenotypicFeatureAssociation,knowledge_assertion,manual_agent,https://purl.humanatlas.io/vocab/hp
HGNC:4452,biolink:has_phenotype,HP:0000126,biolink:EntityToDiseaseOrPhenotypicFeatureAssociation,knowledge_assertion,manual_agent,https://purl.humanatlas.io/vocab/hp
HGNC:4452,biolink:has_phenotype,HP:0000126,biolink:EntityToDiseaseOrPhenotypicFeatureAssociation,knowledge_assertion,manual_agent,https://purl.humanatlas.io/vocab/hp
HGNC:4452,biolink:has_phenotype,HP:0000107,biolink:EntityToDiseaseOrPhenotypicFeatureAssociation,knowledge_assertion,manual_agent,https://purl.humanatlas.io/vocab/hp
HGNC:4452,biolink:has_phenotype,HP:0000105,biolink:EntityToDiseaseOrPhenotypicFeatureAssociation,knowledge_assertion,manual_agent,https://purl.humanatlas.io/vocab/hp
HGNC:4452,biolink:has_phenotype,HP:0005580,biolink:EntityToDiseaseOrPhenotypicFeatureAssociation,knowledge_assertion,manual_agent,https://purl.humanatlas.io/vocab/hp
HGNC:3661,biolink:has_phenotype,HP:0000100,biolink:EntityToDiseaseOrPhenotypicFeatureAssociation,knowledge_assertion,manual_agent,https://purl.humanatlas.io/vocab/hp
HGNC:3661,biolink:has_phenotype,HP:0000112,biolink:EntityToDiseaseOrPhenotypicFeatureAssociation,knowledge_assertion,manual_agent,https://purl.humanatlas.io/vocab/hp
HGNC:3661,biolink:has_phenotype,HP:0001917,biolink:EntityToDiseaseOrPhenotypicFeatureAssociation,knowledge_assertion,manual_agent,https://purl.humanatlas.io/vocab/hp
HGNC:3661,biolink:has_phenotype,HP:0000790,biolink:EntityToDiseaseOrPhenotypicFeatureAssociation,knowledge_assertion,manual_agent,https://purl.humanatlas.io/vocab/hp
HGNC:3686,biolink:has_phenotype,HP:0000104,biolink:EntityToDiseaseOrPhenotypicFeatureAssociation,knowledge_assertion,manual_agent,https://purl.humanatlas.io/vocab/hp
HGNC:3686,biolink:has_phenotype,HP:0000104,biolink:EntityToDiseaseOrPhenotypicFeatureAssociation,knowledge_assertion,manual_agent,https://purl.humanatlas.io/vocab/hp
HGNC:3666,biolink:has_phenotype,HP:0000089,biolink:EntityToDiseaseOrPhenotypicFeatureAssociation,knowledge_assertion,manual_agent,https://purl.humanatlas.io/vocab/hp
HGNC:3666,biolink:has_phenotype,HP:0000126,biolink:EntityToDiseaseOrPhenotypicFeatureAssociation,knowledge_assertion,manual_agent,https://purl.humanatlas.io/vocab/hp
HGNC:3670,biolink:has_phenotype,HP:0010945,biolink:EntityToDiseaseOrPhenotypicFeatureAssociation,knowledge_assertion,manual_agent,https://purl.humanatlas.io/vocab/hp
HGNC:3688,biolink:has_phenotype,HP:0000125,biolink:EntityToDiseaseOrPhenotypicFeatureAssociation,knowledge_assertion,manual_agent,https://purl.humanatlas.io/vocab/hp
HGNC:3688,biolink:has_phenotype,HP:0000126,biolink:EntityToDiseaseOrPhenotypicFeatureAssociation,knowledge_assertion,manual_agent,https://purl.humanatlas.io/vocab/hp
HGNC:3688,biolink:has_phenotype,HP:0000104,biolink:EntityToDiseaseOrPhenotypicFeatureAssociation,knowledge_assertion,manual_agent,https://purl.humanatlas.io/vocab/hp
HGNC:3688,biolink:has_phenotype,HP:0000104,biolink:EntityToDiseaseOrPhenotypicFeatureAssociation,knowledge_assertion,manual_agent,https://purl.humanatlas.io/vocab/hp
HGNC:3690,biolink:has_phenotype,HP:0000089,biolink:EntityToDiseaseOrPhenotypicFeatureAssociation,knowledge_assertion,manual_agent,https://purl.humanatlas.io/vocab/hp
HGNC:3690,biolink:has_phenotype,HP:0000126,biolink:EntityToDiseaseOrPhenotypicFeatureAssociation,knowledge_assertion,manual_agent,https://purl.humanatlas.io/vocab/hp
HGNC:3690,biolink:has_phenotype,HP:0005584,biolink:EntityToDiseaseOrPhenotypicFeatureAssociation,knowledge_assertion,manual_agent,https://purl.humanatlas.io/vocab/hp
HGNC:3689,biolink:has_phenotype,HP:0000089,biolink:EntityToDiseaseOrPhenotypicFeatureAssociation,knowledge_assertion,manual_agent,https://purl.humanatlas.io/vocab/hp
HGNC:3689,biolink:has_phenotype,HP:0000085,biolink:EntityToDiseaseOrPhenotypicFeatureAssociation,knowledge_assertion,manual_agent,https://purl.humanatlas.io/vocab/hp
HGNC:3689,biolink:has_phenotype,HP:0000126,biolink:EntityToDiseaseOrPhenotypicFeatureAssociation,knowledge_assertion,manual_agent,https://purl.humanatlas.io/vocab/hp
HGNC:3689,biolink:has_phenotype,HP:0000126,biolink:EntityToDiseaseOrPhenotypicFeatureAssociation,knowledge_assertion,manual_agent,https://purl.humanatlas.io/vocab/hp
HGNC:3689,biolink:has_phenotype,HP:0000126,biolink:EntityToDiseaseOrPhenotypicFeatureAssociation,knowledge_assertion,manual_agent,https://purl.humanatlas.io/vocab/hp
HGNC:3689,biolink:has_phenotype,HP:0000104,biolink:EntityToDiseaseOrPhenotypicFeatureAssociation,knowledge_assertion,manual_agent,https://purl.humanatlas.io/vocab/hp
HGNC:3689,biolink:has_phenotype,HP:0009741,biolink:EntityToDiseaseOrPhenotypicFeatureAssociation,knowledge_assertion,manual_agent,https://purl.humanatlas.io/vocab/hp
HGNC:3689,biolink:has_phenotype,HP:0012210,biolink:EntityToDiseaseOrPhenotypicFeatureAssociation,knowledge_assertion,manual_agent,https://purl.humanatlas.io/vocab/hp
HGNC:3700,biolink:has_phenotype,HP:0000096,biolink:EntityToDiseaseOrPhenotypicFeatureAssociation,knowledge_assertion,manual_agent,https://purl.humanatlas.io/vocab/hp
HGNC:3700,biolink:has_phenotype,HP:0005584,biolink:EntityToDiseaseOrPhenotypicFeatureAssociation,knowledge_assertion,manual_agent,https://purl.humanatlas.io/vocab/hp
HGNC:3700,biolink:has_phenotype,HP:0005584,biolink:EntityToDiseaseOrPhenotypicFeatureAssociation,knowledge_assertion,manual_agent,https://purl.humanatlas.io/vocab/hp
HGNC:3700,biolink:has_phenotype,HP:0000790,biolink:EntityToDiseaseOrPhenotypicFeatureAssociation,knowledge_assertion,manual_agent,https://purl.humanatlas.io/vocab/hp
HGNC:3700,biolink:has_phenotype,HP:0011129,biolink:EntityToDiseaseOrPhenotypicFeatureAssociation,knowledge_assertion,manual_agent,https://purl.humanatlas.io/vocab/hp
HGNC:3700,biolink:has_phenotype,HP:0006732,biolink:EntityToDiseaseOrPhenotypicFeatureAssociation,knowledge_assertion,manual_agent,https://purl.humanatlas.io/vocab/hp
HGNC:3809,biolink:has_phenotype,HP:0010946,biolink:EntityToDiseaseOrPhenotypicFeatureAssociation,knowledge_assertion,manual_agent,https://purl.humanatlas.io/vocab/hp
HGNC:3809,biolink:has_phenotype,HP:0000126,biolink:EntityToDiseaseOrPhenotypicFeatureAssociation,knowledge_assertion,manual_agent,https://purl.humanatlas.io/vocab/hp
HGNC:3809,biolink:has_phenotype,HP:0000126,biolink:EntityToDiseaseOrPhenotypicFeatureAssociation,knowledge_assertion,manual_agent,https://purl.humanatlas.io/vocab/hp
HGNC:3815,biolink:has_phenotype,HP:0000112,biolink:EntityToDiseaseOrPhenotypicFeatureAssociation,knowledge_assertion,manual_agent,https://purl.humanatlas.io/vocab/hp
HGNC:3801,biolink:has_phenotype,HP:0100820,biolink:EntityToDiseaseOrPhenotypicFeatureAssociation,knowledge_assertion,manual_agent,https://purl.humanatlas.io/vocab/hp
HGNC:3801,biolink:has_phenotype,HP:0000075,biolink:EntityToDiseaseOrPhenotypicFeatureAssociation,knowledge_assertion,manual_agent,https://purl.humanatlas.io/vocab/hp
HGNC:3801,biolink:has_phenotype,HP:0001970,biolink:EntityToDiseaseOrPhenotypicFeatureAssociation,knowledge_assertion,manual_agent,https://purl.humanatlas.io/vocab/hp
HGNC:3806,biolink:has_phenotype,HP:0006766,biolink:EntityToDiseaseOrPhenotypicFeatureAssociation,knowledge_assertion,manual_agent,https://purl.humanatlas.io/vocab/hp
HGNC:3749,biolink:has_phenotype,HP:0000003,biolink:EntityToDiseaseOrPhenotypicFeatureAssociation,knowledge_assertion,manual_agent,https://purl.humanatlas.io/vocab/hp
HGNC:3749,biolink:has_phenotype,HP:0000126,biolink:EntityToDiseaseOrPhenotypicFeatureAssociation,knowledge_assertion,manual_agent,https://purl.humanatlas.io/vocab/hp
HGNC:3750,biolink:has_phenotype,HP:0008678,biolink:EntityToDiseaseOrPhenotypicFeatureAssociation,knowledge_assertion,manual_agent,https://purl.humanatlas.io/vocab/hp
HGNC:3750,biolink:has_phenotype,HP:0100542,biolink:EntityToDiseaseOrPhenotypicFeatureAssociation,knowledge_assertion,manual_agent,https://purl.humanatlas.io/vocab/hp
HGNC:3754,biolink:has_phenotype,HP:0000126,biolink:EntityToDiseaseOrPhenotypicFeatureAssociation,knowledge_assertion,manual_agent,https://purl.humanatlas.io/vocab/hp
HGNC:3754,biolink:has_phenotype,HP:0000126,biolink:EntityToDiseaseOrPhenotypicFeatureAssociation,knowledge_assertion,manual_agent,https://purl.humanatlas.io/vocab/hp
HGNC:3754,biolink:has_phenotype,HP:0000126,biolink:EntityToDiseaseOrPhenotypicFeatureAssociation,knowledge_assertion,manual_agent,https://purl.humanatlas.io/vocab/hp
HGNC:3754,biolink:has_phenotype,HP:0000126,biolink:EntityToDiseaseOrPhenotypicFeatureAssociation,knowledge_assertion,manual_agent,https://purl.humanatlas.io/vocab/hp
HGNC:3754,biolink:has_phenotype,HP:0000126,biolink:EntityToDiseaseOrPhenotypicFeatureAssociation,knowledge_assertion,manual_agent,https://purl.humanatlas.io/vocab/hp
HGNC:3754,biolink:has_phenotype,HP:0000126,biolink:EntityToDiseaseOrPhenotypicFeatureAssociation,knowledge_assertion,manual_agent,https://purl.humanatlas.io/vocab/hp
HGNC:3754,biolink:has_phenotype,HP:0000126,biolink:EntityToDiseaseOrPhenotypicFeatureAssociation,knowledge_assertion,manual_agent,https://purl.humanatlas.io/vocab/hp
HGNC:3755,biolink:has_phenotype,HP:0000107,biolink:EntityToDiseaseOrPhenotypicFeatureAssociation,knowledge_assertion,manual_agent,https://purl.humanatlas.io/vocab/hp
HGNC:3755,biolink:has_phenotype,HP:0005562,biolink:EntityToDiseaseOrPhenotypicFeatureAssociation,knowledge_assertion,manual_agent,https://purl.humanatlas.io/vocab/hp
HGNC:3763,biolink:has_phenotype,HP:0000083,biolink:EntityToDiseaseOrPhenotypicFeatureAssociation,knowledge_assertion,manual_agent,https://purl.humanatlas.io/vocab/hp
HGNC:3763,biolink:has_phenotype,HP:0012622,biolink:EntityToDiseaseOrPhenotypicFeatureAssociation,knowledge_assertion,manual_agent,https://purl.humanatlas.io/vocab/hp
HGNC:3763,biolink:has_phenotype,HP:0001919,biolink:EntityToDiseaseOrPhenotypicFeatureAssociation,knowledge_assertion,manual_agent,https://purl.humanatlas.io/vocab/hp
HGNC:3778,biolink:has_phenotype,HP:0003774,biolink:EntityToDiseaseOrPhenotypicFeatureAssociation,knowledge_assertion,manual_agent,https://purl.humanatlas.io/vocab/hp
HGNC:3778,biolink:has_phenotype,HP:0100820,biolink:EntityToDiseaseOrPhenotypicFeatureAssociation,knowledge_assertion,manual_agent,https://purl.humanatlas.io/vocab/hp
HGNC:3778,biolink:has_phenotype,HP:0000083,biolink:EntityToDiseaseOrPhenotypicFeatureAssociation,knowledge_assertion,manual_agent,https://purl.humanatlas.io/vocab/hp
HGNC:3778,biolink:has_phenotype,HP:0000083,biolink:EntityToDiseaseOrPhenotypicFeatureAssociation,knowledge_assertion,manual_agent,https://purl.humanatlas.io/vocab/hp
HGNC:3778,biolink:has_phenotype,HP:0000100,biolink:EntityToDiseaseOrPhenotypicFeatureAssociation,knowledge_assertion,manual_agent,https://purl.humanatlas.io/vocab/hp
HGNC:3778,biolink:has_phenotype,HP:0000100,biolink:EntityToDiseaseOrPhenotypicFeatureAssociation,knowledge_assertion,manual_agent,https://purl.humanatlas.io/vocab/hp
HGNC:3778,biolink:has_phenotype,HP:0030949,biolink:EntityToDiseaseOrPhenotypicFeatureAssociation,knowledge_assertion,manual_agent,https://purl.humanatlas.io/vocab/hp
HGNC:3778,biolink:has_phenotype,HP:6000428,biolink:EntityToDiseaseOrPhenotypicFeatureAssociation,knowledge_assertion,manual_agent,https://purl.humanatlas.io/vocab/hp
HGNC:3778,biolink:has_phenotype,HP:0001966,biolink:EntityToDiseaseOrPhenotypicFeatureAssociation,knowledge_assertion,manual_agent,https://purl.humanatlas.io/vocab/hp
HGNC:3778,biolink:has_phenotype,HP:0002907,biolink:EntityToDiseaseOrPhenotypicFeatureAssociation,knowledge_assertion,manual_agent,https://purl.humanatlas.io/vocab/hp
HGNC:3778,biolink:has_phenotype,HP:0002907,biolink:EntityToDiseaseOrPhenotypicFeatureAssociation,knowledge_assertion,manual_agent,https://purl.humanatlas.io/vocab/hp
HGNC:3778,biolink:has_phenotype,HP:0030162,biolink:EntityToDiseaseOrPhenotypicFeatureAssociation,knowledge_assertion,manual_agent,https://purl.humanatlas.io/vocab/hp
HGNC:7983,biolink:has_phenotype,HP:0002667,biolink:EntityToDiseaseOrPhenotypicFeatureAssociation,knowledge_assertion,manual_agent,https://purl.humanatlas.io/vocab/hp
HGNC:7983,biolink:has_phenotype,HP:0000100,biolink:EntityToDiseaseOrPhenotypicFeatureAssociation,knowledge_assertion,manual_agent,https://purl.humanatlas.io/vocab/hp
HGNC:4019,biolink:has_phenotype,HP:0000121,biolink:EntityToDiseaseOrPhenotypicFeatureAssociation,knowledge_assertion,manual_agent,https://purl.humanatlas.io/vocab/hp
HGNC:4056,biolink:has_phenotype,HP:0000097,biolink:EntityToDiseaseOrPhenotypicFeatureAssociation,knowledge_assertion,manual_agent,https://purl.humanatlas.io/vocab/hp
HGNC:4056,biolink:has_phenotype,HP:0000105,biolink:EntityToDiseaseOrPhenotypicFeatureAssociation,knowledge_assertion,manual_agent,https://purl.humanatlas.io/vocab/hp
HGNC:4056,biolink:has_phenotype,HP:0000787,biolink:EntityToDiseaseOrPhenotypicFeatureAssociation,knowledge_assertion,manual_agent,https://purl.humanatlas.io/vocab/hp
HGNC:4056,biolink:has_phenotype,HP:0012213,biolink:EntityToDiseaseOrPhenotypicFeatureAssociation,knowledge_assertion,manual_agent,https://purl.humanatlas.io/vocab/hp
HGNC:4061,biolink:has_phenotype,HP:0003774,biolink:EntityToDiseaseOrPhenotypicFeatureAssociation,knowledge_assertion,manual_agent,https://purl.humanatlas.io/vocab/hp
HGNC:4061,biolink:has_phenotype,HP:0000083,biolink:EntityToDiseaseOrPhenotypicFeatureAssociation,knowledge_assertion,manual_agent,https://purl.humanatlas.io/vocab/hp
HGNC:4061,biolink:has_phenotype,HP:0000097,biolink:EntityToDiseaseOrPhenotypicFeatureAssociation,knowledge_assertion,manual_agent,https://purl.humanatlas.io/vocab/hp
HGNC:4061,biolink:has_phenotype,HP:0000097,biolink:EntityToDiseaseOrPhenotypicFeatureAssociation,knowledge_assertion,manual_agent,https://purl.humanatlas.io/vocab/hp
HGNC:4061,biolink:has_phenotype,HP:0000121,biolink:EntityToDiseaseOrPhenotypicFeatureAssociation,knowledge_assertion,manual_agent,https://purl.humanatlas.io/vocab/hp
HGNC:4061,biolink:has_phenotype,HP:0000105,biolink:EntityToDiseaseOrPhenotypicFeatureAssociation,knowledge_assertion,manual_agent,https://purl.humanatlas.io/vocab/hp
HGNC:4061,biolink:has_phenotype,HP:0000105,biolink:EntityToDiseaseOrPhenotypicFeatureAssociation,knowledge_assertion,manual_agent,https://purl.humanatlas.io/vocab/hp
HGNC:4061,biolink:has_phenotype,HP:0005576,biolink:EntityToDiseaseOrPhenotypicFeatureAssociation,knowledge_assertion,manual_agent,https://purl.humanatlas.io/vocab/hp
HGNC:4061,biolink:has_phenotype,HP:0000793,biolink:EntityToDiseaseOrPhenotypicFeatureAssociation,knowledge_assertion,manual_agent,https://purl.humanatlas.io/vocab/hp
HGNC:4061,biolink:has_phenotype,HP:0000790,biolink:EntityToDiseaseOrPhenotypicFeatureAssociation,knowledge_assertion,manual_agent,https://purl.humanatlas.io/vocab/hp
HGNC:4061,biolink:has_phenotype,HP:0000787,biolink:EntityToDiseaseOrPhenotypicFeatureAssociation,knowledge_assertion,manual_agent,https://purl.humanatlas.io/vocab/hp
HGNC:4061,biolink:has_phenotype,HP:0000787,biolink:EntityToDiseaseOrPhenotypicFeatureAssociation,knowledge_assertion,manual_agent,https://purl.humanatlas.io/vocab/hp
HGNC:4061,biolink:has_phenotype,HP:0012213,biolink:EntityToDiseaseOrPhenotypicFeatureAssociation,knowledge_assertion,manual_agent,https://purl.humanatlas.io/vocab/hp
HGNC:4061,biolink:has_phenotype,HP:0012213,biolink:EntityToDiseaseOrPhenotypicFeatureAssociation,knowledge_assertion,manual_agent,https://purl.humanatlas.io/vocab/hp
HGNC:4061,biolink:has_phenotype,HP:0002907,biolink:EntityToDiseaseOrPhenotypicFeatureAssociation,knowledge_assertion,manual_agent,https://purl.humanatlas.io/vocab/hp
HGNC:4084,biolink:has_phenotype,HP:0000126,biolink:EntityToDiseaseOrPhenotypicFeatureAssociation,knowledge_assertion,manual_agent,https://purl.humanatlas.io/vocab/hp
HGNC:4084,biolink:has_phenotype,HP:0000107,biolink:EntityToDiseaseOrPhenotypicFeatureAssociation,knowledge_assertion,manual_agent,https://purl.humanatlas.io/vocab/hp
HGNC:4125,biolink:has_phenotype,HP:0000121,biolink:EntityToDiseaseOrPhenotypicFeatureAssociation,knowledge_assertion,manual_agent,https://purl.humanatlas.io/vocab/hp
HGNC:4125,biolink:has_phenotype,HP:0005572,biolink:EntityToDiseaseOrPhenotypicFeatureAssociation,knowledge_assertion,manual_agent,https://purl.humanatlas.io/vocab/hp
HGNC:4125,biolink:has_phenotype,HP:0005571,biolink:EntityToDiseaseOrPhenotypicFeatureAssociation,knowledge_assertion,manual_agent,https://purl.humanatlas.io/vocab/hp
HGNC:4165,biolink:has_phenotype,HP:0000104,biolink:EntityToDiseaseOrPhenotypicFeatureAssociation,knowledge_assertion,manual_agent,https://purl.humanatlas.io/vocab/hp
HGNC:4170,biolink:has_phenotype,HP:0000085,biolink:EntityToDiseaseOrPhenotypicFeatureAssociation,knowledge_assertion,manual_agent,https://purl.humanatlas.io/vocab/hp
HGNC:4170,biolink:has_phenotype,HP:0000104,biolink:EntityToDiseaseOrPhenotypicFeatureAssociation,knowledge_assertion,manual_agent,https://purl.humanatlas.io/vocab/hp
HGNC:4172,biolink:has_phenotype,HP:0008718,biolink:EntityToDiseaseOrPhenotypicFeatureAssociation,knowledge_assertion,manual_agent,https://purl.humanatlas.io/vocab/hp
HGNC:4172,biolink:has_phenotype,HP:0000083,biolink:EntityToDiseaseOrPhenotypicFeatureAssociation,knowledge_assertion,manual_agent,https://purl.humanatlas.io/vocab/hp
HGNC:4172,biolink:has_phenotype,HP:0000121,biolink:EntityToDiseaseOrPhenotypicFeatureAssociation,knowledge_assertion,manual_agent,https://purl.humanatlas.io/vocab/hp
HGNC:4172,biolink:has_phenotype,HP:0000122,biolink:EntityToDiseaseOrPhenotypicFeatureAssociation,knowledge_assertion,manual_agent,https://purl.humanatlas.io/vocab/hp
HGNC:4172,biolink:has_phenotype,HP:0000113,biolink:EntityToDiseaseOrPhenotypicFeatureAssociation,knowledge_assertion,manual_agent,https://purl.humanatlas.io/vocab/hp
HGNC:4172,biolink:has_phenotype,HP:0000126,biolink:EntityToDiseaseOrPhenotypicFeatureAssociation,knowledge_assertion,manual_agent,https://purl.humanatlas.io/vocab/hp
HGNC:4172,biolink:has_phenotype,HP:0000100,biolink:EntityToDiseaseOrPhenotypicFeatureAssociation,knowledge_assertion,manual_agent,https://purl.humanatlas.io/vocab/hp
HGNC:4172,biolink:has_phenotype,HP:0000110,biolink:EntityToDiseaseOrPhenotypicFeatureAssociation,knowledge_assertion,manual_agent,https://purl.humanatlas.io/vocab/hp
HGNC:4172,biolink:has_phenotype,HP:0000110,biolink:EntityToDiseaseOrPhenotypicFeatureAssociation,knowledge_assertion,manual_agent,https://purl.humanatlas.io/vocab/hp
HGNC:4172,biolink:has_phenotype,HP:0002049,biolink:EntityToDiseaseOrPhenotypicFeatureAssociation,knowledge_assertion,manual_agent,https://purl.humanatlas.io/vocab/hp
HGNC:4172,biolink:has_phenotype,HP:0004722,biolink:EntityToDiseaseOrPhenotypicFeatureAssociation,knowledge_assertion,manual_agent,https://purl.humanatlas.io/vocab/hp
HGNC:4172,biolink:has_phenotype,HP:0008341,biolink:EntityToDiseaseOrPhenotypicFeatureAssociation,knowledge_assertion,manual_agent,https://purl.humanatlas.io/vocab/hp
HGNC:4172,biolink:has_phenotype,HP:0012622,biolink:EntityToDiseaseOrPhenotypicFeatureAssociation,knowledge_assertion,manual_agent,https://purl.humanatlas.io/vocab/hp
HGNC:4172,biolink:has_phenotype,HP:0000790,biolink:EntityToDiseaseOrPhenotypicFeatureAssociation,knowledge_assertion,manual_agent,https://purl.humanatlas.io/vocab/hp
HGNC:4173,biolink:has_phenotype,HP:0002667,biolink:EntityToDiseaseOrPhenotypicFeatureAssociation,knowledge_assertion,manual_agent,https://purl.humanatlas.io/vocab/hp
HGNC:4173,biolink:has_phenotype,HP:0000100,biolink:EntityToDiseaseOrPhenotypicFeatureAssociation,knowledge_assertion,manual_agent,https://purl.humanatlas.io/vocab/hp
HGNC:4175,biolink:has_phenotype,HP:0003774,biolink:EntityToDiseaseOrPhenotypicFeatureAssociation,knowledge_assertion,manual_agent,https://purl.humanatlas.io/vocab/hp
HGNC:4175,biolink:has_phenotype,HP:0000083,biolink:EntityToDiseaseOrPhenotypicFeatureAssociation,knowledge_assertion,manual_agent,https://purl.humanatlas.io/vocab/hp
HGNC:4175,biolink:has_phenotype,HP:0000124,biolink:EntityToDiseaseOrPhenotypicFeatureAssociation,knowledge_assertion,manual_agent,https://purl.humanatlas.io/vocab/hp
HGNC:4175,biolink:has_phenotype,HP:0002049,biolink:EntityToDiseaseOrPhenotypicFeatureAssociation,knowledge_assertion,manual_agent,https://purl.humanatlas.io/vocab/hp
HGNC:4175,biolink:has_phenotype,HP:0004910,biolink:EntityToDiseaseOrPhenotypicFeatureAssociation,knowledge_assertion,manual_agent,https://purl.humanatlas.io/vocab/hp
HGNC:4175,biolink:has_phenotype,HP:0012622,biolink:EntityToDiseaseOrPhenotypicFeatureAssociation,knowledge_assertion,manual_agent,https://purl.humanatlas.io/vocab/hp
HGNC:4175,biolink:has_phenotype,HP:0034359,biolink:EntityToDiseaseOrPhenotypicFeatureAssociation,knowledge_assertion,manual_agent,https://purl.humanatlas.io/vocab/hp
HGNC:4177,biolink:has_phenotype,HP:0000790,biolink:EntityToDiseaseOrPhenotypicFeatureAssociation,knowledge_assertion,manual_agent,https://purl.humanatlas.io/vocab/hp
HGNC:4177,biolink:has_phenotype,HP:0000790,biolink:EntityToDiseaseOrPhenotypicFeatureAssociation,knowledge_assertion,manual_agent,https://purl.humanatlas.io/vocab/hp
HGNC:4180,biolink:has_phenotype,HP:0005576,biolink:EntityToDiseaseOrPhenotypicFeatureAssociation,knowledge_assertion,manual_agent,https://purl.humanatlas.io/vocab/hp
HGNC:4189,biolink:has_phenotype,HP:0012622,biolink:EntityToDiseaseOrPhenotypicFeatureAssociation,knowledge_assertion,manual_agent,https://purl.humanatlas.io/vocab/hp
HGNC:4195,biolink:has_phenotype,HP:0000124,biolink:EntityToDiseaseOrPhenotypicFeatureAssociation,knowledge_assertion,manual_agent,https://purl.humanatlas.io/vocab/hp
HGNC:4195,biolink:has_phenotype,HP:0000112,biolink:EntityToDiseaseOrPhenotypicFeatureAssociation,knowledge_assertion,manual_agent,https://purl.humanatlas.io/vocab/hp
HGNC:4195,biolink:has_phenotype,HP:0000107,biolink:EntityToDiseaseOrPhenotypicFeatureAssociation,knowledge_assertion,manual_agent,https://purl.humanatlas.io/vocab/hp
HGNC:4243,biolink:has_phenotype,HP:0010958,biolink:EntityToDiseaseOrPhenotypicFeatureAssociation,knowledge_assertion,manual_agent,https://purl.humanatlas.io/vocab/hp
HGNC:4243,biolink:has_phenotype,HP:0000104,biolink:EntityToDiseaseOrPhenotypicFeatureAssociation,knowledge_assertion,manual_agent,https://purl.humanatlas.io/vocab/hp
HGNC:4296,biolink:has_phenotype,HP:0100820,biolink:EntityToDiseaseOrPhenotypicFeatureAssociation,knowledge_assertion,manual_agent,https://purl.humanatlas.io/vocab/hp
HGNC:4296,biolink:has_phenotype,HP:0000083,biolink:EntityToDiseaseOrPhenotypicFeatureAssociation,knowledge_assertion,manual_agent,https://purl.humanatlas.io/vocab/hp
HGNC:4296,biolink:has_phenotype,HP:0000083,biolink:EntityToDiseaseOrPhenotypicFeatureAssociation,knowledge_assertion,manual_agent,https://purl.humanatlas.io/vocab/hp
HGNC:4296,biolink:has_phenotype,HP:0000091,biolink:EntityToDiseaseOrPhenotypicFeatureAssociation,knowledge_assertion,manual_agent,https://purl.humanatlas.io/vocab/hp
HGNC:4296,biolink:has_phenotype,HP:0000100,biolink:EntityToDiseaseOrPhenotypicFeatureAssociation,knowledge_assertion,manual_agent,https://purl.humanatlas.io/vocab/hp
HGNC:4296,biolink:has_phenotype,HP:0000112,biolink:EntityToDiseaseOrPhenotypicFeatureAssociation,knowledge_assertion,manual_agent,https://purl.humanatlas.io/vocab/hp
HGNC:4296,biolink:has_phenotype,HP:0000790,biolink:EntityToDiseaseOrPhenotypicFeatureAssociation,knowledge_assertion,manual_agent,https://purl.humanatlas.io/vocab/hp
HGNC:4451,biolink:has_phenotype,HP:0000086,biolink:EntityToDiseaseOrPhenotypicFeatureAssociation,knowledge_assertion,manual_agent,https://purl.humanatlas.io/vocab/hp
HGNC:4451,biolink:has_phenotype,HP:0000085,biolink:EntityToDiseaseOrPhenotypicFeatureAssociation,knowledge_assertion,manual_agent,https://purl.humanatlas.io/vocab/hp
HGNC:4451,biolink:has_phenotype,HP:0002667,biolink:EntityToDiseaseOrPhenotypicFeatureAssociation,knowledge_assertion,manual_agent,https://purl.humanatlas.io/vocab/hp
HGNC:4451,biolink:has_phenotype,HP:0002667,biolink:EntityToDiseaseOrPhenotypicFeatureAssociation,knowledge_assertion,manual_agent,https://purl.humanatlas.io/vocab/hp
HGNC:4451,biolink:has_phenotype,HP:0002667,biolink:EntityToDiseaseOrPhenotypicFeatureAssociation,knowledge_assertion,manual_agent,https://purl.humanatlas.io/vocab/hp
HGNC:4451,biolink:has_phenotype,HP:0002667,biolink:EntityToDiseaseOrPhenotypicFeatureAssociation,knowledge_assertion,manual_agent,https://purl.humanatlas.io/vocab/hp
HGNC:4451,biolink:has_phenotype,HP:0000003,biolink:EntityToDiseaseOrPhenotypicFeatureAssociation,knowledge_assertion,manual_agent,https://purl.humanatlas.io/vocab/hp
HGNC:4451,biolink:has_phenotype,HP:0000126,biolink:EntityToDiseaseOrPhenotypicFeatureAssociation,knowledge_assertion,manual_agent,https://purl.humanatlas.io/vocab/hp
HGNC:4451,biolink:has_phenotype,HP:0000126,biolink:EntityToDiseaseOrPhenotypicFeatureAssociation,knowledge_assertion,manual_agent,https://purl.humanatlas.io/vocab/hp
HGNC:4451,biolink:has_phenotype,HP:0000107,biolink:EntityToDiseaseOrPhenotypicFeatureAssociation,knowledge_assertion,manual_agent,https://purl.humanatlas.io/vocab/hp
HGNC:4451,biolink:has_phenotype,HP:0000105,biolink:EntityToDiseaseOrPhenotypicFeatureAssociation,knowledge_assertion,manual_agent,https://purl.humanatlas.io/vocab/hp
HGNC:4451,biolink:has_phenotype,HP:0005580,biolink:EntityToDiseaseOrPhenotypicFeatureAssociation,knowledge_assertion,manual_agent,https://purl.humanatlas.io/vocab/hp
HGNC:4451,biolink:has_phenotype,HP:0005580,biolink:EntityToDiseaseOrPhenotypicFeatureAssociation,knowledge_assertion,manual_agent,https://purl.humanatlas.io/vocab/hp
HGNC:4451,biolink:has_phenotype,HP:0002907,biolink:EntityToDiseaseOrPhenotypicFeatureAssociation,knowledge_assertion,manual_agent,https://purl.humanatlas.io/vocab/hp
HGNC:4451,biolink:has_phenotype,HP:0012587,biolink:EntityToDiseaseOrPhenotypicFeatureAssociation,knowledge_assertion,manual_agent,https://purl.humanatlas.io/vocab/hp
HGNC:4311,biolink:has_phenotype,HP:0000787,biolink:EntityToDiseaseOrPhenotypicFeatureAssociation,knowledge_assertion,manual_agent,https://purl.humanatlas.io/vocab/hp
HGNC:4317,biolink:has_phenotype,HP:0008678,biolink:EntityToDiseaseOrPhenotypicFeatureAssociation,knowledge_assertion,manual_agent,https://purl.humanatlas.io/vocab/hp
HGNC:4318,biolink:has_phenotype,HP:0000104,biolink:EntityToDiseaseOrPhenotypicFeatureAssociation,knowledge_assertion,manual_agent,https://purl.humanatlas.io/vocab/hp
HGNC:4319,biolink:has_phenotype,HP:0010958,biolink:EntityToDiseaseOrPhenotypicFeatureAssociation,knowledge_assertion,manual_agent,https://purl.humanatlas.io/vocab/hp
HGNC:4319,biolink:has_phenotype,HP:0000089,biolink:EntityToDiseaseOrPhenotypicFeatureAssociation,knowledge_assertion,manual_agent,https://purl.humanatlas.io/vocab/hp
HGNC:4319,biolink:has_phenotype,HP:0000086,biolink:EntityToDiseaseOrPhenotypicFeatureAssociation,knowledge_assertion,manual_agent,https://purl.humanatlas.io/vocab/hp
HGNC:4319,biolink:has_phenotype,HP:0000086,biolink:EntityToDiseaseOrPhenotypicFeatureAssociation,knowledge_assertion,manual_agent,https://purl.humanatlas.io/vocab/hp
HGNC:4319,biolink:has_phenotype,HP:0000122,biolink:EntityToDiseaseOrPhenotypicFeatureAssociation,knowledge_assertion,manual_agent,https://purl.humanatlas.io/vocab/hp
HGNC:4319,biolink:has_phenotype,HP:0000126,biolink:EntityToDiseaseOrPhenotypicFeatureAssociation,knowledge_assertion,manual_agent,https://purl.humanatlas.io/vocab/hp
HGNC:4319,biolink:has_phenotype,HP:0000110,biolink:EntityToDiseaseOrPhenotypicFeatureAssociation,knowledge_assertion,manual_agent,https://purl.humanatlas.io/vocab/hp
HGNC:4319,biolink:has_phenotype,HP:0000110,biolink:EntityToDiseaseOrPhenotypicFeatureAssociation,knowledge_assertion,manual_agent,https://purl.humanatlas.io/vocab/hp
HGNC:4319,biolink:has_phenotype,HP:0000107,biolink:EntityToDiseaseOrPhenotypicFeatureAssociation,knowledge_assertion,manual_agent,https://purl.humanatlas.io/vocab/hp
HGNC:4379,biolink:has_phenotype,HP:0000003,biolink:EntityToDiseaseOrPhenotypicFeatureAssociation,knowledge_assertion,manual_agent,https://purl.humanatlas.io/vocab/hp
HGNC:4379,biolink:has_phenotype,HP:0000121,biolink:EntityToDiseaseOrPhenotypicFeatureAssociation,knowledge_assertion,manual_agent,https://purl.humanatlas.io/vocab/hp
HGNC:4379,biolink:has_phenotype,HP:0000787,biolink:EntityToDiseaseOrPhenotypicFeatureAssociation,knowledge_assertion,manual_agent,https://purl.humanatlas.io/vocab/hp
HGNC:4389,biolink:has_phenotype,HP:0000110,biolink:EntityToDiseaseOrPhenotypicFeatureAssociation,knowledge_assertion,manual_agent,https://purl.humanatlas.io/vocab/hp
HGNC:4392,biolink:has_phenotype,HP:0000124,biolink:EntityToDiseaseOrPhenotypicFeatureAssociation,knowledge_assertion,manual_agent,https://purl.humanatlas.io/vocab/hp
HGNC:4392,biolink:has_phenotype,HP:0005584,biolink:EntityToDiseaseOrPhenotypicFeatureAssociation,knowledge_assertion,manual_agent,https://purl.humanatlas.io/vocab/hp
HGNC:4392,biolink:has_phenotype,HP:0000787,biolink:EntityToDiseaseOrPhenotypicFeatureAssociation,knowledge_assertion,manual_agent,https://purl.humanatlas.io/vocab/hp
HGNC:4396,biolink:has_phenotype,HP:0000126,biolink:EntityToDiseaseOrPhenotypicFeatureAssociation,knowledge_assertion,manual_agent,https://purl.humanatlas.io/vocab/hp
HGNC:4396,biolink:has_phenotype,HP:0000126,biolink:EntityToDiseaseOrPhenotypicFeatureAssociation,knowledge_assertion,manual_agent,https://purl.humanatlas.io/vocab/hp
HGNC:4398,biolink:has_phenotype,HP:0000122,biolink:EntityToDiseaseOrPhenotypicFeatureAssociation,knowledge_assertion,manual_agent,https://purl.humanatlas.io/vocab/hp
HGNC:4398,biolink:has_phenotype,HP:0000125,biolink:EntityToDiseaseOrPhenotypicFeatureAssociation,knowledge_assertion,manual_agent,https://purl.humanatlas.io/vocab/hp
HGNC:4439,biolink:has_phenotype,HP:0008738,biolink:EntityToDiseaseOrPhenotypicFeatureAssociation,knowledge_assertion,manual_agent,https://purl.humanatlas.io/vocab/hp
HGNC:4439,biolink:has_phenotype,HP:0000790,biolink:EntityToDiseaseOrPhenotypicFeatureAssociation,knowledge_assertion,manual_agent,https://purl.humanatlas.io/vocab/hp
HGNC:4439,biolink:has_phenotype,HP:0012587,biolink:EntityToDiseaseOrPhenotypicFeatureAssociation,knowledge_assertion,manual_agent,https://purl.humanatlas.io/vocab/hp
HGNC:4440,biolink:has_phenotype,HP:0008738,biolink:EntityToDiseaseOrPhenotypicFeatureAssociation,knowledge_assertion,manual_agent,https://purl.humanatlas.io/vocab/hp
HGNC:4440,biolink:has_phenotype,HP:0000089,biolink:EntityToDiseaseOrPhenotypicFeatureAssociation,knowledge_assertion,manual_agent,https://purl.humanatlas.io/vocab/hp
HGNC:4440,biolink:has_phenotype,HP:0000113,biolink:EntityToDiseaseOrPhenotypicFeatureAssociation,knowledge_assertion,manual_agent,https://purl.humanatlas.io/vocab/hp
HGNC:4440,biolink:has_phenotype,HP:0005562,biolink:EntityToDiseaseOrPhenotypicFeatureAssociation,knowledge_assertion,manual_agent,https://purl.humanatlas.io/vocab/hp
HGNC:4440,biolink:has_phenotype,HP:0000790,biolink:EntityToDiseaseOrPhenotypicFeatureAssociation,knowledge_assertion,manual_agent,https://purl.humanatlas.io/vocab/hp
HGNC:4440,biolink:has_phenotype,HP:0012587,biolink:EntityToDiseaseOrPhenotypicFeatureAssociation,knowledge_assertion,manual_agent,https://purl.humanatlas.io/vocab/hp
HGNC:4444,biolink:has_phenotype,HP:0008738,biolink:EntityToDiseaseOrPhenotypicFeatureAssociation,knowledge_assertion,manual_agent,https://purl.humanatlas.io/vocab/hp
HGNC:4444,biolink:has_phenotype,HP:0012587,biolink:EntityToDiseaseOrPhenotypicFeatureAssociation,knowledge_assertion,manual_agent,https://purl.humanatlas.io/vocab/hp
HGNC:4492,biolink:has_phenotype,HP:0000083,biolink:EntityToDiseaseOrPhenotypicFeatureAssociation,knowledge_assertion,manual_agent,https://purl.humanatlas.io/vocab/hp
HGNC:4564,biolink:has_phenotype,HP:0000085,biolink:EntityToDiseaseOrPhenotypicFeatureAssociation,knowledge_assertion,manual_agent,https://purl.humanatlas.io/vocab/hp
HGNC:4564,biolink:has_phenotype,HP:0000110,biolink:EntityToDiseaseOrPhenotypicFeatureAssociation,knowledge_assertion,manual_agent,https://purl.humanatlas.io/vocab/hp
HGNC:4573,biolink:has_phenotype,HP:0000126,biolink:EntityToDiseaseOrPhenotypicFeatureAssociation,knowledge_assertion,manual_agent,https://purl.humanatlas.io/vocab/hp
HGNC:4584,biolink:has_phenotype,HP:0000110,biolink:EntityToDiseaseOrPhenotypicFeatureAssociation,knowledge_assertion,manual_agent,https://purl.humanatlas.io/vocab/hp
HGNC:4599,biolink:has_phenotype,HP:0000110,biolink:EntityToDiseaseOrPhenotypicFeatureAssociation,knowledge_assertion,manual_agent,https://purl.humanatlas.io/vocab/hp
HGNC:4620,biolink:has_phenotype,HP:0003774,biolink:EntityToDiseaseOrPhenotypicFeatureAssociation,knowledge_assertion,manual_agent,https://purl.humanatlas.io/vocab/hp
HGNC:4620,biolink:has_phenotype,HP:0003774,biolink:EntityToDiseaseOrPhenotypicFeatureAssociation,knowledge_assertion,manual_agent,https://purl.humanatlas.io/vocab/hp
HGNC:4620,biolink:has_phenotype,HP:0000083,biolink:EntityToDiseaseOrPhenotypicFeatureAssociation,knowledge_assertion,manual_agent,https://purl.humanatlas.io/vocab/hp
HGNC:4620,biolink:has_phenotype,HP:0032614,biolink:EntityToDiseaseOrPhenotypicFeatureAssociation,knowledge_assertion,manual_agent,https://purl.humanatlas.io/vocab/hp
HGNC:4620,biolink:has_phenotype,HP:0000100,biolink:EntityToDiseaseOrPhenotypicFeatureAssociation,knowledge_assertion,manual_agent,https://purl.humanatlas.io/vocab/hp
HGNC:4635,biolink:has_phenotype,HP:0000787,biolink:EntityToDiseaseOrPhenotypicFeatureAssociation,knowledge_assertion,manual_agent,https://purl.humanatlas.io/vocab/hp
HGNC:7329,biolink:has_phenotype,HP:0009726,biolink:EntityToDiseaseOrPhenotypicFeatureAssociation,knowledge_assertion,manual_agent,https://purl.humanatlas.io/vocab/hp
HGNC:4659,biolink:has_phenotype,HP:0100817,biolink:EntityToDiseaseOrPhenotypicFeatureAssociation,knowledge_assertion,manual_agent,https://purl.humanatlas.io/vocab/hp
HGNC:4659,biolink:has_phenotype,HP:0000089,biolink:EntityToDiseaseOrPhenotypicFeatureAssociation,knowledge_assertion,manual_agent,https://purl.humanatlas.io/vocab/hp
HGNC:4659,biolink:has_phenotype,HP:0000083,biolink:EntityToDiseaseOrPhenotypicFeatureAssociation,knowledge_assertion,manual_agent,https://purl.humanatlas.io/vocab/hp
HGNC:4659,biolink:has_phenotype,HP:0000075,biolink:EntityToDiseaseOrPhenotypicFeatureAssociation,knowledge_assertion,manual_agent,https://purl.humanatlas.io/vocab/hp
HGNC:4659,biolink:has_phenotype,HP:0000121,biolink:EntityToDiseaseOrPhenotypicFeatureAssociation,knowledge_assertion,manual_agent,https://purl.humanatlas.io/vocab/hp
HGNC:4659,biolink:has_phenotype,HP:0000125,biolink:EntityToDiseaseOrPhenotypicFeatureAssociation,knowledge_assertion,manual_agent,https://purl.humanatlas.io/vocab/hp
HGNC:4659,biolink:has_phenotype,HP:0005562,biolink:EntityToDiseaseOrPhenotypicFeatureAssociation,knowledge_assertion,manual_agent,https://purl.humanatlas.io/vocab/hp
HGNC:4659,biolink:has_phenotype,HP:0001969,biolink:EntityToDiseaseOrPhenotypicFeatureAssociation,knowledge_assertion,manual_agent,https://purl.humanatlas.io/vocab/hp
HGNC:4659,biolink:has_phenotype,HP:0000787,biolink:EntityToDiseaseOrPhenotypicFeatureAssociation,knowledge_assertion,manual_agent,https://purl.humanatlas.io/vocab/hp
HGNC:11551,biolink:has_phenotype,HP:0000126,biolink:EntityToDiseaseOrPhenotypicFeatureAssociation,knowledge_assertion,manual_agent,https://purl.humanatlas.io/vocab/hp
HGNC:4798,biolink:has_phenotype,HP:0006766,biolink:EntityToDiseaseOrPhenotypicFeatureAssociation,knowledge_assertion,manual_agent,https://purl.humanatlas.io/vocab/hp
HGNC:4827,biolink:has_phenotype,HP:0000083,biolink:EntityToDiseaseOrPhenotypicFeatureAssociation,knowledge_assertion,manual_agent,https://purl.humanatlas.io/vocab/hp
HGNC:4827,biolink:has_phenotype,HP:0000114,biolink:EntityToDiseaseOrPhenotypicFeatureAssociation,knowledge_assertion,manual_agent,https://purl.humanatlas.io/vocab/hp
HGNC:4827,biolink:has_phenotype,HP:0012622,biolink:EntityToDiseaseOrPhenotypicFeatureAssociation,knowledge_assertion,manual_agent,https://purl.humanatlas.io/vocab/hp
HGNC:4827,biolink:has_phenotype,HP:0000790,biolink:EntityToDiseaseOrPhenotypicFeatureAssociation,knowledge_assertion,manual_agent,https://purl.humanatlas.io/vocab/hp
HGNC:4883,biolink:has_phenotype,HP:0100519,biolink:EntityToDiseaseOrPhenotypicFeatureAssociation,knowledge_assertion,manual_agent,https://purl.humanatlas.io/vocab/hp
HGNC:4883,biolink:has_phenotype,HP:0004746,biolink:EntityToDiseaseOrPhenotypicFeatureAssociation,knowledge_assertion,manual_agent,https://purl.humanatlas.io/vocab/hp
HGNC:4883,biolink:has_phenotype,HP:0004722,biolink:EntityToDiseaseOrPhenotypicFeatureAssociation,knowledge_assertion,manual_agent,https://purl.humanatlas.io/vocab/hp
HGNC:4883,biolink:has_phenotype,HP:0005575,biolink:EntityToDiseaseOrPhenotypicFeatureAssociation,knowledge_assertion,manual_agent,https://purl.humanatlas.io/vocab/hp
HGNC:4883,biolink:has_phenotype,HP:0012622,biolink:EntityToDiseaseOrPhenotypicFeatureAssociation,knowledge_assertion,manual_agent,https://purl.humanatlas.io/vocab/hp
HGNC:4883,biolink:has_phenotype,HP:0001919,biolink:EntityToDiseaseOrPhenotypicFeatureAssociation,knowledge_assertion,manual_agent,https://purl.humanatlas.io/vocab/hp
HGNC:4883,biolink:has_phenotype,HP:0001919,biolink:EntityToDiseaseOrPhenotypicFeatureAssociation,knowledge_assertion,manual_agent,https://purl.humanatlas.io/vocab/hp
HGNC:4883,biolink:has_phenotype,HP:0000790,biolink:EntityToDiseaseOrPhenotypicFeatureAssociation,knowledge_assertion,manual_agent,https://purl.humanatlas.io/vocab/hp
HGNC:4886,biolink:has_phenotype,HP:0000787,biolink:EntityToDiseaseOrPhenotypicFeatureAssociation,knowledge_assertion,manual_agent,https://purl.humanatlas.io/vocab/hp
HGNC:4888,biolink:has_phenotype,HP:0100519,biolink:EntityToDiseaseOrPhenotypicFeatureAssociation,knowledge_assertion,manual_agent,https://purl.humanatlas.io/vocab/hp
HGNC:4888,biolink:has_phenotype,HP:0005575,biolink:EntityToDiseaseOrPhenotypicFeatureAssociation,knowledge_assertion,manual_agent,https://purl.humanatlas.io/vocab/hp
HGNC:4888,biolink:has_phenotype,HP:0001919,biolink:EntityToDiseaseOrPhenotypicFeatureAssociation,knowledge_assertion,manual_agent,https://purl.humanatlas.io/vocab/hp
HGNC:4892,biolink:has_phenotype,HP:0000787,biolink:EntityToDiseaseOrPhenotypicFeatureAssociation,knowledge_assertion,manual_agent,https://purl.humanatlas.io/vocab/hp
HGNC:4892,biolink:has_phenotype,HP:0000787,biolink:EntityToDiseaseOrPhenotypicFeatureAssociation,knowledge_assertion,manual_agent,https://purl.humanatlas.io/vocab/hp
HGNC:4892,biolink:has_phenotype,HP:0012213,biolink:EntityToDiseaseOrPhenotypicFeatureAssociation,knowledge_assertion,manual_agent,https://purl.humanatlas.io/vocab/hp
HGNC:4909,biolink:has_phenotype,HP:0000112,biolink:EntityToDiseaseOrPhenotypicFeatureAssociation,knowledge_assertion,manual_agent,https://purl.humanatlas.io/vocab/hp
HGNC:4932,biolink:has_phenotype,HP:0100820,biolink:EntityToDiseaseOrPhenotypicFeatureAssociation,knowledge_assertion,manual_agent,https://purl.humanatlas.io/vocab/hp
HGNC:4932,biolink:has_phenotype,HP:0000083,biolink:EntityToDiseaseOrPhenotypicFeatureAssociation,knowledge_assertion,manual_agent,https://purl.humanatlas.io/vocab/hp
HGNC:4932,biolink:has_phenotype,HP:0000083,biolink:EntityToDiseaseOrPhenotypicFeatureAssociation,knowledge_assertion,manual_agent,https://purl.humanatlas.io/vocab/hp
HGNC:4932,biolink:has_phenotype,HP:0000083,biolink:EntityToDiseaseOrPhenotypicFeatureAssociation,knowledge_assertion,manual_agent,https://purl.humanatlas.io/vocab/hp
HGNC:4932,biolink:has_phenotype,HP:0000099,biolink:EntityToDiseaseOrPhenotypicFeatureAssociation,knowledge_assertion,manual_agent,https://purl.humanatlas.io/vocab/hp
HGNC:4932,biolink:has_phenotype,HP:0001920,biolink:EntityToDiseaseOrPhenotypicFeatureAssociation,knowledge_assertion,manual_agent,https://purl.humanatlas.io/vocab/hp
HGNC:4932,biolink:has_phenotype,HP:0000790,biolink:EntityToDiseaseOrPhenotypicFeatureAssociation,knowledge_assertion,manual_agent,https://purl.humanatlas.io/vocab/hp
HGNC:4979,biolink:has_phenotype,HP:0000085,biolink:EntityToDiseaseOrPhenotypicFeatureAssociation,knowledge_assertion,manual_agent,https://purl.humanatlas.io/vocab/hp
HGNC:4979,biolink:has_phenotype,HP:0000085,biolink:EntityToDiseaseOrPhenotypicFeatureAssociation,knowledge_assertion,manual_agent,https://purl.humanatlas.io/vocab/hp
HGNC:4979,biolink:has_phenotype,HP:0000125,biolink:EntityToDiseaseOrPhenotypicFeatureAssociation,knowledge_assertion,manual_agent,https://purl.humanatlas.io/vocab/hp
HGNC:4979,biolink:has_phenotype,HP:0034231,biolink:EntityToDiseaseOrPhenotypicFeatureAssociation,knowledge_assertion,manual_agent,https://purl.humanatlas.io/vocab/hp
HGNC:4938,biolink:has_phenotype,HP:0100820,biolink:EntityToDiseaseOrPhenotypicFeatureAssociation,knowledge_assertion,manual_agent,https://purl.humanatlas.io/vocab/hp
HGNC:4938,biolink:has_phenotype,HP:0000083,biolink:EntityToDiseaseOrPhenotypicFeatureAssociation,knowledge_assertion,manual_agent,https://purl.humanatlas.io/vocab/hp
HGNC:4938,biolink:has_phenotype,HP:0000099,biolink:EntityToDiseaseOrPhenotypicFeatureAssociation,knowledge_assertion,manual_agent,https://purl.humanatlas.io/vocab/hp
HGNC:4938,biolink:has_phenotype,HP:0000126,biolink:EntityToDiseaseOrPhenotypicFeatureAssociation,knowledge_assertion,manual_agent,https://purl.humanatlas.io/vocab/hp
HGNC:4938,biolink:has_phenotype,HP:0000790,biolink:EntityToDiseaseOrPhenotypicFeatureAssociation,knowledge_assertion,manual_agent,https://purl.humanatlas.io/vocab/hp
HGNC:4940,biolink:has_phenotype,HP:0100820,biolink:EntityToDiseaseOrPhenotypicFeatureAssociation,knowledge_assertion,manual_agent,https://purl.humanatlas.io/vocab/hp
HGNC:4940,biolink:has_phenotype,HP:0000083,biolink:EntityToDiseaseOrPhenotypicFeatureAssociation,knowledge_assertion,manual_agent,https://purl.humanatlas.io/vocab/hp
HGNC:4940,biolink:has_phenotype,HP:0000099,biolink:EntityToDiseaseOrPhenotypicFeatureAssociation,knowledge_assertion,manual_agent,https://purl.humanatlas.io/vocab/hp
HGNC:4940,biolink:has_phenotype,HP:0000126,biolink:EntityToDiseaseOrPhenotypicFeatureAssociation,knowledge_assertion,manual_agent,https://purl.humanatlas.io/vocab/hp
HGNC:4940,biolink:has_phenotype,HP:0000790,biolink:EntityToDiseaseOrPhenotypicFeatureAssociation,knowledge_assertion,manual_agent,https://purl.humanatlas.io/vocab/hp
HGNC:4948,biolink:has_phenotype,HP:0000083,biolink:EntityToDiseaseOrPhenotypicFeatureAssociation,knowledge_assertion,manual_agent,https://purl.humanatlas.io/vocab/hp
HGNC:4948,biolink:has_phenotype,HP:0000083,biolink:EntityToDiseaseOrPhenotypicFeatureAssociation,knowledge_assertion,manual_agent,https://purl.humanatlas.io/vocab/hp
HGNC:4948,biolink:has_phenotype,HP:0000083,biolink:EntityToDiseaseOrPhenotypicFeatureAssociation,knowledge_assertion,manual_agent,https://purl.humanatlas.io/vocab/hp
HGNC:4948,biolink:has_phenotype,HP:0000099,biolink:EntityToDiseaseOrPhenotypicFeatureAssociation,knowledge_assertion,manual_agent,https://purl.humanatlas.io/vocab/hp
HGNC:4948,biolink:has_phenotype,HP:0033726,biolink:EntityToDiseaseOrPhenotypicFeatureAssociation,knowledge_assertion,manual_agent,https://purl.humanatlas.io/vocab/hp
HGNC:4948,biolink:has_phenotype,HP:0000121,biolink:EntityToDiseaseOrPhenotypicFeatureAssociation,knowledge_assertion,manual_agent,https://purl.humanatlas.io/vocab/hp
HGNC:4948,biolink:has_phenotype,HP:0100520,biolink:EntityToDiseaseOrPhenotypicFeatureAssociation,knowledge_assertion,manual_agent,https://purl.humanatlas.io/vocab/hp
HGNC:4948,biolink:has_phenotype,HP:0001970,biolink:EntityToDiseaseOrPhenotypicFeatureAssociation,knowledge_assertion,manual_agent,https://purl.humanatlas.io/vocab/hp
HGNC:4948,biolink:has_phenotype,HP:0000790,biolink:EntityToDiseaseOrPhenotypicFeatureAssociation,knowledge_assertion,manual_agent,https://purl.humanatlas.io/vocab/hp
HGNC:4948,biolink:has_phenotype,HP:0000790,biolink:EntityToDiseaseOrPhenotypicFeatureAssociation,knowledge_assertion,manual_agent,https://purl.humanatlas.io/vocab/hp
HGNC:4948,biolink:has_phenotype,HP:0000787,biolink:EntityToDiseaseOrPhenotypicFeatureAssociation,knowledge_assertion,manual_agent,https://purl.humanatlas.io/vocab/hp
HGNC:4982,biolink:has_phenotype,HP:0000083,biolink:EntityToDiseaseOrPhenotypicFeatureAssociation,knowledge_assertion,manual_agent,https://purl.humanatlas.io/vocab/hp
HGNC:5013,biolink:has_phenotype,HP:0000123,biolink:EntityToDiseaseOrPhenotypicFeatureAssociation,knowledge_assertion,manual_agent,https://purl.humanatlas.io/vocab/hp
HGNC:5013,biolink:has_phenotype,HP:0000790,biolink:EntityToDiseaseOrPhenotypicFeatureAssociation,knowledge_assertion,manual_agent,https://purl.humanatlas.io/vocab/hp
HGNC:5013,biolink:has_phenotype,HP:0000787,biolink:EntityToDiseaseOrPhenotypicFeatureAssociation,knowledge_assertion,manual_agent,https://purl.humanatlas.io/vocab/hp
HGNC:5024,biolink:has_phenotype,HP:0000121,biolink:EntityToDiseaseOrPhenotypicFeatureAssociation,knowledge_assertion,manual_agent,https://purl.humanatlas.io/vocab/hp
HGNC:5024,biolink:has_phenotype,HP:0000112,biolink:EntityToDiseaseOrPhenotypicFeatureAssociation,knowledge_assertion,manual_agent,https://purl.humanatlas.io/vocab/hp
HGNC:5024,biolink:has_phenotype,HP:0000107,biolink:EntityToDiseaseOrPhenotypicFeatureAssociation,knowledge_assertion,manual_agent,https://purl.humanatlas.io/vocab/hp
HGNC:5024,biolink:has_phenotype,HP:0001994,biolink:EntityToDiseaseOrPhenotypicFeatureAssociation,knowledge_assertion,manual_agent,https://purl.humanatlas.io/vocab/hp
HGNC:5041,biolink:has_phenotype,HP:0000085,biolink:EntityToDiseaseOrPhenotypicFeatureAssociation,knowledge_assertion,manual_agent,https://purl.humanatlas.io/vocab/hp
HGNC:5044,biolink:has_phenotype,HP:0010946,biolink:EntityToDiseaseOrPhenotypicFeatureAssociation,knowledge_assertion,manual_agent,https://purl.humanatlas.io/vocab/hp
HGNC:5044,biolink:has_phenotype,HP:0000126,biolink:EntityToDiseaseOrPhenotypicFeatureAssociation,knowledge_assertion,manual_agent,https://purl.humanatlas.io/vocab/hp
HGNC:5044,biolink:has_phenotype,HP:0000126,biolink:EntityToDiseaseOrPhenotypicFeatureAssociation,knowledge_assertion,manual_agent,https://purl.humanatlas.io/vocab/hp
HGNC:5044,biolink:has_phenotype,HP:0000126,biolink:EntityToDiseaseOrPhenotypicFeatureAssociation,knowledge_assertion,manual_agent,https://purl.humanatlas.io/vocab/hp
HGNC:5044,biolink:has_phenotype,HP:0012622,biolink:EntityToDiseaseOrPhenotypicFeatureAssociation,knowledge_assertion,manual_agent,https://purl.humanatlas.io/vocab/hp
HGNC:5048,biolink:has_phenotype,HP:0000085,biolink:EntityToDiseaseOrPhenotypicFeatureAssociation,knowledge_assertion,manual_agent,https://purl.humanatlas.io/vocab/hp
HGNC:5102,biolink:has_phenotype,HP:0000083,biolink:EntityToDiseaseOrPhenotypicFeatureAssociation,knowledge_assertion,manual_agent,https://purl.humanatlas.io/vocab/hp
HGNC:5102,biolink:has_phenotype,HP:0012330,biolink:EntityToDiseaseOrPhenotypicFeatureAssociation,knowledge_assertion,manual_agent,https://purl.humanatlas.io/vocab/hp
HGNC:5136,biolink:has_phenotype,HP:0000086,biolink:EntityToDiseaseOrPhenotypicFeatureAssociation,knowledge_assertion,manual_agent,https://purl.humanatlas.io/vocab/hp
HGNC:5136,biolink:has_phenotype,HP:0000003,biolink:EntityToDiseaseOrPhenotypicFeatureAssociation,knowledge_assertion,manual_agent,https://purl.humanatlas.io/vocab/hp
HGNC:5136,biolink:has_phenotype,HP:0000126,biolink:EntityToDiseaseOrPhenotypicFeatureAssociation,knowledge_assertion,manual_agent,https://purl.humanatlas.io/vocab/hp
HGNC:5136,biolink:has_phenotype,HP:0000104,biolink:EntityToDiseaseOrPhenotypicFeatureAssociation,knowledge_assertion,manual_agent,https://purl.humanatlas.io/vocab/hp
HGNC:5157,biolink:has_phenotype,HP:0000083,biolink:EntityToDiseaseOrPhenotypicFeatureAssociation,knowledge_assertion,manual_agent,https://purl.humanatlas.io/vocab/hp
HGNC:5157,biolink:has_phenotype,HP:0000083,biolink:EntityToDiseaseOrPhenotypicFeatureAssociation,knowledge_assertion,manual_agent,https://purl.humanatlas.io/vocab/hp
HGNC:5157,biolink:has_phenotype,HP:0000083,biolink:EntityToDiseaseOrPhenotypicFeatureAssociation,knowledge_assertion,manual_agent,https://purl.humanatlas.io/vocab/hp
HGNC:5157,biolink:has_phenotype,HP:0000121,biolink:EntityToDiseaseOrPhenotypicFeatureAssociation,knowledge_assertion,manual_agent,https://purl.humanatlas.io/vocab/hp
HGNC:5157,biolink:has_phenotype,HP:0000112,biolink:EntityToDiseaseOrPhenotypicFeatureAssociation,knowledge_assertion,manual_agent,https://purl.humanatlas.io/vocab/hp
HGNC:5157,biolink:has_phenotype,HP:0001919,biolink:EntityToDiseaseOrPhenotypicFeatureAssociation,knowledge_assertion,manual_agent,https://purl.humanatlas.io/vocab/hp
HGNC:5157,biolink:has_phenotype,HP:0000791,biolink:EntityToDiseaseOrPhenotypicFeatureAssociation,knowledge_assertion,manual_agent,https://purl.humanatlas.io/vocab/hp
HGNC:5157,biolink:has_phenotype,HP:0000790,biolink:EntityToDiseaseOrPhenotypicFeatureAssociation,knowledge_assertion,manual_agent,https://purl.humanatlas.io/vocab/hp
HGNC:5157,biolink:has_phenotype,HP:0000787,biolink:EntityToDiseaseOrPhenotypicFeatureAssociation,knowledge_assertion,manual_agent,https://purl.humanatlas.io/vocab/hp
HGNC:5157,biolink:has_phenotype,HP:0000787,biolink:EntityToDiseaseOrPhenotypicFeatureAssociation,knowledge_assertion,manual_agent,https://purl.humanatlas.io/vocab/hp
HGNC:5157,biolink:has_phenotype,HP:0012587,biolink:EntityToDiseaseOrPhenotypicFeatureAssociation,knowledge_assertion,manual_agent,https://purl.humanatlas.io/vocab/hp
HGNC:5163,biolink:has_phenotype,HP:0000083,biolink:EntityToDiseaseOrPhenotypicFeatureAssociation,knowledge_assertion,manual_agent,https://purl.humanatlas.io/vocab/hp
HGNC:5173,biolink:has_phenotype,HP:0000083,biolink:EntityToDiseaseOrPhenotypicFeatureAssociation,knowledge_assertion,manual_agent,https://purl.humanatlas.io/vocab/hp
HGNC:5173,biolink:has_phenotype,HP:0000085,biolink:EntityToDiseaseOrPhenotypicFeatureAssociation,knowledge_assertion,manual_agent,https://purl.humanatlas.io/vocab/hp
HGNC:5173,biolink:has_phenotype,HP:0002667,biolink:EntityToDiseaseOrPhenotypicFeatureAssociation,knowledge_assertion,manual_agent,https://purl.humanatlas.io/vocab/hp
HGNC:5173,biolink:has_phenotype,HP:0030409,biolink:EntityToDiseaseOrPhenotypicFeatureAssociation,knowledge_assertion,manual_agent,https://purl.humanatlas.io/vocab/hp
HGNC:5173,biolink:has_phenotype,HP:0012583,biolink:EntityToDiseaseOrPhenotypicFeatureAssociation,knowledge_assertion,manual_agent,https://purl.humanatlas.io/vocab/hp
HGNC:5209,biolink:has_phenotype,HP:0000083,biolink:EntityToDiseaseOrPhenotypicFeatureAssociation,knowledge_assertion,manual_agent,https://purl.humanatlas.io/vocab/hp
HGNC:5209,biolink:has_phenotype,HP:0000121,biolink:EntityToDiseaseOrPhenotypicFeatureAssociation,knowledge_assertion,manual_agent,https://purl.humanatlas.io/vocab/hp
HGNC:5213,biolink:has_phenotype,HP:0000107,biolink:EntityToDiseaseOrPhenotypicFeatureAssociation,knowledge_assertion,manual_agent,https://purl.humanatlas.io/vocab/hp
HGNC:5244,biolink:has_phenotype,HP:0000089,biolink:EntityToDiseaseOrPhenotypicFeatureAssociation,knowledge_assertion,manual_agent,https://purl.humanatlas.io/vocab/hp
HGNC:5273,biolink:has_phenotype,HP:0000126,biolink:EntityToDiseaseOrPhenotypicFeatureAssociation,knowledge_assertion,manual_agent,https://purl.humanatlas.io/vocab/hp
HGNC:5273,biolink:has_phenotype,HP:0000107,biolink:EntityToDiseaseOrPhenotypicFeatureAssociation,knowledge_assertion,manual_agent,https://purl.humanatlas.io/vocab/hp
HGNC:5273,biolink:has_phenotype,HP:0000787,biolink:EntityToDiseaseOrPhenotypicFeatureAssociation,knowledge_assertion,manual_agent,https://purl.humanatlas.io/vocab/hp
HGNC:5330,biolink:has_phenotype,HP:0000081,biolink:EntityToDiseaseOrPhenotypicFeatureAssociation,knowledge_assertion,manual_agent,https://purl.humanatlas.io/vocab/hp
HGNC:5330,biolink:has_phenotype,HP:0000081,biolink:EntityToDiseaseOrPhenotypicFeatureAssociation,knowledge_assertion,manual_agent,https://purl.humanatlas.io/vocab/hp
HGNC:5330,biolink:has_phenotype,HP:0000126,biolink:EntityToDiseaseOrPhenotypicFeatureAssociation,knowledge_assertion,manual_agent,https://purl.humanatlas.io/vocab/hp
HGNC:5330,biolink:has_phenotype,HP:0000126,biolink:EntityToDiseaseOrPhenotypicFeatureAssociation,knowledge_assertion,manual_agent,https://purl.humanatlas.io/vocab/hp
HGNC:5382,biolink:has_phenotype,HP:0000122,biolink:EntityToDiseaseOrPhenotypicFeatureAssociation,knowledge_assertion,manual_agent,https://purl.humanatlas.io/vocab/hp
HGNC:5394,biolink:has_phenotype,HP:0000083,biolink:EntityToDiseaseOrPhenotypicFeatureAssociation,knowledge_assertion,manual_agent,https://purl.humanatlas.io/vocab/hp
HGNC:5394,biolink:has_phenotype,HP:0000099,biolink:EntityToDiseaseOrPhenotypicFeatureAssociation,knowledge_assertion,manual_agent,https://purl.humanatlas.io/vocab/hp
HGNC:5394,biolink:has_phenotype,HP:0100519,biolink:EntityToDiseaseOrPhenotypicFeatureAssociation,knowledge_assertion,manual_agent,https://purl.humanatlas.io/vocab/hp
HGNC:5394,biolink:has_phenotype,HP:0005575,biolink:EntityToDiseaseOrPhenotypicFeatureAssociation,knowledge_assertion,manual_agent,https://purl.humanatlas.io/vocab/hp
HGNC:5394,biolink:has_phenotype,HP:0001919,biolink:EntityToDiseaseOrPhenotypicFeatureAssociation,knowledge_assertion,manual_agent,https://purl.humanatlas.io/vocab/hp
HGNC:5394,biolink:has_phenotype,HP:0001919,biolink:EntityToDiseaseOrPhenotypicFeatureAssociation,knowledge_assertion,manual_agent,https://purl.humanatlas.io/vocab/hp
HGNC:5394,biolink:has_phenotype,HP:0000790,biolink:EntityToDiseaseOrPhenotypicFeatureAssociation,knowledge_assertion,manual_agent,https://purl.humanatlas.io/vocab/hp
HGNC:5394,biolink:has_phenotype,HP:0012330,biolink:EntityToDiseaseOrPhenotypicFeatureAssociation,knowledge_assertion,manual_agent,https://purl.humanatlas.io/vocab/hp
HGNC:5438,biolink:has_phenotype,HP:0003774,biolink:EntityToDiseaseOrPhenotypicFeatureAssociation,knowledge_assertion,manual_agent,https://purl.humanatlas.io/vocab/hp
HGNC:5438,biolink:has_phenotype,HP:0000083,biolink:EntityToDiseaseOrPhenotypicFeatureAssociation,knowledge_assertion,manual_agent,https://purl.humanatlas.io/vocab/hp
HGNC:5438,biolink:has_phenotype,HP:0000113,biolink:EntityToDiseaseOrPhenotypicFeatureAssociation,knowledge_assertion,manual_agent,https://purl.humanatlas.io/vocab/hp
HGNC:5438,biolink:has_phenotype,HP:0000107,biolink:EntityToDiseaseOrPhenotypicFeatureAssociation,knowledge_assertion,manual_agent,https://purl.humanatlas.io/vocab/hp
HGNC:5438,biolink:has_phenotype,HP:0000107,biolink:EntityToDiseaseOrPhenotypicFeatureAssociation,knowledge_assertion,manual_agent,https://purl.humanatlas.io/vocab/hp
HGNC:5438,biolink:has_phenotype,HP:0005584,biolink:EntityToDiseaseOrPhenotypicFeatureAssociation,knowledge_assertion,manual_agent,https://purl.humanatlas.io/vocab/hp
HGNC:5438,biolink:has_phenotype,HP:0005584,biolink:EntityToDiseaseOrPhenotypicFeatureAssociation,knowledge_assertion,manual_agent,https://purl.humanatlas.io/vocab/hp
HGNC:5438,biolink:has_phenotype,HP:0005564,biolink:EntityToDiseaseOrPhenotypicFeatureAssociation,knowledge_assertion,manual_agent,https://purl.humanatlas.io/vocab/hp
HGNC:5438,biolink:has_phenotype,HP:0012622,biolink:EntityToDiseaseOrPhenotypicFeatureAssociation,knowledge_assertion,manual_agent,https://purl.humanatlas.io/vocab/hp
HGNC:5438,biolink:has_phenotype,HP:0006772,biolink:EntityToDiseaseOrPhenotypicFeatureAssociation,knowledge_assertion,manual_agent,https://purl.humanatlas.io/vocab/hp
HGNC:5438,biolink:has_phenotype,HP:0006772,biolink:EntityToDiseaseOrPhenotypicFeatureAssociation,knowledge_assertion,manual_agent,https://purl.humanatlas.io/vocab/hp
HGNC:5439,biolink:has_phenotype,HP:0100820,biolink:EntityToDiseaseOrPhenotypicFeatureAssociation,knowledge_assertion,manual_agent,https://purl.humanatlas.io/vocab/hp
HGNC:5439,biolink:has_phenotype,HP:0000083,biolink:EntityToDiseaseOrPhenotypicFeatureAssociation,knowledge_assertion,manual_agent,https://purl.humanatlas.io/vocab/hp
HGNC:5439,biolink:has_phenotype,HP:0000099,biolink:EntityToDiseaseOrPhenotypicFeatureAssociation,knowledge_assertion,manual_agent,https://purl.humanatlas.io/vocab/hp
HGNC:5466,biolink:has_phenotype,HP:0002667,biolink:EntityToDiseaseOrPhenotypicFeatureAssociation,knowledge_assertion,manual_agent,https://purl.humanatlas.io/vocab/hp
HGNC:5466,biolink:has_phenotype,HP:0002667,biolink:EntityToDiseaseOrPhenotypicFeatureAssociation,knowledge_assertion,manual_agent,https://purl.humanatlas.io/vocab/hp
HGNC:5466,biolink:has_phenotype,HP:0002667,biolink:EntityToDiseaseOrPhenotypicFeatureAssociation,knowledge_assertion,manual_agent,https://purl.humanatlas.io/vocab/hp
HGNC:5466,biolink:has_phenotype,HP:0002667,biolink:EntityToDiseaseOrPhenotypicFeatureAssociation,knowledge_assertion,manual_agent,https://purl.humanatlas.io/vocab/hp
HGNC:5466,biolink:has_phenotype,HP:0000121,biolink:EntityToDiseaseOrPhenotypicFeatureAssociation,knowledge_assertion,manual_agent,https://purl.humanatlas.io/vocab/hp
HGNC:5466,biolink:has_phenotype,HP:0000105,biolink:EntityToDiseaseOrPhenotypicFeatureAssociation,knowledge_assertion,manual_agent,https://purl.humanatlas.io/vocab/hp
HGNC:5466,biolink:has_phenotype,HP:0000803,biolink:EntityToDiseaseOrPhenotypicFeatureAssociation,knowledge_assertion,manual_agent,https://purl.humanatlas.io/vocab/hp
HGNC:5466,biolink:has_phenotype,HP:0000787,biolink:EntityToDiseaseOrPhenotypicFeatureAssociation,knowledge_assertion,manual_agent,https://purl.humanatlas.io/vocab/hp
HGNC:5525,biolink:has_phenotype,HP:0033726,biolink:EntityToDiseaseOrPhenotypicFeatureAssociation,knowledge_assertion,manual_agent,https://purl.humanatlas.io/vocab/hp
HGNC:5525,biolink:has_phenotype,HP:0000790,biolink:EntityToDiseaseOrPhenotypicFeatureAssociation,knowledge_assertion,manual_agent,https://purl.humanatlas.io/vocab/hp
HGNC:6010,biolink:has_phenotype,HP:0000100,biolink:EntityToDiseaseOrPhenotypicFeatureAssociation,knowledge_assertion,manual_agent,https://purl.humanatlas.io/vocab/hp
HGNC:6018,biolink:has_phenotype,HP:0000099,biolink:EntityToDiseaseOrPhenotypicFeatureAssociation,knowledge_assertion,manual_agent,https://purl.humanatlas.io/vocab/hp
HGNC:6018,biolink:has_phenotype,HP:0000103,biolink:EntityToDiseaseOrPhenotypicFeatureAssociation,knowledge_assertion,manual_agent,https://purl.humanatlas.io/vocab/hp
HGNC:6024,biolink:has_phenotype,HP:0000100,biolink:EntityToDiseaseOrPhenotypicFeatureAssociation,knowledge_assertion,manual_agent,https://purl.humanatlas.io/vocab/hp
HGNC:5962,biolink:has_phenotype,HP:0100820,biolink:EntityToDiseaseOrPhenotypicFeatureAssociation,knowledge_assertion,manual_agent,https://purl.humanatlas.io/vocab/hp
HGNC:5962,biolink:has_phenotype,HP:0000083,biolink:EntityToDiseaseOrPhenotypicFeatureAssociation,knowledge_assertion,manual_agent,https://purl.humanatlas.io/vocab/hp
HGNC:5962,biolink:has_phenotype,HP:0000099,biolink:EntityToDiseaseOrPhenotypicFeatureAssociation,knowledge_assertion,manual_agent,https://purl.humanatlas.io/vocab/hp
HGNC:5962,biolink:has_phenotype,HP:0033726,biolink:EntityToDiseaseOrPhenotypicFeatureAssociation,knowledge_assertion,manual_agent,https://purl.humanatlas.io/vocab/hp
HGNC:5962,biolink:has_phenotype,HP:0000790,biolink:EntityToDiseaseOrPhenotypicFeatureAssociation,knowledge_assertion,manual_agent,https://purl.humanatlas.io/vocab/hp
HGNC:5969,biolink:has_phenotype,HP:0100820,biolink:EntityToDiseaseOrPhenotypicFeatureAssociation,knowledge_assertion,manual_agent,https://purl.humanatlas.io/vocab/hp
HGNC:5969,biolink:has_phenotype,HP:0000083,biolink:EntityToDiseaseOrPhenotypicFeatureAssociation,knowledge_assertion,manual_agent,https://purl.humanatlas.io/vocab/hp
HGNC:5969,biolink:has_phenotype,HP:0000099,biolink:EntityToDiseaseOrPhenotypicFeatureAssociation,knowledge_assertion,manual_agent,https://purl.humanatlas.io/vocab/hp
HGNC:5970,biolink:has_phenotype,HP:0001920,biolink:EntityToDiseaseOrPhenotypicFeatureAssociation,knowledge_assertion,manual_agent,https://purl.humanatlas.io/vocab/hp
HGNC:6081,biolink:has_phenotype,HP:0000124,biolink:EntityToDiseaseOrPhenotypicFeatureAssociation,knowledge_assertion,manual_agent,https://purl.humanatlas.io/vocab/hp
HGNC:6081,biolink:has_phenotype,HP:0000112,biolink:EntityToDiseaseOrPhenotypicFeatureAssociation,knowledge_assertion,manual_agent,https://purl.humanatlas.io/vocab/hp
HGNC:6081,biolink:has_phenotype,HP:0000107,biolink:EntityToDiseaseOrPhenotypicFeatureAssociation,knowledge_assertion,manual_agent,https://purl.humanatlas.io/vocab/hp
HGNC:6086,biolink:has_phenotype,HP:0000104,biolink:EntityToDiseaseOrPhenotypicFeatureAssociation,knowledge_assertion,manual_agent,https://purl.humanatlas.io/vocab/hp
HGNC:6091,biolink:has_phenotype,HP:0000121,biolink:EntityToDiseaseOrPhenotypicFeatureAssociation,knowledge_assertion,manual_agent,https://purl.humanatlas.io/vocab/hp
HGNC:6091,biolink:has_phenotype,HP:0000121,biolink:EntityToDiseaseOrPhenotypicFeatureAssociation,knowledge_assertion,manual_agent,https://purl.humanatlas.io/vocab/hp
HGNC:6091,biolink:has_phenotype,HP:0000105,biolink:EntityToDiseaseOrPhenotypicFeatureAssociation,knowledge_assertion,manual_agent,https://purl.humanatlas.io/vocab/hp
HGNC:6091,biolink:has_phenotype,HP:0000105,biolink:EntityToDiseaseOrPhenotypicFeatureAssociation,knowledge_assertion,manual_agent,https://purl.humanatlas.io/vocab/hp
HGNC:6091,biolink:has_phenotype,HP:0012408,biolink:EntityToDiseaseOrPhenotypicFeatureAssociation,knowledge_assertion,manual_agent,https://purl.humanatlas.io/vocab/hp
HGNC:6107,biolink:has_phenotype,HP:0000124,biolink:EntityToDiseaseOrPhenotypicFeatureAssociation,knowledge_assertion,manual_agent,https://purl.humanatlas.io/vocab/hp
HGNC:6107,biolink:has_phenotype,HP:0000112,biolink:EntityToDiseaseOrPhenotypicFeatureAssociation,knowledge_assertion,manual_agent,https://purl.humanatlas.io/vocab/hp
HGNC:6107,biolink:has_phenotype,HP:0000107,biolink:EntityToDiseaseOrPhenotypicFeatureAssociation,knowledge_assertion,manual_agent,https://purl.humanatlas.io/vocab/hp
HGNC:6112,biolink:has_phenotype,HP:0000083,biolink:EntityToDiseaseOrPhenotypicFeatureAssociation,knowledge_assertion,manual_agent,https://purl.humanatlas.io/vocab/hp
HGNC:6112,biolink:has_phenotype,HP:0033726,biolink:EntityToDiseaseOrPhenotypicFeatureAssociation,knowledge_assertion,manual_agent,https://purl.humanatlas.io/vocab/hp
HGNC:6112,biolink:has_phenotype,HP:0000123,biolink:EntityToDiseaseOrPhenotypicFeatureAssociation,knowledge_assertion,manual_agent,https://purl.humanatlas.io/vocab/hp
HGNC:6112,biolink:has_phenotype,HP:0000100,biolink:EntityToDiseaseOrPhenotypicFeatureAssociation,knowledge_assertion,manual_agent,https://purl.humanatlas.io/vocab/hp
HGNC:6112,biolink:has_phenotype,HP:0000790,biolink:EntityToDiseaseOrPhenotypicFeatureAssociation,knowledge_assertion,manual_agent,https://purl.humanatlas.io/vocab/hp
HGNC:6112,biolink:has_phenotype,HP:0000790,biolink:EntityToDiseaseOrPhenotypicFeatureAssociation,knowledge_assertion,manual_agent,https://purl.humanatlas.io/vocab/hp
HGNC:6142,biolink:has_phenotype,HP:0000075,biolink:EntityToDiseaseOrPhenotypicFeatureAssociation,knowledge_assertion,manual_agent,https://purl.humanatlas.io/vocab/hp
HGNC:6142,biolink:has_phenotype,HP:0000126,biolink:EntityToDiseaseOrPhenotypicFeatureAssociation,knowledge_assertion,manual_agent,https://purl.humanatlas.io/vocab/hp
HGNC:6142,biolink:has_phenotype,HP:0000110,biolink:EntityToDiseaseOrPhenotypicFeatureAssociation,knowledge_assertion,manual_agent,https://purl.humanatlas.io/vocab/hp
HGNC:6142,biolink:has_phenotype,HP:0000790,biolink:EntityToDiseaseOrPhenotypicFeatureAssociation,knowledge_assertion,manual_agent,https://purl.humanatlas.io/vocab/hp
HGNC:6120,biolink:has_phenotype,HP:0000083,biolink:EntityToDiseaseOrPhenotypicFeatureAssociation,knowledge_assertion,manual_agent,https://purl.humanatlas.io/vocab/hp
HGNC:6120,biolink:has_phenotype,HP:0033726,biolink:EntityToDiseaseOrPhenotypicFeatureAssociation,knowledge_assertion,manual_agent,https://purl.humanatlas.io/vocab/hp
HGNC:6120,biolink:has_phenotype,HP:0100520,biolink:EntityToDiseaseOrPhenotypicFeatureAssociation,knowledge_assertion,manual_agent,https://purl.humanatlas.io/vocab/hp
HGNC:6120,biolink:has_phenotype,HP:0000790,biolink:EntityToDiseaseOrPhenotypicFeatureAssociation,knowledge_assertion,manual_agent,https://purl.humanatlas.io/vocab/hp
HGNC:6137,biolink:has_phenotype,HP:0000790,biolink:EntityToDiseaseOrPhenotypicFeatureAssociation,knowledge_assertion,manual_agent,https://purl.humanatlas.io/vocab/hp
HGNC:6138,biolink:has_phenotype,HP:0000790,biolink:EntityToDiseaseOrPhenotypicFeatureAssociation,knowledge_assertion,manual_agent,https://purl.humanatlas.io/vocab/hp
HGNC:6138,biolink:has_phenotype,HP:0012587,biolink:EntityToDiseaseOrPhenotypicFeatureAssociation,knowledge_assertion,manual_agent,https://purl.humanatlas.io/vocab/hp
HGNC:6139,biolink:has_phenotype,HP:0000083,biolink:EntityToDiseaseOrPhenotypicFeatureAssociation,knowledge_assertion,manual_agent,https://purl.humanatlas.io/vocab/hp
HGNC:6139,biolink:has_phenotype,HP:0000097,biolink:EntityToDiseaseOrPhenotypicFeatureAssociation,knowledge_assertion,manual_agent,https://purl.humanatlas.io/vocab/hp
HGNC:6139,biolink:has_phenotype,HP:0000092,biolink:EntityToDiseaseOrPhenotypicFeatureAssociation,knowledge_assertion,manual_agent,https://purl.humanatlas.io/vocab/hp
HGNC:6139,biolink:has_phenotype,HP:0000100,biolink:EntityToDiseaseOrPhenotypicFeatureAssociation,knowledge_assertion,manual_agent,https://purl.humanatlas.io/vocab/hp
HGNC:6139,biolink:has_phenotype,HP:0012213,biolink:EntityToDiseaseOrPhenotypicFeatureAssociation,knowledge_assertion,manual_agent,https://purl.humanatlas.io/vocab/hp
HGNC:6149,biolink:has_phenotype,HP:0033726,biolink:EntityToDiseaseOrPhenotypicFeatureAssociation,knowledge_assertion,manual_agent,https://purl.humanatlas.io/vocab/hp
HGNC:6149,biolink:has_phenotype,HP:0000790,biolink:EntityToDiseaseOrPhenotypicFeatureAssociation,knowledge_assertion,manual_agent,https://purl.humanatlas.io/vocab/hp
HGNC:6156,biolink:has_phenotype,HP:0000790,biolink:EntityToDiseaseOrPhenotypicFeatureAssociation,knowledge_assertion,manual_agent,https://purl.humanatlas.io/vocab/hp
HGNC:6156,biolink:has_phenotype,HP:0012587,biolink:EntityToDiseaseOrPhenotypicFeatureAssociation,knowledge_assertion,manual_agent,https://purl.humanatlas.io/vocab/hp
HGNC:6158,biolink:has_phenotype,HP:0000096,biolink:EntityToDiseaseOrPhenotypicFeatureAssociation,knowledge_assertion,manual_agent,https://purl.humanatlas.io/vocab/hp
HGNC:6158,biolink:has_phenotype,HP:0000075,biolink:EntityToDiseaseOrPhenotypicFeatureAssociation,knowledge_assertion,manual_agent,https://purl.humanatlas.io/vocab/hp
HGNC:6158,biolink:has_phenotype,HP:0000075,biolink:EntityToDiseaseOrPhenotypicFeatureAssociation,knowledge_assertion,manual_agent,https://purl.humanatlas.io/vocab/hp
HGNC:6158,biolink:has_phenotype,HP:0000126,biolink:EntityToDiseaseOrPhenotypicFeatureAssociation,knowledge_assertion,manual_agent,https://purl.humanatlas.io/vocab/hp
HGNC:6158,biolink:has_phenotype,HP:0000126,biolink:EntityToDiseaseOrPhenotypicFeatureAssociation,knowledge_assertion,manual_agent,https://purl.humanatlas.io/vocab/hp
HGNC:6158,biolink:has_phenotype,HP:0000110,biolink:EntityToDiseaseOrPhenotypicFeatureAssociation,knowledge_assertion,manual_agent,https://purl.humanatlas.io/vocab/hp
HGNC:6158,biolink:has_phenotype,HP:0000110,biolink:EntityToDiseaseOrPhenotypicFeatureAssociation,knowledge_assertion,manual_agent,https://purl.humanatlas.io/vocab/hp
HGNC:6158,biolink:has_phenotype,HP:0000790,biolink:EntityToDiseaseOrPhenotypicFeatureAssociation,knowledge_assertion,manual_agent,https://purl.humanatlas.io/vocab/hp
HGNC:6180,biolink:has_phenotype,HP:0000089,biolink:EntityToDiseaseOrPhenotypicFeatureAssociation,knowledge_assertion,manual_agent,https://purl.humanatlas.io/vocab/hp
HGNC:6186,biolink:has_phenotype,HP:0001994,biolink:EntityToDiseaseOrPhenotypicFeatureAssociation,knowledge_assertion,manual_agent,https://purl.humanatlas.io/vocab/hp
HGNC:6190,biolink:has_phenotype,HP:0000100,biolink:EntityToDiseaseOrPhenotypicFeatureAssociation,knowledge_assertion,manual_agent,https://purl.humanatlas.io/vocab/hp
HGNC:6190,biolink:has_phenotype,HP:0012578,biolink:EntityToDiseaseOrPhenotypicFeatureAssociation,knowledge_assertion,manual_agent,https://purl.humanatlas.io/vocab/hp
HGNC:6192,biolink:has_phenotype,HP:0000083,biolink:EntityToDiseaseOrPhenotypicFeatureAssociation,knowledge_assertion,manual_agent,https://purl.humanatlas.io/vocab/hp
HGNC:6211,biolink:has_phenotype,HP:0000122,biolink:EntityToDiseaseOrPhenotypicFeatureAssociation,knowledge_assertion,manual_agent,https://purl.humanatlas.io/vocab/hp
HGNC:6211,biolink:has_phenotype,HP:0000104,biolink:EntityToDiseaseOrPhenotypicFeatureAssociation,knowledge_assertion,manual_agent,https://purl.humanatlas.io/vocab/hp
HGNC:6215,biolink:has_phenotype,HP:0000083,biolink:EntityToDiseaseOrPhenotypicFeatureAssociation,knowledge_assertion,manual_agent,https://purl.humanatlas.io/vocab/hp
HGNC:6218,biolink:has_phenotype,HP:0000110,biolink:EntityToDiseaseOrPhenotypicFeatureAssociation,knowledge_assertion,manual_agent,https://purl.humanatlas.io/vocab/hp
HGNC:6250,biolink:has_phenotype,HP:0000787,biolink:EntityToDiseaseOrPhenotypicFeatureAssociation,knowledge_assertion,manual_agent,https://purl.humanatlas.io/vocab/hp
HGNC:6255,biolink:has_phenotype,HP:0000121,biolink:EntityToDiseaseOrPhenotypicFeatureAssociation,knowledge_assertion,manual_agent,https://purl.humanatlas.io/vocab/hp
HGNC:6255,biolink:has_phenotype,HP:0000111,biolink:EntityToDiseaseOrPhenotypicFeatureAssociation,knowledge_assertion,manual_agent,https://purl.humanatlas.io/vocab/hp
HGNC:6255,biolink:has_phenotype,HP:0000103,biolink:EntityToDiseaseOrPhenotypicFeatureAssociation,knowledge_assertion,manual_agent,https://purl.humanatlas.io/vocab/hp
HGNC:6263,biolink:has_phenotype,HP:0000089,biolink:EntityToDiseaseOrPhenotypicFeatureAssociation,knowledge_assertion,manual_agent,https://purl.humanatlas.io/vocab/hp
HGNC:6263,biolink:has_phenotype,HP:0000124,biolink:EntityToDiseaseOrPhenotypicFeatureAssociation,knowledge_assertion,manual_agent,https://purl.humanatlas.io/vocab/hp
HGNC:6266,biolink:has_phenotype,HP:0000089,biolink:EntityToDiseaseOrPhenotypicFeatureAssociation,knowledge_assertion,manual_agent,https://purl.humanatlas.io/vocab/hp
HGNC:6266,biolink:has_phenotype,HP:0000124,biolink:EntityToDiseaseOrPhenotypicFeatureAssociation,knowledge_assertion,manual_agent,https://purl.humanatlas.io/vocab/hp
HGNC:6266,biolink:has_phenotype,HP:0000103,biolink:EntityToDiseaseOrPhenotypicFeatureAssociation,knowledge_assertion,manual_agent,https://purl.humanatlas.io/vocab/hp
HGNC:6256,biolink:has_phenotype,HP:0000112,biolink:EntityToDiseaseOrPhenotypicFeatureAssociation,knowledge_assertion,manual_agent,https://purl.humanatlas.io/vocab/hp
HGNC:6256,biolink:has_phenotype,HP:0000103,biolink:EntityToDiseaseOrPhenotypicFeatureAssociation,knowledge_assertion,manual_agent,https://purl.humanatlas.io/vocab/hp
HGNC:6257,biolink:has_phenotype,HP:0000124,biolink:EntityToDiseaseOrPhenotypicFeatureAssociation,knowledge_assertion,manual_agent,https://purl.humanatlas.io/vocab/hp
HGNC:6257,biolink:has_phenotype,HP:0000112,biolink:EntityToDiseaseOrPhenotypicFeatureAssociation,knowledge_assertion,manual_agent,https://purl.humanatlas.io/vocab/hp
HGNC:6257,biolink:has_phenotype,HP:0000107,biolink:EntityToDiseaseOrPhenotypicFeatureAssociation,knowledge_assertion,manual_agent,https://purl.humanatlas.io/vocab/hp
HGNC:6293,biolink:has_phenotype,HP:0000787,biolink:EntityToDiseaseOrPhenotypicFeatureAssociation,knowledge_assertion,manual_agent,https://purl.humanatlas.io/vocab/hp
HGNC:6294,biolink:has_phenotype,HP:0002667,biolink:EntityToDiseaseOrPhenotypicFeatureAssociation,knowledge_assertion,manual_agent,https://purl.humanatlas.io/vocab/hp
HGNC:6294,biolink:has_phenotype,HP:0000121,biolink:EntityToDiseaseOrPhenotypicFeatureAssociation,knowledge_assertion,manual_agent,https://purl.humanatlas.io/vocab/hp
HGNC:6294,biolink:has_phenotype,HP:0000105,biolink:EntityToDiseaseOrPhenotypicFeatureAssociation,knowledge_assertion,manual_agent,https://purl.humanatlas.io/vocab/hp
HGNC:6294,biolink:has_phenotype,HP:0000803,biolink:EntityToDiseaseOrPhenotypicFeatureAssociation,knowledge_assertion,manual_agent,https://purl.humanatlas.io/vocab/hp
HGNC:6294,biolink:has_phenotype,HP:0000787,biolink:EntityToDiseaseOrPhenotypicFeatureAssociation,knowledge_assertion,manual_agent,https://purl.humanatlas.io/vocab/hp
HGNC:6407,biolink:has_phenotype,HP:0010946,biolink:EntityToDiseaseOrPhenotypicFeatureAssociation,knowledge_assertion,manual_agent,https://purl.humanatlas.io/vocab/hp
HGNC:6407,biolink:has_phenotype,HP:0000085,biolink:EntityToDiseaseOrPhenotypicFeatureAssociation,knowledge_assertion,manual_agent,https://purl.humanatlas.io/vocab/hp
HGNC:6407,biolink:has_phenotype,HP:0000126,biolink:EntityToDiseaseOrPhenotypicFeatureAssociation,knowledge_assertion,manual_agent,https://purl.humanatlas.io/vocab/hp
HGNC:6407,biolink:has_phenotype,HP:0009726,biolink:EntityToDiseaseOrPhenotypicFeatureAssociation,knowledge_assertion,manual_agent,https://purl.humanatlas.io/vocab/hp
HGNC:6427,biolink:has_phenotype,HP:0000787,biolink:EntityToDiseaseOrPhenotypicFeatureAssociation,knowledge_assertion,manual_agent,https://purl.humanatlas.io/vocab/hp
HGNC:6473,biolink:has_phenotype,HP:0000089,biolink:EntityToDiseaseOrPhenotypicFeatureAssociation,knowledge_assertion,manual_agent,https://purl.humanatlas.io/vocab/hp
HGNC:6473,biolink:has_phenotype,HP:0000085,biolink:EntityToDiseaseOrPhenotypicFeatureAssociation,knowledge_assertion,manual_agent,https://purl.humanatlas.io/vocab/hp
HGNC:6483,biolink:has_phenotype,HP:0008682,biolink:EntityToDiseaseOrPhenotypicFeatureAssociation,knowledge_assertion,manual_agent,https://purl.humanatlas.io/vocab/hp
HGNC:6483,biolink:has_phenotype,HP:0000081,biolink:EntityToDiseaseOrPhenotypicFeatureAssociation,knowledge_assertion,manual_agent,https://purl.humanatlas.io/vocab/hp
HGNC:6483,biolink:has_phenotype,HP:0000003,biolink:EntityToDiseaseOrPhenotypicFeatureAssociation,knowledge_assertion,manual_agent,https://purl.humanatlas.io/vocab/hp
HGNC:6483,biolink:has_phenotype,HP:0000126,biolink:EntityToDiseaseOrPhenotypicFeatureAssociation,knowledge_assertion,manual_agent,https://purl.humanatlas.io/vocab/hp
HGNC:6483,biolink:has_phenotype,HP:0000107,biolink:EntityToDiseaseOrPhenotypicFeatureAssociation,knowledge_assertion,manual_agent,https://purl.humanatlas.io/vocab/hp
HGNC:6485,biolink:has_phenotype,HP:0003774,biolink:EntityToDiseaseOrPhenotypicFeatureAssociation,knowledge_assertion,manual_agent,https://purl.humanatlas.io/vocab/hp
HGNC:6485,biolink:has_phenotype,HP:0003774,biolink:EntityToDiseaseOrPhenotypicFeatureAssociation,knowledge_assertion,manual_agent,https://purl.humanatlas.io/vocab/hp
HGNC:6485,biolink:has_phenotype,HP:0000097,biolink:EntityToDiseaseOrPhenotypicFeatureAssociation,knowledge_assertion,manual_agent,https://purl.humanatlas.io/vocab/hp
HGNC:6485,biolink:has_phenotype,HP:0000097,biolink:EntityToDiseaseOrPhenotypicFeatureAssociation,knowledge_assertion,manual_agent,https://purl.humanatlas.io/vocab/hp
HGNC:6485,biolink:has_phenotype,HP:0000100,biolink:EntityToDiseaseOrPhenotypicFeatureAssociation,knowledge_assertion,manual_agent,https://purl.humanatlas.io/vocab/hp
HGNC:6485,biolink:has_phenotype,HP:0012622,biolink:EntityToDiseaseOrPhenotypicFeatureAssociation,knowledge_assertion,manual_agent,https://purl.humanatlas.io/vocab/hp
HGNC:6485,biolink:has_phenotype,HP:0001967,biolink:EntityToDiseaseOrPhenotypicFeatureAssociation,knowledge_assertion,manual_agent,https://purl.humanatlas.io/vocab/hp
HGNC:6485,biolink:has_phenotype,HP:0012588,biolink:EntityToDiseaseOrPhenotypicFeatureAssociation,knowledge_assertion,manual_agent,https://purl.humanatlas.io/vocab/hp
HGNC:6485,biolink:has_phenotype,HP:0012579,biolink:EntityToDiseaseOrPhenotypicFeatureAssociation,knowledge_assertion,manual_agent,https://purl.humanatlas.io/vocab/hp
HGNC:6487,biolink:has_phenotype,HP:0003774,biolink:EntityToDiseaseOrPhenotypicFeatureAssociation,knowledge_assertion,manual_agent,https://purl.humanatlas.io/vocab/hp
HGNC:6487,biolink:has_phenotype,HP:0003774,biolink:EntityToDiseaseOrPhenotypicFeatureAssociation,knowledge_assertion,manual_agent,https://purl.humanatlas.io/vocab/hp
HGNC:6487,biolink:has_phenotype,HP:0008677,biolink:EntityToDiseaseOrPhenotypicFeatureAssociation,knowledge_assertion,manual_agent,https://purl.humanatlas.io/vocab/hp
HGNC:6487,biolink:has_phenotype,HP:0000083,biolink:EntityToDiseaseOrPhenotypicFeatureAssociation,knowledge_assertion,manual_agent,https://purl.humanatlas.io/vocab/hp
HGNC:6487,biolink:has_phenotype,HP:0000083,biolink:EntityToDiseaseOrPhenotypicFeatureAssociation,knowledge_assertion,manual_agent,https://purl.humanatlas.io/vocab/hp
HGNC:6487,biolink:has_phenotype,HP:0000099,biolink:EntityToDiseaseOrPhenotypicFeatureAssociation,knowledge_assertion,manual_agent,https://purl.humanatlas.io/vocab/hp
HGNC:6487,biolink:has_phenotype,HP:0000097,biolink:EntityToDiseaseOrPhenotypicFeatureAssociation,knowledge_assertion,manual_agent,https://purl.humanatlas.io/vocab/hp
HGNC:6487,biolink:has_phenotype,HP:0031266,biolink:EntityToDiseaseOrPhenotypicFeatureAssociation,knowledge_assertion,manual_agent,https://purl.humanatlas.io/vocab/hp
HGNC:6487,biolink:has_phenotype,HP:0000100,biolink:EntityToDiseaseOrPhenotypicFeatureAssociation,knowledge_assertion,manual_agent,https://purl.humanatlas.io/vocab/hp
HGNC:6487,biolink:has_phenotype,HP:0000100,biolink:EntityToDiseaseOrPhenotypicFeatureAssociation,knowledge_assertion,manual_agent,https://purl.humanatlas.io/vocab/hp
HGNC:6487,biolink:has_phenotype,HP:0032582,biolink:EntityToDiseaseOrPhenotypicFeatureAssociation,knowledge_assertion,manual_agent,https://purl.humanatlas.io/vocab/hp
HGNC:6487,biolink:has_phenotype,HP:0004719,biolink:EntityToDiseaseOrPhenotypicFeatureAssociation,knowledge_assertion,manual_agent,https://purl.humanatlas.io/vocab/hp
HGNC:6487,biolink:has_phenotype,HP:0001967,biolink:EntityToDiseaseOrPhenotypicFeatureAssociation,knowledge_assertion,manual_agent,https://purl.humanatlas.io/vocab/hp
HGNC:6487,biolink:has_phenotype,HP:0001967,biolink:EntityToDiseaseOrPhenotypicFeatureAssociation,knowledge_assertion,manual_agent,https://purl.humanatlas.io/vocab/hp
HGNC:6487,biolink:has_phenotype,HP:0001967,biolink:EntityToDiseaseOrPhenotypicFeatureAssociation,knowledge_assertion,manual_agent,https://purl.humanatlas.io/vocab/hp
HGNC:6487,biolink:has_phenotype,HP:0000790,biolink:EntityToDiseaseOrPhenotypicFeatureAssociation,knowledge_assertion,manual_agent,https://purl.humanatlas.io/vocab/hp
HGNC:6487,biolink:has_phenotype,HP:0012574,biolink:EntityToDiseaseOrPhenotypicFeatureAssociation,knowledge_assertion,manual_agent,https://purl.humanatlas.io/vocab/hp
HGNC:6490,biolink:has_phenotype,HP:0008682,biolink:EntityToDiseaseOrPhenotypicFeatureAssociation,knowledge_assertion,manual_agent,https://purl.humanatlas.io/vocab/hp
HGNC:6490,biolink:has_phenotype,HP:0000081,biolink:EntityToDiseaseOrPhenotypicFeatureAssociation,knowledge_assertion,manual_agent,https://purl.humanatlas.io/vocab/hp
HGNC:6490,biolink:has_phenotype,HP:0000003,biolink:EntityToDiseaseOrPhenotypicFeatureAssociation,knowledge_assertion,manual_agent,https://purl.humanatlas.io/vocab/hp
HGNC:6490,biolink:has_phenotype,HP:0000126,biolink:EntityToDiseaseOrPhenotypicFeatureAssociation,knowledge_assertion,manual_agent,https://purl.humanatlas.io/vocab/hp
HGNC:6490,biolink:has_phenotype,HP:0000107,biolink:EntityToDiseaseOrPhenotypicFeatureAssociation,knowledge_assertion,manual_agent,https://purl.humanatlas.io/vocab/hp
HGNC:6493,biolink:has_phenotype,HP:0008682,biolink:EntityToDiseaseOrPhenotypicFeatureAssociation,knowledge_assertion,manual_agent,https://purl.humanatlas.io/vocab/hp
HGNC:6493,biolink:has_phenotype,HP:0000081,biolink:EntityToDiseaseOrPhenotypicFeatureAssociation,knowledge_assertion,manual_agent,https://purl.humanatlas.io/vocab/hp
HGNC:6493,biolink:has_phenotype,HP:0000003,biolink:EntityToDiseaseOrPhenotypicFeatureAssociation,knowledge_assertion,manual_agent,https://purl.humanatlas.io/vocab/hp
HGNC:6493,biolink:has_phenotype,HP:0000126,biolink:EntityToDiseaseOrPhenotypicFeatureAssociation,knowledge_assertion,manual_agent,https://purl.humanatlas.io/vocab/hp
HGNC:6493,biolink:has_phenotype,HP:0000107,biolink:EntityToDiseaseOrPhenotypicFeatureAssociation,knowledge_assertion,manual_agent,https://purl.humanatlas.io/vocab/hp
HGNC:6522,biolink:has_phenotype,HP:0000083,biolink:EntityToDiseaseOrPhenotypicFeatureAssociation,knowledge_assertion,manual_agent,https://purl.humanatlas.io/vocab/hp
HGNC:6535,biolink:has_phenotype,HP:0000083,biolink:EntityToDiseaseOrPhenotypicFeatureAssociation,knowledge_assertion,manual_agent,https://purl.humanatlas.io/vocab/hp
HGNC:6535,biolink:has_phenotype,HP:0012622,biolink:EntityToDiseaseOrPhenotypicFeatureAssociation,knowledge_assertion,manual_agent,https://purl.humanatlas.io/vocab/hp
HGNC:6535,biolink:has_phenotype,HP:0001919,biolink:EntityToDiseaseOrPhenotypicFeatureAssociation,knowledge_assertion,manual_agent,https://purl.humanatlas.io/vocab/hp
HGNC:6547,biolink:has_phenotype,HP:0001920,biolink:EntityToDiseaseOrPhenotypicFeatureAssociation,knowledge_assertion,manual_agent,https://purl.humanatlas.io/vocab/hp
HGNC:6547,biolink:has_phenotype,HP:0000799,biolink:EntityToDiseaseOrPhenotypicFeatureAssociation,knowledge_assertion,manual_agent,https://purl.humanatlas.io/vocab/hp
HGNC:6593,biolink:has_phenotype,HP:0008678,biolink:EntityToDiseaseOrPhenotypicFeatureAssociation,knowledge_assertion,manual_agent,https://purl.humanatlas.io/vocab/hp
HGNC:6593,biolink:has_phenotype,HP:0000083,biolink:EntityToDiseaseOrPhenotypicFeatureAssociation,knowledge_assertion,manual_agent,https://purl.humanatlas.io/vocab/hp
HGNC:6593,biolink:has_phenotype,HP:0000003,biolink:EntityToDiseaseOrPhenotypicFeatureAssociation,knowledge_assertion,manual_agent,https://purl.humanatlas.io/vocab/hp
HGNC:6598,biolink:has_phenotype,HP:0000003,biolink:EntityToDiseaseOrPhenotypicFeatureAssociation,knowledge_assertion,manual_agent,https://purl.humanatlas.io/vocab/hp
HGNC:6601,biolink:has_phenotype,HP:0000126,biolink:EntityToDiseaseOrPhenotypicFeatureAssociation,knowledge_assertion,manual_agent,https://purl.humanatlas.io/vocab/hp
HGNC:6601,biolink:has_phenotype,HP:0000100,biolink:EntityToDiseaseOrPhenotypicFeatureAssociation,knowledge_assertion,manual_agent,https://purl.humanatlas.io/vocab/hp
HGNC:6613,biolink:has_phenotype,HP:0100817,biolink:EntityToDiseaseOrPhenotypicFeatureAssociation,knowledge_assertion,manual_agent,https://purl.humanatlas.io/vocab/hp
HGNC:6613,biolink:has_phenotype,HP:0000089,biolink:EntityToDiseaseOrPhenotypicFeatureAssociation,knowledge_assertion,manual_agent,https://purl.humanatlas.io/vocab/hp
HGNC:6613,biolink:has_phenotype,HP:0000083,biolink:EntityToDiseaseOrPhenotypicFeatureAssociation,knowledge_assertion,manual_agent,https://purl.humanatlas.io/vocab/hp
HGNC:6613,biolink:has_phenotype,HP:0000075,biolink:EntityToDiseaseOrPhenotypicFeatureAssociation,knowledge_assertion,manual_agent,https://purl.humanatlas.io/vocab/hp
HGNC:6613,biolink:has_phenotype,HP:0000121,biolink:EntityToDiseaseOrPhenotypicFeatureAssociation,knowledge_assertion,manual_agent,https://purl.humanatlas.io/vocab/hp
HGNC:6613,biolink:has_phenotype,HP:0000125,biolink:EntityToDiseaseOrPhenotypicFeatureAssociation,knowledge_assertion,manual_agent,https://purl.humanatlas.io/vocab/hp
HGNC:6613,biolink:has_phenotype,HP:0005562,biolink:EntityToDiseaseOrPhenotypicFeatureAssociation,knowledge_assertion,manual_agent,https://purl.humanatlas.io/vocab/hp
HGNC:6613,biolink:has_phenotype,HP:0001969,biolink:EntityToDiseaseOrPhenotypicFeatureAssociation,knowledge_assertion,manual_agent,https://purl.humanatlas.io/vocab/hp
HGNC:6613,biolink:has_phenotype,HP:0000787,biolink:EntityToDiseaseOrPhenotypicFeatureAssociation,knowledge_assertion,manual_agent,https://purl.humanatlas.io/vocab/hp
HGNC:6631,biolink:has_phenotype,HP:0000790,biolink:EntityToDiseaseOrPhenotypicFeatureAssociation,knowledge_assertion,manual_agent,https://purl.humanatlas.io/vocab/hp
HGNC:6636,biolink:has_phenotype,HP:0100820,biolink:EntityToDiseaseOrPhenotypicFeatureAssociation,knowledge_assertion,manual_agent,https://purl.humanatlas.io/vocab/hp
HGNC:6636,biolink:has_phenotype,HP:0009726,biolink:EntityToDiseaseOrPhenotypicFeatureAssociation,knowledge_assertion,manual_agent,https://purl.humanatlas.io/vocab/hp
HGNC:6636,biolink:has_phenotype,HP:0006766,biolink:EntityToDiseaseOrPhenotypicFeatureAssociation,knowledge_assertion,manual_agent,https://purl.humanatlas.io/vocab/hp
HGNC:6637,biolink:has_phenotype,HP:0000126,biolink:EntityToDiseaseOrPhenotypicFeatureAssociation,knowledge_assertion,manual_agent,https://purl.humanatlas.io/vocab/hp
HGNC:6654,biolink:has_phenotype,HP:0003774,biolink:EntityToDiseaseOrPhenotypicFeatureAssociation,knowledge_assertion,manual_agent,https://purl.humanatlas.io/vocab/hp
HGNC:6654,biolink:has_phenotype,HP:0003774,biolink:EntityToDiseaseOrPhenotypicFeatureAssociation,knowledge_assertion,manual_agent,https://purl.humanatlas.io/vocab/hp
HGNC:6654,biolink:has_phenotype,HP:0100820,biolink:EntityToDiseaseOrPhenotypicFeatureAssociation,knowledge_assertion,manual_agent,https://purl.humanatlas.io/vocab/hp
HGNC:6654,biolink:has_phenotype,HP:0000083,biolink:EntityToDiseaseOrPhenotypicFeatureAssociation,knowledge_assertion,manual_agent,https://purl.humanatlas.io/vocab/hp
HGNC:6654,biolink:has_phenotype,HP:0000083,biolink:EntityToDiseaseOrPhenotypicFeatureAssociation,knowledge_assertion,manual_agent,https://purl.humanatlas.io/vocab/hp
HGNC:6654,biolink:has_phenotype,HP:0000083,biolink:EntityToDiseaseOrPhenotypicFeatureAssociation,knowledge_assertion,manual_agent,https://purl.humanatlas.io/vocab/hp
HGNC:6654,biolink:has_phenotype,HP:0000083,biolink:EntityToDiseaseOrPhenotypicFeatureAssociation,knowledge_assertion,manual_agent,https://purl.humanatlas.io/vocab/hp
HGNC:6654,biolink:has_phenotype,HP:0000099,biolink:EntityToDiseaseOrPhenotypicFeatureAssociation,knowledge_assertion,manual_agent,https://purl.humanatlas.io/vocab/hp
HGNC:6654,biolink:has_phenotype,HP:0000097,biolink:EntityToDiseaseOrPhenotypicFeatureAssociation,knowledge_assertion,manual_agent,https://purl.humanatlas.io/vocab/hp
HGNC:6654,biolink:has_phenotype,HP:0000123,biolink:EntityToDiseaseOrPhenotypicFeatureAssociation,knowledge_assertion,manual_agent,https://purl.humanatlas.io/vocab/hp
HGNC:6654,biolink:has_phenotype,HP:0000100,biolink:EntityToDiseaseOrPhenotypicFeatureAssociation,knowledge_assertion,manual_agent,https://purl.humanatlas.io/vocab/hp
HGNC:6654,biolink:has_phenotype,HP:0000100,biolink:EntityToDiseaseOrPhenotypicFeatureAssociation,knowledge_assertion,manual_agent,https://purl.humanatlas.io/vocab/hp
HGNC:6654,biolink:has_phenotype,HP:0004722,biolink:EntityToDiseaseOrPhenotypicFeatureAssociation,knowledge_assertion,manual_agent,https://purl.humanatlas.io/vocab/hp
HGNC:6654,biolink:has_phenotype,HP:0000790,biolink:EntityToDiseaseOrPhenotypicFeatureAssociation,knowledge_assertion,manual_agent,https://purl.humanatlas.io/vocab/hp
HGNC:6654,biolink:has_phenotype,HP:0000790,biolink:EntityToDiseaseOrPhenotypicFeatureAssociation,knowledge_assertion,manual_agent,https://purl.humanatlas.io/vocab/hp
HGNC:6654,biolink:has_phenotype,HP:0002907,biolink:EntityToDiseaseOrPhenotypicFeatureAssociation,knowledge_assertion,manual_agent,https://purl.humanatlas.io/vocab/hp
HGNC:6654,biolink:has_phenotype,HP:0012579,biolink:EntityToDiseaseOrPhenotypicFeatureAssociation,knowledge_assertion,manual_agent,https://purl.humanatlas.io/vocab/hp
HGNC:6694,biolink:has_phenotype,HP:0005574,biolink:EntityToDiseaseOrPhenotypicFeatureAssociation,knowledge_assertion,manual_agent,https://purl.humanatlas.io/vocab/hp
HGNC:6696,biolink:has_phenotype,HP:0008678,biolink:EntityToDiseaseOrPhenotypicFeatureAssociation,knowledge_assertion,manual_agent,https://purl.humanatlas.io/vocab/hp
HGNC:6696,biolink:has_phenotype,HP:0000089,biolink:EntityToDiseaseOrPhenotypicFeatureAssociation,knowledge_assertion,manual_agent,https://purl.humanatlas.io/vocab/hp
HGNC:6696,biolink:has_phenotype,HP:0000086,biolink:EntityToDiseaseOrPhenotypicFeatureAssociation,knowledge_assertion,manual_agent,https://purl.humanatlas.io/vocab/hp
HGNC:6696,biolink:has_phenotype,HP:0000104,biolink:EntityToDiseaseOrPhenotypicFeatureAssociation,knowledge_assertion,manual_agent,https://purl.humanatlas.io/vocab/hp
HGNC:6696,biolink:has_phenotype,HP:0004736,biolink:EntityToDiseaseOrPhenotypicFeatureAssociation,knowledge_assertion,manual_agent,https://purl.humanatlas.io/vocab/hp
HGNC:6697,biolink:has_phenotype,HP:0000107,biolink:EntityToDiseaseOrPhenotypicFeatureAssociation,knowledge_assertion,manual_agent,https://purl.humanatlas.io/vocab/hp
HGNC:6697,biolink:has_phenotype,HP:0005562,biolink:EntityToDiseaseOrPhenotypicFeatureAssociation,knowledge_assertion,manual_agent,https://purl.humanatlas.io/vocab/hp
HGNC:6714,biolink:has_phenotype,HP:0012330,biolink:EntityToDiseaseOrPhenotypicFeatureAssociation,knowledge_assertion,manual_agent,https://purl.humanatlas.io/vocab/hp
HGNC:6740,biolink:has_phenotype,HP:0003774,biolink:EntityToDiseaseOrPhenotypicFeatureAssociation,knowledge_assertion,manual_agent,https://purl.humanatlas.io/vocab/hp
HGNC:6740,biolink:has_phenotype,HP:0000083,biolink:EntityToDiseaseOrPhenotypicFeatureAssociation,knowledge_assertion,manual_agent,https://purl.humanatlas.io/vocab/hp
HGNC:6740,biolink:has_phenotype,HP:0001917,biolink:EntityToDiseaseOrPhenotypicFeatureAssociation,knowledge_assertion,manual_agent,https://purl.humanatlas.io/vocab/hp
HGNC:11529,biolink:has_phenotype,HP:0009726,biolink:EntityToDiseaseOrPhenotypicFeatureAssociation,knowledge_assertion,manual_agent,https://purl.humanatlas.io/vocab/hp
HGNC:6757,biolink:has_phenotype,HP:0000107,biolink:EntityToDiseaseOrPhenotypicFeatureAssociation,knowledge_assertion,manual_agent,https://purl.humanatlas.io/vocab/hp
HGNC:6898,biolink:has_phenotype,HP:0000100,biolink:EntityToDiseaseOrPhenotypicFeatureAssociation,knowledge_assertion,manual_agent,https://purl.humanatlas.io/vocab/hp
HGNC:6913,biolink:has_phenotype,HP:0000096,biolink:EntityToDiseaseOrPhenotypicFeatureAssociation,knowledge_assertion,manual_agent,https://purl.humanatlas.io/vocab/hp
HGNC:6913,biolink:has_phenotype,HP:0000104,biolink:EntityToDiseaseOrPhenotypicFeatureAssociation,knowledge_assertion,manual_agent,https://purl.humanatlas.io/vocab/hp
HGNC:6913,biolink:has_phenotype,HP:0005584,biolink:EntityToDiseaseOrPhenotypicFeatureAssociation,knowledge_assertion,manual_agent,https://purl.humanatlas.io/vocab/hp
HGNC:6913,biolink:has_phenotype,HP:0001920,biolink:EntityToDiseaseOrPhenotypicFeatureAssociation,knowledge_assertion,manual_agent,https://purl.humanatlas.io/vocab/hp
HGNC:6913,biolink:has_phenotype,HP:0000790,biolink:EntityToDiseaseOrPhenotypicFeatureAssociation,knowledge_assertion,manual_agent,https://purl.humanatlas.io/vocab/hp
HGNC:6935,biolink:has_phenotype,HP:0005584,biolink:EntityToDiseaseOrPhenotypicFeatureAssociation,knowledge_assertion,manual_agent,https://purl.humanatlas.io/vocab/hp
HGNC:6948,biolink:has_phenotype,HP:0011126,biolink:EntityToDiseaseOrPhenotypicFeatureAssociation,knowledge_assertion,manual_agent,https://purl.humanatlas.io/vocab/hp
HGNC:6948,biolink:has_phenotype,HP:0012583,biolink:EntityToDiseaseOrPhenotypicFeatureAssociation,knowledge_assertion,manual_agent,https://purl.humanatlas.io/vocab/hp
HGNC:6950,biolink:has_phenotype,HP:0000122,biolink:EntityToDiseaseOrPhenotypicFeatureAssociation,knowledge_assertion,manual_agent,https://purl.humanatlas.io/vocab/hp
HGNC:6953,biolink:has_phenotype,HP:0100519,biolink:EntityToDiseaseOrPhenotypicFeatureAssociation,knowledge_assertion,manual_agent,https://purl.humanatlas.io/vocab/hp
HGNC:6953,biolink:has_phenotype,HP:0005575,biolink:EntityToDiseaseOrPhenotypicFeatureAssociation,knowledge_assertion,manual_agent,https://purl.humanatlas.io/vocab/hp
HGNC:6953,biolink:has_phenotype,HP:0001919,biolink:EntityToDiseaseOrPhenotypicFeatureAssociation,knowledge_assertion,manual_agent,https://purl.humanatlas.io/vocab/hp
HGNC:6953,biolink:has_phenotype,HP:0001919,biolink:EntityToDiseaseOrPhenotypicFeatureAssociation,knowledge_assertion,manual_agent,https://purl.humanatlas.io/vocab/hp
HGNC:6953,biolink:has_phenotype,HP:0000790,biolink:EntityToDiseaseOrPhenotypicFeatureAssociation,knowledge_assertion,manual_agent,https://purl.humanatlas.io/vocab/hp
HGNC:6971,biolink:has_phenotype,HP:0000096,biolink:EntityToDiseaseOrPhenotypicFeatureAssociation,knowledge_assertion,manual_agent,https://purl.humanatlas.io/vocab/hp
HGNC:6971,biolink:has_phenotype,HP:0005584,biolink:EntityToDiseaseOrPhenotypicFeatureAssociation,knowledge_assertion,manual_agent,https://purl.humanatlas.io/vocab/hp
HGNC:6971,biolink:has_phenotype,HP:0000790,biolink:EntityToDiseaseOrPhenotypicFeatureAssociation,knowledge_assertion,manual_agent,https://purl.humanatlas.io/vocab/hp
HGNC:6973,biolink:has_phenotype,HP:0000089,biolink:EntityToDiseaseOrPhenotypicFeatureAssociation,knowledge_assertion,manual_agent,https://purl.humanatlas.io/vocab/hp
HGNC:6973,biolink:has_phenotype,HP:0000083,biolink:EntityToDiseaseOrPhenotypicFeatureAssociation,knowledge_assertion,manual_agent,https://purl.humanatlas.io/vocab/hp
HGNC:6973,biolink:has_phenotype,HP:0009726,biolink:EntityToDiseaseOrPhenotypicFeatureAssociation,knowledge_assertion,manual_agent,https://purl.humanatlas.io/vocab/hp
HGNC:6973,biolink:has_phenotype,HP:0012211,biolink:EntityToDiseaseOrPhenotypicFeatureAssociation,knowledge_assertion,manual_agent,https://purl.humanatlas.io/vocab/hp
HGNC:6990,biolink:has_phenotype,HP:0033726,biolink:EntityToDiseaseOrPhenotypicFeatureAssociation,knowledge_assertion,manual_agent,https://purl.humanatlas.io/vocab/hp
HGNC:6990,biolink:has_phenotype,HP:0000790,biolink:EntityToDiseaseOrPhenotypicFeatureAssociation,knowledge_assertion,manual_agent,https://purl.humanatlas.io/vocab/hp
HGNC:6998,biolink:has_phenotype,HP:0003774,biolink:EntityToDiseaseOrPhenotypicFeatureAssociation,knowledge_assertion,manual_agent,https://purl.humanatlas.io/vocab/hp
HGNC:6998,biolink:has_phenotype,HP:0100820,biolink:EntityToDiseaseOrPhenotypicFeatureAssociation,knowledge_assertion,manual_agent,https://purl.humanatlas.io/vocab/hp
HGNC:6998,biolink:has_phenotype,HP:0000083,biolink:EntityToDiseaseOrPhenotypicFeatureAssociation,knowledge_assertion,manual_agent,https://purl.humanatlas.io/vocab/hp
HGNC:6998,biolink:has_phenotype,HP:0000083,biolink:EntityToDiseaseOrPhenotypicFeatureAssociation,knowledge_assertion,manual_agent,https://purl.humanatlas.io/vocab/hp
HGNC:6998,biolink:has_phenotype,HP:0000099,biolink:EntityToDiseaseOrPhenotypicFeatureAssociation,knowledge_assertion,manual_agent,https://purl.humanatlas.io/vocab/hp
HGNC:6998,biolink:has_phenotype,HP:0000121,biolink:EntityToDiseaseOrPhenotypicFeatureAssociation,knowledge_assertion,manual_agent,https://purl.humanatlas.io/vocab/hp
HGNC:6998,biolink:has_phenotype,HP:0000100,biolink:EntityToDiseaseOrPhenotypicFeatureAssociation,knowledge_assertion,manual_agent,https://purl.humanatlas.io/vocab/hp
HGNC:6998,biolink:has_phenotype,HP:0000100,biolink:EntityToDiseaseOrPhenotypicFeatureAssociation,knowledge_assertion,manual_agent,https://purl.humanatlas.io/vocab/hp
HGNC:6998,biolink:has_phenotype,HP:0000112,biolink:EntityToDiseaseOrPhenotypicFeatureAssociation,knowledge_assertion,manual_agent,https://purl.humanatlas.io/vocab/hp
HGNC:6998,biolink:has_phenotype,HP:0001917,biolink:EntityToDiseaseOrPhenotypicFeatureAssociation,knowledge_assertion,manual_agent,https://purl.humanatlas.io/vocab/hp
HGNC:6998,biolink:has_phenotype,HP:0001917,biolink:EntityToDiseaseOrPhenotypicFeatureAssociation,knowledge_assertion,manual_agent,https://purl.humanatlas.io/vocab/hp
HGNC:6848,biolink:has_phenotype,HP:0002667,biolink:EntityToDiseaseOrPhenotypicFeatureAssociation,knowledge_assertion,manual_agent,https://purl.humanatlas.io/vocab/hp
HGNC:6848,biolink:has_phenotype,HP:0000100,biolink:EntityToDiseaseOrPhenotypicFeatureAssociation,knowledge_assertion,manual_agent,https://purl.humanatlas.io/vocab/hp
HGNC:7010,biolink:has_phenotype,HP:0000083,biolink:EntityToDiseaseOrPhenotypicFeatureAssociation,knowledge_assertion,manual_agent,https://purl.humanatlas.io/vocab/hp
HGNC:7010,biolink:has_phenotype,HP:0000121,biolink:EntityToDiseaseOrPhenotypicFeatureAssociation,knowledge_assertion,manual_agent,https://purl.humanatlas.io/vocab/hp
HGNC:7010,biolink:has_phenotype,HP:0000787,biolink:EntityToDiseaseOrPhenotypicFeatureAssociation,knowledge_assertion,manual_agent,https://purl.humanatlas.io/vocab/hp
HGNC:7013,biolink:has_phenotype,HP:0008678,biolink:EntityToDiseaseOrPhenotypicFeatureAssociation,knowledge_assertion,manual_agent,https://purl.humanatlas.io/vocab/hp
HGNC:7013,biolink:has_phenotype,HP:0000086,biolink:EntityToDiseaseOrPhenotypicFeatureAssociation,knowledge_assertion,manual_agent,https://purl.humanatlas.io/vocab/hp
HGNC:7029,biolink:has_phenotype,HP:0006766,biolink:EntityToDiseaseOrPhenotypicFeatureAssociation,knowledge_assertion,manual_agent,https://purl.humanatlas.io/vocab/hp
HGNC:7095,biolink:has_phenotype,HP:0000126,biolink:EntityToDiseaseOrPhenotypicFeatureAssociation,knowledge_assertion,manual_agent,https://purl.humanatlas.io/vocab/hp
HGNC:7097,biolink:has_phenotype,HP:0000099,biolink:EntityToDiseaseOrPhenotypicFeatureAssociation,knowledge_assertion,manual_agent,https://purl.humanatlas.io/vocab/hp
HGNC:7097,biolink:has_phenotype,HP:0000787,biolink:EntityToDiseaseOrPhenotypicFeatureAssociation,knowledge_assertion,manual_agent,https://purl.humanatlas.io/vocab/hp
HGNC:7127,biolink:has_phenotype,HP:0009726,biolink:EntityToDiseaseOrPhenotypicFeatureAssociation,knowledge_assertion,manual_agent,https://purl.humanatlas.io/vocab/hp
HGNC:7132,biolink:has_phenotype,HP:0100581,biolink:EntityToDiseaseOrPhenotypicFeatureAssociation,knowledge_assertion,manual_agent,https://purl.humanatlas.io/vocab/hp
HGNC:7154,biolink:has_phenotype,HP:0000083,biolink:EntityToDiseaseOrPhenotypicFeatureAssociation,knowledge_assertion,manual_agent,https://purl.humanatlas.io/vocab/hp
HGNC:7154,biolink:has_phenotype,HP:0000099,biolink:EntityToDiseaseOrPhenotypicFeatureAssociation,knowledge_assertion,manual_agent,https://purl.humanatlas.io/vocab/hp
HGNC:7154,biolink:has_phenotype,HP:0000100,biolink:EntityToDiseaseOrPhenotypicFeatureAssociation,knowledge_assertion,manual_agent,https://purl.humanatlas.io/vocab/hp
HGNC:7154,biolink:has_phenotype,HP:0030949,biolink:EntityToDiseaseOrPhenotypicFeatureAssociation,knowledge_assertion,manual_agent,https://purl.humanatlas.io/vocab/hp
HGNC:7155,biolink:has_phenotype,HP:0000083,biolink:EntityToDiseaseOrPhenotypicFeatureAssociation,knowledge_assertion,manual_agent,https://purl.humanatlas.io/vocab/hp
HGNC:7155,biolink:has_phenotype,HP:0000099,biolink:EntityToDiseaseOrPhenotypicFeatureAssociation,knowledge_assertion,manual_agent,https://purl.humanatlas.io/vocab/hp
HGNC:7155,biolink:has_phenotype,HP:0012622,biolink:EntityToDiseaseOrPhenotypicFeatureAssociation,knowledge_assertion,manual_agent,https://purl.humanatlas.io/vocab/hp
HGNC:7155,biolink:has_phenotype,HP:0001917,biolink:EntityToDiseaseOrPhenotypicFeatureAssociation,knowledge_assertion,manual_agent,https://purl.humanatlas.io/vocab/hp
HGNC:7155,biolink:has_phenotype,HP:0000794,biolink:EntityToDiseaseOrPhenotypicFeatureAssociation,knowledge_assertion,manual_agent,https://purl.humanatlas.io/vocab/hp
HGNC:7190,biolink:has_phenotype,HP:0000804,biolink:EntityToDiseaseOrPhenotypicFeatureAssociation,knowledge_assertion,manual_agent,https://purl.humanatlas.io/vocab/hp
HGNC:7193,biolink:has_phenotype,HP:0000804,biolink:EntityToDiseaseOrPhenotypicFeatureAssociation,knowledge_assertion,manual_agent,https://purl.humanatlas.io/vocab/hp
HGNC:7216,biolink:has_phenotype,HP:0000114,biolink:EntityToDiseaseOrPhenotypicFeatureAssociation,knowledge_assertion,manual_agent,https://purl.humanatlas.io/vocab/hp
HGNC:7216,biolink:has_phenotype,HP:0000107,biolink:EntityToDiseaseOrPhenotypicFeatureAssociation,knowledge_assertion,manual_agent,https://purl.humanatlas.io/vocab/hp
HGNC:7224,biolink:has_phenotype,HP:0000121,biolink:EntityToDiseaseOrPhenotypicFeatureAssociation,knowledge_assertion,manual_agent,https://purl.humanatlas.io/vocab/hp
HGNC:7224,biolink:has_phenotype,HP:0000114,biolink:EntityToDiseaseOrPhenotypicFeatureAssociation,knowledge_assertion,manual_agent,https://purl.humanatlas.io/vocab/hp
HGNC:7224,biolink:has_phenotype,HP:0000787,biolink:EntityToDiseaseOrPhenotypicFeatureAssociation,knowledge_assertion,manual_agent,https://purl.humanatlas.io/vocab/hp
HGNC:7224,biolink:has_phenotype,HP:0012573,biolink:EntityToDiseaseOrPhenotypicFeatureAssociation,knowledge_assertion,manual_agent,https://purl.humanatlas.io/vocab/hp
HGNC:7325,biolink:has_phenotype,HP:0009726,biolink:EntityToDiseaseOrPhenotypicFeatureAssociation,knowledge_assertion,manual_agent,https://purl.humanatlas.io/vocab/hp
HGNC:7326,biolink:has_phenotype,HP:0000107,biolink:EntityToDiseaseOrPhenotypicFeatureAssociation,knowledge_assertion,manual_agent,https://purl.humanatlas.io/vocab/hp
HGNC:7326,biolink:has_phenotype,HP:0000107,biolink:EntityToDiseaseOrPhenotypicFeatureAssociation,knowledge_assertion,manual_agent,https://purl.humanatlas.io/vocab/hp
HGNC:7380,biolink:has_phenotype,HP:0000083,biolink:EntityToDiseaseOrPhenotypicFeatureAssociation,knowledge_assertion,manual_agent,https://purl.humanatlas.io/vocab/hp
HGNC:7414,biolink:has_phenotype,HP:0000089,biolink:EntityToDiseaseOrPhenotypicFeatureAssociation,knowledge_assertion,manual_agent,https://purl.humanatlas.io/vocab/hp
HGNC:7414,biolink:has_phenotype,HP:0000091,biolink:EntityToDiseaseOrPhenotypicFeatureAssociation,knowledge_assertion,manual_agent,https://purl.humanatlas.io/vocab/hp
HGNC:7414,biolink:has_phenotype,HP:0100611,biolink:EntityToDiseaseOrPhenotypicFeatureAssociation,knowledge_assertion,manual_agent,https://purl.humanatlas.io/vocab/hp
HGNC:7415,biolink:has_phenotype,HP:0000089,biolink:EntityToDiseaseOrPhenotypicFeatureAssociation,knowledge_assertion,manual_agent,https://purl.humanatlas.io/vocab/hp
HGNC:7415,biolink:has_phenotype,HP:0012622,biolink:EntityToDiseaseOrPhenotypicFeatureAssociation,knowledge_assertion,manual_agent,https://purl.humanatlas.io/vocab/hp
HGNC:7415,biolink:has_phenotype,HP:0001947,biolink:EntityToDiseaseOrPhenotypicFeatureAssociation,knowledge_assertion,manual_agent,https://purl.humanatlas.io/vocab/hp
HGNC:7419,biolink:has_phenotype,HP:0000083,biolink:EntityToDiseaseOrPhenotypicFeatureAssociation,knowledge_assertion,manual_agent,https://purl.humanatlas.io/vocab/hp
HGNC:7419,biolink:has_phenotype,HP:0000097,biolink:EntityToDiseaseOrPhenotypicFeatureAssociation,knowledge_assertion,manual_agent,https://purl.humanatlas.io/vocab/hp
HGNC:7419,biolink:has_phenotype,HP:0000114,biolink:EntityToDiseaseOrPhenotypicFeatureAssociation,knowledge_assertion,manual_agent,https://purl.humanatlas.io/vocab/hp
HGNC:7419,biolink:has_phenotype,HP:0000112,biolink:EntityToDiseaseOrPhenotypicFeatureAssociation,knowledge_assertion,manual_agent,https://purl.humanatlas.io/vocab/hp
HGNC:7419,biolink:has_phenotype,HP:0100520,biolink:EntityToDiseaseOrPhenotypicFeatureAssociation,knowledge_assertion,manual_agent,https://purl.humanatlas.io/vocab/hp
HGNC:7419,biolink:has_phenotype,HP:0001919,biolink:EntityToDiseaseOrPhenotypicFeatureAssociation,knowledge_assertion,manual_agent,https://purl.humanatlas.io/vocab/hp
HGNC:7421,biolink:has_phenotype,HP:0000097,biolink:EntityToDiseaseOrPhenotypicFeatureAssociation,knowledge_assertion,manual_agent,https://purl.humanatlas.io/vocab/hp
HGNC:7421,biolink:has_phenotype,HP:0000114,biolink:EntityToDiseaseOrPhenotypicFeatureAssociation,knowledge_assertion,manual_agent,https://purl.humanatlas.io/vocab/hp
HGNC:7421,biolink:has_phenotype,HP:0000112,biolink:EntityToDiseaseOrPhenotypicFeatureAssociation,knowledge_assertion,manual_agent,https://purl.humanatlas.io/vocab/hp
HGNC:7422,biolink:has_phenotype,HP:0000083,biolink:EntityToDiseaseOrPhenotypicFeatureAssociation,knowledge_assertion,manual_agent,https://purl.humanatlas.io/vocab/hp
HGNC:7422,biolink:has_phenotype,HP:0000097,biolink:EntityToDiseaseOrPhenotypicFeatureAssociation,knowledge_assertion,manual_agent,https://purl.humanatlas.io/vocab/hp
HGNC:7422,biolink:has_phenotype,HP:0000114,biolink:EntityToDiseaseOrPhenotypicFeatureAssociation,knowledge_assertion,manual_agent,https://purl.humanatlas.io/vocab/hp
HGNC:7422,biolink:has_phenotype,HP:0000112,biolink:EntityToDiseaseOrPhenotypicFeatureAssociation,knowledge_assertion,manual_agent,https://purl.humanatlas.io/vocab/hp
HGNC:7422,biolink:has_phenotype,HP:0100520,biolink:EntityToDiseaseOrPhenotypicFeatureAssociation,knowledge_assertion,manual_agent,https://purl.humanatlas.io/vocab/hp
HGNC:7422,biolink:has_phenotype,HP:0001919,biolink:EntityToDiseaseOrPhenotypicFeatureAssociation,knowledge_assertion,manual_agent,https://purl.humanatlas.io/vocab/hp
HGNC:7427,biolink:has_phenotype,HP:0000107,biolink:EntityToDiseaseOrPhenotypicFeatureAssociation,knowledge_assertion,manual_agent,https://purl.humanatlas.io/vocab/hp
HGNC:7455,biolink:has_phenotype,HP:0000097,biolink:EntityToDiseaseOrPhenotypicFeatureAssociation,knowledge_assertion,manual_agent,https://purl.humanatlas.io/vocab/hp
HGNC:7455,biolink:has_phenotype,HP:0000091,biolink:EntityToDiseaseOrPhenotypicFeatureAssociation,knowledge_assertion,manual_agent,https://purl.humanatlas.io/vocab/hp
HGNC:7455,biolink:has_phenotype,HP:0000114,biolink:EntityToDiseaseOrPhenotypicFeatureAssociation,knowledge_assertion,manual_agent,https://purl.humanatlas.io/vocab/hp
HGNC:7455,biolink:has_phenotype,HP:0000114,biolink:EntityToDiseaseOrPhenotypicFeatureAssociation,knowledge_assertion,manual_agent,https://purl.humanatlas.io/vocab/hp
HGNC:7455,biolink:has_phenotype,HP:0000112,biolink:EntityToDiseaseOrPhenotypicFeatureAssociation,knowledge_assertion,manual_agent,https://purl.humanatlas.io/vocab/hp
HGNC:7455,biolink:has_phenotype,HP:0100611,biolink:EntityToDiseaseOrPhenotypicFeatureAssociation,knowledge_assertion,manual_agent,https://purl.humanatlas.io/vocab/hp
HGNC:7456,biolink:has_phenotype,HP:0000091,biolink:EntityToDiseaseOrPhenotypicFeatureAssociation,knowledge_assertion,manual_agent,https://purl.humanatlas.io/vocab/hp
HGNC:7456,biolink:has_phenotype,HP:0000114,biolink:EntityToDiseaseOrPhenotypicFeatureAssociation,knowledge_assertion,manual_agent,https://purl.humanatlas.io/vocab/hp
HGNC:7456,biolink:has_phenotype,HP:0100611,biolink:EntityToDiseaseOrPhenotypicFeatureAssociation,knowledge_assertion,manual_agent,https://purl.humanatlas.io/vocab/hp
HGNC:7458,biolink:has_phenotype,HP:0000091,biolink:EntityToDiseaseOrPhenotypicFeatureAssociation,knowledge_assertion,manual_agent,https://purl.humanatlas.io/vocab/hp
HGNC:7458,biolink:has_phenotype,HP:0000114,biolink:EntityToDiseaseOrPhenotypicFeatureAssociation,knowledge_assertion,manual_agent,https://purl.humanatlas.io/vocab/hp
HGNC:7458,biolink:has_phenotype,HP:0100611,biolink:EntityToDiseaseOrPhenotypicFeatureAssociation,knowledge_assertion,manual_agent,https://purl.humanatlas.io/vocab/hp
HGNC:7459,biolink:has_phenotype,HP:0000097,biolink:EntityToDiseaseOrPhenotypicFeatureAssociation,knowledge_assertion,manual_agent,https://purl.humanatlas.io/vocab/hp
HGNC:7459,biolink:has_phenotype,HP:0000091,biolink:EntityToDiseaseOrPhenotypicFeatureAssociation,knowledge_assertion,manual_agent,https://purl.humanatlas.io/vocab/hp
HGNC:7459,biolink:has_phenotype,HP:0000114,biolink:EntityToDiseaseOrPhenotypicFeatureAssociation,knowledge_assertion,manual_agent,https://purl.humanatlas.io/vocab/hp
HGNC:7459,biolink:has_phenotype,HP:0000112,biolink:EntityToDiseaseOrPhenotypicFeatureAssociation,knowledge_assertion,manual_agent,https://purl.humanatlas.io/vocab/hp
HGNC:7459,biolink:has_phenotype,HP:0100611,biolink:EntityToDiseaseOrPhenotypicFeatureAssociation,knowledge_assertion,manual_agent,https://purl.humanatlas.io/vocab/hp
HGNC:7461,biolink:has_phenotype,HP:0000097,biolink:EntityToDiseaseOrPhenotypicFeatureAssociation,knowledge_assertion,manual_agent,https://purl.humanatlas.io/vocab/hp
HGNC:7461,biolink:has_phenotype,HP:0000091,biolink:EntityToDiseaseOrPhenotypicFeatureAssociation,knowledge_assertion,manual_agent,https://purl.humanatlas.io/vocab/hp
HGNC:7461,biolink:has_phenotype,HP:0000114,biolink:EntityToDiseaseOrPhenotypicFeatureAssociation,knowledge_assertion,manual_agent,https://purl.humanatlas.io/vocab/hp
HGNC:7461,biolink:has_phenotype,HP:0000112,biolink:EntityToDiseaseOrPhenotypicFeatureAssociation,knowledge_assertion,manual_agent,https://purl.humanatlas.io/vocab/hp
HGNC:7461,biolink:has_phenotype,HP:0100611,biolink:EntityToDiseaseOrPhenotypicFeatureAssociation,knowledge_assertion,manual_agent,https://purl.humanatlas.io/vocab/hp
HGNC:7462,biolink:has_phenotype,HP:0000097,biolink:EntityToDiseaseOrPhenotypicFeatureAssociation,knowledge_assertion,manual_agent,https://purl.humanatlas.io/vocab/hp
HGNC:7462,biolink:has_phenotype,HP:0000091,biolink:EntityToDiseaseOrPhenotypicFeatureAssociation,knowledge_assertion,manual_agent,https://purl.humanatlas.io/vocab/hp
HGNC:7462,biolink:has_phenotype,HP:0000114,biolink:EntityToDiseaseOrPhenotypicFeatureAssociation,knowledge_assertion,manual_agent,https://purl.humanatlas.io/vocab/hp
HGNC:7462,biolink:has_phenotype,HP:0000112,biolink:EntityToDiseaseOrPhenotypicFeatureAssociation,knowledge_assertion,manual_agent,https://purl.humanatlas.io/vocab/hp
HGNC:7462,biolink:has_phenotype,HP:0100611,biolink:EntityToDiseaseOrPhenotypicFeatureAssociation,knowledge_assertion,manual_agent,https://purl.humanatlas.io/vocab/hp
HGNC:7473,biolink:has_phenotype,HP:0100820,biolink:EntityToDiseaseOrPhenotypicFeatureAssociation,knowledge_assertion,manual_agent,https://purl.humanatlas.io/vocab/hp
HGNC:7473,biolink:has_phenotype,HP:0005575,biolink:EntityToDiseaseOrPhenotypicFeatureAssociation,knowledge_assertion,manual_agent,https://purl.humanatlas.io/vocab/hp
HGNC:7481,biolink:has_phenotype,HP:0000097,biolink:EntityToDiseaseOrPhenotypicFeatureAssociation,knowledge_assertion,manual_agent,https://purl.humanatlas.io/vocab/hp
HGNC:7481,biolink:has_phenotype,HP:0000114,biolink:EntityToDiseaseOrPhenotypicFeatureAssociation,knowledge_assertion,manual_agent,https://purl.humanatlas.io/vocab/hp
HGNC:7481,biolink:has_phenotype,HP:0000112,biolink:EntityToDiseaseOrPhenotypicFeatureAssociation,knowledge_assertion,manual_agent,https://purl.humanatlas.io/vocab/hp
HGNC:7487,biolink:has_phenotype,HP:0000097,biolink:EntityToDiseaseOrPhenotypicFeatureAssociation,knowledge_assertion,manual_agent,https://purl.humanatlas.io/vocab/hp
HGNC:7487,biolink:has_phenotype,HP:0000114,biolink:EntityToDiseaseOrPhenotypicFeatureAssociation,knowledge_assertion,manual_agent,https://purl.humanatlas.io/vocab/hp
HGNC:7487,biolink:has_phenotype,HP:0000112,biolink:EntityToDiseaseOrPhenotypicFeatureAssociation,knowledge_assertion,manual_agent,https://purl.humanatlas.io/vocab/hp
HGNC:7489,biolink:has_phenotype,HP:0000091,biolink:EntityToDiseaseOrPhenotypicFeatureAssociation,knowledge_assertion,manual_agent,https://purl.humanatlas.io/vocab/hp
HGNC:7489,biolink:has_phenotype,HP:0100611,biolink:EntityToDiseaseOrPhenotypicFeatureAssociation,knowledge_assertion,manual_agent,https://purl.humanatlas.io/vocab/hp
HGNC:7490,biolink:has_phenotype,HP:0000097,biolink:EntityToDiseaseOrPhenotypicFeatureAssociation,knowledge_assertion,manual_agent,https://purl.humanatlas.io/vocab/hp
HGNC:7490,biolink:has_phenotype,HP:0000091,biolink:EntityToDiseaseOrPhenotypicFeatureAssociation,knowledge_assertion,manual_agent,https://purl.humanatlas.io/vocab/hp
HGNC:7490,biolink:has_phenotype,HP:0000114,biolink:EntityToDiseaseOrPhenotypicFeatureAssociation,knowledge_assertion,manual_agent,https://purl.humanatlas.io/vocab/hp
HGNC:7490,biolink:has_phenotype,HP:0000112,biolink:EntityToDiseaseOrPhenotypicFeatureAssociation,knowledge_assertion,manual_agent,https://purl.humanatlas.io/vocab/hp
HGNC:7490,biolink:has_phenotype,HP:0100611,biolink:EntityToDiseaseOrPhenotypicFeatureAssociation,knowledge_assertion,manual_agent,https://purl.humanatlas.io/vocab/hp
HGNC:7490,biolink:has_phenotype,HP:0012622,biolink:EntityToDiseaseOrPhenotypicFeatureAssociation,knowledge_assertion,manual_agent,https://purl.humanatlas.io/vocab/hp
HGNC:7490,biolink:has_phenotype,HP:0012622,biolink:EntityToDiseaseOrPhenotypicFeatureAssociation,knowledge_assertion,manual_agent,https://purl.humanatlas.io/vocab/hp
HGNC:7490,biolink:has_phenotype,HP:0001947,biolink:EntityToDiseaseOrPhenotypicFeatureAssociation,knowledge_assertion,manual_agent,https://purl.humanatlas.io/vocab/hp
HGNC:7490,biolink:has_phenotype,HP:0001947,biolink:EntityToDiseaseOrPhenotypicFeatureAssociation,knowledge_assertion,manual_agent,https://purl.humanatlas.io/vocab/hp
HGNC:7493,biolink:has_phenotype,HP:0000124,biolink:EntityToDiseaseOrPhenotypicFeatureAssociation,knowledge_assertion,manual_agent,https://purl.humanatlas.io/vocab/hp
HGNC:7493,biolink:has_phenotype,HP:0001994,biolink:EntityToDiseaseOrPhenotypicFeatureAssociation,knowledge_assertion,manual_agent,https://purl.humanatlas.io/vocab/hp
HGNC:7495,biolink:has_phenotype,HP:0000097,biolink:EntityToDiseaseOrPhenotypicFeatureAssociation,knowledge_assertion,manual_agent,https://purl.humanatlas.io/vocab/hp
HGNC:7495,biolink:has_phenotype,HP:0000114,biolink:EntityToDiseaseOrPhenotypicFeatureAssociation,knowledge_assertion,manual_agent,https://purl.humanatlas.io/vocab/hp
HGNC:7495,biolink:has_phenotype,HP:0000112,biolink:EntityToDiseaseOrPhenotypicFeatureAssociation,knowledge_assertion,manual_agent,https://purl.humanatlas.io/vocab/hp
HGNC:7497,biolink:has_phenotype,HP:0000097,biolink:EntityToDiseaseOrPhenotypicFeatureAssociation,knowledge_assertion,manual_agent,https://purl.humanatlas.io/vocab/hp
HGNC:7497,biolink:has_phenotype,HP:0000114,biolink:EntityToDiseaseOrPhenotypicFeatureAssociation,knowledge_assertion,manual_agent,https://purl.humanatlas.io/vocab/hp
HGNC:7497,biolink:has_phenotype,HP:0000124,biolink:EntityToDiseaseOrPhenotypicFeatureAssociation,knowledge_assertion,manual_agent,https://purl.humanatlas.io/vocab/hp
HGNC:7497,biolink:has_phenotype,HP:0000112,biolink:EntityToDiseaseOrPhenotypicFeatureAssociation,knowledge_assertion,manual_agent,https://purl.humanatlas.io/vocab/hp
HGNC:7497,biolink:has_phenotype,HP:0001994,biolink:EntityToDiseaseOrPhenotypicFeatureAssociation,knowledge_assertion,manual_agent,https://purl.humanatlas.io/vocab/hp
HGNC:7498,biolink:has_phenotype,HP:0000097,biolink:EntityToDiseaseOrPhenotypicFeatureAssociation,knowledge_assertion,manual_agent,https://purl.humanatlas.io/vocab/hp
HGNC:7498,biolink:has_phenotype,HP:0000114,biolink:EntityToDiseaseOrPhenotypicFeatureAssociation,knowledge_assertion,manual_agent,https://purl.humanatlas.io/vocab/hp
HGNC:7498,biolink:has_phenotype,HP:0000112,biolink:EntityToDiseaseOrPhenotypicFeatureAssociation,knowledge_assertion,manual_agent,https://purl.humanatlas.io/vocab/hp
HGNC:7499,biolink:has_phenotype,HP:0000083,biolink:EntityToDiseaseOrPhenotypicFeatureAssociation,knowledge_assertion,manual_agent,https://purl.humanatlas.io/vocab/hp
HGNC:7500,biolink:has_phenotype,HP:0000091,biolink:EntityToDiseaseOrPhenotypicFeatureAssociation,knowledge_assertion,manual_agent,https://purl.humanatlas.io/vocab/hp
HGNC:7500,biolink:has_phenotype,HP:0100611,biolink:EntityToDiseaseOrPhenotypicFeatureAssociation,knowledge_assertion,manual_agent,https://purl.humanatlas.io/vocab/hp
HGNC:7501,biolink:has_phenotype,HP:0000097,biolink:EntityToDiseaseOrPhenotypicFeatureAssociation,knowledge_assertion,manual_agent,https://purl.humanatlas.io/vocab/hp
HGNC:7501,biolink:has_phenotype,HP:0000091,biolink:EntityToDiseaseOrPhenotypicFeatureAssociation,knowledge_assertion,manual_agent,https://purl.humanatlas.io/vocab/hp
HGNC:7501,biolink:has_phenotype,HP:0000114,biolink:EntityToDiseaseOrPhenotypicFeatureAssociation,knowledge_assertion,manual_agent,https://purl.humanatlas.io/vocab/hp
HGNC:7501,biolink:has_phenotype,HP:0000112,biolink:EntityToDiseaseOrPhenotypicFeatureAssociation,knowledge_assertion,manual_agent,https://purl.humanatlas.io/vocab/hp
HGNC:7501,biolink:has_phenotype,HP:0100611,biolink:EntityToDiseaseOrPhenotypicFeatureAssociation,knowledge_assertion,manual_agent,https://purl.humanatlas.io/vocab/hp
HGNC:7508,biolink:has_phenotype,HP:0003774,biolink:EntityToDiseaseOrPhenotypicFeatureAssociation,knowledge_assertion,manual_agent,https://purl.humanatlas.io/vocab/hp
HGNC:7508,biolink:has_phenotype,HP:0000089,biolink:EntityToDiseaseOrPhenotypicFeatureAssociation,knowledge_assertion,manual_agent,https://purl.humanatlas.io/vocab/hp
HGNC:7508,biolink:has_phenotype,HP:0000096,biolink:EntityToDiseaseOrPhenotypicFeatureAssociation,knowledge_assertion,manual_agent,https://purl.humanatlas.io/vocab/hp
HGNC:7508,biolink:has_phenotype,HP:0000092,biolink:EntityToDiseaseOrPhenotypicFeatureAssociation,knowledge_assertion,manual_agent,https://purl.humanatlas.io/vocab/hp
HGNC:7508,biolink:has_phenotype,HP:0000108,biolink:EntityToDiseaseOrPhenotypicFeatureAssociation,knowledge_assertion,manual_agent,https://purl.humanatlas.io/vocab/hp
HGNC:7508,biolink:has_phenotype,HP:0002048,biolink:EntityToDiseaseOrPhenotypicFeatureAssociation,knowledge_assertion,manual_agent,https://purl.humanatlas.io/vocab/hp
HGNC:7508,biolink:has_phenotype,HP:0004732,biolink:EntityToDiseaseOrPhenotypicFeatureAssociation,knowledge_assertion,manual_agent,https://purl.humanatlas.io/vocab/hp
HGNC:7508,biolink:has_phenotype,HP:0005576,biolink:EntityToDiseaseOrPhenotypicFeatureAssociation,knowledge_assertion,manual_agent,https://purl.humanatlas.io/vocab/hp
HGNC:7508,biolink:has_phenotype,HP:0005583,biolink:EntityToDiseaseOrPhenotypicFeatureAssociation,knowledge_assertion,manual_agent,https://purl.humanatlas.io/vocab/hp
HGNC:7508,biolink:has_phenotype,HP:0001970,biolink:EntityToDiseaseOrPhenotypicFeatureAssociation,knowledge_assertion,manual_agent,https://purl.humanatlas.io/vocab/hp
HGNC:7508,biolink:has_phenotype,HP:0012213,biolink:EntityToDiseaseOrPhenotypicFeatureAssociation,knowledge_assertion,manual_agent,https://purl.humanatlas.io/vocab/hp
HGNC:7523,biolink:has_phenotype,HP:0002667,biolink:EntityToDiseaseOrPhenotypicFeatureAssociation,knowledge_assertion,manual_agent,https://purl.humanatlas.io/vocab/hp
HGNC:7526,biolink:has_phenotype,HP:0003774,biolink:EntityToDiseaseOrPhenotypicFeatureAssociation,knowledge_assertion,manual_agent,https://purl.humanatlas.io/vocab/hp
HGNC:7526,biolink:has_phenotype,HP:0000083,biolink:EntityToDiseaseOrPhenotypicFeatureAssociation,knowledge_assertion,manual_agent,https://purl.humanatlas.io/vocab/hp
HGNC:7526,biolink:has_phenotype,HP:0000083,biolink:EntityToDiseaseOrPhenotypicFeatureAssociation,knowledge_assertion,manual_agent,https://purl.humanatlas.io/vocab/hp
HGNC:7526,biolink:has_phenotype,HP:0000124,biolink:EntityToDiseaseOrPhenotypicFeatureAssociation,knowledge_assertion,manual_agent,https://purl.humanatlas.io/vocab/hp
HGNC:7526,biolink:has_phenotype,HP:0001970,biolink:EntityToDiseaseOrPhenotypicFeatureAssociation,knowledge_assertion,manual_agent,https://purl.humanatlas.io/vocab/hp
HGNC:7527,biolink:has_phenotype,HP:0009726,biolink:EntityToDiseaseOrPhenotypicFeatureAssociation,knowledge_assertion,manual_agent,https://purl.humanatlas.io/vocab/hp
HGNC:7530,biolink:has_phenotype,HP:0006772,biolink:EntityToDiseaseOrPhenotypicFeatureAssociation,knowledge_assertion,manual_agent,https://purl.humanatlas.io/vocab/hp
HGNC:7559,biolink:has_phenotype,HP:0000083,biolink:EntityToDiseaseOrPhenotypicFeatureAssociation,knowledge_assertion,manual_agent,https://purl.humanatlas.io/vocab/hp
HGNC:7559,biolink:has_phenotype,HP:0000085,biolink:EntityToDiseaseOrPhenotypicFeatureAssociation,knowledge_assertion,manual_agent,https://purl.humanatlas.io/vocab/hp
HGNC:7559,biolink:has_phenotype,HP:0000123,biolink:EntityToDiseaseOrPhenotypicFeatureAssociation,knowledge_assertion,manual_agent,https://purl.humanatlas.io/vocab/hp
HGNC:7559,biolink:has_phenotype,HP:0000126,biolink:EntityToDiseaseOrPhenotypicFeatureAssociation,knowledge_assertion,manual_agent,https://purl.humanatlas.io/vocab/hp
HGNC:7559,biolink:has_phenotype,HP:0000126,biolink:EntityToDiseaseOrPhenotypicFeatureAssociation,knowledge_assertion,manual_agent,https://purl.humanatlas.io/vocab/hp
HGNC:7559,biolink:has_phenotype,HP:0000110,biolink:EntityToDiseaseOrPhenotypicFeatureAssociation,knowledge_assertion,manual_agent,https://purl.humanatlas.io/vocab/hp
HGNC:7562,biolink:has_phenotype,HP:0000083,biolink:EntityToDiseaseOrPhenotypicFeatureAssociation,knowledge_assertion,manual_agent,https://purl.humanatlas.io/vocab/hp
HGNC:7579,biolink:has_phenotype,HP:0000083,biolink:EntityToDiseaseOrPhenotypicFeatureAssociation,knowledge_assertion,manual_agent,https://purl.humanatlas.io/vocab/hp
HGNC:7579,biolink:has_phenotype,HP:0000123,biolink:EntityToDiseaseOrPhenotypicFeatureAssociation,knowledge_assertion,manual_agent,https://purl.humanatlas.io/vocab/hp
HGNC:7579,biolink:has_phenotype,HP:0000112,biolink:EntityToDiseaseOrPhenotypicFeatureAssociation,knowledge_assertion,manual_agent,https://purl.humanatlas.io/vocab/hp
HGNC:7569,biolink:has_phenotype,HP:0000003,biolink:EntityToDiseaseOrPhenotypicFeatureAssociation,knowledge_assertion,manual_agent,https://purl.humanatlas.io/vocab/hp
HGNC:7569,biolink:has_phenotype,HP:0100519,biolink:EntityToDiseaseOrPhenotypicFeatureAssociation,knowledge_assertion,manual_agent,https://purl.humanatlas.io/vocab/hp
HGNC:7569,biolink:has_phenotype,HP:0033132,biolink:EntityToDiseaseOrPhenotypicFeatureAssociation,knowledge_assertion,manual_agent,https://purl.humanatlas.io/vocab/hp
HGNC:7569,biolink:has_phenotype,HP:0012330,biolink:EntityToDiseaseOrPhenotypicFeatureAssociation,knowledge_assertion,manual_agent,https://purl.humanatlas.io/vocab/hp
HGNC:7590,biolink:has_phenotype,HP:0000003,biolink:EntityToDiseaseOrPhenotypicFeatureAssociation,knowledge_assertion,manual_agent,https://purl.humanatlas.io/vocab/hp
HGNC:7599,biolink:has_phenotype,HP:0003774,biolink:EntityToDiseaseOrPhenotypicFeatureAssociation,knowledge_assertion,manual_agent,https://purl.humanatlas.io/vocab/hp
HGNC:7599,biolink:has_phenotype,HP:0003774,biolink:EntityToDiseaseOrPhenotypicFeatureAssociation,knowledge_assertion,manual_agent,https://purl.humanatlas.io/vocab/hp
HGNC:7599,biolink:has_phenotype,HP:0000097,biolink:EntityToDiseaseOrPhenotypicFeatureAssociation,knowledge_assertion,manual_agent,https://purl.humanatlas.io/vocab/hp
HGNC:7599,biolink:has_phenotype,HP:0000097,biolink:EntityToDiseaseOrPhenotypicFeatureAssociation,knowledge_assertion,manual_agent,https://purl.humanatlas.io/vocab/hp
HGNC:7599,biolink:has_phenotype,HP:0000092,biolink:EntityToDiseaseOrPhenotypicFeatureAssociation,knowledge_assertion,manual_agent,https://purl.humanatlas.io/vocab/hp
HGNC:7599,biolink:has_phenotype,HP:0000100,biolink:EntityToDiseaseOrPhenotypicFeatureAssociation,knowledge_assertion,manual_agent,https://purl.humanatlas.io/vocab/hp
HGNC:7599,biolink:has_phenotype,HP:0012622,biolink:EntityToDiseaseOrPhenotypicFeatureAssociation,knowledge_assertion,manual_agent,https://purl.humanatlas.io/vocab/hp
HGNC:7599,biolink:has_phenotype,HP:0001967,biolink:EntityToDiseaseOrPhenotypicFeatureAssociation,knowledge_assertion,manual_agent,https://purl.humanatlas.io/vocab/hp
HGNC:7599,biolink:has_phenotype,HP:0000790,biolink:EntityToDiseaseOrPhenotypicFeatureAssociation,knowledge_assertion,manual_agent,https://purl.humanatlas.io/vocab/hp
HGNC:7599,biolink:has_phenotype,HP:0012579,biolink:EntityToDiseaseOrPhenotypicFeatureAssociation,knowledge_assertion,manual_agent,https://purl.humanatlas.io/vocab/hp
HGNC:7603,biolink:has_phenotype,HP:0000121,biolink:EntityToDiseaseOrPhenotypicFeatureAssociation,knowledge_assertion,manual_agent,https://purl.humanatlas.io/vocab/hp
HGNC:7603,biolink:has_phenotype,HP:0012211,biolink:EntityToDiseaseOrPhenotypicFeatureAssociation,knowledge_assertion,manual_agent,https://purl.humanatlas.io/vocab/hp
HGNC:7611,biolink:has_phenotype,HP:0000089,biolink:EntityToDiseaseOrPhenotypicFeatureAssociation,knowledge_assertion,manual_agent,https://purl.humanatlas.io/vocab/hp
HGNC:7611,biolink:has_phenotype,HP:0000126,biolink:EntityToDiseaseOrPhenotypicFeatureAssociation,knowledge_assertion,manual_agent,https://purl.humanatlas.io/vocab/hp
HGNC:1818,biolink:has_phenotype,HP:0000787,biolink:EntityToDiseaseOrPhenotypicFeatureAssociation,knowledge_assertion,manual_agent,https://purl.humanatlas.io/vocab/hp
HGNC:7652,biolink:has_phenotype,HP:0000126,biolink:EntityToDiseaseOrPhenotypicFeatureAssociation,knowledge_assertion,manual_agent,https://purl.humanatlas.io/vocab/hp
HGNC:7683,biolink:has_phenotype,HP:0000114,biolink:EntityToDiseaseOrPhenotypicFeatureAssociation,knowledge_assertion,manual_agent,https://purl.humanatlas.io/vocab/hp
HGNC:7690,biolink:has_phenotype,HP:0000114,biolink:EntityToDiseaseOrPhenotypicFeatureAssociation,knowledge_assertion,manual_agent,https://purl.humanatlas.io/vocab/hp
HGNC:7698,biolink:has_phenotype,HP:0000114,biolink:EntityToDiseaseOrPhenotypicFeatureAssociation,knowledge_assertion,manual_agent,https://purl.humanatlas.io/vocab/hp
HGNC:7704,biolink:has_phenotype,HP:0000114,biolink:EntityToDiseaseOrPhenotypicFeatureAssociation,knowledge_assertion,manual_agent,https://purl.humanatlas.io/vocab/hp
HGNC:7696,biolink:has_phenotype,HP:0000114,biolink:EntityToDiseaseOrPhenotypicFeatureAssociation,knowledge_assertion,manual_agent,https://purl.humanatlas.io/vocab/hp
HGNC:7707,biolink:has_phenotype,HP:0000114,biolink:EntityToDiseaseOrPhenotypicFeatureAssociation,knowledge_assertion,manual_agent,https://purl.humanatlas.io/vocab/hp
HGNC:7708,biolink:has_phenotype,HP:0000114,biolink:EntityToDiseaseOrPhenotypicFeatureAssociation,knowledge_assertion,manual_agent,https://purl.humanatlas.io/vocab/hp
HGNC:7710,biolink:has_phenotype,HP:0000114,biolink:EntityToDiseaseOrPhenotypicFeatureAssociation,knowledge_assertion,manual_agent,https://purl.humanatlas.io/vocab/hp
HGNC:7716,biolink:has_phenotype,HP:0000114,biolink:EntityToDiseaseOrPhenotypicFeatureAssociation,knowledge_assertion,manual_agent,https://purl.humanatlas.io/vocab/hp
HGNC:7711,biolink:has_phenotype,HP:0000114,biolink:EntityToDiseaseOrPhenotypicFeatureAssociation,knowledge_assertion,manual_agent,https://purl.humanatlas.io/vocab/hp
HGNC:7713,biolink:has_phenotype,HP:0000114,biolink:EntityToDiseaseOrPhenotypicFeatureAssociation,knowledge_assertion,manual_agent,https://purl.humanatlas.io/vocab/hp
HGNC:7715,biolink:has_phenotype,HP:0000114,biolink:EntityToDiseaseOrPhenotypicFeatureAssociation,knowledge_assertion,manual_agent,https://purl.humanatlas.io/vocab/hp
HGNC:7717,biolink:has_phenotype,HP:0000114,biolink:EntityToDiseaseOrPhenotypicFeatureAssociation,knowledge_assertion,manual_agent,https://purl.humanatlas.io/vocab/hp
HGNC:7744,biolink:has_phenotype,HP:0000113,biolink:EntityToDiseaseOrPhenotypicFeatureAssociation,knowledge_assertion,manual_agent,https://purl.humanatlas.io/vocab/hp
HGNC:7762,biolink:has_phenotype,HP:0000112,biolink:EntityToDiseaseOrPhenotypicFeatureAssociation,knowledge_assertion,manual_agent,https://purl.humanatlas.io/vocab/hp
HGNC:7762,biolink:has_phenotype,HP:0000107,biolink:EntityToDiseaseOrPhenotypicFeatureAssociation,knowledge_assertion,manual_agent,https://purl.humanatlas.io/vocab/hp
HGNC:7763,biolink:has_phenotype,HP:0000110,biolink:EntityToDiseaseOrPhenotypicFeatureAssociation,knowledge_assertion,manual_agent,https://purl.humanatlas.io/vocab/hp
HGNC:7765,biolink:has_phenotype,HP:0100817,biolink:EntityToDiseaseOrPhenotypicFeatureAssociation,knowledge_assertion,manual_agent,https://purl.humanatlas.io/vocab/hp
HGNC:7765,biolink:has_phenotype,HP:0008678,biolink:EntityToDiseaseOrPhenotypicFeatureAssociation,knowledge_assertion,manual_agent,https://purl.humanatlas.io/vocab/hp
HGNC:7765,biolink:has_phenotype,HP:0000096,biolink:EntityToDiseaseOrPhenotypicFeatureAssociation,knowledge_assertion,manual_agent,https://purl.humanatlas.io/vocab/hp
HGNC:7765,biolink:has_phenotype,HP:0000126,biolink:EntityToDiseaseOrPhenotypicFeatureAssociation,knowledge_assertion,manual_agent,https://purl.humanatlas.io/vocab/hp
HGNC:7765,biolink:has_phenotype,HP:0005584,biolink:EntityToDiseaseOrPhenotypicFeatureAssociation,knowledge_assertion,manual_agent,https://purl.humanatlas.io/vocab/hp
HGNC:7765,biolink:has_phenotype,HP:0001920,biolink:EntityToDiseaseOrPhenotypicFeatureAssociation,knowledge_assertion,manual_agent,https://purl.humanatlas.io/vocab/hp
HGNC:7765,biolink:has_phenotype,HP:0001920,biolink:EntityToDiseaseOrPhenotypicFeatureAssociation,knowledge_assertion,manual_agent,https://purl.humanatlas.io/vocab/hp
HGNC:7765,biolink:has_phenotype,HP:0000790,biolink:EntityToDiseaseOrPhenotypicFeatureAssociation,knowledge_assertion,manual_agent,https://purl.humanatlas.io/vocab/hp
HGNC:7765,biolink:has_phenotype,HP:0012210,biolink:EntityToDiseaseOrPhenotypicFeatureAssociation,knowledge_assertion,manual_agent,https://purl.humanatlas.io/vocab/hp
HGNC:7784,biolink:has_phenotype,HP:0000089,biolink:EntityToDiseaseOrPhenotypicFeatureAssociation,knowledge_assertion,manual_agent,https://purl.humanatlas.io/vocab/hp
HGNC:7784,biolink:has_phenotype,HP:0000126,biolink:EntityToDiseaseOrPhenotypicFeatureAssociation,knowledge_assertion,manual_agent,https://purl.humanatlas.io/vocab/hp
HGNC:7865,biolink:has_phenotype,HP:0000089,biolink:EntityToDiseaseOrPhenotypicFeatureAssociation,knowledge_assertion,manual_agent,https://purl.humanatlas.io/vocab/hp
HGNC:7865,biolink:has_phenotype,HP:0000104,biolink:EntityToDiseaseOrPhenotypicFeatureAssociation,knowledge_assertion,manual_agent,https://purl.humanatlas.io/vocab/hp
HGNC:7882,biolink:has_phenotype,HP:0000089,biolink:EntityToDiseaseOrPhenotypicFeatureAssociation,knowledge_assertion,manual_agent,https://purl.humanatlas.io/vocab/hp
HGNC:7882,biolink:has_phenotype,HP:0000083,biolink:EntityToDiseaseOrPhenotypicFeatureAssociation,knowledge_assertion,manual_agent,https://purl.humanatlas.io/vocab/hp
HGNC:7882,biolink:has_phenotype,HP:0000113,biolink:EntityToDiseaseOrPhenotypicFeatureAssociation,knowledge_assertion,manual_agent,https://purl.humanatlas.io/vocab/hp
HGNC:7882,biolink:has_phenotype,HP:0000107,biolink:EntityToDiseaseOrPhenotypicFeatureAssociation,knowledge_assertion,manual_agent,https://purl.humanatlas.io/vocab/hp
HGNC:7882,biolink:has_phenotype,HP:0000107,biolink:EntityToDiseaseOrPhenotypicFeatureAssociation,knowledge_assertion,manual_agent,https://purl.humanatlas.io/vocab/hp
HGNC:7882,biolink:has_phenotype,HP:0005562,biolink:EntityToDiseaseOrPhenotypicFeatureAssociation,knowledge_assertion,manual_agent,https://purl.humanatlas.io/vocab/hp
HGNC:7882,biolink:has_phenotype,HP:0001947,biolink:EntityToDiseaseOrPhenotypicFeatureAssociation,knowledge_assertion,manual_agent,https://purl.humanatlas.io/vocab/hp
HGNC:7882,biolink:has_phenotype,HP:0000790,biolink:EntityToDiseaseOrPhenotypicFeatureAssociation,knowledge_assertion,manual_agent,https://purl.humanatlas.io/vocab/hp
HGNC:7896,biolink:has_phenotype,HP:0009726,biolink:EntityToDiseaseOrPhenotypicFeatureAssociation,knowledge_assertion,manual_agent,https://purl.humanatlas.io/vocab/hp
HGNC:7905,biolink:has_phenotype,HP:0100957,biolink:EntityToDiseaseOrPhenotypicFeatureAssociation,knowledge_assertion,manual_agent,https://purl.humanatlas.io/vocab/hp
HGNC:7905,biolink:has_phenotype,HP:0003774,biolink:EntityToDiseaseOrPhenotypicFeatureAssociation,knowledge_assertion,manual_agent,https://purl.humanatlas.io/vocab/hp
HGNC:7905,biolink:has_phenotype,HP:0003774,biolink:EntityToDiseaseOrPhenotypicFeatureAssociation,knowledge_assertion,manual_agent,https://purl.humanatlas.io/vocab/hp
HGNC:7905,biolink:has_phenotype,HP:0003774,biolink:EntityToDiseaseOrPhenotypicFeatureAssociation,knowledge_assertion,manual_agent,https://purl.humanatlas.io/vocab/hp
HGNC:7905,biolink:has_phenotype,HP:0003774,biolink:EntityToDiseaseOrPhenotypicFeatureAssociation,knowledge_assertion,manual_agent,https://purl.humanatlas.io/vocab/hp
HGNC:7905,biolink:has_phenotype,HP:0000083,biolink:EntityToDiseaseOrPhenotypicFeatureAssociation,knowledge_assertion,manual_agent,https://purl.humanatlas.io/vocab/hp
HGNC:7905,biolink:has_phenotype,HP:0000083,biolink:EntityToDiseaseOrPhenotypicFeatureAssociation,knowledge_assertion,manual_agent,https://purl.humanatlas.io/vocab/hp
HGNC:7905,biolink:has_phenotype,HP:0000083,biolink:EntityToDiseaseOrPhenotypicFeatureAssociation,knowledge_assertion,manual_agent,https://purl.humanatlas.io/vocab/hp
HGNC:7905,biolink:has_phenotype,HP:0000085,biolink:EntityToDiseaseOrPhenotypicFeatureAssociation,knowledge_assertion,manual_agent,https://purl.humanatlas.io/vocab/hp
HGNC:7905,biolink:has_phenotype,HP:0000090,biolink:EntityToDiseaseOrPhenotypicFeatureAssociation,knowledge_assertion,manual_agent,https://purl.humanatlas.io/vocab/hp
HGNC:7905,biolink:has_phenotype,HP:0000090,biolink:EntityToDiseaseOrPhenotypicFeatureAssociation,knowledge_assertion,manual_agent,https://purl.humanatlas.io/vocab/hp
HGNC:7905,biolink:has_phenotype,HP:0000090,biolink:EntityToDiseaseOrPhenotypicFeatureAssociation,knowledge_assertion,manual_agent,https://purl.humanatlas.io/vocab/hp
HGNC:7905,biolink:has_phenotype,HP:0000090,biolink:EntityToDiseaseOrPhenotypicFeatureAssociation,knowledge_assertion,manual_agent,https://purl.humanatlas.io/vocab/hp
HGNC:7905,biolink:has_phenotype,HP:0000092,biolink:EntityToDiseaseOrPhenotypicFeatureAssociation,knowledge_assertion,manual_agent,https://purl.humanatlas.io/vocab/hp
HGNC:7905,biolink:has_phenotype,HP:0000126,biolink:EntityToDiseaseOrPhenotypicFeatureAssociation,knowledge_assertion,manual_agent,https://purl.humanatlas.io/vocab/hp
HGNC:7905,biolink:has_phenotype,HP:0000100,biolink:EntityToDiseaseOrPhenotypicFeatureAssociation,knowledge_assertion,manual_agent,https://purl.humanatlas.io/vocab/hp
HGNC:7905,biolink:has_phenotype,HP:0000112,biolink:EntityToDiseaseOrPhenotypicFeatureAssociation,knowledge_assertion,manual_agent,https://purl.humanatlas.io/vocab/hp
HGNC:7905,biolink:has_phenotype,HP:0000108,biolink:EntityToDiseaseOrPhenotypicFeatureAssociation,knowledge_assertion,manual_agent,https://purl.humanatlas.io/vocab/hp
HGNC:7905,biolink:has_phenotype,HP:0000103,biolink:EntityToDiseaseOrPhenotypicFeatureAssociation,knowledge_assertion,manual_agent,https://purl.humanatlas.io/vocab/hp
HGNC:7905,biolink:has_phenotype,HP:0000103,biolink:EntityToDiseaseOrPhenotypicFeatureAssociation,knowledge_assertion,manual_agent,https://purl.humanatlas.io/vocab/hp
HGNC:7905,biolink:has_phenotype,HP:0004727,biolink:EntityToDiseaseOrPhenotypicFeatureAssociation,knowledge_assertion,manual_agent,https://purl.humanatlas.io/vocab/hp
HGNC:7905,biolink:has_phenotype,HP:0020132,biolink:EntityToDiseaseOrPhenotypicFeatureAssociation,knowledge_assertion,manual_agent,https://purl.humanatlas.io/vocab/hp
HGNC:7905,biolink:has_phenotype,HP:0005576,biolink:EntityToDiseaseOrPhenotypicFeatureAssociation,knowledge_assertion,manual_agent,https://purl.humanatlas.io/vocab/hp
HGNC:7905,biolink:has_phenotype,HP:0005576,biolink:EntityToDiseaseOrPhenotypicFeatureAssociation,knowledge_assertion,manual_agent,https://purl.humanatlas.io/vocab/hp
HGNC:7905,biolink:has_phenotype,HP:0005583,biolink:EntityToDiseaseOrPhenotypicFeatureAssociation,knowledge_assertion,manual_agent,https://purl.humanatlas.io/vocab/hp
HGNC:7905,biolink:has_phenotype,HP:0005562,biolink:EntityToDiseaseOrPhenotypicFeatureAssociation,knowledge_assertion,manual_agent,https://purl.humanatlas.io/vocab/hp
HGNC:7905,biolink:has_phenotype,HP:0012622,biolink:EntityToDiseaseOrPhenotypicFeatureAssociation,knowledge_assertion,manual_agent,https://purl.humanatlas.io/vocab/hp
HGNC:7905,biolink:has_phenotype,HP:0012622,biolink:EntityToDiseaseOrPhenotypicFeatureAssociation,knowledge_assertion,manual_agent,https://purl.humanatlas.io/vocab/hp
HGNC:7908,biolink:has_phenotype,HP:0003774,biolink:EntityToDiseaseOrPhenotypicFeatureAssociation,knowledge_assertion,manual_agent,https://purl.humanatlas.io/vocab/hp
HGNC:7908,biolink:has_phenotype,HP:0003774,biolink:EntityToDiseaseOrPhenotypicFeatureAssociation,knowledge_assertion,manual_agent,https://purl.humanatlas.io/vocab/hp
HGNC:7908,biolink:has_phenotype,HP:0008677,biolink:EntityToDiseaseOrPhenotypicFeatureAssociation,knowledge_assertion,manual_agent,https://purl.humanatlas.io/vocab/hp
HGNC:7908,biolink:has_phenotype,HP:0000083,biolink:EntityToDiseaseOrPhenotypicFeatureAssociation,knowledge_assertion,manual_agent,https://purl.humanatlas.io/vocab/hp
HGNC:7908,biolink:has_phenotype,HP:0000097,biolink:EntityToDiseaseOrPhenotypicFeatureAssociation,knowledge_assertion,manual_agent,https://purl.humanatlas.io/vocab/hp
HGNC:7908,biolink:has_phenotype,HP:0000096,biolink:EntityToDiseaseOrPhenotypicFeatureAssociation,knowledge_assertion,manual_agent,https://purl.humanatlas.io/vocab/hp
HGNC:7908,biolink:has_phenotype,HP:0000091,biolink:EntityToDiseaseOrPhenotypicFeatureAssociation,knowledge_assertion,manual_agent,https://purl.humanatlas.io/vocab/hp
HGNC:7908,biolink:has_phenotype,HP:0000092,biolink:EntityToDiseaseOrPhenotypicFeatureAssociation,knowledge_assertion,manual_agent,https://purl.humanatlas.io/vocab/hp
HGNC:7908,biolink:has_phenotype,HP:0000100,biolink:EntityToDiseaseOrPhenotypicFeatureAssociation,knowledge_assertion,manual_agent,https://purl.humanatlas.io/vocab/hp
HGNC:7908,biolink:has_phenotype,HP:0000100,biolink:EntityToDiseaseOrPhenotypicFeatureAssociation,knowledge_assertion,manual_agent,https://purl.humanatlas.io/vocab/hp
HGNC:7908,biolink:has_phenotype,HP:0012622,biolink:EntityToDiseaseOrPhenotypicFeatureAssociation,knowledge_assertion,manual_agent,https://purl.humanatlas.io/vocab/hp
HGNC:7908,biolink:has_phenotype,HP:0001967,biolink:EntityToDiseaseOrPhenotypicFeatureAssociation,knowledge_assertion,manual_agent,https://purl.humanatlas.io/vocab/hp
HGNC:7908,biolink:has_phenotype,HP:0001967,biolink:EntityToDiseaseOrPhenotypicFeatureAssociation,knowledge_assertion,manual_agent,https://purl.humanatlas.io/vocab/hp
HGNC:7908,biolink:has_phenotype,HP:0012579,biolink:EntityToDiseaseOrPhenotypicFeatureAssociation,knowledge_assertion,manual_agent,https://purl.humanatlas.io/vocab/hp
HGNC:7910,biolink:has_phenotype,HP:0000790,biolink:EntityToDiseaseOrPhenotypicFeatureAssociation,knowledge_assertion,manual_agent,https://purl.humanatlas.io/vocab/hp
HGNC:7989,biolink:has_phenotype,HP:0010946,biolink:EntityToDiseaseOrPhenotypicFeatureAssociation,knowledge_assertion,manual_agent,https://purl.humanatlas.io/vocab/hp
HGNC:7989,biolink:has_phenotype,HP:0000085,biolink:EntityToDiseaseOrPhenotypicFeatureAssociation,knowledge_assertion,manual_agent,https://purl.humanatlas.io/vocab/hp
HGNC:7989,biolink:has_phenotype,HP:0005584,biolink:EntityToDiseaseOrPhenotypicFeatureAssociation,knowledge_assertion,manual_agent,https://purl.humanatlas.io/vocab/hp
HGNC:8031,biolink:has_phenotype,HP:0012622,biolink:EntityToDiseaseOrPhenotypicFeatureAssociation,knowledge_assertion,manual_agent,https://purl.humanatlas.io/vocab/hp
HGNC:10257,biolink:has_phenotype,HP:0000075,biolink:EntityToDiseaseOrPhenotypicFeatureAssociation,knowledge_assertion,manual_agent,https://purl.humanatlas.io/vocab/hp
HGNC:10257,biolink:has_phenotype,HP:0000003,biolink:EntityToDiseaseOrPhenotypicFeatureAssociation,knowledge_assertion,manual_agent,https://purl.humanatlas.io/vocab/hp
HGNC:10257,biolink:has_phenotype,HP:0000121,biolink:EntityToDiseaseOrPhenotypicFeatureAssociation,knowledge_assertion,manual_agent,https://purl.humanatlas.io/vocab/hp
HGNC:10257,biolink:has_phenotype,HP:0000126,biolink:EntityToDiseaseOrPhenotypicFeatureAssociation,knowledge_assertion,manual_agent,https://purl.humanatlas.io/vocab/hp
HGNC:10257,biolink:has_phenotype,HP:0000126,biolink:EntityToDiseaseOrPhenotypicFeatureAssociation,knowledge_assertion,manual_agent,https://purl.humanatlas.io/vocab/hp
HGNC:10257,biolink:has_phenotype,HP:0000787,biolink:EntityToDiseaseOrPhenotypicFeatureAssociation,knowledge_assertion,manual_agent,https://purl.humanatlas.io/vocab/hp
HGNC:8059,biolink:has_phenotype,HP:0000790,biolink:EntityToDiseaseOrPhenotypicFeatureAssociation,knowledge_assertion,manual_agent,https://purl.humanatlas.io/vocab/hp
HGNC:8108,biolink:has_phenotype,HP:0003774,biolink:EntityToDiseaseOrPhenotypicFeatureAssociation,knowledge_assertion,manual_agent,https://purl.humanatlas.io/vocab/hp
HGNC:8108,biolink:has_phenotype,HP:0100820,biolink:EntityToDiseaseOrPhenotypicFeatureAssociation,knowledge_assertion,manual_agent,https://purl.humanatlas.io/vocab/hp
HGNC:8108,biolink:has_phenotype,HP:0000083,biolink:EntityToDiseaseOrPhenotypicFeatureAssociation,knowledge_assertion,manual_agent,https://purl.humanatlas.io/vocab/hp
HGNC:8108,biolink:has_phenotype,HP:0000083,biolink:EntityToDiseaseOrPhenotypicFeatureAssociation,knowledge_assertion,manual_agent,https://purl.humanatlas.io/vocab/hp
HGNC:8108,biolink:has_phenotype,HP:0000091,biolink:EntityToDiseaseOrPhenotypicFeatureAssociation,knowledge_assertion,manual_agent,https://purl.humanatlas.io/vocab/hp
HGNC:8108,biolink:has_phenotype,HP:0000121,biolink:EntityToDiseaseOrPhenotypicFeatureAssociation,knowledge_assertion,manual_agent,https://purl.humanatlas.io/vocab/hp
HGNC:8108,biolink:has_phenotype,HP:0000121,biolink:EntityToDiseaseOrPhenotypicFeatureAssociation,knowledge_assertion,manual_agent,https://purl.humanatlas.io/vocab/hp
HGNC:8108,biolink:has_phenotype,HP:0000114,biolink:EntityToDiseaseOrPhenotypicFeatureAssociation,knowledge_assertion,manual_agent,https://purl.humanatlas.io/vocab/hp
HGNC:8108,biolink:has_phenotype,HP:0002049,biolink:EntityToDiseaseOrPhenotypicFeatureAssociation,knowledge_assertion,manual_agent,https://purl.humanatlas.io/vocab/hp
HGNC:8108,biolink:has_phenotype,HP:0002049,biolink:EntityToDiseaseOrPhenotypicFeatureAssociation,knowledge_assertion,manual_agent,https://purl.humanatlas.io/vocab/hp
HGNC:8108,biolink:has_phenotype,HP:0005562,biolink:EntityToDiseaseOrPhenotypicFeatureAssociation,knowledge_assertion,manual_agent,https://purl.humanatlas.io/vocab/hp
HGNC:8108,biolink:has_phenotype,HP:0012622,biolink:EntityToDiseaseOrPhenotypicFeatureAssociation,knowledge_assertion,manual_agent,https://purl.humanatlas.io/vocab/hp
HGNC:8108,biolink:has_phenotype,HP:0001994,biolink:EntityToDiseaseOrPhenotypicFeatureAssociation,knowledge_assertion,manual_agent,https://purl.humanatlas.io/vocab/hp
HGNC:8108,biolink:has_phenotype,HP:0000790,biolink:EntityToDiseaseOrPhenotypicFeatureAssociation,knowledge_assertion,manual_agent,https://purl.humanatlas.io/vocab/hp
HGNC:8108,biolink:has_phenotype,HP:0000787,biolink:EntityToDiseaseOrPhenotypicFeatureAssociation,knowledge_assertion,manual_agent,https://purl.humanatlas.io/vocab/hp
HGNC:8125,biolink:has_phenotype,HP:0005584,biolink:EntityToDiseaseOrPhenotypicFeatureAssociation,knowledge_assertion,manual_agent,https://purl.humanatlas.io/vocab/hp
HGNC:8574,biolink:has_phenotype,HP:0000112,biolink:EntityToDiseaseOrPhenotypicFeatureAssociation,knowledge_assertion,manual_agent,https://purl.humanatlas.io/vocab/hp
HGNC:9352,biolink:has_phenotype,HP:0000083,biolink:EntityToDiseaseOrPhenotypicFeatureAssociation,knowledge_assertion,manual_agent,https://purl.humanatlas.io/vocab/hp
HGNC:9352,biolink:has_phenotype,HP:0000112,biolink:EntityToDiseaseOrPhenotypicFeatureAssociation,knowledge_assertion,manual_agent,https://purl.humanatlas.io/vocab/hp
HGNC:9352,biolink:has_phenotype,HP:0005575,biolink:EntityToDiseaseOrPhenotypicFeatureAssociation,knowledge_assertion,manual_agent,https://purl.humanatlas.io/vocab/hp
HGNC:9352,biolink:has_phenotype,HP:0001919,biolink:EntityToDiseaseOrPhenotypicFeatureAssociation,knowledge_assertion,manual_agent,https://purl.humanatlas.io/vocab/hp
HGNC:9352,biolink:has_phenotype,HP:0000790,biolink:EntityToDiseaseOrPhenotypicFeatureAssociation,knowledge_assertion,manual_agent,https://purl.humanatlas.io/vocab/hp
HGNC:8582,biolink:has_phenotype,HP:0012210,biolink:EntityToDiseaseOrPhenotypicFeatureAssociation,knowledge_assertion,manual_agent,https://purl.humanatlas.io/vocab/hp
HGNC:8615,biolink:has_phenotype,HP:0008678,biolink:EntityToDiseaseOrPhenotypicFeatureAssociation,knowledge_assertion,manual_agent,https://purl.humanatlas.io/vocab/hp
HGNC:8615,biolink:has_phenotype,HP:0000107,biolink:EntityToDiseaseOrPhenotypicFeatureAssociation,knowledge_assertion,manual_agent,https://purl.humanatlas.io/vocab/hp
HGNC:8616,biolink:has_phenotype,HP:0003774,biolink:EntityToDiseaseOrPhenotypicFeatureAssociation,knowledge_assertion,manual_agent,https://purl.humanatlas.io/vocab/hp
HGNC:8616,biolink:has_phenotype,HP:0003774,biolink:EntityToDiseaseOrPhenotypicFeatureAssociation,knowledge_assertion,manual_agent,https://purl.humanatlas.io/vocab/hp
HGNC:8616,biolink:has_phenotype,HP:0003774,biolink:EntityToDiseaseOrPhenotypicFeatureAssociation,knowledge_assertion,manual_agent,https://purl.humanatlas.io/vocab/hp
HGNC:8616,biolink:has_phenotype,HP:0000089,biolink:EntityToDiseaseOrPhenotypicFeatureAssociation,knowledge_assertion,manual_agent,https://purl.humanatlas.io/vocab/hp
HGNC:8616,biolink:has_phenotype,HP:0000089,biolink:EntityToDiseaseOrPhenotypicFeatureAssociation,knowledge_assertion,manual_agent,https://purl.humanatlas.io/vocab/hp
HGNC:8616,biolink:has_phenotype,HP:0000089,biolink:EntityToDiseaseOrPhenotypicFeatureAssociation,knowledge_assertion,manual_agent,https://purl.humanatlas.io/vocab/hp
HGNC:8616,biolink:has_phenotype,HP:0000089,biolink:EntityToDiseaseOrPhenotypicFeatureAssociation,knowledge_assertion,manual_agent,https://purl.humanatlas.io/vocab/hp
HGNC:8616,biolink:has_phenotype,HP:0000083,biolink:EntityToDiseaseOrPhenotypicFeatureAssociation,knowledge_assertion,manual_agent,https://purl.humanatlas.io/vocab/hp
HGNC:8616,biolink:has_phenotype,HP:0000085,biolink:EntityToDiseaseOrPhenotypicFeatureAssociation,knowledge_assertion,manual_agent,https://purl.humanatlas.io/vocab/hp
HGNC:8616,biolink:has_phenotype,HP:0000097,biolink:EntityToDiseaseOrPhenotypicFeatureAssociation,knowledge_assertion,manual_agent,https://purl.humanatlas.io/vocab/hp
HGNC:8616,biolink:has_phenotype,HP:0000097,biolink:EntityToDiseaseOrPhenotypicFeatureAssociation,knowledge_assertion,manual_agent,https://purl.humanatlas.io/vocab/hp
HGNC:8616,biolink:has_phenotype,HP:0000003,biolink:EntityToDiseaseOrPhenotypicFeatureAssociation,knowledge_assertion,manual_agent,https://purl.humanatlas.io/vocab/hp
HGNC:8616,biolink:has_phenotype,HP:0000003,biolink:EntityToDiseaseOrPhenotypicFeatureAssociation,knowledge_assertion,manual_agent,https://purl.humanatlas.io/vocab/hp
HGNC:8616,biolink:has_phenotype,HP:0000100,biolink:EntityToDiseaseOrPhenotypicFeatureAssociation,knowledge_assertion,manual_agent,https://purl.humanatlas.io/vocab/hp
HGNC:8616,biolink:has_phenotype,HP:0000110,biolink:EntityToDiseaseOrPhenotypicFeatureAssociation,knowledge_assertion,manual_agent,https://purl.humanatlas.io/vocab/hp
HGNC:8616,biolink:has_phenotype,HP:0000107,biolink:EntityToDiseaseOrPhenotypicFeatureAssociation,knowledge_assertion,manual_agent,https://purl.humanatlas.io/vocab/hp
HGNC:8616,biolink:has_phenotype,HP:0000107,biolink:EntityToDiseaseOrPhenotypicFeatureAssociation,knowledge_assertion,manual_agent,https://purl.humanatlas.io/vocab/hp
HGNC:8616,biolink:has_phenotype,HP:0100520,biolink:EntityToDiseaseOrPhenotypicFeatureAssociation,knowledge_assertion,manual_agent,https://purl.humanatlas.io/vocab/hp
HGNC:8616,biolink:has_phenotype,HP:0004712,biolink:EntityToDiseaseOrPhenotypicFeatureAssociation,knowledge_assertion,manual_agent,https://purl.humanatlas.io/vocab/hp
HGNC:8616,biolink:has_phenotype,HP:0005564,biolink:EntityToDiseaseOrPhenotypicFeatureAssociation,knowledge_assertion,manual_agent,https://purl.humanatlas.io/vocab/hp
HGNC:8616,biolink:has_phenotype,HP:0012622,biolink:EntityToDiseaseOrPhenotypicFeatureAssociation,knowledge_assertion,manual_agent,https://purl.humanatlas.io/vocab/hp
HGNC:8616,biolink:has_phenotype,HP:0012622,biolink:EntityToDiseaseOrPhenotypicFeatureAssociation,knowledge_assertion,manual_agent,https://purl.humanatlas.io/vocab/hp
HGNC:8616,biolink:has_phenotype,HP:0012622,biolink:EntityToDiseaseOrPhenotypicFeatureAssociation,knowledge_assertion,manual_agent,https://purl.humanatlas.io/vocab/hp
HGNC:8616,biolink:has_phenotype,HP:0001967,biolink:EntityToDiseaseOrPhenotypicFeatureAssociation,knowledge_assertion,manual_agent,https://purl.humanatlas.io/vocab/hp
HGNC:8616,biolink:has_phenotype,HP:0000790,biolink:EntityToDiseaseOrPhenotypicFeatureAssociation,knowledge_assertion,manual_agent,https://purl.humanatlas.io/vocab/hp
HGNC:8616,biolink:has_phenotype,HP:0000787,biolink:EntityToDiseaseOrPhenotypicFeatureAssociation,knowledge_assertion,manual_agent,https://purl.humanatlas.io/vocab/hp
HGNC:8616,biolink:has_phenotype,HP:0012213,biolink:EntityToDiseaseOrPhenotypicFeatureAssociation,knowledge_assertion,manual_agent,https://purl.humanatlas.io/vocab/hp
HGNC:8616,biolink:has_phenotype,HP:0002907,biolink:EntityToDiseaseOrPhenotypicFeatureAssociation,knowledge_assertion,manual_agent,https://purl.humanatlas.io/vocab/hp
HGNC:8616,biolink:has_phenotype,HP:0012579,biolink:EntityToDiseaseOrPhenotypicFeatureAssociation,knowledge_assertion,manual_agent,https://purl.humanatlas.io/vocab/hp
HGNC:8618,biolink:has_phenotype,HP:0000112,biolink:EntityToDiseaseOrPhenotypicFeatureAssociation,knowledge_assertion,manual_agent,https://purl.humanatlas.io/vocab/hp
HGNC:8618,biolink:has_phenotype,HP:0000107,biolink:EntityToDiseaseOrPhenotypicFeatureAssociation,knowledge_assertion,manual_agent,https://purl.humanatlas.io/vocab/hp
HGNC:8618,biolink:has_phenotype,HP:0000103,biolink:EntityToDiseaseOrPhenotypicFeatureAssociation,knowledge_assertion,manual_agent,https://purl.humanatlas.io/vocab/hp
HGNC:8620,biolink:has_phenotype,HP:0000083,biolink:EntityToDiseaseOrPhenotypicFeatureAssociation,knowledge_assertion,manual_agent,https://purl.humanatlas.io/vocab/hp
HGNC:8620,biolink:has_phenotype,HP:0002667,biolink:EntityToDiseaseOrPhenotypicFeatureAssociation,knowledge_assertion,manual_agent,https://purl.humanatlas.io/vocab/hp
HGNC:8620,biolink:has_phenotype,HP:0000112,biolink:EntityToDiseaseOrPhenotypicFeatureAssociation,knowledge_assertion,manual_agent,https://purl.humanatlas.io/vocab/hp
HGNC:8621,biolink:has_phenotype,HP:0000126,biolink:EntityToDiseaseOrPhenotypicFeatureAssociation,knowledge_assertion,manual_agent,https://purl.humanatlas.io/vocab/hp
HGNC:8621,biolink:has_phenotype,HP:0012585,biolink:EntityToDiseaseOrPhenotypicFeatureAssociation,knowledge_assertion,manual_agent,https://purl.humanatlas.io/vocab/hp
HGNC:8632,biolink:has_phenotype,HP:0000089,biolink:EntityToDiseaseOrPhenotypicFeatureAssociation,knowledge_assertion,manual_agent,https://purl.humanatlas.io/vocab/hp
HGNC:8632,biolink:has_phenotype,HP:0000089,biolink:EntityToDiseaseOrPhenotypicFeatureAssociation,knowledge_assertion,manual_agent,https://purl.humanatlas.io/vocab/hp
HGNC:8632,biolink:has_phenotype,HP:0000083,biolink:EntityToDiseaseOrPhenotypicFeatureAssociation,knowledge_assertion,manual_agent,https://purl.humanatlas.io/vocab/hp
HGNC:8632,biolink:has_phenotype,HP:0000086,biolink:EntityToDiseaseOrPhenotypicFeatureAssociation,knowledge_assertion,manual_agent,https://purl.humanatlas.io/vocab/hp
HGNC:8632,biolink:has_phenotype,HP:0000085,biolink:EntityToDiseaseOrPhenotypicFeatureAssociation,knowledge_assertion,manual_agent,https://purl.humanatlas.io/vocab/hp
HGNC:8632,biolink:has_phenotype,HP:0000122,biolink:EntityToDiseaseOrPhenotypicFeatureAssociation,knowledge_assertion,manual_agent,https://purl.humanatlas.io/vocab/hp
HGNC:8632,biolink:has_phenotype,HP:0000110,biolink:EntityToDiseaseOrPhenotypicFeatureAssociation,knowledge_assertion,manual_agent,https://purl.humanatlas.io/vocab/hp
HGNC:8632,biolink:has_phenotype,HP:0000107,biolink:EntityToDiseaseOrPhenotypicFeatureAssociation,knowledge_assertion,manual_agent,https://purl.humanatlas.io/vocab/hp
HGNC:8632,biolink:has_phenotype,HP:0000104,biolink:EntityToDiseaseOrPhenotypicFeatureAssociation,knowledge_assertion,manual_agent,https://purl.humanatlas.io/vocab/hp
HGNC:8632,biolink:has_phenotype,HP:0100520,biolink:EntityToDiseaseOrPhenotypicFeatureAssociation,knowledge_assertion,manual_agent,https://purl.humanatlas.io/vocab/hp
HGNC:8632,biolink:has_phenotype,HP:0004719,biolink:EntityToDiseaseOrPhenotypicFeatureAssociation,knowledge_assertion,manual_agent,https://purl.humanatlas.io/vocab/hp
HGNC:8632,biolink:has_phenotype,HP:0005564,biolink:EntityToDiseaseOrPhenotypicFeatureAssociation,knowledge_assertion,manual_agent,https://purl.humanatlas.io/vocab/hp
HGNC:8632,biolink:has_phenotype,HP:0005563,biolink:EntityToDiseaseOrPhenotypicFeatureAssociation,knowledge_assertion,manual_agent,https://purl.humanatlas.io/vocab/hp
HGNC:8632,biolink:has_phenotype,HP:0012622,biolink:EntityToDiseaseOrPhenotypicFeatureAssociation,knowledge_assertion,manual_agent,https://purl.humanatlas.io/vocab/hp
HGNC:8632,biolink:has_phenotype,HP:0012213,biolink:EntityToDiseaseOrPhenotypicFeatureAssociation,knowledge_assertion,manual_agent,https://purl.humanatlas.io/vocab/hp
HGNC:8632,biolink:has_phenotype,HP:0002907,biolink:EntityToDiseaseOrPhenotypicFeatureAssociation,knowledge_assertion,manual_agent,https://purl.humanatlas.io/vocab/hp
HGNC:8636,biolink:has_phenotype,HP:0002049,biolink:EntityToDiseaseOrPhenotypicFeatureAssociation,knowledge_assertion,manual_agent,https://purl.humanatlas.io/vocab/hp
HGNC:8724,biolink:has_phenotype,HP:0000799,biolink:EntityToDiseaseOrPhenotypicFeatureAssociation,knowledge_assertion,manual_agent,https://purl.humanatlas.io/vocab/hp
HGNC:8725,biolink:has_phenotype,HP:0000799,biolink:EntityToDiseaseOrPhenotypicFeatureAssociation,knowledge_assertion,manual_agent,https://purl.humanatlas.io/vocab/hp
HGNC:8760,biolink:has_phenotype,HP:0033726,biolink:EntityToDiseaseOrPhenotypicFeatureAssociation,knowledge_assertion,manual_agent,https://purl.humanatlas.io/vocab/hp
HGNC:8760,biolink:has_phenotype,HP:0000790,biolink:EntityToDiseaseOrPhenotypicFeatureAssociation,knowledge_assertion,manual_agent,https://purl.humanatlas.io/vocab/hp
HGNC:8788,biolink:has_phenotype,HP:0008678,biolink:EntityToDiseaseOrPhenotypicFeatureAssociation,knowledge_assertion,manual_agent,https://purl.humanatlas.io/vocab/hp
HGNC:8788,biolink:has_phenotype,HP:0000089,biolink:EntityToDiseaseOrPhenotypicFeatureAssociation,knowledge_assertion,manual_agent,https://purl.humanatlas.io/vocab/hp
HGNC:8788,biolink:has_phenotype,HP:0000104,biolink:EntityToDiseaseOrPhenotypicFeatureAssociation,knowledge_assertion,manual_agent,https://purl.humanatlas.io/vocab/hp
HGNC:8805,biolink:has_phenotype,HP:0005584,biolink:EntityToDiseaseOrPhenotypicFeatureAssociation,knowledge_assertion,manual_agent,https://purl.humanatlas.io/vocab/hp
HGNC:8806,biolink:has_phenotype,HP:0025361,biolink:EntityToDiseaseOrPhenotypicFeatureAssociation,knowledge_assertion,manual_agent,https://purl.humanatlas.io/vocab/hp
HGNC:3356,biolink:has_phenotype,HP:0100817,biolink:EntityToDiseaseOrPhenotypicFeatureAssociation,knowledge_assertion,manual_agent,https://purl.humanatlas.io/vocab/hp
HGNC:3356,biolink:has_phenotype,HP:0000121,biolink:EntityToDiseaseOrPhenotypicFeatureAssociation,knowledge_assertion,manual_agent,https://purl.humanatlas.io/vocab/hp
HGNC:3356,biolink:has_phenotype,HP:0000121,biolink:EntityToDiseaseOrPhenotypicFeatureAssociation,knowledge_assertion,manual_agent,https://purl.humanatlas.io/vocab/hp
HGNC:3356,biolink:has_phenotype,HP:0001920,biolink:EntityToDiseaseOrPhenotypicFeatureAssociation,knowledge_assertion,manual_agent,https://purl.humanatlas.io/vocab/hp
HGNC:3356,biolink:has_phenotype,HP:0011036,biolink:EntityToDiseaseOrPhenotypicFeatureAssociation,knowledge_assertion,manual_agent,https://purl.humanatlas.io/vocab/hp
HGNC:3356,biolink:has_phenotype,HP:0012408,biolink:EntityToDiseaseOrPhenotypicFeatureAssociation,knowledge_assertion,manual_agent,https://purl.humanatlas.io/vocab/hp
HGNC:3356,biolink:has_phenotype,HP:0012408,biolink:EntityToDiseaseOrPhenotypicFeatureAssociation,knowledge_assertion,manual_agent,https://purl.humanatlas.io/vocab/hp
HGNC:3356,biolink:has_phenotype,HP:0012409,biolink:EntityToDiseaseOrPhenotypicFeatureAssociation,knowledge_assertion,manual_agent,https://purl.humanatlas.io/vocab/hp
HGNC:8818,biolink:has_phenotype,HP:0000112,biolink:EntityToDiseaseOrPhenotypicFeatureAssociation,knowledge_assertion,manual_agent,https://purl.humanatlas.io/vocab/hp
HGNC:8850,biolink:has_phenotype,HP:0000003,biolink:EntityToDiseaseOrPhenotypicFeatureAssociation,knowledge_assertion,manual_agent,https://purl.humanatlas.io/vocab/hp
HGNC:8850,biolink:has_phenotype,HP:0000126,biolink:EntityToDiseaseOrPhenotypicFeatureAssociation,knowledge_assertion,manual_agent,https://purl.humanatlas.io/vocab/hp
HGNC:8850,biolink:has_phenotype,HP:0000126,biolink:EntityToDiseaseOrPhenotypicFeatureAssociation,knowledge_assertion,manual_agent,https://purl.humanatlas.io/vocab/hp
HGNC:8850,biolink:has_phenotype,HP:0000107,biolink:EntityToDiseaseOrPhenotypicFeatureAssociation,knowledge_assertion,manual_agent,https://purl.humanatlas.io/vocab/hp
HGNC:8850,biolink:has_phenotype,HP:0004734,biolink:EntityToDiseaseOrPhenotypicFeatureAssociation,knowledge_assertion,manual_agent,https://purl.humanatlas.io/vocab/hp
HGNC:8859,biolink:has_phenotype,HP:0000003,biolink:EntityToDiseaseOrPhenotypicFeatureAssociation,knowledge_assertion,manual_agent,https://purl.humanatlas.io/vocab/hp
HGNC:8859,biolink:has_phenotype,HP:0000126,biolink:EntityToDiseaseOrPhenotypicFeatureAssociation,knowledge_assertion,manual_agent,https://purl.humanatlas.io/vocab/hp
HGNC:8859,biolink:has_phenotype,HP:0000107,biolink:EntityToDiseaseOrPhenotypicFeatureAssociation,knowledge_assertion,manual_agent,https://purl.humanatlas.io/vocab/hp
HGNC:8860,biolink:has_phenotype,HP:0000083,biolink:EntityToDiseaseOrPhenotypicFeatureAssociation,knowledge_assertion,manual_agent,https://purl.humanatlas.io/vocab/hp
HGNC:8860,biolink:has_phenotype,HP:0012211,biolink:EntityToDiseaseOrPhenotypicFeatureAssociation,knowledge_assertion,manual_agent,https://purl.humanatlas.io/vocab/hp
HGNC:8851,biolink:has_phenotype,HP:0000003,biolink:EntityToDiseaseOrPhenotypicFeatureAssociation,knowledge_assertion,manual_agent,https://purl.humanatlas.io/vocab/hp
HGNC:8851,biolink:has_phenotype,HP:0000126,biolink:EntityToDiseaseOrPhenotypicFeatureAssociation,knowledge_assertion,manual_agent,https://purl.humanatlas.io/vocab/hp
HGNC:8851,biolink:has_phenotype,HP:0000107,biolink:EntityToDiseaseOrPhenotypicFeatureAssociation,knowledge_assertion,manual_agent,https://purl.humanatlas.io/vocab/hp
HGNC:8854,biolink:has_phenotype,HP:0000003,biolink:EntityToDiseaseOrPhenotypicFeatureAssociation,knowledge_assertion,manual_agent,https://purl.humanatlas.io/vocab/hp
HGNC:8854,biolink:has_phenotype,HP:0000113,biolink:EntityToDiseaseOrPhenotypicFeatureAssociation,knowledge_assertion,manual_agent,https://purl.humanatlas.io/vocab/hp
HGNC:8854,biolink:has_phenotype,HP:0000126,biolink:EntityToDiseaseOrPhenotypicFeatureAssociation,knowledge_assertion,manual_agent,https://purl.humanatlas.io/vocab/hp
HGNC:8855,biolink:has_phenotype,HP:0000003,biolink:EntityToDiseaseOrPhenotypicFeatureAssociation,knowledge_assertion,manual_agent,https://purl.humanatlas.io/vocab/hp
HGNC:8855,biolink:has_phenotype,HP:0000126,biolink:EntityToDiseaseOrPhenotypicFeatureAssociation,knowledge_assertion,manual_agent,https://purl.humanatlas.io/vocab/hp
HGNC:8855,biolink:has_phenotype,HP:0000107,biolink:EntityToDiseaseOrPhenotypicFeatureAssociation,knowledge_assertion,manual_agent,https://purl.humanatlas.io/vocab/hp
HGNC:8855,biolink:has_phenotype,HP:0005562,biolink:EntityToDiseaseOrPhenotypicFeatureAssociation,knowledge_assertion,manual_agent,https://purl.humanatlas.io/vocab/hp
HGNC:8856,biolink:has_phenotype,HP:0000003,biolink:EntityToDiseaseOrPhenotypicFeatureAssociation,knowledge_assertion,manual_agent,https://purl.humanatlas.io/vocab/hp
HGNC:8856,biolink:has_phenotype,HP:0000126,biolink:EntityToDiseaseOrPhenotypicFeatureAssociation,knowledge_assertion,manual_agent,https://purl.humanatlas.io/vocab/hp
HGNC:8877,biolink:has_phenotype,HP:0000790,biolink:EntityToDiseaseOrPhenotypicFeatureAssociation,knowledge_assertion,manual_agent,https://purl.humanatlas.io/vocab/hp
HGNC:8889,biolink:has_phenotype,HP:0000083,biolink:EntityToDiseaseOrPhenotypicFeatureAssociation,knowledge_assertion,manual_agent,https://purl.humanatlas.io/vocab/hp
HGNC:8896,biolink:has_phenotype,HP:0000083,biolink:EntityToDiseaseOrPhenotypicFeatureAssociation,knowledge_assertion,manual_agent,https://purl.humanatlas.io/vocab/hp
HGNC:8896,biolink:has_phenotype,HP:0000083,biolink:EntityToDiseaseOrPhenotypicFeatureAssociation,knowledge_assertion,manual_agent,https://purl.humanatlas.io/vocab/hp
HGNC:8905,biolink:has_phenotype,HP:0000126,biolink:EntityToDiseaseOrPhenotypicFeatureAssociation,knowledge_assertion,manual_agent,https://purl.humanatlas.io/vocab/hp
HGNC:8907,biolink:has_phenotype,HP:0000793,biolink:EntityToDiseaseOrPhenotypicFeatureAssociation,knowledge_assertion,manual_agent,https://purl.humanatlas.io/vocab/hp
HGNC:8907,biolink:has_phenotype,HP:0000793,biolink:EntityToDiseaseOrPhenotypicFeatureAssociation,knowledge_assertion,manual_agent,https://purl.humanatlas.io/vocab/hp
HGNC:8918,biolink:has_phenotype,HP:0000121,biolink:EntityToDiseaseOrPhenotypicFeatureAssociation,knowledge_assertion,manual_agent,https://purl.humanatlas.io/vocab/hp
HGNC:8918,biolink:has_phenotype,HP:0000124,biolink:EntityToDiseaseOrPhenotypicFeatureAssociation,knowledge_assertion,manual_agent,https://purl.humanatlas.io/vocab/hp
HGNC:8918,biolink:has_phenotype,HP:0000787,biolink:EntityToDiseaseOrPhenotypicFeatureAssociation,knowledge_assertion,manual_agent,https://purl.humanatlas.io/vocab/hp
HGNC:8926,biolink:has_phenotype,HP:0001947,biolink:EntityToDiseaseOrPhenotypicFeatureAssociation,knowledge_assertion,manual_agent,https://purl.humanatlas.io/vocab/hp
HGNC:8927,biolink:has_phenotype,HP:0001947,biolink:EntityToDiseaseOrPhenotypicFeatureAssociation,knowledge_assertion,manual_agent,https://purl.humanatlas.io/vocab/hp
HGNC:8931,biolink:has_phenotype,HP:0001947,biolink:EntityToDiseaseOrPhenotypicFeatureAssociation,knowledge_assertion,manual_agent,https://purl.humanatlas.io/vocab/hp
HGNC:8940,biolink:has_phenotype,HP:0000083,biolink:EntityToDiseaseOrPhenotypicFeatureAssociation,knowledge_assertion,manual_agent,https://purl.humanatlas.io/vocab/hp
HGNC:8940,biolink:has_phenotype,HP:0012211,biolink:EntityToDiseaseOrPhenotypicFeatureAssociation,knowledge_assertion,manual_agent,https://purl.humanatlas.io/vocab/hp
HGNC:8941,biolink:has_phenotype,HP:0000100,biolink:EntityToDiseaseOrPhenotypicFeatureAssociation,knowledge_assertion,manual_agent,https://purl.humanatlas.io/vocab/hp
HGNC:8941,biolink:has_phenotype,HP:0000787,biolink:EntityToDiseaseOrPhenotypicFeatureAssociation,knowledge_assertion,manual_agent,https://purl.humanatlas.io/vocab/hp
HGNC:8957,biolink:has_phenotype,HP:0000083,biolink:EntityToDiseaseOrPhenotypicFeatureAssociation,knowledge_assertion,manual_agent,https://purl.humanatlas.io/vocab/hp
HGNC:8957,biolink:has_phenotype,HP:0000081,biolink:EntityToDiseaseOrPhenotypicFeatureAssociation,knowledge_assertion,manual_agent,https://purl.humanatlas.io/vocab/hp
HGNC:8957,biolink:has_phenotype,HP:0000126,biolink:EntityToDiseaseOrPhenotypicFeatureAssociation,knowledge_assertion,manual_agent,https://purl.humanatlas.io/vocab/hp
HGNC:8957,biolink:has_phenotype,HP:0012622,biolink:EntityToDiseaseOrPhenotypicFeatureAssociation,knowledge_assertion,manual_agent,https://purl.humanatlas.io/vocab/hp
HGNC:8957,biolink:has_phenotype,HP:0001919,biolink:EntityToDiseaseOrPhenotypicFeatureAssociation,knowledge_assertion,manual_agent,https://purl.humanatlas.io/vocab/hp
HGNC:8957,biolink:has_phenotype,HP:0001994,biolink:EntityToDiseaseOrPhenotypicFeatureAssociation,knowledge_assertion,manual_agent,https://purl.humanatlas.io/vocab/hp
HGNC:8957,biolink:has_phenotype,HP:0011129,biolink:EntityToDiseaseOrPhenotypicFeatureAssociation,knowledge_assertion,manual_agent,https://purl.humanatlas.io/vocab/hp
HGNC:8971,biolink:has_phenotype,HP:0000121,biolink:EntityToDiseaseOrPhenotypicFeatureAssociation,knowledge_assertion,manual_agent,https://purl.humanatlas.io/vocab/hp
HGNC:8971,biolink:has_phenotype,HP:0000104,biolink:EntityToDiseaseOrPhenotypicFeatureAssociation,knowledge_assertion,manual_agent,https://purl.humanatlas.io/vocab/hp
HGNC:8975,biolink:has_phenotype,HP:0008678,biolink:EntityToDiseaseOrPhenotypicFeatureAssociation,knowledge_assertion,manual_agent,https://purl.humanatlas.io/vocab/hp
HGNC:8975,biolink:has_phenotype,HP:0000089,biolink:EntityToDiseaseOrPhenotypicFeatureAssociation,knowledge_assertion,manual_agent,https://purl.humanatlas.io/vocab/hp
HGNC:8975,biolink:has_phenotype,HP:0002667,biolink:EntityToDiseaseOrPhenotypicFeatureAssociation,knowledge_assertion,manual_agent,https://purl.humanatlas.io/vocab/hp
HGNC:8975,biolink:has_phenotype,HP:0002667,biolink:EntityToDiseaseOrPhenotypicFeatureAssociation,knowledge_assertion,manual_agent,https://purl.humanatlas.io/vocab/hp
HGNC:8975,biolink:has_phenotype,HP:0002667,biolink:EntityToDiseaseOrPhenotypicFeatureAssociation,knowledge_assertion,manual_agent,https://purl.humanatlas.io/vocab/hp
HGNC:8975,biolink:has_phenotype,HP:0002667,biolink:EntityToDiseaseOrPhenotypicFeatureAssociation,knowledge_assertion,manual_agent,https://purl.humanatlas.io/vocab/hp
HGNC:8975,biolink:has_phenotype,HP:0000107,biolink:EntityToDiseaseOrPhenotypicFeatureAssociation,knowledge_assertion,manual_agent,https://purl.humanatlas.io/vocab/hp
HGNC:8975,biolink:has_phenotype,HP:0000105,biolink:EntityToDiseaseOrPhenotypicFeatureAssociation,knowledge_assertion,manual_agent,https://purl.humanatlas.io/vocab/hp
HGNC:8975,biolink:has_phenotype,HP:0009726,biolink:EntityToDiseaseOrPhenotypicFeatureAssociation,knowledge_assertion,manual_agent,https://purl.humanatlas.io/vocab/hp
HGNC:8975,biolink:has_phenotype,HP:0005584,biolink:EntityToDiseaseOrPhenotypicFeatureAssociation,knowledge_assertion,manual_agent,https://purl.humanatlas.io/vocab/hp
HGNC:8975,biolink:has_phenotype,HP:0005584,biolink:EntityToDiseaseOrPhenotypicFeatureAssociation,knowledge_assertion,manual_agent,https://purl.humanatlas.io/vocab/hp
HGNC:8975,biolink:has_phenotype,HP:0000790,biolink:EntityToDiseaseOrPhenotypicFeatureAssociation,knowledge_assertion,manual_agent,https://purl.humanatlas.io/vocab/hp
HGNC:8977,biolink:has_phenotype,HP:0000086,biolink:EntityToDiseaseOrPhenotypicFeatureAssociation,knowledge_assertion,manual_agent,https://purl.humanatlas.io/vocab/hp
HGNC:8977,biolink:has_phenotype,HP:0000122,biolink:EntityToDiseaseOrPhenotypicFeatureAssociation,knowledge_assertion,manual_agent,https://purl.humanatlas.io/vocab/hp
HGNC:8980,biolink:has_phenotype,HP:0100542,biolink:EntityToDiseaseOrPhenotypicFeatureAssociation,knowledge_assertion,manual_agent,https://purl.humanatlas.io/vocab/hp
HGNC:8983,biolink:has_phenotype,HP:0010946,biolink:EntityToDiseaseOrPhenotypicFeatureAssociation,knowledge_assertion,manual_agent,https://purl.humanatlas.io/vocab/hp
HGNC:8983,biolink:has_phenotype,HP:0010945,biolink:EntityToDiseaseOrPhenotypicFeatureAssociation,knowledge_assertion,manual_agent,https://purl.humanatlas.io/vocab/hp
HGNC:9008,biolink:has_phenotype,HP:0003774,biolink:EntityToDiseaseOrPhenotypicFeatureAssociation,knowledge_assertion,manual_agent,https://purl.humanatlas.io/vocab/hp
HGNC:9008,biolink:has_phenotype,HP:0008672,biolink:EntityToDiseaseOrPhenotypicFeatureAssociation,knowledge_assertion,manual_agent,https://purl.humanatlas.io/vocab/hp
HGNC:9008,biolink:has_phenotype,HP:0000083,biolink:EntityToDiseaseOrPhenotypicFeatureAssociation,knowledge_assertion,manual_agent,https://purl.humanatlas.io/vocab/hp
HGNC:9008,biolink:has_phenotype,HP:0000083,biolink:EntityToDiseaseOrPhenotypicFeatureAssociation,knowledge_assertion,manual_agent,https://purl.humanatlas.io/vocab/hp
HGNC:9008,biolink:has_phenotype,HP:0000113,biolink:EntityToDiseaseOrPhenotypicFeatureAssociation,knowledge_assertion,manual_agent,https://purl.humanatlas.io/vocab/hp
HGNC:9008,biolink:has_phenotype,HP:0000107,biolink:EntityToDiseaseOrPhenotypicFeatureAssociation,knowledge_assertion,manual_agent,https://purl.humanatlas.io/vocab/hp
HGNC:9008,biolink:has_phenotype,HP:0000105,biolink:EntityToDiseaseOrPhenotypicFeatureAssociation,knowledge_assertion,manual_agent,https://purl.humanatlas.io/vocab/hp
HGNC:9008,biolink:has_phenotype,HP:0012622,biolink:EntityToDiseaseOrPhenotypicFeatureAssociation,knowledge_assertion,manual_agent,https://purl.humanatlas.io/vocab/hp
HGNC:9008,biolink:has_phenotype,HP:0000791,biolink:EntityToDiseaseOrPhenotypicFeatureAssociation,knowledge_assertion,manual_agent,https://purl.humanatlas.io/vocab/hp
HGNC:9008,biolink:has_phenotype,HP:0000790,biolink:EntityToDiseaseOrPhenotypicFeatureAssociation,knowledge_assertion,manual_agent,https://purl.humanatlas.io/vocab/hp
HGNC:9008,biolink:has_phenotype,HP:0012213,biolink:EntityToDiseaseOrPhenotypicFeatureAssociation,knowledge_assertion,manual_agent,https://purl.humanatlas.io/vocab/hp
HGNC:9008,biolink:has_phenotype,HP:0012330,biolink:EntityToDiseaseOrPhenotypicFeatureAssociation,knowledge_assertion,manual_agent,https://purl.humanatlas.io/vocab/hp
HGNC:9009,biolink:has_phenotype,HP:0003774,biolink:EntityToDiseaseOrPhenotypicFeatureAssociation,knowledge_assertion,manual_agent,https://purl.humanatlas.io/vocab/hp
HGNC:9009,biolink:has_phenotype,HP:0003774,biolink:EntityToDiseaseOrPhenotypicFeatureAssociation,knowledge_assertion,manual_agent,https://purl.humanatlas.io/vocab/hp
HGNC:9009,biolink:has_phenotype,HP:0008672,biolink:EntityToDiseaseOrPhenotypicFeatureAssociation,knowledge_assertion,manual_agent,https://purl.humanatlas.io/vocab/hp
HGNC:9009,biolink:has_phenotype,HP:0000083,biolink:EntityToDiseaseOrPhenotypicFeatureAssociation,knowledge_assertion,manual_agent,https://purl.humanatlas.io/vocab/hp
HGNC:9009,biolink:has_phenotype,HP:0000083,biolink:EntityToDiseaseOrPhenotypicFeatureAssociation,knowledge_assertion,manual_agent,https://purl.humanatlas.io/vocab/hp
HGNC:9009,biolink:has_phenotype,HP:0000113,biolink:EntityToDiseaseOrPhenotypicFeatureAssociation,knowledge_assertion,manual_agent,https://purl.humanatlas.io/vocab/hp
HGNC:9009,biolink:has_phenotype,HP:0000107,biolink:EntityToDiseaseOrPhenotypicFeatureAssociation,knowledge_assertion,manual_agent,https://purl.humanatlas.io/vocab/hp
HGNC:9009,biolink:has_phenotype,HP:0000105,biolink:EntityToDiseaseOrPhenotypicFeatureAssociation,knowledge_assertion,manual_agent,https://purl.humanatlas.io/vocab/hp
HGNC:9009,biolink:has_phenotype,HP:0005562,biolink:EntityToDiseaseOrPhenotypicFeatureAssociation,knowledge_assertion,manual_agent,https://purl.humanatlas.io/vocab/hp
HGNC:9009,biolink:has_phenotype,HP:0012622,biolink:EntityToDiseaseOrPhenotypicFeatureAssociation,knowledge_assertion,manual_agent,https://purl.humanatlas.io/vocab/hp
HGNC:9009,biolink:has_phenotype,HP:0000791,biolink:EntityToDiseaseOrPhenotypicFeatureAssociation,knowledge_assertion,manual_agent,https://purl.humanatlas.io/vocab/hp
HGNC:9009,biolink:has_phenotype,HP:0000790,biolink:EntityToDiseaseOrPhenotypicFeatureAssociation,knowledge_assertion,manual_agent,https://purl.humanatlas.io/vocab/hp
HGNC:9009,biolink:has_phenotype,HP:0012213,biolink:EntityToDiseaseOrPhenotypicFeatureAssociation,knowledge_assertion,manual_agent,https://purl.humanatlas.io/vocab/hp
HGNC:9009,biolink:has_phenotype,HP:0012330,biolink:EntityToDiseaseOrPhenotypicFeatureAssociation,knowledge_assertion,manual_agent,https://purl.humanatlas.io/vocab/hp
HGNC:9016,biolink:has_phenotype,HP:0003774,biolink:EntityToDiseaseOrPhenotypicFeatureAssociation,knowledge_assertion,manual_agent,https://purl.humanatlas.io/vocab/hp
HGNC:9016,biolink:has_phenotype,HP:0008659,biolink:EntityToDiseaseOrPhenotypicFeatureAssociation,knowledge_assertion,manual_agent,https://purl.humanatlas.io/vocab/hp
HGNC:9016,biolink:has_phenotype,HP:0000083,biolink:EntityToDiseaseOrPhenotypicFeatureAssociation,knowledge_assertion,manual_agent,https://purl.humanatlas.io/vocab/hp
HGNC:9016,biolink:has_phenotype,HP:0000083,biolink:EntityToDiseaseOrPhenotypicFeatureAssociation,knowledge_assertion,manual_agent,https://purl.humanatlas.io/vocab/hp
HGNC:9016,biolink:has_phenotype,HP:0000113,biolink:EntityToDiseaseOrPhenotypicFeatureAssociation,knowledge_assertion,manual_agent,https://purl.humanatlas.io/vocab/hp
HGNC:9016,biolink:has_phenotype,HP:0000113,biolink:EntityToDiseaseOrPhenotypicFeatureAssociation,knowledge_assertion,manual_agent,https://purl.humanatlas.io/vocab/hp
HGNC:9016,biolink:has_phenotype,HP:0000113,biolink:EntityToDiseaseOrPhenotypicFeatureAssociation,knowledge_assertion,manual_agent,https://purl.humanatlas.io/vocab/hp
HGNC:9016,biolink:has_phenotype,HP:0000107,biolink:EntityToDiseaseOrPhenotypicFeatureAssociation,knowledge_assertion,manual_agent,https://purl.humanatlas.io/vocab/hp
HGNC:9016,biolink:has_phenotype,HP:0000105,biolink:EntityToDiseaseOrPhenotypicFeatureAssociation,knowledge_assertion,manual_agent,https://purl.humanatlas.io/vocab/hp
HGNC:9016,biolink:has_phenotype,HP:0000105,biolink:EntityToDiseaseOrPhenotypicFeatureAssociation,knowledge_assertion,manual_agent,https://purl.humanatlas.io/vocab/hp
HGNC:9016,biolink:has_phenotype,HP:0100520,biolink:EntityToDiseaseOrPhenotypicFeatureAssociation,knowledge_assertion,manual_agent,https://purl.humanatlas.io/vocab/hp
HGNC:9016,biolink:has_phenotype,HP:0004719,biolink:EntityToDiseaseOrPhenotypicFeatureAssociation,knowledge_assertion,manual_agent,https://purl.humanatlas.io/vocab/hp
HGNC:9016,biolink:has_phenotype,HP:0005576,biolink:EntityToDiseaseOrPhenotypicFeatureAssociation,knowledge_assertion,manual_agent,https://purl.humanatlas.io/vocab/hp
HGNC:9016,biolink:has_phenotype,HP:0005565,biolink:EntityToDiseaseOrPhenotypicFeatureAssociation,knowledge_assertion,manual_agent,https://purl.humanatlas.io/vocab/hp
HGNC:9016,biolink:has_phenotype,HP:0005564,biolink:EntityToDiseaseOrPhenotypicFeatureAssociation,knowledge_assertion,manual_agent,https://purl.humanatlas.io/vocab/hp
HGNC:9016,biolink:has_phenotype,HP:0001919,biolink:EntityToDiseaseOrPhenotypicFeatureAssociation,knowledge_assertion,manual_agent,https://purl.humanatlas.io/vocab/hp
HGNC:9031,biolink:has_phenotype,HP:0005584,biolink:EntityToDiseaseOrPhenotypicFeatureAssociation,knowledge_assertion,manual_agent,https://purl.humanatlas.io/vocab/hp
HGNC:9060,biolink:has_phenotype,HP:0000787,biolink:EntityToDiseaseOrPhenotypicFeatureAssociation,knowledge_assertion,manual_agent,https://purl.humanatlas.io/vocab/hp
HGNC:9067,biolink:has_phenotype,HP:0000126,biolink:EntityToDiseaseOrPhenotypicFeatureAssociation,knowledge_assertion,manual_agent,https://purl.humanatlas.io/vocab/hp
HGNC:9069,biolink:has_phenotype,HP:0000096,biolink:EntityToDiseaseOrPhenotypicFeatureAssociation,knowledge_assertion,manual_agent,https://purl.humanatlas.io/vocab/hp
HGNC:9069,biolink:has_phenotype,HP:0000075,biolink:EntityToDiseaseOrPhenotypicFeatureAssociation,knowledge_assertion,manual_agent,https://purl.humanatlas.io/vocab/hp
HGNC:9069,biolink:has_phenotype,HP:0000126,biolink:EntityToDiseaseOrPhenotypicFeatureAssociation,knowledge_assertion,manual_agent,https://purl.humanatlas.io/vocab/hp
HGNC:9069,biolink:has_phenotype,HP:0000110,biolink:EntityToDiseaseOrPhenotypicFeatureAssociation,knowledge_assertion,manual_agent,https://purl.humanatlas.io/vocab/hp
HGNC:9071,biolink:has_phenotype,HP:0000123,biolink:EntityToDiseaseOrPhenotypicFeatureAssociation,knowledge_assertion,manual_agent,https://purl.humanatlas.io/vocab/hp
HGNC:9071,biolink:has_phenotype,HP:0000787,biolink:EntityToDiseaseOrPhenotypicFeatureAssociation,knowledge_assertion,manual_agent,https://purl.humanatlas.io/vocab/hp
HGNC:9071,biolink:has_phenotype,HP:0000787,biolink:EntityToDiseaseOrPhenotypicFeatureAssociation,knowledge_assertion,manual_agent,https://purl.humanatlas.io/vocab/hp
HGNC:9075,biolink:has_phenotype,HP:0000790,biolink:EntityToDiseaseOrPhenotypicFeatureAssociation,knowledge_assertion,manual_agent,https://purl.humanatlas.io/vocab/hp
HGNC:9099,biolink:has_phenotype,HP:0012583,biolink:EntityToDiseaseOrPhenotypicFeatureAssociation,knowledge_assertion,manual_agent,https://purl.humanatlas.io/vocab/hp
HGNC:9113,biolink:has_phenotype,HP:0000790,biolink:EntityToDiseaseOrPhenotypicFeatureAssociation,knowledge_assertion,manual_agent,https://purl.humanatlas.io/vocab/hp
HGNC:9115,biolink:has_phenotype,HP:0000091,biolink:EntityToDiseaseOrPhenotypicFeatureAssociation,knowledge_assertion,manual_agent,https://purl.humanatlas.io/vocab/hp
HGNC:9115,biolink:has_phenotype,HP:0000114,biolink:EntityToDiseaseOrPhenotypicFeatureAssociation,knowledge_assertion,manual_agent,https://purl.humanatlas.io/vocab/hp
HGNC:9115,biolink:has_phenotype,HP:0000100,biolink:EntityToDiseaseOrPhenotypicFeatureAssociation,knowledge_assertion,manual_agent,https://purl.humanatlas.io/vocab/hp
HGNC:9115,biolink:has_phenotype,HP:0000100,biolink:EntityToDiseaseOrPhenotypicFeatureAssociation,knowledge_assertion,manual_agent,https://purl.humanatlas.io/vocab/hp
HGNC:9115,biolink:has_phenotype,HP:0000107,biolink:EntityToDiseaseOrPhenotypicFeatureAssociation,knowledge_assertion,manual_agent,https://purl.humanatlas.io/vocab/hp
HGNC:9115,biolink:has_phenotype,HP:0005562,biolink:EntityToDiseaseOrPhenotypicFeatureAssociation,knowledge_assertion,manual_agent,https://purl.humanatlas.io/vocab/hp
HGNC:9121,biolink:has_phenotype,HP:0009726,biolink:EntityToDiseaseOrPhenotypicFeatureAssociation,knowledge_assertion,manual_agent,https://purl.humanatlas.io/vocab/hp
HGNC:9122,biolink:has_phenotype,HP:0009726,biolink:EntityToDiseaseOrPhenotypicFeatureAssociation,knowledge_assertion,manual_agent,https://purl.humanatlas.io/vocab/hp
HGNC:9175,biolink:has_phenotype,HP:0009726,biolink:EntityToDiseaseOrPhenotypicFeatureAssociation,knowledge_assertion,manual_agent,https://purl.humanatlas.io/vocab/hp
HGNC:9177,biolink:has_phenotype,HP:0000126,biolink:EntityToDiseaseOrPhenotypicFeatureAssociation,knowledge_assertion,manual_agent,https://purl.humanatlas.io/vocab/hp
HGNC:9177,biolink:has_phenotype,HP:0009726,biolink:EntityToDiseaseOrPhenotypicFeatureAssociation,knowledge_assertion,manual_agent,https://purl.humanatlas.io/vocab/hp
HGNC:9200,biolink:has_phenotype,HP:0000114,biolink:EntityToDiseaseOrPhenotypicFeatureAssociation,knowledge_assertion,manual_agent,https://purl.humanatlas.io/vocab/hp
HGNC:9200,biolink:has_phenotype,HP:0012625,biolink:EntityToDiseaseOrPhenotypicFeatureAssociation,knowledge_assertion,manual_agent,https://purl.humanatlas.io/vocab/hp
HGNC:9200,biolink:has_phenotype,HP:0001994,biolink:EntityToDiseaseOrPhenotypicFeatureAssociation,knowledge_assertion,manual_agent,https://purl.humanatlas.io/vocab/hp
HGNC:9200,biolink:has_phenotype,HP:0012408,biolink:EntityToDiseaseOrPhenotypicFeatureAssociation,knowledge_assertion,manual_agent,https://purl.humanatlas.io/vocab/hp
HGNC:9208,biolink:has_phenotype,HP:0010946,biolink:EntityToDiseaseOrPhenotypicFeatureAssociation,knowledge_assertion,manual_agent,https://purl.humanatlas.io/vocab/hp
HGNC:9208,biolink:has_phenotype,HP:0000085,biolink:EntityToDiseaseOrPhenotypicFeatureAssociation,knowledge_assertion,manual_agent,https://purl.humanatlas.io/vocab/hp
HGNC:9208,biolink:has_phenotype,HP:0000122,biolink:EntityToDiseaseOrPhenotypicFeatureAssociation,knowledge_assertion,manual_agent,https://purl.humanatlas.io/vocab/hp
HGNC:9208,biolink:has_phenotype,HP:0012210,biolink:EntityToDiseaseOrPhenotypicFeatureAssociation,knowledge_assertion,manual_agent,https://purl.humanatlas.io/vocab/hp
HGNC:9217,biolink:has_phenotype,HP:0001920,biolink:EntityToDiseaseOrPhenotypicFeatureAssociation,knowledge_assertion,manual_agent,https://purl.humanatlas.io/vocab/hp
HGNC:9276,biolink:has_phenotype,HP:0000787,biolink:EntityToDiseaseOrPhenotypicFeatureAssociation,knowledge_assertion,manual_agent,https://purl.humanatlas.io/vocab/hp
HGNC:9280,biolink:has_phenotype,HP:0012622,biolink:EntityToDiseaseOrPhenotypicFeatureAssociation,knowledge_assertion,manual_agent,https://purl.humanatlas.io/vocab/hp
HGNC:9302,biolink:has_phenotype,HP:0000122,biolink:EntityToDiseaseOrPhenotypicFeatureAssociation,knowledge_assertion,manual_agent,https://purl.humanatlas.io/vocab/hp
HGNC:9302,biolink:has_phenotype,HP:0000122,biolink:EntityToDiseaseOrPhenotypicFeatureAssociation,knowledge_assertion,manual_agent,https://purl.humanatlas.io/vocab/hp
HGNC:9314,biolink:has_phenotype,HP:0000126,biolink:EntityToDiseaseOrPhenotypicFeatureAssociation,knowledge_assertion,manual_agent,https://purl.humanatlas.io/vocab/hp
HGNC:9343,biolink:has_phenotype,HP:0006766,biolink:EntityToDiseaseOrPhenotypicFeatureAssociation,knowledge_assertion,manual_agent,https://purl.humanatlas.io/vocab/hp
HGNC:9360,biolink:has_phenotype,HP:0012211,biolink:EntityToDiseaseOrPhenotypicFeatureAssociation,knowledge_assertion,manual_agent,https://purl.humanatlas.io/vocab/hp
HGNC:9369,biolink:has_phenotype,HP:0000089,biolink:EntityToDiseaseOrPhenotypicFeatureAssociation,knowledge_assertion,manual_agent,https://purl.humanatlas.io/vocab/hp
HGNC:9380,biolink:has_phenotype,HP:0008678,biolink:EntityToDiseaseOrPhenotypicFeatureAssociation,knowledge_assertion,manual_agent,https://purl.humanatlas.io/vocab/hp
HGNC:9381,biolink:has_phenotype,HP:0008678,biolink:EntityToDiseaseOrPhenotypicFeatureAssociation,knowledge_assertion,manual_agent,https://purl.humanatlas.io/vocab/hp
HGNC:9388,biolink:has_phenotype,HP:0000122,biolink:EntityToDiseaseOrPhenotypicFeatureAssociation,knowledge_assertion,manual_agent,https://purl.humanatlas.io/vocab/hp
HGNC:9388,biolink:has_phenotype,HP:0000790,biolink:EntityToDiseaseOrPhenotypicFeatureAssociation,knowledge_assertion,manual_agent,https://purl.humanatlas.io/vocab/hp
HGNC:9399,biolink:has_phenotype,HP:0003774,biolink:EntityToDiseaseOrPhenotypicFeatureAssociation,knowledge_assertion,manual_agent,https://purl.humanatlas.io/vocab/hp
HGNC:9399,biolink:has_phenotype,HP:0000100,biolink:EntityToDiseaseOrPhenotypicFeatureAssociation,knowledge_assertion,manual_agent,https://purl.humanatlas.io/vocab/hp
HGNC:9399,biolink:has_phenotype,HP:0012578,biolink:EntityToDiseaseOrPhenotypicFeatureAssociation,knowledge_assertion,manual_agent,https://purl.humanatlas.io/vocab/hp
HGNC:9411,biolink:has_phenotype,HP:0000107,biolink:EntityToDiseaseOrPhenotypicFeatureAssociation,knowledge_assertion,manual_agent,https://purl.humanatlas.io/vocab/hp
HGNC:9411,biolink:has_phenotype,HP:0005562,biolink:EntityToDiseaseOrPhenotypicFeatureAssociation,knowledge_assertion,manual_agent,https://purl.humanatlas.io/vocab/hp
HGNC:9412,biolink:has_phenotype,HP:0000126,biolink:EntityToDiseaseOrPhenotypicFeatureAssociation,knowledge_assertion,manual_agent,https://purl.humanatlas.io/vocab/hp
HGNC:9412,biolink:has_phenotype,HP:0000107,biolink:EntityToDiseaseOrPhenotypicFeatureAssociation,knowledge_assertion,manual_agent,https://purl.humanatlas.io/vocab/hp
HGNC:6871,biolink:has_phenotype,HP:0000081,biolink:EntityToDiseaseOrPhenotypicFeatureAssociation,knowledge_assertion,manual_agent,https://purl.humanatlas.io/vocab/hp
HGNC:6840,biolink:has_phenotype,HP:0000126,biolink:EntityToDiseaseOrPhenotypicFeatureAssociation,knowledge_assertion,manual_agent,https://purl.humanatlas.io/vocab/hp
HGNC:6842,biolink:has_phenotype,HP:0000126,biolink:EntityToDiseaseOrPhenotypicFeatureAssociation,knowledge_assertion,manual_agent,https://purl.humanatlas.io/vocab/hp
HGNC:9453,biolink:has_phenotype,HP:0000112,biolink:EntityToDiseaseOrPhenotypicFeatureAssociation,knowledge_assertion,manual_agent,https://purl.humanatlas.io/vocab/hp
HGNC:9462,biolink:has_phenotype,HP:0000083,biolink:EntityToDiseaseOrPhenotypicFeatureAssociation,knowledge_assertion,manual_agent,https://purl.humanatlas.io/vocab/hp
HGNC:9462,biolink:has_phenotype,HP:0000083,biolink:EntityToDiseaseOrPhenotypicFeatureAssociation,knowledge_assertion,manual_agent,https://purl.humanatlas.io/vocab/hp
HGNC:9462,biolink:has_phenotype,HP:0000083,biolink:EntityToDiseaseOrPhenotypicFeatureAssociation,knowledge_assertion,manual_agent,https://purl.humanatlas.io/vocab/hp
HGNC:9462,biolink:has_phenotype,HP:0012626,biolink:EntityToDiseaseOrPhenotypicFeatureAssociation,knowledge_assertion,manual_agent,https://purl.humanatlas.io/vocab/hp
HGNC:9462,biolink:has_phenotype,HP:0001919,biolink:EntityToDiseaseOrPhenotypicFeatureAssociation,knowledge_assertion,manual_agent,https://purl.humanatlas.io/vocab/hp
HGNC:9462,biolink:has_phenotype,HP:0001919,biolink:EntityToDiseaseOrPhenotypicFeatureAssociation,knowledge_assertion,manual_agent,https://purl.humanatlas.io/vocab/hp
HGNC:9462,biolink:has_phenotype,HP:0000791,biolink:EntityToDiseaseOrPhenotypicFeatureAssociation,knowledge_assertion,manual_agent,https://purl.humanatlas.io/vocab/hp
HGNC:9462,biolink:has_phenotype,HP:0000791,biolink:EntityToDiseaseOrPhenotypicFeatureAssociation,knowledge_assertion,manual_agent,https://purl.humanatlas.io/vocab/hp
HGNC:9462,biolink:has_phenotype,HP:0000791,biolink:EntityToDiseaseOrPhenotypicFeatureAssociation,knowledge_assertion,manual_agent,https://purl.humanatlas.io/vocab/hp
HGNC:6901,biolink:has_phenotype,HP:0000126,biolink:EntityToDiseaseOrPhenotypicFeatureAssociation,knowledge_assertion,manual_agent,https://purl.humanatlas.io/vocab/hp
HGNC:9495,biolink:has_phenotype,HP:0100820,biolink:EntityToDiseaseOrPhenotypicFeatureAssociation,knowledge_assertion,manual_agent,https://purl.humanatlas.io/vocab/hp
HGNC:9495,biolink:has_phenotype,HP:0000083,biolink:EntityToDiseaseOrPhenotypicFeatureAssociation,knowledge_assertion,manual_agent,https://purl.humanatlas.io/vocab/hp
HGNC:9495,biolink:has_phenotype,HP:0000099,biolink:EntityToDiseaseOrPhenotypicFeatureAssociation,knowledge_assertion,manual_agent,https://purl.humanatlas.io/vocab/hp
HGNC:9495,biolink:has_phenotype,HP:0000126,biolink:EntityToDiseaseOrPhenotypicFeatureAssociation,knowledge_assertion,manual_agent,https://purl.humanatlas.io/vocab/hp
HGNC:9495,biolink:has_phenotype,HP:0000790,biolink:EntityToDiseaseOrPhenotypicFeatureAssociation,knowledge_assertion,manual_agent,https://purl.humanatlas.io/vocab/hp
HGNC:9538,biolink:has_phenotype,HP:0000100,biolink:EntityToDiseaseOrPhenotypicFeatureAssociation,knowledge_assertion,manual_agent,https://purl.humanatlas.io/vocab/hp
HGNC:9547,biolink:has_phenotype,HP:0000081,biolink:EntityToDiseaseOrPhenotypicFeatureAssociation,knowledge_assertion,manual_agent,https://purl.humanatlas.io/vocab/hp
HGNC:9557,biolink:has_phenotype,HP:0004736,biolink:EntityToDiseaseOrPhenotypicFeatureAssociation,knowledge_assertion,manual_agent,https://purl.humanatlas.io/vocab/hp
HGNC:9585,biolink:has_phenotype,HP:0002667,biolink:EntityToDiseaseOrPhenotypicFeatureAssociation,knowledge_assertion,manual_agent,https://purl.humanatlas.io/vocab/hp
HGNC:9585,biolink:has_phenotype,HP:0000104,biolink:EntityToDiseaseOrPhenotypicFeatureAssociation,knowledge_assertion,manual_agent,https://purl.humanatlas.io/vocab/hp
HGNC:9588,biolink:has_phenotype,HP:0005584,biolink:EntityToDiseaseOrPhenotypicFeatureAssociation,knowledge_assertion,manual_agent,https://purl.humanatlas.io/vocab/hp
HGNC:9606,biolink:has_phenotype,HP:0000121,biolink:EntityToDiseaseOrPhenotypicFeatureAssociation,knowledge_assertion,manual_agent,https://purl.humanatlas.io/vocab/hp
HGNC:9608,biolink:has_phenotype,HP:0000121,biolink:EntityToDiseaseOrPhenotypicFeatureAssociation,knowledge_assertion,manual_agent,https://purl.humanatlas.io/vocab/hp
HGNC:9608,biolink:has_phenotype,HP:0000121,biolink:EntityToDiseaseOrPhenotypicFeatureAssociation,knowledge_assertion,manual_agent,https://purl.humanatlas.io/vocab/hp
HGNC:9644,biolink:has_phenotype,HP:0010946,biolink:EntityToDiseaseOrPhenotypicFeatureAssociation,knowledge_assertion,manual_agent,https://purl.humanatlas.io/vocab/hp
HGNC:9644,biolink:has_phenotype,HP:0000122,biolink:EntityToDiseaseOrPhenotypicFeatureAssociation,knowledge_assertion,manual_agent,https://purl.humanatlas.io/vocab/hp
HGNC:9644,biolink:has_phenotype,HP:0100542,biolink:EntityToDiseaseOrPhenotypicFeatureAssociation,knowledge_assertion,manual_agent,https://purl.humanatlas.io/vocab/hp
HGNC:9645,biolink:has_phenotype,HP:0005584,biolink:EntityToDiseaseOrPhenotypicFeatureAssociation,knowledge_assertion,manual_agent,https://purl.humanatlas.io/vocab/hp
HGNC:9673,biolink:has_phenotype,HP:0005584,biolink:EntityToDiseaseOrPhenotypicFeatureAssociation,knowledge_assertion,manual_agent,https://purl.humanatlas.io/vocab/hp
HGNC:9678,biolink:has_phenotype,HP:0003774,biolink:EntityToDiseaseOrPhenotypicFeatureAssociation,knowledge_assertion,manual_agent,https://purl.humanatlas.io/vocab/hp
HGNC:9678,biolink:has_phenotype,HP:0003774,biolink:EntityToDiseaseOrPhenotypicFeatureAssociation,knowledge_assertion,manual_agent,https://purl.humanatlas.io/vocab/hp
HGNC:9678,biolink:has_phenotype,HP:0000097,biolink:EntityToDiseaseOrPhenotypicFeatureAssociation,knowledge_assertion,manual_agent,https://purl.humanatlas.io/vocab/hp
HGNC:9678,biolink:has_phenotype,HP:0000097,biolink:EntityToDiseaseOrPhenotypicFeatureAssociation,knowledge_assertion,manual_agent,https://purl.humanatlas.io/vocab/hp
HGNC:9678,biolink:has_phenotype,HP:0000100,biolink:EntityToDiseaseOrPhenotypicFeatureAssociation,knowledge_assertion,manual_agent,https://purl.humanatlas.io/vocab/hp
HGNC:9678,biolink:has_phenotype,HP:0005576,biolink:EntityToDiseaseOrPhenotypicFeatureAssociation,knowledge_assertion,manual_agent,https://purl.humanatlas.io/vocab/hp
HGNC:9678,biolink:has_phenotype,HP:0012622,biolink:EntityToDiseaseOrPhenotypicFeatureAssociation,knowledge_assertion,manual_agent,https://purl.humanatlas.io/vocab/hp
HGNC:9678,biolink:has_phenotype,HP:0001967,biolink:EntityToDiseaseOrPhenotypicFeatureAssociation,knowledge_assertion,manual_agent,https://purl.humanatlas.io/vocab/hp
HGNC:9678,biolink:has_phenotype,HP:0012579,biolink:EntityToDiseaseOrPhenotypicFeatureAssociation,knowledge_assertion,manual_agent,https://purl.humanatlas.io/vocab/hp
HGNC:9678,biolink:has_phenotype,HP:0012579,biolink:EntityToDiseaseOrPhenotypicFeatureAssociation,knowledge_assertion,manual_agent,https://purl.humanatlas.io/vocab/hp
HGNC:9713,biolink:has_phenotype,HP:0000003,biolink:EntityToDiseaseOrPhenotypicFeatureAssociation,knowledge_assertion,manual_agent,https://purl.humanatlas.io/vocab/hp
HGNC:9713,biolink:has_phenotype,HP:0000124,biolink:EntityToDiseaseOrPhenotypicFeatureAssociation,knowledge_assertion,manual_agent,https://purl.humanatlas.io/vocab/hp
HGNC:9713,biolink:has_phenotype,HP:0000126,biolink:EntityToDiseaseOrPhenotypicFeatureAssociation,knowledge_assertion,manual_agent,https://purl.humanatlas.io/vocab/hp
HGNC:9717,biolink:has_phenotype,HP:0000003,biolink:EntityToDiseaseOrPhenotypicFeatureAssociation,knowledge_assertion,manual_agent,https://purl.humanatlas.io/vocab/hp
HGNC:9717,biolink:has_phenotype,HP:0000113,biolink:EntityToDiseaseOrPhenotypicFeatureAssociation,knowledge_assertion,manual_agent,https://purl.humanatlas.io/vocab/hp
HGNC:9717,biolink:has_phenotype,HP:0000126,biolink:EntityToDiseaseOrPhenotypicFeatureAssociation,knowledge_assertion,manual_agent,https://purl.humanatlas.io/vocab/hp
HGNC:9717,biolink:has_phenotype,HP:0000107,biolink:EntityToDiseaseOrPhenotypicFeatureAssociation,knowledge_assertion,manual_agent,https://purl.humanatlas.io/vocab/hp
HGNC:9717,biolink:has_phenotype,HP:0004734,biolink:EntityToDiseaseOrPhenotypicFeatureAssociation,knowledge_assertion,manual_agent,https://purl.humanatlas.io/vocab/hp
HGNC:9719,biolink:has_phenotype,HP:0000003,biolink:EntityToDiseaseOrPhenotypicFeatureAssociation,knowledge_assertion,manual_agent,https://purl.humanatlas.io/vocab/hp
HGNC:9719,biolink:has_phenotype,HP:0000113,biolink:EntityToDiseaseOrPhenotypicFeatureAssociation,knowledge_assertion,manual_agent,https://purl.humanatlas.io/vocab/hp
HGNC:9719,biolink:has_phenotype,HP:0000126,biolink:EntityToDiseaseOrPhenotypicFeatureAssociation,knowledge_assertion,manual_agent,https://purl.humanatlas.io/vocab/hp
HGNC:9722,biolink:has_phenotype,HP:0000122,biolink:EntityToDiseaseOrPhenotypicFeatureAssociation,knowledge_assertion,manual_agent,https://purl.humanatlas.io/vocab/hp
HGNC:9722,biolink:has_phenotype,HP:0000122,biolink:EntityToDiseaseOrPhenotypicFeatureAssociation,knowledge_assertion,manual_agent,https://purl.humanatlas.io/vocab/hp
HGNC:9722,biolink:has_phenotype,HP:0012330,biolink:EntityToDiseaseOrPhenotypicFeatureAssociation,knowledge_assertion,manual_agent,https://purl.humanatlas.io/vocab/hp
HGNC:9726,biolink:has_phenotype,HP:0012622,biolink:EntityToDiseaseOrPhenotypicFeatureAssociation,knowledge_assertion,manual_agent,https://purl.humanatlas.io/vocab/hp
HGNC:9726,biolink:has_phenotype,HP:0001919,biolink:EntityToDiseaseOrPhenotypicFeatureAssociation,knowledge_assertion,manual_agent,https://purl.humanatlas.io/vocab/hp
HGNC:9811,biolink:has_phenotype,HP:0000089,biolink:EntityToDiseaseOrPhenotypicFeatureAssociation,knowledge_assertion,manual_agent,https://purl.humanatlas.io/vocab/hp
HGNC:9811,biolink:has_phenotype,HP:0000083,biolink:EntityToDiseaseOrPhenotypicFeatureAssociation,knowledge_assertion,manual_agent,https://purl.humanatlas.io/vocab/hp
HGNC:9811,biolink:has_phenotype,HP:0000003,biolink:EntityToDiseaseOrPhenotypicFeatureAssociation,knowledge_assertion,manual_agent,https://purl.humanatlas.io/vocab/hp
HGNC:9817,biolink:has_phenotype,HP:0008678,biolink:EntityToDiseaseOrPhenotypicFeatureAssociation,knowledge_assertion,manual_agent,https://purl.humanatlas.io/vocab/hp
HGNC:9817,biolink:has_phenotype,HP:0000083,biolink:EntityToDiseaseOrPhenotypicFeatureAssociation,knowledge_assertion,manual_agent,https://purl.humanatlas.io/vocab/hp
HGNC:9817,biolink:has_phenotype,HP:0000125,biolink:EntityToDiseaseOrPhenotypicFeatureAssociation,knowledge_assertion,manual_agent,https://purl.humanatlas.io/vocab/hp
HGNC:9817,biolink:has_phenotype,HP:0100542,biolink:EntityToDiseaseOrPhenotypicFeatureAssociation,knowledge_assertion,manual_agent,https://purl.humanatlas.io/vocab/hp
HGNC:9817,biolink:has_phenotype,HP:0012210,biolink:EntityToDiseaseOrPhenotypicFeatureAssociation,knowledge_assertion,manual_agent,https://purl.humanatlas.io/vocab/hp
HGNC:9820,biolink:has_phenotype,HP:0003774,biolink:EntityToDiseaseOrPhenotypicFeatureAssociation,knowledge_assertion,manual_agent,https://purl.humanatlas.io/vocab/hp
HGNC:9820,biolink:has_phenotype,HP:0008678,biolink:EntityToDiseaseOrPhenotypicFeatureAssociation,knowledge_assertion,manual_agent,https://purl.humanatlas.io/vocab/hp
HGNC:9820,biolink:has_phenotype,HP:0000083,biolink:EntityToDiseaseOrPhenotypicFeatureAssociation,knowledge_assertion,manual_agent,https://purl.humanatlas.io/vocab/hp
HGNC:9820,biolink:has_phenotype,HP:0000126,biolink:EntityToDiseaseOrPhenotypicFeatureAssociation,knowledge_assertion,manual_agent,https://purl.humanatlas.io/vocab/hp
HGNC:9820,biolink:has_phenotype,HP:0000107,biolink:EntityToDiseaseOrPhenotypicFeatureAssociation,knowledge_assertion,manual_agent,https://purl.humanatlas.io/vocab/hp
HGNC:9820,biolink:has_phenotype,HP:0100542,biolink:EntityToDiseaseOrPhenotypicFeatureAssociation,knowledge_assertion,manual_agent,https://purl.humanatlas.io/vocab/hp
HGNC:9820,biolink:has_phenotype,HP:0012210,biolink:EntityToDiseaseOrPhenotypicFeatureAssociation,knowledge_assertion,manual_agent,https://purl.humanatlas.io/vocab/hp
HGNC:9829,biolink:has_phenotype,HP:0010946,biolink:EntityToDiseaseOrPhenotypicFeatureAssociation,knowledge_assertion,manual_agent,https://purl.humanatlas.io/vocab/hp
HGNC:9829,biolink:has_phenotype,HP:0100542,biolink:EntityToDiseaseOrPhenotypicFeatureAssociation,knowledge_assertion,manual_agent,https://purl.humanatlas.io/vocab/hp
HGNC:9831,biolink:has_phenotype,HP:0000100,biolink:EntityToDiseaseOrPhenotypicFeatureAssociation,knowledge_assertion,manual_agent,https://purl.humanatlas.io/vocab/hp
HGNC:9832,biolink:has_phenotype,HP:0000100,biolink:EntityToDiseaseOrPhenotypicFeatureAssociation,knowledge_assertion,manual_agent,https://purl.humanatlas.io/vocab/hp
HGNC:9857,biolink:has_phenotype,HP:0000089,biolink:EntityToDiseaseOrPhenotypicFeatureAssociation,knowledge_assertion,manual_agent,https://purl.humanatlas.io/vocab/hp
HGNC:9857,biolink:has_phenotype,HP:0000122,biolink:EntityToDiseaseOrPhenotypicFeatureAssociation,knowledge_assertion,manual_agent,https://purl.humanatlas.io/vocab/hp
HGNC:9859,biolink:has_phenotype,HP:0000085,biolink:EntityToDiseaseOrPhenotypicFeatureAssociation,knowledge_assertion,manual_agent,https://purl.humanatlas.io/vocab/hp
HGNC:9864,biolink:has_phenotype,HP:0000790,biolink:EntityToDiseaseOrPhenotypicFeatureAssociation,knowledge_assertion,manual_agent,https://purl.humanatlas.io/vocab/hp
HGNC:9871,biolink:has_phenotype,HP:0000100,biolink:EntityToDiseaseOrPhenotypicFeatureAssociation,knowledge_assertion,manual_agent,https://purl.humanatlas.io/vocab/hp
HGNC:9872,biolink:has_phenotype,HP:0010946,biolink:EntityToDiseaseOrPhenotypicFeatureAssociation,knowledge_assertion,manual_agent,https://purl.humanatlas.io/vocab/hp
HGNC:9891,biolink:has_phenotype,HP:0000086,biolink:EntityToDiseaseOrPhenotypicFeatureAssociation,knowledge_assertion,manual_agent,https://purl.humanatlas.io/vocab/hp
HGNC:9958,biolink:has_phenotype,HP:0008660,biolink:EntityToDiseaseOrPhenotypicFeatureAssociation,knowledge_assertion,manual_agent,https://purl.humanatlas.io/vocab/hp
HGNC:9958,biolink:has_phenotype,HP:0000089,biolink:EntityToDiseaseOrPhenotypicFeatureAssociation,knowledge_assertion,manual_agent,https://purl.humanatlas.io/vocab/hp
HGNC:9958,biolink:has_phenotype,HP:0000097,biolink:EntityToDiseaseOrPhenotypicFeatureAssociation,knowledge_assertion,manual_agent,https://purl.humanatlas.io/vocab/hp
HGNC:9958,biolink:has_phenotype,HP:0000092,biolink:EntityToDiseaseOrPhenotypicFeatureAssociation,knowledge_assertion,manual_agent,https://purl.humanatlas.io/vocab/hp
HGNC:9958,biolink:has_phenotype,HP:0100519,biolink:EntityToDiseaseOrPhenotypicFeatureAssociation,knowledge_assertion,manual_agent,https://purl.humanatlas.io/vocab/hp
HGNC:9958,biolink:has_phenotype,HP:0004719,biolink:EntityToDiseaseOrPhenotypicFeatureAssociation,knowledge_assertion,manual_agent,https://purl.humanatlas.io/vocab/hp
HGNC:9958,biolink:has_phenotype,HP:0005576,biolink:EntityToDiseaseOrPhenotypicFeatureAssociation,knowledge_assertion,manual_agent,https://purl.humanatlas.io/vocab/hp
HGNC:9958,biolink:has_phenotype,HP:0012622,biolink:EntityToDiseaseOrPhenotypicFeatureAssociation,knowledge_assertion,manual_agent,https://purl.humanatlas.io/vocab/hp
HGNC:9964,biolink:has_phenotype,HP:0000085,biolink:EntityToDiseaseOrPhenotypicFeatureAssociation,knowledge_assertion,manual_agent,https://purl.humanatlas.io/vocab/hp
HGNC:9966,biolink:has_phenotype,HP:0000086,biolink:EntityToDiseaseOrPhenotypicFeatureAssociation,knowledge_assertion,manual_agent,https://purl.humanatlas.io/vocab/hp
HGNC:9966,biolink:has_phenotype,HP:0000085,biolink:EntityToDiseaseOrPhenotypicFeatureAssociation,knowledge_assertion,manual_agent,https://purl.humanatlas.io/vocab/hp
HGNC:9966,biolink:has_phenotype,HP:0002667,biolink:EntityToDiseaseOrPhenotypicFeatureAssociation,knowledge_assertion,manual_agent,https://purl.humanatlas.io/vocab/hp
HGNC:9966,biolink:has_phenotype,HP:0002667,biolink:EntityToDiseaseOrPhenotypicFeatureAssociation,knowledge_assertion,manual_agent,https://purl.humanatlas.io/vocab/hp
HGNC:9966,biolink:has_phenotype,HP:0005580,biolink:EntityToDiseaseOrPhenotypicFeatureAssociation,knowledge_assertion,manual_agent,https://purl.humanatlas.io/vocab/hp
HGNC:9966,biolink:has_phenotype,HP:0002907,biolink:EntityToDiseaseOrPhenotypicFeatureAssociation,knowledge_assertion,manual_agent,https://purl.humanatlas.io/vocab/hp
HGNC:9966,biolink:has_phenotype,HP:0012587,biolink:EntityToDiseaseOrPhenotypicFeatureAssociation,knowledge_assertion,manual_agent,https://purl.humanatlas.io/vocab/hp
HGNC:9967,biolink:has_phenotype,HP:0000096,biolink:EntityToDiseaseOrPhenotypicFeatureAssociation,knowledge_assertion,manual_agent,https://purl.humanatlas.io/vocab/hp
HGNC:9967,biolink:has_phenotype,HP:0000096,biolink:EntityToDiseaseOrPhenotypicFeatureAssociation,knowledge_assertion,manual_agent,https://purl.humanatlas.io/vocab/hp
HGNC:9967,biolink:has_phenotype,HP:0000104,biolink:EntityToDiseaseOrPhenotypicFeatureAssociation,knowledge_assertion,manual_agent,https://purl.humanatlas.io/vocab/hp
HGNC:9967,biolink:has_phenotype,HP:0005584,biolink:EntityToDiseaseOrPhenotypicFeatureAssociation,knowledge_assertion,manual_agent,https://purl.humanatlas.io/vocab/hp
HGNC:9967,biolink:has_phenotype,HP:0001920,biolink:EntityToDiseaseOrPhenotypicFeatureAssociation,knowledge_assertion,manual_agent,https://purl.humanatlas.io/vocab/hp
HGNC:9967,biolink:has_phenotype,HP:0000790,biolink:EntityToDiseaseOrPhenotypicFeatureAssociation,knowledge_assertion,manual_agent,https://purl.humanatlas.io/vocab/hp
HGNC:9967,biolink:has_phenotype,HP:0000790,biolink:EntityToDiseaseOrPhenotypicFeatureAssociation,knowledge_assertion,manual_agent,https://purl.humanatlas.io/vocab/hp
HGNC:9970,biolink:has_phenotype,HP:0100817,biolink:EntityToDiseaseOrPhenotypicFeatureAssociation,knowledge_assertion,manual_agent,https://purl.humanatlas.io/vocab/hp
HGNC:9970,biolink:has_phenotype,HP:0000089,biolink:EntityToDiseaseOrPhenotypicFeatureAssociation,knowledge_assertion,manual_agent,https://purl.humanatlas.io/vocab/hp
HGNC:9970,biolink:has_phenotype,HP:0000083,biolink:EntityToDiseaseOrPhenotypicFeatureAssociation,knowledge_assertion,manual_agent,https://purl.humanatlas.io/vocab/hp
HGNC:9970,biolink:has_phenotype,HP:0000075,biolink:EntityToDiseaseOrPhenotypicFeatureAssociation,knowledge_assertion,manual_agent,https://purl.humanatlas.io/vocab/hp
HGNC:9970,biolink:has_phenotype,HP:0000121,biolink:EntityToDiseaseOrPhenotypicFeatureAssociation,knowledge_assertion,manual_agent,https://purl.humanatlas.io/vocab/hp
HGNC:9970,biolink:has_phenotype,HP:0000125,biolink:EntityToDiseaseOrPhenotypicFeatureAssociation,knowledge_assertion,manual_agent,https://purl.humanatlas.io/vocab/hp
HGNC:9970,biolink:has_phenotype,HP:0005562,biolink:EntityToDiseaseOrPhenotypicFeatureAssociation,knowledge_assertion,manual_agent,https://purl.humanatlas.io/vocab/hp
HGNC:9970,biolink:has_phenotype,HP:0001969,biolink:EntityToDiseaseOrPhenotypicFeatureAssociation,knowledge_assertion,manual_agent,https://purl.humanatlas.io/vocab/hp
HGNC:9970,biolink:has_phenotype,HP:0000787,biolink:EntityToDiseaseOrPhenotypicFeatureAssociation,knowledge_assertion,manual_agent,https://purl.humanatlas.io/vocab/hp
HGNC:10023,biolink:has_phenotype,HP:0010946,biolink:EntityToDiseaseOrPhenotypicFeatureAssociation,knowledge_assertion,manual_agent,https://purl.humanatlas.io/vocab/hp
HGNC:10031,biolink:has_phenotype,HP:0000100,biolink:EntityToDiseaseOrPhenotypicFeatureAssociation,knowledge_assertion,manual_agent,https://purl.humanatlas.io/vocab/hp
HGNC:10249,biolink:has_phenotype,HP:0003774,biolink:EntityToDiseaseOrPhenotypicFeatureAssociation,knowledge_assertion,manual_agent,https://purl.humanatlas.io/vocab/hp
HGNC:10249,biolink:has_phenotype,HP:0010958,biolink:EntityToDiseaseOrPhenotypicFeatureAssociation,knowledge_assertion,manual_agent,https://purl.humanatlas.io/vocab/hp
HGNC:10249,biolink:has_phenotype,HP:0000122,biolink:EntityToDiseaseOrPhenotypicFeatureAssociation,knowledge_assertion,manual_agent,https://purl.humanatlas.io/vocab/hp
HGNC:10249,biolink:has_phenotype,HP:0004719,biolink:EntityToDiseaseOrPhenotypicFeatureAssociation,knowledge_assertion,manual_agent,https://purl.humanatlas.io/vocab/hp
HGNC:10249,biolink:has_phenotype,HP:0012624,biolink:EntityToDiseaseOrPhenotypicFeatureAssociation,knowledge_assertion,manual_agent,https://purl.humanatlas.io/vocab/hp
HGNC:10250,biolink:has_phenotype,HP:0000089,biolink:EntityToDiseaseOrPhenotypicFeatureAssociation,knowledge_assertion,manual_agent,https://purl.humanatlas.io/vocab/hp
HGNC:10258,biolink:has_phenotype,HP:0000126,biolink:EntityToDiseaseOrPhenotypicFeatureAssociation,knowledge_assertion,manual_agent,https://purl.humanatlas.io/vocab/hp
HGNC:10360,biolink:has_phenotype,HP:0000085,biolink:EntityToDiseaseOrPhenotypicFeatureAssociation,knowledge_assertion,manual_agent,https://purl.humanatlas.io/vocab/hp
HGNC:10360,biolink:has_phenotype,HP:0000104,biolink:EntityToDiseaseOrPhenotypicFeatureAssociation,knowledge_assertion,manual_agent,https://purl.humanatlas.io/vocab/hp
HGNC:10368,biolink:has_phenotype,HP:0000085,biolink:EntityToDiseaseOrPhenotypicFeatureAssociation,knowledge_assertion,manual_agent,https://purl.humanatlas.io/vocab/hp
HGNC:10368,biolink:has_phenotype,HP:0000104,biolink:EntityToDiseaseOrPhenotypicFeatureAssociation,knowledge_assertion,manual_agent,https://purl.humanatlas.io/vocab/hp
HGNC:10369,biolink:has_phenotype,HP:0000085,biolink:EntityToDiseaseOrPhenotypicFeatureAssociation,knowledge_assertion,manual_agent,https://purl.humanatlas.io/vocab/hp
HGNC:10369,biolink:has_phenotype,HP:0000104,biolink:EntityToDiseaseOrPhenotypicFeatureAssociation,knowledge_assertion,manual_agent,https://purl.humanatlas.io/vocab/hp
HGNC:10301,biolink:has_phenotype,HP:0000085,biolink:EntityToDiseaseOrPhenotypicFeatureAssociation,knowledge_assertion,manual_agent,https://purl.humanatlas.io/vocab/hp
HGNC:10301,biolink:has_phenotype,HP:0000085,biolink:EntityToDiseaseOrPhenotypicFeatureAssociation,knowledge_assertion,manual_agent,https://purl.humanatlas.io/vocab/hp
HGNC:10301,biolink:has_phenotype,HP:0000104,biolink:EntityToDiseaseOrPhenotypicFeatureAssociation,knowledge_assertion,manual_agent,https://purl.humanatlas.io/vocab/hp
HGNC:10306,biolink:has_phenotype,HP:0000085,biolink:EntityToDiseaseOrPhenotypicFeatureAssociation,knowledge_assertion,manual_agent,https://purl.humanatlas.io/vocab/hp
HGNC:10306,biolink:has_phenotype,HP:0000104,biolink:EntityToDiseaseOrPhenotypicFeatureAssociation,knowledge_assertion,manual_agent,https://purl.humanatlas.io/vocab/hp
HGNC:10310,biolink:has_phenotype,HP:0000085,biolink:EntityToDiseaseOrPhenotypicFeatureAssociation,knowledge_assertion,manual_agent,https://purl.humanatlas.io/vocab/hp
HGNC:10310,biolink:has_phenotype,HP:0000104,biolink:EntityToDiseaseOrPhenotypicFeatureAssociation,knowledge_assertion,manual_agent,https://purl.humanatlas.io/vocab/hp
HGNC:10327,biolink:has_phenotype,HP:0000085,biolink:EntityToDiseaseOrPhenotypicFeatureAssociation,knowledge_assertion,manual_agent,https://purl.humanatlas.io/vocab/hp
HGNC:10327,biolink:has_phenotype,HP:0000122,biolink:EntityToDiseaseOrPhenotypicFeatureAssociation,knowledge_assertion,manual_agent,https://purl.humanatlas.io/vocab/hp
HGNC:10327,biolink:has_phenotype,HP:0000104,biolink:EntityToDiseaseOrPhenotypicFeatureAssociation,knowledge_assertion,manual_agent,https://purl.humanatlas.io/vocab/hp
HGNC:10328,biolink:has_phenotype,HP:0000085,biolink:EntityToDiseaseOrPhenotypicFeatureAssociation,knowledge_assertion,manual_agent,https://purl.humanatlas.io/vocab/hp
HGNC:10328,biolink:has_phenotype,HP:0000104,biolink:EntityToDiseaseOrPhenotypicFeatureAssociation,knowledge_assertion,manual_agent,https://purl.humanatlas.io/vocab/hp
HGNC:10334,biolink:has_phenotype,HP:0000085,biolink:EntityToDiseaseOrPhenotypicFeatureAssociation,knowledge_assertion,manual_agent,https://purl.humanatlas.io/vocab/hp
HGNC:10334,biolink:has_phenotype,HP:0000104,biolink:EntityToDiseaseOrPhenotypicFeatureAssociation,knowledge_assertion,manual_agent,https://purl.humanatlas.io/vocab/hp
HGNC:10345,biolink:has_phenotype,HP:0000085,biolink:EntityToDiseaseOrPhenotypicFeatureAssociation,knowledge_assertion,manual_agent,https://purl.humanatlas.io/vocab/hp
HGNC:10345,biolink:has_phenotype,HP:0000104,biolink:EntityToDiseaseOrPhenotypicFeatureAssociation,knowledge_assertion,manual_agent,https://purl.humanatlas.io/vocab/hp
HGNC:10440,biolink:has_phenotype,HP:0000085,biolink:EntityToDiseaseOrPhenotypicFeatureAssociation,knowledge_assertion,manual_agent,https://purl.humanatlas.io/vocab/hp
HGNC:10440,biolink:has_phenotype,HP:0000104,biolink:EntityToDiseaseOrPhenotypicFeatureAssociation,knowledge_assertion,manual_agent,https://purl.humanatlas.io/vocab/hp
HGNC:10383,biolink:has_phenotype,HP:0000085,biolink:EntityToDiseaseOrPhenotypicFeatureAssociation,knowledge_assertion,manual_agent,https://purl.humanatlas.io/vocab/hp
HGNC:10383,biolink:has_phenotype,HP:0000104,biolink:EntityToDiseaseOrPhenotypicFeatureAssociation,knowledge_assertion,manual_agent,https://purl.humanatlas.io/vocab/hp
HGNC:10389,biolink:has_phenotype,HP:0000085,biolink:EntityToDiseaseOrPhenotypicFeatureAssociation,knowledge_assertion,manual_agent,https://purl.humanatlas.io/vocab/hp
HGNC:10389,biolink:has_phenotype,HP:0000104,biolink:EntityToDiseaseOrPhenotypicFeatureAssociation,knowledge_assertion,manual_agent,https://purl.humanatlas.io/vocab/hp
HGNC:10397,biolink:has_phenotype,HP:0000085,biolink:EntityToDiseaseOrPhenotypicFeatureAssociation,knowledge_assertion,manual_agent,https://purl.humanatlas.io/vocab/hp
HGNC:10397,biolink:has_phenotype,HP:0000104,biolink:EntityToDiseaseOrPhenotypicFeatureAssociation,knowledge_assertion,manual_agent,https://purl.humanatlas.io/vocab/hp
HGNC:10402,biolink:has_phenotype,HP:0000089,biolink:EntityToDiseaseOrPhenotypicFeatureAssociation,knowledge_assertion,manual_agent,https://purl.humanatlas.io/vocab/hp
HGNC:10402,biolink:has_phenotype,HP:0000085,biolink:EntityToDiseaseOrPhenotypicFeatureAssociation,knowledge_assertion,manual_agent,https://purl.humanatlas.io/vocab/hp
HGNC:10402,biolink:has_phenotype,HP:0000104,biolink:EntityToDiseaseOrPhenotypicFeatureAssociation,knowledge_assertion,manual_agent,https://purl.humanatlas.io/vocab/hp
HGNC:10405,biolink:has_phenotype,HP:0000085,biolink:EntityToDiseaseOrPhenotypicFeatureAssociation,knowledge_assertion,manual_agent,https://purl.humanatlas.io/vocab/hp
HGNC:10405,biolink:has_phenotype,HP:0000104,biolink:EntityToDiseaseOrPhenotypicFeatureAssociation,knowledge_assertion,manual_agent,https://purl.humanatlas.io/vocab/hp
HGNC:10405,biolink:has_phenotype,HP:0009726,biolink:EntityToDiseaseOrPhenotypicFeatureAssociation,knowledge_assertion,manual_agent,https://purl.humanatlas.io/vocab/hp
HGNC:10411,biolink:has_phenotype,HP:0000085,biolink:EntityToDiseaseOrPhenotypicFeatureAssociation,knowledge_assertion,manual_agent,https://purl.humanatlas.io/vocab/hp
HGNC:10411,biolink:has_phenotype,HP:0000104,biolink:EntityToDiseaseOrPhenotypicFeatureAssociation,knowledge_assertion,manual_agent,https://purl.humanatlas.io/vocab/hp
HGNC:10414,biolink:has_phenotype,HP:0000086,biolink:EntityToDiseaseOrPhenotypicFeatureAssociation,knowledge_assertion,manual_agent,https://purl.humanatlas.io/vocab/hp
HGNC:10414,biolink:has_phenotype,HP:0000085,biolink:EntityToDiseaseOrPhenotypicFeatureAssociation,knowledge_assertion,manual_agent,https://purl.humanatlas.io/vocab/hp
HGNC:10414,biolink:has_phenotype,HP:0000075,biolink:EntityToDiseaseOrPhenotypicFeatureAssociation,knowledge_assertion,manual_agent,https://purl.humanatlas.io/vocab/hp
HGNC:10414,biolink:has_phenotype,HP:0000104,biolink:EntityToDiseaseOrPhenotypicFeatureAssociation,knowledge_assertion,manual_agent,https://purl.humanatlas.io/vocab/hp
HGNC:10416,biolink:has_phenotype,HP:0000085,biolink:EntityToDiseaseOrPhenotypicFeatureAssociation,knowledge_assertion,manual_agent,https://purl.humanatlas.io/vocab/hp
HGNC:10416,biolink:has_phenotype,HP:0000104,biolink:EntityToDiseaseOrPhenotypicFeatureAssociation,knowledge_assertion,manual_agent,https://purl.humanatlas.io/vocab/hp
HGNC:10418,biolink:has_phenotype,HP:0000085,biolink:EntityToDiseaseOrPhenotypicFeatureAssociation,knowledge_assertion,manual_agent,https://purl.humanatlas.io/vocab/hp
HGNC:10418,biolink:has_phenotype,HP:0000104,biolink:EntityToDiseaseOrPhenotypicFeatureAssociation,knowledge_assertion,manual_agent,https://purl.humanatlas.io/vocab/hp
HGNC:10419,biolink:has_phenotype,HP:0000085,biolink:EntityToDiseaseOrPhenotypicFeatureAssociation,knowledge_assertion,manual_agent,https://purl.humanatlas.io/vocab/hp
HGNC:10419,biolink:has_phenotype,HP:0000104,biolink:EntityToDiseaseOrPhenotypicFeatureAssociation,knowledge_assertion,manual_agent,https://purl.humanatlas.io/vocab/hp
HGNC:10447,biolink:has_phenotype,HP:0010946,biolink:EntityToDiseaseOrPhenotypicFeatureAssociation,knowledge_assertion,manual_agent,https://purl.humanatlas.io/vocab/hp
HGNC:10449,biolink:has_phenotype,HP:0000089,biolink:EntityToDiseaseOrPhenotypicFeatureAssociation,knowledge_assertion,manual_agent,https://purl.humanatlas.io/vocab/hp
HGNC:10449,biolink:has_phenotype,HP:0000113,biolink:EntityToDiseaseOrPhenotypicFeatureAssociation,knowledge_assertion,manual_agent,https://purl.humanatlas.io/vocab/hp
HGNC:10449,biolink:has_phenotype,HP:0005562,biolink:EntityToDiseaseOrPhenotypicFeatureAssociation,knowledge_assertion,manual_agent,https://purl.humanatlas.io/vocab/hp
HGNC:10483,biolink:has_phenotype,HP:0100520,biolink:EntityToDiseaseOrPhenotypicFeatureAssociation,knowledge_assertion,manual_agent,https://purl.humanatlas.io/vocab/hp
HGNC:10483,biolink:has_phenotype,HP:0001919,biolink:EntityToDiseaseOrPhenotypicFeatureAssociation,knowledge_assertion,manual_agent,https://purl.humanatlas.io/vocab/hp
HGNC:10483,biolink:has_phenotype,HP:0001919,biolink:EntityToDiseaseOrPhenotypicFeatureAssociation,knowledge_assertion,manual_agent,https://purl.humanatlas.io/vocab/hp
HGNC:10513,biolink:has_phenotype,HP:0000083,biolink:EntityToDiseaseOrPhenotypicFeatureAssociation,knowledge_assertion,manual_agent,https://purl.humanatlas.io/vocab/hp
HGNC:10513,biolink:has_phenotype,HP:0000100,biolink:EntityToDiseaseOrPhenotypicFeatureAssociation,knowledge_assertion,manual_agent,https://purl.humanatlas.io/vocab/hp
HGNC:10513,biolink:has_phenotype,HP:0000112,biolink:EntityToDiseaseOrPhenotypicFeatureAssociation,knowledge_assertion,manual_agent,https://purl.humanatlas.io/vocab/hp
HGNC:10513,biolink:has_phenotype,HP:0000105,biolink:EntityToDiseaseOrPhenotypicFeatureAssociation,knowledge_assertion,manual_agent,https://purl.humanatlas.io/vocab/hp
HGNC:10513,biolink:has_phenotype,HP:0012622,biolink:EntityToDiseaseOrPhenotypicFeatureAssociation,knowledge_assertion,manual_agent,https://purl.humanatlas.io/vocab/hp
HGNC:10513,biolink:has_phenotype,HP:0001919,biolink:EntityToDiseaseOrPhenotypicFeatureAssociation,knowledge_assertion,manual_agent,https://purl.humanatlas.io/vocab/hp
HGNC:10513,biolink:has_phenotype,HP:0001917,biolink:EntityToDiseaseOrPhenotypicFeatureAssociation,knowledge_assertion,manual_agent,https://purl.humanatlas.io/vocab/hp
HGNC:10524,biolink:has_phenotype,HP:0000089,biolink:EntityToDiseaseOrPhenotypicFeatureAssociation,knowledge_assertion,manual_agent,https://purl.humanatlas.io/vocab/hp
HGNC:10524,biolink:has_phenotype,HP:0000089,biolink:EntityToDiseaseOrPhenotypicFeatureAssociation,knowledge_assertion,manual_agent,https://purl.humanatlas.io/vocab/hp
HGNC:10524,biolink:has_phenotype,HP:0000083,biolink:EntityToDiseaseOrPhenotypicFeatureAssociation,knowledge_assertion,manual_agent,https://purl.humanatlas.io/vocab/hp
HGNC:10524,biolink:has_phenotype,HP:0000083,biolink:EntityToDiseaseOrPhenotypicFeatureAssociation,knowledge_assertion,manual_agent,https://purl.humanatlas.io/vocab/hp
HGNC:10524,biolink:has_phenotype,HP:0000086,biolink:EntityToDiseaseOrPhenotypicFeatureAssociation,knowledge_assertion,manual_agent,https://purl.humanatlas.io/vocab/hp
HGNC:10524,biolink:has_phenotype,HP:0000003,biolink:EntityToDiseaseOrPhenotypicFeatureAssociation,knowledge_assertion,manual_agent,https://purl.humanatlas.io/vocab/hp
HGNC:10524,biolink:has_phenotype,HP:0000110,biolink:EntityToDiseaseOrPhenotypicFeatureAssociation,knowledge_assertion,manual_agent,https://purl.humanatlas.io/vocab/hp
HGNC:10524,biolink:has_phenotype,HP:0005562,biolink:EntityToDiseaseOrPhenotypicFeatureAssociation,knowledge_assertion,manual_agent,https://purl.humanatlas.io/vocab/hp
HGNC:10524,biolink:has_phenotype,HP:0012210,biolink:EntityToDiseaseOrPhenotypicFeatureAssociation,knowledge_assertion,manual_agent,https://purl.humanatlas.io/vocab/hp
HGNC:10537,biolink:has_phenotype,HP:0000122,biolink:EntityToDiseaseOrPhenotypicFeatureAssociation,knowledge_assertion,manual_agent,https://purl.humanatlas.io/vocab/hp
HGNC:10540,biolink:has_phenotype,HP:0000083,biolink:EntityToDiseaseOrPhenotypicFeatureAssociation,knowledge_assertion,manual_agent,https://purl.humanatlas.io/vocab/hp
HGNC:10540,biolink:has_phenotype,HP:0000123,biolink:EntityToDiseaseOrPhenotypicFeatureAssociation,knowledge_assertion,manual_agent,https://purl.humanatlas.io/vocab/hp
HGNC:10540,biolink:has_phenotype,HP:0000100,biolink:EntityToDiseaseOrPhenotypicFeatureAssociation,knowledge_assertion,manual_agent,https://purl.humanatlas.io/vocab/hp
HGNC:10540,biolink:has_phenotype,HP:0000790,biolink:EntityToDiseaseOrPhenotypicFeatureAssociation,knowledge_assertion,manual_agent,https://purl.humanatlas.io/vocab/hp
HGNC:10547,biolink:has_phenotype,HP:0000085,biolink:EntityToDiseaseOrPhenotypicFeatureAssociation,knowledge_assertion,manual_agent,https://purl.humanatlas.io/vocab/hp
HGNC:10547,biolink:has_phenotype,HP:0000085,biolink:EntityToDiseaseOrPhenotypicFeatureAssociation,knowledge_assertion,manual_agent,https://purl.humanatlas.io/vocab/hp
HGNC:10586,biolink:has_phenotype,HP:0000110,biolink:EntityToDiseaseOrPhenotypicFeatureAssociation,knowledge_assertion,manual_agent,https://purl.humanatlas.io/vocab/hp
HGNC:10588,biolink:has_phenotype,HP:0000110,biolink:EntityToDiseaseOrPhenotypicFeatureAssociation,knowledge_assertion,manual_agent,https://purl.humanatlas.io/vocab/hp
HGNC:10599,biolink:has_phenotype,HP:0000083,biolink:EntityToDiseaseOrPhenotypicFeatureAssociation,knowledge_assertion,manual_agent,https://purl.humanatlas.io/vocab/hp
HGNC:10599,biolink:has_phenotype,HP:0000112,biolink:EntityToDiseaseOrPhenotypicFeatureAssociation,knowledge_assertion,manual_agent,https://purl.humanatlas.io/vocab/hp
HGNC:10600,biolink:has_phenotype,HP:0000083,biolink:EntityToDiseaseOrPhenotypicFeatureAssociation,knowledge_assertion,manual_agent,https://purl.humanatlas.io/vocab/hp
HGNC:10600,biolink:has_phenotype,HP:0000083,biolink:EntityToDiseaseOrPhenotypicFeatureAssociation,knowledge_assertion,manual_agent,https://purl.humanatlas.io/vocab/hp
HGNC:10600,biolink:has_phenotype,HP:0000112,biolink:EntityToDiseaseOrPhenotypicFeatureAssociation,knowledge_assertion,manual_agent,https://purl.humanatlas.io/vocab/hp
HGNC:10602,biolink:has_phenotype,HP:0000083,biolink:EntityToDiseaseOrPhenotypicFeatureAssociation,knowledge_assertion,manual_agent,https://purl.humanatlas.io/vocab/hp
HGNC:10602,biolink:has_phenotype,HP:0000112,biolink:EntityToDiseaseOrPhenotypicFeatureAssociation,knowledge_assertion,manual_agent,https://purl.humanatlas.io/vocab/hp
HGNC:10603,biolink:has_phenotype,HP:0000124,biolink:EntityToDiseaseOrPhenotypicFeatureAssociation,knowledge_assertion,manual_agent,https://purl.humanatlas.io/vocab/hp
HGNC:10603,biolink:has_phenotype,HP:0001994,biolink:EntityToDiseaseOrPhenotypicFeatureAssociation,knowledge_assertion,manual_agent,https://purl.humanatlas.io/vocab/hp
HGNC:10680,biolink:has_phenotype,HP:0000096,biolink:EntityToDiseaseOrPhenotypicFeatureAssociation,knowledge_assertion,manual_agent,https://purl.humanatlas.io/vocab/hp
HGNC:10680,biolink:has_phenotype,HP:0005584,biolink:EntityToDiseaseOrPhenotypicFeatureAssociation,knowledge_assertion,manual_agent,https://purl.humanatlas.io/vocab/hp
HGNC:10680,biolink:has_phenotype,HP:0000790,biolink:EntityToDiseaseOrPhenotypicFeatureAssociation,knowledge_assertion,manual_agent,https://purl.humanatlas.io/vocab/hp
HGNC:10681,biolink:has_phenotype,HP:0000096,biolink:EntityToDiseaseOrPhenotypicFeatureAssociation,knowledge_assertion,manual_agent,https://purl.humanatlas.io/vocab/hp
HGNC:10681,biolink:has_phenotype,HP:0000096,biolink:EntityToDiseaseOrPhenotypicFeatureAssociation,knowledge_assertion,manual_agent,https://purl.humanatlas.io/vocab/hp
HGNC:10681,biolink:has_phenotype,HP:0005584,biolink:EntityToDiseaseOrPhenotypicFeatureAssociation,knowledge_assertion,manual_agent,https://purl.humanatlas.io/vocab/hp
HGNC:10681,biolink:has_phenotype,HP:0005584,biolink:EntityToDiseaseOrPhenotypicFeatureAssociation,knowledge_assertion,manual_agent,https://purl.humanatlas.io/vocab/hp
HGNC:10681,biolink:has_phenotype,HP:0005584,biolink:EntityToDiseaseOrPhenotypicFeatureAssociation,knowledge_assertion,manual_agent,https://purl.humanatlas.io/vocab/hp
HGNC:10681,biolink:has_phenotype,HP:0000790,biolink:EntityToDiseaseOrPhenotypicFeatureAssociation,knowledge_assertion,manual_agent,https://purl.humanatlas.io/vocab/hp
HGNC:10681,biolink:has_phenotype,HP:0000790,biolink:EntityToDiseaseOrPhenotypicFeatureAssociation,knowledge_assertion,manual_agent,https://purl.humanatlas.io/vocab/hp
HGNC:10682,biolink:has_phenotype,HP:0000096,biolink:EntityToDiseaseOrPhenotypicFeatureAssociation,knowledge_assertion,manual_agent,https://purl.humanatlas.io/vocab/hp
HGNC:10682,biolink:has_phenotype,HP:0005584,biolink:EntityToDiseaseOrPhenotypicFeatureAssociation,knowledge_assertion,manual_agent,https://purl.humanatlas.io/vocab/hp
HGNC:10682,biolink:has_phenotype,HP:0005584,biolink:EntityToDiseaseOrPhenotypicFeatureAssociation,knowledge_assertion,manual_agent,https://purl.humanatlas.io/vocab/hp
HGNC:10682,biolink:has_phenotype,HP:0000790,biolink:EntityToDiseaseOrPhenotypicFeatureAssociation,knowledge_assertion,manual_agent,https://purl.humanatlas.io/vocab/hp
HGNC:10683,biolink:has_phenotype,HP:0000096,biolink:EntityToDiseaseOrPhenotypicFeatureAssociation,knowledge_assertion,manual_agent,https://purl.humanatlas.io/vocab/hp
HGNC:10683,biolink:has_phenotype,HP:0000096,biolink:EntityToDiseaseOrPhenotypicFeatureAssociation,knowledge_assertion,manual_agent,https://purl.humanatlas.io/vocab/hp
HGNC:10683,biolink:has_phenotype,HP:0005584,biolink:EntityToDiseaseOrPhenotypicFeatureAssociation,knowledge_assertion,manual_agent,https://purl.humanatlas.io/vocab/hp
HGNC:10683,biolink:has_phenotype,HP:0005584,biolink:EntityToDiseaseOrPhenotypicFeatureAssociation,knowledge_assertion,manual_agent,https://purl.humanatlas.io/vocab/hp
HGNC:10683,biolink:has_phenotype,HP:0000790,biolink:EntityToDiseaseOrPhenotypicFeatureAssociation,knowledge_assertion,manual_agent,https://purl.humanatlas.io/vocab/hp
HGNC:10683,biolink:has_phenotype,HP:0000790,biolink:EntityToDiseaseOrPhenotypicFeatureAssociation,knowledge_assertion,manual_agent,https://purl.humanatlas.io/vocab/hp
HGNC:10848,biolink:has_phenotype,HP:0000126,biolink:EntityToDiseaseOrPhenotypicFeatureAssociation,knowledge_assertion,manual_agent,https://purl.humanatlas.io/vocab/hp
HGNC:10848,biolink:has_phenotype,HP:0000104,biolink:EntityToDiseaseOrPhenotypicFeatureAssociation,knowledge_assertion,manual_agent,https://purl.humanatlas.io/vocab/hp
HGNC:10856,biolink:has_phenotype,HP:0000787,biolink:EntityToDiseaseOrPhenotypicFeatureAssociation,knowledge_assertion,manual_agent,https://purl.humanatlas.io/vocab/hp
HGNC:10879,biolink:has_phenotype,HP:0000122,biolink:EntityToDiseaseOrPhenotypicFeatureAssociation,knowledge_assertion,manual_agent,https://purl.humanatlas.io/vocab/hp
HGNC:10887,biolink:has_phenotype,HP:0008678,biolink:EntityToDiseaseOrPhenotypicFeatureAssociation,knowledge_assertion,manual_agent,https://purl.humanatlas.io/vocab/hp
HGNC:10887,biolink:has_phenotype,HP:0000083,biolink:EntityToDiseaseOrPhenotypicFeatureAssociation,knowledge_assertion,manual_agent,https://purl.humanatlas.io/vocab/hp
HGNC:10887,biolink:has_phenotype,HP:0000003,biolink:EntityToDiseaseOrPhenotypicFeatureAssociation,knowledge_assertion,manual_agent,https://purl.humanatlas.io/vocab/hp
HGNC:10887,biolink:has_phenotype,HP:0000122,biolink:EntityToDiseaseOrPhenotypicFeatureAssociation,knowledge_assertion,manual_agent,https://purl.humanatlas.io/vocab/hp
HGNC:10887,biolink:has_phenotype,HP:0000113,biolink:EntityToDiseaseOrPhenotypicFeatureAssociation,knowledge_assertion,manual_agent,https://purl.humanatlas.io/vocab/hp
HGNC:10887,biolink:has_phenotype,HP:0000126,biolink:EntityToDiseaseOrPhenotypicFeatureAssociation,knowledge_assertion,manual_agent,https://purl.humanatlas.io/vocab/hp
HGNC:10887,biolink:has_phenotype,HP:0000110,biolink:EntityToDiseaseOrPhenotypicFeatureAssociation,knowledge_assertion,manual_agent,https://purl.humanatlas.io/vocab/hp
HGNC:10887,biolink:has_phenotype,HP:0100581,biolink:EntityToDiseaseOrPhenotypicFeatureAssociation,knowledge_assertion,manual_agent,https://purl.humanatlas.io/vocab/hp
HGNC:10887,biolink:has_phenotype,HP:0004742,biolink:EntityToDiseaseOrPhenotypicFeatureAssociation,knowledge_assertion,manual_agent,https://purl.humanatlas.io/vocab/hp
HGNC:10887,biolink:has_phenotype,HP:0004712,biolink:EntityToDiseaseOrPhenotypicFeatureAssociation,knowledge_assertion,manual_agent,https://purl.humanatlas.io/vocab/hp
HGNC:10887,biolink:has_phenotype,HP:0000799,biolink:EntityToDiseaseOrPhenotypicFeatureAssociation,knowledge_assertion,manual_agent,https://purl.humanatlas.io/vocab/hp
HGNC:10889,biolink:has_phenotype,HP:0000104,biolink:EntityToDiseaseOrPhenotypicFeatureAssociation,knowledge_assertion,manual_agent,https://purl.humanatlas.io/vocab/hp
HGNC:10896,biolink:has_phenotype,HP:0000126,biolink:EntityToDiseaseOrPhenotypicFeatureAssociation,knowledge_assertion,manual_agent,https://purl.humanatlas.io/vocab/hp
HGNC:10896,biolink:has_phenotype,HP:0000107,biolink:EntityToDiseaseOrPhenotypicFeatureAssociation,knowledge_assertion,manual_agent,https://purl.humanatlas.io/vocab/hp
HGNC:10898,biolink:has_phenotype,HP:0000089,biolink:EntityToDiseaseOrPhenotypicFeatureAssociation,knowledge_assertion,manual_agent,https://purl.humanatlas.io/vocab/hp
HGNC:10898,biolink:has_phenotype,HP:0000113,biolink:EntityToDiseaseOrPhenotypicFeatureAssociation,knowledge_assertion,manual_agent,https://purl.humanatlas.io/vocab/hp
HGNC:10939,biolink:has_phenotype,HP:0000787,biolink:EntityToDiseaseOrPhenotypicFeatureAssociation,knowledge_assertion,manual_agent,https://purl.humanatlas.io/vocab/hp
HGNC:10940,biolink:has_phenotype,HP:0000121,biolink:EntityToDiseaseOrPhenotypicFeatureAssociation,knowledge_assertion,manual_agent,https://purl.humanatlas.io/vocab/hp
HGNC:11006,biolink:has_phenotype,HP:0000121,biolink:EntityToDiseaseOrPhenotypicFeatureAssociation,knowledge_assertion,manual_agent,https://purl.humanatlas.io/vocab/hp
HGNC:11006,biolink:has_phenotype,HP:0000124,biolink:EntityToDiseaseOrPhenotypicFeatureAssociation,knowledge_assertion,manual_agent,https://purl.humanatlas.io/vocab/hp
HGNC:11006,biolink:has_phenotype,HP:0000112,biolink:EntityToDiseaseOrPhenotypicFeatureAssociation,knowledge_assertion,manual_agent,https://purl.humanatlas.io/vocab/hp
HGNC:11006,biolink:has_phenotype,HP:0001947,biolink:EntityToDiseaseOrPhenotypicFeatureAssociation,knowledge_assertion,manual_agent,https://purl.humanatlas.io/vocab/hp
HGNC:11025,biolink:has_phenotype,HP:0000083,biolink:EntityToDiseaseOrPhenotypicFeatureAssociation,knowledge_assertion,manual_agent,https://purl.humanatlas.io/vocab/hp
HGNC:11025,biolink:has_phenotype,HP:0000787,biolink:EntityToDiseaseOrPhenotypicFeatureAssociation,knowledge_assertion,manual_agent,https://purl.humanatlas.io/vocab/hp
HGNC:11025,biolink:has_phenotype,HP:0000787,biolink:EntityToDiseaseOrPhenotypicFeatureAssociation,knowledge_assertion,manual_agent,https://purl.humanatlas.io/vocab/hp
HGNC:11025,biolink:has_phenotype,HP:0000787,biolink:EntityToDiseaseOrPhenotypicFeatureAssociation,knowledge_assertion,manual_agent,https://purl.humanatlas.io/vocab/hp
HGNC:11027,biolink:has_phenotype,HP:0031033,biolink:EntityToDiseaseOrPhenotypicFeatureAssociation,knowledge_assertion,manual_agent,https://purl.humanatlas.io/vocab/hp
HGNC:11027,biolink:has_phenotype,HP:0000121,biolink:EntityToDiseaseOrPhenotypicFeatureAssociation,knowledge_assertion,manual_agent,https://purl.humanatlas.io/vocab/hp
HGNC:11027,biolink:has_phenotype,HP:0000121,biolink:EntityToDiseaseOrPhenotypicFeatureAssociation,knowledge_assertion,manual_agent,https://purl.humanatlas.io/vocab/hp
HGNC:11027,biolink:has_phenotype,HP:0008341,biolink:EntityToDiseaseOrPhenotypicFeatureAssociation,knowledge_assertion,manual_agent,https://purl.humanatlas.io/vocab/hp
HGNC:11027,biolink:has_phenotype,HP:0008341,biolink:EntityToDiseaseOrPhenotypicFeatureAssociation,knowledge_assertion,manual_agent,https://purl.humanatlas.io/vocab/hp
HGNC:11027,biolink:has_phenotype,HP:0000787,biolink:EntityToDiseaseOrPhenotypicFeatureAssociation,knowledge_assertion,manual_agent,https://purl.humanatlas.io/vocab/hp
HGNC:11027,biolink:has_phenotype,HP:0030036,biolink:EntityToDiseaseOrPhenotypicFeatureAssociation,knowledge_assertion,manual_agent,https://purl.humanatlas.io/vocab/hp
HGNC:11028,biolink:has_phenotype,HP:0012625,biolink:EntityToDiseaseOrPhenotypicFeatureAssociation,knowledge_assertion,manual_agent,https://purl.humanatlas.io/vocab/hp
HGNC:11036,biolink:has_phenotype,HP:0000083,biolink:EntityToDiseaseOrPhenotypicFeatureAssociation,knowledge_assertion,manual_agent,https://purl.humanatlas.io/vocab/hp
HGNC:11036,biolink:has_phenotype,HP:0000790,biolink:EntityToDiseaseOrPhenotypicFeatureAssociation,knowledge_assertion,manual_agent,https://purl.humanatlas.io/vocab/hp
HGNC:11036,biolink:has_phenotype,HP:0000787,biolink:EntityToDiseaseOrPhenotypicFeatureAssociation,knowledge_assertion,manual_agent,https://purl.humanatlas.io/vocab/hp
HGNC:11037,biolink:has_phenotype,HP:0000124,biolink:EntityToDiseaseOrPhenotypicFeatureAssociation,knowledge_assertion,manual_agent,https://purl.humanatlas.io/vocab/hp
HGNC:11037,biolink:has_phenotype,HP:0000112,biolink:EntityToDiseaseOrPhenotypicFeatureAssociation,knowledge_assertion,manual_agent,https://purl.humanatlas.io/vocab/hp
HGNC:11037,biolink:has_phenotype,HP:0000103,biolink:EntityToDiseaseOrPhenotypicFeatureAssociation,knowledge_assertion,manual_agent,https://purl.humanatlas.io/vocab/hp
HGNC:11073,biolink:has_phenotype,HP:0000787,biolink:EntityToDiseaseOrPhenotypicFeatureAssociation,knowledge_assertion,manual_agent,https://purl.humanatlas.io/vocab/hp
HGNC:10907,biolink:has_phenotype,HP:0000787,biolink:EntityToDiseaseOrPhenotypicFeatureAssociation,knowledge_assertion,manual_agent,https://purl.humanatlas.io/vocab/hp
HGNC:10910,biolink:has_phenotype,HP:0000121,biolink:EntityToDiseaseOrPhenotypicFeatureAssociation,knowledge_assertion,manual_agent,https://purl.humanatlas.io/vocab/hp
HGNC:10910,biolink:has_phenotype,HP:0000111,biolink:EntityToDiseaseOrPhenotypicFeatureAssociation,knowledge_assertion,manual_agent,https://purl.humanatlas.io/vocab/hp
HGNC:10910,biolink:has_phenotype,HP:0000103,biolink:EntityToDiseaseOrPhenotypicFeatureAssociation,knowledge_assertion,manual_agent,https://purl.humanatlas.io/vocab/hp
HGNC:10912,biolink:has_phenotype,HP:0000097,biolink:EntityToDiseaseOrPhenotypicFeatureAssociation,knowledge_assertion,manual_agent,https://purl.humanatlas.io/vocab/hp
HGNC:10912,biolink:has_phenotype,HP:0000103,biolink:EntityToDiseaseOrPhenotypicFeatureAssociation,knowledge_assertion,manual_agent,https://purl.humanatlas.io/vocab/hp
HGNC:10912,biolink:has_phenotype,HP:0001970,biolink:EntityToDiseaseOrPhenotypicFeatureAssociation,knowledge_assertion,manual_agent,https://purl.humanatlas.io/vocab/hp
HGNC:10912,biolink:has_phenotype,HP:0001947,biolink:EntityToDiseaseOrPhenotypicFeatureAssociation,knowledge_assertion,manual_agent,https://purl.humanatlas.io/vocab/hp
HGNC:10912,biolink:has_phenotype,HP:0001994,biolink:EntityToDiseaseOrPhenotypicFeatureAssociation,knowledge_assertion,manual_agent,https://purl.humanatlas.io/vocab/hp
HGNC:11019,biolink:has_phenotype,HP:0003774,biolink:EntityToDiseaseOrPhenotypicFeatureAssociation,knowledge_assertion,manual_agent,https://purl.humanatlas.io/vocab/hp
HGNC:11019,biolink:has_phenotype,HP:0000083,biolink:EntityToDiseaseOrPhenotypicFeatureAssociation,knowledge_assertion,manual_agent,https://purl.humanatlas.io/vocab/hp
HGNC:11019,biolink:has_phenotype,HP:0000121,biolink:EntityToDiseaseOrPhenotypicFeatureAssociation,knowledge_assertion,manual_agent,https://purl.humanatlas.io/vocab/hp
HGNC:11019,biolink:has_phenotype,HP:0000114,biolink:EntityToDiseaseOrPhenotypicFeatureAssociation,knowledge_assertion,manual_agent,https://purl.humanatlas.io/vocab/hp
HGNC:11019,biolink:has_phenotype,HP:0000103,biolink:EntityToDiseaseOrPhenotypicFeatureAssociation,knowledge_assertion,manual_agent,https://purl.humanatlas.io/vocab/hp
HGNC:11019,biolink:has_phenotype,HP:0002049,biolink:EntityToDiseaseOrPhenotypicFeatureAssociation,knowledge_assertion,manual_agent,https://purl.humanatlas.io/vocab/hp
HGNC:11019,biolink:has_phenotype,HP:0004910,biolink:EntityToDiseaseOrPhenotypicFeatureAssociation,knowledge_assertion,manual_agent,https://purl.humanatlas.io/vocab/hp
HGNC:11019,biolink:has_phenotype,HP:0012622,biolink:EntityToDiseaseOrPhenotypicFeatureAssociation,knowledge_assertion,manual_agent,https://purl.humanatlas.io/vocab/hp
HGNC:11019,biolink:has_phenotype,HP:0000787,biolink:EntityToDiseaseOrPhenotypicFeatureAssociation,knowledge_assertion,manual_agent,https://purl.humanatlas.io/vocab/hp
HGNC:11019,biolink:has_phenotype,HP:0000787,biolink:EntityToDiseaseOrPhenotypicFeatureAssociation,knowledge_assertion,manual_agent,https://purl.humanatlas.io/vocab/hp
HGNC:11019,biolink:has_phenotype,HP:0012213,biolink:EntityToDiseaseOrPhenotypicFeatureAssociation,knowledge_assertion,manual_agent,https://purl.humanatlas.io/vocab/hp
HGNC:11019,biolink:has_phenotype,HP:0012408,biolink:EntityToDiseaseOrPhenotypicFeatureAssociation,knowledge_assertion,manual_agent,https://purl.humanatlas.io/vocab/hp
HGNC:11019,biolink:has_phenotype,HP:0012408,biolink:EntityToDiseaseOrPhenotypicFeatureAssociation,knowledge_assertion,manual_agent,https://purl.humanatlas.io/vocab/hp
HGNC:11100,biolink:has_phenotype,HP:0000085,biolink:EntityToDiseaseOrPhenotypicFeatureAssociation,knowledge_assertion,manual_agent,https://purl.humanatlas.io/vocab/hp
HGNC:11100,biolink:has_phenotype,HP:0034402,biolink:EntityToDiseaseOrPhenotypicFeatureAssociation,knowledge_assertion,manual_agent,https://purl.humanatlas.io/vocab/hp
HGNC:11103,biolink:has_phenotype,HP:0000085,biolink:EntityToDiseaseOrPhenotypicFeatureAssociation,knowledge_assertion,manual_agent,https://purl.humanatlas.io/vocab/hp
HGNC:11105,biolink:has_phenotype,HP:0000085,biolink:EntityToDiseaseOrPhenotypicFeatureAssociation,knowledge_assertion,manual_agent,https://purl.humanatlas.io/vocab/hp
HGNC:11106,biolink:has_phenotype,HP:0000085,biolink:EntityToDiseaseOrPhenotypicFeatureAssociation,knowledge_assertion,manual_agent,https://purl.humanatlas.io/vocab/hp
HGNC:11109,biolink:has_phenotype,HP:0000085,biolink:EntityToDiseaseOrPhenotypicFeatureAssociation,knowledge_assertion,manual_agent,https://purl.humanatlas.io/vocab/hp
HGNC:11119,biolink:has_phenotype,HP:0000110,biolink:EntityToDiseaseOrPhenotypicFeatureAssociation,knowledge_assertion,manual_agent,https://purl.humanatlas.io/vocab/hp
HGNC:11123,biolink:has_phenotype,HP:0000086,biolink:EntityToDiseaseOrPhenotypicFeatureAssociation,knowledge_assertion,manual_agent,https://purl.humanatlas.io/vocab/hp
HGNC:11153,biolink:has_phenotype,HP:0000086,biolink:EntityToDiseaseOrPhenotypicFeatureAssociation,knowledge_assertion,manual_agent,https://purl.humanatlas.io/vocab/hp
HGNC:11153,biolink:has_phenotype,HP:0000085,biolink:EntityToDiseaseOrPhenotypicFeatureAssociation,knowledge_assertion,manual_agent,https://purl.humanatlas.io/vocab/hp
HGNC:11153,biolink:has_phenotype,HP:0000003,biolink:EntityToDiseaseOrPhenotypicFeatureAssociation,knowledge_assertion,manual_agent,https://purl.humanatlas.io/vocab/hp
HGNC:11153,biolink:has_phenotype,HP:0000107,biolink:EntityToDiseaseOrPhenotypicFeatureAssociation,knowledge_assertion,manual_agent,https://purl.humanatlas.io/vocab/hp
HGNC:11182,biolink:has_phenotype,HP:0000085,biolink:EntityToDiseaseOrPhenotypicFeatureAssociation,knowledge_assertion,manual_agent,https://purl.humanatlas.io/vocab/hp
HGNC:11183,biolink:has_phenotype,HP:0000085,biolink:EntityToDiseaseOrPhenotypicFeatureAssociation,knowledge_assertion,manual_agent,https://purl.humanatlas.io/vocab/hp
HGNC:11183,biolink:has_phenotype,HP:0000085,biolink:EntityToDiseaseOrPhenotypicFeatureAssociation,knowledge_assertion,manual_agent,https://purl.humanatlas.io/vocab/hp
HGNC:11183,biolink:has_phenotype,HP:0000122,biolink:EntityToDiseaseOrPhenotypicFeatureAssociation,knowledge_assertion,manual_agent,https://purl.humanatlas.io/vocab/hp
HGNC:11183,biolink:has_phenotype,HP:0000122,biolink:EntityToDiseaseOrPhenotypicFeatureAssociation,knowledge_assertion,manual_agent,https://purl.humanatlas.io/vocab/hp
HGNC:11183,biolink:has_phenotype,HP:0000103,biolink:EntityToDiseaseOrPhenotypicFeatureAssociation,knowledge_assertion,manual_agent,https://purl.humanatlas.io/vocab/hp
HGNC:11183,biolink:has_phenotype,HP:0012582,biolink:EntityToDiseaseOrPhenotypicFeatureAssociation,knowledge_assertion,manual_agent,https://purl.humanatlas.io/vocab/hp
HGNC:11187,biolink:has_phenotype,HP:0010946,biolink:EntityToDiseaseOrPhenotypicFeatureAssociation,knowledge_assertion,manual_agent,https://purl.humanatlas.io/vocab/hp
HGNC:11187,biolink:has_phenotype,HP:0000126,biolink:EntityToDiseaseOrPhenotypicFeatureAssociation,knowledge_assertion,manual_agent,https://purl.humanatlas.io/vocab/hp
HGNC:11188,biolink:has_phenotype,HP:0010946,biolink:EntityToDiseaseOrPhenotypicFeatureAssociation,knowledge_assertion,manual_agent,https://purl.humanatlas.io/vocab/hp
HGNC:11200,biolink:has_phenotype,HP:0000085,biolink:EntityToDiseaseOrPhenotypicFeatureAssociation,knowledge_assertion,manual_agent,https://purl.humanatlas.io/vocab/hp
HGNC:11204,biolink:has_phenotype,HP:0002667,biolink:EntityToDiseaseOrPhenotypicFeatureAssociation,knowledge_assertion,manual_agent,https://purl.humanatlas.io/vocab/hp
HGNC:11204,biolink:has_phenotype,HP:0000126,biolink:EntityToDiseaseOrPhenotypicFeatureAssociation,knowledge_assertion,manual_agent,https://purl.humanatlas.io/vocab/hp
HGNC:11204,biolink:has_phenotype,HP:0000126,biolink:EntityToDiseaseOrPhenotypicFeatureAssociation,knowledge_assertion,manual_agent,https://purl.humanatlas.io/vocab/hp
HGNC:11204,biolink:has_phenotype,HP:0000100,biolink:EntityToDiseaseOrPhenotypicFeatureAssociation,knowledge_assertion,manual_agent,https://purl.humanatlas.io/vocab/hp
HGNC:11190,biolink:has_phenotype,HP:0000104,biolink:EntityToDiseaseOrPhenotypicFeatureAssociation,knowledge_assertion,manual_agent,https://purl.humanatlas.io/vocab/hp
HGNC:11191,biolink:has_phenotype,HP:0000085,biolink:EntityToDiseaseOrPhenotypicFeatureAssociation,knowledge_assertion,manual_agent,https://purl.humanatlas.io/vocab/hp
HGNC:11191,biolink:has_phenotype,HP:0004712,biolink:EntityToDiseaseOrPhenotypicFeatureAssociation,knowledge_assertion,manual_agent,https://purl.humanatlas.io/vocab/hp
HGNC:11255,biolink:has_phenotype,HP:0000083,biolink:EntityToDiseaseOrPhenotypicFeatureAssociation,knowledge_assertion,manual_agent,https://purl.humanatlas.io/vocab/hp
HGNC:11255,biolink:has_phenotype,HP:0033726,biolink:EntityToDiseaseOrPhenotypicFeatureAssociation,knowledge_assertion,manual_agent,https://purl.humanatlas.io/vocab/hp
HGNC:11255,biolink:has_phenotype,HP:0000123,biolink:EntityToDiseaseOrPhenotypicFeatureAssociation,knowledge_assertion,manual_agent,https://purl.humanatlas.io/vocab/hp
HGNC:11255,biolink:has_phenotype,HP:0000100,biolink:EntityToDiseaseOrPhenotypicFeatureAssociation,knowledge_assertion,manual_agent,https://purl.humanatlas.io/vocab/hp
HGNC:11255,biolink:has_phenotype,HP:0000790,biolink:EntityToDiseaseOrPhenotypicFeatureAssociation,knowledge_assertion,manual_agent,https://purl.humanatlas.io/vocab/hp
HGNC:11255,biolink:has_phenotype,HP:0000790,biolink:EntityToDiseaseOrPhenotypicFeatureAssociation,knowledge_assertion,manual_agent,https://purl.humanatlas.io/vocab/hp
HGNC:11275,biolink:has_phenotype,HP:0000790,biolink:EntityToDiseaseOrPhenotypicFeatureAssociation,knowledge_assertion,manual_agent,https://purl.humanatlas.io/vocab/hp
HGNC:11283,biolink:has_phenotype,HP:0005584,biolink:EntityToDiseaseOrPhenotypicFeatureAssociation,knowledge_assertion,manual_agent,https://purl.humanatlas.io/vocab/hp
HGNC:388,biolink:has_phenotype,HP:0000107,biolink:EntityToDiseaseOrPhenotypicFeatureAssociation,knowledge_assertion,manual_agent,https://purl.humanatlas.io/vocab/hp
HGNC:11289,biolink:has_phenotype,HP:0000790,biolink:EntityToDiseaseOrPhenotypicFeatureAssociation,knowledge_assertion,manual_agent,https://purl.humanatlas.io/vocab/hp
HGNC:11301,biolink:has_phenotype,HP:0000121,biolink:EntityToDiseaseOrPhenotypicFeatureAssociation,knowledge_assertion,manual_agent,https://purl.humanatlas.io/vocab/hp
HGNC:11311,biolink:has_phenotype,HP:0000085,biolink:EntityToDiseaseOrPhenotypicFeatureAssociation,knowledge_assertion,manual_agent,https://purl.humanatlas.io/vocab/hp
HGNC:11311,biolink:has_phenotype,HP:0002667,biolink:EntityToDiseaseOrPhenotypicFeatureAssociation,knowledge_assertion,manual_agent,https://purl.humanatlas.io/vocab/hp
HGNC:11311,biolink:has_phenotype,HP:0000100,biolink:EntityToDiseaseOrPhenotypicFeatureAssociation,knowledge_assertion,manual_agent,https://purl.humanatlas.io/vocab/hp
HGNC:11326,biolink:has_phenotype,HP:0000085,biolink:EntityToDiseaseOrPhenotypicFeatureAssociation,knowledge_assertion,manual_agent,https://purl.humanatlas.io/vocab/hp
HGNC:11362,biolink:has_phenotype,HP:0100817,biolink:EntityToDiseaseOrPhenotypicFeatureAssociation,knowledge_assertion,manual_agent,https://purl.humanatlas.io/vocab/hp
HGNC:11362,biolink:has_phenotype,HP:0001920,biolink:EntityToDiseaseOrPhenotypicFeatureAssociation,knowledge_assertion,manual_agent,https://purl.humanatlas.io/vocab/hp
HGNC:11363,biolink:has_phenotype,HP:0001919,biolink:EntityToDiseaseOrPhenotypicFeatureAssociation,knowledge_assertion,manual_agent,https://purl.humanatlas.io/vocab/hp
HGNC:11364,biolink:has_phenotype,HP:0000124,biolink:EntityToDiseaseOrPhenotypicFeatureAssociation,knowledge_assertion,manual_agent,https://purl.humanatlas.io/vocab/hp
HGNC:11364,biolink:has_phenotype,HP:0000790,biolink:EntityToDiseaseOrPhenotypicFeatureAssociation,knowledge_assertion,manual_agent,https://purl.humanatlas.io/vocab/hp
HGNC:11365,biolink:has_phenotype,HP:0100820,biolink:EntityToDiseaseOrPhenotypicFeatureAssociation,knowledge_assertion,manual_agent,https://purl.humanatlas.io/vocab/hp
HGNC:11365,biolink:has_phenotype,HP:0000083,biolink:EntityToDiseaseOrPhenotypicFeatureAssociation,knowledge_assertion,manual_agent,https://purl.humanatlas.io/vocab/hp
HGNC:11365,biolink:has_phenotype,HP:0000083,biolink:EntityToDiseaseOrPhenotypicFeatureAssociation,knowledge_assertion,manual_agent,https://purl.humanatlas.io/vocab/hp
HGNC:11365,biolink:has_phenotype,HP:0000099,biolink:EntityToDiseaseOrPhenotypicFeatureAssociation,knowledge_assertion,manual_agent,https://purl.humanatlas.io/vocab/hp
HGNC:11365,biolink:has_phenotype,HP:0033726,biolink:EntityToDiseaseOrPhenotypicFeatureAssociation,knowledge_assertion,manual_agent,https://purl.humanatlas.io/vocab/hp
HGNC:11365,biolink:has_phenotype,HP:0000123,biolink:EntityToDiseaseOrPhenotypicFeatureAssociation,knowledge_assertion,manual_agent,https://purl.humanatlas.io/vocab/hp
HGNC:11365,biolink:has_phenotype,HP:0000100,biolink:EntityToDiseaseOrPhenotypicFeatureAssociation,knowledge_assertion,manual_agent,https://purl.humanatlas.io/vocab/hp
HGNC:11365,biolink:has_phenotype,HP:0000790,biolink:EntityToDiseaseOrPhenotypicFeatureAssociation,knowledge_assertion,manual_agent,https://purl.humanatlas.io/vocab/hp
HGNC:11365,biolink:has_phenotype,HP:0000790,biolink:EntityToDiseaseOrPhenotypicFeatureAssociation,knowledge_assertion,manual_agent,https://purl.humanatlas.io/vocab/hp
HGNC:11367,biolink:has_phenotype,HP:0000790,biolink:EntityToDiseaseOrPhenotypicFeatureAssociation,knowledge_assertion,manual_agent,https://purl.humanatlas.io/vocab/hp
HGNC:11386,biolink:has_phenotype,HP:0000100,biolink:EntityToDiseaseOrPhenotypicFeatureAssociation,knowledge_assertion,manual_agent,https://purl.humanatlas.io/vocab/hp
HGNC:11386,biolink:has_phenotype,HP:0000790,biolink:EntityToDiseaseOrPhenotypicFeatureAssociation,knowledge_assertion,manual_agent,https://purl.humanatlas.io/vocab/hp
HGNC:11393,biolink:has_phenotype,HP:0005584,biolink:EntityToDiseaseOrPhenotypicFeatureAssociation,knowledge_assertion,manual_agent,https://purl.humanatlas.io/vocab/hp
HGNC:11411,biolink:has_phenotype,HP:0000110,biolink:EntityToDiseaseOrPhenotypicFeatureAssociation,knowledge_assertion,manual_agent,https://purl.humanatlas.io/vocab/hp
HGNC:11389,biolink:has_phenotype,HP:0005584,biolink:EntityToDiseaseOrPhenotypicFeatureAssociation,knowledge_assertion,manual_agent,https://purl.humanatlas.io/vocab/hp
HGNC:11389,biolink:has_phenotype,HP:0005562,biolink:EntityToDiseaseOrPhenotypicFeatureAssociation,knowledge_assertion,manual_agent,https://purl.humanatlas.io/vocab/hp
HGNC:11433,biolink:has_phenotype,HP:0100817,biolink:EntityToDiseaseOrPhenotypicFeatureAssociation,knowledge_assertion,manual_agent,https://purl.humanatlas.io/vocab/hp
HGNC:11433,biolink:has_phenotype,HP:0000089,biolink:EntityToDiseaseOrPhenotypicFeatureAssociation,knowledge_assertion,manual_agent,https://purl.humanatlas.io/vocab/hp
HGNC:11433,biolink:has_phenotype,HP:0000083,biolink:EntityToDiseaseOrPhenotypicFeatureAssociation,knowledge_assertion,manual_agent,https://purl.humanatlas.io/vocab/hp
HGNC:11433,biolink:has_phenotype,HP:0000075,biolink:EntityToDiseaseOrPhenotypicFeatureAssociation,knowledge_assertion,manual_agent,https://purl.humanatlas.io/vocab/hp
HGNC:11433,biolink:has_phenotype,HP:0000121,biolink:EntityToDiseaseOrPhenotypicFeatureAssociation,knowledge_assertion,manual_agent,https://purl.humanatlas.io/vocab/hp
HGNC:11433,biolink:has_phenotype,HP:0000125,biolink:EntityToDiseaseOrPhenotypicFeatureAssociation,knowledge_assertion,manual_agent,https://purl.humanatlas.io/vocab/hp
HGNC:11433,biolink:has_phenotype,HP:0005562,biolink:EntityToDiseaseOrPhenotypicFeatureAssociation,knowledge_assertion,manual_agent,https://purl.humanatlas.io/vocab/hp
HGNC:11433,biolink:has_phenotype,HP:0001969,biolink:EntityToDiseaseOrPhenotypicFeatureAssociation,knowledge_assertion,manual_agent,https://purl.humanatlas.io/vocab/hp
HGNC:11433,biolink:has_phenotype,HP:0000787,biolink:EntityToDiseaseOrPhenotypicFeatureAssociation,knowledge_assertion,manual_agent,https://purl.humanatlas.io/vocab/hp
HGNC:11433,biolink:has_phenotype,HP:0000787,biolink:EntityToDiseaseOrPhenotypicFeatureAssociation,knowledge_assertion,manual_agent,https://purl.humanatlas.io/vocab/hp
HGNC:11438,biolink:has_phenotype,HP:0000121,biolink:EntityToDiseaseOrPhenotypicFeatureAssociation,knowledge_assertion,manual_agent,https://purl.humanatlas.io/vocab/hp
HGNC:11438,biolink:has_phenotype,HP:0012211,biolink:EntityToDiseaseOrPhenotypicFeatureAssociation,knowledge_assertion,manual_agent,https://purl.humanatlas.io/vocab/hp
HGNC:11440,biolink:has_phenotype,HP:0000122,biolink:EntityToDiseaseOrPhenotypicFeatureAssociation,knowledge_assertion,manual_agent,https://purl.humanatlas.io/vocab/hp
HGNC:11440,biolink:has_phenotype,HP:0000126,biolink:EntityToDiseaseOrPhenotypicFeatureAssociation,knowledge_assertion,manual_agent,https://purl.humanatlas.io/vocab/hp
HGNC:11445,biolink:has_phenotype,HP:0012211,biolink:EntityToDiseaseOrPhenotypicFeatureAssociation,knowledge_assertion,manual_agent,https://purl.humanatlas.io/vocab/hp
HGNC:11459,biolink:has_phenotype,HP:0000083,biolink:EntityToDiseaseOrPhenotypicFeatureAssociation,knowledge_assertion,manual_agent,https://purl.humanatlas.io/vocab/hp
HGNC:59,biolink:has_phenotype,HP:0000124,biolink:EntityToDiseaseOrPhenotypicFeatureAssociation,knowledge_assertion,manual_agent,https://purl.humanatlas.io/vocab/hp
HGNC:59,biolink:has_phenotype,HP:0000112,biolink:EntityToDiseaseOrPhenotypicFeatureAssociation,knowledge_assertion,manual_agent,https://purl.humanatlas.io/vocab/hp
HGNC:59,biolink:has_phenotype,HP:0000107,biolink:EntityToDiseaseOrPhenotypicFeatureAssociation,knowledge_assertion,manual_agent,https://purl.humanatlas.io/vocab/hp
HGNC:11474,biolink:has_phenotype,HP:0000124,biolink:EntityToDiseaseOrPhenotypicFeatureAssociation,knowledge_assertion,manual_agent,https://purl.humanatlas.io/vocab/hp
HGNC:11474,biolink:has_phenotype,HP:0001994,biolink:EntityToDiseaseOrPhenotypicFeatureAssociation,knowledge_assertion,manual_agent,https://purl.humanatlas.io/vocab/hp
HGNC:11486,biolink:has_phenotype,HP:0002667,biolink:EntityToDiseaseOrPhenotypicFeatureAssociation,knowledge_assertion,manual_agent,https://purl.humanatlas.io/vocab/hp
HGNC:11486,biolink:has_phenotype,HP:0000100,biolink:EntityToDiseaseOrPhenotypicFeatureAssociation,knowledge_assertion,manual_agent,https://purl.humanatlas.io/vocab/hp
HGNC:11515,biolink:has_phenotype,HP:0000122,biolink:EntityToDiseaseOrPhenotypicFeatureAssociation,knowledge_assertion,manual_agent,https://purl.humanatlas.io/vocab/hp
HGNC:11528,biolink:has_phenotype,HP:0000104,biolink:EntityToDiseaseOrPhenotypicFeatureAssociation,knowledge_assertion,manual_agent,https://purl.humanatlas.io/vocab/hp
HGNC:11546,biolink:has_phenotype,HP:0000122,biolink:EntityToDiseaseOrPhenotypicFeatureAssociation,knowledge_assertion,manual_agent,https://purl.humanatlas.io/vocab/hp
HGNC:6859,biolink:has_phenotype,HP:0000085,biolink:EntityToDiseaseOrPhenotypicFeatureAssociation,knowledge_assertion,manual_agent,https://purl.humanatlas.io/vocab/hp
HGNC:6859,biolink:has_phenotype,HP:0000126,biolink:EntityToDiseaseOrPhenotypicFeatureAssociation,knowledge_assertion,manual_agent,https://purl.humanatlas.io/vocab/hp
HGNC:11566,biolink:has_phenotype,HP:0000099,biolink:EntityToDiseaseOrPhenotypicFeatureAssociation,knowledge_assertion,manual_agent,https://purl.humanatlas.io/vocab/hp
HGNC:11592,biolink:has_phenotype,HP:0000089,biolink:EntityToDiseaseOrPhenotypicFeatureAssociation,knowledge_assertion,manual_agent,https://purl.humanatlas.io/vocab/hp
HGNC:11592,biolink:has_phenotype,HP:0000083,biolink:EntityToDiseaseOrPhenotypicFeatureAssociation,knowledge_assertion,manual_agent,https://purl.humanatlas.io/vocab/hp
HGNC:11592,biolink:has_phenotype,HP:0000122,biolink:EntityToDiseaseOrPhenotypicFeatureAssociation,knowledge_assertion,manual_agent,https://purl.humanatlas.io/vocab/hp
HGNC:11592,biolink:has_phenotype,HP:0000113,biolink:EntityToDiseaseOrPhenotypicFeatureAssociation,knowledge_assertion,manual_agent,https://purl.humanatlas.io/vocab/hp
HGNC:11592,biolink:has_phenotype,HP:0000126,biolink:EntityToDiseaseOrPhenotypicFeatureAssociation,knowledge_assertion,manual_agent,https://purl.humanatlas.io/vocab/hp
HGNC:11592,biolink:has_phenotype,HP:0000126,biolink:EntityToDiseaseOrPhenotypicFeatureAssociation,knowledge_assertion,manual_agent,https://purl.humanatlas.io/vocab/hp
HGNC:11592,biolink:has_phenotype,HP:0000110,biolink:EntityToDiseaseOrPhenotypicFeatureAssociation,knowledge_assertion,manual_agent,https://purl.humanatlas.io/vocab/hp
HGNC:11592,biolink:has_phenotype,HP:0005562,biolink:EntityToDiseaseOrPhenotypicFeatureAssociation,knowledge_assertion,manual_agent,https://purl.humanatlas.io/vocab/hp
HGNC:11594,biolink:has_phenotype,HP:0000126,biolink:EntityToDiseaseOrPhenotypicFeatureAssociation,knowledge_assertion,manual_agent,https://purl.humanatlas.io/vocab/hp
HGNC:11634,biolink:has_phenotype,HP:0000083,biolink:EntityToDiseaseOrPhenotypicFeatureAssociation,knowledge_assertion,manual_agent,https://purl.humanatlas.io/vocab/hp
HGNC:11602,biolink:has_phenotype,HP:0000089,biolink:EntityToDiseaseOrPhenotypicFeatureAssociation,knowledge_assertion,manual_agent,https://purl.humanatlas.io/vocab/hp
HGNC:11621,biolink:has_phenotype,HP:0000112,biolink:EntityToDiseaseOrPhenotypicFeatureAssociation,knowledge_assertion,manual_agent,https://purl.humanatlas.io/vocab/hp
HGNC:11621,biolink:has_phenotype,HP:0000107,biolink:EntityToDiseaseOrPhenotypicFeatureAssociation,knowledge_assertion,manual_agent,https://purl.humanatlas.io/vocab/hp
HGNC:11621,biolink:has_phenotype,HP:0000103,biolink:EntityToDiseaseOrPhenotypicFeatureAssociation,knowledge_assertion,manual_agent,https://purl.humanatlas.io/vocab/hp
HGNC:11621,biolink:has_phenotype,HP:0005584,biolink:EntityToDiseaseOrPhenotypicFeatureAssociation,knowledge_assertion,manual_agent,https://purl.humanatlas.io/vocab/hp
HGNC:11630,biolink:has_phenotype,HP:0003774,biolink:EntityToDiseaseOrPhenotypicFeatureAssociation,knowledge_assertion,manual_agent,https://purl.humanatlas.io/vocab/hp
HGNC:11630,biolink:has_phenotype,HP:0100820,biolink:EntityToDiseaseOrPhenotypicFeatureAssociation,knowledge_assertion,manual_agent,https://purl.humanatlas.io/vocab/hp
HGNC:11630,biolink:has_phenotype,HP:0008678,biolink:EntityToDiseaseOrPhenotypicFeatureAssociation,knowledge_assertion,manual_agent,https://purl.humanatlas.io/vocab/hp
HGNC:11630,biolink:has_phenotype,HP:0000089,biolink:EntityToDiseaseOrPhenotypicFeatureAssociation,knowledge_assertion,manual_agent,https://purl.humanatlas.io/vocab/hp
HGNC:11630,biolink:has_phenotype,HP:0000083,biolink:EntityToDiseaseOrPhenotypicFeatureAssociation,knowledge_assertion,manual_agent,https://purl.humanatlas.io/vocab/hp
HGNC:11630,biolink:has_phenotype,HP:0000083,biolink:EntityToDiseaseOrPhenotypicFeatureAssociation,knowledge_assertion,manual_agent,https://purl.humanatlas.io/vocab/hp
HGNC:11630,biolink:has_phenotype,HP:0000086,biolink:EntityToDiseaseOrPhenotypicFeatureAssociation,knowledge_assertion,manual_agent,https://purl.humanatlas.io/vocab/hp
HGNC:11630,biolink:has_phenotype,HP:0000085,biolink:EntityToDiseaseOrPhenotypicFeatureAssociation,knowledge_assertion,manual_agent,https://purl.humanatlas.io/vocab/hp
HGNC:11630,biolink:has_phenotype,HP:0000003,biolink:EntityToDiseaseOrPhenotypicFeatureAssociation,knowledge_assertion,manual_agent,https://purl.humanatlas.io/vocab/hp
HGNC:11630,biolink:has_phenotype,HP:0000003,biolink:EntityToDiseaseOrPhenotypicFeatureAssociation,knowledge_assertion,manual_agent,https://purl.humanatlas.io/vocab/hp
HGNC:11630,biolink:has_phenotype,HP:0000122,biolink:EntityToDiseaseOrPhenotypicFeatureAssociation,knowledge_assertion,manual_agent,https://purl.humanatlas.io/vocab/hp
HGNC:11630,biolink:has_phenotype,HP:0000110,biolink:EntityToDiseaseOrPhenotypicFeatureAssociation,knowledge_assertion,manual_agent,https://purl.humanatlas.io/vocab/hp
HGNC:11630,biolink:has_phenotype,HP:0000107,biolink:EntityToDiseaseOrPhenotypicFeatureAssociation,knowledge_assertion,manual_agent,https://purl.humanatlas.io/vocab/hp
HGNC:11630,biolink:has_phenotype,HP:0000104,biolink:EntityToDiseaseOrPhenotypicFeatureAssociation,knowledge_assertion,manual_agent,https://purl.humanatlas.io/vocab/hp
HGNC:11630,biolink:has_phenotype,HP:0000104,biolink:EntityToDiseaseOrPhenotypicFeatureAssociation,knowledge_assertion,manual_agent,https://purl.humanatlas.io/vocab/hp
HGNC:11630,biolink:has_phenotype,HP:0008341,biolink:EntityToDiseaseOrPhenotypicFeatureAssociation,knowledge_assertion,manual_agent,https://purl.humanatlas.io/vocab/hp
HGNC:11630,biolink:has_phenotype,HP:0100611,biolink:EntityToDiseaseOrPhenotypicFeatureAssociation,knowledge_assertion,manual_agent,https://purl.humanatlas.io/vocab/hp
HGNC:11630,biolink:has_phenotype,HP:0005584,biolink:EntityToDiseaseOrPhenotypicFeatureAssociation,knowledge_assertion,manual_agent,https://purl.humanatlas.io/vocab/hp
HGNC:11630,biolink:has_phenotype,HP:0005584,biolink:EntityToDiseaseOrPhenotypicFeatureAssociation,knowledge_assertion,manual_agent,https://purl.humanatlas.io/vocab/hp
HGNC:11630,biolink:has_phenotype,HP:0005563,biolink:EntityToDiseaseOrPhenotypicFeatureAssociation,knowledge_assertion,manual_agent,https://purl.humanatlas.io/vocab/hp
HGNC:11630,biolink:has_phenotype,HP:0001919,biolink:EntityToDiseaseOrPhenotypicFeatureAssociation,knowledge_assertion,manual_agent,https://purl.humanatlas.io/vocab/hp
HGNC:11630,biolink:has_phenotype,HP:0001994,biolink:EntityToDiseaseOrPhenotypicFeatureAssociation,knowledge_assertion,manual_agent,https://purl.humanatlas.io/vocab/hp
HGNC:11630,biolink:has_phenotype,HP:0000790,biolink:EntityToDiseaseOrPhenotypicFeatureAssociation,knowledge_assertion,manual_agent,https://purl.humanatlas.io/vocab/hp
HGNC:11630,biolink:has_phenotype,HP:0000787,biolink:EntityToDiseaseOrPhenotypicFeatureAssociation,knowledge_assertion,manual_agent,https://purl.humanatlas.io/vocab/hp
HGNC:11630,biolink:has_phenotype,HP:0000787,biolink:EntityToDiseaseOrPhenotypicFeatureAssociation,knowledge_assertion,manual_agent,https://purl.humanatlas.io/vocab/hp
HGNC:11630,biolink:has_phenotype,HP:0012210,biolink:EntityToDiseaseOrPhenotypicFeatureAssociation,knowledge_assertion,manual_agent,https://purl.humanatlas.io/vocab/hp
HGNC:11645,biolink:has_phenotype,HP:0001920,biolink:EntityToDiseaseOrPhenotypicFeatureAssociation,knowledge_assertion,manual_agent,https://purl.humanatlas.io/vocab/hp
HGNC:11653,biolink:has_phenotype,HP:0001919,biolink:EntityToDiseaseOrPhenotypicFeatureAssociation,knowledge_assertion,manual_agent,https://purl.humanatlas.io/vocab/hp
HGNC:11701,biolink:has_phenotype,HP:0000104,biolink:EntityToDiseaseOrPhenotypicFeatureAssociation,knowledge_assertion,manual_agent,https://purl.humanatlas.io/vocab/hp
HGNC:11742,biolink:has_phenotype,HP:0000003,biolink:EntityToDiseaseOrPhenotypicFeatureAssociation,knowledge_assertion,manual_agent,https://purl.humanatlas.io/vocab/hp
HGNC:11742,biolink:has_phenotype,HP:0000126,biolink:EntityToDiseaseOrPhenotypicFeatureAssociation,knowledge_assertion,manual_agent,https://purl.humanatlas.io/vocab/hp
HGNC:11742,biolink:has_phenotype,HP:0000107,biolink:EntityToDiseaseOrPhenotypicFeatureAssociation,knowledge_assertion,manual_agent,https://purl.humanatlas.io/vocab/hp
HGNC:11742,biolink:has_phenotype,HP:0000104,biolink:EntityToDiseaseOrPhenotypicFeatureAssociation,knowledge_assertion,manual_agent,https://purl.humanatlas.io/vocab/hp
HGNC:11742,biolink:has_phenotype,HP:0000104,biolink:EntityToDiseaseOrPhenotypicFeatureAssociation,knowledge_assertion,manual_agent,https://purl.humanatlas.io/vocab/hp
HGNC:11752,biolink:has_phenotype,HP:0005584,biolink:EntityToDiseaseOrPhenotypicFeatureAssociation,knowledge_assertion,manual_agent,https://purl.humanatlas.io/vocab/hp
HGNC:11766,biolink:has_phenotype,HP:0000787,biolink:EntityToDiseaseOrPhenotypicFeatureAssociation,knowledge_assertion,manual_agent,https://purl.humanatlas.io/vocab/hp
HGNC:11773,biolink:has_phenotype,HP:0009726,biolink:EntityToDiseaseOrPhenotypicFeatureAssociation,knowledge_assertion,manual_agent,https://purl.humanatlas.io/vocab/hp
HGNC:11776,biolink:has_phenotype,HP:0000104,biolink:EntityToDiseaseOrPhenotypicFeatureAssociation,knowledge_assertion,manual_agent,https://purl.humanatlas.io/vocab/hp
HGNC:11777,biolink:has_phenotype,HP:0000083,biolink:EntityToDiseaseOrPhenotypicFeatureAssociation,knowledge_assertion,manual_agent,https://purl.humanatlas.io/vocab/hp
HGNC:11784,biolink:has_phenotype,HP:0100519,biolink:EntityToDiseaseOrPhenotypicFeatureAssociation,knowledge_assertion,manual_agent,https://purl.humanatlas.io/vocab/hp
HGNC:11784,biolink:has_phenotype,HP:0005575,biolink:EntityToDiseaseOrPhenotypicFeatureAssociation,knowledge_assertion,manual_agent,https://purl.humanatlas.io/vocab/hp
HGNC:11784,biolink:has_phenotype,HP:0001919,biolink:EntityToDiseaseOrPhenotypicFeatureAssociation,knowledge_assertion,manual_agent,https://purl.humanatlas.io/vocab/hp
HGNC:11784,biolink:has_phenotype,HP:0000790,biolink:EntityToDiseaseOrPhenotypicFeatureAssociation,knowledge_assertion,manual_agent,https://purl.humanatlas.io/vocab/hp
HGNC:11834,biolink:has_phenotype,HP:0000107,biolink:EntityToDiseaseOrPhenotypicFeatureAssociation,knowledge_assertion,manual_agent,https://purl.humanatlas.io/vocab/hp
HGNC:11848,biolink:has_phenotype,HP:0005584,biolink:EntityToDiseaseOrPhenotypicFeatureAssociation,knowledge_assertion,manual_agent,https://purl.humanatlas.io/vocab/hp
HGNC:11850,biolink:has_phenotype,HP:0100820,biolink:EntityToDiseaseOrPhenotypicFeatureAssociation,knowledge_assertion,manual_agent,https://purl.humanatlas.io/vocab/hp
HGNC:11850,biolink:has_phenotype,HP:0000083,biolink:EntityToDiseaseOrPhenotypicFeatureAssociation,knowledge_assertion,manual_agent,https://purl.humanatlas.io/vocab/hp
HGNC:11850,biolink:has_phenotype,HP:0000099,biolink:EntityToDiseaseOrPhenotypicFeatureAssociation,knowledge_assertion,manual_agent,https://purl.humanatlas.io/vocab/hp
HGNC:11868,biolink:has_phenotype,HP:0000122,biolink:EntityToDiseaseOrPhenotypicFeatureAssociation,knowledge_assertion,manual_agent,https://purl.humanatlas.io/vocab/hp
HGNC:11896,biolink:has_phenotype,HP:0033726,biolink:EntityToDiseaseOrPhenotypicFeatureAssociation,knowledge_assertion,manual_agent,https://purl.humanatlas.io/vocab/hp
HGNC:11896,biolink:has_phenotype,HP:0000790,biolink:EntityToDiseaseOrPhenotypicFeatureAssociation,knowledge_assertion,manual_agent,https://purl.humanatlas.io/vocab/hp
HGNC:11976,biolink:has_phenotype,HP:0000081,biolink:EntityToDiseaseOrPhenotypicFeatureAssociation,knowledge_assertion,manual_agent,https://purl.humanatlas.io/vocab/hp
HGNC:11976,biolink:has_phenotype,HP:0000122,biolink:EntityToDiseaseOrPhenotypicFeatureAssociation,knowledge_assertion,manual_agent,https://purl.humanatlas.io/vocab/hp
HGNC:11998,biolink:has_phenotype,HP:0002667,biolink:EntityToDiseaseOrPhenotypicFeatureAssociation,knowledge_assertion,manual_agent,https://purl.humanatlas.io/vocab/hp
HGNC:11998,biolink:has_phenotype,HP:0009726,biolink:EntityToDiseaseOrPhenotypicFeatureAssociation,knowledge_assertion,manual_agent,https://purl.humanatlas.io/vocab/hp
HGNC:11998,biolink:has_phenotype,HP:0005584,biolink:EntityToDiseaseOrPhenotypicFeatureAssociation,knowledge_assertion,manual_agent,https://purl.humanatlas.io/vocab/hp
HGNC:12338,biolink:has_phenotype,HP:0003774,biolink:EntityToDiseaseOrPhenotypicFeatureAssociation,knowledge_assertion,manual_agent,https://purl.humanatlas.io/vocab/hp
HGNC:12338,biolink:has_phenotype,HP:0003774,biolink:EntityToDiseaseOrPhenotypicFeatureAssociation,knowledge_assertion,manual_agent,https://purl.humanatlas.io/vocab/hp
HGNC:12338,biolink:has_phenotype,HP:0000097,biolink:EntityToDiseaseOrPhenotypicFeatureAssociation,knowledge_assertion,manual_agent,https://purl.humanatlas.io/vocab/hp
HGNC:12338,biolink:has_phenotype,HP:0000097,biolink:EntityToDiseaseOrPhenotypicFeatureAssociation,knowledge_assertion,manual_agent,https://purl.humanatlas.io/vocab/hp
HGNC:12338,biolink:has_phenotype,HP:0000100,biolink:EntityToDiseaseOrPhenotypicFeatureAssociation,knowledge_assertion,manual_agent,https://purl.humanatlas.io/vocab/hp
HGNC:12338,biolink:has_phenotype,HP:0012622,biolink:EntityToDiseaseOrPhenotypicFeatureAssociation,knowledge_assertion,manual_agent,https://purl.humanatlas.io/vocab/hp
HGNC:12338,biolink:has_phenotype,HP:0012622,biolink:EntityToDiseaseOrPhenotypicFeatureAssociation,knowledge_assertion,manual_agent,https://purl.humanatlas.io/vocab/hp
HGNC:12338,biolink:has_phenotype,HP:0001967,biolink:EntityToDiseaseOrPhenotypicFeatureAssociation,knowledge_assertion,manual_agent,https://purl.humanatlas.io/vocab/hp
HGNC:12338,biolink:has_phenotype,HP:0012579,biolink:EntityToDiseaseOrPhenotypicFeatureAssociation,knowledge_assertion,manual_agent,https://purl.humanatlas.io/vocab/hp
HGNC:12362,biolink:has_phenotype,HP:0003774,biolink:EntityToDiseaseOrPhenotypicFeatureAssociation,knowledge_assertion,manual_agent,https://purl.humanatlas.io/vocab/hp
HGNC:12362,biolink:has_phenotype,HP:0000083,biolink:EntityToDiseaseOrPhenotypicFeatureAssociation,knowledge_assertion,manual_agent,https://purl.humanatlas.io/vocab/hp
HGNC:12362,biolink:has_phenotype,HP:0000113,biolink:EntityToDiseaseOrPhenotypicFeatureAssociation,knowledge_assertion,manual_agent,https://purl.humanatlas.io/vocab/hp
HGNC:12362,biolink:has_phenotype,HP:0000107,biolink:EntityToDiseaseOrPhenotypicFeatureAssociation,knowledge_assertion,manual_agent,https://purl.humanatlas.io/vocab/hp
HGNC:12362,biolink:has_phenotype,HP:0000107,biolink:EntityToDiseaseOrPhenotypicFeatureAssociation,knowledge_assertion,manual_agent,https://purl.humanatlas.io/vocab/hp
HGNC:12362,biolink:has_phenotype,HP:0009726,biolink:EntityToDiseaseOrPhenotypicFeatureAssociation,knowledge_assertion,manual_agent,https://purl.humanatlas.io/vocab/hp
HGNC:12362,biolink:has_phenotype,HP:0005584,biolink:EntityToDiseaseOrPhenotypicFeatureAssociation,knowledge_assertion,manual_agent,https://purl.humanatlas.io/vocab/hp
HGNC:12362,biolink:has_phenotype,HP:0005584,biolink:EntityToDiseaseOrPhenotypicFeatureAssociation,knowledge_assertion,manual_agent,https://purl.humanatlas.io/vocab/hp
HGNC:12362,biolink:has_phenotype,HP:0005562,biolink:EntityToDiseaseOrPhenotypicFeatureAssociation,knowledge_assertion,manual_agent,https://purl.humanatlas.io/vocab/hp
HGNC:12362,biolink:has_phenotype,HP:0012622,biolink:EntityToDiseaseOrPhenotypicFeatureAssociation,knowledge_assertion,manual_agent,https://purl.humanatlas.io/vocab/hp
HGNC:12362,biolink:has_phenotype,HP:0000790,biolink:EntityToDiseaseOrPhenotypicFeatureAssociation,knowledge_assertion,manual_agent,https://purl.humanatlas.io/vocab/hp
HGNC:12362,biolink:has_phenotype,HP:0006772,biolink:EntityToDiseaseOrPhenotypicFeatureAssociation,knowledge_assertion,manual_agent,https://purl.humanatlas.io/vocab/hp
HGNC:12362,biolink:has_phenotype,HP:0006772,biolink:EntityToDiseaseOrPhenotypicFeatureAssociation,knowledge_assertion,manual_agent,https://purl.humanatlas.io/vocab/hp
HGNC:12362,biolink:has_phenotype,HP:0006772,biolink:EntityToDiseaseOrPhenotypicFeatureAssociation,knowledge_assertion,manual_agent,https://purl.humanatlas.io/vocab/hp
HGNC:12363,biolink:has_phenotype,HP:0003774,biolink:EntityToDiseaseOrPhenotypicFeatureAssociation,knowledge_assertion,manual_agent,https://purl.humanatlas.io/vocab/hp
HGNC:12363,biolink:has_phenotype,HP:0000083,biolink:EntityToDiseaseOrPhenotypicFeatureAssociation,knowledge_assertion,manual_agent,https://purl.humanatlas.io/vocab/hp
HGNC:12363,biolink:has_phenotype,HP:0000113,biolink:EntityToDiseaseOrPhenotypicFeatureAssociation,knowledge_assertion,manual_agent,https://purl.humanatlas.io/vocab/hp
HGNC:12363,biolink:has_phenotype,HP:0000107,biolink:EntityToDiseaseOrPhenotypicFeatureAssociation,knowledge_assertion,manual_agent,https://purl.humanatlas.io/vocab/hp
HGNC:12363,biolink:has_phenotype,HP:0000107,biolink:EntityToDiseaseOrPhenotypicFeatureAssociation,knowledge_assertion,manual_agent,https://purl.humanatlas.io/vocab/hp
HGNC:12363,biolink:has_phenotype,HP:0009726,biolink:EntityToDiseaseOrPhenotypicFeatureAssociation,knowledge_assertion,manual_agent,https://purl.humanatlas.io/vocab/hp
HGNC:12363,biolink:has_phenotype,HP:0005584,biolink:EntityToDiseaseOrPhenotypicFeatureAssociation,knowledge_assertion,manual_agent,https://purl.humanatlas.io/vocab/hp
HGNC:12363,biolink:has_phenotype,HP:0005584,biolink:EntityToDiseaseOrPhenotypicFeatureAssociation,knowledge_assertion,manual_agent,https://purl.humanatlas.io/vocab/hp
HGNC:12363,biolink:has_phenotype,HP:0005564,biolink:EntityToDiseaseOrPhenotypicFeatureAssociation,knowledge_assertion,manual_agent,https://purl.humanatlas.io/vocab/hp
HGNC:12363,biolink:has_phenotype,HP:0005562,biolink:EntityToDiseaseOrPhenotypicFeatureAssociation,knowledge_assertion,manual_agent,https://purl.humanatlas.io/vocab/hp
HGNC:12363,biolink:has_phenotype,HP:0012622,biolink:EntityToDiseaseOrPhenotypicFeatureAssociation,knowledge_assertion,manual_agent,https://purl.humanatlas.io/vocab/hp
HGNC:12363,biolink:has_phenotype,HP:0000790,biolink:EntityToDiseaseOrPhenotypicFeatureAssociation,knowledge_assertion,manual_agent,https://purl.humanatlas.io/vocab/hp
HGNC:12363,biolink:has_phenotype,HP:0006772,biolink:EntityToDiseaseOrPhenotypicFeatureAssociation,knowledge_assertion,manual_agent,https://purl.humanatlas.io/vocab/hp
HGNC:12363,biolink:has_phenotype,HP:0006772,biolink:EntityToDiseaseOrPhenotypicFeatureAssociation,knowledge_assertion,manual_agent,https://purl.humanatlas.io/vocab/hp
HGNC:12363,biolink:has_phenotype,HP:0006772,biolink:EntityToDiseaseOrPhenotypicFeatureAssociation,knowledge_assertion,manual_agent,https://purl.humanatlas.io/vocab/hp
HGNC:12405,biolink:has_phenotype,HP:0000112,biolink:EntityToDiseaseOrPhenotypicFeatureAssociation,knowledge_assertion,manual_agent,https://purl.humanatlas.io/vocab/hp
HGNC:12405,biolink:has_phenotype,HP:0012211,biolink:EntityToDiseaseOrPhenotypicFeatureAssociation,knowledge_assertion,manual_agent,https://purl.humanatlas.io/vocab/hp
HGNC:12425,biolink:has_phenotype,HP:0032622,biolink:EntityToDiseaseOrPhenotypicFeatureAssociation,knowledge_assertion,manual_agent,https://purl.humanatlas.io/vocab/hp
HGNC:12425,biolink:has_phenotype,HP:0000107,biolink:EntityToDiseaseOrPhenotypicFeatureAssociation,knowledge_assertion,manual_agent,https://purl.humanatlas.io/vocab/hp
HGNC:12425,biolink:has_phenotype,HP:0000105,biolink:EntityToDiseaseOrPhenotypicFeatureAssociation,knowledge_assertion,manual_agent,https://purl.humanatlas.io/vocab/hp
HGNC:12425,biolink:has_phenotype,HP:0004719,biolink:EntityToDiseaseOrPhenotypicFeatureAssociation,knowledge_assertion,manual_agent,https://purl.humanatlas.io/vocab/hp
HGNC:12425,biolink:has_phenotype,HP:0005565,biolink:EntityToDiseaseOrPhenotypicFeatureAssociation,knowledge_assertion,manual_agent,https://purl.humanatlas.io/vocab/hp
HGNC:12425,biolink:has_phenotype,HP:0032948,biolink:EntityToDiseaseOrPhenotypicFeatureAssociation,knowledge_assertion,manual_agent,https://purl.humanatlas.io/vocab/hp
HGNC:4916,biolink:has_phenotype,HP:0000089,biolink:EntityToDiseaseOrPhenotypicFeatureAssociation,knowledge_assertion,manual_agent,https://purl.humanatlas.io/vocab/hp
HGNC:4916,biolink:has_phenotype,HP:0000113,biolink:EntityToDiseaseOrPhenotypicFeatureAssociation,knowledge_assertion,manual_agent,https://purl.humanatlas.io/vocab/hp
HGNC:4916,biolink:has_phenotype,HP:0005562,biolink:EntityToDiseaseOrPhenotypicFeatureAssociation,knowledge_assertion,manual_agent,https://purl.humanatlas.io/vocab/hp
HGNC:11934,biolink:has_phenotype,HP:0033726,biolink:EntityToDiseaseOrPhenotypicFeatureAssociation,knowledge_assertion,manual_agent,https://purl.humanatlas.io/vocab/hp
HGNC:11934,biolink:has_phenotype,HP:0000790,biolink:EntityToDiseaseOrPhenotypicFeatureAssociation,knowledge_assertion,manual_agent,https://purl.humanatlas.io/vocab/hp
HGNC:12472,biolink:has_phenotype,HP:0000085,biolink:EntityToDiseaseOrPhenotypicFeatureAssociation,knowledge_assertion,manual_agent,https://purl.humanatlas.io/vocab/hp
HGNC:12488,biolink:has_phenotype,HP:0033726,biolink:EntityToDiseaseOrPhenotypicFeatureAssociation,knowledge_assertion,manual_agent,https://purl.humanatlas.io/vocab/hp
HGNC:12488,biolink:has_phenotype,HP:0000790,biolink:EntityToDiseaseOrPhenotypicFeatureAssociation,knowledge_assertion,manual_agent,https://purl.humanatlas.io/vocab/hp
HGNC:12520,biolink:has_phenotype,HP:0000089,biolink:EntityToDiseaseOrPhenotypicFeatureAssociation,knowledge_assertion,manual_agent,https://purl.humanatlas.io/vocab/hp
HGNC:12520,biolink:has_phenotype,HP:0000113,biolink:EntityToDiseaseOrPhenotypicFeatureAssociation,knowledge_assertion,manual_agent,https://purl.humanatlas.io/vocab/hp
HGNC:12520,biolink:has_phenotype,HP:0005562,biolink:EntityToDiseaseOrPhenotypicFeatureAssociation,knowledge_assertion,manual_agent,https://purl.humanatlas.io/vocab/hp
HGNC:11022,biolink:has_phenotype,HP:0008695,biolink:EntityToDiseaseOrPhenotypicFeatureAssociation,knowledge_assertion,manual_agent,https://purl.humanatlas.io/vocab/hp
HGNC:11022,biolink:has_phenotype,HP:0012210,biolink:EntityToDiseaseOrPhenotypicFeatureAssociation,knowledge_assertion,manual_agent,https://purl.humanatlas.io/vocab/hp
HGNC:12559,biolink:has_phenotype,HP:0003774,biolink:EntityToDiseaseOrPhenotypicFeatureAssociation,knowledge_assertion,manual_agent,https://purl.humanatlas.io/vocab/hp
HGNC:12559,biolink:has_phenotype,HP:0000089,biolink:EntityToDiseaseOrPhenotypicFeatureAssociation,knowledge_assertion,manual_agent,https://purl.humanatlas.io/vocab/hp
HGNC:12559,biolink:has_phenotype,HP:0000083,biolink:EntityToDiseaseOrPhenotypicFeatureAssociation,knowledge_assertion,manual_agent,https://purl.humanatlas.io/vocab/hp
HGNC:12559,biolink:has_phenotype,HP:0000096,biolink:EntityToDiseaseOrPhenotypicFeatureAssociation,knowledge_assertion,manual_agent,https://purl.humanatlas.io/vocab/hp
HGNC:12559,biolink:has_phenotype,HP:0000092,biolink:EntityToDiseaseOrPhenotypicFeatureAssociation,knowledge_assertion,manual_agent,https://purl.humanatlas.io/vocab/hp
HGNC:12559,biolink:has_phenotype,HP:0000123,biolink:EntityToDiseaseOrPhenotypicFeatureAssociation,knowledge_assertion,manual_agent,https://purl.humanatlas.io/vocab/hp
HGNC:12559,biolink:has_phenotype,HP:0000107,biolink:EntityToDiseaseOrPhenotypicFeatureAssociation,knowledge_assertion,manual_agent,https://purl.humanatlas.io/vocab/hp
HGNC:12559,biolink:has_phenotype,HP:0000108,biolink:EntityToDiseaseOrPhenotypicFeatureAssociation,knowledge_assertion,manual_agent,https://purl.humanatlas.io/vocab/hp
HGNC:12559,biolink:has_phenotype,HP:0000103,biolink:EntityToDiseaseOrPhenotypicFeatureAssociation,knowledge_assertion,manual_agent,https://purl.humanatlas.io/vocab/hp
HGNC:12559,biolink:has_phenotype,HP:0004719,biolink:EntityToDiseaseOrPhenotypicFeatureAssociation,knowledge_assertion,manual_agent,https://purl.humanatlas.io/vocab/hp
HGNC:12559,biolink:has_phenotype,HP:0004722,biolink:EntityToDiseaseOrPhenotypicFeatureAssociation,knowledge_assertion,manual_agent,https://purl.humanatlas.io/vocab/hp
HGNC:12559,biolink:has_phenotype,HP:0005565,biolink:EntityToDiseaseOrPhenotypicFeatureAssociation,knowledge_assertion,manual_agent,https://purl.humanatlas.io/vocab/hp
HGNC:12559,biolink:has_phenotype,HP:0001970,biolink:EntityToDiseaseOrPhenotypicFeatureAssociation,knowledge_assertion,manual_agent,https://purl.humanatlas.io/vocab/hp
HGNC:12559,biolink:has_phenotype,HP:0012624,biolink:EntityToDiseaseOrPhenotypicFeatureAssociation,knowledge_assertion,manual_agent,https://purl.humanatlas.io/vocab/hp
HGNC:12559,biolink:has_phenotype,HP:0012625,biolink:EntityToDiseaseOrPhenotypicFeatureAssociation,knowledge_assertion,manual_agent,https://purl.humanatlas.io/vocab/hp
HGNC:12559,biolink:has_phenotype,HP:0012626,biolink:EntityToDiseaseOrPhenotypicFeatureAssociation,knowledge_assertion,manual_agent,https://purl.humanatlas.io/vocab/hp
HGNC:12559,biolink:has_phenotype,HP:0012622,biolink:EntityToDiseaseOrPhenotypicFeatureAssociation,knowledge_assertion,manual_agent,https://purl.humanatlas.io/vocab/hp
HGNC:12559,biolink:has_phenotype,HP:0012623,biolink:EntityToDiseaseOrPhenotypicFeatureAssociation,knowledge_assertion,manual_agent,https://purl.humanatlas.io/vocab/hp
HGNC:12559,biolink:has_phenotype,HP:0000794,biolink:EntityToDiseaseOrPhenotypicFeatureAssociation,knowledge_assertion,manual_agent,https://purl.humanatlas.io/vocab/hp
HGNC:12559,biolink:has_phenotype,HP:0000790,biolink:EntityToDiseaseOrPhenotypicFeatureAssociation,knowledge_assertion,manual_agent,https://purl.humanatlas.io/vocab/hp
HGNC:12559,biolink:has_phenotype,HP:0012213,biolink:EntityToDiseaseOrPhenotypicFeatureAssociation,knowledge_assertion,manual_agent,https://purl.humanatlas.io/vocab/hp
HGNC:12559,biolink:has_phenotype,HP:0032948,biolink:EntityToDiseaseOrPhenotypicFeatureAssociation,knowledge_assertion,manual_agent,https://purl.humanatlas.io/vocab/hp
HGNC:12563,biolink:has_phenotype,HP:0000790,biolink:EntityToDiseaseOrPhenotypicFeatureAssociation,knowledge_assertion,manual_agent,https://purl.humanatlas.io/vocab/hp
HGNC:2191,biolink:has_phenotype,HP:0005584,biolink:EntityToDiseaseOrPhenotypicFeatureAssociation,knowledge_assertion,manual_agent,https://purl.humanatlas.io/vocab/hp
HGNC:12637,biolink:has_phenotype,HP:0008678,biolink:EntityToDiseaseOrPhenotypicFeatureAssociation,knowledge_assertion,manual_agent,https://purl.humanatlas.io/vocab/hp
HGNC:12637,biolink:has_phenotype,HP:0000089,biolink:EntityToDiseaseOrPhenotypicFeatureAssociation,knowledge_assertion,manual_agent,https://purl.humanatlas.io/vocab/hp
HGNC:12637,biolink:has_phenotype,HP:0000083,biolink:EntityToDiseaseOrPhenotypicFeatureAssociation,knowledge_assertion,manual_agent,https://purl.humanatlas.io/vocab/hp
HGNC:12637,biolink:has_phenotype,HP:0000086,biolink:EntityToDiseaseOrPhenotypicFeatureAssociation,knowledge_assertion,manual_agent,https://purl.humanatlas.io/vocab/hp
HGNC:12637,biolink:has_phenotype,HP:0000085,biolink:EntityToDiseaseOrPhenotypicFeatureAssociation,knowledge_assertion,manual_agent,https://purl.humanatlas.io/vocab/hp
HGNC:12637,biolink:has_phenotype,HP:0000085,biolink:EntityToDiseaseOrPhenotypicFeatureAssociation,knowledge_assertion,manual_agent,https://purl.humanatlas.io/vocab/hp
HGNC:12637,biolink:has_phenotype,HP:0000081,biolink:EntityToDiseaseOrPhenotypicFeatureAssociation,knowledge_assertion,manual_agent,https://purl.humanatlas.io/vocab/hp
HGNC:12637,biolink:has_phenotype,HP:0000081,biolink:EntityToDiseaseOrPhenotypicFeatureAssociation,knowledge_assertion,manual_agent,https://purl.humanatlas.io/vocab/hp
HGNC:12637,biolink:has_phenotype,HP:0000075,biolink:EntityToDiseaseOrPhenotypicFeatureAssociation,knowledge_assertion,manual_agent,https://purl.humanatlas.io/vocab/hp
HGNC:12637,biolink:has_phenotype,HP:0000003,biolink:EntityToDiseaseOrPhenotypicFeatureAssociation,knowledge_assertion,manual_agent,https://purl.humanatlas.io/vocab/hp
HGNC:12637,biolink:has_phenotype,HP:0000122,biolink:EntityToDiseaseOrPhenotypicFeatureAssociation,knowledge_assertion,manual_agent,https://purl.humanatlas.io/vocab/hp
HGNC:12637,biolink:has_phenotype,HP:0000125,biolink:EntityToDiseaseOrPhenotypicFeatureAssociation,knowledge_assertion,manual_agent,https://purl.humanatlas.io/vocab/hp
HGNC:12637,biolink:has_phenotype,HP:0000126,biolink:EntityToDiseaseOrPhenotypicFeatureAssociation,knowledge_assertion,manual_agent,https://purl.humanatlas.io/vocab/hp
HGNC:12637,biolink:has_phenotype,HP:0000126,biolink:EntityToDiseaseOrPhenotypicFeatureAssociation,knowledge_assertion,manual_agent,https://purl.humanatlas.io/vocab/hp
HGNC:12637,biolink:has_phenotype,HP:0000110,biolink:EntityToDiseaseOrPhenotypicFeatureAssociation,knowledge_assertion,manual_agent,https://purl.humanatlas.io/vocab/hp
HGNC:12637,biolink:has_phenotype,HP:0100542,biolink:EntityToDiseaseOrPhenotypicFeatureAssociation,knowledge_assertion,manual_agent,https://purl.humanatlas.io/vocab/hp
HGNC:12637,biolink:has_phenotype,HP:0004736,biolink:EntityToDiseaseOrPhenotypicFeatureAssociation,knowledge_assertion,manual_agent,https://purl.humanatlas.io/vocab/hp
HGNC:12637,biolink:has_phenotype,HP:0004736,biolink:EntityToDiseaseOrPhenotypicFeatureAssociation,knowledge_assertion,manual_agent,https://purl.humanatlas.io/vocab/hp
HGNC:12637,biolink:has_phenotype,HP:0012584,biolink:EntityToDiseaseOrPhenotypicFeatureAssociation,knowledge_assertion,manual_agent,https://purl.humanatlas.io/vocab/hp
HGNC:12679,biolink:has_phenotype,HP:0000787,biolink:EntityToDiseaseOrPhenotypicFeatureAssociation,knowledge_assertion,manual_agent,https://purl.humanatlas.io/vocab/hp
HGNC:12687,biolink:has_phenotype,HP:0000096,biolink:EntityToDiseaseOrPhenotypicFeatureAssociation,knowledge_assertion,manual_agent,https://purl.humanatlas.io/vocab/hp
HGNC:12687,biolink:has_phenotype,HP:0000096,biolink:EntityToDiseaseOrPhenotypicFeatureAssociation,knowledge_assertion,manual_agent,https://purl.humanatlas.io/vocab/hp
HGNC:12687,biolink:has_phenotype,HP:0005584,biolink:EntityToDiseaseOrPhenotypicFeatureAssociation,knowledge_assertion,manual_agent,https://purl.humanatlas.io/vocab/hp
HGNC:12687,biolink:has_phenotype,HP:0005584,biolink:EntityToDiseaseOrPhenotypicFeatureAssociation,knowledge_assertion,manual_agent,https://purl.humanatlas.io/vocab/hp
HGNC:12687,biolink:has_phenotype,HP:0005584,biolink:EntityToDiseaseOrPhenotypicFeatureAssociation,knowledge_assertion,manual_agent,https://purl.humanatlas.io/vocab/hp
HGNC:12687,biolink:has_phenotype,HP:0005584,biolink:EntityToDiseaseOrPhenotypicFeatureAssociation,knowledge_assertion,manual_agent,https://purl.humanatlas.io/vocab/hp
HGNC:12687,biolink:has_phenotype,HP:0005562,biolink:EntityToDiseaseOrPhenotypicFeatureAssociation,knowledge_assertion,manual_agent,https://purl.humanatlas.io/vocab/hp
HGNC:12687,biolink:has_phenotype,HP:0005562,biolink:EntityToDiseaseOrPhenotypicFeatureAssociation,knowledge_assertion,manual_agent,https://purl.humanatlas.io/vocab/hp
HGNC:12687,biolink:has_phenotype,HP:0001920,biolink:EntityToDiseaseOrPhenotypicFeatureAssociation,knowledge_assertion,manual_agent,https://purl.humanatlas.io/vocab/hp
HGNC:12687,biolink:has_phenotype,HP:0000790,biolink:EntityToDiseaseOrPhenotypicFeatureAssociation,knowledge_assertion,manual_agent,https://purl.humanatlas.io/vocab/hp
HGNC:12687,biolink:has_phenotype,HP:0000790,biolink:EntityToDiseaseOrPhenotypicFeatureAssociation,knowledge_assertion,manual_agent,https://purl.humanatlas.io/vocab/hp
HGNC:12729,biolink:has_phenotype,HP:0000122,biolink:EntityToDiseaseOrPhenotypicFeatureAssociation,knowledge_assertion,manual_agent,https://purl.humanatlas.io/vocab/hp
HGNC:12731,biolink:has_phenotype,HP:0100820,biolink:EntityToDiseaseOrPhenotypicFeatureAssociation,knowledge_assertion,manual_agent,https://purl.humanatlas.io/vocab/hp
HGNC:12731,biolink:has_phenotype,HP:0000112,biolink:EntityToDiseaseOrPhenotypicFeatureAssociation,knowledge_assertion,manual_agent,https://purl.humanatlas.io/vocab/hp
HGNC:12731,biolink:has_phenotype,HP:0000112,biolink:EntityToDiseaseOrPhenotypicFeatureAssociation,knowledge_assertion,manual_agent,https://purl.humanatlas.io/vocab/hp
HGNC:12736,biolink:has_phenotype,HP:0100820,biolink:EntityToDiseaseOrPhenotypicFeatureAssociation,knowledge_assertion,manual_agent,https://purl.humanatlas.io/vocab/hp
HGNC:12736,biolink:has_phenotype,HP:0000112,biolink:EntityToDiseaseOrPhenotypicFeatureAssociation,knowledge_assertion,manual_agent,https://purl.humanatlas.io/vocab/hp
HGNC:12741,biolink:has_phenotype,HP:0100817,biolink:EntityToDiseaseOrPhenotypicFeatureAssociation,knowledge_assertion,manual_agent,https://purl.humanatlas.io/vocab/hp
HGNC:12741,biolink:has_phenotype,HP:0000089,biolink:EntityToDiseaseOrPhenotypicFeatureAssociation,knowledge_assertion,manual_agent,https://purl.humanatlas.io/vocab/hp
HGNC:12741,biolink:has_phenotype,HP:0000083,biolink:EntityToDiseaseOrPhenotypicFeatureAssociation,knowledge_assertion,manual_agent,https://purl.humanatlas.io/vocab/hp
HGNC:12741,biolink:has_phenotype,HP:0000075,biolink:EntityToDiseaseOrPhenotypicFeatureAssociation,knowledge_assertion,manual_agent,https://purl.humanatlas.io/vocab/hp
HGNC:12741,biolink:has_phenotype,HP:0000121,biolink:EntityToDiseaseOrPhenotypicFeatureAssociation,knowledge_assertion,manual_agent,https://purl.humanatlas.io/vocab/hp
HGNC:12741,biolink:has_phenotype,HP:0000125,biolink:EntityToDiseaseOrPhenotypicFeatureAssociation,knowledge_assertion,manual_agent,https://purl.humanatlas.io/vocab/hp
HGNC:12741,biolink:has_phenotype,HP:0005562,biolink:EntityToDiseaseOrPhenotypicFeatureAssociation,knowledge_assertion,manual_agent,https://purl.humanatlas.io/vocab/hp
HGNC:12741,biolink:has_phenotype,HP:0001969,biolink:EntityToDiseaseOrPhenotypicFeatureAssociation,knowledge_assertion,manual_agent,https://purl.humanatlas.io/vocab/hp
HGNC:12741,biolink:has_phenotype,HP:0000787,biolink:EntityToDiseaseOrPhenotypicFeatureAssociation,knowledge_assertion,manual_agent,https://purl.humanatlas.io/vocab/hp
HGNC:2586,biolink:has_phenotype,HP:0100817,biolink:EntityToDiseaseOrPhenotypicFeatureAssociation,knowledge_assertion,manual_agent,https://purl.humanatlas.io/vocab/hp
HGNC:2586,biolink:has_phenotype,HP:0000089,biolink:EntityToDiseaseOrPhenotypicFeatureAssociation,knowledge_assertion,manual_agent,https://purl.humanatlas.io/vocab/hp
HGNC:2586,biolink:has_phenotype,HP:0000083,biolink:EntityToDiseaseOrPhenotypicFeatureAssociation,knowledge_assertion,manual_agent,https://purl.humanatlas.io/vocab/hp
HGNC:2586,biolink:has_phenotype,HP:0000075,biolink:EntityToDiseaseOrPhenotypicFeatureAssociation,knowledge_assertion,manual_agent,https://purl.humanatlas.io/vocab/hp
HGNC:2586,biolink:has_phenotype,HP:0000121,biolink:EntityToDiseaseOrPhenotypicFeatureAssociation,knowledge_assertion,manual_agent,https://purl.humanatlas.io/vocab/hp
HGNC:2586,biolink:has_phenotype,HP:0000125,biolink:EntityToDiseaseOrPhenotypicFeatureAssociation,knowledge_assertion,manual_agent,https://purl.humanatlas.io/vocab/hp
HGNC:2586,biolink:has_phenotype,HP:0005562,biolink:EntityToDiseaseOrPhenotypicFeatureAssociation,knowledge_assertion,manual_agent,https://purl.humanatlas.io/vocab/hp
HGNC:2586,biolink:has_phenotype,HP:0001969,biolink:EntityToDiseaseOrPhenotypicFeatureAssociation,knowledge_assertion,manual_agent,https://purl.humanatlas.io/vocab/hp
HGNC:2586,biolink:has_phenotype,HP:0000787,biolink:EntityToDiseaseOrPhenotypicFeatureAssociation,knowledge_assertion,manual_agent,https://purl.humanatlas.io/vocab/hp
HGNC:12762,biolink:has_phenotype,HP:0000126,biolink:EntityToDiseaseOrPhenotypicFeatureAssociation,knowledge_assertion,manual_agent,https://purl.humanatlas.io/vocab/hp
HGNC:12762,biolink:has_phenotype,HP:0000112,biolink:EntityToDiseaseOrPhenotypicFeatureAssociation,knowledge_assertion,manual_agent,https://purl.humanatlas.io/vocab/hp
HGNC:12766,biolink:has_phenotype,HP:0004719,biolink:EntityToDiseaseOrPhenotypicFeatureAssociation,knowledge_assertion,manual_agent,https://purl.humanatlas.io/vocab/hp
HGNC:12766,biolink:has_phenotype,HP:0012584,biolink:EntityToDiseaseOrPhenotypicFeatureAssociation,knowledge_assertion,manual_agent,https://purl.humanatlas.io/vocab/hp
HGNC:12782,biolink:has_phenotype,HP:0000003,biolink:EntityToDiseaseOrPhenotypicFeatureAssociation,knowledge_assertion,manual_agent,https://purl.humanatlas.io/vocab/hp
HGNC:12782,biolink:has_phenotype,HP:0000104,biolink:EntityToDiseaseOrPhenotypicFeatureAssociation,knowledge_assertion,manual_agent,https://purl.humanatlas.io/vocab/hp
HGNC:12784,biolink:has_phenotype,HP:0000075,biolink:EntityToDiseaseOrPhenotypicFeatureAssociation,knowledge_assertion,manual_agent,https://purl.humanatlas.io/vocab/hp
HGNC:12784,biolink:has_phenotype,HP:0000126,biolink:EntityToDiseaseOrPhenotypicFeatureAssociation,knowledge_assertion,manual_agent,https://purl.humanatlas.io/vocab/hp
HGNC:12787,biolink:has_phenotype,HP:0000089,biolink:EntityToDiseaseOrPhenotypicFeatureAssociation,knowledge_assertion,manual_agent,https://purl.humanatlas.io/vocab/hp
HGNC:12787,biolink:has_phenotype,HP:0000085,biolink:EntityToDiseaseOrPhenotypicFeatureAssociation,knowledge_assertion,manual_agent,https://purl.humanatlas.io/vocab/hp
HGNC:12779,biolink:has_phenotype,HP:0000104,biolink:EntityToDiseaseOrPhenotypicFeatureAssociation,knowledge_assertion,manual_agent,https://purl.humanatlas.io/vocab/hp
HGNC:12791,biolink:has_phenotype,HP:0009726,biolink:EntityToDiseaseOrPhenotypicFeatureAssociation,knowledge_assertion,manual_agent,https://purl.humanatlas.io/vocab/hp
HGNC:12796,biolink:has_phenotype,HP:0003774,biolink:EntityToDiseaseOrPhenotypicFeatureAssociation,knowledge_assertion,manual_agent,https://purl.humanatlas.io/vocab/hp
HGNC:12796,biolink:has_phenotype,HP:0003774,biolink:EntityToDiseaseOrPhenotypicFeatureAssociation,knowledge_assertion,manual_agent,https://purl.humanatlas.io/vocab/hp
HGNC:12796,biolink:has_phenotype,HP:0003774,biolink:EntityToDiseaseOrPhenotypicFeatureAssociation,knowledge_assertion,manual_agent,https://purl.humanatlas.io/vocab/hp
HGNC:12796,biolink:has_phenotype,HP:0100820,biolink:EntityToDiseaseOrPhenotypicFeatureAssociation,knowledge_assertion,manual_agent,https://purl.humanatlas.io/vocab/hp
HGNC:12796,biolink:has_phenotype,HP:0000083,biolink:EntityToDiseaseOrPhenotypicFeatureAssociation,knowledge_assertion,manual_agent,https://purl.humanatlas.io/vocab/hp
HGNC:12796,biolink:has_phenotype,HP:0000083,biolink:EntityToDiseaseOrPhenotypicFeatureAssociation,knowledge_assertion,manual_agent,https://purl.humanatlas.io/vocab/hp
HGNC:12796,biolink:has_phenotype,HP:0000083,biolink:EntityToDiseaseOrPhenotypicFeatureAssociation,knowledge_assertion,manual_agent,https://purl.humanatlas.io/vocab/hp
HGNC:12796,biolink:has_phenotype,HP:0000086,biolink:EntityToDiseaseOrPhenotypicFeatureAssociation,knowledge_assertion,manual_agent,https://purl.humanatlas.io/vocab/hp
HGNC:12796,biolink:has_phenotype,HP:0000085,biolink:EntityToDiseaseOrPhenotypicFeatureAssociation,knowledge_assertion,manual_agent,https://purl.humanatlas.io/vocab/hp
HGNC:12796,biolink:has_phenotype,HP:0000085,biolink:EntityToDiseaseOrPhenotypicFeatureAssociation,knowledge_assertion,manual_agent,https://purl.humanatlas.io/vocab/hp
HGNC:12796,biolink:has_phenotype,HP:0000085,biolink:EntityToDiseaseOrPhenotypicFeatureAssociation,knowledge_assertion,manual_agent,https://purl.humanatlas.io/vocab/hp
HGNC:12796,biolink:has_phenotype,HP:0000097,biolink:EntityToDiseaseOrPhenotypicFeatureAssociation,knowledge_assertion,manual_agent,https://purl.humanatlas.io/vocab/hp
HGNC:12796,biolink:has_phenotype,HP:0000097,biolink:EntityToDiseaseOrPhenotypicFeatureAssociation,knowledge_assertion,manual_agent,https://purl.humanatlas.io/vocab/hp
HGNC:12796,biolink:has_phenotype,HP:0000097,biolink:EntityToDiseaseOrPhenotypicFeatureAssociation,knowledge_assertion,manual_agent,https://purl.humanatlas.io/vocab/hp
HGNC:12796,biolink:has_phenotype,HP:0000097,biolink:EntityToDiseaseOrPhenotypicFeatureAssociation,knowledge_assertion,manual_agent,https://purl.humanatlas.io/vocab/hp
HGNC:12796,biolink:has_phenotype,HP:0000097,biolink:EntityToDiseaseOrPhenotypicFeatureAssociation,knowledge_assertion,manual_agent,https://purl.humanatlas.io/vocab/hp
HGNC:12796,biolink:has_phenotype,HP:0002667,biolink:EntityToDiseaseOrPhenotypicFeatureAssociation,knowledge_assertion,manual_agent,https://purl.humanatlas.io/vocab/hp
HGNC:12796,biolink:has_phenotype,HP:0002667,biolink:EntityToDiseaseOrPhenotypicFeatureAssociation,knowledge_assertion,manual_agent,https://purl.humanatlas.io/vocab/hp
HGNC:12796,biolink:has_phenotype,HP:0002667,biolink:EntityToDiseaseOrPhenotypicFeatureAssociation,knowledge_assertion,manual_agent,https://purl.humanatlas.io/vocab/hp
HGNC:12796,biolink:has_phenotype,HP:0002667,biolink:EntityToDiseaseOrPhenotypicFeatureAssociation,knowledge_assertion,manual_agent,https://purl.humanatlas.io/vocab/hp
HGNC:12796,biolink:has_phenotype,HP:0002667,biolink:EntityToDiseaseOrPhenotypicFeatureAssociation,knowledge_assertion,manual_agent,https://purl.humanatlas.io/vocab/hp
HGNC:12796,biolink:has_phenotype,HP:0002667,biolink:EntityToDiseaseOrPhenotypicFeatureAssociation,knowledge_assertion,manual_agent,https://purl.humanatlas.io/vocab/hp
HGNC:12796,biolink:has_phenotype,HP:0002667,biolink:EntityToDiseaseOrPhenotypicFeatureAssociation,knowledge_assertion,manual_agent,https://purl.humanatlas.io/vocab/hp
HGNC:12796,biolink:has_phenotype,HP:0002667,biolink:EntityToDiseaseOrPhenotypicFeatureAssociation,knowledge_assertion,manual_agent,https://purl.humanatlas.io/vocab/hp
HGNC:12796,biolink:has_phenotype,HP:0000100,biolink:EntityToDiseaseOrPhenotypicFeatureAssociation,knowledge_assertion,manual_agent,https://purl.humanatlas.io/vocab/hp
HGNC:12796,biolink:has_phenotype,HP:0000100,biolink:EntityToDiseaseOrPhenotypicFeatureAssociation,knowledge_assertion,manual_agent,https://purl.humanatlas.io/vocab/hp
HGNC:12796,biolink:has_phenotype,HP:0000100,biolink:EntityToDiseaseOrPhenotypicFeatureAssociation,knowledge_assertion,manual_agent,https://purl.humanatlas.io/vocab/hp
HGNC:12796,biolink:has_phenotype,HP:0000100,biolink:EntityToDiseaseOrPhenotypicFeatureAssociation,knowledge_assertion,manual_agent,https://purl.humanatlas.io/vocab/hp
HGNC:12796,biolink:has_phenotype,HP:0000100,biolink:EntityToDiseaseOrPhenotypicFeatureAssociation,knowledge_assertion,manual_agent,https://purl.humanatlas.io/vocab/hp
HGNC:12796,biolink:has_phenotype,HP:0000100,biolink:EntityToDiseaseOrPhenotypicFeatureAssociation,knowledge_assertion,manual_agent,https://purl.humanatlas.io/vocab/hp
HGNC:12796,biolink:has_phenotype,HP:0000112,biolink:EntityToDiseaseOrPhenotypicFeatureAssociation,knowledge_assertion,manual_agent,https://purl.humanatlas.io/vocab/hp
HGNC:12796,biolink:has_phenotype,HP:0000112,biolink:EntityToDiseaseOrPhenotypicFeatureAssociation,knowledge_assertion,manual_agent,https://purl.humanatlas.io/vocab/hp
HGNC:12796,biolink:has_phenotype,HP:0000112,biolink:EntityToDiseaseOrPhenotypicFeatureAssociation,knowledge_assertion,manual_agent,https://purl.humanatlas.io/vocab/hp
HGNC:12796,biolink:has_phenotype,HP:0000105,biolink:EntityToDiseaseOrPhenotypicFeatureAssociation,knowledge_assertion,manual_agent,https://purl.humanatlas.io/vocab/hp
HGNC:12796,biolink:has_phenotype,HP:0000105,biolink:EntityToDiseaseOrPhenotypicFeatureAssociation,knowledge_assertion,manual_agent,https://purl.humanatlas.io/vocab/hp
HGNC:12796,biolink:has_phenotype,HP:0004736,biolink:EntityToDiseaseOrPhenotypicFeatureAssociation,knowledge_assertion,manual_agent,https://purl.humanatlas.io/vocab/hp
HGNC:12796,biolink:has_phenotype,HP:0005580,biolink:EntityToDiseaseOrPhenotypicFeatureAssociation,knowledge_assertion,manual_agent,https://purl.humanatlas.io/vocab/hp
HGNC:12796,biolink:has_phenotype,HP:0012622,biolink:EntityToDiseaseOrPhenotypicFeatureAssociation,knowledge_assertion,manual_agent,https://purl.humanatlas.io/vocab/hp
HGNC:12796,biolink:has_phenotype,HP:0001967,biolink:EntityToDiseaseOrPhenotypicFeatureAssociation,knowledge_assertion,manual_agent,https://purl.humanatlas.io/vocab/hp
HGNC:12796,biolink:has_phenotype,HP:0001967,biolink:EntityToDiseaseOrPhenotypicFeatureAssociation,knowledge_assertion,manual_agent,https://purl.humanatlas.io/vocab/hp
HGNC:12796,biolink:has_phenotype,HP:0001967,biolink:EntityToDiseaseOrPhenotypicFeatureAssociation,knowledge_assertion,manual_agent,https://purl.humanatlas.io/vocab/hp
HGNC:12796,biolink:has_phenotype,HP:0002907,biolink:EntityToDiseaseOrPhenotypicFeatureAssociation,knowledge_assertion,manual_agent,https://purl.humanatlas.io/vocab/hp
HGNC:12796,biolink:has_phenotype,HP:0012587,biolink:EntityToDiseaseOrPhenotypicFeatureAssociation,knowledge_assertion,manual_agent,https://purl.humanatlas.io/vocab/hp
HGNC:12796,biolink:has_phenotype,HP:0012579,biolink:EntityToDiseaseOrPhenotypicFeatureAssociation,knowledge_assertion,manual_agent,https://purl.humanatlas.io/vocab/hp
HGNC:12805,biolink:has_phenotype,HP:0000126,biolink:EntityToDiseaseOrPhenotypicFeatureAssociation,knowledge_assertion,manual_agent,https://purl.humanatlas.io/vocab/hp
HGNC:12805,biolink:has_phenotype,HP:0004732,biolink:EntityToDiseaseOrPhenotypicFeatureAssociation,knowledge_assertion,manual_agent,https://purl.humanatlas.io/vocab/hp
HGNC:12805,biolink:has_phenotype,HP:0000804,biolink:EntityToDiseaseOrPhenotypicFeatureAssociation,knowledge_assertion,manual_agent,https://purl.humanatlas.io/vocab/hp
HGNC:12805,biolink:has_phenotype,HP:0012330,biolink:EntityToDiseaseOrPhenotypicFeatureAssociation,knowledge_assertion,manual_agent,https://purl.humanatlas.io/vocab/hp
HGNC:12829,biolink:has_phenotype,HP:0008678,biolink:EntityToDiseaseOrPhenotypicFeatureAssociation,knowledge_assertion,manual_agent,https://purl.humanatlas.io/vocab/hp
HGNC:12829,biolink:has_phenotype,HP:0000083,biolink:EntityToDiseaseOrPhenotypicFeatureAssociation,knowledge_assertion,manual_agent,https://purl.humanatlas.io/vocab/hp
HGNC:12829,biolink:has_phenotype,HP:0000086,biolink:EntityToDiseaseOrPhenotypicFeatureAssociation,knowledge_assertion,manual_agent,https://purl.humanatlas.io/vocab/hp
HGNC:12829,biolink:has_phenotype,HP:0100542,biolink:EntityToDiseaseOrPhenotypicFeatureAssociation,knowledge_assertion,manual_agent,https://purl.humanatlas.io/vocab/hp
HGNC:12829,biolink:has_phenotype,HP:0012210,biolink:EntityToDiseaseOrPhenotypicFeatureAssociation,knowledge_assertion,manual_agent,https://purl.humanatlas.io/vocab/hp
HGNC:12831,biolink:has_phenotype,HP:0000089,biolink:EntityToDiseaseOrPhenotypicFeatureAssociation,knowledge_assertion,manual_agent,https://purl.humanatlas.io/vocab/hp
HGNC:12831,biolink:has_phenotype,HP:0000086,biolink:EntityToDiseaseOrPhenotypicFeatureAssociation,knowledge_assertion,manual_agent,https://purl.humanatlas.io/vocab/hp
HGNC:12831,biolink:has_phenotype,HP:0000122,biolink:EntityToDiseaseOrPhenotypicFeatureAssociation,knowledge_assertion,manual_agent,https://purl.humanatlas.io/vocab/hp
HGNC:12856,biolink:has_phenotype,HP:0000126,biolink:EntityToDiseaseOrPhenotypicFeatureAssociation,knowledge_assertion,manual_agent,https://purl.humanatlas.io/vocab/hp
HGNC:12856,biolink:has_phenotype,HP:0000126,biolink:EntityToDiseaseOrPhenotypicFeatureAssociation,knowledge_assertion,manual_agent,https://purl.humanatlas.io/vocab/hp
HGNC:12851,biolink:has_phenotype,HP:0000112,biolink:EntityToDiseaseOrPhenotypicFeatureAssociation,knowledge_assertion,manual_agent,https://purl.humanatlas.io/vocab/hp
HGNC:12858,biolink:has_phenotype,HP:0031266,biolink:EntityToDiseaseOrPhenotypicFeatureAssociation,knowledge_assertion,manual_agent,https://purl.humanatlas.io/vocab/hp
HGNC:12858,biolink:has_phenotype,HP:0000100,biolink:EntityToDiseaseOrPhenotypicFeatureAssociation,knowledge_assertion,manual_agent,https://purl.humanatlas.io/vocab/hp
HGNC:12858,biolink:has_phenotype,HP:0000100,biolink:EntityToDiseaseOrPhenotypicFeatureAssociation,knowledge_assertion,manual_agent,https://purl.humanatlas.io/vocab/hp
HGNC:12858,biolink:has_phenotype,HP:0012579,biolink:EntityToDiseaseOrPhenotypicFeatureAssociation,knowledge_assertion,manual_agent,https://purl.humanatlas.io/vocab/hp
HGNC:12869,biolink:has_phenotype,HP:0000085,biolink:EntityToDiseaseOrPhenotypicFeatureAssociation,knowledge_assertion,manual_agent,https://purl.humanatlas.io/vocab/hp
HGNC:12869,biolink:has_phenotype,HP:0000121,biolink:EntityToDiseaseOrPhenotypicFeatureAssociation,knowledge_assertion,manual_agent,https://purl.humanatlas.io/vocab/hp
HGNC:12869,biolink:has_phenotype,HP:0000126,biolink:EntityToDiseaseOrPhenotypicFeatureAssociation,knowledge_assertion,manual_agent,https://purl.humanatlas.io/vocab/hp
HGNC:12869,biolink:has_phenotype,HP:0000787,biolink:EntityToDiseaseOrPhenotypicFeatureAssociation,knowledge_assertion,manual_agent,https://purl.humanatlas.io/vocab/hp
HGNC:12873,biolink:has_phenotype,HP:0000104,biolink:EntityToDiseaseOrPhenotypicFeatureAssociation,knowledge_assertion,manual_agent,https://purl.humanatlas.io/vocab/hp
HGNC:12874,biolink:has_phenotype,HP:0000085,biolink:EntityToDiseaseOrPhenotypicFeatureAssociation,knowledge_assertion,manual_agent,https://purl.humanatlas.io/vocab/hp
HGNC:12874,biolink:has_phenotype,HP:0000126,biolink:EntityToDiseaseOrPhenotypicFeatureAssociation,knowledge_assertion,manual_agent,https://purl.humanatlas.io/vocab/hp
HGNC:12874,biolink:has_phenotype,HP:0000105,biolink:EntityToDiseaseOrPhenotypicFeatureAssociation,knowledge_assertion,manual_agent,https://purl.humanatlas.io/vocab/hp
HGNC:12874,biolink:has_phenotype,HP:0000105,biolink:EntityToDiseaseOrPhenotypicFeatureAssociation,knowledge_assertion,manual_agent,https://purl.humanatlas.io/vocab/hp
HGNC:12874,biolink:has_phenotype,HP:0000104,biolink:EntityToDiseaseOrPhenotypicFeatureAssociation,knowledge_assertion,manual_agent,https://purl.humanatlas.io/vocab/hp
HGNC:12930,biolink:has_phenotype,HP:0000790,biolink:EntityToDiseaseOrPhenotypicFeatureAssociation,knowledge_assertion,manual_agent,https://purl.humanatlas.io/vocab/hp
HGNC:12933,biolink:has_phenotype,HP:0000110,biolink:EntityToDiseaseOrPhenotypicFeatureAssociation,knowledge_assertion,manual_agent,https://purl.humanatlas.io/vocab/hp
HGNC:12933,biolink:has_phenotype,HP:0000107,biolink:EntityToDiseaseOrPhenotypicFeatureAssociation,knowledge_assertion,manual_agent,https://purl.humanatlas.io/vocab/hp
HGNC:12989,biolink:has_phenotype,HP:0000125,biolink:EntityToDiseaseOrPhenotypicFeatureAssociation,knowledge_assertion,manual_agent,https://purl.humanatlas.io/vocab/hp
HGNC:12989,biolink:has_phenotype,HP:0000126,biolink:EntityToDiseaseOrPhenotypicFeatureAssociation,knowledge_assertion,manual_agent,https://purl.humanatlas.io/vocab/hp
HGNC:12989,biolink:has_phenotype,HP:0000104,biolink:EntityToDiseaseOrPhenotypicFeatureAssociation,knowledge_assertion,manual_agent,https://purl.humanatlas.io/vocab/hp
HGNC:14985,biolink:has_phenotype,HP:0000126,biolink:EntityToDiseaseOrPhenotypicFeatureAssociation,knowledge_assertion,manual_agent,https://purl.humanatlas.io/vocab/hp
HGNC:14985,biolink:has_phenotype,HP:0000107,biolink:EntityToDiseaseOrPhenotypicFeatureAssociation,knowledge_assertion,manual_agent,https://purl.humanatlas.io/vocab/hp
HGNC:16512,biolink:has_phenotype,HP:0003774,biolink:EntityToDiseaseOrPhenotypicFeatureAssociation,knowledge_assertion,manual_agent,https://purl.humanatlas.io/vocab/hp
HGNC:16512,biolink:has_phenotype,HP:0000083,biolink:EntityToDiseaseOrPhenotypicFeatureAssociation,knowledge_assertion,manual_agent,https://purl.humanatlas.io/vocab/hp
HGNC:16512,biolink:has_phenotype,HP:0000121,biolink:EntityToDiseaseOrPhenotypicFeatureAssociation,knowledge_assertion,manual_agent,https://purl.humanatlas.io/vocab/hp
HGNC:16512,biolink:has_phenotype,HP:0000103,biolink:EntityToDiseaseOrPhenotypicFeatureAssociation,knowledge_assertion,manual_agent,https://purl.humanatlas.io/vocab/hp
HGNC:16512,biolink:has_phenotype,HP:0004737,biolink:EntityToDiseaseOrPhenotypicFeatureAssociation,knowledge_assertion,manual_agent,https://purl.humanatlas.io/vocab/hp
HGNC:16512,biolink:has_phenotype,HP:0004727,biolink:EntityToDiseaseOrPhenotypicFeatureAssociation,knowledge_assertion,manual_agent,https://purl.humanatlas.io/vocab/hp
HGNC:16512,biolink:has_phenotype,HP:0004727,biolink:EntityToDiseaseOrPhenotypicFeatureAssociation,knowledge_assertion,manual_agent,https://purl.humanatlas.io/vocab/hp
HGNC:16512,biolink:has_phenotype,HP:0005576,biolink:EntityToDiseaseOrPhenotypicFeatureAssociation,knowledge_assertion,manual_agent,https://purl.humanatlas.io/vocab/hp
HGNC:16512,biolink:has_phenotype,HP:0005565,biolink:EntityToDiseaseOrPhenotypicFeatureAssociation,knowledge_assertion,manual_agent,https://purl.humanatlas.io/vocab/hp
HGNC:16512,biolink:has_phenotype,HP:0012622,biolink:EntityToDiseaseOrPhenotypicFeatureAssociation,knowledge_assertion,manual_agent,https://purl.humanatlas.io/vocab/hp
HGNC:16512,biolink:has_phenotype,HP:0001919,biolink:EntityToDiseaseOrPhenotypicFeatureAssociation,knowledge_assertion,manual_agent,https://purl.humanatlas.io/vocab/hp
HGNC:16512,biolink:has_phenotype,HP:0012213,biolink:EntityToDiseaseOrPhenotypicFeatureAssociation,knowledge_assertion,manual_agent,https://purl.humanatlas.io/vocab/hp
HGNC:13394,biolink:has_phenotype,HP:0003774,biolink:EntityToDiseaseOrPhenotypicFeatureAssociation,knowledge_assertion,manual_agent,https://purl.humanatlas.io/vocab/hp
HGNC:13394,biolink:has_phenotype,HP:0003774,biolink:EntityToDiseaseOrPhenotypicFeatureAssociation,knowledge_assertion,manual_agent,https://purl.humanatlas.io/vocab/hp
HGNC:13394,biolink:has_phenotype,HP:0000097,biolink:EntityToDiseaseOrPhenotypicFeatureAssociation,knowledge_assertion,manual_agent,https://purl.humanatlas.io/vocab/hp
HGNC:13394,biolink:has_phenotype,HP:0000097,biolink:EntityToDiseaseOrPhenotypicFeatureAssociation,knowledge_assertion,manual_agent,https://purl.humanatlas.io/vocab/hp
HGNC:13394,biolink:has_phenotype,HP:0000100,biolink:EntityToDiseaseOrPhenotypicFeatureAssociation,knowledge_assertion,manual_agent,https://purl.humanatlas.io/vocab/hp
HGNC:13394,biolink:has_phenotype,HP:0012622,biolink:EntityToDiseaseOrPhenotypicFeatureAssociation,knowledge_assertion,manual_agent,https://purl.humanatlas.io/vocab/hp
HGNC:13394,biolink:has_phenotype,HP:0001967,biolink:EntityToDiseaseOrPhenotypicFeatureAssociation,knowledge_assertion,manual_agent,https://purl.humanatlas.io/vocab/hp
HGNC:13394,biolink:has_phenotype,HP:0012579,biolink:EntityToDiseaseOrPhenotypicFeatureAssociation,knowledge_assertion,manual_agent,https://purl.humanatlas.io/vocab/hp
HGNC:428,biolink:has_phenotype,HP:0003774,biolink:EntityToDiseaseOrPhenotypicFeatureAssociation,knowledge_assertion,manual_agent,https://purl.humanatlas.io/vocab/hp
HGNC:428,biolink:has_phenotype,HP:0000083,biolink:EntityToDiseaseOrPhenotypicFeatureAssociation,knowledge_assertion,manual_agent,https://purl.humanatlas.io/vocab/hp
HGNC:428,biolink:has_phenotype,HP:0000099,biolink:EntityToDiseaseOrPhenotypicFeatureAssociation,knowledge_assertion,manual_agent,https://purl.humanatlas.io/vocab/hp
HGNC:428,biolink:has_phenotype,HP:0000123,biolink:EntityToDiseaseOrPhenotypicFeatureAssociation,knowledge_assertion,manual_agent,https://purl.humanatlas.io/vocab/hp
HGNC:428,biolink:has_phenotype,HP:0001970,biolink:EntityToDiseaseOrPhenotypicFeatureAssociation,knowledge_assertion,manual_agent,https://purl.humanatlas.io/vocab/hp
HGNC:428,biolink:has_phenotype,HP:0012622,biolink:EntityToDiseaseOrPhenotypicFeatureAssociation,knowledge_assertion,manual_agent,https://purl.humanatlas.io/vocab/hp
HGNC:13013,biolink:has_phenotype,HP:0000126,biolink:EntityToDiseaseOrPhenotypicFeatureAssociation,knowledge_assertion,manual_agent,https://purl.humanatlas.io/vocab/hp
HGNC:13013,biolink:has_phenotype,HP:0000126,biolink:EntityToDiseaseOrPhenotypicFeatureAssociation,knowledge_assertion,manual_agent,https://purl.humanatlas.io/vocab/hp
HGNC:2548,biolink:has_phenotype,HP:0000083,biolink:EntityToDiseaseOrPhenotypicFeatureAssociation,knowledge_assertion,manual_agent,https://purl.humanatlas.io/vocab/hp
HGNC:2548,biolink:has_phenotype,HP:0002907,biolink:EntityToDiseaseOrPhenotypicFeatureAssociation,knowledge_assertion,manual_agent,https://purl.humanatlas.io/vocab/hp
HGNC:15454,biolink:has_phenotype,HP:0000081,biolink:EntityToDiseaseOrPhenotypicFeatureAssociation,knowledge_assertion,manual_agent,https://purl.humanatlas.io/vocab/hp
HGNC:3680,biolink:has_phenotype,HP:0012408,biolink:EntityToDiseaseOrPhenotypicFeatureAssociation,knowledge_assertion,manual_agent,https://purl.humanatlas.io/vocab/hp
HGNC:7133,biolink:has_phenotype,HP:0008678,biolink:EntityToDiseaseOrPhenotypicFeatureAssociation,knowledge_assertion,manual_agent,https://purl.humanatlas.io/vocab/hp
HGNC:7133,biolink:has_phenotype,HP:0000089,biolink:EntityToDiseaseOrPhenotypicFeatureAssociation,knowledge_assertion,manual_agent,https://purl.humanatlas.io/vocab/hp
HGNC:7133,biolink:has_phenotype,HP:0000083,biolink:EntityToDiseaseOrPhenotypicFeatureAssociation,knowledge_assertion,manual_agent,https://purl.humanatlas.io/vocab/hp
HGNC:7133,biolink:has_phenotype,HP:0000086,biolink:EntityToDiseaseOrPhenotypicFeatureAssociation,knowledge_assertion,manual_agent,https://purl.humanatlas.io/vocab/hp
HGNC:7133,biolink:has_phenotype,HP:0000085,biolink:EntityToDiseaseOrPhenotypicFeatureAssociation,knowledge_assertion,manual_agent,https://purl.humanatlas.io/vocab/hp
HGNC:7133,biolink:has_phenotype,HP:0000081,biolink:EntityToDiseaseOrPhenotypicFeatureAssociation,knowledge_assertion,manual_agent,https://purl.humanatlas.io/vocab/hp
HGNC:7133,biolink:has_phenotype,HP:0000081,biolink:EntityToDiseaseOrPhenotypicFeatureAssociation,knowledge_assertion,manual_agent,https://purl.humanatlas.io/vocab/hp
HGNC:7133,biolink:has_phenotype,HP:0000075,biolink:EntityToDiseaseOrPhenotypicFeatureAssociation,knowledge_assertion,manual_agent,https://purl.humanatlas.io/vocab/hp
HGNC:7133,biolink:has_phenotype,HP:0000003,biolink:EntityToDiseaseOrPhenotypicFeatureAssociation,knowledge_assertion,manual_agent,https://purl.humanatlas.io/vocab/hp
HGNC:7133,biolink:has_phenotype,HP:0000122,biolink:EntityToDiseaseOrPhenotypicFeatureAssociation,knowledge_assertion,manual_agent,https://purl.humanatlas.io/vocab/hp
HGNC:7133,biolink:has_phenotype,HP:0000125,biolink:EntityToDiseaseOrPhenotypicFeatureAssociation,knowledge_assertion,manual_agent,https://purl.humanatlas.io/vocab/hp
HGNC:7133,biolink:has_phenotype,HP:0000126,biolink:EntityToDiseaseOrPhenotypicFeatureAssociation,knowledge_assertion,manual_agent,https://purl.humanatlas.io/vocab/hp
HGNC:7133,biolink:has_phenotype,HP:0000126,biolink:EntityToDiseaseOrPhenotypicFeatureAssociation,knowledge_assertion,manual_agent,https://purl.humanatlas.io/vocab/hp
HGNC:7133,biolink:has_phenotype,HP:0000110,biolink:EntityToDiseaseOrPhenotypicFeatureAssociation,knowledge_assertion,manual_agent,https://purl.humanatlas.io/vocab/hp
HGNC:7133,biolink:has_phenotype,HP:0100542,biolink:EntityToDiseaseOrPhenotypicFeatureAssociation,knowledge_assertion,manual_agent,https://purl.humanatlas.io/vocab/hp
HGNC:7133,biolink:has_phenotype,HP:0004736,biolink:EntityToDiseaseOrPhenotypicFeatureAssociation,knowledge_assertion,manual_agent,https://purl.humanatlas.io/vocab/hp
HGNC:7133,biolink:has_phenotype,HP:0004736,biolink:EntityToDiseaseOrPhenotypicFeatureAssociation,knowledge_assertion,manual_agent,https://purl.humanatlas.io/vocab/hp
HGNC:7133,biolink:has_phenotype,HP:0012584,biolink:EntityToDiseaseOrPhenotypicFeatureAssociation,knowledge_assertion,manual_agent,https://purl.humanatlas.io/vocab/hp
HGNC:5009,biolink:has_phenotype,HP:0000089,biolink:EntityToDiseaseOrPhenotypicFeatureAssociation,knowledge_assertion,manual_agent,https://purl.humanatlas.io/vocab/hp
HGNC:5009,biolink:has_phenotype,HP:0000086,biolink:EntityToDiseaseOrPhenotypicFeatureAssociation,knowledge_assertion,manual_agent,https://purl.humanatlas.io/vocab/hp
HGNC:5009,biolink:has_phenotype,HP:0000085,biolink:EntityToDiseaseOrPhenotypicFeatureAssociation,knowledge_assertion,manual_agent,https://purl.humanatlas.io/vocab/hp
HGNC:5009,biolink:has_phenotype,HP:0012211,biolink:EntityToDiseaseOrPhenotypicFeatureAssociation,knowledge_assertion,manual_agent,https://purl.humanatlas.io/vocab/hp
HGNC:7108,biolink:has_phenotype,HP:0008678,biolink:EntityToDiseaseOrPhenotypicFeatureAssociation,knowledge_assertion,manual_agent,https://purl.humanatlas.io/vocab/hp
HGNC:7108,biolink:has_phenotype,HP:0000085,biolink:EntityToDiseaseOrPhenotypicFeatureAssociation,knowledge_assertion,manual_agent,https://purl.humanatlas.io/vocab/hp
HGNC:7108,biolink:has_phenotype,HP:0000003,biolink:EntityToDiseaseOrPhenotypicFeatureAssociation,knowledge_assertion,manual_agent,https://purl.humanatlas.io/vocab/hp
HGNC:7108,biolink:has_phenotype,HP:0000113,biolink:EntityToDiseaseOrPhenotypicFeatureAssociation,knowledge_assertion,manual_agent,https://purl.humanatlas.io/vocab/hp
HGNC:7108,biolink:has_phenotype,HP:0000126,biolink:EntityToDiseaseOrPhenotypicFeatureAssociation,knowledge_assertion,manual_agent,https://purl.humanatlas.io/vocab/hp
HGNC:7108,biolink:has_phenotype,HP:0000126,biolink:EntityToDiseaseOrPhenotypicFeatureAssociation,knowledge_assertion,manual_agent,https://purl.humanatlas.io/vocab/hp
HGNC:7108,biolink:has_phenotype,HP:0000126,biolink:EntityToDiseaseOrPhenotypicFeatureAssociation,knowledge_assertion,manual_agent,https://purl.humanatlas.io/vocab/hp
HGNC:7108,biolink:has_phenotype,HP:0000100,biolink:EntityToDiseaseOrPhenotypicFeatureAssociation,knowledge_assertion,manual_agent,https://purl.humanatlas.io/vocab/hp
HGNC:7108,biolink:has_phenotype,HP:0000107,biolink:EntityToDiseaseOrPhenotypicFeatureAssociation,knowledge_assertion,manual_agent,https://purl.humanatlas.io/vocab/hp
HGNC:7108,biolink:has_phenotype,HP:0005562,biolink:EntityToDiseaseOrPhenotypicFeatureAssociation,knowledge_assertion,manual_agent,https://purl.humanatlas.io/vocab/hp
HGNC:7108,biolink:has_phenotype,HP:0012622,biolink:EntityToDiseaseOrPhenotypicFeatureAssociation,knowledge_assertion,manual_agent,https://purl.humanatlas.io/vocab/hp
HGNC:8001,biolink:has_phenotype,HP:0000089,biolink:EntityToDiseaseOrPhenotypicFeatureAssociation,knowledge_assertion,manual_agent,https://purl.humanatlas.io/vocab/hp
HGNC:8001,biolink:has_phenotype,HP:0000086,biolink:EntityToDiseaseOrPhenotypicFeatureAssociation,knowledge_assertion,manual_agent,https://purl.humanatlas.io/vocab/hp
HGNC:8001,biolink:has_phenotype,HP:0000003,biolink:EntityToDiseaseOrPhenotypicFeatureAssociation,knowledge_assertion,manual_agent,https://purl.humanatlas.io/vocab/hp
HGNC:8001,biolink:has_phenotype,HP:0000126,biolink:EntityToDiseaseOrPhenotypicFeatureAssociation,knowledge_assertion,manual_agent,https://purl.humanatlas.io/vocab/hp
HGNC:6742,biolink:has_phenotype,HP:0010946,biolink:EntityToDiseaseOrPhenotypicFeatureAssociation,knowledge_assertion,manual_agent,https://purl.humanatlas.io/vocab/hp
HGNC:12632,biolink:has_phenotype,HP:0000086,biolink:EntityToDiseaseOrPhenotypicFeatureAssociation,knowledge_assertion,manual_agent,https://purl.humanatlas.io/vocab/hp
HGNC:12632,biolink:has_phenotype,HP:0000126,biolink:EntityToDiseaseOrPhenotypicFeatureAssociation,knowledge_assertion,manual_agent,https://purl.humanatlas.io/vocab/hp
HGNC:12632,biolink:has_phenotype,HP:0000126,biolink:EntityToDiseaseOrPhenotypicFeatureAssociation,knowledge_assertion,manual_agent,https://purl.humanatlas.io/vocab/hp
HGNC:12632,biolink:has_phenotype,HP:0000110,biolink:EntityToDiseaseOrPhenotypicFeatureAssociation,knowledge_assertion,manual_agent,https://purl.humanatlas.io/vocab/hp
HGNC:12632,biolink:has_phenotype,HP:0000110,biolink:EntityToDiseaseOrPhenotypicFeatureAssociation,knowledge_assertion,manual_agent,https://purl.humanatlas.io/vocab/hp
HGNC:9896,biolink:has_phenotype,HP:0000085,biolink:EntityToDiseaseOrPhenotypicFeatureAssociation,knowledge_assertion,manual_agent,https://purl.humanatlas.io/vocab/hp
HGNC:9896,biolink:has_phenotype,HP:0000085,biolink:EntityToDiseaseOrPhenotypicFeatureAssociation,knowledge_assertion,manual_agent,https://purl.humanatlas.io/vocab/hp
HGNC:9896,biolink:has_phenotype,HP:0000126,biolink:EntityToDiseaseOrPhenotypicFeatureAssociation,knowledge_assertion,manual_agent,https://purl.humanatlas.io/vocab/hp
HGNC:9896,biolink:has_phenotype,HP:0000126,biolink:EntityToDiseaseOrPhenotypicFeatureAssociation,knowledge_assertion,manual_agent,https://purl.humanatlas.io/vocab/hp
HGNC:11111,biolink:has_phenotype,HP:0000083,biolink:EntityToDiseaseOrPhenotypicFeatureAssociation,knowledge_assertion,manual_agent,https://purl.humanatlas.io/vocab/hp
HGNC:11111,biolink:has_phenotype,HP:0000003,biolink:EntityToDiseaseOrPhenotypicFeatureAssociation,knowledge_assertion,manual_agent,https://purl.humanatlas.io/vocab/hp
HGNC:18704,biolink:has_phenotype,HP:0008678,biolink:EntityToDiseaseOrPhenotypicFeatureAssociation,knowledge_assertion,manual_agent,https://purl.humanatlas.io/vocab/hp
HGNC:18704,biolink:has_phenotype,HP:0008678,biolink:EntityToDiseaseOrPhenotypicFeatureAssociation,knowledge_assertion,manual_agent,https://purl.humanatlas.io/vocab/hp
HGNC:18704,biolink:has_phenotype,HP:0000089,biolink:EntityToDiseaseOrPhenotypicFeatureAssociation,knowledge_assertion,manual_agent,https://purl.humanatlas.io/vocab/hp
HGNC:18704,biolink:has_phenotype,HP:0000113,biolink:EntityToDiseaseOrPhenotypicFeatureAssociation,knowledge_assertion,manual_agent,https://purl.humanatlas.io/vocab/hp
HGNC:18704,biolink:has_phenotype,HP:0000126,biolink:EntityToDiseaseOrPhenotypicFeatureAssociation,knowledge_assertion,manual_agent,https://purl.humanatlas.io/vocab/hp
HGNC:18704,biolink:has_phenotype,HP:0000105,biolink:EntityToDiseaseOrPhenotypicFeatureAssociation,knowledge_assertion,manual_agent,https://purl.humanatlas.io/vocab/hp
HGNC:18704,biolink:has_phenotype,HP:0004737,biolink:EntityToDiseaseOrPhenotypicFeatureAssociation,knowledge_assertion,manual_agent,https://purl.humanatlas.io/vocab/hp
HGNC:26058,biolink:has_phenotype,HP:0003774,biolink:EntityToDiseaseOrPhenotypicFeatureAssociation,knowledge_assertion,manual_agent,https://purl.humanatlas.io/vocab/hp
HGNC:26058,biolink:has_phenotype,HP:0000097,biolink:EntityToDiseaseOrPhenotypicFeatureAssociation,knowledge_assertion,manual_agent,https://purl.humanatlas.io/vocab/hp
HGNC:26058,biolink:has_phenotype,HP:0000100,biolink:EntityToDiseaseOrPhenotypicFeatureAssociation,knowledge_assertion,manual_agent,https://purl.humanatlas.io/vocab/hp
HGNC:26058,biolink:has_phenotype,HP:0000100,biolink:EntityToDiseaseOrPhenotypicFeatureAssociation,knowledge_assertion,manual_agent,https://purl.humanatlas.io/vocab/hp
HGNC:26058,biolink:has_phenotype,HP:0000112,biolink:EntityToDiseaseOrPhenotypicFeatureAssociation,knowledge_assertion,manual_agent,https://purl.humanatlas.io/vocab/hp
HGNC:26058,biolink:has_phenotype,HP:0012579,biolink:EntityToDiseaseOrPhenotypicFeatureAssociation,knowledge_assertion,manual_agent,https://purl.humanatlas.io/vocab/hp
HGNC:11110,biolink:has_phenotype,HP:0000085,biolink:EntityToDiseaseOrPhenotypicFeatureAssociation,knowledge_assertion,manual_agent,https://purl.humanatlas.io/vocab/hp
HGNC:4793,biolink:has_phenotype,HP:0000122,biolink:EntityToDiseaseOrPhenotypicFeatureAssociation,knowledge_assertion,manual_agent,https://purl.humanatlas.io/vocab/hp
HGNC:12347,biolink:has_phenotype,HP:0000089,biolink:EntityToDiseaseOrPhenotypicFeatureAssociation,knowledge_assertion,manual_agent,https://purl.humanatlas.io/vocab/hp
HGNC:12347,biolink:has_phenotype,HP:0000126,biolink:EntityToDiseaseOrPhenotypicFeatureAssociation,knowledge_assertion,manual_agent,https://purl.humanatlas.io/vocab/hp
HGNC:12347,biolink:has_phenotype,HP:0000107,biolink:EntityToDiseaseOrPhenotypicFeatureAssociation,knowledge_assertion,manual_agent,https://purl.humanatlas.io/vocab/hp
HGNC:6377,biolink:has_phenotype,HP:0100820,biolink:EntityToDiseaseOrPhenotypicFeatureAssociation,knowledge_assertion,manual_agent,https://purl.humanatlas.io/vocab/hp
HGNC:6377,biolink:has_phenotype,HP:0000083,biolink:EntityToDiseaseOrPhenotypicFeatureAssociation,knowledge_assertion,manual_agent,https://purl.humanatlas.io/vocab/hp
HGNC:6377,biolink:has_phenotype,HP:0000099,biolink:EntityToDiseaseOrPhenotypicFeatureAssociation,knowledge_assertion,manual_agent,https://purl.humanatlas.io/vocab/hp
HGNC:904,biolink:has_phenotype,HP:0005584,biolink:EntityToDiseaseOrPhenotypicFeatureAssociation,knowledge_assertion,manual_agent,https://purl.humanatlas.io/vocab/hp
HGNC:950,biolink:has_phenotype,HP:0000126,biolink:EntityToDiseaseOrPhenotypicFeatureAssociation,knowledge_assertion,manual_agent,https://purl.humanatlas.io/vocab/hp
HGNC:950,biolink:has_phenotype,HP:0005584,biolink:EntityToDiseaseOrPhenotypicFeatureAssociation,knowledge_assertion,manual_agent,https://purl.humanatlas.io/vocab/hp
HGNC:4787,biolink:has_phenotype,HP:0000089,biolink:EntityToDiseaseOrPhenotypicFeatureAssociation,knowledge_assertion,manual_agent,https://purl.humanatlas.io/vocab/hp
HGNC:4787,biolink:has_phenotype,HP:0005564,biolink:EntityToDiseaseOrPhenotypicFeatureAssociation,knowledge_assertion,manual_agent,https://purl.humanatlas.io/vocab/hp
HGNC:4790,biolink:has_phenotype,HP:0012583,biolink:EntityToDiseaseOrPhenotypicFeatureAssociation,knowledge_assertion,manual_agent,https://purl.humanatlas.io/vocab/hp
HGNC:10981,biolink:has_phenotype,HP:0000096,biolink:EntityToDiseaseOrPhenotypicFeatureAssociation,knowledge_assertion,manual_agent,https://purl.humanatlas.io/vocab/hp
HGNC:10981,biolink:has_phenotype,HP:0005584,biolink:EntityToDiseaseOrPhenotypicFeatureAssociation,knowledge_assertion,manual_agent,https://purl.humanatlas.io/vocab/hp
HGNC:10981,biolink:has_phenotype,HP:0000790,biolink:EntityToDiseaseOrPhenotypicFeatureAssociation,knowledge_assertion,manual_agent,https://purl.humanatlas.io/vocab/hp
HGNC:11254,biolink:has_phenotype,HP:0000003,biolink:EntityToDiseaseOrPhenotypicFeatureAssociation,knowledge_assertion,manual_agent,https://purl.humanatlas.io/vocab/hp
HGNC:6717,biolink:has_phenotype,HP:0000126,biolink:EntityToDiseaseOrPhenotypicFeatureAssociation,knowledge_assertion,manual_agent,https://purl.humanatlas.io/vocab/hp
HGNC:2739,biolink:has_phenotype,HP:0005565,biolink:EntityToDiseaseOrPhenotypicFeatureAssociation,knowledge_assertion,manual_agent,https://purl.humanatlas.io/vocab/hp
HGNC:2739,biolink:has_phenotype,HP:0005562,biolink:EntityToDiseaseOrPhenotypicFeatureAssociation,knowledge_assertion,manual_agent,https://purl.humanatlas.io/vocab/hp
HGNC:11811,biolink:has_phenotype,HP:0000112,biolink:EntityToDiseaseOrPhenotypicFeatureAssociation,knowledge_assertion,manual_agent,https://purl.humanatlas.io/vocab/hp
HGNC:11811,biolink:has_phenotype,HP:0000107,biolink:EntityToDiseaseOrPhenotypicFeatureAssociation,knowledge_assertion,manual_agent,https://purl.humanatlas.io/vocab/hp
HGNC:3722,biolink:has_phenotype,HP:0100817,biolink:EntityToDiseaseOrPhenotypicFeatureAssociation,knowledge_assertion,manual_agent,https://purl.humanatlas.io/vocab/hp
HGNC:3722,biolink:has_phenotype,HP:0000089,biolink:EntityToDiseaseOrPhenotypicFeatureAssociation,knowledge_assertion,manual_agent,https://purl.humanatlas.io/vocab/hp
HGNC:3722,biolink:has_phenotype,HP:0000083,biolink:EntityToDiseaseOrPhenotypicFeatureAssociation,knowledge_assertion,manual_agent,https://purl.humanatlas.io/vocab/hp
HGNC:3722,biolink:has_phenotype,HP:0000075,biolink:EntityToDiseaseOrPhenotypicFeatureAssociation,knowledge_assertion,manual_agent,https://purl.humanatlas.io/vocab/hp
HGNC:3722,biolink:has_phenotype,HP:0000121,biolink:EntityToDiseaseOrPhenotypicFeatureAssociation,knowledge_assertion,manual_agent,https://purl.humanatlas.io/vocab/hp
HGNC:3722,biolink:has_phenotype,HP:0000125,biolink:EntityToDiseaseOrPhenotypicFeatureAssociation,knowledge_assertion,manual_agent,https://purl.humanatlas.io/vocab/hp
HGNC:3722,biolink:has_phenotype,HP:0005562,biolink:EntityToDiseaseOrPhenotypicFeatureAssociation,knowledge_assertion,manual_agent,https://purl.humanatlas.io/vocab/hp
HGNC:3722,biolink:has_phenotype,HP:0001969,biolink:EntityToDiseaseOrPhenotypicFeatureAssociation,knowledge_assertion,manual_agent,https://purl.humanatlas.io/vocab/hp
HGNC:3722,biolink:has_phenotype,HP:0000787,biolink:EntityToDiseaseOrPhenotypicFeatureAssociation,knowledge_assertion,manual_agent,https://purl.humanatlas.io/vocab/hp
HGNC:2567,biolink:has_phenotype,HP:0008678,biolink:EntityToDiseaseOrPhenotypicFeatureAssociation,knowledge_assertion,manual_agent,https://purl.humanatlas.io/vocab/hp
HGNC:2567,biolink:has_phenotype,HP:0000083,biolink:EntityToDiseaseOrPhenotypicFeatureAssociation,knowledge_assertion,manual_agent,https://purl.humanatlas.io/vocab/hp
HGNC:2567,biolink:has_phenotype,HP:0000003,biolink:EntityToDiseaseOrPhenotypicFeatureAssociation,knowledge_assertion,manual_agent,https://purl.humanatlas.io/vocab/hp
HGNC:2567,biolink:has_phenotype,HP:0000113,biolink:EntityToDiseaseOrPhenotypicFeatureAssociation,knowledge_assertion,manual_agent,https://purl.humanatlas.io/vocab/hp
HGNC:2567,biolink:has_phenotype,HP:0000126,biolink:EntityToDiseaseOrPhenotypicFeatureAssociation,knowledge_assertion,manual_agent,https://purl.humanatlas.io/vocab/hp
HGNC:2567,biolink:has_phenotype,HP:0000104,biolink:EntityToDiseaseOrPhenotypicFeatureAssociation,knowledge_assertion,manual_agent,https://purl.humanatlas.io/vocab/hp
HGNC:9249,biolink:has_phenotype,HP:0000122,biolink:EntityToDiseaseOrPhenotypicFeatureAssociation,knowledge_assertion,manual_agent,https://purl.humanatlas.io/vocab/hp
HGNC:8858,biolink:has_phenotype,HP:0000003,biolink:EntityToDiseaseOrPhenotypicFeatureAssociation,knowledge_assertion,manual_agent,https://purl.humanatlas.io/vocab/hp
HGNC:8858,biolink:has_phenotype,HP:0000121,biolink:EntityToDiseaseOrPhenotypicFeatureAssociation,knowledge_assertion,manual_agent,https://purl.humanatlas.io/vocab/hp
HGNC:8858,biolink:has_phenotype,HP:0000126,biolink:EntityToDiseaseOrPhenotypicFeatureAssociation,knowledge_assertion,manual_agent,https://purl.humanatlas.io/vocab/hp
HGNC:7171,biolink:has_phenotype,HP:0000126,biolink:EntityToDiseaseOrPhenotypicFeatureAssociation,knowledge_assertion,manual_agent,https://purl.humanatlas.io/vocab/hp
HGNC:7171,biolink:has_phenotype,HP:0000107,biolink:EntityToDiseaseOrPhenotypicFeatureAssociation,knowledge_assertion,manual_agent,https://purl.humanatlas.io/vocab/hp
HGNC:6229,biolink:has_phenotype,HP:0000126,biolink:EntityToDiseaseOrPhenotypicFeatureAssociation,knowledge_assertion,manual_agent,https://purl.humanatlas.io/vocab/hp
HGNC:6229,biolink:has_phenotype,HP:0000107,biolink:EntityToDiseaseOrPhenotypicFeatureAssociation,knowledge_assertion,manual_agent,https://purl.humanatlas.io/vocab/hp
HGNC:6144,biolink:has_phenotype,HP:0010958,biolink:EntityToDiseaseOrPhenotypicFeatureAssociation,knowledge_assertion,manual_agent,https://purl.humanatlas.io/vocab/hp
HGNC:6144,biolink:has_phenotype,HP:0000110,biolink:EntityToDiseaseOrPhenotypicFeatureAssociation,knowledge_assertion,manual_agent,https://purl.humanatlas.io/vocab/hp
HGNC:6144,biolink:has_phenotype,HP:0000104,biolink:EntityToDiseaseOrPhenotypicFeatureAssociation,knowledge_assertion,manual_agent,https://purl.humanatlas.io/vocab/hp
HGNC:5959,biolink:has_phenotype,HP:0100820,biolink:EntityToDiseaseOrPhenotypicFeatureAssociation,knowledge_assertion,manual_agent,https://purl.humanatlas.io/vocab/hp
HGNC:5959,biolink:has_phenotype,HP:0000083,biolink:EntityToDiseaseOrPhenotypicFeatureAssociation,knowledge_assertion,manual_agent,https://purl.humanatlas.io/vocab/hp
HGNC:5959,biolink:has_phenotype,HP:0000096,biolink:EntityToDiseaseOrPhenotypicFeatureAssociation,knowledge_assertion,manual_agent,https://purl.humanatlas.io/vocab/hp
HGNC:5959,biolink:has_phenotype,HP:0012211,biolink:EntityToDiseaseOrPhenotypicFeatureAssociation,knowledge_assertion,manual_agent,https://purl.humanatlas.io/vocab/hp
HGNC:2852,biolink:has_phenotype,HP:0003774,biolink:EntityToDiseaseOrPhenotypicFeatureAssociation,knowledge_assertion,manual_agent,https://purl.humanatlas.io/vocab/hp
HGNC:2852,biolink:has_phenotype,HP:0031266,biolink:EntityToDiseaseOrPhenotypicFeatureAssociation,knowledge_assertion,manual_agent,https://purl.humanatlas.io/vocab/hp
HGNC:2852,biolink:has_phenotype,HP:0000100,biolink:EntityToDiseaseOrPhenotypicFeatureAssociation,knowledge_assertion,manual_agent,https://purl.humanatlas.io/vocab/hp
HGNC:2852,biolink:has_phenotype,HP:0004722,biolink:EntityToDiseaseOrPhenotypicFeatureAssociation,knowledge_assertion,manual_agent,https://purl.humanatlas.io/vocab/hp
HGNC:2852,biolink:has_phenotype,HP:0005575,biolink:EntityToDiseaseOrPhenotypicFeatureAssociation,knowledge_assertion,manual_agent,https://purl.humanatlas.io/vocab/hp
HGNC:2852,biolink:has_phenotype,HP:0001919,biolink:EntityToDiseaseOrPhenotypicFeatureAssociation,knowledge_assertion,manual_agent,https://purl.humanatlas.io/vocab/hp
HGNC:2852,biolink:has_phenotype,HP:0000793,biolink:EntityToDiseaseOrPhenotypicFeatureAssociation,knowledge_assertion,manual_agent,https://purl.humanatlas.io/vocab/hp
HGNC:618,biolink:has_phenotype,HP:0003774,biolink:EntityToDiseaseOrPhenotypicFeatureAssociation,knowledge_assertion,manual_agent,https://purl.humanatlas.io/vocab/hp
HGNC:618,biolink:has_phenotype,HP:0003774,biolink:EntityToDiseaseOrPhenotypicFeatureAssociation,knowledge_assertion,manual_agent,https://purl.humanatlas.io/vocab/hp
HGNC:618,biolink:has_phenotype,HP:0000097,biolink:EntityToDiseaseOrPhenotypicFeatureAssociation,knowledge_assertion,manual_agent,https://purl.humanatlas.io/vocab/hp
HGNC:618,biolink:has_phenotype,HP:0000097,biolink:EntityToDiseaseOrPhenotypicFeatureAssociation,knowledge_assertion,manual_agent,https://purl.humanatlas.io/vocab/hp
HGNC:618,biolink:has_phenotype,HP:0012622,biolink:EntityToDiseaseOrPhenotypicFeatureAssociation,knowledge_assertion,manual_agent,https://purl.humanatlas.io/vocab/hp
HGNC:618,biolink:has_phenotype,HP:0001967,biolink:EntityToDiseaseOrPhenotypicFeatureAssociation,knowledge_assertion,manual_agent,https://purl.humanatlas.io/vocab/hp
HGNC:618,biolink:has_phenotype,HP:0012579,biolink:EntityToDiseaseOrPhenotypicFeatureAssociation,knowledge_assertion,manual_agent,https://purl.humanatlas.io/vocab/hp
HGNC:1497,biolink:has_phenotype,HP:0000110,biolink:EntityToDiseaseOrPhenotypicFeatureAssociation,knowledge_assertion,manual_agent,https://purl.humanatlas.io/vocab/hp
HGNC:15979,biolink:has_phenotype,HP:0008678,biolink:EntityToDiseaseOrPhenotypicFeatureAssociation,knowledge_assertion,manual_agent,https://purl.humanatlas.io/vocab/hp
HGNC:15979,biolink:has_phenotype,HP:0000081,biolink:EntityToDiseaseOrPhenotypicFeatureAssociation,knowledge_assertion,manual_agent,https://purl.humanatlas.io/vocab/hp
HGNC:15979,biolink:has_phenotype,HP:0000126,biolink:EntityToDiseaseOrPhenotypicFeatureAssociation,knowledge_assertion,manual_agent,https://purl.humanatlas.io/vocab/hp
HGNC:15979,biolink:has_phenotype,HP:0000126,biolink:EntityToDiseaseOrPhenotypicFeatureAssociation,knowledge_assertion,manual_agent,https://purl.humanatlas.io/vocab/hp
HGNC:15979,biolink:has_phenotype,HP:0000110,biolink:EntityToDiseaseOrPhenotypicFeatureAssociation,knowledge_assertion,manual_agent,https://purl.humanatlas.io/vocab/hp
HGNC:15979,biolink:has_phenotype,HP:0000104,biolink:EntityToDiseaseOrPhenotypicFeatureAssociation,knowledge_assertion,manual_agent,https://purl.humanatlas.io/vocab/hp
HGNC:13681,biolink:has_phenotype,HP:0000089,biolink:EntityToDiseaseOrPhenotypicFeatureAssociation,knowledge_assertion,manual_agent,https://purl.humanatlas.io/vocab/hp
HGNC:13681,biolink:has_phenotype,HP:0000089,biolink:EntityToDiseaseOrPhenotypicFeatureAssociation,knowledge_assertion,manual_agent,https://purl.humanatlas.io/vocab/hp
HGNC:19383,biolink:has_phenotype,HP:0000099,biolink:EntityToDiseaseOrPhenotypicFeatureAssociation,knowledge_assertion,manual_agent,https://purl.humanatlas.io/vocab/hp
HGNC:406,biolink:has_phenotype,HP:0000083,biolink:EntityToDiseaseOrPhenotypicFeatureAssociation,knowledge_assertion,manual_agent,https://purl.humanatlas.io/vocab/hp
HGNC:11030,biolink:has_phenotype,HP:0002049,biolink:EntityToDiseaseOrPhenotypicFeatureAssociation,knowledge_assertion,manual_agent,https://purl.humanatlas.io/vocab/hp
HGNC:11030,biolink:has_phenotype,HP:0004910,biolink:EntityToDiseaseOrPhenotypicFeatureAssociation,knowledge_assertion,manual_agent,https://purl.humanatlas.io/vocab/hp
HGNC:11030,biolink:has_phenotype,HP:4000010,biolink:EntityToDiseaseOrPhenotypicFeatureAssociation,knowledge_assertion,manual_agent,https://purl.humanatlas.io/vocab/hp
HGNC:11429,biolink:has_phenotype,HP:0012211,biolink:EntityToDiseaseOrPhenotypicFeatureAssociation,knowledge_assertion,manual_agent,https://purl.humanatlas.io/vocab/hp
HGNC:2907,biolink:has_phenotype,HP:0000126,biolink:EntityToDiseaseOrPhenotypicFeatureAssociation,knowledge_assertion,manual_agent,https://purl.humanatlas.io/vocab/hp
HGNC:8853,biolink:has_phenotype,HP:0000003,biolink:EntityToDiseaseOrPhenotypicFeatureAssociation,knowledge_assertion,manual_agent,https://purl.humanatlas.io/vocab/hp
HGNC:8853,biolink:has_phenotype,HP:0000126,biolink:EntityToDiseaseOrPhenotypicFeatureAssociation,knowledge_assertion,manual_agent,https://purl.humanatlas.io/vocab/hp
HGNC:11449,biolink:has_phenotype,HP:0004742,biolink:EntityToDiseaseOrPhenotypicFeatureAssociation,knowledge_assertion,manual_agent,https://purl.humanatlas.io/vocab/hp
HGNC:4877,biolink:has_phenotype,HP:0000104,biolink:EntityToDiseaseOrPhenotypicFeatureAssociation,knowledge_assertion,manual_agent,https://purl.humanatlas.io/vocab/hp
HGNC:3673,biolink:has_phenotype,HP:0000104,biolink:EntityToDiseaseOrPhenotypicFeatureAssociation,knowledge_assertion,manual_agent,https://purl.humanatlas.io/vocab/hp
HGNC:10817,biolink:has_phenotype,HP:0003774,biolink:EntityToDiseaseOrPhenotypicFeatureAssociation,knowledge_assertion,manual_agent,https://purl.humanatlas.io/vocab/hp
HGNC:10817,biolink:has_phenotype,HP:0000097,biolink:EntityToDiseaseOrPhenotypicFeatureAssociation,knowledge_assertion,manual_agent,https://purl.humanatlas.io/vocab/hp
HGNC:10817,biolink:has_phenotype,HP:0031266,biolink:EntityToDiseaseOrPhenotypicFeatureAssociation,knowledge_assertion,manual_agent,https://purl.humanatlas.io/vocab/hp
HGNC:10817,biolink:has_phenotype,HP:0000100,biolink:EntityToDiseaseOrPhenotypicFeatureAssociation,knowledge_assertion,manual_agent,https://purl.humanatlas.io/vocab/hp
HGNC:10817,biolink:has_phenotype,HP:0001967,biolink:EntityToDiseaseOrPhenotypicFeatureAssociation,knowledge_assertion,manual_agent,https://purl.humanatlas.io/vocab/hp
HGNC:10817,biolink:has_phenotype,HP:0012588,biolink:EntityToDiseaseOrPhenotypicFeatureAssociation,knowledge_assertion,manual_agent,https://purl.humanatlas.io/vocab/hp
HGNC:10817,biolink:has_phenotype,HP:0012574,biolink:EntityToDiseaseOrPhenotypicFeatureAssociation,knowledge_assertion,manual_agent,https://purl.humanatlas.io/vocab/hp
HGNC:13051,biolink:has_phenotype,HP:0000089,biolink:EntityToDiseaseOrPhenotypicFeatureAssociation,knowledge_assertion,manual_agent,https://purl.humanatlas.io/vocab/hp
HGNC:3814,biolink:has_phenotype,HP:0000104,biolink:EntityToDiseaseOrPhenotypicFeatureAssociation,knowledge_assertion,manual_agent,https://purl.humanatlas.io/vocab/hp
HGNC:6469,biolink:has_phenotype,HP:0000089,biolink:EntityToDiseaseOrPhenotypicFeatureAssociation,knowledge_assertion,manual_agent,https://purl.humanatlas.io/vocab/hp
HGNC:6469,biolink:has_phenotype,HP:0000122,biolink:EntityToDiseaseOrPhenotypicFeatureAssociation,knowledge_assertion,manual_agent,https://purl.humanatlas.io/vocab/hp
HGNC:6469,biolink:has_phenotype,HP:0012622,biolink:EntityToDiseaseOrPhenotypicFeatureAssociation,knowledge_assertion,manual_agent,https://purl.humanatlas.io/vocab/hp
HGNC:6469,biolink:has_phenotype,HP:0001947,biolink:EntityToDiseaseOrPhenotypicFeatureAssociation,knowledge_assertion,manual_agent,https://purl.humanatlas.io/vocab/hp
HGNC:8547,biolink:has_phenotype,HP:0000083,biolink:EntityToDiseaseOrPhenotypicFeatureAssociation,knowledge_assertion,manual_agent,https://purl.humanatlas.io/vocab/hp
HGNC:8547,biolink:has_phenotype,HP:0000790,biolink:EntityToDiseaseOrPhenotypicFeatureAssociation,knowledge_assertion,manual_agent,https://purl.humanatlas.io/vocab/hp
HGNC:961,biolink:has_phenotype,HP:0100817,biolink:EntityToDiseaseOrPhenotypicFeatureAssociation,knowledge_assertion,manual_agent,https://purl.humanatlas.io/vocab/hp
HGNC:961,biolink:has_phenotype,HP:0000089,biolink:EntityToDiseaseOrPhenotypicFeatureAssociation,knowledge_assertion,manual_agent,https://purl.humanatlas.io/vocab/hp
HGNC:961,biolink:has_phenotype,HP:0000083,biolink:EntityToDiseaseOrPhenotypicFeatureAssociation,knowledge_assertion,manual_agent,https://purl.humanatlas.io/vocab/hp
HGNC:961,biolink:has_phenotype,HP:0000075,biolink:EntityToDiseaseOrPhenotypicFeatureAssociation,knowledge_assertion,manual_agent,https://purl.humanatlas.io/vocab/hp
HGNC:961,biolink:has_phenotype,HP:0000121,biolink:EntityToDiseaseOrPhenotypicFeatureAssociation,knowledge_assertion,manual_agent,https://purl.humanatlas.io/vocab/hp
HGNC:961,biolink:has_phenotype,HP:0000125,biolink:EntityToDiseaseOrPhenotypicFeatureAssociation,knowledge_assertion,manual_agent,https://purl.humanatlas.io/vocab/hp
HGNC:961,biolink:has_phenotype,HP:0005562,biolink:EntityToDiseaseOrPhenotypicFeatureAssociation,knowledge_assertion,manual_agent,https://purl.humanatlas.io/vocab/hp
HGNC:961,biolink:has_phenotype,HP:0001969,biolink:EntityToDiseaseOrPhenotypicFeatureAssociation,knowledge_assertion,manual_agent,https://purl.humanatlas.io/vocab/hp
HGNC:961,biolink:has_phenotype,HP:0000787,biolink:EntityToDiseaseOrPhenotypicFeatureAssociation,knowledge_assertion,manual_agent,https://purl.humanatlas.io/vocab/hp
HGNC:358,biolink:has_phenotype,HP:0000787,biolink:EntityToDiseaseOrPhenotypicFeatureAssociation,knowledge_assertion,manual_agent,https://purl.humanatlas.io/vocab/hp
HGNC:15910,biolink:has_phenotype,HP:0000083,biolink:EntityToDiseaseOrPhenotypicFeatureAssociation,knowledge_assertion,manual_agent,https://purl.humanatlas.io/vocab/hp
HGNC:11065,biolink:has_phenotype,HP:0003774,biolink:EntityToDiseaseOrPhenotypicFeatureAssociation,knowledge_assertion,manual_agent,https://purl.humanatlas.io/vocab/hp
HGNC:11065,biolink:has_phenotype,HP:0000099,biolink:EntityToDiseaseOrPhenotypicFeatureAssociation,knowledge_assertion,manual_agent,https://purl.humanatlas.io/vocab/hp
HGNC:11065,biolink:has_phenotype,HP:0000091,biolink:EntityToDiseaseOrPhenotypicFeatureAssociation,knowledge_assertion,manual_agent,https://purl.humanatlas.io/vocab/hp
HGNC:11065,biolink:has_phenotype,HP:0000121,biolink:EntityToDiseaseOrPhenotypicFeatureAssociation,knowledge_assertion,manual_agent,https://purl.humanatlas.io/vocab/hp
HGNC:11065,biolink:has_phenotype,HP:0000124,biolink:EntityToDiseaseOrPhenotypicFeatureAssociation,knowledge_assertion,manual_agent,https://purl.humanatlas.io/vocab/hp
HGNC:11065,biolink:has_phenotype,HP:0001970,biolink:EntityToDiseaseOrPhenotypicFeatureAssociation,knowledge_assertion,manual_agent,https://purl.humanatlas.io/vocab/hp
HGNC:11065,biolink:has_phenotype,HP:0012622,biolink:EntityToDiseaseOrPhenotypicFeatureAssociation,knowledge_assertion,manual_agent,https://purl.humanatlas.io/vocab/hp
HGNC:11065,biolink:has_phenotype,HP:0001947,biolink:EntityToDiseaseOrPhenotypicFeatureAssociation,knowledge_assertion,manual_agent,https://purl.humanatlas.io/vocab/hp
HGNC:11065,biolink:has_phenotype,HP:0001917,biolink:EntityToDiseaseOrPhenotypicFeatureAssociation,knowledge_assertion,manual_agent,https://purl.humanatlas.io/vocab/hp
HGNC:11065,biolink:has_phenotype,HP:0000790,biolink:EntityToDiseaseOrPhenotypicFeatureAssociation,knowledge_assertion,manual_agent,https://purl.humanatlas.io/vocab/hp
HGNC:11065,biolink:has_phenotype,HP:0030760,biolink:EntityToDiseaseOrPhenotypicFeatureAssociation,knowledge_assertion,manual_agent,https://purl.humanatlas.io/vocab/hp
HGNC:11065,biolink:has_phenotype,HP:0012213,biolink:EntityToDiseaseOrPhenotypicFeatureAssociation,knowledge_assertion,manual_agent,https://purl.humanatlas.io/vocab/hp
HGNC:11065,biolink:has_phenotype,HP:0012578,biolink:EntityToDiseaseOrPhenotypicFeatureAssociation,knowledge_assertion,manual_agent,https://purl.humanatlas.io/vocab/hp
HGNC:2033,biolink:has_phenotype,HP:0000083,biolink:EntityToDiseaseOrPhenotypicFeatureAssociation,knowledge_assertion,manual_agent,https://purl.humanatlas.io/vocab/hp
HGNC:2033,biolink:has_phenotype,HP:0000103,biolink:EntityToDiseaseOrPhenotypicFeatureAssociation,knowledge_assertion,manual_agent,https://purl.humanatlas.io/vocab/hp
HGNC:2033,biolink:has_phenotype,HP:0000787,biolink:EntityToDiseaseOrPhenotypicFeatureAssociation,knowledge_assertion,manual_agent,https://purl.humanatlas.io/vocab/hp
HGNC:2041,biolink:has_phenotype,HP:0000787,biolink:EntityToDiseaseOrPhenotypicFeatureAssociation,knowledge_assertion,manual_agent,https://purl.humanatlas.io/vocab/hp
HGNC:14135,biolink:has_phenotype,HP:0000110,biolink:EntityToDiseaseOrPhenotypicFeatureAssociation,knowledge_assertion,manual_agent,https://purl.humanatlas.io/vocab/hp
HGNC:14135,biolink:has_phenotype,HP:0000803,biolink:EntityToDiseaseOrPhenotypicFeatureAssociation,knowledge_assertion,manual_agent,https://purl.humanatlas.io/vocab/hp
HGNC:11595,biolink:has_phenotype,HP:0000089,biolink:EntityToDiseaseOrPhenotypicFeatureAssociation,knowledge_assertion,manual_agent,https://purl.humanatlas.io/vocab/hp
HGNC:11595,biolink:has_phenotype,HP:0000083,biolink:EntityToDiseaseOrPhenotypicFeatureAssociation,knowledge_assertion,manual_agent,https://purl.humanatlas.io/vocab/hp
HGNC:11595,biolink:has_phenotype,HP:0000126,biolink:EntityToDiseaseOrPhenotypicFeatureAssociation,knowledge_assertion,manual_agent,https://purl.humanatlas.io/vocab/hp
HGNC:11595,biolink:has_phenotype,HP:0000110,biolink:EntityToDiseaseOrPhenotypicFeatureAssociation,knowledge_assertion,manual_agent,https://purl.humanatlas.io/vocab/hp
HGNC:11595,biolink:has_phenotype,HP:0004719,biolink:EntityToDiseaseOrPhenotypicFeatureAssociation,knowledge_assertion,manual_agent,https://purl.humanatlas.io/vocab/hp
HGNC:12631,biolink:has_phenotype,HP:0000787,biolink:EntityToDiseaseOrPhenotypicFeatureAssociation,knowledge_assertion,manual_agent,https://purl.humanatlas.io/vocab/hp
HGNC:15626,biolink:has_phenotype,HP:0000790,biolink:EntityToDiseaseOrPhenotypicFeatureAssociation,knowledge_assertion,manual_agent,https://purl.humanatlas.io/vocab/hp
HGNC:2468,biolink:has_phenotype,HP:0000083,biolink:EntityToDiseaseOrPhenotypicFeatureAssociation,knowledge_assertion,manual_agent,https://purl.humanatlas.io/vocab/hp
HGNC:2468,biolink:has_phenotype,HP:0000003,biolink:EntityToDiseaseOrPhenotypicFeatureAssociation,knowledge_assertion,manual_agent,https://purl.humanatlas.io/vocab/hp
HGNC:2468,biolink:has_phenotype,HP:0012210,biolink:EntityToDiseaseOrPhenotypicFeatureAssociation,knowledge_assertion,manual_agent,https://purl.humanatlas.io/vocab/hp
HGNC:3705,biolink:has_phenotype,HP:0002667,biolink:EntityToDiseaseOrPhenotypicFeatureAssociation,knowledge_assertion,manual_agent,https://purl.humanatlas.io/vocab/hp
HGNC:3705,biolink:has_phenotype,HP:0002667,biolink:EntityToDiseaseOrPhenotypicFeatureAssociation,knowledge_assertion,manual_agent,https://purl.humanatlas.io/vocab/hp
HGNC:3705,biolink:has_phenotype,HP:0000003,biolink:EntityToDiseaseOrPhenotypicFeatureAssociation,knowledge_assertion,manual_agent,https://purl.humanatlas.io/vocab/hp
HGNC:3705,biolink:has_phenotype,HP:0000110,biolink:EntityToDiseaseOrPhenotypicFeatureAssociation,knowledge_assertion,manual_agent,https://purl.humanatlas.io/vocab/hp
HGNC:3705,biolink:has_phenotype,HP:0000107,biolink:EntityToDiseaseOrPhenotypicFeatureAssociation,knowledge_assertion,manual_agent,https://purl.humanatlas.io/vocab/hp
HGNC:3705,biolink:has_phenotype,HP:0000105,biolink:EntityToDiseaseOrPhenotypicFeatureAssociation,knowledge_assertion,manual_agent,https://purl.humanatlas.io/vocab/hp
HGNC:3705,biolink:has_phenotype,HP:0004712,biolink:EntityToDiseaseOrPhenotypicFeatureAssociation,knowledge_assertion,manual_agent,https://purl.humanatlas.io/vocab/hp
HGNC:3705,biolink:has_phenotype,HP:0004712,biolink:EntityToDiseaseOrPhenotypicFeatureAssociation,knowledge_assertion,manual_agent,https://purl.humanatlas.io/vocab/hp
HGNC:1151,biolink:has_phenotype,HP:0002667,biolink:EntityToDiseaseOrPhenotypicFeatureAssociation,knowledge_assertion,manual_agent,https://purl.humanatlas.io/vocab/hp
HGNC:1151,biolink:has_phenotype,HP:0000003,biolink:EntityToDiseaseOrPhenotypicFeatureAssociation,knowledge_assertion,manual_agent,https://purl.humanatlas.io/vocab/hp
HGNC:13054,biolink:has_phenotype,HP:0010946,biolink:EntityToDiseaseOrPhenotypicFeatureAssociation,knowledge_assertion,manual_agent,https://purl.humanatlas.io/vocab/hp
HGNC:13054,biolink:has_phenotype,HP:0000086,biolink:EntityToDiseaseOrPhenotypicFeatureAssociation,knowledge_assertion,manual_agent,https://purl.humanatlas.io/vocab/hp
HGNC:13054,biolink:has_phenotype,HP:0000085,biolink:EntityToDiseaseOrPhenotypicFeatureAssociation,knowledge_assertion,manual_agent,https://purl.humanatlas.io/vocab/hp
HGNC:13054,biolink:has_phenotype,HP:0000107,biolink:EntityToDiseaseOrPhenotypicFeatureAssociation,knowledge_assertion,manual_agent,https://purl.humanatlas.io/vocab/hp
HGNC:13054,biolink:has_phenotype,HP:0012330,biolink:EntityToDiseaseOrPhenotypicFeatureAssociation,knowledge_assertion,manual_agent,https://purl.humanatlas.io/vocab/hp
HGNC:6511,biolink:has_phenotype,HP:0000110,biolink:EntityToDiseaseOrPhenotypicFeatureAssociation,knowledge_assertion,manual_agent,https://purl.humanatlas.io/vocab/hp
HGNC:2904,biolink:has_phenotype,HP:0000003,biolink:EntityToDiseaseOrPhenotypicFeatureAssociation,knowledge_assertion,manual_agent,https://purl.humanatlas.io/vocab/hp
HGNC:2904,biolink:has_phenotype,HP:0000126,biolink:EntityToDiseaseOrPhenotypicFeatureAssociation,knowledge_assertion,manual_agent,https://purl.humanatlas.io/vocab/hp
HGNC:2904,biolink:has_phenotype,HP:0033132,biolink:EntityToDiseaseOrPhenotypicFeatureAssociation,knowledge_assertion,manual_agent,https://purl.humanatlas.io/vocab/hp
HGNC:4198,biolink:has_phenotype,HP:0000083,biolink:EntityToDiseaseOrPhenotypicFeatureAssociation,knowledge_assertion,manual_agent,https://purl.humanatlas.io/vocab/hp
HGNC:4198,biolink:has_phenotype,HP:0000121,biolink:EntityToDiseaseOrPhenotypicFeatureAssociation,knowledge_assertion,manual_agent,https://purl.humanatlas.io/vocab/hp
HGNC:4198,biolink:has_phenotype,HP:0000787,biolink:EntityToDiseaseOrPhenotypicFeatureAssociation,knowledge_assertion,manual_agent,https://purl.humanatlas.io/vocab/hp
HGNC:2232,biolink:has_phenotype,HP:0000122,biolink:EntityToDiseaseOrPhenotypicFeatureAssociation,knowledge_assertion,manual_agent,https://purl.humanatlas.io/vocab/hp
HGNC:12307,biolink:has_phenotype,HP:0000086,biolink:EntityToDiseaseOrPhenotypicFeatureAssociation,knowledge_assertion,manual_agent,https://purl.humanatlas.io/vocab/hp
HGNC:12307,biolink:has_phenotype,HP:0000085,biolink:EntityToDiseaseOrPhenotypicFeatureAssociation,knowledge_assertion,manual_agent,https://purl.humanatlas.io/vocab/hp
HGNC:12307,biolink:has_phenotype,HP:0000085,biolink:EntityToDiseaseOrPhenotypicFeatureAssociation,knowledge_assertion,manual_agent,https://purl.humanatlas.io/vocab/hp
HGNC:12307,biolink:has_phenotype,HP:0002667,biolink:EntityToDiseaseOrPhenotypicFeatureAssociation,knowledge_assertion,manual_agent,https://purl.humanatlas.io/vocab/hp
HGNC:12307,biolink:has_phenotype,HP:0002667,biolink:EntityToDiseaseOrPhenotypicFeatureAssociation,knowledge_assertion,manual_agent,https://purl.humanatlas.io/vocab/hp
HGNC:12307,biolink:has_phenotype,HP:0002667,biolink:EntityToDiseaseOrPhenotypicFeatureAssociation,knowledge_assertion,manual_agent,https://purl.humanatlas.io/vocab/hp
HGNC:12307,biolink:has_phenotype,HP:0000003,biolink:EntityToDiseaseOrPhenotypicFeatureAssociation,knowledge_assertion,manual_agent,https://purl.humanatlas.io/vocab/hp
HGNC:12307,biolink:has_phenotype,HP:0005580,biolink:EntityToDiseaseOrPhenotypicFeatureAssociation,knowledge_assertion,manual_agent,https://purl.humanatlas.io/vocab/hp
HGNC:12307,biolink:has_phenotype,HP:0002907,biolink:EntityToDiseaseOrPhenotypicFeatureAssociation,knowledge_assertion,manual_agent,https://purl.humanatlas.io/vocab/hp
HGNC:12307,biolink:has_phenotype,HP:0012587,biolink:EntityToDiseaseOrPhenotypicFeatureAssociation,knowledge_assertion,manual_agent,https://purl.humanatlas.io/vocab/hp
HGNC:12305,biolink:has_phenotype,HP:0000090,biolink:EntityToDiseaseOrPhenotypicFeatureAssociation,knowledge_assertion,manual_agent,https://purl.humanatlas.io/vocab/hp
HGNC:12305,biolink:has_phenotype,HP:0000113,biolink:EntityToDiseaseOrPhenotypicFeatureAssociation,knowledge_assertion,manual_agent,https://purl.humanatlas.io/vocab/hp
HGNC:11133,biolink:has_phenotype,HP:0000100,biolink:EntityToDiseaseOrPhenotypicFeatureAssociation,knowledge_assertion,manual_agent,https://purl.humanatlas.io/vocab/hp
HGNC:9479,biolink:has_phenotype,HP:0025361,biolink:EntityToDiseaseOrPhenotypicFeatureAssociation,knowledge_assertion,manual_agent,https://purl.humanatlas.io/vocab/hp
HGNC:6344,biolink:has_phenotype,HP:0000103,biolink:EntityToDiseaseOrPhenotypicFeatureAssociation,knowledge_assertion,manual_agent,https://purl.humanatlas.io/vocab/hp
HGNC:6344,biolink:has_phenotype,HP:0000787,biolink:EntityToDiseaseOrPhenotypicFeatureAssociation,knowledge_assertion,manual_agent,https://purl.humanatlas.io/vocab/hp
HGNC:11075,biolink:has_phenotype,HP:0000787,biolink:EntityToDiseaseOrPhenotypicFeatureAssociation,knowledge_assertion,manual_agent,https://purl.humanatlas.io/vocab/hp
HGNC:4570,biolink:has_phenotype,HP:0008672,biolink:EntityToDiseaseOrPhenotypicFeatureAssociation,knowledge_assertion,manual_agent,https://purl.humanatlas.io/vocab/hp
HGNC:4570,biolink:has_phenotype,HP:0000083,biolink:EntityToDiseaseOrPhenotypicFeatureAssociation,knowledge_assertion,manual_agent,https://purl.humanatlas.io/vocab/hp
HGNC:4570,biolink:has_phenotype,HP:0000083,biolink:EntityToDiseaseOrPhenotypicFeatureAssociation,knowledge_assertion,manual_agent,https://purl.humanatlas.io/vocab/hp
HGNC:4570,biolink:has_phenotype,HP:0000121,biolink:EntityToDiseaseOrPhenotypicFeatureAssociation,knowledge_assertion,manual_agent,https://purl.humanatlas.io/vocab/hp
HGNC:4570,biolink:has_phenotype,HP:0000121,biolink:EntityToDiseaseOrPhenotypicFeatureAssociation,knowledge_assertion,manual_agent,https://purl.humanatlas.io/vocab/hp
HGNC:4570,biolink:has_phenotype,HP:0000790,biolink:EntityToDiseaseOrPhenotypicFeatureAssociation,knowledge_assertion,manual_agent,https://purl.humanatlas.io/vocab/hp
HGNC:4570,biolink:has_phenotype,HP:0000787,biolink:EntityToDiseaseOrPhenotypicFeatureAssociation,knowledge_assertion,manual_agent,https://purl.humanatlas.io/vocab/hp
HGNC:6545,biolink:has_phenotype,HP:0000083,biolink:EntityToDiseaseOrPhenotypicFeatureAssociation,knowledge_assertion,manual_agent,https://purl.humanatlas.io/vocab/hp
HGNC:6545,biolink:has_phenotype,HP:0000126,biolink:EntityToDiseaseOrPhenotypicFeatureAssociation,knowledge_assertion,manual_agent,https://purl.humanatlas.io/vocab/hp
HGNC:6545,biolink:has_phenotype,HP:0005575,biolink:EntityToDiseaseOrPhenotypicFeatureAssociation,knowledge_assertion,manual_agent,https://purl.humanatlas.io/vocab/hp
HGNC:5201,biolink:has_phenotype,HP:0000104,biolink:EntityToDiseaseOrPhenotypicFeatureAssociation,knowledge_assertion,manual_agent,https://purl.humanatlas.io/vocab/hp
HGNC:9949,biolink:has_phenotype,HP:0000126,biolink:EntityToDiseaseOrPhenotypicFeatureAssociation,knowledge_assertion,manual_agent,https://purl.humanatlas.io/vocab/hp
HGNC:9949,biolink:has_phenotype,HP:0100542,biolink:EntityToDiseaseOrPhenotypicFeatureAssociation,knowledge_assertion,manual_agent,https://purl.humanatlas.io/vocab/hp
HGNC:8857,biolink:has_phenotype,HP:0000003,biolink:EntityToDiseaseOrPhenotypicFeatureAssociation,knowledge_assertion,manual_agent,https://purl.humanatlas.io/vocab/hp
HGNC:8857,biolink:has_phenotype,HP:0000126,biolink:EntityToDiseaseOrPhenotypicFeatureAssociation,knowledge_assertion,manual_agent,https://purl.humanatlas.io/vocab/hp
HGNC:3255,biolink:has_phenotype,HP:0000083,biolink:EntityToDiseaseOrPhenotypicFeatureAssociation,knowledge_assertion,manual_agent,https://purl.humanatlas.io/vocab/hp
HGNC:3255,biolink:has_phenotype,HP:0000083,biolink:EntityToDiseaseOrPhenotypicFeatureAssociation,knowledge_assertion,manual_agent,https://purl.humanatlas.io/vocab/hp
HGNC:3255,biolink:has_phenotype,HP:0012622,biolink:EntityToDiseaseOrPhenotypicFeatureAssociation,knowledge_assertion,manual_agent,https://purl.humanatlas.io/vocab/hp
HGNC:8966,biolink:has_phenotype,HP:0000081,biolink:EntityToDiseaseOrPhenotypicFeatureAssociation,knowledge_assertion,manual_agent,https://purl.humanatlas.io/vocab/hp
HGNC:8966,biolink:has_phenotype,HP:0000126,biolink:EntityToDiseaseOrPhenotypicFeatureAssociation,knowledge_assertion,manual_agent,https://purl.humanatlas.io/vocab/hp
HGNC:8966,biolink:has_phenotype,HP:0000126,biolink:EntityToDiseaseOrPhenotypicFeatureAssociation,knowledge_assertion,manual_agent,https://purl.humanatlas.io/vocab/hp
HGNC:8966,biolink:has_phenotype,HP:0000126,biolink:EntityToDiseaseOrPhenotypicFeatureAssociation,knowledge_assertion,manual_agent,https://purl.humanatlas.io/vocab/hp
HGNC:11603,biolink:has_phenotype,HP:0000003,biolink:EntityToDiseaseOrPhenotypicFeatureAssociation,knowledge_assertion,manual_agent,https://purl.humanatlas.io/vocab/hp
HGNC:219,biolink:has_phenotype,HP:0000086,biolink:EntityToDiseaseOrPhenotypicFeatureAssociation,knowledge_assertion,manual_agent,https://purl.humanatlas.io/vocab/hp
HGNC:219,biolink:has_phenotype,HP:0000085,biolink:EntityToDiseaseOrPhenotypicFeatureAssociation,knowledge_assertion,manual_agent,https://purl.humanatlas.io/vocab/hp
HGNC:7207,biolink:has_phenotype,HP:0000803,biolink:EntityToDiseaseOrPhenotypicFeatureAssociation,knowledge_assertion,manual_agent,https://purl.humanatlas.io/vocab/hp
HGNC:7207,biolink:has_phenotype,HP:0000803,biolink:EntityToDiseaseOrPhenotypicFeatureAssociation,knowledge_assertion,manual_agent,https://purl.humanatlas.io/vocab/hp
HGNC:7102,biolink:has_phenotype,HP:0006766,biolink:EntityToDiseaseOrPhenotypicFeatureAssociation,knowledge_assertion,manual_agent,https://purl.humanatlas.io/vocab/hp
HGNC:4661,biolink:has_phenotype,HP:0100817,biolink:EntityToDiseaseOrPhenotypicFeatureAssociation,knowledge_assertion,manual_agent,https://purl.humanatlas.io/vocab/hp
HGNC:4661,biolink:has_phenotype,HP:0000089,biolink:EntityToDiseaseOrPhenotypicFeatureAssociation,knowledge_assertion,manual_agent,https://purl.humanatlas.io/vocab/hp
HGNC:4661,biolink:has_phenotype,HP:0000083,biolink:EntityToDiseaseOrPhenotypicFeatureAssociation,knowledge_assertion,manual_agent,https://purl.humanatlas.io/vocab/hp
HGNC:4661,biolink:has_phenotype,HP:0000075,biolink:EntityToDiseaseOrPhenotypicFeatureAssociation,knowledge_assertion,manual_agent,https://purl.humanatlas.io/vocab/hp
HGNC:4661,biolink:has_phenotype,HP:0000121,biolink:EntityToDiseaseOrPhenotypicFeatureAssociation,knowledge_assertion,manual_agent,https://purl.humanatlas.io/vocab/hp
HGNC:4661,biolink:has_phenotype,HP:0000125,biolink:EntityToDiseaseOrPhenotypicFeatureAssociation,knowledge_assertion,manual_agent,https://purl.humanatlas.io/vocab/hp
HGNC:4661,biolink:has_phenotype,HP:0005562,biolink:EntityToDiseaseOrPhenotypicFeatureAssociation,knowledge_assertion,manual_agent,https://purl.humanatlas.io/vocab/hp
HGNC:4661,biolink:has_phenotype,HP:0001969,biolink:EntityToDiseaseOrPhenotypicFeatureAssociation,knowledge_assertion,manual_agent,https://purl.humanatlas.io/vocab/hp
HGNC:4661,biolink:has_phenotype,HP:0000787,biolink:EntityToDiseaseOrPhenotypicFeatureAssociation,knowledge_assertion,manual_agent,https://purl.humanatlas.io/vocab/hp
HGNC:4218,biolink:has_phenotype,HP:0008678,biolink:EntityToDiseaseOrPhenotypicFeatureAssociation,knowledge_assertion,manual_agent,https://purl.humanatlas.io/vocab/hp
HGNC:4218,biolink:has_phenotype,HP:0000086,biolink:EntityToDiseaseOrPhenotypicFeatureAssociation,knowledge_assertion,manual_agent,https://purl.humanatlas.io/vocab/hp
HGNC:1738,biolink:has_phenotype,HP:0010945,biolink:EntityToDiseaseOrPhenotypicFeatureAssociation,knowledge_assertion,manual_agent,https://purl.humanatlas.io/vocab/hp
HGNC:1738,biolink:has_phenotype,HP:0004736,biolink:EntityToDiseaseOrPhenotypicFeatureAssociation,knowledge_assertion,manual_agent,https://purl.humanatlas.io/vocab/hp
HGNC:30228,biolink:has_phenotype,HP:0000787,biolink:EntityToDiseaseOrPhenotypicFeatureAssociation,knowledge_assertion,manual_agent,https://purl.humanatlas.io/vocab/hp
HGNC:30228,biolink:has_phenotype,HP:0000787,biolink:EntityToDiseaseOrPhenotypicFeatureAssociation,knowledge_assertion,manual_agent,https://purl.humanatlas.io/vocab/hp
HGNC:10705,biolink:has_phenotype,HP:0000089,biolink:EntityToDiseaseOrPhenotypicFeatureAssociation,knowledge_assertion,manual_agent,https://purl.humanatlas.io/vocab/hp
HGNC:10705,biolink:has_phenotype,HP:0000113,biolink:EntityToDiseaseOrPhenotypicFeatureAssociation,knowledge_assertion,manual_agent,https://purl.humanatlas.io/vocab/hp
HGNC:10705,biolink:has_phenotype,HP:0005562,biolink:EntityToDiseaseOrPhenotypicFeatureAssociation,knowledge_assertion,manual_agent,https://purl.humanatlas.io/vocab/hp
HGNC:28986,biolink:has_phenotype,HP:0000083,biolink:EntityToDiseaseOrPhenotypicFeatureAssociation,knowledge_assertion,manual_agent,https://purl.humanatlas.io/vocab/hp
HGNC:28986,biolink:has_phenotype,HP:0000100,biolink:EntityToDiseaseOrPhenotypicFeatureAssociation,knowledge_assertion,manual_agent,https://purl.humanatlas.io/vocab/hp
HGNC:16850,biolink:has_phenotype,HP:0000086,biolink:EntityToDiseaseOrPhenotypicFeatureAssociation,knowledge_assertion,manual_agent,https://purl.humanatlas.io/vocab/hp
HGNC:16850,biolink:has_phenotype,HP:0000085,biolink:EntityToDiseaseOrPhenotypicFeatureAssociation,knowledge_assertion,manual_agent,https://purl.humanatlas.io/vocab/hp
HGNC:16850,biolink:has_phenotype,HP:0002667,biolink:EntityToDiseaseOrPhenotypicFeatureAssociation,knowledge_assertion,manual_agent,https://purl.humanatlas.io/vocab/hp
HGNC:16850,biolink:has_phenotype,HP:0005580,biolink:EntityToDiseaseOrPhenotypicFeatureAssociation,knowledge_assertion,manual_agent,https://purl.humanatlas.io/vocab/hp
HGNC:16850,biolink:has_phenotype,HP:0002907,biolink:EntityToDiseaseOrPhenotypicFeatureAssociation,knowledge_assertion,manual_agent,https://purl.humanatlas.io/vocab/hp
HGNC:16850,biolink:has_phenotype,HP:0012587,biolink:EntityToDiseaseOrPhenotypicFeatureAssociation,knowledge_assertion,manual_agent,https://purl.humanatlas.io/vocab/hp
HGNC:23639,biolink:has_phenotype,HP:0000089,biolink:EntityToDiseaseOrPhenotypicFeatureAssociation,knowledge_assertion,manual_agent,https://purl.humanatlas.io/vocab/hp
HGNC:23639,biolink:has_phenotype,HP:0000113,biolink:EntityToDiseaseOrPhenotypicFeatureAssociation,knowledge_assertion,manual_agent,https://purl.humanatlas.io/vocab/hp
HGNC:23639,biolink:has_phenotype,HP:0004734,biolink:EntityToDiseaseOrPhenotypicFeatureAssociation,knowledge_assertion,manual_agent,https://purl.humanatlas.io/vocab/hp
HGNC:5193,biolink:has_phenotype,HP:0010958,biolink:EntityToDiseaseOrPhenotypicFeatureAssociation,knowledge_assertion,manual_agent,https://purl.humanatlas.io/vocab/hp
HGNC:5193,biolink:has_phenotype,HP:0000122,biolink:EntityToDiseaseOrPhenotypicFeatureAssociation,knowledge_assertion,manual_agent,https://purl.humanatlas.io/vocab/hp
HGNC:28949,biolink:has_phenotype,HP:0003774,biolink:EntityToDiseaseOrPhenotypicFeatureAssociation,knowledge_assertion,manual_agent,https://purl.humanatlas.io/vocab/hp
HGNC:28949,biolink:has_phenotype,HP:0003774,biolink:EntityToDiseaseOrPhenotypicFeatureAssociation,knowledge_assertion,manual_agent,https://purl.humanatlas.io/vocab/hp
HGNC:28949,biolink:has_phenotype,HP:0000090,biolink:EntityToDiseaseOrPhenotypicFeatureAssociation,knowledge_assertion,manual_agent,https://purl.humanatlas.io/vocab/hp
HGNC:28949,biolink:has_phenotype,HP:0000090,biolink:EntityToDiseaseOrPhenotypicFeatureAssociation,knowledge_assertion,manual_agent,https://purl.humanatlas.io/vocab/hp
HGNC:28949,biolink:has_phenotype,HP:0012622,biolink:EntityToDiseaseOrPhenotypicFeatureAssociation,knowledge_assertion,manual_agent,https://purl.humanatlas.io/vocab/hp
HGNC:29086,biolink:has_phenotype,HP:0000122,biolink:EntityToDiseaseOrPhenotypicFeatureAssociation,knowledge_assertion,manual_agent,https://purl.humanatlas.io/vocab/hp
HGNC:14450,biolink:has_phenotype,HP:0100820,biolink:EntityToDiseaseOrPhenotypicFeatureAssociation,knowledge_assertion,manual_agent,https://purl.humanatlas.io/vocab/hp
HGNC:14450,biolink:has_phenotype,HP:0002907,biolink:EntityToDiseaseOrPhenotypicFeatureAssociation,knowledge_assertion,manual_agent,https://purl.humanatlas.io/vocab/hp
HGNC:18423,biolink:has_phenotype,HP:0000787,biolink:EntityToDiseaseOrPhenotypicFeatureAssociation,knowledge_assertion,manual_agent,https://purl.humanatlas.io/vocab/hp
HGNC:28958,biolink:has_phenotype,HP:0003774,biolink:EntityToDiseaseOrPhenotypicFeatureAssociation,knowledge_assertion,manual_agent,https://purl.humanatlas.io/vocab/hp
HGNC:28958,biolink:has_phenotype,HP:0003774,biolink:EntityToDiseaseOrPhenotypicFeatureAssociation,knowledge_assertion,manual_agent,https://purl.humanatlas.io/vocab/hp
HGNC:28958,biolink:has_phenotype,HP:0000097,biolink:EntityToDiseaseOrPhenotypicFeatureAssociation,knowledge_assertion,manual_agent,https://purl.humanatlas.io/vocab/hp
HGNC:28958,biolink:has_phenotype,HP:0000097,biolink:EntityToDiseaseOrPhenotypicFeatureAssociation,knowledge_assertion,manual_agent,https://purl.humanatlas.io/vocab/hp
HGNC:28958,biolink:has_phenotype,HP:0012622,biolink:EntityToDiseaseOrPhenotypicFeatureAssociation,knowledge_assertion,manual_agent,https://purl.humanatlas.io/vocab/hp
HGNC:28958,biolink:has_phenotype,HP:0001967,biolink:EntityToDiseaseOrPhenotypicFeatureAssociation,knowledge_assertion,manual_agent,https://purl.humanatlas.io/vocab/hp
HGNC:28958,biolink:has_phenotype,HP:0001967,biolink:EntityToDiseaseOrPhenotypicFeatureAssociation,knowledge_assertion,manual_agent,https://purl.humanatlas.io/vocab/hp
HGNC:28958,biolink:has_phenotype,HP:0000790,biolink:EntityToDiseaseOrPhenotypicFeatureAssociation,knowledge_assertion,manual_agent,https://purl.humanatlas.io/vocab/hp
HGNC:28958,biolink:has_phenotype,HP:0012588,biolink:EntityToDiseaseOrPhenotypicFeatureAssociation,knowledge_assertion,manual_agent,https://purl.humanatlas.io/vocab/hp
HGNC:28958,biolink:has_phenotype,HP:0012579,biolink:EntityToDiseaseOrPhenotypicFeatureAssociation,knowledge_assertion,manual_agent,https://purl.humanatlas.io/vocab/hp
HGNC:30794,biolink:has_phenotype,HP:0002667,biolink:EntityToDiseaseOrPhenotypicFeatureAssociation,knowledge_assertion,manual_agent,https://purl.humanatlas.io/vocab/hp
HGNC:30794,biolink:has_phenotype,HP:0000003,biolink:EntityToDiseaseOrPhenotypicFeatureAssociation,knowledge_assertion,manual_agent,https://purl.humanatlas.io/vocab/hp
HGNC:16859,biolink:has_phenotype,HP:0003774,biolink:EntityToDiseaseOrPhenotypicFeatureAssociation,knowledge_assertion,manual_agent,https://purl.humanatlas.io/vocab/hp
HGNC:16859,biolink:has_phenotype,HP:0000096,biolink:EntityToDiseaseOrPhenotypicFeatureAssociation,knowledge_assertion,manual_agent,https://purl.humanatlas.io/vocab/hp
HGNC:16859,biolink:has_phenotype,HP:0031266,biolink:EntityToDiseaseOrPhenotypicFeatureAssociation,knowledge_assertion,manual_agent,https://purl.humanatlas.io/vocab/hp
HGNC:16859,biolink:has_phenotype,HP:0000100,biolink:EntityToDiseaseOrPhenotypicFeatureAssociation,knowledge_assertion,manual_agent,https://purl.humanatlas.io/vocab/hp
HGNC:16859,biolink:has_phenotype,HP:0004722,biolink:EntityToDiseaseOrPhenotypicFeatureAssociation,knowledge_assertion,manual_agent,https://purl.humanatlas.io/vocab/hp
HGNC:16859,biolink:has_phenotype,HP:0002907,biolink:EntityToDiseaseOrPhenotypicFeatureAssociation,knowledge_assertion,manual_agent,https://purl.humanatlas.io/vocab/hp
HGNC:10727,biolink:has_phenotype,HP:0000085,biolink:EntityToDiseaseOrPhenotypicFeatureAssociation,knowledge_assertion,manual_agent,https://purl.humanatlas.io/vocab/hp
HGNC:10727,biolink:has_phenotype,HP:0000126,biolink:EntityToDiseaseOrPhenotypicFeatureAssociation,knowledge_assertion,manual_agent,https://purl.humanatlas.io/vocab/hp
HGNC:29077,biolink:has_phenotype,HP:0003774,biolink:EntityToDiseaseOrPhenotypicFeatureAssociation,knowledge_assertion,manual_agent,https://purl.humanatlas.io/vocab/hp
HGNC:29077,biolink:has_phenotype,HP:0003774,biolink:EntityToDiseaseOrPhenotypicFeatureAssociation,knowledge_assertion,manual_agent,https://purl.humanatlas.io/vocab/hp
HGNC:29077,biolink:has_phenotype,HP:0008672,biolink:EntityToDiseaseOrPhenotypicFeatureAssociation,knowledge_assertion,manual_agent,https://purl.humanatlas.io/vocab/hp
HGNC:29077,biolink:has_phenotype,HP:0000083,biolink:EntityToDiseaseOrPhenotypicFeatureAssociation,knowledge_assertion,manual_agent,https://purl.humanatlas.io/vocab/hp
HGNC:29077,biolink:has_phenotype,HP:0000083,biolink:EntityToDiseaseOrPhenotypicFeatureAssociation,knowledge_assertion,manual_agent,https://purl.humanatlas.io/vocab/hp
HGNC:29077,biolink:has_phenotype,HP:0000090,biolink:EntityToDiseaseOrPhenotypicFeatureAssociation,knowledge_assertion,manual_agent,https://purl.humanatlas.io/vocab/hp
HGNC:29077,biolink:has_phenotype,HP:0000090,biolink:EntityToDiseaseOrPhenotypicFeatureAssociation,knowledge_assertion,manual_agent,https://purl.humanatlas.io/vocab/hp
HGNC:29077,biolink:has_phenotype,HP:0000110,biolink:EntityToDiseaseOrPhenotypicFeatureAssociation,knowledge_assertion,manual_agent,https://purl.humanatlas.io/vocab/hp
HGNC:29077,biolink:has_phenotype,HP:0000112,biolink:EntityToDiseaseOrPhenotypicFeatureAssociation,knowledge_assertion,manual_agent,https://purl.humanatlas.io/vocab/hp
HGNC:29077,biolink:has_phenotype,HP:0000107,biolink:EntityToDiseaseOrPhenotypicFeatureAssociation,knowledge_assertion,manual_agent,https://purl.humanatlas.io/vocab/hp
HGNC:29077,biolink:has_phenotype,HP:0000107,biolink:EntityToDiseaseOrPhenotypicFeatureAssociation,knowledge_assertion,manual_agent,https://purl.humanatlas.io/vocab/hp
HGNC:29077,biolink:has_phenotype,HP:0000105,biolink:EntityToDiseaseOrPhenotypicFeatureAssociation,knowledge_assertion,manual_agent,https://purl.humanatlas.io/vocab/hp
HGNC:29077,biolink:has_phenotype,HP:0005565,biolink:EntityToDiseaseOrPhenotypicFeatureAssociation,knowledge_assertion,manual_agent,https://purl.humanatlas.io/vocab/hp
HGNC:29077,biolink:has_phenotype,HP:0012622,biolink:EntityToDiseaseOrPhenotypicFeatureAssociation,knowledge_assertion,manual_agent,https://purl.humanatlas.io/vocab/hp
HGNC:29077,biolink:has_phenotype,HP:0001919,biolink:EntityToDiseaseOrPhenotypicFeatureAssociation,knowledge_assertion,manual_agent,https://purl.humanatlas.io/vocab/hp
HGNC:29077,biolink:has_phenotype,HP:0000791,biolink:EntityToDiseaseOrPhenotypicFeatureAssociation,knowledge_assertion,manual_agent,https://purl.humanatlas.io/vocab/hp
HGNC:29077,biolink:has_phenotype,HP:0000790,biolink:EntityToDiseaseOrPhenotypicFeatureAssociation,knowledge_assertion,manual_agent,https://purl.humanatlas.io/vocab/hp
HGNC:29077,biolink:has_phenotype,HP:0012213,biolink:EntityToDiseaseOrPhenotypicFeatureAssociation,knowledge_assertion,manual_agent,https://purl.humanatlas.io/vocab/hp
HGNC:29077,biolink:has_phenotype,HP:0012330,biolink:EntityToDiseaseOrPhenotypicFeatureAssociation,knowledge_assertion,manual_agent,https://purl.humanatlas.io/vocab/hp
HGNC:14063,biolink:has_phenotype,HP:0002667,biolink:EntityToDiseaseOrPhenotypicFeatureAssociation,knowledge_assertion,manual_agent,https://purl.humanatlas.io/vocab/hp
HGNC:14063,biolink:has_phenotype,HP:0000003,biolink:EntityToDiseaseOrPhenotypicFeatureAssociation,knowledge_assertion,manual_agent,https://purl.humanatlas.io/vocab/hp
HGNC:14063,biolink:has_phenotype,HP:0000126,biolink:EntityToDiseaseOrPhenotypicFeatureAssociation,knowledge_assertion,manual_agent,https://purl.humanatlas.io/vocab/hp
HGNC:19960,biolink:has_phenotype,HP:0000083,biolink:EntityToDiseaseOrPhenotypicFeatureAssociation,knowledge_assertion,manual_agent,https://purl.humanatlas.io/vocab/hp
HGNC:19960,biolink:has_phenotype,HP:0000113,biolink:EntityToDiseaseOrPhenotypicFeatureAssociation,knowledge_assertion,manual_agent,https://purl.humanatlas.io/vocab/hp
HGNC:19960,biolink:has_phenotype,HP:0000110,biolink:EntityToDiseaseOrPhenotypicFeatureAssociation,knowledge_assertion,manual_agent,https://purl.humanatlas.io/vocab/hp
HGNC:19960,biolink:has_phenotype,HP:0004719,biolink:EntityToDiseaseOrPhenotypicFeatureAssociation,knowledge_assertion,manual_agent,https://purl.humanatlas.io/vocab/hp
HGNC:19960,biolink:has_phenotype,HP:0000803,biolink:EntityToDiseaseOrPhenotypicFeatureAssociation,knowledge_assertion,manual_agent,https://purl.humanatlas.io/vocab/hp
HGNC:23177,biolink:has_phenotype,HP:0005584,biolink:EntityToDiseaseOrPhenotypicFeatureAssociation,knowledge_assertion,manual_agent,https://purl.humanatlas.io/vocab/hp
HGNC:14881,biolink:has_phenotype,HP:0000075,biolink:EntityToDiseaseOrPhenotypicFeatureAssociation,knowledge_assertion,manual_agent,https://purl.humanatlas.io/vocab/hp
HGNC:14881,biolink:has_phenotype,HP:0000075,biolink:EntityToDiseaseOrPhenotypicFeatureAssociation,knowledge_assertion,manual_agent,https://purl.humanatlas.io/vocab/hp
HGNC:14881,biolink:has_phenotype,HP:0000003,biolink:EntityToDiseaseOrPhenotypicFeatureAssociation,knowledge_assertion,manual_agent,https://purl.humanatlas.io/vocab/hp
HGNC:14881,biolink:has_phenotype,HP:0000003,biolink:EntityToDiseaseOrPhenotypicFeatureAssociation,knowledge_assertion,manual_agent,https://purl.humanatlas.io/vocab/hp
HGNC:14881,biolink:has_phenotype,HP:0000125,biolink:EntityToDiseaseOrPhenotypicFeatureAssociation,knowledge_assertion,manual_agent,https://purl.humanatlas.io/vocab/hp
HGNC:14881,biolink:has_phenotype,HP:0000125,biolink:EntityToDiseaseOrPhenotypicFeatureAssociation,knowledge_assertion,manual_agent,https://purl.humanatlas.io/vocab/hp
HGNC:14881,biolink:has_phenotype,HP:0000126,biolink:EntityToDiseaseOrPhenotypicFeatureAssociation,knowledge_assertion,manual_agent,https://purl.humanatlas.io/vocab/hp
HGNC:14881,biolink:has_phenotype,HP:0000126,biolink:EntityToDiseaseOrPhenotypicFeatureAssociation,knowledge_assertion,manual_agent,https://purl.humanatlas.io/vocab/hp
HGNC:14881,biolink:has_phenotype,HP:0005580,biolink:EntityToDiseaseOrPhenotypicFeatureAssociation,knowledge_assertion,manual_agent,https://purl.humanatlas.io/vocab/hp
HGNC:29110,biolink:has_phenotype,HP:0008678,biolink:EntityToDiseaseOrPhenotypicFeatureAssociation,knowledge_assertion,manual_agent,https://purl.humanatlas.io/vocab/hp
HGNC:29110,biolink:has_phenotype,HP:0000083,biolink:EntityToDiseaseOrPhenotypicFeatureAssociation,knowledge_assertion,manual_agent,https://purl.humanatlas.io/vocab/hp
HGNC:29110,biolink:has_phenotype,HP:0000090,biolink:EntityToDiseaseOrPhenotypicFeatureAssociation,knowledge_assertion,manual_agent,https://purl.humanatlas.io/vocab/hp
HGNC:29110,biolink:has_phenotype,HP:0000126,biolink:EntityToDiseaseOrPhenotypicFeatureAssociation,knowledge_assertion,manual_agent,https://purl.humanatlas.io/vocab/hp
HGNC:29110,biolink:has_phenotype,HP:0000112,biolink:EntityToDiseaseOrPhenotypicFeatureAssociation,knowledge_assertion,manual_agent,https://purl.humanatlas.io/vocab/hp
HGNC:29110,biolink:has_phenotype,HP:0000104,biolink:EntityToDiseaseOrPhenotypicFeatureAssociation,knowledge_assertion,manual_agent,https://purl.humanatlas.io/vocab/hp
HGNC:20889,biolink:has_phenotype,HP:0000083,biolink:EntityToDiseaseOrPhenotypicFeatureAssociation,knowledge_assertion,manual_agent,https://purl.humanatlas.io/vocab/hp
HGNC:20889,biolink:has_phenotype,HP:0000083,biolink:EntityToDiseaseOrPhenotypicFeatureAssociation,knowledge_assertion,manual_agent,https://purl.humanatlas.io/vocab/hp
HGNC:20889,biolink:has_phenotype,HP:0000126,biolink:EntityToDiseaseOrPhenotypicFeatureAssociation,knowledge_assertion,manual_agent,https://purl.humanatlas.io/vocab/hp
HGNC:20889,biolink:has_phenotype,HP:0000126,biolink:EntityToDiseaseOrPhenotypicFeatureAssociation,knowledge_assertion,manual_agent,https://purl.humanatlas.io/vocab/hp
HGNC:18957,biolink:has_phenotype,HP:0003774,biolink:EntityToDiseaseOrPhenotypicFeatureAssociation,knowledge_assertion,manual_agent,https://purl.humanatlas.io/vocab/hp
HGNC:18957,biolink:has_phenotype,HP:0003774,biolink:EntityToDiseaseOrPhenotypicFeatureAssociation,knowledge_assertion,manual_agent,https://purl.humanatlas.io/vocab/hp
HGNC:18957,biolink:has_phenotype,HP:0000097,biolink:EntityToDiseaseOrPhenotypicFeatureAssociation,knowledge_assertion,manual_agent,https://purl.humanatlas.io/vocab/hp
HGNC:18957,biolink:has_phenotype,HP:0012622,biolink:EntityToDiseaseOrPhenotypicFeatureAssociation,knowledge_assertion,manual_agent,https://purl.humanatlas.io/vocab/hp
HGNC:18957,biolink:has_phenotype,HP:0001967,biolink:EntityToDiseaseOrPhenotypicFeatureAssociation,knowledge_assertion,manual_agent,https://purl.humanatlas.io/vocab/hp
HGNC:18957,biolink:has_phenotype,HP:0012588,biolink:EntityToDiseaseOrPhenotypicFeatureAssociation,knowledge_assertion,manual_agent,https://purl.humanatlas.io/vocab/hp
HGNC:18957,biolink:has_phenotype,HP:0012579,biolink:EntityToDiseaseOrPhenotypicFeatureAssociation,knowledge_assertion,manual_agent,https://purl.humanatlas.io/vocab/hp
HGNC:18957,biolink:has_phenotype,HP:0012579,biolink:EntityToDiseaseOrPhenotypicFeatureAssociation,knowledge_assertion,manual_agent,https://purl.humanatlas.io/vocab/hp
HGNC:29099,biolink:has_phenotype,HP:0000081,biolink:EntityToDiseaseOrPhenotypicFeatureAssociation,knowledge_assertion,manual_agent,https://purl.humanatlas.io/vocab/hp
HGNC:16873,biolink:has_phenotype,HP:0100817,biolink:EntityToDiseaseOrPhenotypicFeatureAssociation,knowledge_assertion,manual_agent,https://purl.humanatlas.io/vocab/hp
HGNC:16873,biolink:has_phenotype,HP:0001920,biolink:EntityToDiseaseOrPhenotypicFeatureAssociation,knowledge_assertion,manual_agent,https://purl.humanatlas.io/vocab/hp
HGNC:28984,biolink:has_phenotype,HP:0000126,biolink:EntityToDiseaseOrPhenotypicFeatureAssociation,knowledge_assertion,manual_agent,https://purl.humanatlas.io/vocab/hp
HGNC:28984,biolink:has_phenotype,HP:0000126,biolink:EntityToDiseaseOrPhenotypicFeatureAssociation,knowledge_assertion,manual_agent,https://purl.humanatlas.io/vocab/hp
HGNC:16876,biolink:has_phenotype,HP:0000126,biolink:EntityToDiseaseOrPhenotypicFeatureAssociation,knowledge_assertion,manual_agent,https://purl.humanatlas.io/vocab/hp
HGNC:19181,biolink:has_phenotype,HP:0010958,biolink:EntityToDiseaseOrPhenotypicFeatureAssociation,knowledge_assertion,manual_agent,https://purl.humanatlas.io/vocab/hp
HGNC:19181,biolink:has_phenotype,HP:0010958,biolink:EntityToDiseaseOrPhenotypicFeatureAssociation,knowledge_assertion,manual_agent,https://purl.humanatlas.io/vocab/hp
HGNC:19181,biolink:has_phenotype,HP:0000089,biolink:EntityToDiseaseOrPhenotypicFeatureAssociation,knowledge_assertion,manual_agent,https://purl.humanatlas.io/vocab/hp
HGNC:19181,biolink:has_phenotype,HP:0000089,biolink:EntityToDiseaseOrPhenotypicFeatureAssociation,knowledge_assertion,manual_agent,https://purl.humanatlas.io/vocab/hp
HGNC:19181,biolink:has_phenotype,HP:0000122,biolink:EntityToDiseaseOrPhenotypicFeatureAssociation,knowledge_assertion,manual_agent,https://purl.humanatlas.io/vocab/hp
HGNC:19181,biolink:has_phenotype,HP:0004719,biolink:EntityToDiseaseOrPhenotypicFeatureAssociation,knowledge_assertion,manual_agent,https://purl.humanatlas.io/vocab/hp
HGNC:6408,biolink:has_phenotype,HP:0003774,biolink:EntityToDiseaseOrPhenotypicFeatureAssociation,knowledge_assertion,manual_agent,https://purl.humanatlas.io/vocab/hp
HGNC:6408,biolink:has_phenotype,HP:0000083,biolink:EntityToDiseaseOrPhenotypicFeatureAssociation,knowledge_assertion,manual_agent,https://purl.humanatlas.io/vocab/hp
HGNC:6408,biolink:has_phenotype,HP:0000086,biolink:EntityToDiseaseOrPhenotypicFeatureAssociation,knowledge_assertion,manual_agent,https://purl.humanatlas.io/vocab/hp
HGNC:6408,biolink:has_phenotype,HP:0000112,biolink:EntityToDiseaseOrPhenotypicFeatureAssociation,knowledge_assertion,manual_agent,https://purl.humanatlas.io/vocab/hp
HGNC:6408,biolink:has_phenotype,HP:0012586,biolink:EntityToDiseaseOrPhenotypicFeatureAssociation,knowledge_assertion,manual_agent,https://purl.humanatlas.io/vocab/hp
HGNC:9905,biolink:has_phenotype,HP:0010946,biolink:EntityToDiseaseOrPhenotypicFeatureAssociation,knowledge_assertion,manual_agent,https://purl.humanatlas.io/vocab/hp
HGNC:9905,biolink:has_phenotype,HP:0000085,biolink:EntityToDiseaseOrPhenotypicFeatureAssociation,knowledge_assertion,manual_agent,https://purl.humanatlas.io/vocab/hp
HGNC:9905,biolink:has_phenotype,HP:0000085,biolink:EntityToDiseaseOrPhenotypicFeatureAssociation,knowledge_assertion,manual_agent,https://purl.humanatlas.io/vocab/hp
HGNC:9905,biolink:has_phenotype,HP:0004717,biolink:EntityToDiseaseOrPhenotypicFeatureAssociation,knowledge_assertion,manual_agent,https://purl.humanatlas.io/vocab/hp
HGNC:9905,biolink:has_phenotype,HP:0004717,biolink:EntityToDiseaseOrPhenotypicFeatureAssociation,knowledge_assertion,manual_agent,https://purl.humanatlas.io/vocab/hp
HGNC:9905,biolink:has_phenotype,HP:0004712,biolink:EntityToDiseaseOrPhenotypicFeatureAssociation,knowledge_assertion,manual_agent,https://purl.humanatlas.io/vocab/hp
HGNC:467,biolink:has_phenotype,HP:0100820,biolink:EntityToDiseaseOrPhenotypicFeatureAssociation,knowledge_assertion,manual_agent,https://purl.humanatlas.io/vocab/hp
HGNC:467,biolink:has_phenotype,HP:0000083,biolink:EntityToDiseaseOrPhenotypicFeatureAssociation,knowledge_assertion,manual_agent,https://purl.humanatlas.io/vocab/hp
HGNC:467,biolink:has_phenotype,HP:0000121,biolink:EntityToDiseaseOrPhenotypicFeatureAssociation,knowledge_assertion,manual_agent,https://purl.humanatlas.io/vocab/hp
HGNC:467,biolink:has_phenotype,HP:0000110,biolink:EntityToDiseaseOrPhenotypicFeatureAssociation,knowledge_assertion,manual_agent,https://purl.humanatlas.io/vocab/hp
HGNC:467,biolink:has_phenotype,HP:0002907,biolink:EntityToDiseaseOrPhenotypicFeatureAssociation,knowledge_assertion,manual_agent,https://purl.humanatlas.io/vocab/hp
HGNC:11957,biolink:has_phenotype,HP:0000083,biolink:EntityToDiseaseOrPhenotypicFeatureAssociation,knowledge_assertion,manual_agent,https://purl.humanatlas.io/vocab/hp
HGNC:11957,biolink:has_phenotype,HP:0000126,biolink:EntityToDiseaseOrPhenotypicFeatureAssociation,knowledge_assertion,manual_agent,https://purl.humanatlas.io/vocab/hp
HGNC:11957,biolink:has_phenotype,HP:0000126,biolink:EntityToDiseaseOrPhenotypicFeatureAssociation,knowledge_assertion,manual_agent,https://purl.humanatlas.io/vocab/hp
HGNC:11957,biolink:has_phenotype,HP:0012330,biolink:EntityToDiseaseOrPhenotypicFeatureAssociation,knowledge_assertion,manual_agent,https://purl.humanatlas.io/vocab/hp
HGNC:10604,biolink:has_phenotype,HP:0000124,biolink:EntityToDiseaseOrPhenotypicFeatureAssociation,knowledge_assertion,manual_agent,https://purl.humanatlas.io/vocab/hp
HGNC:10604,biolink:has_phenotype,HP:0001994,biolink:EntityToDiseaseOrPhenotypicFeatureAssociation,knowledge_assertion,manual_agent,https://purl.humanatlas.io/vocab/hp
HGNC:393,biolink:has_phenotype,HP:0100542,biolink:EntityToDiseaseOrPhenotypicFeatureAssociation,knowledge_assertion,manual_agent,https://purl.humanatlas.io/vocab/hp
HGNC:8766,biolink:has_phenotype,HP:0000122,biolink:EntityToDiseaseOrPhenotypicFeatureAssociation,knowledge_assertion,manual_agent,https://purl.humanatlas.io/vocab/hp
HGNC:8766,biolink:has_phenotype,HP:0004719,biolink:EntityToDiseaseOrPhenotypicFeatureAssociation,knowledge_assertion,manual_agent,https://purl.humanatlas.io/vocab/hp
HGNC:8766,biolink:has_phenotype,HP:0005565,biolink:EntityToDiseaseOrPhenotypicFeatureAssociation,knowledge_assertion,manual_agent,https://purl.humanatlas.io/vocab/hp
HGNC:30661,biolink:has_phenotype,HP:0000085,biolink:EntityToDiseaseOrPhenotypicFeatureAssociation,knowledge_assertion,manual_agent,https://purl.humanatlas.io/vocab/hp
HGNC:9330,biolink:has_phenotype,HP:0000089,biolink:EntityToDiseaseOrPhenotypicFeatureAssociation,knowledge_assertion,manual_agent,https://purl.humanatlas.io/vocab/hp
HGNC:708,biolink:has_phenotype,HP:0012579,biolink:EntityToDiseaseOrPhenotypicFeatureAssociation,knowledge_assertion,manual_agent,https://purl.humanatlas.io/vocab/hp
HGNC:707,biolink:has_phenotype,HP:0000126,biolink:EntityToDiseaseOrPhenotypicFeatureAssociation,knowledge_assertion,manual_agent,https://purl.humanatlas.io/vocab/hp
HGNC:4516,biolink:has_phenotype,HP:0000122,biolink:EntityToDiseaseOrPhenotypicFeatureAssociation,knowledge_assertion,manual_agent,https://purl.humanatlas.io/vocab/hp
HGNC:4516,biolink:has_phenotype,HP:0012210,biolink:EntityToDiseaseOrPhenotypicFeatureAssociation,knowledge_assertion,manual_agent,https://purl.humanatlas.io/vocab/hp
HGNC:16384,biolink:has_phenotype,HP:0000086,biolink:EntityToDiseaseOrPhenotypicFeatureAssociation,knowledge_assertion,manual_agent,https://purl.humanatlas.io/vocab/hp
HGNC:16384,biolink:has_phenotype,HP:0000085,biolink:EntityToDiseaseOrPhenotypicFeatureAssociation,knowledge_assertion,manual_agent,https://purl.humanatlas.io/vocab/hp
HGNC:16384,biolink:has_phenotype,HP:0002667,biolink:EntityToDiseaseOrPhenotypicFeatureAssociation,knowledge_assertion,manual_agent,https://purl.humanatlas.io/vocab/hp
HGNC:16384,biolink:has_phenotype,HP:0005580,biolink:EntityToDiseaseOrPhenotypicFeatureAssociation,knowledge_assertion,manual_agent,https://purl.humanatlas.io/vocab/hp
HGNC:16384,biolink:has_phenotype,HP:0002907,biolink:EntityToDiseaseOrPhenotypicFeatureAssociation,knowledge_assertion,manual_agent,https://purl.humanatlas.io/vocab/hp
HGNC:16384,biolink:has_phenotype,HP:0012587,biolink:EntityToDiseaseOrPhenotypicFeatureAssociation,knowledge_assertion,manual_agent,https://purl.humanatlas.io/vocab/hp
HGNC:21653,biolink:has_phenotype,HP:0008678,biolink:EntityToDiseaseOrPhenotypicFeatureAssociation,knowledge_assertion,manual_agent,https://purl.humanatlas.io/vocab/hp
HGNC:21653,biolink:has_phenotype,HP:0000104,biolink:EntityToDiseaseOrPhenotypicFeatureAssociation,knowledge_assertion,manual_agent,https://purl.humanatlas.io/vocab/hp
HGNC:16892,biolink:has_phenotype,HP:0008678,biolink:EntityToDiseaseOrPhenotypicFeatureAssociation,knowledge_assertion,manual_agent,https://purl.humanatlas.io/vocab/hp
HGNC:16892,biolink:has_phenotype,HP:0000085,biolink:EntityToDiseaseOrPhenotypicFeatureAssociation,knowledge_assertion,manual_agent,https://purl.humanatlas.io/vocab/hp
HGNC:16892,biolink:has_phenotype,HP:0000003,biolink:EntityToDiseaseOrPhenotypicFeatureAssociation,knowledge_assertion,manual_agent,https://purl.humanatlas.io/vocab/hp
HGNC:16892,biolink:has_phenotype,HP:0000803,biolink:EntityToDiseaseOrPhenotypicFeatureAssociation,knowledge_assertion,manual_agent,https://purl.humanatlas.io/vocab/hp
HGNC:2244,biolink:has_phenotype,HP:0000110,biolink:EntityToDiseaseOrPhenotypicFeatureAssociation,knowledge_assertion,manual_agent,https://purl.humanatlas.io/vocab/hp
HGNC:2244,biolink:has_phenotype,HP:0005932,biolink:EntityToDiseaseOrPhenotypicFeatureAssociation,knowledge_assertion,manual_agent,https://purl.humanatlas.io/vocab/hp
HGNC:11270,biolink:has_phenotype,HP:0003774,biolink:EntityToDiseaseOrPhenotypicFeatureAssociation,knowledge_assertion,manual_agent,https://purl.humanatlas.io/vocab/hp
HGNC:11270,biolink:has_phenotype,HP:0000794,biolink:EntityToDiseaseOrPhenotypicFeatureAssociation,knowledge_assertion,manual_agent,https://purl.humanatlas.io/vocab/hp
HGNC:11270,biolink:has_phenotype,HP:0000790,biolink:EntityToDiseaseOrPhenotypicFeatureAssociation,knowledge_assertion,manual_agent,https://purl.humanatlas.io/vocab/hp
HGNC:11270,biolink:has_phenotype,HP:0012574,biolink:EntityToDiseaseOrPhenotypicFeatureAssociation,knowledge_assertion,manual_agent,https://purl.humanatlas.io/vocab/hp
HGNC:10771,biolink:has_phenotype,HP:0008678,biolink:EntityToDiseaseOrPhenotypicFeatureAssociation,knowledge_assertion,manual_agent,https://purl.humanatlas.io/vocab/hp
HGNC:10771,biolink:has_phenotype,HP:0000122,biolink:EntityToDiseaseOrPhenotypicFeatureAssociation,knowledge_assertion,manual_agent,https://purl.humanatlas.io/vocab/hp
HGNC:10771,biolink:has_phenotype,HP:0000122,biolink:EntityToDiseaseOrPhenotypicFeatureAssociation,knowledge_assertion,manual_agent,https://purl.humanatlas.io/vocab/hp
HGNC:12877,biolink:has_phenotype,HP:0003774,biolink:EntityToDiseaseOrPhenotypicFeatureAssociation,knowledge_assertion,manual_agent,https://purl.humanatlas.io/vocab/hp
HGNC:11354,biolink:has_phenotype,HP:0000085,biolink:EntityToDiseaseOrPhenotypicFeatureAssociation,knowledge_assertion,manual_agent,https://purl.humanatlas.io/vocab/hp
HGNC:12500,biolink:has_phenotype,HP:0000126,biolink:EntityToDiseaseOrPhenotypicFeatureAssociation,knowledge_assertion,manual_agent,https://purl.humanatlas.io/vocab/hp
HGNC:12500,biolink:has_phenotype,HP:0000107,biolink:EntityToDiseaseOrPhenotypicFeatureAssociation,knowledge_assertion,manual_agent,https://purl.humanatlas.io/vocab/hp
HGNC:10664,biolink:has_phenotype,HP:0000085,biolink:EntityToDiseaseOrPhenotypicFeatureAssociation,knowledge_assertion,manual_agent,https://purl.humanatlas.io/vocab/hp
HGNC:10664,biolink:has_phenotype,HP:0000085,biolink:EntityToDiseaseOrPhenotypicFeatureAssociation,knowledge_assertion,manual_agent,https://purl.humanatlas.io/vocab/hp
HGNC:10664,biolink:has_phenotype,HP:0000107,biolink:EntityToDiseaseOrPhenotypicFeatureAssociation,knowledge_assertion,manual_agent,https://purl.humanatlas.io/vocab/hp
HGNC:10664,biolink:has_phenotype,HP:0000107,biolink:EntityToDiseaseOrPhenotypicFeatureAssociation,knowledge_assertion,manual_agent,https://purl.humanatlas.io/vocab/hp
HGNC:16902,biolink:has_phenotype,HP:0000126,biolink:EntityToDiseaseOrPhenotypicFeatureAssociation,knowledge_assertion,manual_agent,https://purl.humanatlas.io/vocab/hp
HGNC:24036,biolink:has_phenotype,HP:0000083,biolink:EntityToDiseaseOrPhenotypicFeatureAssociation,knowledge_assertion,manual_agent,https://purl.humanatlas.io/vocab/hp
HGNC:24036,biolink:has_phenotype,HP:0000126,biolink:EntityToDiseaseOrPhenotypicFeatureAssociation,knowledge_assertion,manual_agent,https://purl.humanatlas.io/vocab/hp
HGNC:24036,biolink:has_phenotype,HP:0000104,biolink:EntityToDiseaseOrPhenotypicFeatureAssociation,knowledge_assertion,manual_agent,https://purl.humanatlas.io/vocab/hp
HGNC:16903,biolink:has_phenotype,HP:0033726,biolink:EntityToDiseaseOrPhenotypicFeatureAssociation,knowledge_assertion,manual_agent,https://purl.humanatlas.io/vocab/hp
HGNC:16903,biolink:has_phenotype,HP:0000790,biolink:EntityToDiseaseOrPhenotypicFeatureAssociation,knowledge_assertion,manual_agent,https://purl.humanatlas.io/vocab/hp
HGNC:13176,biolink:has_phenotype,HP:0000083,biolink:EntityToDiseaseOrPhenotypicFeatureAssociation,knowledge_assertion,manual_agent,https://purl.humanatlas.io/vocab/hp
HGNC:10723,biolink:has_phenotype,HP:0000104,biolink:EntityToDiseaseOrPhenotypicFeatureAssociation,knowledge_assertion,manual_agent,https://purl.humanatlas.io/vocab/hp
HGNC:2897,biolink:has_phenotype,HP:0005584,biolink:EntityToDiseaseOrPhenotypicFeatureAssociation,knowledge_assertion,manual_agent,https://purl.humanatlas.io/vocab/hp
HGNC:15754,biolink:has_phenotype,HP:0010945,biolink:EntityToDiseaseOrPhenotypicFeatureAssociation,knowledge_assertion,manual_agent,https://purl.humanatlas.io/vocab/hp
HGNC:15754,biolink:has_phenotype,HP:0000787,biolink:EntityToDiseaseOrPhenotypicFeatureAssociation,knowledge_assertion,manual_agent,https://purl.humanatlas.io/vocab/hp
HGNC:16262,biolink:has_phenotype,HP:0000790,biolink:EntityToDiseaseOrPhenotypicFeatureAssociation,knowledge_assertion,manual_agent,https://purl.humanatlas.io/vocab/hp
HGNC:16262,biolink:has_phenotype,HP:0000790,biolink:EntityToDiseaseOrPhenotypicFeatureAssociation,knowledge_assertion,manual_agent,https://purl.humanatlas.io/vocab/hp
HGNC:6764,biolink:has_phenotype,HP:0008678,biolink:EntityToDiseaseOrPhenotypicFeatureAssociation,knowledge_assertion,manual_agent,https://purl.humanatlas.io/vocab/hp
HGNC:6764,biolink:has_phenotype,HP:0000083,biolink:EntityToDiseaseOrPhenotypicFeatureAssociation,knowledge_assertion,manual_agent,https://purl.humanatlas.io/vocab/hp
HGNC:6764,biolink:has_phenotype,HP:0100542,biolink:EntityToDiseaseOrPhenotypicFeatureAssociation,knowledge_assertion,manual_agent,https://purl.humanatlas.io/vocab/hp
HGNC:6764,biolink:has_phenotype,HP:0012210,biolink:EntityToDiseaseOrPhenotypicFeatureAssociation,knowledge_assertion,manual_agent,https://purl.humanatlas.io/vocab/hp
HGNC:1329,biolink:has_phenotype,HP:0000089,biolink:EntityToDiseaseOrPhenotypicFeatureAssociation,knowledge_assertion,manual_agent,https://purl.humanatlas.io/vocab/hp
HGNC:1329,biolink:has_phenotype,HP:0000083,biolink:EntityToDiseaseOrPhenotypicFeatureAssociation,knowledge_assertion,manual_agent,https://purl.humanatlas.io/vocab/hp
HGNC:1329,biolink:has_phenotype,HP:0004719,biolink:EntityToDiseaseOrPhenotypicFeatureAssociation,knowledge_assertion,manual_agent,https://purl.humanatlas.io/vocab/hp
HGNC:1329,biolink:has_phenotype,HP:0001970,biolink:EntityToDiseaseOrPhenotypicFeatureAssociation,knowledge_assertion,manual_agent,https://purl.humanatlas.io/vocab/hp
HGNC:1329,biolink:has_phenotype,HP:0012625,biolink:EntityToDiseaseOrPhenotypicFeatureAssociation,knowledge_assertion,manual_agent,https://purl.humanatlas.io/vocab/hp
HGNC:13030,biolink:has_phenotype,HP:0010945,biolink:EntityToDiseaseOrPhenotypicFeatureAssociation,knowledge_assertion,manual_agent,https://purl.humanatlas.io/vocab/hp
HGNC:10702,biolink:has_phenotype,HP:0005584,biolink:EntityToDiseaseOrPhenotypicFeatureAssociation,knowledge_assertion,manual_agent,https://purl.humanatlas.io/vocab/hp
HGNC:2379,biolink:has_phenotype,HP:0000126,biolink:EntityToDiseaseOrPhenotypicFeatureAssociation,knowledge_assertion,manual_agent,https://purl.humanatlas.io/vocab/hp
HGNC:10732,biolink:has_phenotype,HP:0000083,biolink:EntityToDiseaseOrPhenotypicFeatureAssociation,knowledge_assertion,manual_agent,https://purl.humanatlas.io/vocab/hp
HGNC:3602,biolink:has_phenotype,HP:0000122,biolink:EntityToDiseaseOrPhenotypicFeatureAssociation,knowledge_assertion,manual_agent,https://purl.humanatlas.io/vocab/hp
HGNC:3602,biolink:has_phenotype,HP:0012330,biolink:EntityToDiseaseOrPhenotypicFeatureAssociation,knowledge_assertion,manual_agent,https://purl.humanatlas.io/vocab/hp
HGNC:3602,biolink:has_phenotype,HP:0012330,biolink:EntityToDiseaseOrPhenotypicFeatureAssociation,knowledge_assertion,manual_agent,https://purl.humanatlas.io/vocab/hp
HGNC:14677,biolink:has_phenotype,HP:0008678,biolink:EntityToDiseaseOrPhenotypicFeatureAssociation,knowledge_assertion,manual_agent,https://purl.humanatlas.io/vocab/hp
HGNC:14677,biolink:has_phenotype,HP:0100542,biolink:EntityToDiseaseOrPhenotypicFeatureAssociation,knowledge_assertion,manual_agent,https://purl.humanatlas.io/vocab/hp
HGNC:5275,biolink:has_phenotype,HP:0000085,biolink:EntityToDiseaseOrPhenotypicFeatureAssociation,knowledge_assertion,manual_agent,https://purl.humanatlas.io/vocab/hp
HGNC:9853,biolink:has_phenotype,HP:0000126,biolink:EntityToDiseaseOrPhenotypicFeatureAssociation,knowledge_assertion,manual_agent,https://purl.humanatlas.io/vocab/hp
HGNC:325,biolink:has_phenotype,HP:0000787,biolink:EntityToDiseaseOrPhenotypicFeatureAssociation,knowledge_assertion,manual_agent,https://purl.humanatlas.io/vocab/hp
HGNC:11020,biolink:has_phenotype,HP:0004724,biolink:EntityToDiseaseOrPhenotypicFeatureAssociation,knowledge_assertion,manual_agent,https://purl.humanatlas.io/vocab/hp
HGNC:11020,biolink:has_phenotype,HP:0000790,biolink:EntityToDiseaseOrPhenotypicFeatureAssociation,knowledge_assertion,manual_agent,https://purl.humanatlas.io/vocab/hp
HGNC:2220,biolink:has_phenotype,HP:0000085,biolink:EntityToDiseaseOrPhenotypicFeatureAssociation,knowledge_assertion,manual_agent,https://purl.humanatlas.io/vocab/hp
HGNC:9202,biolink:has_phenotype,HP:0000110,biolink:EntityToDiseaseOrPhenotypicFeatureAssociation,knowledge_assertion,manual_agent,https://purl.humanatlas.io/vocab/hp
HGNC:29602,biolink:has_phenotype,HP:0000126,biolink:EntityToDiseaseOrPhenotypicFeatureAssociation,knowledge_assertion,manual_agent,https://purl.humanatlas.io/vocab/hp
HGNC:29602,biolink:has_phenotype,HP:0000107,biolink:EntityToDiseaseOrPhenotypicFeatureAssociation,knowledge_assertion,manual_agent,https://purl.humanatlas.io/vocab/hp
HGNC:7506,biolink:has_phenotype,HP:0000097,biolink:EntityToDiseaseOrPhenotypicFeatureAssociation,knowledge_assertion,manual_agent,https://purl.humanatlas.io/vocab/hp
HGNC:11247,biolink:has_phenotype,HP:0000075,biolink:EntityToDiseaseOrPhenotypicFeatureAssociation,knowledge_assertion,manual_agent,https://purl.humanatlas.io/vocab/hp
HGNC:14188,biolink:has_phenotype,HP:0003774,biolink:EntityToDiseaseOrPhenotypicFeatureAssociation,knowledge_assertion,manual_agent,https://purl.humanatlas.io/vocab/hp
HGNC:14188,biolink:has_phenotype,HP:0003774,biolink:EntityToDiseaseOrPhenotypicFeatureAssociation,knowledge_assertion,manual_agent,https://purl.humanatlas.io/vocab/hp
HGNC:14188,biolink:has_phenotype,HP:0000097,biolink:EntityToDiseaseOrPhenotypicFeatureAssociation,knowledge_assertion,manual_agent,https://purl.humanatlas.io/vocab/hp
HGNC:14188,biolink:has_phenotype,HP:0031266,biolink:EntityToDiseaseOrPhenotypicFeatureAssociation,knowledge_assertion,manual_agent,https://purl.humanatlas.io/vocab/hp
HGNC:14188,biolink:has_phenotype,HP:0012622,biolink:EntityToDiseaseOrPhenotypicFeatureAssociation,knowledge_assertion,manual_agent,https://purl.humanatlas.io/vocab/hp
HGNC:14188,biolink:has_phenotype,HP:0001967,biolink:EntityToDiseaseOrPhenotypicFeatureAssociation,knowledge_assertion,manual_agent,https://purl.humanatlas.io/vocab/hp
HGNC:14188,biolink:has_phenotype,HP:0001967,biolink:EntityToDiseaseOrPhenotypicFeatureAssociation,knowledge_assertion,manual_agent,https://purl.humanatlas.io/vocab/hp
HGNC:14188,biolink:has_phenotype,HP:0012588,biolink:EntityToDiseaseOrPhenotypicFeatureAssociation,knowledge_assertion,manual_agent,https://purl.humanatlas.io/vocab/hp
HGNC:14188,biolink:has_phenotype,HP:0012579,biolink:EntityToDiseaseOrPhenotypicFeatureAssociation,knowledge_assertion,manual_agent,https://purl.humanatlas.io/vocab/hp
HGNC:3133,biolink:has_phenotype,HP:0000126,biolink:EntityToDiseaseOrPhenotypicFeatureAssociation,knowledge_assertion,manual_agent,https://purl.humanatlas.io/vocab/hp
HGNC:3133,biolink:has_phenotype,HP:0000126,biolink:EntityToDiseaseOrPhenotypicFeatureAssociation,knowledge_assertion,manual_agent,https://purl.humanatlas.io/vocab/hp
HGNC:3133,biolink:has_phenotype,HP:0004736,biolink:EntityToDiseaseOrPhenotypicFeatureAssociation,knowledge_assertion,manual_agent,https://purl.humanatlas.io/vocab/hp
HGNC:2037,biolink:has_phenotype,HP:0003774,biolink:EntityToDiseaseOrPhenotypicFeatureAssociation,knowledge_assertion,manual_agent,https://purl.humanatlas.io/vocab/hp
HGNC:2037,biolink:has_phenotype,HP:0000083,biolink:EntityToDiseaseOrPhenotypicFeatureAssociation,knowledge_assertion,manual_agent,https://purl.humanatlas.io/vocab/hp
HGNC:2037,biolink:has_phenotype,HP:0000121,biolink:EntityToDiseaseOrPhenotypicFeatureAssociation,knowledge_assertion,manual_agent,https://purl.humanatlas.io/vocab/hp
HGNC:2037,biolink:has_phenotype,HP:0000103,biolink:EntityToDiseaseOrPhenotypicFeatureAssociation,knowledge_assertion,manual_agent,https://purl.humanatlas.io/vocab/hp
HGNC:2037,biolink:has_phenotype,HP:0008341,biolink:EntityToDiseaseOrPhenotypicFeatureAssociation,knowledge_assertion,manual_agent,https://purl.humanatlas.io/vocab/hp
HGNC:2037,biolink:has_phenotype,HP:0012622,biolink:EntityToDiseaseOrPhenotypicFeatureAssociation,knowledge_assertion,manual_agent,https://purl.humanatlas.io/vocab/hp
HGNC:2037,biolink:has_phenotype,HP:0000790,biolink:EntityToDiseaseOrPhenotypicFeatureAssociation,knowledge_assertion,manual_agent,https://purl.humanatlas.io/vocab/hp
HGNC:2037,biolink:has_phenotype,HP:0000787,biolink:EntityToDiseaseOrPhenotypicFeatureAssociation,knowledge_assertion,manual_agent,https://purl.humanatlas.io/vocab/hp
HGNC:2037,biolink:has_phenotype,HP:0002907,biolink:EntityToDiseaseOrPhenotypicFeatureAssociation,knowledge_assertion,manual_agent,https://purl.humanatlas.io/vocab/hp
HGNC:2037,biolink:has_phenotype,HP:0012587,biolink:EntityToDiseaseOrPhenotypicFeatureAssociation,knowledge_assertion,manual_agent,https://purl.humanatlas.io/vocab/hp
HGNC:19012,biolink:has_phenotype,HP:0000083,biolink:EntityToDiseaseOrPhenotypicFeatureAssociation,knowledge_assertion,manual_agent,https://purl.humanatlas.io/vocab/hp
HGNC:19012,biolink:has_phenotype,HP:0012622,biolink:EntityToDiseaseOrPhenotypicFeatureAssociation,knowledge_assertion,manual_agent,https://purl.humanatlas.io/vocab/hp
HGNC:19012,biolink:has_phenotype,HP:0001919,biolink:EntityToDiseaseOrPhenotypicFeatureAssociation,knowledge_assertion,manual_agent,https://purl.humanatlas.io/vocab/hp
HGNC:9834,biolink:has_phenotype,HP:0008678,biolink:EntityToDiseaseOrPhenotypicFeatureAssociation,knowledge_assertion,manual_agent,https://purl.humanatlas.io/vocab/hp
HGNC:9834,biolink:has_phenotype,HP:0100542,biolink:EntityToDiseaseOrPhenotypicFeatureAssociation,knowledge_assertion,manual_agent,https://purl.humanatlas.io/vocab/hp
HGNC:9834,biolink:has_phenotype,HP:0012210,biolink:EntityToDiseaseOrPhenotypicFeatureAssociation,knowledge_assertion,manual_agent,https://purl.humanatlas.io/vocab/hp
HGNC:9834,biolink:has_phenotype,HP:0012210,biolink:EntityToDiseaseOrPhenotypicFeatureAssociation,knowledge_assertion,manual_agent,https://purl.humanatlas.io/vocab/hp
HGNC:9834,biolink:has_phenotype,HP:0012210,biolink:EntityToDiseaseOrPhenotypicFeatureAssociation,knowledge_assertion,manual_agent,https://purl.humanatlas.io/vocab/hp
HGNC:1343,biolink:has_phenotype,HP:0000790,biolink:EntityToDiseaseOrPhenotypicFeatureAssociation,knowledge_assertion,manual_agent,https://purl.humanatlas.io/vocab/hp
HGNC:12756,biolink:has_phenotype,HP:0000097,biolink:EntityToDiseaseOrPhenotypicFeatureAssociation,knowledge_assertion,manual_agent,https://purl.humanatlas.io/vocab/hp
HGNC:12756,biolink:has_phenotype,HP:0000100,biolink:EntityToDiseaseOrPhenotypicFeatureAssociation,knowledge_assertion,manual_agent,https://purl.humanatlas.io/vocab/hp
HGNC:12756,biolink:has_phenotype,HP:0000100,biolink:EntityToDiseaseOrPhenotypicFeatureAssociation,knowledge_assertion,manual_agent,https://purl.humanatlas.io/vocab/hp
HGNC:12756,biolink:has_phenotype,HP:0000112,biolink:EntityToDiseaseOrPhenotypicFeatureAssociation,knowledge_assertion,manual_agent,https://purl.humanatlas.io/vocab/hp
HGNC:10671,biolink:has_phenotype,HP:0003774,biolink:EntityToDiseaseOrPhenotypicFeatureAssociation,knowledge_assertion,manual_agent,https://purl.humanatlas.io/vocab/hp
HGNC:10671,biolink:has_phenotype,HP:0003774,biolink:EntityToDiseaseOrPhenotypicFeatureAssociation,knowledge_assertion,manual_agent,https://purl.humanatlas.io/vocab/hp
HGNC:10671,biolink:has_phenotype,HP:0000083,biolink:EntityToDiseaseOrPhenotypicFeatureAssociation,knowledge_assertion,manual_agent,https://purl.humanatlas.io/vocab/hp
HGNC:10671,biolink:has_phenotype,HP:0000085,biolink:EntityToDiseaseOrPhenotypicFeatureAssociation,knowledge_assertion,manual_agent,https://purl.humanatlas.io/vocab/hp
HGNC:10671,biolink:has_phenotype,HP:0000090,biolink:EntityToDiseaseOrPhenotypicFeatureAssociation,knowledge_assertion,manual_agent,https://purl.humanatlas.io/vocab/hp
HGNC:10671,biolink:has_phenotype,HP:0000090,biolink:EntityToDiseaseOrPhenotypicFeatureAssociation,knowledge_assertion,manual_agent,https://purl.humanatlas.io/vocab/hp
HGNC:10671,biolink:has_phenotype,HP:0000126,biolink:EntityToDiseaseOrPhenotypicFeatureAssociation,knowledge_assertion,manual_agent,https://purl.humanatlas.io/vocab/hp
HGNC:10671,biolink:has_phenotype,HP:0000100,biolink:EntityToDiseaseOrPhenotypicFeatureAssociation,knowledge_assertion,manual_agent,https://purl.humanatlas.io/vocab/hp
HGNC:10671,biolink:has_phenotype,HP:0000110,biolink:EntityToDiseaseOrPhenotypicFeatureAssociation,knowledge_assertion,manual_agent,https://purl.humanatlas.io/vocab/hp
HGNC:10671,biolink:has_phenotype,HP:0000107,biolink:EntityToDiseaseOrPhenotypicFeatureAssociation,knowledge_assertion,manual_agent,https://purl.humanatlas.io/vocab/hp
HGNC:10671,biolink:has_phenotype,HP:0000104,biolink:EntityToDiseaseOrPhenotypicFeatureAssociation,knowledge_assertion,manual_agent,https://purl.humanatlas.io/vocab/hp
HGNC:10671,biolink:has_phenotype,HP:0005562,biolink:EntityToDiseaseOrPhenotypicFeatureAssociation,knowledge_assertion,manual_agent,https://purl.humanatlas.io/vocab/hp
HGNC:10671,biolink:has_phenotype,HP:0012622,biolink:EntityToDiseaseOrPhenotypicFeatureAssociation,knowledge_assertion,manual_agent,https://purl.humanatlas.io/vocab/hp
HGNC:10671,biolink:has_phenotype,HP:0012622,biolink:EntityToDiseaseOrPhenotypicFeatureAssociation,knowledge_assertion,manual_agent,https://purl.humanatlas.io/vocab/hp
HGNC:16974,biolink:has_phenotype,HP:0003774,biolink:EntityToDiseaseOrPhenotypicFeatureAssociation,knowledge_assertion,manual_agent,https://purl.humanatlas.io/vocab/hp
HGNC:16974,biolink:has_phenotype,HP:0010946,biolink:EntityToDiseaseOrPhenotypicFeatureAssociation,knowledge_assertion,manual_agent,https://purl.humanatlas.io/vocab/hp
HGNC:16974,biolink:has_phenotype,HP:0000121,biolink:EntityToDiseaseOrPhenotypicFeatureAssociation,knowledge_assertion,manual_agent,https://purl.humanatlas.io/vocab/hp
HGNC:16974,biolink:has_phenotype,HP:0000121,biolink:EntityToDiseaseOrPhenotypicFeatureAssociation,knowledge_assertion,manual_agent,https://purl.humanatlas.io/vocab/hp
HGNC:16974,biolink:has_phenotype,HP:0000113,biolink:EntityToDiseaseOrPhenotypicFeatureAssociation,knowledge_assertion,manual_agent,https://purl.humanatlas.io/vocab/hp
HGNC:16974,biolink:has_phenotype,HP:0000126,biolink:EntityToDiseaseOrPhenotypicFeatureAssociation,knowledge_assertion,manual_agent,https://purl.humanatlas.io/vocab/hp
HGNC:16974,biolink:has_phenotype,HP:0000126,biolink:EntityToDiseaseOrPhenotypicFeatureAssociation,knowledge_assertion,manual_agent,https://purl.humanatlas.io/vocab/hp
HGNC:16974,biolink:has_phenotype,HP:0000107,biolink:EntityToDiseaseOrPhenotypicFeatureAssociation,knowledge_assertion,manual_agent,https://purl.humanatlas.io/vocab/hp
HGNC:16974,biolink:has_phenotype,HP:0000104,biolink:EntityToDiseaseOrPhenotypicFeatureAssociation,knowledge_assertion,manual_agent,https://purl.humanatlas.io/vocab/hp
HGNC:10993,biolink:has_phenotype,HP:0008672,biolink:EntityToDiseaseOrPhenotypicFeatureAssociation,knowledge_assertion,manual_agent,https://purl.humanatlas.io/vocab/hp
HGNC:10993,biolink:has_phenotype,HP:0001919,biolink:EntityToDiseaseOrPhenotypicFeatureAssociation,knowledge_assertion,manual_agent,https://purl.humanatlas.io/vocab/hp
HGNC:10993,biolink:has_phenotype,HP:0000787,biolink:EntityToDiseaseOrPhenotypicFeatureAssociation,knowledge_assertion,manual_agent,https://purl.humanatlas.io/vocab/hp
HGNC:16980,biolink:has_phenotype,HP:0100519,biolink:EntityToDiseaseOrPhenotypicFeatureAssociation,knowledge_assertion,manual_agent,https://purl.humanatlas.io/vocab/hp
HGNC:16980,biolink:has_phenotype,HP:0005575,biolink:EntityToDiseaseOrPhenotypicFeatureAssociation,knowledge_assertion,manual_agent,https://purl.humanatlas.io/vocab/hp
HGNC:16980,biolink:has_phenotype,HP:0001919,biolink:EntityToDiseaseOrPhenotypicFeatureAssociation,knowledge_assertion,manual_agent,https://purl.humanatlas.io/vocab/hp
HGNC:30551,biolink:has_phenotype,HP:0000089,biolink:EntityToDiseaseOrPhenotypicFeatureAssociation,knowledge_assertion,manual_agent,https://purl.humanatlas.io/vocab/hp
HGNC:30551,biolink:has_phenotype,HP:0000122,biolink:EntityToDiseaseOrPhenotypicFeatureAssociation,knowledge_assertion,manual_agent,https://purl.humanatlas.io/vocab/hp
HGNC:16268,biolink:has_phenotype,HP:0000083,biolink:EntityToDiseaseOrPhenotypicFeatureAssociation,knowledge_assertion,manual_agent,https://purl.humanatlas.io/vocab/hp
HGNC:16353,biolink:has_phenotype,HP:0000103,biolink:EntityToDiseaseOrPhenotypicFeatureAssociation,knowledge_assertion,manual_agent,https://purl.humanatlas.io/vocab/hp
HGNC:16353,biolink:has_phenotype,HP:0012408,biolink:EntityToDiseaseOrPhenotypicFeatureAssociation,knowledge_assertion,manual_agent,https://purl.humanatlas.io/vocab/hp
HGNC:6295,biolink:has_phenotype,HP:0002667,biolink:EntityToDiseaseOrPhenotypicFeatureAssociation,knowledge_assertion,manual_agent,https://purl.humanatlas.io/vocab/hp
HGNC:6295,biolink:has_phenotype,HP:0002667,biolink:EntityToDiseaseOrPhenotypicFeatureAssociation,knowledge_assertion,manual_agent,https://purl.humanatlas.io/vocab/hp
HGNC:6295,biolink:has_phenotype,HP:0000121,biolink:EntityToDiseaseOrPhenotypicFeatureAssociation,knowledge_assertion,manual_agent,https://purl.humanatlas.io/vocab/hp
HGNC:6295,biolink:has_phenotype,HP:0000105,biolink:EntityToDiseaseOrPhenotypicFeatureAssociation,knowledge_assertion,manual_agent,https://purl.humanatlas.io/vocab/hp
HGNC:6295,biolink:has_phenotype,HP:0000803,biolink:EntityToDiseaseOrPhenotypicFeatureAssociation,knowledge_assertion,manual_agent,https://purl.humanatlas.io/vocab/hp
HGNC:6295,biolink:has_phenotype,HP:0000787,biolink:EntityToDiseaseOrPhenotypicFeatureAssociation,knowledge_assertion,manual_agent,https://purl.humanatlas.io/vocab/hp
HGNC:10769,biolink:has_phenotype,HP:0000086,biolink:EntityToDiseaseOrPhenotypicFeatureAssociation,knowledge_assertion,manual_agent,https://purl.humanatlas.io/vocab/hp
HGNC:10769,biolink:has_phenotype,HP:0000003,biolink:EntityToDiseaseOrPhenotypicFeatureAssociation,knowledge_assertion,manual_agent,https://purl.humanatlas.io/vocab/hp
HGNC:10769,biolink:has_phenotype,HP:0000104,biolink:EntityToDiseaseOrPhenotypicFeatureAssociation,knowledge_assertion,manual_agent,https://purl.humanatlas.io/vocab/hp
HGNC:15464,biolink:has_phenotype,HP:0000086,biolink:EntityToDiseaseOrPhenotypicFeatureAssociation,knowledge_assertion,manual_agent,https://purl.humanatlas.io/vocab/hp
HGNC:15464,biolink:has_phenotype,HP:0000126,biolink:EntityToDiseaseOrPhenotypicFeatureAssociation,knowledge_assertion,manual_agent,https://purl.humanatlas.io/vocab/hp
HGNC:18626,biolink:has_phenotype,HP:0000089,biolink:EntityToDiseaseOrPhenotypicFeatureAssociation,knowledge_assertion,manual_agent,https://purl.humanatlas.io/vocab/hp
HGNC:18626,biolink:has_phenotype,HP:0000083,biolink:EntityToDiseaseOrPhenotypicFeatureAssociation,knowledge_assertion,manual_agent,https://purl.humanatlas.io/vocab/hp
HGNC:18626,biolink:has_phenotype,HP:0000085,biolink:EntityToDiseaseOrPhenotypicFeatureAssociation,knowledge_assertion,manual_agent,https://purl.humanatlas.io/vocab/hp
HGNC:18626,biolink:has_phenotype,HP:0000126,biolink:EntityToDiseaseOrPhenotypicFeatureAssociation,knowledge_assertion,manual_agent,https://purl.humanatlas.io/vocab/hp
HGNC:18626,biolink:has_phenotype,HP:0000126,biolink:EntityToDiseaseOrPhenotypicFeatureAssociation,knowledge_assertion,manual_agent,https://purl.humanatlas.io/vocab/hp
HGNC:18626,biolink:has_phenotype,HP:0000100,biolink:EntityToDiseaseOrPhenotypicFeatureAssociation,knowledge_assertion,manual_agent,https://purl.humanatlas.io/vocab/hp
HGNC:18626,biolink:has_phenotype,HP:0005562,biolink:EntityToDiseaseOrPhenotypicFeatureAssociation,knowledge_assertion,manual_agent,https://purl.humanatlas.io/vocab/hp
HGNC:18626,biolink:has_phenotype,HP:0012622,biolink:EntityToDiseaseOrPhenotypicFeatureAssociation,knowledge_assertion,manual_agent,https://purl.humanatlas.io/vocab/hp
HGNC:15685,biolink:has_phenotype,HP:0000003,biolink:EntityToDiseaseOrPhenotypicFeatureAssociation,knowledge_assertion,manual_agent,https://purl.humanatlas.io/vocab/hp
HGNC:15685,biolink:has_phenotype,HP:0000126,biolink:EntityToDiseaseOrPhenotypicFeatureAssociation,knowledge_assertion,manual_agent,https://purl.humanatlas.io/vocab/hp
HGNC:1366,biolink:has_phenotype,HP:0005575,biolink:EntityToDiseaseOrPhenotypicFeatureAssociation,knowledge_assertion,manual_agent,https://purl.humanatlas.io/vocab/hp
HGNC:1366,biolink:has_phenotype,HP:0012211,biolink:EntityToDiseaseOrPhenotypicFeatureAssociation,knowledge_assertion,manual_agent,https://purl.humanatlas.io/vocab/hp
HGNC:1366,biolink:has_phenotype,HP:0002907,biolink:EntityToDiseaseOrPhenotypicFeatureAssociation,knowledge_assertion,manual_agent,https://purl.humanatlas.io/vocab/hp
HGNC:1985,biolink:has_phenotype,HP:0000122,biolink:EntityToDiseaseOrPhenotypicFeatureAssociation,knowledge_assertion,manual_agent,https://purl.humanatlas.io/vocab/hp
HGNC:1985,biolink:has_phenotype,HP:0000104,biolink:EntityToDiseaseOrPhenotypicFeatureAssociation,knowledge_assertion,manual_agent,https://purl.humanatlas.io/vocab/hp
HGNC:30074,biolink:has_phenotype,HP:0000126,biolink:EntityToDiseaseOrPhenotypicFeatureAssociation,knowledge_assertion,manual_agent,https://purl.humanatlas.io/vocab/hp
HGNC:30074,biolink:has_phenotype,HP:0100581,biolink:EntityToDiseaseOrPhenotypicFeatureAssociation,knowledge_assertion,manual_agent,https://purl.humanatlas.io/vocab/hp
HGNC:11067,biolink:has_phenotype,HP:0000083,biolink:EntityToDiseaseOrPhenotypicFeatureAssociation,knowledge_assertion,manual_agent,https://purl.humanatlas.io/vocab/hp
HGNC:11067,biolink:has_phenotype,HP:0000787,biolink:EntityToDiseaseOrPhenotypicFeatureAssociation,knowledge_assertion,manual_agent,https://purl.humanatlas.io/vocab/hp
HGNC:14373,biolink:has_phenotype,HP:0012210,biolink:EntityToDiseaseOrPhenotypicFeatureAssociation,knowledge_assertion,manual_agent,https://purl.humanatlas.io/vocab/hp
HGNC:12739,biolink:has_phenotype,HP:0000126,biolink:EntityToDiseaseOrPhenotypicFeatureAssociation,knowledge_assertion,manual_agent,https://purl.humanatlas.io/vocab/hp
HGNC:16627,biolink:has_phenotype,HP:0009726,biolink:EntityToDiseaseOrPhenotypicFeatureAssociation,knowledge_assertion,manual_agent,https://purl.humanatlas.io/vocab/hp
HGNC:16627,biolink:has_phenotype,HP:0009726,biolink:EntityToDiseaseOrPhenotypicFeatureAssociation,knowledge_assertion,manual_agent,https://purl.humanatlas.io/vocab/hp
HGNC:10379,biolink:has_phenotype,HP:0001970,biolink:EntityToDiseaseOrPhenotypicFeatureAssociation,knowledge_assertion,manual_agent,https://purl.humanatlas.io/vocab/hp
HGNC:10344,biolink:has_phenotype,HP:0000085,biolink:EntityToDiseaseOrPhenotypicFeatureAssociation,knowledge_assertion,manual_agent,https://purl.humanatlas.io/vocab/hp
HGNC:10344,biolink:has_phenotype,HP:0000104,biolink:EntityToDiseaseOrPhenotypicFeatureAssociation,knowledge_assertion,manual_agent,https://purl.humanatlas.io/vocab/hp
HGNC:21082,biolink:has_phenotype,HP:0005562,biolink:EntityToDiseaseOrPhenotypicFeatureAssociation,knowledge_assertion,manual_agent,https://purl.humanatlas.io/vocab/hp
HGNC:17023,biolink:has_phenotype,HP:0005584,biolink:EntityToDiseaseOrPhenotypicFeatureAssociation,knowledge_assertion,manual_agent,https://purl.humanatlas.io/vocab/hp
HGNC:11047,biolink:has_phenotype,HP:0000787,biolink:EntityToDiseaseOrPhenotypicFeatureAssociation,knowledge_assertion,manual_agent,https://purl.humanatlas.io/vocab/hp
HGNC:12616,biolink:has_phenotype,HP:0005932,biolink:EntityToDiseaseOrPhenotypicFeatureAssociation,knowledge_assertion,manual_agent,https://purl.humanatlas.io/vocab/hp
HGNC:12269,biolink:has_phenotype,HP:0000096,biolink:EntityToDiseaseOrPhenotypicFeatureAssociation,knowledge_assertion,manual_agent,https://purl.humanatlas.io/vocab/hp
HGNC:12269,biolink:has_phenotype,HP:0033726,biolink:EntityToDiseaseOrPhenotypicFeatureAssociation,knowledge_assertion,manual_agent,https://purl.humanatlas.io/vocab/hp
HGNC:12269,biolink:has_phenotype,HP:0033726,biolink:EntityToDiseaseOrPhenotypicFeatureAssociation,knowledge_assertion,manual_agent,https://purl.humanatlas.io/vocab/hp
HGNC:12269,biolink:has_phenotype,HP:0000123,biolink:EntityToDiseaseOrPhenotypicFeatureAssociation,knowledge_assertion,manual_agent,https://purl.humanatlas.io/vocab/hp
HGNC:12269,biolink:has_phenotype,HP:0000112,biolink:EntityToDiseaseOrPhenotypicFeatureAssociation,knowledge_assertion,manual_agent,https://purl.humanatlas.io/vocab/hp
HGNC:12269,biolink:has_phenotype,HP:0000790,biolink:EntityToDiseaseOrPhenotypicFeatureAssociation,knowledge_assertion,manual_agent,https://purl.humanatlas.io/vocab/hp
HGNC:12269,biolink:has_phenotype,HP:0000790,biolink:EntityToDiseaseOrPhenotypicFeatureAssociation,knowledge_assertion,manual_agent,https://purl.humanatlas.io/vocab/hp
HGNC:21694,biolink:has_phenotype,HP:0000086,biolink:EntityToDiseaseOrPhenotypicFeatureAssociation,knowledge_assertion,manual_agent,https://purl.humanatlas.io/vocab/hp
HGNC:21694,biolink:has_phenotype,HP:0000085,biolink:EntityToDiseaseOrPhenotypicFeatureAssociation,knowledge_assertion,manual_agent,https://purl.humanatlas.io/vocab/hp
HGNC:21694,biolink:has_phenotype,HP:0002667,biolink:EntityToDiseaseOrPhenotypicFeatureAssociation,knowledge_assertion,manual_agent,https://purl.humanatlas.io/vocab/hp
HGNC:21694,biolink:has_phenotype,HP:0002667,biolink:EntityToDiseaseOrPhenotypicFeatureAssociation,knowledge_assertion,manual_agent,https://purl.humanatlas.io/vocab/hp
HGNC:21694,biolink:has_phenotype,HP:0005580,biolink:EntityToDiseaseOrPhenotypicFeatureAssociation,knowledge_assertion,manual_agent,https://purl.humanatlas.io/vocab/hp
HGNC:21694,biolink:has_phenotype,HP:0002907,biolink:EntityToDiseaseOrPhenotypicFeatureAssociation,knowledge_assertion,manual_agent,https://purl.humanatlas.io/vocab/hp
HGNC:21694,biolink:has_phenotype,HP:0012587,biolink:EntityToDiseaseOrPhenotypicFeatureAssociation,knowledge_assertion,manual_agent,https://purl.humanatlas.io/vocab/hp
HGNC:9154,biolink:has_phenotype,HP:0000110,biolink:EntityToDiseaseOrPhenotypicFeatureAssociation,knowledge_assertion,manual_agent,https://purl.humanatlas.io/vocab/hp
HGNC:14579,biolink:has_phenotype,HP:0000105,biolink:EntityToDiseaseOrPhenotypicFeatureAssociation,knowledge_assertion,manual_agent,https://purl.humanatlas.io/vocab/hp
HGNC:17271,biolink:has_phenotype,HP:0010946,biolink:EntityToDiseaseOrPhenotypicFeatureAssociation,knowledge_assertion,manual_agent,https://purl.humanatlas.io/vocab/hp
HGNC:2018,biolink:has_phenotype,HP:0000787,biolink:EntityToDiseaseOrPhenotypicFeatureAssociation,knowledge_assertion,manual_agent,https://purl.humanatlas.io/vocab/hp
HGNC:7227,biolink:has_phenotype,HP:0010946,biolink:EntityToDiseaseOrPhenotypicFeatureAssociation,knowledge_assertion,manual_agent,https://purl.humanatlas.io/vocab/hp
HGNC:17042,biolink:has_phenotype,HP:0000089,biolink:EntityToDiseaseOrPhenotypicFeatureAssociation,knowledge_assertion,manual_agent,https://purl.humanatlas.io/vocab/hp
HGNC:17042,biolink:has_phenotype,HP:0000089,biolink:EntityToDiseaseOrPhenotypicFeatureAssociation,knowledge_assertion,manual_agent,https://purl.humanatlas.io/vocab/hp
HGNC:17042,biolink:has_phenotype,HP:0000085,biolink:EntityToDiseaseOrPhenotypicFeatureAssociation,knowledge_assertion,manual_agent,https://purl.humanatlas.io/vocab/hp
HGNC:17042,biolink:has_phenotype,HP:0000122,biolink:EntityToDiseaseOrPhenotypicFeatureAssociation,knowledge_assertion,manual_agent,https://purl.humanatlas.io/vocab/hp
HGNC:17042,biolink:has_phenotype,HP:0000125,biolink:EntityToDiseaseOrPhenotypicFeatureAssociation,knowledge_assertion,manual_agent,https://purl.humanatlas.io/vocab/hp
HGNC:17042,biolink:has_phenotype,HP:0000125,biolink:EntityToDiseaseOrPhenotypicFeatureAssociation,knowledge_assertion,manual_agent,https://purl.humanatlas.io/vocab/hp
HGNC:17042,biolink:has_phenotype,HP:0000107,biolink:EntityToDiseaseOrPhenotypicFeatureAssociation,knowledge_assertion,manual_agent,https://purl.humanatlas.io/vocab/hp
HGNC:17042,biolink:has_phenotype,HP:0000104,biolink:EntityToDiseaseOrPhenotypicFeatureAssociation,knowledge_assertion,manual_agent,https://purl.humanatlas.io/vocab/hp
HGNC:17042,biolink:has_phenotype,HP:0000104,biolink:EntityToDiseaseOrPhenotypicFeatureAssociation,knowledge_assertion,manual_agent,https://purl.humanatlas.io/vocab/hp
HGNC:17042,biolink:has_phenotype,HP:0012584,biolink:EntityToDiseaseOrPhenotypicFeatureAssociation,knowledge_assertion,manual_agent,https://purl.humanatlas.io/vocab/hp
HGNC:21219,biolink:has_phenotype,HP:0000105,biolink:EntityToDiseaseOrPhenotypicFeatureAssociation,knowledge_assertion,manual_agent,https://purl.humanatlas.io/vocab/hp
HGNC:21219,biolink:has_phenotype,HP:0004719,biolink:EntityToDiseaseOrPhenotypicFeatureAssociation,knowledge_assertion,manual_agent,https://purl.humanatlas.io/vocab/hp
HGNC:29160,biolink:has_phenotype,HP:0000124,biolink:EntityToDiseaseOrPhenotypicFeatureAssociation,knowledge_assertion,manual_agent,https://purl.humanatlas.io/vocab/hp
HGNC:29160,biolink:has_phenotype,HP:0001994,biolink:EntityToDiseaseOrPhenotypicFeatureAssociation,knowledge_assertion,manual_agent,https://purl.humanatlas.io/vocab/hp
HGNC:29182,biolink:has_phenotype,HP:0003774,biolink:EntityToDiseaseOrPhenotypicFeatureAssociation,knowledge_assertion,manual_agent,https://purl.humanatlas.io/vocab/hp
HGNC:29182,biolink:has_phenotype,HP:0000090,biolink:EntityToDiseaseOrPhenotypicFeatureAssociation,knowledge_assertion,manual_agent,https://purl.humanatlas.io/vocab/hp
HGNC:29182,biolink:has_phenotype,HP:0000090,biolink:EntityToDiseaseOrPhenotypicFeatureAssociation,knowledge_assertion,manual_agent,https://purl.humanatlas.io/vocab/hp
HGNC:29182,biolink:has_phenotype,HP:0012622,biolink:EntityToDiseaseOrPhenotypicFeatureAssociation,knowledge_assertion,manual_agent,https://purl.humanatlas.io/vocab/hp
HGNC:29170,biolink:has_phenotype,HP:0003774,biolink:EntityToDiseaseOrPhenotypicFeatureAssociation,knowledge_assertion,manual_agent,https://purl.humanatlas.io/vocab/hp
HGNC:29170,biolink:has_phenotype,HP:0000090,biolink:EntityToDiseaseOrPhenotypicFeatureAssociation,knowledge_assertion,manual_agent,https://purl.humanatlas.io/vocab/hp
HGNC:29170,biolink:has_phenotype,HP:0001970,biolink:EntityToDiseaseOrPhenotypicFeatureAssociation,knowledge_assertion,manual_agent,https://purl.humanatlas.io/vocab/hp
HGNC:29170,biolink:has_phenotype,HP:0000790,biolink:EntityToDiseaseOrPhenotypicFeatureAssociation,knowledge_assertion,manual_agent,https://purl.humanatlas.io/vocab/hp
HGNC:29170,biolink:has_phenotype,HP:0032948,biolink:EntityToDiseaseOrPhenotypicFeatureAssociation,knowledge_assertion,manual_agent,https://purl.humanatlas.io/vocab/hp
HGNC:29170,biolink:has_phenotype,HP:0041050,biolink:EntityToDiseaseOrPhenotypicFeatureAssociation,knowledge_assertion,manual_agent,https://purl.humanatlas.io/vocab/hp
HGNC:17063,biolink:has_phenotype,HP:0000126,biolink:EntityToDiseaseOrPhenotypicFeatureAssociation,knowledge_assertion,manual_agent,https://purl.humanatlas.io/vocab/hp
HGNC:17063,biolink:has_phenotype,HP:0100542,biolink:EntityToDiseaseOrPhenotypicFeatureAssociation,knowledge_assertion,manual_agent,https://purl.humanatlas.io/vocab/hp
HGNC:14244,biolink:has_phenotype,HP:0000126,biolink:EntityToDiseaseOrPhenotypicFeatureAssociation,knowledge_assertion,manual_agent,https://purl.humanatlas.io/vocab/hp
HGNC:14244,biolink:has_phenotype,HP:0100542,biolink:EntityToDiseaseOrPhenotypicFeatureAssociation,knowledge_assertion,manual_agent,https://purl.humanatlas.io/vocab/hp
HGNC:16380,biolink:has_phenotype,HP:0000085,biolink:EntityToDiseaseOrPhenotypicFeatureAssociation,knowledge_assertion,manual_agent,https://purl.humanatlas.io/vocab/hp
HGNC:16380,biolink:has_phenotype,HP:0000126,biolink:EntityToDiseaseOrPhenotypicFeatureAssociation,knowledge_assertion,manual_agent,https://purl.humanatlas.io/vocab/hp
HGNC:16380,biolink:has_phenotype,HP:0000100,biolink:EntityToDiseaseOrPhenotypicFeatureAssociation,knowledge_assertion,manual_agent,https://purl.humanatlas.io/vocab/hp
HGNC:16380,biolink:has_phenotype,HP:0005562,biolink:EntityToDiseaseOrPhenotypicFeatureAssociation,knowledge_assertion,manual_agent,https://purl.humanatlas.io/vocab/hp
HGNC:16380,biolink:has_phenotype,HP:0012622,biolink:EntityToDiseaseOrPhenotypicFeatureAssociation,knowledge_assertion,manual_agent,https://purl.humanatlas.io/vocab/hp
HGNC:29298,biolink:has_phenotype,HP:0000122,biolink:EntityToDiseaseOrPhenotypicFeatureAssociation,knowledge_assertion,manual_agent,https://purl.humanatlas.io/vocab/hp
HGNC:29536,biolink:has_phenotype,HP:0003774,biolink:EntityToDiseaseOrPhenotypicFeatureAssociation,knowledge_assertion,manual_agent,https://purl.humanatlas.io/vocab/hp
HGNC:29536,biolink:has_phenotype,HP:0000083,biolink:EntityToDiseaseOrPhenotypicFeatureAssociation,knowledge_assertion,manual_agent,https://purl.humanatlas.io/vocab/hp
HGNC:29536,biolink:has_phenotype,HP:0000090,biolink:EntityToDiseaseOrPhenotypicFeatureAssociation,knowledge_assertion,manual_agent,https://purl.humanatlas.io/vocab/hp
HGNC:29536,biolink:has_phenotype,HP:0000107,biolink:EntityToDiseaseOrPhenotypicFeatureAssociation,knowledge_assertion,manual_agent,https://purl.humanatlas.io/vocab/hp
HGNC:17575,biolink:has_phenotype,HP:0000126,biolink:EntityToDiseaseOrPhenotypicFeatureAssociation,knowledge_assertion,manual_agent,https://purl.humanatlas.io/vocab/hp
HGNC:17575,biolink:has_phenotype,HP:0000107,biolink:EntityToDiseaseOrPhenotypicFeatureAssociation,knowledge_assertion,manual_agent,https://purl.humanatlas.io/vocab/hp
HGNC:29079,biolink:has_phenotype,HP:0005584,biolink:EntityToDiseaseOrPhenotypicFeatureAssociation,knowledge_assertion,manual_agent,https://purl.humanatlas.io/vocab/hp
HGNC:29079,biolink:has_phenotype,HP:0000787,biolink:EntityToDiseaseOrPhenotypicFeatureAssociation,knowledge_assertion,manual_agent,https://purl.humanatlas.io/vocab/hp
HGNC:7623,biolink:has_phenotype,HP:0000107,biolink:EntityToDiseaseOrPhenotypicFeatureAssociation,knowledge_assertion,manual_agent,https://purl.humanatlas.io/vocab/hp
HGNC:16762,biolink:has_phenotype,HP:0000083,biolink:EntityToDiseaseOrPhenotypicFeatureAssociation,knowledge_assertion,manual_agent,https://purl.humanatlas.io/vocab/hp
HGNC:16762,biolink:has_phenotype,HP:0000090,biolink:EntityToDiseaseOrPhenotypicFeatureAssociation,knowledge_assertion,manual_agent,https://purl.humanatlas.io/vocab/hp
HGNC:16762,biolink:has_phenotype,HP:0000113,biolink:EntityToDiseaseOrPhenotypicFeatureAssociation,knowledge_assertion,manual_agent,https://purl.humanatlas.io/vocab/hp
HGNC:16762,biolink:has_phenotype,HP:0000112,biolink:EntityToDiseaseOrPhenotypicFeatureAssociation,knowledge_assertion,manual_agent,https://purl.humanatlas.io/vocab/hp
HGNC:16636,biolink:has_phenotype,HP:0000096,biolink:EntityToDiseaseOrPhenotypicFeatureAssociation,knowledge_assertion,manual_agent,https://purl.humanatlas.io/vocab/hp
HGNC:16636,biolink:has_phenotype,HP:0005584,biolink:EntityToDiseaseOrPhenotypicFeatureAssociation,knowledge_assertion,manual_agent,https://purl.humanatlas.io/vocab/hp
HGNC:16636,biolink:has_phenotype,HP:0001920,biolink:EntityToDiseaseOrPhenotypicFeatureAssociation,knowledge_assertion,manual_agent,https://purl.humanatlas.io/vocab/hp
HGNC:16636,biolink:has_phenotype,HP:0000790,biolink:EntityToDiseaseOrPhenotypicFeatureAssociation,knowledge_assertion,manual_agent,https://purl.humanatlas.io/vocab/hp
HGNC:29059,biolink:has_phenotype,HP:0008678,biolink:EntityToDiseaseOrPhenotypicFeatureAssociation,knowledge_assertion,manual_agent,https://purl.humanatlas.io/vocab/hp
HGNC:29059,biolink:has_phenotype,HP:0100542,biolink:EntityToDiseaseOrPhenotypicFeatureAssociation,knowledge_assertion,manual_agent,https://purl.humanatlas.io/vocab/hp
HGNC:18514,biolink:has_phenotype,HP:0000126,biolink:EntityToDiseaseOrPhenotypicFeatureAssociation,knowledge_assertion,manual_agent,https://purl.humanatlas.io/vocab/hp
HGNC:19959,biolink:has_phenotype,HP:0000126,biolink:EntityToDiseaseOrPhenotypicFeatureAssociation,knowledge_assertion,manual_agent,https://purl.humanatlas.io/vocab/hp
HGNC:18801,biolink:has_phenotype,HP:0000081,biolink:EntityToDiseaseOrPhenotypicFeatureAssociation,knowledge_assertion,manual_agent,https://purl.humanatlas.io/vocab/hp
HGNC:18801,biolink:has_phenotype,HP:0000081,biolink:EntityToDiseaseOrPhenotypicFeatureAssociation,knowledge_assertion,manual_agent,https://purl.humanatlas.io/vocab/hp
HGNC:29101,biolink:has_phenotype,HP:0000122,biolink:EntityToDiseaseOrPhenotypicFeatureAssociation,knowledge_assertion,manual_agent,https://purl.humanatlas.io/vocab/hp
HGNC:18658,biolink:has_phenotype,HP:0003774,biolink:EntityToDiseaseOrPhenotypicFeatureAssociation,knowledge_assertion,manual_agent,https://purl.humanatlas.io/vocab/hp
HGNC:18658,biolink:has_phenotype,HP:0003774,biolink:EntityToDiseaseOrPhenotypicFeatureAssociation,knowledge_assertion,manual_agent,https://purl.humanatlas.io/vocab/hp
HGNC:18658,biolink:has_phenotype,HP:0000097,biolink:EntityToDiseaseOrPhenotypicFeatureAssociation,knowledge_assertion,manual_agent,https://purl.humanatlas.io/vocab/hp
HGNC:18658,biolink:has_phenotype,HP:0000097,biolink:EntityToDiseaseOrPhenotypicFeatureAssociation,knowledge_assertion,manual_agent,https://purl.humanatlas.io/vocab/hp
HGNC:18658,biolink:has_phenotype,HP:0012622,biolink:EntityToDiseaseOrPhenotypicFeatureAssociation,knowledge_assertion,manual_agent,https://purl.humanatlas.io/vocab/hp
HGNC:18658,biolink:has_phenotype,HP:0001967,biolink:EntityToDiseaseOrPhenotypicFeatureAssociation,knowledge_assertion,manual_agent,https://purl.humanatlas.io/vocab/hp
HGNC:18658,biolink:has_phenotype,HP:0012588,biolink:EntityToDiseaseOrPhenotypicFeatureAssociation,knowledge_assertion,manual_agent,https://purl.humanatlas.io/vocab/hp
HGNC:18658,biolink:has_phenotype,HP:0012579,biolink:EntityToDiseaseOrPhenotypicFeatureAssociation,knowledge_assertion,manual_agent,https://purl.humanatlas.io/vocab/hp
HGNC:13345,biolink:has_phenotype,HP:0000083,biolink:EntityToDiseaseOrPhenotypicFeatureAssociation,knowledge_assertion,manual_agent,https://purl.humanatlas.io/vocab/hp
HGNC:13345,biolink:has_phenotype,HP:0100520,biolink:EntityToDiseaseOrPhenotypicFeatureAssociation,knowledge_assertion,manual_agent,https://purl.humanatlas.io/vocab/hp
HGNC:13345,biolink:has_phenotype,HP:0001919,biolink:EntityToDiseaseOrPhenotypicFeatureAssociation,knowledge_assertion,manual_agent,https://purl.humanatlas.io/vocab/hp
HGNC:13345,biolink:has_phenotype,HP:0001919,biolink:EntityToDiseaseOrPhenotypicFeatureAssociation,knowledge_assertion,manual_agent,https://purl.humanatlas.io/vocab/hp
HGNC:4138,biolink:has_phenotype,HP:0003774,biolink:EntityToDiseaseOrPhenotypicFeatureAssociation,knowledge_assertion,manual_agent,https://purl.humanatlas.io/vocab/hp
HGNC:4138,biolink:has_phenotype,HP:0008672,biolink:EntityToDiseaseOrPhenotypicFeatureAssociation,knowledge_assertion,manual_agent,https://purl.humanatlas.io/vocab/hp
HGNC:4138,biolink:has_phenotype,HP:0000083,biolink:EntityToDiseaseOrPhenotypicFeatureAssociation,knowledge_assertion,manual_agent,https://purl.humanatlas.io/vocab/hp
HGNC:4138,biolink:has_phenotype,HP:0000113,biolink:EntityToDiseaseOrPhenotypicFeatureAssociation,knowledge_assertion,manual_agent,https://purl.humanatlas.io/vocab/hp
HGNC:4138,biolink:has_phenotype,HP:0000107,biolink:EntityToDiseaseOrPhenotypicFeatureAssociation,knowledge_assertion,manual_agent,https://purl.humanatlas.io/vocab/hp
HGNC:4138,biolink:has_phenotype,HP:0000105,biolink:EntityToDiseaseOrPhenotypicFeatureAssociation,knowledge_assertion,manual_agent,https://purl.humanatlas.io/vocab/hp
HGNC:4138,biolink:has_phenotype,HP:0012622,biolink:EntityToDiseaseOrPhenotypicFeatureAssociation,knowledge_assertion,manual_agent,https://purl.humanatlas.io/vocab/hp
HGNC:4138,biolink:has_phenotype,HP:0000791,biolink:EntityToDiseaseOrPhenotypicFeatureAssociation,knowledge_assertion,manual_agent,https://purl.humanatlas.io/vocab/hp
HGNC:4138,biolink:has_phenotype,HP:0000790,biolink:EntityToDiseaseOrPhenotypicFeatureAssociation,knowledge_assertion,manual_agent,https://purl.humanatlas.io/vocab/hp
HGNC:4138,biolink:has_phenotype,HP:0012213,biolink:EntityToDiseaseOrPhenotypicFeatureAssociation,knowledge_assertion,manual_agent,https://purl.humanatlas.io/vocab/hp
HGNC:4138,biolink:has_phenotype,HP:0012330,biolink:EntityToDiseaseOrPhenotypicFeatureAssociation,knowledge_assertion,manual_agent,https://purl.humanatlas.io/vocab/hp
HGNC:18017,biolink:has_phenotype,HP:0003774,biolink:EntityToDiseaseOrPhenotypicFeatureAssociation,knowledge_assertion,manual_agent,https://purl.humanatlas.io/vocab/hp
HGNC:18017,biolink:has_phenotype,HP:0000097,biolink:EntityToDiseaseOrPhenotypicFeatureAssociation,knowledge_assertion,manual_agent,https://purl.humanatlas.io/vocab/hp
HGNC:18017,biolink:has_phenotype,HP:0000097,biolink:EntityToDiseaseOrPhenotypicFeatureAssociation,knowledge_assertion,manual_agent,https://purl.humanatlas.io/vocab/hp
HGNC:18017,biolink:has_phenotype,HP:0012625,biolink:EntityToDiseaseOrPhenotypicFeatureAssociation,knowledge_assertion,manual_agent,https://purl.humanatlas.io/vocab/hp
HGNC:18017,biolink:has_phenotype,HP:0012622,biolink:EntityToDiseaseOrPhenotypicFeatureAssociation,knowledge_assertion,manual_agent,https://purl.humanatlas.io/vocab/hp
HGNC:18017,biolink:has_phenotype,HP:0001967,biolink:EntityToDiseaseOrPhenotypicFeatureAssociation,knowledge_assertion,manual_agent,https://purl.humanatlas.io/vocab/hp
HGNC:18017,biolink:has_phenotype,HP:0012588,biolink:EntityToDiseaseOrPhenotypicFeatureAssociation,knowledge_assertion,manual_agent,https://purl.humanatlas.io/vocab/hp
HGNC:18017,biolink:has_phenotype,HP:0012579,biolink:EntityToDiseaseOrPhenotypicFeatureAssociation,knowledge_assertion,manual_agent,https://purl.humanatlas.io/vocab/hp
HGNC:13607,biolink:has_phenotype,HP:0000089,biolink:EntityToDiseaseOrPhenotypicFeatureAssociation,knowledge_assertion,manual_agent,https://purl.humanatlas.io/vocab/hp
HGNC:28952,biolink:has_phenotype,HP:0000122,biolink:EntityToDiseaseOrPhenotypicFeatureAssociation,knowledge_assertion,manual_agent,https://purl.humanatlas.io/vocab/hp
HGNC:2938,biolink:has_phenotype,HP:0000110,biolink:EntityToDiseaseOrPhenotypicFeatureAssociation,knowledge_assertion,manual_agent,https://purl.humanatlas.io/vocab/hp
HGNC:29168,biolink:has_phenotype,HP:0003774,biolink:EntityToDiseaseOrPhenotypicFeatureAssociation,knowledge_assertion,manual_agent,https://purl.humanatlas.io/vocab/hp
HGNC:29168,biolink:has_phenotype,HP:0003774,biolink:EntityToDiseaseOrPhenotypicFeatureAssociation,knowledge_assertion,manual_agent,https://purl.humanatlas.io/vocab/hp
HGNC:29168,biolink:has_phenotype,HP:0000083,biolink:EntityToDiseaseOrPhenotypicFeatureAssociation,knowledge_assertion,manual_agent,https://purl.humanatlas.io/vocab/hp
HGNC:29168,biolink:has_phenotype,HP:0000083,biolink:EntityToDiseaseOrPhenotypicFeatureAssociation,knowledge_assertion,manual_agent,https://purl.humanatlas.io/vocab/hp
HGNC:29168,biolink:has_phenotype,HP:0000083,biolink:EntityToDiseaseOrPhenotypicFeatureAssociation,knowledge_assertion,manual_agent,https://purl.humanatlas.io/vocab/hp
HGNC:29168,biolink:has_phenotype,HP:0000090,biolink:EntityToDiseaseOrPhenotypicFeatureAssociation,knowledge_assertion,manual_agent,https://purl.humanatlas.io/vocab/hp
HGNC:29168,biolink:has_phenotype,HP:0000090,biolink:EntityToDiseaseOrPhenotypicFeatureAssociation,knowledge_assertion,manual_agent,https://purl.humanatlas.io/vocab/hp
HGNC:29168,biolink:has_phenotype,HP:0000092,biolink:EntityToDiseaseOrPhenotypicFeatureAssociation,knowledge_assertion,manual_agent,https://purl.humanatlas.io/vocab/hp
HGNC:29168,biolink:has_phenotype,HP:0000003,biolink:EntityToDiseaseOrPhenotypicFeatureAssociation,knowledge_assertion,manual_agent,https://purl.humanatlas.io/vocab/hp
HGNC:29168,biolink:has_phenotype,HP:0000003,biolink:EntityToDiseaseOrPhenotypicFeatureAssociation,knowledge_assertion,manual_agent,https://purl.humanatlas.io/vocab/hp
HGNC:29168,biolink:has_phenotype,HP:0000112,biolink:EntityToDiseaseOrPhenotypicFeatureAssociation,knowledge_assertion,manual_agent,https://purl.humanatlas.io/vocab/hp
HGNC:29168,biolink:has_phenotype,HP:0000112,biolink:EntityToDiseaseOrPhenotypicFeatureAssociation,knowledge_assertion,manual_agent,https://purl.humanatlas.io/vocab/hp
HGNC:29168,biolink:has_phenotype,HP:0000107,biolink:EntityToDiseaseOrPhenotypicFeatureAssociation,knowledge_assertion,manual_agent,https://purl.humanatlas.io/vocab/hp
HGNC:29168,biolink:has_phenotype,HP:0000107,biolink:EntityToDiseaseOrPhenotypicFeatureAssociation,knowledge_assertion,manual_agent,https://purl.humanatlas.io/vocab/hp
HGNC:29168,biolink:has_phenotype,HP:0032945,biolink:EntityToDiseaseOrPhenotypicFeatureAssociation,knowledge_assertion,manual_agent,https://purl.humanatlas.io/vocab/hp
HGNC:29168,biolink:has_phenotype,HP:0032948,biolink:EntityToDiseaseOrPhenotypicFeatureAssociation,knowledge_assertion,manual_agent,https://purl.humanatlas.io/vocab/hp
HGNC:29022,biolink:has_phenotype,HP:0000086,biolink:EntityToDiseaseOrPhenotypicFeatureAssociation,knowledge_assertion,manual_agent,https://purl.humanatlas.io/vocab/hp
HGNC:15766,biolink:has_phenotype,HP:0000105,biolink:EntityToDiseaseOrPhenotypicFeatureAssociation,knowledge_assertion,manual_agent,https://purl.humanatlas.io/vocab/hp
HGNC:17095,biolink:has_phenotype,HP:0000790,biolink:EntityToDiseaseOrPhenotypicFeatureAssociation,knowledge_assertion,manual_agent,https://purl.humanatlas.io/vocab/hp
HGNC:17098,biolink:has_phenotype,HP:0002667,biolink:EntityToDiseaseOrPhenotypicFeatureAssociation,knowledge_assertion,manual_agent,https://purl.humanatlas.io/vocab/hp
HGNC:17098,biolink:has_phenotype,HP:0002667,biolink:EntityToDiseaseOrPhenotypicFeatureAssociation,knowledge_assertion,manual_agent,https://purl.humanatlas.io/vocab/hp
HGNC:17098,biolink:has_phenotype,HP:0000105,biolink:EntityToDiseaseOrPhenotypicFeatureAssociation,knowledge_assertion,manual_agent,https://purl.humanatlas.io/vocab/hp
HGNC:17098,biolink:has_phenotype,HP:0005584,biolink:EntityToDiseaseOrPhenotypicFeatureAssociation,knowledge_assertion,manual_agent,https://purl.humanatlas.io/vocab/hp
HGNC:16700,biolink:has_phenotype,HP:0002667,biolink:EntityToDiseaseOrPhenotypicFeatureAssociation,knowledge_assertion,manual_agent,https://purl.humanatlas.io/vocab/hp
HGNC:16700,biolink:has_phenotype,HP:0000100,biolink:EntityToDiseaseOrPhenotypicFeatureAssociation,knowledge_assertion,manual_agent,https://purl.humanatlas.io/vocab/hp
HGNC:18708,biolink:has_phenotype,HP:0010958,biolink:EntityToDiseaseOrPhenotypicFeatureAssociation,knowledge_assertion,manual_agent,https://purl.humanatlas.io/vocab/hp
HGNC:18708,biolink:has_phenotype,HP:0008678,biolink:EntityToDiseaseOrPhenotypicFeatureAssociation,knowledge_assertion,manual_agent,https://purl.humanatlas.io/vocab/hp
HGNC:13575,biolink:has_phenotype,HP:0000083,biolink:EntityToDiseaseOrPhenotypicFeatureAssociation,knowledge_assertion,manual_agent,https://purl.humanatlas.io/vocab/hp
HGNC:13575,biolink:has_phenotype,HP:0000003,biolink:EntityToDiseaseOrPhenotypicFeatureAssociation,knowledge_assertion,manual_agent,https://purl.humanatlas.io/vocab/hp
HGNC:4796,biolink:has_phenotype,HP:0000089,biolink:EntityToDiseaseOrPhenotypicFeatureAssociation,knowledge_assertion,manual_agent,https://purl.humanatlas.io/vocab/hp
HGNC:18143,biolink:has_phenotype,HP:0003774,biolink:EntityToDiseaseOrPhenotypicFeatureAssociation,knowledge_assertion,manual_agent,https://purl.humanatlas.io/vocab/hp
HGNC:18143,biolink:has_phenotype,HP:0000097,biolink:EntityToDiseaseOrPhenotypicFeatureAssociation,knowledge_assertion,manual_agent,https://purl.humanatlas.io/vocab/hp
HGNC:18143,biolink:has_phenotype,HP:0000097,biolink:EntityToDiseaseOrPhenotypicFeatureAssociation,knowledge_assertion,manual_agent,https://purl.humanatlas.io/vocab/hp
HGNC:18143,biolink:has_phenotype,HP:0031266,biolink:EntityToDiseaseOrPhenotypicFeatureAssociation,knowledge_assertion,manual_agent,https://purl.humanatlas.io/vocab/hp
HGNC:18143,biolink:has_phenotype,HP:0033132,biolink:EntityToDiseaseOrPhenotypicFeatureAssociation,knowledge_assertion,manual_agent,https://purl.humanatlas.io/vocab/hp
HGNC:18143,biolink:has_phenotype,HP:0012622,biolink:EntityToDiseaseOrPhenotypicFeatureAssociation,knowledge_assertion,manual_agent,https://purl.humanatlas.io/vocab/hp
HGNC:18143,biolink:has_phenotype,HP:0001967,biolink:EntityToDiseaseOrPhenotypicFeatureAssociation,knowledge_assertion,manual_agent,https://purl.humanatlas.io/vocab/hp
HGNC:18143,biolink:has_phenotype,HP:0012588,biolink:EntityToDiseaseOrPhenotypicFeatureAssociation,knowledge_assertion,manual_agent,https://purl.humanatlas.io/vocab/hp
HGNC:18143,biolink:has_phenotype,HP:0012579,biolink:EntityToDiseaseOrPhenotypicFeatureAssociation,knowledge_assertion,manual_agent,https://purl.humanatlas.io/vocab/hp
HGNC:17582,biolink:has_phenotype,HP:0000003,biolink:EntityToDiseaseOrPhenotypicFeatureAssociation,knowledge_assertion,manual_agent,https://purl.humanatlas.io/vocab/hp
HGNC:17582,biolink:has_phenotype,HP:0000003,biolink:EntityToDiseaseOrPhenotypicFeatureAssociation,knowledge_assertion,manual_agent,https://purl.humanatlas.io/vocab/hp
HGNC:17582,biolink:has_phenotype,HP:0000126,biolink:EntityToDiseaseOrPhenotypicFeatureAssociation,knowledge_assertion,manual_agent,https://purl.humanatlas.io/vocab/hp
HGNC:17582,biolink:has_phenotype,HP:0000126,biolink:EntityToDiseaseOrPhenotypicFeatureAssociation,knowledge_assertion,manual_agent,https://purl.humanatlas.io/vocab/hp
HGNC:16639,biolink:has_phenotype,HP:0000089,biolink:EntityToDiseaseOrPhenotypicFeatureAssociation,knowledge_assertion,manual_agent,https://purl.humanatlas.io/vocab/hp
HGNC:8967,biolink:has_phenotype,HP:0008718,biolink:EntityToDiseaseOrPhenotypicFeatureAssociation,knowledge_assertion,manual_agent,https://purl.humanatlas.io/vocab/hp
HGNC:8967,biolink:has_phenotype,HP:0000003,biolink:EntityToDiseaseOrPhenotypicFeatureAssociation,knowledge_assertion,manual_agent,https://purl.humanatlas.io/vocab/hp
HGNC:8967,biolink:has_phenotype,HP:0000126,biolink:EntityToDiseaseOrPhenotypicFeatureAssociation,knowledge_assertion,manual_agent,https://purl.humanatlas.io/vocab/hp
HGNC:8967,biolink:has_phenotype,HP:0000126,biolink:EntityToDiseaseOrPhenotypicFeatureAssociation,knowledge_assertion,manual_agent,https://purl.humanatlas.io/vocab/hp
HGNC:8967,biolink:has_phenotype,HP:0000126,biolink:EntityToDiseaseOrPhenotypicFeatureAssociation,knowledge_assertion,manual_agent,https://purl.humanatlas.io/vocab/hp
HGNC:8967,biolink:has_phenotype,HP:0000110,biolink:EntityToDiseaseOrPhenotypicFeatureAssociation,knowledge_assertion,manual_agent,https://purl.humanatlas.io/vocab/hp
HGNC:8967,biolink:has_phenotype,HP:0004742,biolink:EntityToDiseaseOrPhenotypicFeatureAssociation,knowledge_assertion,manual_agent,https://purl.humanatlas.io/vocab/hp
HGNC:28887,biolink:has_phenotype,HP:0000089,biolink:EntityToDiseaseOrPhenotypicFeatureAssociation,knowledge_assertion,manual_agent,https://purl.humanatlas.io/vocab/hp
HGNC:28887,biolink:has_phenotype,HP:0000086,biolink:EntityToDiseaseOrPhenotypicFeatureAssociation,knowledge_assertion,manual_agent,https://purl.humanatlas.io/vocab/hp
HGNC:28887,biolink:has_phenotype,HP:0000085,biolink:EntityToDiseaseOrPhenotypicFeatureAssociation,knowledge_assertion,manual_agent,https://purl.humanatlas.io/vocab/hp
HGNC:14258,biolink:has_phenotype,HP:0003774,biolink:EntityToDiseaseOrPhenotypicFeatureAssociation,knowledge_assertion,manual_agent,https://purl.humanatlas.io/vocab/hp
HGNC:14258,biolink:has_phenotype,HP:0000083,biolink:EntityToDiseaseOrPhenotypicFeatureAssociation,knowledge_assertion,manual_agent,https://purl.humanatlas.io/vocab/hp
HGNC:14258,biolink:has_phenotype,HP:0000097,biolink:EntityToDiseaseOrPhenotypicFeatureAssociation,knowledge_assertion,manual_agent,https://purl.humanatlas.io/vocab/hp
HGNC:14258,biolink:has_phenotype,HP:0000097,biolink:EntityToDiseaseOrPhenotypicFeatureAssociation,knowledge_assertion,manual_agent,https://purl.humanatlas.io/vocab/hp
HGNC:14258,biolink:has_phenotype,HP:0012622,biolink:EntityToDiseaseOrPhenotypicFeatureAssociation,knowledge_assertion,manual_agent,https://purl.humanatlas.io/vocab/hp
HGNC:14258,biolink:has_phenotype,HP:0001967,biolink:EntityToDiseaseOrPhenotypicFeatureAssociation,knowledge_assertion,manual_agent,https://purl.humanatlas.io/vocab/hp
HGNC:14258,biolink:has_phenotype,HP:0000790,biolink:EntityToDiseaseOrPhenotypicFeatureAssociation,knowledge_assertion,manual_agent,https://purl.humanatlas.io/vocab/hp
HGNC:14258,biolink:has_phenotype,HP:0012579,biolink:EntityToDiseaseOrPhenotypicFeatureAssociation,knowledge_assertion,manual_agent,https://purl.humanatlas.io/vocab/hp
HGNC:6241,biolink:has_phenotype,HP:0100820,biolink:EntityToDiseaseOrPhenotypicFeatureAssociation,knowledge_assertion,manual_agent,https://purl.humanatlas.io/vocab/hp
HGNC:6241,biolink:has_phenotype,HP:0000083,biolink:EntityToDiseaseOrPhenotypicFeatureAssociation,knowledge_assertion,manual_agent,https://purl.humanatlas.io/vocab/hp
HGNC:6241,biolink:has_phenotype,HP:0002907,biolink:EntityToDiseaseOrPhenotypicFeatureAssociation,knowledge_assertion,manual_agent,https://purl.humanatlas.io/vocab/hp
HGNC:1492,biolink:has_phenotype,HP:0000083,biolink:EntityToDiseaseOrPhenotypicFeatureAssociation,knowledge_assertion,manual_agent,https://purl.humanatlas.io/vocab/hp
HGNC:1492,biolink:has_phenotype,HP:0000091,biolink:EntityToDiseaseOrPhenotypicFeatureAssociation,knowledge_assertion,manual_agent,https://purl.humanatlas.io/vocab/hp
HGNC:5985,biolink:has_phenotype,HP:0000790,biolink:EntityToDiseaseOrPhenotypicFeatureAssociation,knowledge_assertion,manual_agent,https://purl.humanatlas.io/vocab/hp
HGNC:3762,biolink:has_phenotype,HP:0000104,biolink:EntityToDiseaseOrPhenotypicFeatureAssociation,knowledge_assertion,manual_agent,https://purl.humanatlas.io/vocab/hp
HGNC:29043,biolink:has_phenotype,HP:0003774,biolink:EntityToDiseaseOrPhenotypicFeatureAssociation,knowledge_assertion,manual_agent,https://purl.humanatlas.io/vocab/hp
HGNC:29043,biolink:has_phenotype,HP:0000089,biolink:EntityToDiseaseOrPhenotypicFeatureAssociation,knowledge_assertion,manual_agent,https://purl.humanatlas.io/vocab/hp
HGNC:29043,biolink:has_phenotype,HP:0000085,biolink:EntityToDiseaseOrPhenotypicFeatureAssociation,knowledge_assertion,manual_agent,https://purl.humanatlas.io/vocab/hp
HGNC:29043,biolink:has_phenotype,HP:0000122,biolink:EntityToDiseaseOrPhenotypicFeatureAssociation,knowledge_assertion,manual_agent,https://purl.humanatlas.io/vocab/hp
HGNC:17168,biolink:has_phenotype,HP:0000126,biolink:EntityToDiseaseOrPhenotypicFeatureAssociation,knowledge_assertion,manual_agent,https://purl.humanatlas.io/vocab/hp
HGNC:17168,biolink:has_phenotype,HP:0100542,biolink:EntityToDiseaseOrPhenotypicFeatureAssociation,knowledge_assertion,manual_agent,https://purl.humanatlas.io/vocab/hp
HGNC:17228,biolink:has_phenotype,HP:0005584,biolink:EntityToDiseaseOrPhenotypicFeatureAssociation,knowledge_assertion,manual_agent,https://purl.humanatlas.io/vocab/hp
HGNC:6647,biolink:has_phenotype,HP:0000003,biolink:EntityToDiseaseOrPhenotypicFeatureAssociation,knowledge_assertion,manual_agent,https://purl.humanatlas.io/vocab/hp
HGNC:6647,biolink:has_phenotype,HP:0000126,biolink:EntityToDiseaseOrPhenotypicFeatureAssociation,knowledge_assertion,manual_agent,https://purl.humanatlas.io/vocab/hp
HGNC:28862,biolink:has_phenotype,HP:0000089,biolink:EntityToDiseaseOrPhenotypicFeatureAssociation,knowledge_assertion,manual_agent,https://purl.humanatlas.io/vocab/hp
HGNC:28862,biolink:has_phenotype,HP:0000083,biolink:EntityToDiseaseOrPhenotypicFeatureAssociation,knowledge_assertion,manual_agent,https://purl.humanatlas.io/vocab/hp
HGNC:28862,biolink:has_phenotype,HP:0000086,biolink:EntityToDiseaseOrPhenotypicFeatureAssociation,knowledge_assertion,manual_agent,https://purl.humanatlas.io/vocab/hp
HGNC:28862,biolink:has_phenotype,HP:0000085,biolink:EntityToDiseaseOrPhenotypicFeatureAssociation,knowledge_assertion,manual_agent,https://purl.humanatlas.io/vocab/hp
HGNC:28862,biolink:has_phenotype,HP:0000003,biolink:EntityToDiseaseOrPhenotypicFeatureAssociation,knowledge_assertion,manual_agent,https://purl.humanatlas.io/vocab/hp
HGNC:28862,biolink:has_phenotype,HP:0000126,biolink:EntityToDiseaseOrPhenotypicFeatureAssociation,knowledge_assertion,manual_agent,https://purl.humanatlas.io/vocab/hp
HGNC:28862,biolink:has_phenotype,HP:0000107,biolink:EntityToDiseaseOrPhenotypicFeatureAssociation,knowledge_assertion,manual_agent,https://purl.humanatlas.io/vocab/hp
HGNC:28862,biolink:has_phenotype,HP:0005565,biolink:EntityToDiseaseOrPhenotypicFeatureAssociation,knowledge_assertion,manual_agent,https://purl.humanatlas.io/vocab/hp
HGNC:17264,biolink:has_phenotype,HP:0000126,biolink:EntityToDiseaseOrPhenotypicFeatureAssociation,knowledge_assertion,manual_agent,https://purl.humanatlas.io/vocab/hp
HGNC:18654,biolink:has_phenotype,HP:0000122,biolink:EntityToDiseaseOrPhenotypicFeatureAssociation,knowledge_assertion,manual_agent,https://purl.humanatlas.io/vocab/hp
HGNC:18654,biolink:has_phenotype,HP:0000125,biolink:EntityToDiseaseOrPhenotypicFeatureAssociation,knowledge_assertion,manual_agent,https://purl.humanatlas.io/vocab/hp
HGNC:18654,biolink:has_phenotype,HP:0004742,biolink:EntityToDiseaseOrPhenotypicFeatureAssociation,knowledge_assertion,manual_agent,https://purl.humanatlas.io/vocab/hp
HGNC:29918,biolink:has_phenotype,HP:0000114,biolink:EntityToDiseaseOrPhenotypicFeatureAssociation,knowledge_assertion,manual_agent,https://purl.humanatlas.io/vocab/hp
HGNC:29918,biolink:has_phenotype,HP:0000126,biolink:EntityToDiseaseOrPhenotypicFeatureAssociation,knowledge_assertion,manual_agent,https://purl.humanatlas.io/vocab/hp
HGNC:29300,biolink:has_phenotype,HP:0003774,biolink:EntityToDiseaseOrPhenotypicFeatureAssociation,knowledge_assertion,manual_agent,https://purl.humanatlas.io/vocab/hp
HGNC:29300,biolink:has_phenotype,HP:0000097,biolink:EntityToDiseaseOrPhenotypicFeatureAssociation,knowledge_assertion,manual_agent,https://purl.humanatlas.io/vocab/hp
HGNC:29300,biolink:has_phenotype,HP:0000100,biolink:EntityToDiseaseOrPhenotypicFeatureAssociation,knowledge_assertion,manual_agent,https://purl.humanatlas.io/vocab/hp
HGNC:29300,biolink:has_phenotype,HP:0012622,biolink:EntityToDiseaseOrPhenotypicFeatureAssociation,knowledge_assertion,manual_agent,https://purl.humanatlas.io/vocab/hp
HGNC:29300,biolink:has_phenotype,HP:0001967,biolink:EntityToDiseaseOrPhenotypicFeatureAssociation,knowledge_assertion,manual_agent,https://purl.humanatlas.io/vocab/hp
HGNC:29300,biolink:has_phenotype,HP:0000790,biolink:EntityToDiseaseOrPhenotypicFeatureAssociation,knowledge_assertion,manual_agent,https://purl.humanatlas.io/vocab/hp
HGNC:29300,biolink:has_phenotype,HP:0012579,biolink:EntityToDiseaseOrPhenotypicFeatureAssociation,knowledge_assertion,manual_agent,https://purl.humanatlas.io/vocab/hp
HGNC:29300,biolink:has_phenotype,HP:0012579,biolink:EntityToDiseaseOrPhenotypicFeatureAssociation,knowledge_assertion,manual_agent,https://purl.humanatlas.io/vocab/hp
HGNC:30417,biolink:has_phenotype,HP:0000003,biolink:EntityToDiseaseOrPhenotypicFeatureAssociation,knowledge_assertion,manual_agent,https://purl.humanatlas.io/vocab/hp
HGNC:30417,biolink:has_phenotype,HP:0000104,biolink:EntityToDiseaseOrPhenotypicFeatureAssociation,knowledge_assertion,manual_agent,https://purl.humanatlas.io/vocab/hp
HGNC:30417,biolink:has_phenotype,HP:0012622,biolink:EntityToDiseaseOrPhenotypicFeatureAssociation,knowledge_assertion,manual_agent,https://purl.humanatlas.io/vocab/hp
HGNC:24525,biolink:has_phenotype,HP:0100820,biolink:EntityToDiseaseOrPhenotypicFeatureAssociation,knowledge_assertion,manual_agent,https://purl.humanatlas.io/vocab/hp
HGNC:24525,biolink:has_phenotype,HP:0000083,biolink:EntityToDiseaseOrPhenotypicFeatureAssociation,knowledge_assertion,manual_agent,https://purl.humanatlas.io/vocab/hp
HGNC:24525,biolink:has_phenotype,HP:0000083,biolink:EntityToDiseaseOrPhenotypicFeatureAssociation,knowledge_assertion,manual_agent,https://purl.humanatlas.io/vocab/hp
HGNC:24525,biolink:has_phenotype,HP:0000112,biolink:EntityToDiseaseOrPhenotypicFeatureAssociation,knowledge_assertion,manual_agent,https://purl.humanatlas.io/vocab/hp
HGNC:24525,biolink:has_phenotype,HP:0005575,biolink:EntityToDiseaseOrPhenotypicFeatureAssociation,knowledge_assertion,manual_agent,https://purl.humanatlas.io/vocab/hp
HGNC:24525,biolink:has_phenotype,HP:0005575,biolink:EntityToDiseaseOrPhenotypicFeatureAssociation,knowledge_assertion,manual_agent,https://purl.humanatlas.io/vocab/hp
HGNC:24525,biolink:has_phenotype,HP:0001919,biolink:EntityToDiseaseOrPhenotypicFeatureAssociation,knowledge_assertion,manual_agent,https://purl.humanatlas.io/vocab/hp
HGNC:24525,biolink:has_phenotype,HP:0000790,biolink:EntityToDiseaseOrPhenotypicFeatureAssociation,knowledge_assertion,manual_agent,https://purl.humanatlas.io/vocab/hp
HGNC:24564,biolink:has_phenotype,HP:0012583,biolink:EntityToDiseaseOrPhenotypicFeatureAssociation,knowledge_assertion,manual_agent,https://purl.humanatlas.io/vocab/hp
HGNC:15573,biolink:has_phenotype,HP:0002667,biolink:EntityToDiseaseOrPhenotypicFeatureAssociation,knowledge_assertion,manual_agent,https://purl.humanatlas.io/vocab/hp
HGNC:15573,biolink:has_phenotype,HP:0000126,biolink:EntityToDiseaseOrPhenotypicFeatureAssociation,knowledge_assertion,manual_agent,https://purl.humanatlas.io/vocab/hp
HGNC:15573,biolink:has_phenotype,HP:0000126,biolink:EntityToDiseaseOrPhenotypicFeatureAssociation,knowledge_assertion,manual_agent,https://purl.humanatlas.io/vocab/hp
HGNC:15573,biolink:has_phenotype,HP:0000107,biolink:EntityToDiseaseOrPhenotypicFeatureAssociation,knowledge_assertion,manual_agent,https://purl.humanatlas.io/vocab/hp
HGNC:15573,biolink:has_phenotype,HP:0000787,biolink:EntityToDiseaseOrPhenotypicFeatureAssociation,knowledge_assertion,manual_agent,https://purl.humanatlas.io/vocab/hp
HGNC:23575,biolink:has_phenotype,HP:0000122,biolink:EntityToDiseaseOrPhenotypicFeatureAssociation,knowledge_assertion,manual_agent,https://purl.humanatlas.io/vocab/hp
HGNC:24035,biolink:has_phenotype,HP:0000112,biolink:EntityToDiseaseOrPhenotypicFeatureAssociation,knowledge_assertion,manual_agent,https://purl.humanatlas.io/vocab/hp
HGNC:24035,biolink:has_phenotype,HP:0000107,biolink:EntityToDiseaseOrPhenotypicFeatureAssociation,knowledge_assertion,manual_agent,https://purl.humanatlas.io/vocab/hp
HGNC:18640,biolink:has_phenotype,HP:0001920,biolink:EntityToDiseaseOrPhenotypicFeatureAssociation,knowledge_assertion,manual_agent,https://purl.humanatlas.io/vocab/hp
HGNC:18640,biolink:has_phenotype,HP:0000799,biolink:EntityToDiseaseOrPhenotypicFeatureAssociation,knowledge_assertion,manual_agent,https://purl.humanatlas.io/vocab/hp
HGNC:24519,biolink:has_phenotype,HP:0008678,biolink:EntityToDiseaseOrPhenotypicFeatureAssociation,knowledge_assertion,manual_agent,https://purl.humanatlas.io/vocab/hp
HGNC:24519,biolink:has_phenotype,HP:0008678,biolink:EntityToDiseaseOrPhenotypicFeatureAssociation,knowledge_assertion,manual_agent,https://purl.humanatlas.io/vocab/hp
HGNC:24519,biolink:has_phenotype,HP:0000085,biolink:EntityToDiseaseOrPhenotypicFeatureAssociation,knowledge_assertion,manual_agent,https://purl.humanatlas.io/vocab/hp
HGNC:24519,biolink:has_phenotype,HP:0000003,biolink:EntityToDiseaseOrPhenotypicFeatureAssociation,knowledge_assertion,manual_agent,https://purl.humanatlas.io/vocab/hp
HGNC:24519,biolink:has_phenotype,HP:0000107,biolink:EntityToDiseaseOrPhenotypicFeatureAssociation,knowledge_assertion,manual_agent,https://purl.humanatlas.io/vocab/hp
HGNC:24519,biolink:has_phenotype,HP:0000104,biolink:EntityToDiseaseOrPhenotypicFeatureAssociation,knowledge_assertion,manual_agent,https://purl.humanatlas.io/vocab/hp
HGNC:24519,biolink:has_phenotype,HP:0000104,biolink:EntityToDiseaseOrPhenotypicFeatureAssociation,knowledge_assertion,manual_agent,https://purl.humanatlas.io/vocab/hp
HGNC:23375,biolink:has_phenotype,HP:0003774,biolink:EntityToDiseaseOrPhenotypicFeatureAssociation,knowledge_assertion,manual_agent,https://purl.humanatlas.io/vocab/hp
HGNC:23375,biolink:has_phenotype,HP:0000097,biolink:EntityToDiseaseOrPhenotypicFeatureAssociation,knowledge_assertion,manual_agent,https://purl.humanatlas.io/vocab/hp
HGNC:23375,biolink:has_phenotype,HP:0012622,biolink:EntityToDiseaseOrPhenotypicFeatureAssociation,knowledge_assertion,manual_agent,https://purl.humanatlas.io/vocab/hp
HGNC:23375,biolink:has_phenotype,HP:0001967,biolink:EntityToDiseaseOrPhenotypicFeatureAssociation,knowledge_assertion,manual_agent,https://purl.humanatlas.io/vocab/hp
HGNC:23375,biolink:has_phenotype,HP:0012579,biolink:EntityToDiseaseOrPhenotypicFeatureAssociation,knowledge_assertion,manual_agent,https://purl.humanatlas.io/vocab/hp
HGNC:17861,biolink:has_phenotype,HP:0003774,biolink:EntityToDiseaseOrPhenotypicFeatureAssociation,knowledge_assertion,manual_agent,https://purl.humanatlas.io/vocab/hp
HGNC:17861,biolink:has_phenotype,HP:0003774,biolink:EntityToDiseaseOrPhenotypicFeatureAssociation,knowledge_assertion,manual_agent,https://purl.humanatlas.io/vocab/hp
HGNC:17861,biolink:has_phenotype,HP:0000090,biolink:EntityToDiseaseOrPhenotypicFeatureAssociation,knowledge_assertion,manual_agent,https://purl.humanatlas.io/vocab/hp
HGNC:17861,biolink:has_phenotype,HP:0000090,biolink:EntityToDiseaseOrPhenotypicFeatureAssociation,knowledge_assertion,manual_agent,https://purl.humanatlas.io/vocab/hp
HGNC:17861,biolink:has_phenotype,HP:0001970,biolink:EntityToDiseaseOrPhenotypicFeatureAssociation,knowledge_assertion,manual_agent,https://purl.humanatlas.io/vocab/hp
HGNC:17861,biolink:has_phenotype,HP:0012622,biolink:EntityToDiseaseOrPhenotypicFeatureAssociation,knowledge_assertion,manual_agent,https://purl.humanatlas.io/vocab/hp
HGNC:14637,biolink:has_phenotype,HP:0000083,biolink:EntityToDiseaseOrPhenotypicFeatureAssociation,knowledge_assertion,manual_agent,https://purl.humanatlas.io/vocab/hp
HGNC:30391,biolink:has_phenotype,HP:0000083,biolink:EntityToDiseaseOrPhenotypicFeatureAssociation,knowledge_assertion,manual_agent,https://purl.humanatlas.io/vocab/hp
HGNC:30391,biolink:has_phenotype,HP:0000085,biolink:EntityToDiseaseOrPhenotypicFeatureAssociation,knowledge_assertion,manual_agent,https://purl.humanatlas.io/vocab/hp
HGNC:30391,biolink:has_phenotype,HP:0000090,biolink:EntityToDiseaseOrPhenotypicFeatureAssociation,knowledge_assertion,manual_agent,https://purl.humanatlas.io/vocab/hp
HGNC:30391,biolink:has_phenotype,HP:0000090,biolink:EntityToDiseaseOrPhenotypicFeatureAssociation,knowledge_assertion,manual_agent,https://purl.humanatlas.io/vocab/hp
HGNC:30391,biolink:has_phenotype,HP:0000126,biolink:EntityToDiseaseOrPhenotypicFeatureAssociation,knowledge_assertion,manual_agent,https://purl.humanatlas.io/vocab/hp
HGNC:30391,biolink:has_phenotype,HP:0000100,biolink:EntityToDiseaseOrPhenotypicFeatureAssociation,knowledge_assertion,manual_agent,https://purl.humanatlas.io/vocab/hp
HGNC:30391,biolink:has_phenotype,HP:0000112,biolink:EntityToDiseaseOrPhenotypicFeatureAssociation,knowledge_assertion,manual_agent,https://purl.humanatlas.io/vocab/hp
HGNC:30391,biolink:has_phenotype,HP:0005562,biolink:EntityToDiseaseOrPhenotypicFeatureAssociation,knowledge_assertion,manual_agent,https://purl.humanatlas.io/vocab/hp
HGNC:30391,biolink:has_phenotype,HP:0012622,biolink:EntityToDiseaseOrPhenotypicFeatureAssociation,knowledge_assertion,manual_agent,https://purl.humanatlas.io/vocab/hp
HGNC:30391,biolink:has_phenotype,HP:0012622,biolink:EntityToDiseaseOrPhenotypicFeatureAssociation,knowledge_assertion,manual_agent,https://purl.humanatlas.io/vocab/hp
HGNC:24555,biolink:has_phenotype,HP:0000110,biolink:EntityToDiseaseOrPhenotypicFeatureAssociation,knowledge_assertion,manual_agent,https://purl.humanatlas.io/vocab/hp
HGNC:9652,biolink:has_phenotype,HP:0100820,biolink:EntityToDiseaseOrPhenotypicFeatureAssociation,knowledge_assertion,manual_agent,https://purl.humanatlas.io/vocab/hp
HGNC:9652,biolink:has_phenotype,HP:0000083,biolink:EntityToDiseaseOrPhenotypicFeatureAssociation,knowledge_assertion,manual_agent,https://purl.humanatlas.io/vocab/hp
HGNC:9652,biolink:has_phenotype,HP:0000083,biolink:EntityToDiseaseOrPhenotypicFeatureAssociation,knowledge_assertion,manual_agent,https://purl.humanatlas.io/vocab/hp
HGNC:9652,biolink:has_phenotype,HP:0000099,biolink:EntityToDiseaseOrPhenotypicFeatureAssociation,knowledge_assertion,manual_agent,https://purl.humanatlas.io/vocab/hp
HGNC:9652,biolink:has_phenotype,HP:0033726,biolink:EntityToDiseaseOrPhenotypicFeatureAssociation,knowledge_assertion,manual_agent,https://purl.humanatlas.io/vocab/hp
HGNC:9652,biolink:has_phenotype,HP:0033726,biolink:EntityToDiseaseOrPhenotypicFeatureAssociation,knowledge_assertion,manual_agent,https://purl.humanatlas.io/vocab/hp
HGNC:9652,biolink:has_phenotype,HP:0000123,biolink:EntityToDiseaseOrPhenotypicFeatureAssociation,knowledge_assertion,manual_agent,https://purl.humanatlas.io/vocab/hp
HGNC:9652,biolink:has_phenotype,HP:0000126,biolink:EntityToDiseaseOrPhenotypicFeatureAssociation,knowledge_assertion,manual_agent,https://purl.humanatlas.io/vocab/hp
HGNC:9652,biolink:has_phenotype,HP:0000103,biolink:EntityToDiseaseOrPhenotypicFeatureAssociation,knowledge_assertion,manual_agent,https://purl.humanatlas.io/vocab/hp
HGNC:9652,biolink:has_phenotype,HP:0000790,biolink:EntityToDiseaseOrPhenotypicFeatureAssociation,knowledge_assertion,manual_agent,https://purl.humanatlas.io/vocab/hp
HGNC:9652,biolink:has_phenotype,HP:0000790,biolink:EntityToDiseaseOrPhenotypicFeatureAssociation,knowledge_assertion,manual_agent,https://purl.humanatlas.io/vocab/hp
HGNC:9652,biolink:has_phenotype,HP:0000790,biolink:EntityToDiseaseOrPhenotypicFeatureAssociation,knowledge_assertion,manual_agent,https://purl.humanatlas.io/vocab/hp
HGNC:8923,biolink:has_phenotype,HP:0000104,biolink:EntityToDiseaseOrPhenotypicFeatureAssociation,knowledge_assertion,manual_agent,https://purl.humanatlas.io/vocab/hp
HGNC:13601,biolink:has_phenotype,HP:0000126,biolink:EntityToDiseaseOrPhenotypicFeatureAssociation,knowledge_assertion,manual_agent,https://purl.humanatlas.io/vocab/hp
HGNC:13601,biolink:has_phenotype,HP:0001947,biolink:EntityToDiseaseOrPhenotypicFeatureAssociation,knowledge_assertion,manual_agent,https://purl.humanatlas.io/vocab/hp
HGNC:12712,biolink:has_phenotype,HP:0000092,biolink:EntityToDiseaseOrPhenotypicFeatureAssociation,knowledge_assertion,manual_agent,https://purl.humanatlas.io/vocab/hp
HGNC:12712,biolink:has_phenotype,HP:0000121,biolink:EntityToDiseaseOrPhenotypicFeatureAssociation,knowledge_assertion,manual_agent,https://purl.humanatlas.io/vocab/hp
HGNC:12712,biolink:has_phenotype,HP:0000121,biolink:EntityToDiseaseOrPhenotypicFeatureAssociation,knowledge_assertion,manual_agent,https://purl.humanatlas.io/vocab/hp
HGNC:12712,biolink:has_phenotype,HP:0000124,biolink:EntityToDiseaseOrPhenotypicFeatureAssociation,knowledge_assertion,manual_agent,https://purl.humanatlas.io/vocab/hp
HGNC:12712,biolink:has_phenotype,HP:0000112,biolink:EntityToDiseaseOrPhenotypicFeatureAssociation,knowledge_assertion,manual_agent,https://purl.humanatlas.io/vocab/hp
HGNC:12712,biolink:has_phenotype,HP:0005565,biolink:EntityToDiseaseOrPhenotypicFeatureAssociation,knowledge_assertion,manual_agent,https://purl.humanatlas.io/vocab/hp
HGNC:12712,biolink:has_phenotype,HP:0001947,biolink:EntityToDiseaseOrPhenotypicFeatureAssociation,knowledge_assertion,manual_agent,https://purl.humanatlas.io/vocab/hp
HGNC:12712,biolink:has_phenotype,HP:0001994,biolink:EntityToDiseaseOrPhenotypicFeatureAssociation,knowledge_assertion,manual_agent,https://purl.humanatlas.io/vocab/hp
HGNC:3677,biolink:has_phenotype,HP:0010958,biolink:EntityToDiseaseOrPhenotypicFeatureAssociation,knowledge_assertion,manual_agent,https://purl.humanatlas.io/vocab/hp
HGNC:3677,biolink:has_phenotype,HP:0000104,biolink:EntityToDiseaseOrPhenotypicFeatureAssociation,knowledge_assertion,manual_agent,https://purl.humanatlas.io/vocab/hp
HGNC:10933,biolink:has_phenotype,HP:0000100,biolink:EntityToDiseaseOrPhenotypicFeatureAssociation,knowledge_assertion,manual_agent,https://purl.humanatlas.io/vocab/hp
HGNC:15561,biolink:has_phenotype,HP:0000083,biolink:EntityToDiseaseOrPhenotypicFeatureAssociation,knowledge_assertion,manual_agent,https://purl.humanatlas.io/vocab/hp
HGNC:15832,biolink:has_phenotype,HP:0000787,biolink:EntityToDiseaseOrPhenotypicFeatureAssociation,knowledge_assertion,manual_agent,https://purl.humanatlas.io/vocab/hp
HGNC:11586,biolink:has_phenotype,HP:0100817,biolink:EntityToDiseaseOrPhenotypicFeatureAssociation,knowledge_assertion,manual_agent,https://purl.humanatlas.io/vocab/hp
HGNC:11586,biolink:has_phenotype,HP:0000089,biolink:EntityToDiseaseOrPhenotypicFeatureAssociation,knowledge_assertion,manual_agent,https://purl.humanatlas.io/vocab/hp
HGNC:11586,biolink:has_phenotype,HP:0000083,biolink:EntityToDiseaseOrPhenotypicFeatureAssociation,knowledge_assertion,manual_agent,https://purl.humanatlas.io/vocab/hp
HGNC:11586,biolink:has_phenotype,HP:0000075,biolink:EntityToDiseaseOrPhenotypicFeatureAssociation,knowledge_assertion,manual_agent,https://purl.humanatlas.io/vocab/hp
HGNC:11586,biolink:has_phenotype,HP:0000121,biolink:EntityToDiseaseOrPhenotypicFeatureAssociation,knowledge_assertion,manual_agent,https://purl.humanatlas.io/vocab/hp
HGNC:11586,biolink:has_phenotype,HP:0000125,biolink:EntityToDiseaseOrPhenotypicFeatureAssociation,knowledge_assertion,manual_agent,https://purl.humanatlas.io/vocab/hp
HGNC:11586,biolink:has_phenotype,HP:0005562,biolink:EntityToDiseaseOrPhenotypicFeatureAssociation,knowledge_assertion,manual_agent,https://purl.humanatlas.io/vocab/hp
HGNC:11586,biolink:has_phenotype,HP:0001969,biolink:EntityToDiseaseOrPhenotypicFeatureAssociation,knowledge_assertion,manual_agent,https://purl.humanatlas.io/vocab/hp
HGNC:11586,biolink:has_phenotype,HP:0000787,biolink:EntityToDiseaseOrPhenotypicFeatureAssociation,knowledge_assertion,manual_agent,https://purl.humanatlas.io/vocab/hp
HGNC:8149,biolink:has_phenotype,HP:0008672,biolink:EntityToDiseaseOrPhenotypicFeatureAssociation,knowledge_assertion,manual_agent,https://purl.humanatlas.io/vocab/hp
HGNC:7128,biolink:has_phenotype,HP:0005584,biolink:EntityToDiseaseOrPhenotypicFeatureAssociation,knowledge_assertion,manual_agent,https://purl.humanatlas.io/vocab/hp
HGNC:7907,biolink:has_phenotype,HP:0003774,biolink:EntityToDiseaseOrPhenotypicFeatureAssociation,knowledge_assertion,manual_agent,https://purl.humanatlas.io/vocab/hp
HGNC:7907,biolink:has_phenotype,HP:0003774,biolink:EntityToDiseaseOrPhenotypicFeatureAssociation,knowledge_assertion,manual_agent,https://purl.humanatlas.io/vocab/hp
HGNC:7907,biolink:has_phenotype,HP:0003774,biolink:EntityToDiseaseOrPhenotypicFeatureAssociation,knowledge_assertion,manual_agent,https://purl.humanatlas.io/vocab/hp
HGNC:7907,biolink:has_phenotype,HP:0003774,biolink:EntityToDiseaseOrPhenotypicFeatureAssociation,knowledge_assertion,manual_agent,https://purl.humanatlas.io/vocab/hp
HGNC:7907,biolink:has_phenotype,HP:0000083,biolink:EntityToDiseaseOrPhenotypicFeatureAssociation,knowledge_assertion,manual_agent,https://purl.humanatlas.io/vocab/hp
HGNC:7907,biolink:has_phenotype,HP:0000083,biolink:EntityToDiseaseOrPhenotypicFeatureAssociation,knowledge_assertion,manual_agent,https://purl.humanatlas.io/vocab/hp
HGNC:7907,biolink:has_phenotype,HP:0000083,biolink:EntityToDiseaseOrPhenotypicFeatureAssociation,knowledge_assertion,manual_agent,https://purl.humanatlas.io/vocab/hp
HGNC:7907,biolink:has_phenotype,HP:0000090,biolink:EntityToDiseaseOrPhenotypicFeatureAssociation,knowledge_assertion,manual_agent,https://purl.humanatlas.io/vocab/hp
HGNC:7907,biolink:has_phenotype,HP:0000090,biolink:EntityToDiseaseOrPhenotypicFeatureAssociation,knowledge_assertion,manual_agent,https://purl.humanatlas.io/vocab/hp
HGNC:7907,biolink:has_phenotype,HP:0000092,biolink:EntityToDiseaseOrPhenotypicFeatureAssociation,knowledge_assertion,manual_agent,https://purl.humanatlas.io/vocab/hp
HGNC:7907,biolink:has_phenotype,HP:0000003,biolink:EntityToDiseaseOrPhenotypicFeatureAssociation,knowledge_assertion,manual_agent,https://purl.humanatlas.io/vocab/hp
HGNC:7907,biolink:has_phenotype,HP:0000003,biolink:EntityToDiseaseOrPhenotypicFeatureAssociation,knowledge_assertion,manual_agent,https://purl.humanatlas.io/vocab/hp
HGNC:7907,biolink:has_phenotype,HP:0000113,biolink:EntityToDiseaseOrPhenotypicFeatureAssociation,knowledge_assertion,manual_agent,https://purl.humanatlas.io/vocab/hp
HGNC:7907,biolink:has_phenotype,HP:0000110,biolink:EntityToDiseaseOrPhenotypicFeatureAssociation,knowledge_assertion,manual_agent,https://purl.humanatlas.io/vocab/hp
HGNC:7907,biolink:has_phenotype,HP:0000110,biolink:EntityToDiseaseOrPhenotypicFeatureAssociation,knowledge_assertion,manual_agent,https://purl.humanatlas.io/vocab/hp
HGNC:7907,biolink:has_phenotype,HP:0000110,biolink:EntityToDiseaseOrPhenotypicFeatureAssociation,knowledge_assertion,manual_agent,https://purl.humanatlas.io/vocab/hp
HGNC:7907,biolink:has_phenotype,HP:0000107,biolink:EntityToDiseaseOrPhenotypicFeatureAssociation,knowledge_assertion,manual_agent,https://purl.humanatlas.io/vocab/hp
HGNC:7907,biolink:has_phenotype,HP:0000108,biolink:EntityToDiseaseOrPhenotypicFeatureAssociation,knowledge_assertion,manual_agent,https://purl.humanatlas.io/vocab/hp
HGNC:7907,biolink:has_phenotype,HP:0000103,biolink:EntityToDiseaseOrPhenotypicFeatureAssociation,knowledge_assertion,manual_agent,https://purl.humanatlas.io/vocab/hp
HGNC:7907,biolink:has_phenotype,HP:0000105,biolink:EntityToDiseaseOrPhenotypicFeatureAssociation,knowledge_assertion,manual_agent,https://purl.humanatlas.io/vocab/hp
HGNC:7907,biolink:has_phenotype,HP:0000105,biolink:EntityToDiseaseOrPhenotypicFeatureAssociation,knowledge_assertion,manual_agent,https://purl.humanatlas.io/vocab/hp
HGNC:7907,biolink:has_phenotype,HP:0000105,biolink:EntityToDiseaseOrPhenotypicFeatureAssociation,knowledge_assertion,manual_agent,https://purl.humanatlas.io/vocab/hp
HGNC:7907,biolink:has_phenotype,HP:0000104,biolink:EntityToDiseaseOrPhenotypicFeatureAssociation,knowledge_assertion,manual_agent,https://purl.humanatlas.io/vocab/hp
HGNC:7907,biolink:has_phenotype,HP:0100611,biolink:EntityToDiseaseOrPhenotypicFeatureAssociation,knowledge_assertion,manual_agent,https://purl.humanatlas.io/vocab/hp
HGNC:7907,biolink:has_phenotype,HP:0005576,biolink:EntityToDiseaseOrPhenotypicFeatureAssociation,knowledge_assertion,manual_agent,https://purl.humanatlas.io/vocab/hp
HGNC:7907,biolink:has_phenotype,HP:0012622,biolink:EntityToDiseaseOrPhenotypicFeatureAssociation,knowledge_assertion,manual_agent,https://purl.humanatlas.io/vocab/hp
HGNC:7907,biolink:has_phenotype,HP:0000790,biolink:EntityToDiseaseOrPhenotypicFeatureAssociation,knowledge_assertion,manual_agent,https://purl.humanatlas.io/vocab/hp
HGNC:24123,biolink:has_phenotype,HP:0010946,biolink:EntityToDiseaseOrPhenotypicFeatureAssociation,knowledge_assertion,manual_agent,https://purl.humanatlas.io/vocab/hp
HGNC:24123,biolink:has_phenotype,HP:0000003,biolink:EntityToDiseaseOrPhenotypicFeatureAssociation,knowledge_assertion,manual_agent,https://purl.humanatlas.io/vocab/hp
HGNC:24123,biolink:has_phenotype,HP:0000003,biolink:EntityToDiseaseOrPhenotypicFeatureAssociation,knowledge_assertion,manual_agent,https://purl.humanatlas.io/vocab/hp
HGNC:17869,biolink:has_phenotype,HP:0000085,biolink:EntityToDiseaseOrPhenotypicFeatureAssociation,knowledge_assertion,manual_agent,https://purl.humanatlas.io/vocab/hp
HGNC:17869,biolink:has_phenotype,HP:0000085,biolink:EntityToDiseaseOrPhenotypicFeatureAssociation,knowledge_assertion,manual_agent,https://purl.humanatlas.io/vocab/hp
HGNC:17870,biolink:has_phenotype,HP:0003774,biolink:EntityToDiseaseOrPhenotypicFeatureAssociation,knowledge_assertion,manual_agent,https://purl.humanatlas.io/vocab/hp
HGNC:17870,biolink:has_phenotype,HP:0003774,biolink:EntityToDiseaseOrPhenotypicFeatureAssociation,knowledge_assertion,manual_agent,https://purl.humanatlas.io/vocab/hp
HGNC:17870,biolink:has_phenotype,HP:0000090,biolink:EntityToDiseaseOrPhenotypicFeatureAssociation,knowledge_assertion,manual_agent,https://purl.humanatlas.io/vocab/hp
HGNC:17870,biolink:has_phenotype,HP:0000090,biolink:EntityToDiseaseOrPhenotypicFeatureAssociation,knowledge_assertion,manual_agent,https://purl.humanatlas.io/vocab/hp
HGNC:17870,biolink:has_phenotype,HP:0000105,biolink:EntityToDiseaseOrPhenotypicFeatureAssociation,knowledge_assertion,manual_agent,https://purl.humanatlas.io/vocab/hp
HGNC:17870,biolink:has_phenotype,HP:0004743,biolink:EntityToDiseaseOrPhenotypicFeatureAssociation,knowledge_assertion,manual_agent,https://purl.humanatlas.io/vocab/hp
HGNC:17870,biolink:has_phenotype,HP:0004734,biolink:EntityToDiseaseOrPhenotypicFeatureAssociation,knowledge_assertion,manual_agent,https://purl.humanatlas.io/vocab/hp
HGNC:17870,biolink:has_phenotype,HP:0004719,biolink:EntityToDiseaseOrPhenotypicFeatureAssociation,knowledge_assertion,manual_agent,https://purl.humanatlas.io/vocab/hp
HGNC:17870,biolink:has_phenotype,HP:0005564,biolink:EntityToDiseaseOrPhenotypicFeatureAssociation,knowledge_assertion,manual_agent,https://purl.humanatlas.io/vocab/hp
HGNC:17870,biolink:has_phenotype,HP:0012622,biolink:EntityToDiseaseOrPhenotypicFeatureAssociation,knowledge_assertion,manual_agent,https://purl.humanatlas.io/vocab/hp
HGNC:29239,biolink:has_phenotype,HP:0000089,biolink:EntityToDiseaseOrPhenotypicFeatureAssociation,knowledge_assertion,manual_agent,https://purl.humanatlas.io/vocab/hp
HGNC:4531,biolink:has_phenotype,HP:0000121,biolink:EntityToDiseaseOrPhenotypicFeatureAssociation,knowledge_assertion,manual_agent,https://purl.humanatlas.io/vocab/hp
HGNC:4531,biolink:has_phenotype,HP:0000787,biolink:EntityToDiseaseOrPhenotypicFeatureAssociation,knowledge_assertion,manual_agent,https://purl.humanatlas.io/vocab/hp
HGNC:25223,biolink:has_phenotype,HP:0000097,biolink:EntityToDiseaseOrPhenotypicFeatureAssociation,knowledge_assertion,manual_agent,https://purl.humanatlas.io/vocab/hp
HGNC:25223,biolink:has_phenotype,HP:0000096,biolink:EntityToDiseaseOrPhenotypicFeatureAssociation,knowledge_assertion,manual_agent,https://purl.humanatlas.io/vocab/hp
HGNC:25223,biolink:has_phenotype,HP:0000100,biolink:EntityToDiseaseOrPhenotypicFeatureAssociation,knowledge_assertion,manual_agent,https://purl.humanatlas.io/vocab/hp
HGNC:30677,biolink:has_phenotype,HP:0008678,biolink:EntityToDiseaseOrPhenotypicFeatureAssociation,knowledge_assertion,manual_agent,https://purl.humanatlas.io/vocab/hp
HGNC:30000,biolink:has_phenotype,HP:0000083,biolink:EntityToDiseaseOrPhenotypicFeatureAssociation,knowledge_assertion,manual_agent,https://purl.humanatlas.io/vocab/hp
HGNC:30000,biolink:has_phenotype,HP:0000085,biolink:EntityToDiseaseOrPhenotypicFeatureAssociation,knowledge_assertion,manual_agent,https://purl.humanatlas.io/vocab/hp
HGNC:30000,biolink:has_phenotype,HP:0000126,biolink:EntityToDiseaseOrPhenotypicFeatureAssociation,knowledge_assertion,manual_agent,https://purl.humanatlas.io/vocab/hp
HGNC:30000,biolink:has_phenotype,HP:0000100,biolink:EntityToDiseaseOrPhenotypicFeatureAssociation,knowledge_assertion,manual_agent,https://purl.humanatlas.io/vocab/hp
HGNC:30000,biolink:has_phenotype,HP:0005562,biolink:EntityToDiseaseOrPhenotypicFeatureAssociation,knowledge_assertion,manual_agent,https://purl.humanatlas.io/vocab/hp
HGNC:30000,biolink:has_phenotype,HP:0012622,biolink:EntityToDiseaseOrPhenotypicFeatureAssociation,knowledge_assertion,manual_agent,https://purl.humanatlas.io/vocab/hp
HGNC:17893,biolink:has_phenotype,HP:0000126,biolink:EntityToDiseaseOrPhenotypicFeatureAssociation,knowledge_assertion,manual_agent,https://purl.humanatlas.io/vocab/hp
HGNC:2908,biolink:has_phenotype,HP:0000104,biolink:EntityToDiseaseOrPhenotypicFeatureAssociation,knowledge_assertion,manual_agent,https://purl.humanatlas.io/vocab/hp
HGNC:28909,biolink:has_phenotype,HP:0000126,biolink:EntityToDiseaseOrPhenotypicFeatureAssociation,knowledge_assertion,manual_agent,https://purl.humanatlas.io/vocab/hp
HGNC:24338,biolink:has_phenotype,HP:0004719,biolink:EntityToDiseaseOrPhenotypicFeatureAssociation,knowledge_assertion,manual_agent,https://purl.humanatlas.io/vocab/hp
HGNC:24338,biolink:has_phenotype,HP:0005575,biolink:EntityToDiseaseOrPhenotypicFeatureAssociation,knowledge_assertion,manual_agent,https://purl.humanatlas.io/vocab/hp
HGNC:21034,biolink:has_phenotype,HP:0000114,biolink:EntityToDiseaseOrPhenotypicFeatureAssociation,knowledge_assertion,manual_agent,https://purl.humanatlas.io/vocab/hp
HGNC:25006,biolink:has_phenotype,HP:0000122,biolink:EntityToDiseaseOrPhenotypicFeatureAssociation,knowledge_assertion,manual_agent,https://purl.humanatlas.io/vocab/hp
HGNC:25009,biolink:has_phenotype,HP:0008678,biolink:EntityToDiseaseOrPhenotypicFeatureAssociation,knowledge_assertion,manual_agent,https://purl.humanatlas.io/vocab/hp
HGNC:25009,biolink:has_phenotype,HP:0000083,biolink:EntityToDiseaseOrPhenotypicFeatureAssociation,knowledge_assertion,manual_agent,https://purl.humanatlas.io/vocab/hp
HGNC:25009,biolink:has_phenotype,HP:0100542,biolink:EntityToDiseaseOrPhenotypicFeatureAssociation,knowledge_assertion,manual_agent,https://purl.humanatlas.io/vocab/hp
HGNC:25009,biolink:has_phenotype,HP:0012210,biolink:EntityToDiseaseOrPhenotypicFeatureAssociation,knowledge_assertion,manual_agent,https://purl.humanatlas.io/vocab/hp
HGNC:11584,biolink:has_phenotype,HP:0000100,biolink:EntityToDiseaseOrPhenotypicFeatureAssociation,knowledge_assertion,manual_agent,https://purl.humanatlas.io/vocab/hp
HGNC:20266,biolink:has_phenotype,HP:0003774,biolink:EntityToDiseaseOrPhenotypicFeatureAssociation,knowledge_assertion,manual_agent,https://purl.humanatlas.io/vocab/hp
HGNC:20266,biolink:has_phenotype,HP:0003774,biolink:EntityToDiseaseOrPhenotypicFeatureAssociation,knowledge_assertion,manual_agent,https://purl.humanatlas.io/vocab/hp
HGNC:20266,biolink:has_phenotype,HP:0008672,biolink:EntityToDiseaseOrPhenotypicFeatureAssociation,knowledge_assertion,manual_agent,https://purl.humanatlas.io/vocab/hp
HGNC:20266,biolink:has_phenotype,HP:0000083,biolink:EntityToDiseaseOrPhenotypicFeatureAssociation,knowledge_assertion,manual_agent,https://purl.humanatlas.io/vocab/hp
HGNC:20266,biolink:has_phenotype,HP:0000083,biolink:EntityToDiseaseOrPhenotypicFeatureAssociation,knowledge_assertion,manual_agent,https://purl.humanatlas.io/vocab/hp
HGNC:20266,biolink:has_phenotype,HP:0000107,biolink:EntityToDiseaseOrPhenotypicFeatureAssociation,knowledge_assertion,manual_agent,https://purl.humanatlas.io/vocab/hp
HGNC:20266,biolink:has_phenotype,HP:0000105,biolink:EntityToDiseaseOrPhenotypicFeatureAssociation,knowledge_assertion,manual_agent,https://purl.humanatlas.io/vocab/hp
HGNC:20266,biolink:has_phenotype,HP:0005562,biolink:EntityToDiseaseOrPhenotypicFeatureAssociation,knowledge_assertion,manual_agent,https://purl.humanatlas.io/vocab/hp
HGNC:20266,biolink:has_phenotype,HP:0012622,biolink:EntityToDiseaseOrPhenotypicFeatureAssociation,knowledge_assertion,manual_agent,https://purl.humanatlas.io/vocab/hp
HGNC:20266,biolink:has_phenotype,HP:0000791,biolink:EntityToDiseaseOrPhenotypicFeatureAssociation,knowledge_assertion,manual_agent,https://purl.humanatlas.io/vocab/hp
HGNC:20266,biolink:has_phenotype,HP:0000790,biolink:EntityToDiseaseOrPhenotypicFeatureAssociation,knowledge_assertion,manual_agent,https://purl.humanatlas.io/vocab/hp
HGNC:20266,biolink:has_phenotype,HP:0012213,biolink:EntityToDiseaseOrPhenotypicFeatureAssociation,knowledge_assertion,manual_agent,https://purl.humanatlas.io/vocab/hp
HGNC:20266,biolink:has_phenotype,HP:0012330,biolink:EntityToDiseaseOrPhenotypicFeatureAssociation,knowledge_assertion,manual_agent,https://purl.humanatlas.io/vocab/hp
HGNC:20266,biolink:has_phenotype,HP:0032948,biolink:EntityToDiseaseOrPhenotypicFeatureAssociation,knowledge_assertion,manual_agent,https://purl.humanatlas.io/vocab/hp
HGNC:20266,biolink:has_phenotype,HP:0012585,biolink:EntityToDiseaseOrPhenotypicFeatureAssociation,knowledge_assertion,manual_agent,https://purl.humanatlas.io/vocab/hp
HGNC:30262,biolink:has_phenotype,HP:0000122,biolink:EntityToDiseaseOrPhenotypicFeatureAssociation,knowledge_assertion,manual_agent,https://purl.humanatlas.io/vocab/hp
HGNC:18276,biolink:has_phenotype,HP:0003774,biolink:EntityToDiseaseOrPhenotypicFeatureAssociation,knowledge_assertion,manual_agent,https://purl.humanatlas.io/vocab/hp
HGNC:18276,biolink:has_phenotype,HP:0000089,biolink:EntityToDiseaseOrPhenotypicFeatureAssociation,knowledge_assertion,manual_agent,https://purl.humanatlas.io/vocab/hp
HGNC:18276,biolink:has_phenotype,HP:0000097,biolink:EntityToDiseaseOrPhenotypicFeatureAssociation,knowledge_assertion,manual_agent,https://purl.humanatlas.io/vocab/hp
HGNC:18276,biolink:has_phenotype,HP:0000110,biolink:EntityToDiseaseOrPhenotypicFeatureAssociation,knowledge_assertion,manual_agent,https://purl.humanatlas.io/vocab/hp
HGNC:18276,biolink:has_phenotype,HP:0000112,biolink:EntityToDiseaseOrPhenotypicFeatureAssociation,knowledge_assertion,manual_agent,https://purl.humanatlas.io/vocab/hp
HGNC:18276,biolink:has_phenotype,HP:0000107,biolink:EntityToDiseaseOrPhenotypicFeatureAssociation,knowledge_assertion,manual_agent,https://purl.humanatlas.io/vocab/hp
HGNC:18276,biolink:has_phenotype,HP:0004719,biolink:EntityToDiseaseOrPhenotypicFeatureAssociation,knowledge_assertion,manual_agent,https://purl.humanatlas.io/vocab/hp
HGNC:18276,biolink:has_phenotype,HP:0004732,biolink:EntityToDiseaseOrPhenotypicFeatureAssociation,knowledge_assertion,manual_agent,https://purl.humanatlas.io/vocab/hp
HGNC:18276,biolink:has_phenotype,HP:0004727,biolink:EntityToDiseaseOrPhenotypicFeatureAssociation,knowledge_assertion,manual_agent,https://purl.humanatlas.io/vocab/hp
HGNC:18276,biolink:has_phenotype,HP:0020132,biolink:EntityToDiseaseOrPhenotypicFeatureAssociation,knowledge_assertion,manual_agent,https://purl.humanatlas.io/vocab/hp
HGNC:18276,biolink:has_phenotype,HP:0012622,biolink:EntityToDiseaseOrPhenotypicFeatureAssociation,knowledge_assertion,manual_agent,https://purl.humanatlas.io/vocab/hp
HGNC:18276,biolink:has_phenotype,HP:0001919,biolink:EntityToDiseaseOrPhenotypicFeatureAssociation,knowledge_assertion,manual_agent,https://purl.humanatlas.io/vocab/hp
HGNC:18276,biolink:has_phenotype,HP:0000790,biolink:EntityToDiseaseOrPhenotypicFeatureAssociation,knowledge_assertion,manual_agent,https://purl.humanatlas.io/vocab/hp
HGNC:18276,biolink:has_phenotype,HP:0012213,biolink:EntityToDiseaseOrPhenotypicFeatureAssociation,knowledge_assertion,manual_agent,https://purl.humanatlas.io/vocab/hp
HGNC:21144,biolink:has_phenotype,HP:0000085,biolink:EntityToDiseaseOrPhenotypicFeatureAssociation,knowledge_assertion,manual_agent,https://purl.humanatlas.io/vocab/hp
HGNC:21144,biolink:has_phenotype,HP:0000126,biolink:EntityToDiseaseOrPhenotypicFeatureAssociation,knowledge_assertion,manual_agent,https://purl.humanatlas.io/vocab/hp
HGNC:21144,biolink:has_phenotype,HP:0000787,biolink:EntityToDiseaseOrPhenotypicFeatureAssociation,knowledge_assertion,manual_agent,https://purl.humanatlas.io/vocab/hp
HGNC:19743,biolink:has_phenotype,HP:0000110,biolink:EntityToDiseaseOrPhenotypicFeatureAssociation,knowledge_assertion,manual_agent,https://purl.humanatlas.io/vocab/hp
HGNC:4332,biolink:has_phenotype,HP:0000085,biolink:EntityToDiseaseOrPhenotypicFeatureAssociation,knowledge_assertion,manual_agent,https://purl.humanatlas.io/vocab/hp
HGNC:3219,biolink:has_phenotype,HP:0012330,biolink:EntityToDiseaseOrPhenotypicFeatureAssociation,knowledge_assertion,manual_agent,https://purl.humanatlas.io/vocab/hp
HGNC:13081,biolink:has_phenotype,HP:0000085,biolink:EntityToDiseaseOrPhenotypicFeatureAssociation,knowledge_assertion,manual_agent,https://purl.humanatlas.io/vocab/hp
HGNC:13081,biolink:has_phenotype,HP:0000126,biolink:EntityToDiseaseOrPhenotypicFeatureAssociation,knowledge_assertion,manual_agent,https://purl.humanatlas.io/vocab/hp
HGNC:13081,biolink:has_phenotype,HP:0000100,biolink:EntityToDiseaseOrPhenotypicFeatureAssociation,knowledge_assertion,manual_agent,https://purl.humanatlas.io/vocab/hp
HGNC:13081,biolink:has_phenotype,HP:0005562,biolink:EntityToDiseaseOrPhenotypicFeatureAssociation,knowledge_assertion,manual_agent,https://purl.humanatlas.io/vocab/hp
HGNC:13081,biolink:has_phenotype,HP:0012622,biolink:EntityToDiseaseOrPhenotypicFeatureAssociation,knowledge_assertion,manual_agent,https://purl.humanatlas.io/vocab/hp
HGNC:17296,biolink:has_phenotype,HP:0003774,biolink:EntityToDiseaseOrPhenotypicFeatureAssociation,knowledge_assertion,manual_agent,https://purl.humanatlas.io/vocab/hp
HGNC:17296,biolink:has_phenotype,HP:0000114,biolink:EntityToDiseaseOrPhenotypicFeatureAssociation,knowledge_assertion,manual_agent,https://purl.humanatlas.io/vocab/hp
HGNC:17296,biolink:has_phenotype,HP:0012622,biolink:EntityToDiseaseOrPhenotypicFeatureAssociation,knowledge_assertion,manual_agent,https://purl.humanatlas.io/vocab/hp
HGNC:17296,biolink:has_phenotype,HP:0001947,biolink:EntityToDiseaseOrPhenotypicFeatureAssociation,knowledge_assertion,manual_agent,https://purl.humanatlas.io/vocab/hp
HGNC:17296,biolink:has_phenotype,HP:0001994,biolink:EntityToDiseaseOrPhenotypicFeatureAssociation,knowledge_assertion,manual_agent,https://purl.humanatlas.io/vocab/hp
HGNC:11102,biolink:has_phenotype,HP:0003774,biolink:EntityToDiseaseOrPhenotypicFeatureAssociation,knowledge_assertion,manual_agent,https://purl.humanatlas.io/vocab/hp
HGNC:11102,biolink:has_phenotype,HP:0003774,biolink:EntityToDiseaseOrPhenotypicFeatureAssociation,knowledge_assertion,manual_agent,https://purl.humanatlas.io/vocab/hp
HGNC:11102,biolink:has_phenotype,HP:0000083,biolink:EntityToDiseaseOrPhenotypicFeatureAssociation,knowledge_assertion,manual_agent,https://purl.humanatlas.io/vocab/hp
HGNC:11102,biolink:has_phenotype,HP:0000097,biolink:EntityToDiseaseOrPhenotypicFeatureAssociation,knowledge_assertion,manual_agent,https://purl.humanatlas.io/vocab/hp
HGNC:11102,biolink:has_phenotype,HP:0000097,biolink:EntityToDiseaseOrPhenotypicFeatureAssociation,knowledge_assertion,manual_agent,https://purl.humanatlas.io/vocab/hp
HGNC:11102,biolink:has_phenotype,HP:0000100,biolink:EntityToDiseaseOrPhenotypicFeatureAssociation,knowledge_assertion,manual_agent,https://purl.humanatlas.io/vocab/hp
HGNC:11102,biolink:has_phenotype,HP:0000112,biolink:EntityToDiseaseOrPhenotypicFeatureAssociation,knowledge_assertion,manual_agent,https://purl.humanatlas.io/vocab/hp
HGNC:11102,biolink:has_phenotype,HP:0002907,biolink:EntityToDiseaseOrPhenotypicFeatureAssociation,knowledge_assertion,manual_agent,https://purl.humanatlas.io/vocab/hp
HGNC:11102,biolink:has_phenotype,HP:0012579,biolink:EntityToDiseaseOrPhenotypicFeatureAssociation,knowledge_assertion,manual_agent,https://purl.humanatlas.io/vocab/hp
HGNC:866,biolink:has_phenotype,HP:0000121,biolink:EntityToDiseaseOrPhenotypicFeatureAssociation,knowledge_assertion,manual_agent,https://purl.humanatlas.io/vocab/hp
HGNC:866,biolink:has_phenotype,HP:0008341,biolink:EntityToDiseaseOrPhenotypicFeatureAssociation,knowledge_assertion,manual_agent,https://purl.humanatlas.io/vocab/hp
HGNC:15717,biolink:has_phenotype,HP:0000089,biolink:EntityToDiseaseOrPhenotypicFeatureAssociation,knowledge_assertion,manual_agent,https://purl.humanatlas.io/vocab/hp
HGNC:15717,biolink:has_phenotype,HP:0000121,biolink:EntityToDiseaseOrPhenotypicFeatureAssociation,knowledge_assertion,manual_agent,https://purl.humanatlas.io/vocab/hp
HGNC:15717,biolink:has_phenotype,HP:0000126,biolink:EntityToDiseaseOrPhenotypicFeatureAssociation,knowledge_assertion,manual_agent,https://purl.humanatlas.io/vocab/hp
HGNC:15717,biolink:has_phenotype,HP:0001920,biolink:EntityToDiseaseOrPhenotypicFeatureAssociation,knowledge_assertion,manual_agent,https://purl.humanatlas.io/vocab/hp
HGNC:13398,biolink:has_phenotype,HP:0000122,biolink:EntityToDiseaseOrPhenotypicFeatureAssociation,knowledge_assertion,manual_agent,https://purl.humanatlas.io/vocab/hp
HGNC:13398,biolink:has_phenotype,HP:0000126,biolink:EntityToDiseaseOrPhenotypicFeatureAssociation,knowledge_assertion,manual_agent,https://purl.humanatlas.io/vocab/hp
HGNC:13398,biolink:has_phenotype,HP:0000126,biolink:EntityToDiseaseOrPhenotypicFeatureAssociation,knowledge_assertion,manual_agent,https://purl.humanatlas.io/vocab/hp
HGNC:13398,biolink:has_phenotype,HP:0000104,biolink:EntityToDiseaseOrPhenotypicFeatureAssociation,knowledge_assertion,manual_agent,https://purl.humanatlas.io/vocab/hp
HGNC:17104,biolink:has_phenotype,HP:0000104,biolink:EntityToDiseaseOrPhenotypicFeatureAssociation,knowledge_assertion,manual_agent,https://purl.humanatlas.io/vocab/hp
HGNC:6106,biolink:has_phenotype,HP:0000099,biolink:EntityToDiseaseOrPhenotypicFeatureAssociation,knowledge_assertion,manual_agent,https://purl.humanatlas.io/vocab/hp
HGNC:6106,biolink:has_phenotype,HP:0000100,biolink:EntityToDiseaseOrPhenotypicFeatureAssociation,knowledge_assertion,manual_agent,https://purl.humanatlas.io/vocab/hp
HGNC:6106,biolink:has_phenotype,HP:0001970,biolink:EntityToDiseaseOrPhenotypicFeatureAssociation,knowledge_assertion,manual_agent,https://purl.humanatlas.io/vocab/hp
HGNC:6106,biolink:has_phenotype,HP:0012578,biolink:EntityToDiseaseOrPhenotypicFeatureAssociation,knowledge_assertion,manual_agent,https://purl.humanatlas.io/vocab/hp
HGNC:11600,biolink:has_phenotype,HP:0100542,biolink:EntityToDiseaseOrPhenotypicFeatureAssociation,knowledge_assertion,manual_agent,https://purl.humanatlas.io/vocab/hp
HGNC:24259,biolink:has_phenotype,HP:0003774,biolink:EntityToDiseaseOrPhenotypicFeatureAssociation,knowledge_assertion,manual_agent,https://purl.humanatlas.io/vocab/hp
HGNC:24259,biolink:has_phenotype,HP:0000097,biolink:EntityToDiseaseOrPhenotypicFeatureAssociation,knowledge_assertion,manual_agent,https://purl.humanatlas.io/vocab/hp
HGNC:24259,biolink:has_phenotype,HP:0000100,biolink:EntityToDiseaseOrPhenotypicFeatureAssociation,knowledge_assertion,manual_agent,https://purl.humanatlas.io/vocab/hp
HGNC:24259,biolink:has_phenotype,HP:0000112,biolink:EntityToDiseaseOrPhenotypicFeatureAssociation,knowledge_assertion,manual_agent,https://purl.humanatlas.io/vocab/hp
HGNC:24259,biolink:has_phenotype,HP:0012588,biolink:EntityToDiseaseOrPhenotypicFeatureAssociation,knowledge_assertion,manual_agent,https://purl.humanatlas.io/vocab/hp
HGNC:20233,biolink:has_phenotype,HP:0003774,biolink:EntityToDiseaseOrPhenotypicFeatureAssociation,knowledge_assertion,manual_agent,https://purl.humanatlas.io/vocab/hp
HGNC:20233,biolink:has_phenotype,HP:0000097,biolink:EntityToDiseaseOrPhenotypicFeatureAssociation,knowledge_assertion,manual_agent,https://purl.humanatlas.io/vocab/hp
HGNC:20233,biolink:has_phenotype,HP:0001967,biolink:EntityToDiseaseOrPhenotypicFeatureAssociation,knowledge_assertion,manual_agent,https://purl.humanatlas.io/vocab/hp
HGNC:20233,biolink:has_phenotype,HP:0000787,biolink:EntityToDiseaseOrPhenotypicFeatureAssociation,knowledge_assertion,manual_agent,https://purl.humanatlas.io/vocab/hp
HGNC:20233,biolink:has_phenotype,HP:0012588,biolink:EntityToDiseaseOrPhenotypicFeatureAssociation,knowledge_assertion,manual_agent,https://purl.humanatlas.io/vocab/hp
HGNC:28027,biolink:has_phenotype,HP:0000085,biolink:EntityToDiseaseOrPhenotypicFeatureAssociation,knowledge_assertion,manual_agent,https://purl.humanatlas.io/vocab/hp
HGNC:28027,biolink:has_phenotype,HP:0000126,biolink:EntityToDiseaseOrPhenotypicFeatureAssociation,knowledge_assertion,manual_agent,https://purl.humanatlas.io/vocab/hp
HGNC:28027,biolink:has_phenotype,HP:0000100,biolink:EntityToDiseaseOrPhenotypicFeatureAssociation,knowledge_assertion,manual_agent,https://purl.humanatlas.io/vocab/hp
HGNC:28027,biolink:has_phenotype,HP:0005562,biolink:EntityToDiseaseOrPhenotypicFeatureAssociation,knowledge_assertion,manual_agent,https://purl.humanatlas.io/vocab/hp
HGNC:28027,biolink:has_phenotype,HP:0012622,biolink:EntityToDiseaseOrPhenotypicFeatureAssociation,knowledge_assertion,manual_agent,https://purl.humanatlas.io/vocab/hp
HGNC:12744,biolink:has_phenotype,HP:0000089,biolink:EntityToDiseaseOrPhenotypicFeatureAssociation,knowledge_assertion,manual_agent,https://purl.humanatlas.io/vocab/hp
HGNC:12744,biolink:has_phenotype,HP:0000083,biolink:EntityToDiseaseOrPhenotypicFeatureAssociation,knowledge_assertion,manual_agent,https://purl.humanatlas.io/vocab/hp
HGNC:12744,biolink:has_phenotype,HP:0000121,biolink:EntityToDiseaseOrPhenotypicFeatureAssociation,knowledge_assertion,manual_agent,https://purl.humanatlas.io/vocab/hp
HGNC:12744,biolink:has_phenotype,HP:0000125,biolink:EntityToDiseaseOrPhenotypicFeatureAssociation,knowledge_assertion,manual_agent,https://purl.humanatlas.io/vocab/hp
HGNC:12744,biolink:has_phenotype,HP:0001920,biolink:EntityToDiseaseOrPhenotypicFeatureAssociation,knowledge_assertion,manual_agent,https://purl.humanatlas.io/vocab/hp
HGNC:12744,biolink:has_phenotype,HP:0012210,biolink:EntityToDiseaseOrPhenotypicFeatureAssociation,knowledge_assertion,manual_agent,https://purl.humanatlas.io/vocab/hp
HGNC:17341,biolink:has_phenotype,HP:0000121,biolink:EntityToDiseaseOrPhenotypicFeatureAssociation,knowledge_assertion,manual_agent,https://purl.humanatlas.io/vocab/hp
HGNC:18828,biolink:has_phenotype,HP:0000114,biolink:EntityToDiseaseOrPhenotypicFeatureAssociation,knowledge_assertion,manual_agent,https://purl.humanatlas.io/vocab/hp
HGNC:19440,biolink:has_phenotype,HP:0000121,biolink:EntityToDiseaseOrPhenotypicFeatureAssociation,knowledge_assertion,manual_agent,https://purl.humanatlas.io/vocab/hp
HGNC:17966,biolink:has_phenotype,HP:0003774,biolink:EntityToDiseaseOrPhenotypicFeatureAssociation,knowledge_assertion,manual_agent,https://purl.humanatlas.io/vocab/hp
HGNC:17966,biolink:has_phenotype,HP:0000090,biolink:EntityToDiseaseOrPhenotypicFeatureAssociation,knowledge_assertion,manual_agent,https://purl.humanatlas.io/vocab/hp
HGNC:17966,biolink:has_phenotype,HP:0000092,biolink:EntityToDiseaseOrPhenotypicFeatureAssociation,knowledge_assertion,manual_agent,https://purl.humanatlas.io/vocab/hp
HGNC:17966,biolink:has_phenotype,HP:0004722,biolink:EntityToDiseaseOrPhenotypicFeatureAssociation,knowledge_assertion,manual_agent,https://purl.humanatlas.io/vocab/hp
HGNC:17966,biolink:has_phenotype,HP:0001970,biolink:EntityToDiseaseOrPhenotypicFeatureAssociation,knowledge_assertion,manual_agent,https://purl.humanatlas.io/vocab/hp
HGNC:15594,biolink:has_phenotype,HP:0010946,biolink:EntityToDiseaseOrPhenotypicFeatureAssociation,knowledge_assertion,manual_agent,https://purl.humanatlas.io/vocab/hp
HGNC:15518,biolink:has_phenotype,HP:0000787,biolink:EntityToDiseaseOrPhenotypicFeatureAssociation,knowledge_assertion,manual_agent,https://purl.humanatlas.io/vocab/hp
HGNC:17175,biolink:has_phenotype,HP:0003774,biolink:EntityToDiseaseOrPhenotypicFeatureAssociation,knowledge_assertion,manual_agent,https://purl.humanatlas.io/vocab/hp
HGNC:17175,biolink:has_phenotype,HP:0003774,biolink:EntityToDiseaseOrPhenotypicFeatureAssociation,knowledge_assertion,manual_agent,https://purl.humanatlas.io/vocab/hp
HGNC:17175,biolink:has_phenotype,HP:0000097,biolink:EntityToDiseaseOrPhenotypicFeatureAssociation,knowledge_assertion,manual_agent,https://purl.humanatlas.io/vocab/hp
HGNC:17175,biolink:has_phenotype,HP:0000097,biolink:EntityToDiseaseOrPhenotypicFeatureAssociation,knowledge_assertion,manual_agent,https://purl.humanatlas.io/vocab/hp
HGNC:17175,biolink:has_phenotype,HP:0000100,biolink:EntityToDiseaseOrPhenotypicFeatureAssociation,knowledge_assertion,manual_agent,https://purl.humanatlas.io/vocab/hp
HGNC:17175,biolink:has_phenotype,HP:0012622,biolink:EntityToDiseaseOrPhenotypicFeatureAssociation,knowledge_assertion,manual_agent,https://purl.humanatlas.io/vocab/hp
HGNC:17175,biolink:has_phenotype,HP:0001967,biolink:EntityToDiseaseOrPhenotypicFeatureAssociation,knowledge_assertion,manual_agent,https://purl.humanatlas.io/vocab/hp
HGNC:17175,biolink:has_phenotype,HP:0001967,biolink:EntityToDiseaseOrPhenotypicFeatureAssociation,knowledge_assertion,manual_agent,https://purl.humanatlas.io/vocab/hp
HGNC:17175,biolink:has_phenotype,HP:0012579,biolink:EntityToDiseaseOrPhenotypicFeatureAssociation,knowledge_assertion,manual_agent,https://purl.humanatlas.io/vocab/hp
HGNC:24316,biolink:has_phenotype,HP:0000124,biolink:EntityToDiseaseOrPhenotypicFeatureAssociation,knowledge_assertion,manual_agent,https://purl.humanatlas.io/vocab/hp
HGNC:24316,biolink:has_phenotype,HP:0001994,biolink:EntityToDiseaseOrPhenotypicFeatureAssociation,knowledge_assertion,manual_agent,https://purl.humanatlas.io/vocab/hp
HGNC:3046,biolink:has_phenotype,HP:0000110,biolink:EntityToDiseaseOrPhenotypicFeatureAssociation,knowledge_assertion,manual_agent,https://purl.humanatlas.io/vocab/hp
HGNC:21066,biolink:has_phenotype,HP:0008672,biolink:EntityToDiseaseOrPhenotypicFeatureAssociation,knowledge_assertion,manual_agent,https://purl.humanatlas.io/vocab/hp
HGNC:25018,biolink:has_phenotype,HP:0008678,biolink:EntityToDiseaseOrPhenotypicFeatureAssociation,knowledge_assertion,manual_agent,https://purl.humanatlas.io/vocab/hp
HGNC:25018,biolink:has_phenotype,HP:0000083,biolink:EntityToDiseaseOrPhenotypicFeatureAssociation,knowledge_assertion,manual_agent,https://purl.humanatlas.io/vocab/hp
HGNC:25018,biolink:has_phenotype,HP:0000083,biolink:EntityToDiseaseOrPhenotypicFeatureAssociation,knowledge_assertion,manual_agent,https://purl.humanatlas.io/vocab/hp
HGNC:25018,biolink:has_phenotype,HP:0000090,biolink:EntityToDiseaseOrPhenotypicFeatureAssociation,knowledge_assertion,manual_agent,https://purl.humanatlas.io/vocab/hp
HGNC:25018,biolink:has_phenotype,HP:0000003,biolink:EntityToDiseaseOrPhenotypicFeatureAssociation,knowledge_assertion,manual_agent,https://purl.humanatlas.io/vocab/hp
HGNC:25018,biolink:has_phenotype,HP:0000112,biolink:EntityToDiseaseOrPhenotypicFeatureAssociation,knowledge_assertion,manual_agent,https://purl.humanatlas.io/vocab/hp
HGNC:25018,biolink:has_phenotype,HP:0000107,biolink:EntityToDiseaseOrPhenotypicFeatureAssociation,knowledge_assertion,manual_agent,https://purl.humanatlas.io/vocab/hp
HGNC:25018,biolink:has_phenotype,HP:0000107,biolink:EntityToDiseaseOrPhenotypicFeatureAssociation,knowledge_assertion,manual_agent,https://purl.humanatlas.io/vocab/hp
HGNC:25018,biolink:has_phenotype,HP:0000104,biolink:EntityToDiseaseOrPhenotypicFeatureAssociation,knowledge_assertion,manual_agent,https://purl.humanatlas.io/vocab/hp
HGNC:15631,biolink:has_phenotype,HP:0033726,biolink:EntityToDiseaseOrPhenotypicFeatureAssociation,knowledge_assertion,manual_agent,https://purl.humanatlas.io/vocab/hp
HGNC:15631,biolink:has_phenotype,HP:0000790,biolink:EntityToDiseaseOrPhenotypicFeatureAssociation,knowledge_assertion,manual_agent,https://purl.humanatlas.io/vocab/hp
HGNC:1321,biolink:has_phenotype,HP:0000114,biolink:EntityToDiseaseOrPhenotypicFeatureAssociation,knowledge_assertion,manual_agent,https://purl.humanatlas.io/vocab/hp
HGNC:24156,biolink:has_phenotype,HP:0002667,biolink:EntityToDiseaseOrPhenotypicFeatureAssociation,knowledge_assertion,manual_agent,https://purl.humanatlas.io/vocab/hp
HGNC:17327,biolink:has_phenotype,HP:0000125,biolink:EntityToDiseaseOrPhenotypicFeatureAssociation,knowledge_assertion,manual_agent,https://purl.humanatlas.io/vocab/hp
HGNC:17327,biolink:has_phenotype,HP:0100581,biolink:EntityToDiseaseOrPhenotypicFeatureAssociation,knowledge_assertion,manual_agent,https://purl.humanatlas.io/vocab/hp
HGNC:17748,biolink:has_phenotype,HP:0000089,biolink:EntityToDiseaseOrPhenotypicFeatureAssociation,knowledge_assertion,manual_agent,https://purl.humanatlas.io/vocab/hp
HGNC:17748,biolink:has_phenotype,HP:0000083,biolink:EntityToDiseaseOrPhenotypicFeatureAssociation,knowledge_assertion,manual_agent,https://purl.humanatlas.io/vocab/hp
HGNC:17748,biolink:has_phenotype,HP:0000086,biolink:EntityToDiseaseOrPhenotypicFeatureAssociation,knowledge_assertion,manual_agent,https://purl.humanatlas.io/vocab/hp
HGNC:17748,biolink:has_phenotype,HP:0004736,biolink:EntityToDiseaseOrPhenotypicFeatureAssociation,knowledge_assertion,manual_agent,https://purl.humanatlas.io/vocab/hp
HGNC:17748,biolink:has_phenotype,HP:0005562,biolink:EntityToDiseaseOrPhenotypicFeatureAssociation,knowledge_assertion,manual_agent,https://purl.humanatlas.io/vocab/hp
HGNC:17748,biolink:has_phenotype,HP:0012210,biolink:EntityToDiseaseOrPhenotypicFeatureAssociation,knowledge_assertion,manual_agent,https://purl.humanatlas.io/vocab/hp
HGNC:15455,biolink:has_phenotype,HP:0000089,biolink:EntityToDiseaseOrPhenotypicFeatureAssociation,knowledge_assertion,manual_agent,https://purl.humanatlas.io/vocab/hp
HGNC:15455,biolink:has_phenotype,HP:0000003,biolink:EntityToDiseaseOrPhenotypicFeatureAssociation,knowledge_assertion,manual_agent,https://purl.humanatlas.io/vocab/hp
HGNC:15455,biolink:has_phenotype,HP:0000122,biolink:EntityToDiseaseOrPhenotypicFeatureAssociation,knowledge_assertion,manual_agent,https://purl.humanatlas.io/vocab/hp
HGNC:15455,biolink:has_phenotype,HP:0000126,biolink:EntityToDiseaseOrPhenotypicFeatureAssociation,knowledge_assertion,manual_agent,https://purl.humanatlas.io/vocab/hp
HGNC:15455,biolink:has_phenotype,HP:0000110,biolink:EntityToDiseaseOrPhenotypicFeatureAssociation,knowledge_assertion,manual_agent,https://purl.humanatlas.io/vocab/hp
HGNC:15455,biolink:has_phenotype,HP:0000110,biolink:EntityToDiseaseOrPhenotypicFeatureAssociation,knowledge_assertion,manual_agent,https://purl.humanatlas.io/vocab/hp
HGNC:15455,biolink:has_phenotype,HP:0000104,biolink:EntityToDiseaseOrPhenotypicFeatureAssociation,knowledge_assertion,manual_agent,https://purl.humanatlas.io/vocab/hp
HGNC:9386,biolink:has_phenotype,HP:0000105,biolink:EntityToDiseaseOrPhenotypicFeatureAssociation,knowledge_assertion,manual_agent,https://purl.humanatlas.io/vocab/hp
HGNC:18141,biolink:has_phenotype,HP:0003774,biolink:EntityToDiseaseOrPhenotypicFeatureAssociation,knowledge_assertion,manual_agent,https://purl.humanatlas.io/vocab/hp
HGNC:18141,biolink:has_phenotype,HP:0003774,biolink:EntityToDiseaseOrPhenotypicFeatureAssociation,knowledge_assertion,manual_agent,https://purl.humanatlas.io/vocab/hp
HGNC:18141,biolink:has_phenotype,HP:0000089,biolink:EntityToDiseaseOrPhenotypicFeatureAssociation,knowledge_assertion,manual_agent,https://purl.humanatlas.io/vocab/hp
HGNC:18141,biolink:has_phenotype,HP:0000090,biolink:EntityToDiseaseOrPhenotypicFeatureAssociation,knowledge_assertion,manual_agent,https://purl.humanatlas.io/vocab/hp
HGNC:18141,biolink:has_phenotype,HP:0032622,biolink:EntityToDiseaseOrPhenotypicFeatureAssociation,knowledge_assertion,manual_agent,https://purl.humanatlas.io/vocab/hp
HGNC:18141,biolink:has_phenotype,HP:0000108,biolink:EntityToDiseaseOrPhenotypicFeatureAssociation,knowledge_assertion,manual_agent,https://purl.humanatlas.io/vocab/hp
HGNC:18141,biolink:has_phenotype,HP:0032581,biolink:EntityToDiseaseOrPhenotypicFeatureAssociation,knowledge_assertion,manual_agent,https://purl.humanatlas.io/vocab/hp
HGNC:18141,biolink:has_phenotype,HP:0004719,biolink:EntityToDiseaseOrPhenotypicFeatureAssociation,knowledge_assertion,manual_agent,https://purl.humanatlas.io/vocab/hp
HGNC:18141,biolink:has_phenotype,HP:0004719,biolink:EntityToDiseaseOrPhenotypicFeatureAssociation,knowledge_assertion,manual_agent,https://purl.humanatlas.io/vocab/hp
HGNC:18141,biolink:has_phenotype,HP:0020132,biolink:EntityToDiseaseOrPhenotypicFeatureAssociation,knowledge_assertion,manual_agent,https://purl.humanatlas.io/vocab/hp
HGNC:18141,biolink:has_phenotype,HP:0005565,biolink:EntityToDiseaseOrPhenotypicFeatureAssociation,knowledge_assertion,manual_agent,https://purl.humanatlas.io/vocab/hp
HGNC:18141,biolink:has_phenotype,HP:0012622,biolink:EntityToDiseaseOrPhenotypicFeatureAssociation,knowledge_assertion,manual_agent,https://purl.humanatlas.io/vocab/hp
HGNC:18141,biolink:has_phenotype,HP:0032948,biolink:EntityToDiseaseOrPhenotypicFeatureAssociation,knowledge_assertion,manual_agent,https://purl.humanatlas.io/vocab/hp
HGNC:18141,biolink:has_phenotype,HP:0012585,biolink:EntityToDiseaseOrPhenotypicFeatureAssociation,knowledge_assertion,manual_agent,https://purl.humanatlas.io/vocab/hp
HGNC:20763,biolink:has_phenotype,HP:0003774,biolink:EntityToDiseaseOrPhenotypicFeatureAssociation,knowledge_assertion,manual_agent,https://purl.humanatlas.io/vocab/hp
HGNC:20763,biolink:has_phenotype,HP:0000097,biolink:EntityToDiseaseOrPhenotypicFeatureAssociation,knowledge_assertion,manual_agent,https://purl.humanatlas.io/vocab/hp
HGNC:20763,biolink:has_phenotype,HP:0012622,biolink:EntityToDiseaseOrPhenotypicFeatureAssociation,knowledge_assertion,manual_agent,https://purl.humanatlas.io/vocab/hp
HGNC:20763,biolink:has_phenotype,HP:0001967,biolink:EntityToDiseaseOrPhenotypicFeatureAssociation,knowledge_assertion,manual_agent,https://purl.humanatlas.io/vocab/hp
HGNC:20763,biolink:has_phenotype,HP:0012579,biolink:EntityToDiseaseOrPhenotypicFeatureAssociation,knowledge_assertion,manual_agent,https://purl.humanatlas.io/vocab/hp
HGNC:26944,biolink:has_phenotype,HP:0000083,biolink:EntityToDiseaseOrPhenotypicFeatureAssociation,knowledge_assertion,manual_agent,https://purl.humanatlas.io/vocab/hp
HGNC:26944,biolink:has_phenotype,HP:0000090,biolink:EntityToDiseaseOrPhenotypicFeatureAssociation,knowledge_assertion,manual_agent,https://purl.humanatlas.io/vocab/hp
HGNC:26944,biolink:has_phenotype,HP:0000112,biolink:EntityToDiseaseOrPhenotypicFeatureAssociation,knowledge_assertion,manual_agent,https://purl.humanatlas.io/vocab/hp
HGNC:26944,biolink:has_phenotype,HP:0000107,biolink:EntityToDiseaseOrPhenotypicFeatureAssociation,knowledge_assertion,manual_agent,https://purl.humanatlas.io/vocab/hp
HGNC:14938,biolink:has_phenotype,HP:0000121,biolink:EntityToDiseaseOrPhenotypicFeatureAssociation,knowledge_assertion,manual_agent,https://purl.humanatlas.io/vocab/hp
HGNC:14938,biolink:has_phenotype,HP:0000121,biolink:EntityToDiseaseOrPhenotypicFeatureAssociation,knowledge_assertion,manual_agent,https://purl.humanatlas.io/vocab/hp
HGNC:14938,biolink:has_phenotype,HP:0000110,biolink:EntityToDiseaseOrPhenotypicFeatureAssociation,knowledge_assertion,manual_agent,https://purl.humanatlas.io/vocab/hp
HGNC:14938,biolink:has_phenotype,HP:0000107,biolink:EntityToDiseaseOrPhenotypicFeatureAssociation,knowledge_assertion,manual_agent,https://purl.humanatlas.io/vocab/hp
HGNC:14938,biolink:has_phenotype,HP:0000107,biolink:EntityToDiseaseOrPhenotypicFeatureAssociation,knowledge_assertion,manual_agent,https://purl.humanatlas.io/vocab/hp
HGNC:24595,biolink:has_phenotype,HP:0008678,biolink:EntityToDiseaseOrPhenotypicFeatureAssociation,knowledge_assertion,manual_agent,https://purl.humanatlas.io/vocab/hp
HGNC:24595,biolink:has_phenotype,HP:0000083,biolink:EntityToDiseaseOrPhenotypicFeatureAssociation,knowledge_assertion,manual_agent,https://purl.humanatlas.io/vocab/hp
HGNC:24595,biolink:has_phenotype,HP:0000085,biolink:EntityToDiseaseOrPhenotypicFeatureAssociation,knowledge_assertion,manual_agent,https://purl.humanatlas.io/vocab/hp
HGNC:24595,biolink:has_phenotype,HP:0000090,biolink:EntityToDiseaseOrPhenotypicFeatureAssociation,knowledge_assertion,manual_agent,https://purl.humanatlas.io/vocab/hp
HGNC:24595,biolink:has_phenotype,HP:0000112,biolink:EntityToDiseaseOrPhenotypicFeatureAssociation,knowledge_assertion,manual_agent,https://purl.humanatlas.io/vocab/hp
HGNC:16466,biolink:has_phenotype,HP:0000104,biolink:EntityToDiseaseOrPhenotypicFeatureAssociation,knowledge_assertion,manual_agent,https://purl.humanatlas.io/vocab/hp
HGNC:14263,biolink:has_phenotype,HP:0000126,biolink:EntityToDiseaseOrPhenotypicFeatureAssociation,knowledge_assertion,manual_agent,https://purl.humanatlas.io/vocab/hp
HGNC:14889,biolink:has_phenotype,HP:0003774,biolink:EntityToDiseaseOrPhenotypicFeatureAssociation,knowledge_assertion,manual_agent,https://purl.humanatlas.io/vocab/hp
HGNC:14889,biolink:has_phenotype,HP:0003774,biolink:EntityToDiseaseOrPhenotypicFeatureAssociation,knowledge_assertion,manual_agent,https://purl.humanatlas.io/vocab/hp
HGNC:14889,biolink:has_phenotype,HP:0008672,biolink:EntityToDiseaseOrPhenotypicFeatureAssociation,knowledge_assertion,manual_agent,https://purl.humanatlas.io/vocab/hp
HGNC:14889,biolink:has_phenotype,HP:0000083,biolink:EntityToDiseaseOrPhenotypicFeatureAssociation,knowledge_assertion,manual_agent,https://purl.humanatlas.io/vocab/hp
HGNC:14889,biolink:has_phenotype,HP:0000083,biolink:EntityToDiseaseOrPhenotypicFeatureAssociation,knowledge_assertion,manual_agent,https://purl.humanatlas.io/vocab/hp
HGNC:14889,biolink:has_phenotype,HP:0000113,biolink:EntityToDiseaseOrPhenotypicFeatureAssociation,knowledge_assertion,manual_agent,https://purl.humanatlas.io/vocab/hp
HGNC:14889,biolink:has_phenotype,HP:0000107,biolink:EntityToDiseaseOrPhenotypicFeatureAssociation,knowledge_assertion,manual_agent,https://purl.humanatlas.io/vocab/hp
HGNC:14889,biolink:has_phenotype,HP:0000105,biolink:EntityToDiseaseOrPhenotypicFeatureAssociation,knowledge_assertion,manual_agent,https://purl.humanatlas.io/vocab/hp
HGNC:14889,biolink:has_phenotype,HP:0012622,biolink:EntityToDiseaseOrPhenotypicFeatureAssociation,knowledge_assertion,manual_agent,https://purl.humanatlas.io/vocab/hp
HGNC:14889,biolink:has_phenotype,HP:0000791,biolink:EntityToDiseaseOrPhenotypicFeatureAssociation,knowledge_assertion,manual_agent,https://purl.humanatlas.io/vocab/hp
HGNC:14889,biolink:has_phenotype,HP:0000790,biolink:EntityToDiseaseOrPhenotypicFeatureAssociation,knowledge_assertion,manual_agent,https://purl.humanatlas.io/vocab/hp
HGNC:14889,biolink:has_phenotype,HP:0012213,biolink:EntityToDiseaseOrPhenotypicFeatureAssociation,knowledge_assertion,manual_agent,https://purl.humanatlas.io/vocab/hp
HGNC:14889,biolink:has_phenotype,HP:0012213,biolink:EntityToDiseaseOrPhenotypicFeatureAssociation,knowledge_assertion,manual_agent,https://purl.humanatlas.io/vocab/hp
HGNC:14889,biolink:has_phenotype,HP:0012330,biolink:EntityToDiseaseOrPhenotypicFeatureAssociation,knowledge_assertion,manual_agent,https://purl.humanatlas.io/vocab/hp
HGNC:16461,biolink:has_phenotype,HP:0000122,biolink:EntityToDiseaseOrPhenotypicFeatureAssociation,knowledge_assertion,manual_agent,https://purl.humanatlas.io/vocab/hp
HGNC:16461,biolink:has_phenotype,HP:0000104,biolink:EntityToDiseaseOrPhenotypicFeatureAssociation,knowledge_assertion,manual_agent,https://purl.humanatlas.io/vocab/hp
HGNC:12799,biolink:has_phenotype,HP:0002667,biolink:EntityToDiseaseOrPhenotypicFeatureAssociation,knowledge_assertion,manual_agent,https://purl.humanatlas.io/vocab/hp
HGNC:12799,biolink:has_phenotype,HP:0000100,biolink:EntityToDiseaseOrPhenotypicFeatureAssociation,knowledge_assertion,manual_agent,https://purl.humanatlas.io/vocab/hp
HGNC:18173,biolink:has_phenotype,HP:0100820,biolink:EntityToDiseaseOrPhenotypicFeatureAssociation,knowledge_assertion,manual_agent,https://purl.humanatlas.io/vocab/hp
HGNC:18173,biolink:has_phenotype,HP:0000083,biolink:EntityToDiseaseOrPhenotypicFeatureAssociation,knowledge_assertion,manual_agent,https://purl.humanatlas.io/vocab/hp
HGNC:18173,biolink:has_phenotype,HP:0000099,biolink:EntityToDiseaseOrPhenotypicFeatureAssociation,knowledge_assertion,manual_agent,https://purl.humanatlas.io/vocab/hp
HGNC:1839,biolink:has_phenotype,HP:0000085,biolink:EntityToDiseaseOrPhenotypicFeatureAssociation,knowledge_assertion,manual_agent,https://purl.humanatlas.io/vocab/hp
HGNC:1839,biolink:has_phenotype,HP:0000112,biolink:EntityToDiseaseOrPhenotypicFeatureAssociation,knowledge_assertion,manual_agent,https://purl.humanatlas.io/vocab/hp
HGNC:1839,biolink:has_phenotype,HP:0000104,biolink:EntityToDiseaseOrPhenotypicFeatureAssociation,knowledge_assertion,manual_agent,https://purl.humanatlas.io/vocab/hp
HGNC:1839,biolink:has_phenotype,HP:0033261,biolink:EntityToDiseaseOrPhenotypicFeatureAssociation,knowledge_assertion,manual_agent,https://purl.humanatlas.io/vocab/hp
HGNC:1839,biolink:has_phenotype,HP:0012213,biolink:EntityToDiseaseOrPhenotypicFeatureAssociation,knowledge_assertion,manual_agent,https://purl.humanatlas.io/vocab/hp
HGNC:496,biolink:has_phenotype,HP:0008678,biolink:EntityToDiseaseOrPhenotypicFeatureAssociation,knowledge_assertion,manual_agent,https://purl.humanatlas.io/vocab/hp
HGNC:496,biolink:has_phenotype,HP:0000086,biolink:EntityToDiseaseOrPhenotypicFeatureAssociation,knowledge_assertion,manual_agent,https://purl.humanatlas.io/vocab/hp
HGNC:11194,biolink:has_phenotype,HP:0000083,biolink:EntityToDiseaseOrPhenotypicFeatureAssociation,knowledge_assertion,manual_agent,https://purl.humanatlas.io/vocab/hp
HGNC:11194,biolink:has_phenotype,HP:0000095,biolink:EntityToDiseaseOrPhenotypicFeatureAssociation,knowledge_assertion,manual_agent,https://purl.humanatlas.io/vocab/hp
HGNC:11194,biolink:has_phenotype,HP:0012622,biolink:EntityToDiseaseOrPhenotypicFeatureAssociation,knowledge_assertion,manual_agent,https://purl.humanatlas.io/vocab/hp
HGNC:11194,biolink:has_phenotype,HP:0000793,biolink:EntityToDiseaseOrPhenotypicFeatureAssociation,knowledge_assertion,manual_agent,https://purl.humanatlas.io/vocab/hp
HGNC:12783,biolink:has_phenotype,HP:0000086,biolink:EntityToDiseaseOrPhenotypicFeatureAssociation,knowledge_assertion,manual_agent,https://purl.humanatlas.io/vocab/hp
HGNC:12783,biolink:has_phenotype,HP:0000122,biolink:EntityToDiseaseOrPhenotypicFeatureAssociation,knowledge_assertion,manual_agent,https://purl.humanatlas.io/vocab/hp
HGNC:12783,biolink:has_phenotype,HP:0000110,biolink:EntityToDiseaseOrPhenotypicFeatureAssociation,knowledge_assertion,manual_agent,https://purl.humanatlas.io/vocab/hp
HGNC:12783,biolink:has_phenotype,HP:0000104,biolink:EntityToDiseaseOrPhenotypicFeatureAssociation,knowledge_assertion,manual_agent,https://purl.humanatlas.io/vocab/hp
HGNC:12783,biolink:has_phenotype,HP:0000104,biolink:EntityToDiseaseOrPhenotypicFeatureAssociation,knowledge_assertion,manual_agent,https://purl.humanatlas.io/vocab/hp
HGNC:12783,biolink:has_phenotype,HP:0000104,biolink:EntityToDiseaseOrPhenotypicFeatureAssociation,knowledge_assertion,manual_agent,https://purl.humanatlas.io/vocab/hp
HGNC:12783,biolink:has_phenotype,HP:0000104,biolink:EntityToDiseaseOrPhenotypicFeatureAssociation,knowledge_assertion,manual_agent,https://purl.humanatlas.io/vocab/hp
HGNC:14082,biolink:has_phenotype,HP:0003774,biolink:EntityToDiseaseOrPhenotypicFeatureAssociation,knowledge_assertion,manual_agent,https://purl.humanatlas.io/vocab/hp
HGNC:14082,biolink:has_phenotype,HP:0003774,biolink:EntityToDiseaseOrPhenotypicFeatureAssociation,knowledge_assertion,manual_agent,https://purl.humanatlas.io/vocab/hp
HGNC:14082,biolink:has_phenotype,HP:0000097,biolink:EntityToDiseaseOrPhenotypicFeatureAssociation,knowledge_assertion,manual_agent,https://purl.humanatlas.io/vocab/hp
HGNC:14082,biolink:has_phenotype,HP:0000097,biolink:EntityToDiseaseOrPhenotypicFeatureAssociation,knowledge_assertion,manual_agent,https://purl.humanatlas.io/vocab/hp
HGNC:14082,biolink:has_phenotype,HP:0000100,biolink:EntityToDiseaseOrPhenotypicFeatureAssociation,knowledge_assertion,manual_agent,https://purl.humanatlas.io/vocab/hp
HGNC:14082,biolink:has_phenotype,HP:0012622,biolink:EntityToDiseaseOrPhenotypicFeatureAssociation,knowledge_assertion,manual_agent,https://purl.humanatlas.io/vocab/hp
HGNC:14082,biolink:has_phenotype,HP:0001967,biolink:EntityToDiseaseOrPhenotypicFeatureAssociation,knowledge_assertion,manual_agent,https://purl.humanatlas.io/vocab/hp
HGNC:14082,biolink:has_phenotype,HP:0012579,biolink:EntityToDiseaseOrPhenotypicFeatureAssociation,knowledge_assertion,manual_agent,https://purl.humanatlas.io/vocab/hp
HGNC:25557,biolink:has_phenotype,HP:0000089,biolink:EntityToDiseaseOrPhenotypicFeatureAssociation,knowledge_assertion,manual_agent,https://purl.humanatlas.io/vocab/hp
HGNC:25557,biolink:has_phenotype,HP:0000089,biolink:EntityToDiseaseOrPhenotypicFeatureAssociation,knowledge_assertion,manual_agent,https://purl.humanatlas.io/vocab/hp
HGNC:18188,biolink:has_phenotype,HP:0000122,biolink:EntityToDiseaseOrPhenotypicFeatureAssociation,knowledge_assertion,manual_agent,https://purl.humanatlas.io/vocab/hp
HGNC:20372,biolink:has_phenotype,HP:0000114,biolink:EntityToDiseaseOrPhenotypicFeatureAssociation,knowledge_assertion,manual_agent,https://purl.humanatlas.io/vocab/hp
HGNC:2910,biolink:has_phenotype,HP:0000089,biolink:EntityToDiseaseOrPhenotypicFeatureAssociation,knowledge_assertion,manual_agent,https://purl.humanatlas.io/vocab/hp
HGNC:6741,biolink:has_phenotype,HP:0003774,biolink:EntityToDiseaseOrPhenotypicFeatureAssociation,knowledge_assertion,manual_agent,https://purl.humanatlas.io/vocab/hp
HGNC:6741,biolink:has_phenotype,HP:0000085,biolink:EntityToDiseaseOrPhenotypicFeatureAssociation,knowledge_assertion,manual_agent,https://purl.humanatlas.io/vocab/hp
HGNC:6741,biolink:has_phenotype,HP:0000126,biolink:EntityToDiseaseOrPhenotypicFeatureAssociation,knowledge_assertion,manual_agent,https://purl.humanatlas.io/vocab/hp
HGNC:6741,biolink:has_phenotype,HP:0000100,biolink:EntityToDiseaseOrPhenotypicFeatureAssociation,knowledge_assertion,manual_agent,https://purl.humanatlas.io/vocab/hp
HGNC:6741,biolink:has_phenotype,HP:0000107,biolink:EntityToDiseaseOrPhenotypicFeatureAssociation,knowledge_assertion,manual_agent,https://purl.humanatlas.io/vocab/hp
HGNC:6741,biolink:has_phenotype,HP:0000103,biolink:EntityToDiseaseOrPhenotypicFeatureAssociation,knowledge_assertion,manual_agent,https://purl.humanatlas.io/vocab/hp
HGNC:6741,biolink:has_phenotype,HP:0005562,biolink:EntityToDiseaseOrPhenotypicFeatureAssociation,knowledge_assertion,manual_agent,https://purl.humanatlas.io/vocab/hp
HGNC:6741,biolink:has_phenotype,HP:0012622,biolink:EntityToDiseaseOrPhenotypicFeatureAssociation,knowledge_assertion,manual_agent,https://purl.humanatlas.io/vocab/hp
HGNC:17616,biolink:has_phenotype,HP:0000104,biolink:EntityToDiseaseOrPhenotypicFeatureAssociation,knowledge_assertion,manual_agent,https://purl.humanatlas.io/vocab/hp
HGNC:23015,biolink:has_phenotype,HP:0000083,biolink:EntityToDiseaseOrPhenotypicFeatureAssociation,knowledge_assertion,manual_agent,https://purl.humanatlas.io/vocab/hp
HGNC:23015,biolink:has_phenotype,HP:0000083,biolink:EntityToDiseaseOrPhenotypicFeatureAssociation,knowledge_assertion,manual_agent,https://purl.humanatlas.io/vocab/hp
HGNC:23015,biolink:has_phenotype,HP:0000121,biolink:EntityToDiseaseOrPhenotypicFeatureAssociation,knowledge_assertion,manual_agent,https://purl.humanatlas.io/vocab/hp
HGNC:23015,biolink:has_phenotype,HP:0000121,biolink:EntityToDiseaseOrPhenotypicFeatureAssociation,knowledge_assertion,manual_agent,https://purl.humanatlas.io/vocab/hp
HGNC:23015,biolink:has_phenotype,HP:0000112,biolink:EntityToDiseaseOrPhenotypicFeatureAssociation,knowledge_assertion,manual_agent,https://purl.humanatlas.io/vocab/hp
HGNC:23015,biolink:has_phenotype,HP:0000103,biolink:EntityToDiseaseOrPhenotypicFeatureAssociation,knowledge_assertion,manual_agent,https://purl.humanatlas.io/vocab/hp
HGNC:23015,biolink:has_phenotype,HP:0004727,biolink:EntityToDiseaseOrPhenotypicFeatureAssociation,knowledge_assertion,manual_agent,https://purl.humanatlas.io/vocab/hp
HGNC:23015,biolink:has_phenotype,HP:0004727,biolink:EntityToDiseaseOrPhenotypicFeatureAssociation,knowledge_assertion,manual_agent,https://purl.humanatlas.io/vocab/hp
HGNC:30988,biolink:has_phenotype,HP:0003774,biolink:EntityToDiseaseOrPhenotypicFeatureAssociation,knowledge_assertion,manual_agent,https://purl.humanatlas.io/vocab/hp
HGNC:30988,biolink:has_phenotype,HP:0010945,biolink:EntityToDiseaseOrPhenotypicFeatureAssociation,knowledge_assertion,manual_agent,https://purl.humanatlas.io/vocab/hp
HGNC:30988,biolink:has_phenotype,HP:0008718,biolink:EntityToDiseaseOrPhenotypicFeatureAssociation,knowledge_assertion,manual_agent,https://purl.humanatlas.io/vocab/hp
HGNC:30988,biolink:has_phenotype,HP:0000083,biolink:EntityToDiseaseOrPhenotypicFeatureAssociation,knowledge_assertion,manual_agent,https://purl.humanatlas.io/vocab/hp
HGNC:30988,biolink:has_phenotype,HP:0000126,biolink:EntityToDiseaseOrPhenotypicFeatureAssociation,knowledge_assertion,manual_agent,https://purl.humanatlas.io/vocab/hp
HGNC:30988,biolink:has_phenotype,HP:0012622,biolink:EntityToDiseaseOrPhenotypicFeatureAssociation,knowledge_assertion,manual_agent,https://purl.humanatlas.io/vocab/hp
HGNC:30988,biolink:has_phenotype,HP:0012330,biolink:EntityToDiseaseOrPhenotypicFeatureAssociation,knowledge_assertion,manual_agent,https://purl.humanatlas.io/vocab/hp
HGNC:103,biolink:has_phenotype,HP:0033759,biolink:EntityToDiseaseOrPhenotypicFeatureAssociation,knowledge_assertion,manual_agent,https://purl.humanatlas.io/vocab/hp
HGNC:21575,biolink:has_phenotype,HP:0003774,biolink:EntityToDiseaseOrPhenotypicFeatureAssociation,knowledge_assertion,manual_agent,https://purl.humanatlas.io/vocab/hp
HGNC:21575,biolink:has_phenotype,HP:0000090,biolink:EntityToDiseaseOrPhenotypicFeatureAssociation,knowledge_assertion,manual_agent,https://purl.humanatlas.io/vocab/hp
HGNC:15984,biolink:has_phenotype,HP:0000097,biolink:EntityToDiseaseOrPhenotypicFeatureAssociation,knowledge_assertion,manual_agent,https://purl.humanatlas.io/vocab/hp
HGNC:15984,biolink:has_phenotype,HP:0000096,biolink:EntityToDiseaseOrPhenotypicFeatureAssociation,knowledge_assertion,manual_agent,https://purl.humanatlas.io/vocab/hp
HGNC:15984,biolink:has_phenotype,HP:0000100,biolink:EntityToDiseaseOrPhenotypicFeatureAssociation,knowledge_assertion,manual_agent,https://purl.humanatlas.io/vocab/hp
HGNC:20893,biolink:has_phenotype,HP:0008678,biolink:EntityToDiseaseOrPhenotypicFeatureAssociation,knowledge_assertion,manual_agent,https://purl.humanatlas.io/vocab/hp
HGNC:20893,biolink:has_phenotype,HP:0008678,biolink:EntityToDiseaseOrPhenotypicFeatureAssociation,knowledge_assertion,manual_agent,https://purl.humanatlas.io/vocab/hp
HGNC:20893,biolink:has_phenotype,HP:0000089,biolink:EntityToDiseaseOrPhenotypicFeatureAssociation,knowledge_assertion,manual_agent,https://purl.humanatlas.io/vocab/hp
HGNC:20893,biolink:has_phenotype,HP:0000126,biolink:EntityToDiseaseOrPhenotypicFeatureAssociation,knowledge_assertion,manual_agent,https://purl.humanatlas.io/vocab/hp
HGNC:20893,biolink:has_phenotype,HP:0000790,biolink:EntityToDiseaseOrPhenotypicFeatureAssociation,knowledge_assertion,manual_agent,https://purl.humanatlas.io/vocab/hp
HGNC:24715,biolink:has_phenotype,HP:0003774,biolink:EntityToDiseaseOrPhenotypicFeatureAssociation,knowledge_assertion,manual_agent,https://purl.humanatlas.io/vocab/hp
HGNC:24715,biolink:has_phenotype,HP:0003774,biolink:EntityToDiseaseOrPhenotypicFeatureAssociation,knowledge_assertion,manual_agent,https://purl.humanatlas.io/vocab/hp
HGNC:24715,biolink:has_phenotype,HP:0000097,biolink:EntityToDiseaseOrPhenotypicFeatureAssociation,knowledge_assertion,manual_agent,https://purl.humanatlas.io/vocab/hp
HGNC:24715,biolink:has_phenotype,HP:0000097,biolink:EntityToDiseaseOrPhenotypicFeatureAssociation,knowledge_assertion,manual_agent,https://purl.humanatlas.io/vocab/hp
HGNC:24715,biolink:has_phenotype,HP:0012622,biolink:EntityToDiseaseOrPhenotypicFeatureAssociation,knowledge_assertion,manual_agent,https://purl.humanatlas.io/vocab/hp
HGNC:24715,biolink:has_phenotype,HP:0001967,biolink:EntityToDiseaseOrPhenotypicFeatureAssociation,knowledge_assertion,manual_agent,https://purl.humanatlas.io/vocab/hp
HGNC:24715,biolink:has_phenotype,HP:0012588,biolink:EntityToDiseaseOrPhenotypicFeatureAssociation,knowledge_assertion,manual_agent,https://purl.humanatlas.io/vocab/hp
HGNC:24715,biolink:has_phenotype,HP:0012579,biolink:EntityToDiseaseOrPhenotypicFeatureAssociation,knowledge_assertion,manual_agent,https://purl.humanatlas.io/vocab/hp
HGNC:25994,biolink:has_phenotype,HP:0000126,biolink:EntityToDiseaseOrPhenotypicFeatureAssociation,knowledge_assertion,manual_agent,https://purl.humanatlas.io/vocab/hp
HGNC:21904,biolink:has_phenotype,HP:0000089,biolink:EntityToDiseaseOrPhenotypicFeatureAssociation,knowledge_assertion,manual_agent,https://purl.humanatlas.io/vocab/hp
HGNC:21904,biolink:has_phenotype,HP:0000126,biolink:EntityToDiseaseOrPhenotypicFeatureAssociation,knowledge_assertion,manual_agent,https://purl.humanatlas.io/vocab/hp
HGNC:21904,biolink:has_phenotype,HP:0000107,biolink:EntityToDiseaseOrPhenotypicFeatureAssociation,knowledge_assertion,manual_agent,https://purl.humanatlas.io/vocab/hp
HGNC:26002,biolink:has_phenotype,HP:0000126,biolink:EntityToDiseaseOrPhenotypicFeatureAssociation,knowledge_assertion,manual_agent,https://purl.humanatlas.io/vocab/hp
HGNC:26002,biolink:has_phenotype,HP:0000107,biolink:EntityToDiseaseOrPhenotypicFeatureAssociation,knowledge_assertion,manual_agent,https://purl.humanatlas.io/vocab/hp
HGNC:23326,biolink:has_phenotype,HP:0033726,biolink:EntityToDiseaseOrPhenotypicFeatureAssociation,knowledge_assertion,manual_agent,https://purl.humanatlas.io/vocab/hp
HGNC:23326,biolink:has_phenotype,HP:0000790,biolink:EntityToDiseaseOrPhenotypicFeatureAssociation,knowledge_assertion,manual_agent,https://purl.humanatlas.io/vocab/hp
HGNC:7121,biolink:has_phenotype,HP:0000085,biolink:EntityToDiseaseOrPhenotypicFeatureAssociation,knowledge_assertion,manual_agent,https://purl.humanatlas.io/vocab/hp
HGNC:7121,biolink:has_phenotype,HP:0000003,biolink:EntityToDiseaseOrPhenotypicFeatureAssociation,knowledge_assertion,manual_agent,https://purl.humanatlas.io/vocab/hp
HGNC:7121,biolink:has_phenotype,HP:0000113,biolink:EntityToDiseaseOrPhenotypicFeatureAssociation,knowledge_assertion,manual_agent,https://purl.humanatlas.io/vocab/hp
HGNC:7121,biolink:has_phenotype,HP:0000126,biolink:EntityToDiseaseOrPhenotypicFeatureAssociation,knowledge_assertion,manual_agent,https://purl.humanatlas.io/vocab/hp
HGNC:7121,biolink:has_phenotype,HP:0000100,biolink:EntityToDiseaseOrPhenotypicFeatureAssociation,knowledge_assertion,manual_agent,https://purl.humanatlas.io/vocab/hp
HGNC:7121,biolink:has_phenotype,HP:0000104,biolink:EntityToDiseaseOrPhenotypicFeatureAssociation,knowledge_assertion,manual_agent,https://purl.humanatlas.io/vocab/hp
HGNC:7121,biolink:has_phenotype,HP:0005562,biolink:EntityToDiseaseOrPhenotypicFeatureAssociation,knowledge_assertion,manual_agent,https://purl.humanatlas.io/vocab/hp
HGNC:7121,biolink:has_phenotype,HP:0012622,biolink:EntityToDiseaseOrPhenotypicFeatureAssociation,knowledge_assertion,manual_agent,https://purl.humanatlas.io/vocab/hp
HGNC:7121,biolink:has_phenotype,HP:0000800,biolink:EntityToDiseaseOrPhenotypicFeatureAssociation,knowledge_assertion,manual_agent,https://purl.humanatlas.io/vocab/hp
HGNC:23377,biolink:has_phenotype,HP:0000126,biolink:EntityToDiseaseOrPhenotypicFeatureAssociation,knowledge_assertion,manual_agent,https://purl.humanatlas.io/vocab/hp
HGNC:23377,biolink:has_phenotype,HP:0004719,biolink:EntityToDiseaseOrPhenotypicFeatureAssociation,knowledge_assertion,manual_agent,https://purl.humanatlas.io/vocab/hp
HGNC:20185,biolink:has_phenotype,HP:0000083,biolink:EntityToDiseaseOrPhenotypicFeatureAssociation,knowledge_assertion,manual_agent,https://purl.humanatlas.io/vocab/hp
HGNC:20185,biolink:has_phenotype,HP:0000107,biolink:EntityToDiseaseOrPhenotypicFeatureAssociation,knowledge_assertion,manual_agent,https://purl.humanatlas.io/vocab/hp
HGNC:17697,biolink:has_phenotype,HP:0000103,biolink:EntityToDiseaseOrPhenotypicFeatureAssociation,knowledge_assertion,manual_agent,https://purl.humanatlas.io/vocab/hp
HGNC:17697,biolink:has_phenotype,HP:0004719,biolink:EntityToDiseaseOrPhenotypicFeatureAssociation,knowledge_assertion,manual_agent,https://purl.humanatlas.io/vocab/hp
HGNC:17697,biolink:has_phenotype,HP:0012622,biolink:EntityToDiseaseOrPhenotypicFeatureAssociation,knowledge_assertion,manual_agent,https://purl.humanatlas.io/vocab/hp
HGNC:26034,biolink:has_phenotype,HP:0000096,biolink:EntityToDiseaseOrPhenotypicFeatureAssociation,knowledge_assertion,manual_agent,https://purl.humanatlas.io/vocab/hp
HGNC:26034,biolink:has_phenotype,HP:0005584,biolink:EntityToDiseaseOrPhenotypicFeatureAssociation,knowledge_assertion,manual_agent,https://purl.humanatlas.io/vocab/hp
HGNC:26034,biolink:has_phenotype,HP:0000790,biolink:EntityToDiseaseOrPhenotypicFeatureAssociation,knowledge_assertion,manual_agent,https://purl.humanatlas.io/vocab/hp
HGNC:21176,biolink:has_phenotype,HP:0000089,biolink:EntityToDiseaseOrPhenotypicFeatureAssociation,knowledge_assertion,manual_agent,https://purl.humanatlas.io/vocab/hp
HGNC:21176,biolink:has_phenotype,HP:0000083,biolink:EntityToDiseaseOrPhenotypicFeatureAssociation,knowledge_assertion,manual_agent,https://purl.humanatlas.io/vocab/hp
HGNC:21176,biolink:has_phenotype,HP:0000110,biolink:EntityToDiseaseOrPhenotypicFeatureAssociation,knowledge_assertion,manual_agent,https://purl.humanatlas.io/vocab/hp
HGNC:21176,biolink:has_phenotype,HP:0000107,biolink:EntityToDiseaseOrPhenotypicFeatureAssociation,knowledge_assertion,manual_agent,https://purl.humanatlas.io/vocab/hp
HGNC:21176,biolink:has_phenotype,HP:0001947,biolink:EntityToDiseaseOrPhenotypicFeatureAssociation,knowledge_assertion,manual_agent,https://purl.humanatlas.io/vocab/hp
HGNC:17485,biolink:has_phenotype,HP:0000122,biolink:EntityToDiseaseOrPhenotypicFeatureAssociation,knowledge_assertion,manual_agent,https://purl.humanatlas.io/vocab/hp
HGNC:18233,biolink:has_phenotype,HP:0033726,biolink:EntityToDiseaseOrPhenotypicFeatureAssociation,knowledge_assertion,manual_agent,https://purl.humanatlas.io/vocab/hp
HGNC:18233,biolink:has_phenotype,HP:0000790,biolink:EntityToDiseaseOrPhenotypicFeatureAssociation,knowledge_assertion,manual_agent,https://purl.humanatlas.io/vocab/hp
HGNC:26087,biolink:has_phenotype,HP:0000085,biolink:EntityToDiseaseOrPhenotypicFeatureAssociation,knowledge_assertion,manual_agent,https://purl.humanatlas.io/vocab/hp
HGNC:26087,biolink:has_phenotype,HP:0000104,biolink:EntityToDiseaseOrPhenotypicFeatureAssociation,knowledge_assertion,manual_agent,https://purl.humanatlas.io/vocab/hp
HGNC:18234,biolink:has_phenotype,HP:0000083,biolink:EntityToDiseaseOrPhenotypicFeatureAssociation,knowledge_assertion,manual_agent,https://purl.humanatlas.io/vocab/hp
HGNC:18234,biolink:has_phenotype,HP:0000787,biolink:EntityToDiseaseOrPhenotypicFeatureAssociation,knowledge_assertion,manual_agent,https://purl.humanatlas.io/vocab/hp
HGNC:24684,biolink:has_phenotype,HP:0000790,biolink:EntityToDiseaseOrPhenotypicFeatureAssociation,knowledge_assertion,manual_agent,https://purl.humanatlas.io/vocab/hp
HGNC:21862,biolink:has_phenotype,HP:0000089,biolink:EntityToDiseaseOrPhenotypicFeatureAssociation,knowledge_assertion,manual_agent,https://purl.humanatlas.io/vocab/hp
HGNC:21862,biolink:has_phenotype,HP:0000083,biolink:EntityToDiseaseOrPhenotypicFeatureAssociation,knowledge_assertion,manual_agent,https://purl.humanatlas.io/vocab/hp
HGNC:21862,biolink:has_phenotype,HP:0000090,biolink:EntityToDiseaseOrPhenotypicFeatureAssociation,knowledge_assertion,manual_agent,https://purl.humanatlas.io/vocab/hp
HGNC:21862,biolink:has_phenotype,HP:0000126,biolink:EntityToDiseaseOrPhenotypicFeatureAssociation,knowledge_assertion,manual_agent,https://purl.humanatlas.io/vocab/hp
HGNC:21862,biolink:has_phenotype,HP:0000112,biolink:EntityToDiseaseOrPhenotypicFeatureAssociation,knowledge_assertion,manual_agent,https://purl.humanatlas.io/vocab/hp
HGNC:21862,biolink:has_phenotype,HP:0000107,biolink:EntityToDiseaseOrPhenotypicFeatureAssociation,knowledge_assertion,manual_agent,https://purl.humanatlas.io/vocab/hp
HGNC:20748,biolink:has_phenotype,HP:0008678,biolink:EntityToDiseaseOrPhenotypicFeatureAssociation,knowledge_assertion,manual_agent,https://purl.humanatlas.io/vocab/hp
HGNC:20748,biolink:has_phenotype,HP:0000089,biolink:EntityToDiseaseOrPhenotypicFeatureAssociation,knowledge_assertion,manual_agent,https://purl.humanatlas.io/vocab/hp
HGNC:20748,biolink:has_phenotype,HP:0000083,biolink:EntityToDiseaseOrPhenotypicFeatureAssociation,knowledge_assertion,manual_agent,https://purl.humanatlas.io/vocab/hp
HGNC:20748,biolink:has_phenotype,HP:0000122,biolink:EntityToDiseaseOrPhenotypicFeatureAssociation,knowledge_assertion,manual_agent,https://purl.humanatlas.io/vocab/hp
HGNC:20748,biolink:has_phenotype,HP:0100542,biolink:EntityToDiseaseOrPhenotypicFeatureAssociation,knowledge_assertion,manual_agent,https://purl.humanatlas.io/vocab/hp
HGNC:20748,biolink:has_phenotype,HP:0012210,biolink:EntityToDiseaseOrPhenotypicFeatureAssociation,knowledge_assertion,manual_agent,https://purl.humanatlas.io/vocab/hp
HGNC:25539,biolink:has_phenotype,HP:0008678,biolink:EntityToDiseaseOrPhenotypicFeatureAssociation,knowledge_assertion,manual_agent,https://purl.humanatlas.io/vocab/hp
HGNC:25539,biolink:has_phenotype,HP:0000089,biolink:EntityToDiseaseOrPhenotypicFeatureAssociation,knowledge_assertion,manual_agent,https://purl.humanatlas.io/vocab/hp
HGNC:25539,biolink:has_phenotype,HP:0000083,biolink:EntityToDiseaseOrPhenotypicFeatureAssociation,knowledge_assertion,manual_agent,https://purl.humanatlas.io/vocab/hp
HGNC:25539,biolink:has_phenotype,HP:0100542,biolink:EntityToDiseaseOrPhenotypicFeatureAssociation,knowledge_assertion,manual_agent,https://purl.humanatlas.io/vocab/hp
HGNC:25539,biolink:has_phenotype,HP:0012210,biolink:EntityToDiseaseOrPhenotypicFeatureAssociation,knowledge_assertion,manual_agent,https://purl.humanatlas.io/vocab/hp
HGNC:1161,biolink:has_phenotype,HP:0000089,biolink:EntityToDiseaseOrPhenotypicFeatureAssociation,knowledge_assertion,manual_agent,https://purl.humanatlas.io/vocab/hp
HGNC:1161,biolink:has_phenotype,HP:0000110,biolink:EntityToDiseaseOrPhenotypicFeatureAssociation,knowledge_assertion,manual_agent,https://purl.humanatlas.io/vocab/hp
HGNC:1161,biolink:has_phenotype,HP:0000107,biolink:EntityToDiseaseOrPhenotypicFeatureAssociation,knowledge_assertion,manual_agent,https://purl.humanatlas.io/vocab/hp
HGNC:29832,biolink:has_phenotype,HP:0010958,biolink:EntityToDiseaseOrPhenotypicFeatureAssociation,knowledge_assertion,manual_agent,https://purl.humanatlas.io/vocab/hp
HGNC:29832,biolink:has_phenotype,HP:0000122,biolink:EntityToDiseaseOrPhenotypicFeatureAssociation,knowledge_assertion,manual_agent,https://purl.humanatlas.io/vocab/hp
HGNC:30064,biolink:has_phenotype,HP:0005584,biolink:EntityToDiseaseOrPhenotypicFeatureAssociation,knowledge_assertion,manual_agent,https://purl.humanatlas.io/vocab/hp
HGNC:18758,biolink:has_phenotype,HP:0000085,biolink:EntityToDiseaseOrPhenotypicFeatureAssociation,knowledge_assertion,manual_agent,https://purl.humanatlas.io/vocab/hp
HGNC:18758,biolink:has_phenotype,HP:0000126,biolink:EntityToDiseaseOrPhenotypicFeatureAssociation,knowledge_assertion,manual_agent,https://purl.humanatlas.io/vocab/hp
HGNC:18758,biolink:has_phenotype,HP:0000100,biolink:EntityToDiseaseOrPhenotypicFeatureAssociation,knowledge_assertion,manual_agent,https://purl.humanatlas.io/vocab/hp
HGNC:18758,biolink:has_phenotype,HP:0005562,biolink:EntityToDiseaseOrPhenotypicFeatureAssociation,knowledge_assertion,manual_agent,https://purl.humanatlas.io/vocab/hp
HGNC:18758,biolink:has_phenotype,HP:0012622,biolink:EntityToDiseaseOrPhenotypicFeatureAssociation,knowledge_assertion,manual_agent,https://purl.humanatlas.io/vocab/hp
HGNC:25568,biolink:has_phenotype,HP:0008678,biolink:EntityToDiseaseOrPhenotypicFeatureAssociation,knowledge_assertion,manual_agent,https://purl.humanatlas.io/vocab/hp
HGNC:25568,biolink:has_phenotype,HP:0000089,biolink:EntityToDiseaseOrPhenotypicFeatureAssociation,knowledge_assertion,manual_agent,https://purl.humanatlas.io/vocab/hp
HGNC:25568,biolink:has_phenotype,HP:0000083,biolink:EntityToDiseaseOrPhenotypicFeatureAssociation,knowledge_assertion,manual_agent,https://purl.humanatlas.io/vocab/hp
HGNC:25568,biolink:has_phenotype,HP:0000085,biolink:EntityToDiseaseOrPhenotypicFeatureAssociation,knowledge_assertion,manual_agent,https://purl.humanatlas.io/vocab/hp
HGNC:25568,biolink:has_phenotype,HP:0100542,biolink:EntityToDiseaseOrPhenotypicFeatureAssociation,knowledge_assertion,manual_agent,https://purl.humanatlas.io/vocab/hp
HGNC:25568,biolink:has_phenotype,HP:0012210,biolink:EntityToDiseaseOrPhenotypicFeatureAssociation,knowledge_assertion,manual_agent,https://purl.humanatlas.io/vocab/hp
HGNC:25568,biolink:has_phenotype,HP:0012210,biolink:EntityToDiseaseOrPhenotypicFeatureAssociation,knowledge_assertion,manual_agent,https://purl.humanatlas.io/vocab/hp
HGNC:15734,biolink:has_phenotype,HP:0000097,biolink:EntityToDiseaseOrPhenotypicFeatureAssociation,knowledge_assertion,manual_agent,https://purl.humanatlas.io/vocab/hp
HGNC:15734,biolink:has_phenotype,HP:0031266,biolink:EntityToDiseaseOrPhenotypicFeatureAssociation,knowledge_assertion,manual_agent,https://purl.humanatlas.io/vocab/hp
HGNC:15734,biolink:has_phenotype,HP:0012588,biolink:EntityToDiseaseOrPhenotypicFeatureAssociation,knowledge_assertion,manual_agent,https://purl.humanatlas.io/vocab/hp
HGNC:15734,biolink:has_phenotype,HP:0012579,biolink:EntityToDiseaseOrPhenotypicFeatureAssociation,knowledge_assertion,manual_agent,https://purl.humanatlas.io/vocab/hp
HGNC:15734,biolink:has_phenotype,HP:0012574,biolink:EntityToDiseaseOrPhenotypicFeatureAssociation,knowledge_assertion,manual_agent,https://purl.humanatlas.io/vocab/hp
HGNC:30935,biolink:has_phenotype,HP:0100817,biolink:EntityToDiseaseOrPhenotypicFeatureAssociation,knowledge_assertion,manual_agent,https://purl.humanatlas.io/vocab/hp
HGNC:30935,biolink:has_phenotype,HP:0001920,biolink:EntityToDiseaseOrPhenotypicFeatureAssociation,knowledge_assertion,manual_agent,https://purl.humanatlas.io/vocab/hp
HGNC:23805,biolink:has_phenotype,HP:0000122,biolink:EntityToDiseaseOrPhenotypicFeatureAssociation,knowledge_assertion,manual_agent,https://purl.humanatlas.io/vocab/hp
HGNC:25604,biolink:has_phenotype,HP:0000122,biolink:EntityToDiseaseOrPhenotypicFeatureAssociation,knowledge_assertion,manual_agent,https://purl.humanatlas.io/vocab/hp
HGNC:23096,biolink:has_phenotype,HP:0000105,biolink:EntityToDiseaseOrPhenotypicFeatureAssociation,knowledge_assertion,manual_agent,https://purl.humanatlas.io/vocab/hp
HGNC:16491,biolink:has_phenotype,HP:0000787,biolink:EntityToDiseaseOrPhenotypicFeatureAssociation,knowledge_assertion,manual_agent,https://purl.humanatlas.io/vocab/hp
HGNC:14575,biolink:has_phenotype,HP:0000126,biolink:EntityToDiseaseOrPhenotypicFeatureAssociation,knowledge_assertion,manual_agent,https://purl.humanatlas.io/vocab/hp
HGNC:14006,biolink:has_phenotype,HP:0000122,biolink:EntityToDiseaseOrPhenotypicFeatureAssociation,knowledge_assertion,manual_agent,https://purl.humanatlas.io/vocab/hp
HGNC:14006,biolink:has_phenotype,HP:0000105,biolink:EntityToDiseaseOrPhenotypicFeatureAssociation,knowledge_assertion,manual_agent,https://purl.humanatlas.io/vocab/hp
HGNC:14378,biolink:has_phenotype,HP:0000097,biolink:EntityToDiseaseOrPhenotypicFeatureAssociation,knowledge_assertion,manual_agent,https://purl.humanatlas.io/vocab/hp
HGNC:14378,biolink:has_phenotype,HP:0000100,biolink:EntityToDiseaseOrPhenotypicFeatureAssociation,knowledge_assertion,manual_agent,https://purl.humanatlas.io/vocab/hp
HGNC:14378,biolink:has_phenotype,HP:0012574,biolink:EntityToDiseaseOrPhenotypicFeatureAssociation,knowledge_assertion,manual_agent,https://purl.humanatlas.io/vocab/hp
HGNC:26927,biolink:has_phenotype,HP:0000114,biolink:EntityToDiseaseOrPhenotypicFeatureAssociation,knowledge_assertion,manual_agent,https://purl.humanatlas.io/vocab/hp
HGNC:25402,biolink:has_phenotype,HP:0000081,biolink:EntityToDiseaseOrPhenotypicFeatureAssociation,knowledge_assertion,manual_agent,https://purl.humanatlas.io/vocab/hp
HGNC:25402,biolink:has_phenotype,HP:0000126,biolink:EntityToDiseaseOrPhenotypicFeatureAssociation,knowledge_assertion,manual_agent,https://purl.humanatlas.io/vocab/hp
HGNC:15859,biolink:has_phenotype,HP:0000126,biolink:EntityToDiseaseOrPhenotypicFeatureAssociation,knowledge_assertion,manual_agent,https://purl.humanatlas.io/vocab/hp
HGNC:20626,biolink:has_phenotype,HP:0000089,biolink:EntityToDiseaseOrPhenotypicFeatureAssociation,knowledge_assertion,manual_agent,https://purl.humanatlas.io/vocab/hp
HGNC:20626,biolink:has_phenotype,HP:0000085,biolink:EntityToDiseaseOrPhenotypicFeatureAssociation,knowledge_assertion,manual_agent,https://purl.humanatlas.io/vocab/hp
HGNC:20626,biolink:has_phenotype,HP:0000085,biolink:EntityToDiseaseOrPhenotypicFeatureAssociation,knowledge_assertion,manual_agent,https://purl.humanatlas.io/vocab/hp
HGNC:20626,biolink:has_phenotype,HP:0000126,biolink:EntityToDiseaseOrPhenotypicFeatureAssociation,knowledge_assertion,manual_agent,https://purl.humanatlas.io/vocab/hp
HGNC:20626,biolink:has_phenotype,HP:0000126,biolink:EntityToDiseaseOrPhenotypicFeatureAssociation,knowledge_assertion,manual_agent,https://purl.humanatlas.io/vocab/hp
HGNC:20626,biolink:has_phenotype,HP:0000100,biolink:EntityToDiseaseOrPhenotypicFeatureAssociation,knowledge_assertion,manual_agent,https://purl.humanatlas.io/vocab/hp
HGNC:20626,biolink:has_phenotype,HP:0000104,biolink:EntityToDiseaseOrPhenotypicFeatureAssociation,knowledge_assertion,manual_agent,https://purl.humanatlas.io/vocab/hp
HGNC:20626,biolink:has_phenotype,HP:0000104,biolink:EntityToDiseaseOrPhenotypicFeatureAssociation,knowledge_assertion,manual_agent,https://purl.humanatlas.io/vocab/hp
HGNC:18028,biolink:has_phenotype,HP:0003774,biolink:EntityToDiseaseOrPhenotypicFeatureAssociation,knowledge_assertion,manual_agent,https://purl.humanatlas.io/vocab/hp
HGNC:18028,biolink:has_phenotype,HP:0000096,biolink:EntityToDiseaseOrPhenotypicFeatureAssociation,knowledge_assertion,manual_agent,https://purl.humanatlas.io/vocab/hp
HGNC:18028,biolink:has_phenotype,HP:0000100,biolink:EntityToDiseaseOrPhenotypicFeatureAssociation,knowledge_assertion,manual_agent,https://purl.humanatlas.io/vocab/hp
HGNC:18028,biolink:has_phenotype,HP:0000100,biolink:EntityToDiseaseOrPhenotypicFeatureAssociation,knowledge_assertion,manual_agent,https://purl.humanatlas.io/vocab/hp
HGNC:18028,biolink:has_phenotype,HP:0000112,biolink:EntityToDiseaseOrPhenotypicFeatureAssociation,knowledge_assertion,manual_agent,https://purl.humanatlas.io/vocab/hp
HGNC:18028,biolink:has_phenotype,HP:0001967,biolink:EntityToDiseaseOrPhenotypicFeatureAssociation,knowledge_assertion,manual_agent,https://purl.humanatlas.io/vocab/hp
HGNC:26031,biolink:has_phenotype,HP:0000126,biolink:EntityToDiseaseOrPhenotypicFeatureAssociation,knowledge_assertion,manual_agent,https://purl.humanatlas.io/vocab/hp
HGNC:26031,biolink:has_phenotype,HP:0012210,biolink:EntityToDiseaseOrPhenotypicFeatureAssociation,knowledge_assertion,manual_agent,https://purl.humanatlas.io/vocab/hp
HGNC:26038,biolink:has_phenotype,HP:0000096,biolink:EntityToDiseaseOrPhenotypicFeatureAssociation,knowledge_assertion,manual_agent,https://purl.humanatlas.io/vocab/hp
HGNC:26038,biolink:has_phenotype,HP:0005584,biolink:EntityToDiseaseOrPhenotypicFeatureAssociation,knowledge_assertion,manual_agent,https://purl.humanatlas.io/vocab/hp
HGNC:26038,biolink:has_phenotype,HP:0001920,biolink:EntityToDiseaseOrPhenotypicFeatureAssociation,knowledge_assertion,manual_agent,https://purl.humanatlas.io/vocab/hp
HGNC:26038,biolink:has_phenotype,HP:0000790,biolink:EntityToDiseaseOrPhenotypicFeatureAssociation,knowledge_assertion,manual_agent,https://purl.humanatlas.io/vocab/hp
HGNC:22965,biolink:has_phenotype,HP:0000003,biolink:EntityToDiseaseOrPhenotypicFeatureAssociation,knowledge_assertion,manual_agent,https://purl.humanatlas.io/vocab/hp
HGNC:22965,biolink:has_phenotype,HP:0000126,biolink:EntityToDiseaseOrPhenotypicFeatureAssociation,knowledge_assertion,manual_agent,https://purl.humanatlas.io/vocab/hp
HGNC:30032,biolink:has_phenotype,HP:0012210,biolink:EntityToDiseaseOrPhenotypicFeatureAssociation,knowledge_assertion,manual_agent,https://purl.humanatlas.io/vocab/hp
HGNC:25507,biolink:has_phenotype,HP:0100817,biolink:EntityToDiseaseOrPhenotypicFeatureAssociation,knowledge_assertion,manual_agent,https://purl.humanatlas.io/vocab/hp
HGNC:25507,biolink:has_phenotype,HP:0001920,biolink:EntityToDiseaseOrPhenotypicFeatureAssociation,knowledge_assertion,manual_agent,https://purl.humanatlas.io/vocab/hp
HGNC:29685,biolink:has_phenotype,HP:0000124,biolink:EntityToDiseaseOrPhenotypicFeatureAssociation,knowledge_assertion,manual_agent,https://purl.humanatlas.io/vocab/hp
HGNC:29685,biolink:has_phenotype,HP:0000100,biolink:EntityToDiseaseOrPhenotypicFeatureAssociation,knowledge_assertion,manual_agent,https://purl.humanatlas.io/vocab/hp
HGNC:29685,biolink:has_phenotype,HP:0001947,biolink:EntityToDiseaseOrPhenotypicFeatureAssociation,knowledge_assertion,manual_agent,https://purl.humanatlas.io/vocab/hp
HGNC:13831,biolink:has_phenotype,HP:0000104,biolink:EntityToDiseaseOrPhenotypicFeatureAssociation,knowledge_assertion,manual_agent,https://purl.humanatlas.io/vocab/hp
HGNC:18016,biolink:has_phenotype,HP:0003774,biolink:EntityToDiseaseOrPhenotypicFeatureAssociation,knowledge_assertion,manual_agent,https://purl.humanatlas.io/vocab/hp
HGNC:18016,biolink:has_phenotype,HP:0003774,biolink:EntityToDiseaseOrPhenotypicFeatureAssociation,knowledge_assertion,manual_agent,https://purl.humanatlas.io/vocab/hp
HGNC:18016,biolink:has_phenotype,HP:0003774,biolink:EntityToDiseaseOrPhenotypicFeatureAssociation,knowledge_assertion,manual_agent,https://purl.humanatlas.io/vocab/hp
HGNC:18016,biolink:has_phenotype,HP:0000097,biolink:EntityToDiseaseOrPhenotypicFeatureAssociation,knowledge_assertion,manual_agent,https://purl.humanatlas.io/vocab/hp
HGNC:18016,biolink:has_phenotype,HP:0000097,biolink:EntityToDiseaseOrPhenotypicFeatureAssociation,knowledge_assertion,manual_agent,https://purl.humanatlas.io/vocab/hp
HGNC:18016,biolink:has_phenotype,HP:0000097,biolink:EntityToDiseaseOrPhenotypicFeatureAssociation,knowledge_assertion,manual_agent,https://purl.humanatlas.io/vocab/hp
HGNC:18016,biolink:has_phenotype,HP:0000092,biolink:EntityToDiseaseOrPhenotypicFeatureAssociation,knowledge_assertion,manual_agent,https://purl.humanatlas.io/vocab/hp
HGNC:18016,biolink:has_phenotype,HP:0000100,biolink:EntityToDiseaseOrPhenotypicFeatureAssociation,knowledge_assertion,manual_agent,https://purl.humanatlas.io/vocab/hp
HGNC:18016,biolink:has_phenotype,HP:0000100,biolink:EntityToDiseaseOrPhenotypicFeatureAssociation,knowledge_assertion,manual_agent,https://purl.humanatlas.io/vocab/hp
HGNC:18016,biolink:has_phenotype,HP:0000112,biolink:EntityToDiseaseOrPhenotypicFeatureAssociation,knowledge_assertion,manual_agent,https://purl.humanatlas.io/vocab/hp
HGNC:18016,biolink:has_phenotype,HP:0012622,biolink:EntityToDiseaseOrPhenotypicFeatureAssociation,knowledge_assertion,manual_agent,https://purl.humanatlas.io/vocab/hp
HGNC:18016,biolink:has_phenotype,HP:0001967,biolink:EntityToDiseaseOrPhenotypicFeatureAssociation,knowledge_assertion,manual_agent,https://purl.humanatlas.io/vocab/hp
HGNC:18016,biolink:has_phenotype,HP:0000790,biolink:EntityToDiseaseOrPhenotypicFeatureAssociation,knowledge_assertion,manual_agent,https://purl.humanatlas.io/vocab/hp
HGNC:18016,biolink:has_phenotype,HP:0012588,biolink:EntityToDiseaseOrPhenotypicFeatureAssociation,knowledge_assertion,manual_agent,https://purl.humanatlas.io/vocab/hp
HGNC:18016,biolink:has_phenotype,HP:0012579,biolink:EntityToDiseaseOrPhenotypicFeatureAssociation,knowledge_assertion,manual_agent,https://purl.humanatlas.io/vocab/hp
HGNC:18672,biolink:has_phenotype,HP:0000122,biolink:EntityToDiseaseOrPhenotypicFeatureAssociation,knowledge_assertion,manual_agent,https://purl.humanatlas.io/vocab/hp
HGNC:13556,biolink:has_phenotype,HP:0003774,biolink:EntityToDiseaseOrPhenotypicFeatureAssociation,knowledge_assertion,manual_agent,https://purl.humanatlas.io/vocab/hp
HGNC:13556,biolink:has_phenotype,HP:0001970,biolink:EntityToDiseaseOrPhenotypicFeatureAssociation,knowledge_assertion,manual_agent,https://purl.humanatlas.io/vocab/hp
HGNC:13556,biolink:has_phenotype,HP:0012622,biolink:EntityToDiseaseOrPhenotypicFeatureAssociation,knowledge_assertion,manual_agent,https://purl.humanatlas.io/vocab/hp
HGNC:13556,biolink:has_phenotype,HP:0012623,biolink:EntityToDiseaseOrPhenotypicFeatureAssociation,knowledge_assertion,manual_agent,https://purl.humanatlas.io/vocab/hp
HGNC:25636,biolink:has_phenotype,HP:0000003,biolink:EntityToDiseaseOrPhenotypicFeatureAssociation,knowledge_assertion,manual_agent,https://purl.humanatlas.io/vocab/hp
HGNC:25636,biolink:has_phenotype,HP:0100542,biolink:EntityToDiseaseOrPhenotypicFeatureAssociation,knowledge_assertion,manual_agent,https://purl.humanatlas.io/vocab/hp
HGNC:23038,biolink:has_phenotype,HP:0000122,biolink:EntityToDiseaseOrPhenotypicFeatureAssociation,knowledge_assertion,manual_agent,https://purl.humanatlas.io/vocab/hp
HGNC:21285,biolink:has_phenotype,HP:0008672,biolink:EntityToDiseaseOrPhenotypicFeatureAssociation,knowledge_assertion,manual_agent,https://purl.humanatlas.io/vocab/hp
HGNC:21285,biolink:has_phenotype,HP:0008672,biolink:EntityToDiseaseOrPhenotypicFeatureAssociation,knowledge_assertion,manual_agent,https://purl.humanatlas.io/vocab/hp
HGNC:17272,biolink:has_phenotype,HP:0000122,biolink:EntityToDiseaseOrPhenotypicFeatureAssociation,knowledge_assertion,manual_agent,https://purl.humanatlas.io/vocab/hp
HGNC:30760,biolink:has_phenotype,HP:0005575,biolink:EntityToDiseaseOrPhenotypicFeatureAssociation,knowledge_assertion,manual_agent,https://purl.humanatlas.io/vocab/hp
HGNC:30883,biolink:has_phenotype,HP:0003774,biolink:EntityToDiseaseOrPhenotypicFeatureAssociation,knowledge_assertion,manual_agent,https://purl.humanatlas.io/vocab/hp
HGNC:30883,biolink:has_phenotype,HP:0000114,biolink:EntityToDiseaseOrPhenotypicFeatureAssociation,knowledge_assertion,manual_agent,https://purl.humanatlas.io/vocab/hp
HGNC:13315,biolink:has_phenotype,HP:0000083,biolink:EntityToDiseaseOrPhenotypicFeatureAssociation,knowledge_assertion,manual_agent,https://purl.humanatlas.io/vocab/hp
HGNC:13315,biolink:has_phenotype,HP:0000003,biolink:EntityToDiseaseOrPhenotypicFeatureAssociation,knowledge_assertion,manual_agent,https://purl.humanatlas.io/vocab/hp
HGNC:18294,biolink:has_phenotype,HP:0000083,biolink:EntityToDiseaseOrPhenotypicFeatureAssociation,knowledge_assertion,manual_agent,https://purl.humanatlas.io/vocab/hp
HGNC:18294,biolink:has_phenotype,HP:0000100,biolink:EntityToDiseaseOrPhenotypicFeatureAssociation,knowledge_assertion,manual_agent,https://purl.humanatlas.io/vocab/hp
HGNC:1142,biolink:has_phenotype,HP:0000083,biolink:EntityToDiseaseOrPhenotypicFeatureAssociation,knowledge_assertion,manual_agent,https://purl.humanatlas.io/vocab/hp
HGNC:1142,biolink:has_phenotype,HP:0000121,biolink:EntityToDiseaseOrPhenotypicFeatureAssociation,knowledge_assertion,manual_agent,https://purl.humanatlas.io/vocab/hp
HGNC:1142,biolink:has_phenotype,HP:0001970,biolink:EntityToDiseaseOrPhenotypicFeatureAssociation,knowledge_assertion,manual_agent,https://purl.humanatlas.io/vocab/hp
HGNC:1142,biolink:has_phenotype,HP:0000787,biolink:EntityToDiseaseOrPhenotypicFeatureAssociation,knowledge_assertion,manual_agent,https://purl.humanatlas.io/vocab/hp
HGNC:13446,biolink:has_phenotype,HP:0008651,biolink:EntityToDiseaseOrPhenotypicFeatureAssociation,knowledge_assertion,manual_agent,https://purl.humanatlas.io/vocab/hp
HGNC:13446,biolink:has_phenotype,HP:0000091,biolink:EntityToDiseaseOrPhenotypicFeatureAssociation,knowledge_assertion,manual_agent,https://purl.humanatlas.io/vocab/hp
HGNC:13446,biolink:has_phenotype,HP:0012622,biolink:EntityToDiseaseOrPhenotypicFeatureAssociation,knowledge_assertion,manual_agent,https://purl.humanatlas.io/vocab/hp
HGNC:13446,biolink:has_phenotype,HP:0001919,biolink:EntityToDiseaseOrPhenotypicFeatureAssociation,knowledge_assertion,manual_agent,https://purl.humanatlas.io/vocab/hp
HGNC:13446,biolink:has_phenotype,HP:0000790,biolink:EntityToDiseaseOrPhenotypicFeatureAssociation,knowledge_assertion,manual_agent,https://purl.humanatlas.io/vocab/hp
HGNC:13446,biolink:has_phenotype,HP:0000787,biolink:EntityToDiseaseOrPhenotypicFeatureAssociation,knowledge_assertion,manual_agent,https://purl.humanatlas.io/vocab/hp
HGNC:13446,biolink:has_phenotype,HP:0012213,biolink:EntityToDiseaseOrPhenotypicFeatureAssociation,knowledge_assertion,manual_agent,https://purl.humanatlas.io/vocab/hp
HGNC:13446,biolink:has_phenotype,HP:0012211,biolink:EntityToDiseaseOrPhenotypicFeatureAssociation,knowledge_assertion,manual_agent,https://purl.humanatlas.io/vocab/hp
HGNC:21474,biolink:has_phenotype,HP:0000083,biolink:EntityToDiseaseOrPhenotypicFeatureAssociation,knowledge_assertion,manual_agent,https://purl.humanatlas.io/vocab/hp
HGNC:21474,biolink:has_phenotype,HP:0000003,biolink:EntityToDiseaseOrPhenotypicFeatureAssociation,knowledge_assertion,manual_agent,https://purl.humanatlas.io/vocab/hp
HGNC:21474,biolink:has_phenotype,HP:0000112,biolink:EntityToDiseaseOrPhenotypicFeatureAssociation,knowledge_assertion,manual_agent,https://purl.humanatlas.io/vocab/hp
HGNC:21474,biolink:has_phenotype,HP:0000112,biolink:EntityToDiseaseOrPhenotypicFeatureAssociation,knowledge_assertion,manual_agent,https://purl.humanatlas.io/vocab/hp
HGNC:21474,biolink:has_phenotype,HP:0000107,biolink:EntityToDiseaseOrPhenotypicFeatureAssociation,knowledge_assertion,manual_agent,https://purl.humanatlas.io/vocab/hp
HGNC:20637,biolink:has_phenotype,HP:0000126,biolink:EntityToDiseaseOrPhenotypicFeatureAssociation,knowledge_assertion,manual_agent,https://purl.humanatlas.io/vocab/hp
HGNC:14508,biolink:has_phenotype,HP:0000091,biolink:EntityToDiseaseOrPhenotypicFeatureAssociation,knowledge_assertion,manual_agent,https://purl.humanatlas.io/vocab/hp
HGNC:22140,biolink:has_phenotype,HP:0000126,biolink:EntityToDiseaseOrPhenotypicFeatureAssociation,knowledge_assertion,manual_agent,https://purl.humanatlas.io/vocab/hp
HGNC:13995,biolink:has_phenotype,HP:0005584,biolink:EntityToDiseaseOrPhenotypicFeatureAssociation,knowledge_assertion,manual_agent,https://purl.humanatlas.io/vocab/hp
HGNC:13995,biolink:has_phenotype,HP:0006770,biolink:EntityToDiseaseOrPhenotypicFeatureAssociation,knowledge_assertion,manual_agent,https://purl.humanatlas.io/vocab/hp
HGNC:24641,biolink:has_phenotype,HP:0000126,biolink:EntityToDiseaseOrPhenotypicFeatureAssociation,knowledge_assertion,manual_agent,https://purl.humanatlas.io/vocab/hp
HGNC:24054,biolink:has_phenotype,HP:0000122,biolink:EntityToDiseaseOrPhenotypicFeatureAssociation,knowledge_assertion,manual_agent,https://purl.humanatlas.io/vocab/hp
HGNC:13436,biolink:has_phenotype,HP:0000003,biolink:EntityToDiseaseOrPhenotypicFeatureAssociation,knowledge_assertion,manual_agent,https://purl.humanatlas.io/vocab/hp
HGNC:30802,biolink:has_phenotype,HP:0031684,biolink:EntityToDiseaseOrPhenotypicFeatureAssociation,knowledge_assertion,manual_agent,https://purl.humanatlas.io/vocab/hp
HGNC:23041,biolink:has_phenotype,HP:0000100,biolink:EntityToDiseaseOrPhenotypicFeatureAssociation,knowledge_assertion,manual_agent,https://purl.humanatlas.io/vocab/hp
HGNC:29914,biolink:has_phenotype,HP:0003774,biolink:EntityToDiseaseOrPhenotypicFeatureAssociation,knowledge_assertion,manual_agent,https://purl.humanatlas.io/vocab/hp
HGNC:29914,biolink:has_phenotype,HP:0003774,biolink:EntityToDiseaseOrPhenotypicFeatureAssociation,knowledge_assertion,manual_agent,https://purl.humanatlas.io/vocab/hp
HGNC:29914,biolink:has_phenotype,HP:0003774,biolink:EntityToDiseaseOrPhenotypicFeatureAssociation,knowledge_assertion,manual_agent,https://purl.humanatlas.io/vocab/hp
HGNC:29914,biolink:has_phenotype,HP:0000097,biolink:EntityToDiseaseOrPhenotypicFeatureAssociation,knowledge_assertion,manual_agent,https://purl.humanatlas.io/vocab/hp
HGNC:29914,biolink:has_phenotype,HP:0000097,biolink:EntityToDiseaseOrPhenotypicFeatureAssociation,knowledge_assertion,manual_agent,https://purl.humanatlas.io/vocab/hp
HGNC:29914,biolink:has_phenotype,HP:0000097,biolink:EntityToDiseaseOrPhenotypicFeatureAssociation,knowledge_assertion,manual_agent,https://purl.humanatlas.io/vocab/hp
HGNC:29914,biolink:has_phenotype,HP:0000092,biolink:EntityToDiseaseOrPhenotypicFeatureAssociation,knowledge_assertion,manual_agent,https://purl.humanatlas.io/vocab/hp
HGNC:29914,biolink:has_phenotype,HP:0000092,biolink:EntityToDiseaseOrPhenotypicFeatureAssociation,knowledge_assertion,manual_agent,https://purl.humanatlas.io/vocab/hp
HGNC:29914,biolink:has_phenotype,HP:0000100,biolink:EntityToDiseaseOrPhenotypicFeatureAssociation,knowledge_assertion,manual_agent,https://purl.humanatlas.io/vocab/hp
HGNC:29914,biolink:has_phenotype,HP:0000100,biolink:EntityToDiseaseOrPhenotypicFeatureAssociation,knowledge_assertion,manual_agent,https://purl.humanatlas.io/vocab/hp
HGNC:29914,biolink:has_phenotype,HP:0000100,biolink:EntityToDiseaseOrPhenotypicFeatureAssociation,knowledge_assertion,manual_agent,https://purl.humanatlas.io/vocab/hp
HGNC:29914,biolink:has_phenotype,HP:0000112,biolink:EntityToDiseaseOrPhenotypicFeatureAssociation,knowledge_assertion,manual_agent,https://purl.humanatlas.io/vocab/hp
HGNC:29914,biolink:has_phenotype,HP:0012622,biolink:EntityToDiseaseOrPhenotypicFeatureAssociation,knowledge_assertion,manual_agent,https://purl.humanatlas.io/vocab/hp
HGNC:29914,biolink:has_phenotype,HP:0001967,biolink:EntityToDiseaseOrPhenotypicFeatureAssociation,knowledge_assertion,manual_agent,https://purl.humanatlas.io/vocab/hp
HGNC:29914,biolink:has_phenotype,HP:0001967,biolink:EntityToDiseaseOrPhenotypicFeatureAssociation,knowledge_assertion,manual_agent,https://purl.humanatlas.io/vocab/hp
HGNC:29914,biolink:has_phenotype,HP:0001967,biolink:EntityToDiseaseOrPhenotypicFeatureAssociation,knowledge_assertion,manual_agent,https://purl.humanatlas.io/vocab/hp
HGNC:29914,biolink:has_phenotype,HP:0000794,biolink:EntityToDiseaseOrPhenotypicFeatureAssociation,knowledge_assertion,manual_agent,https://purl.humanatlas.io/vocab/hp
HGNC:29914,biolink:has_phenotype,HP:0000794,biolink:EntityToDiseaseOrPhenotypicFeatureAssociation,knowledge_assertion,manual_agent,https://purl.humanatlas.io/vocab/hp
HGNC:29914,biolink:has_phenotype,HP:0012579,biolink:EntityToDiseaseOrPhenotypicFeatureAssociation,knowledge_assertion,manual_agent,https://purl.humanatlas.io/vocab/hp
HGNC:29914,biolink:has_phenotype,HP:0012579,biolink:EntityToDiseaseOrPhenotypicFeatureAssociation,knowledge_assertion,manual_agent,https://purl.humanatlas.io/vocab/hp
HGNC:29914,biolink:has_phenotype,HP:0012579,biolink:EntityToDiseaseOrPhenotypicFeatureAssociation,knowledge_assertion,manual_agent,https://purl.humanatlas.io/vocab/hp
HGNC:15924,biolink:has_phenotype,HP:0008678,biolink:EntityToDiseaseOrPhenotypicFeatureAssociation,knowledge_assertion,manual_agent,https://purl.humanatlas.io/vocab/hp
HGNC:15924,biolink:has_phenotype,HP:0000089,biolink:EntityToDiseaseOrPhenotypicFeatureAssociation,knowledge_assertion,manual_agent,https://purl.humanatlas.io/vocab/hp
HGNC:15924,biolink:has_phenotype,HP:0000086,biolink:EntityToDiseaseOrPhenotypicFeatureAssociation,knowledge_assertion,manual_agent,https://purl.humanatlas.io/vocab/hp
HGNC:15924,biolink:has_phenotype,HP:0000085,biolink:EntityToDiseaseOrPhenotypicFeatureAssociation,knowledge_assertion,manual_agent,https://purl.humanatlas.io/vocab/hp
HGNC:15924,biolink:has_phenotype,HP:0000085,biolink:EntityToDiseaseOrPhenotypicFeatureAssociation,knowledge_assertion,manual_agent,https://purl.humanatlas.io/vocab/hp
HGNC:15924,biolink:has_phenotype,HP:0000126,biolink:EntityToDiseaseOrPhenotypicFeatureAssociation,knowledge_assertion,manual_agent,https://purl.humanatlas.io/vocab/hp
HGNC:15924,biolink:has_phenotype,HP:0000104,biolink:EntityToDiseaseOrPhenotypicFeatureAssociation,knowledge_assertion,manual_agent,https://purl.humanatlas.io/vocab/hp
HGNC:15924,biolink:has_phenotype,HP:0004736,biolink:EntityToDiseaseOrPhenotypicFeatureAssociation,knowledge_assertion,manual_agent,https://purl.humanatlas.io/vocab/hp
HGNC:15924,biolink:has_phenotype,HP:0004736,biolink:EntityToDiseaseOrPhenotypicFeatureAssociation,knowledge_assertion,manual_agent,https://purl.humanatlas.io/vocab/hp
HGNC:15924,biolink:has_phenotype,HP:0004712,biolink:EntityToDiseaseOrPhenotypicFeatureAssociation,knowledge_assertion,manual_agent,https://purl.humanatlas.io/vocab/hp
HGNC:15924,biolink:has_phenotype,HP:0004712,biolink:EntityToDiseaseOrPhenotypicFeatureAssociation,knowledge_assertion,manual_agent,https://purl.humanatlas.io/vocab/hp
HGNC:29271,biolink:has_phenotype,HP:0000083,biolink:EntityToDiseaseOrPhenotypicFeatureAssociation,knowledge_assertion,manual_agent,https://purl.humanatlas.io/vocab/hp
HGNC:29271,biolink:has_phenotype,HP:0000100,biolink:EntityToDiseaseOrPhenotypicFeatureAssociation,knowledge_assertion,manual_agent,https://purl.humanatlas.io/vocab/hp
HGNC:29271,biolink:has_phenotype,HP:0005575,biolink:EntityToDiseaseOrPhenotypicFeatureAssociation,knowledge_assertion,manual_agent,https://purl.humanatlas.io/vocab/hp
HGNC:29271,biolink:has_phenotype,HP:0000793,biolink:EntityToDiseaseOrPhenotypicFeatureAssociation,knowledge_assertion,manual_agent,https://purl.humanatlas.io/vocab/hp
HGNC:16493,biolink:has_phenotype,HP:0012585,biolink:EntityToDiseaseOrPhenotypicFeatureAssociation,knowledge_assertion,manual_agent,https://purl.humanatlas.io/vocab/hp
HGNC:29203,biolink:has_phenotype,HP:0000121,biolink:EntityToDiseaseOrPhenotypicFeatureAssociation,knowledge_assertion,manual_agent,https://purl.humanatlas.io/vocab/hp
HGNC:29203,biolink:has_phenotype,HP:0000126,biolink:EntityToDiseaseOrPhenotypicFeatureAssociation,knowledge_assertion,manual_agent,https://purl.humanatlas.io/vocab/hp
HGNC:29203,biolink:has_phenotype,HP:0000104,biolink:EntityToDiseaseOrPhenotypicFeatureAssociation,knowledge_assertion,manual_agent,https://purl.humanatlas.io/vocab/hp
HGNC:29203,biolink:has_phenotype,HP:0000800,biolink:EntityToDiseaseOrPhenotypicFeatureAssociation,knowledge_assertion,manual_agent,https://purl.humanatlas.io/vocab/hp
HGNC:19304,biolink:has_phenotype,HP:0000003,biolink:EntityToDiseaseOrPhenotypicFeatureAssociation,knowledge_assertion,manual_agent,https://purl.humanatlas.io/vocab/hp
HGNC:19304,biolink:has_phenotype,HP:0000122,biolink:EntityToDiseaseOrPhenotypicFeatureAssociation,knowledge_assertion,manual_agent,https://purl.humanatlas.io/vocab/hp
HGNC:19304,biolink:has_phenotype,HP:0000126,biolink:EntityToDiseaseOrPhenotypicFeatureAssociation,knowledge_assertion,manual_agent,https://purl.humanatlas.io/vocab/hp
HGNC:18040,biolink:has_phenotype,HP:0000089,biolink:EntityToDiseaseOrPhenotypicFeatureAssociation,knowledge_assertion,manual_agent,https://purl.humanatlas.io/vocab/hp
HGNC:18040,biolink:has_phenotype,HP:0000086,biolink:EntityToDiseaseOrPhenotypicFeatureAssociation,knowledge_assertion,manual_agent,https://purl.humanatlas.io/vocab/hp
HGNC:18040,biolink:has_phenotype,HP:0000085,biolink:EntityToDiseaseOrPhenotypicFeatureAssociation,knowledge_assertion,manual_agent,https://purl.humanatlas.io/vocab/hp
HGNC:18040,biolink:has_phenotype,HP:0000126,biolink:EntityToDiseaseOrPhenotypicFeatureAssociation,knowledge_assertion,manual_agent,https://purl.humanatlas.io/vocab/hp
HGNC:18621,biolink:has_phenotype,HP:0000122,biolink:EntityToDiseaseOrPhenotypicFeatureAssociation,knowledge_assertion,manual_agent,https://purl.humanatlas.io/vocab/hp
HGNC:18621,biolink:has_phenotype,HP:0000114,biolink:EntityToDiseaseOrPhenotypicFeatureAssociation,knowledge_assertion,manual_agent,https://purl.humanatlas.io/vocab/hp
HGNC:18621,biolink:has_phenotype,HP:0004719,biolink:EntityToDiseaseOrPhenotypicFeatureAssociation,knowledge_assertion,manual_agent,https://purl.humanatlas.io/vocab/hp
HGNC:29250,biolink:has_phenotype,HP:0000089,biolink:EntityToDiseaseOrPhenotypicFeatureAssociation,knowledge_assertion,manual_agent,https://purl.humanatlas.io/vocab/hp
HGNC:29250,biolink:has_phenotype,HP:0000089,biolink:EntityToDiseaseOrPhenotypicFeatureAssociation,knowledge_assertion,manual_agent,https://purl.humanatlas.io/vocab/hp
HGNC:29250,biolink:has_phenotype,HP:0000083,biolink:EntityToDiseaseOrPhenotypicFeatureAssociation,knowledge_assertion,manual_agent,https://purl.humanatlas.io/vocab/hp
HGNC:29250,biolink:has_phenotype,HP:0000113,biolink:EntityToDiseaseOrPhenotypicFeatureAssociation,knowledge_assertion,manual_agent,https://purl.humanatlas.io/vocab/hp
HGNC:29250,biolink:has_phenotype,HP:0000126,biolink:EntityToDiseaseOrPhenotypicFeatureAssociation,knowledge_assertion,manual_agent,https://purl.humanatlas.io/vocab/hp
HGNC:29250,biolink:has_phenotype,HP:0000107,biolink:EntityToDiseaseOrPhenotypicFeatureAssociation,knowledge_assertion,manual_agent,https://purl.humanatlas.io/vocab/hp
HGNC:29250,biolink:has_phenotype,HP:0000107,biolink:EntityToDiseaseOrPhenotypicFeatureAssociation,knowledge_assertion,manual_agent,https://purl.humanatlas.io/vocab/hp
HGNC:29250,biolink:has_phenotype,HP:0000107,biolink:EntityToDiseaseOrPhenotypicFeatureAssociation,knowledge_assertion,manual_agent,https://purl.humanatlas.io/vocab/hp
HGNC:29253,biolink:has_phenotype,HP:0003774,biolink:EntityToDiseaseOrPhenotypicFeatureAssociation,knowledge_assertion,manual_agent,https://purl.humanatlas.io/vocab/hp
HGNC:29253,biolink:has_phenotype,HP:0000083,biolink:EntityToDiseaseOrPhenotypicFeatureAssociation,knowledge_assertion,manual_agent,https://purl.humanatlas.io/vocab/hp
HGNC:29253,biolink:has_phenotype,HP:0000083,biolink:EntityToDiseaseOrPhenotypicFeatureAssociation,knowledge_assertion,manual_agent,https://purl.humanatlas.io/vocab/hp
HGNC:29253,biolink:has_phenotype,HP:0000085,biolink:EntityToDiseaseOrPhenotypicFeatureAssociation,knowledge_assertion,manual_agent,https://purl.humanatlas.io/vocab/hp
HGNC:29253,biolink:has_phenotype,HP:0000003,biolink:EntityToDiseaseOrPhenotypicFeatureAssociation,knowledge_assertion,manual_agent,https://purl.humanatlas.io/vocab/hp
HGNC:29253,biolink:has_phenotype,HP:0000003,biolink:EntityToDiseaseOrPhenotypicFeatureAssociation,knowledge_assertion,manual_agent,https://purl.humanatlas.io/vocab/hp
HGNC:29253,biolink:has_phenotype,HP:0000112,biolink:EntityToDiseaseOrPhenotypicFeatureAssociation,knowledge_assertion,manual_agent,https://purl.humanatlas.io/vocab/hp
HGNC:29253,biolink:has_phenotype,HP:0000112,biolink:EntityToDiseaseOrPhenotypicFeatureAssociation,knowledge_assertion,manual_agent,https://purl.humanatlas.io/vocab/hp
HGNC:29253,biolink:has_phenotype,HP:0000107,biolink:EntityToDiseaseOrPhenotypicFeatureAssociation,knowledge_assertion,manual_agent,https://purl.humanatlas.io/vocab/hp
HGNC:29253,biolink:has_phenotype,HP:0004719,biolink:EntityToDiseaseOrPhenotypicFeatureAssociation,knowledge_assertion,manual_agent,https://purl.humanatlas.io/vocab/hp
HGNC:29259,biolink:has_phenotype,HP:0001947,biolink:EntityToDiseaseOrPhenotypicFeatureAssociation,knowledge_assertion,manual_agent,https://purl.humanatlas.io/vocab/hp
HGNC:29262,biolink:has_phenotype,HP:0000089,biolink:EntityToDiseaseOrPhenotypicFeatureAssociation,knowledge_assertion,manual_agent,https://purl.humanatlas.io/vocab/hp
HGNC:29262,biolink:has_phenotype,HP:0000083,biolink:EntityToDiseaseOrPhenotypicFeatureAssociation,knowledge_assertion,manual_agent,https://purl.humanatlas.io/vocab/hp
HGNC:29262,biolink:has_phenotype,HP:0000090,biolink:EntityToDiseaseOrPhenotypicFeatureAssociation,knowledge_assertion,manual_agent,https://purl.humanatlas.io/vocab/hp
HGNC:29262,biolink:has_phenotype,HP:0000126,biolink:EntityToDiseaseOrPhenotypicFeatureAssociation,knowledge_assertion,manual_agent,https://purl.humanatlas.io/vocab/hp
HGNC:29262,biolink:has_phenotype,HP:0000112,biolink:EntityToDiseaseOrPhenotypicFeatureAssociation,knowledge_assertion,manual_agent,https://purl.humanatlas.io/vocab/hp
HGNC:29262,biolink:has_phenotype,HP:0000107,biolink:EntityToDiseaseOrPhenotypicFeatureAssociation,knowledge_assertion,manual_agent,https://purl.humanatlas.io/vocab/hp
HGNC:23141,biolink:has_phenotype,HP:0000124,biolink:EntityToDiseaseOrPhenotypicFeatureAssociation,knowledge_assertion,manual_agent,https://purl.humanatlas.io/vocab/hp
HGNC:29277,biolink:has_phenotype,HP:0000121,biolink:EntityToDiseaseOrPhenotypicFeatureAssociation,knowledge_assertion,manual_agent,https://purl.humanatlas.io/vocab/hp
HGNC:17210,biolink:has_phenotype,HP:0002667,biolink:EntityToDiseaseOrPhenotypicFeatureAssociation,knowledge_assertion,manual_agent,https://purl.humanatlas.io/vocab/hp
HGNC:17210,biolink:has_phenotype,HP:0000100,biolink:EntityToDiseaseOrPhenotypicFeatureAssociation,knowledge_assertion,manual_agent,https://purl.humanatlas.io/vocab/hp
HGNC:23168,biolink:has_phenotype,HP:0008678,biolink:EntityToDiseaseOrPhenotypicFeatureAssociation,knowledge_assertion,manual_agent,https://purl.humanatlas.io/vocab/hp
HGNC:23168,biolink:has_phenotype,HP:0000083,biolink:EntityToDiseaseOrPhenotypicFeatureAssociation,knowledge_assertion,manual_agent,https://purl.humanatlas.io/vocab/hp
HGNC:23168,biolink:has_phenotype,HP:0100542,biolink:EntityToDiseaseOrPhenotypicFeatureAssociation,knowledge_assertion,manual_agent,https://purl.humanatlas.io/vocab/hp
HGNC:23168,biolink:has_phenotype,HP:0012210,biolink:EntityToDiseaseOrPhenotypicFeatureAssociation,knowledge_assertion,manual_agent,https://purl.humanatlas.io/vocab/hp
HGNC:29331,biolink:has_phenotype,HP:0001947,biolink:EntityToDiseaseOrPhenotypicFeatureAssociation,knowledge_assertion,manual_agent,https://purl.humanatlas.io/vocab/hp
HGNC:18340,biolink:has_phenotype,HP:0003774,biolink:EntityToDiseaseOrPhenotypicFeatureAssociation,knowledge_assertion,manual_agent,https://purl.humanatlas.io/vocab/hp
HGNC:18340,biolink:has_phenotype,HP:0003774,biolink:EntityToDiseaseOrPhenotypicFeatureAssociation,knowledge_assertion,manual_agent,https://purl.humanatlas.io/vocab/hp
HGNC:18340,biolink:has_phenotype,HP:0003774,biolink:EntityToDiseaseOrPhenotypicFeatureAssociation,knowledge_assertion,manual_agent,https://purl.humanatlas.io/vocab/hp
HGNC:18340,biolink:has_phenotype,HP:0003774,biolink:EntityToDiseaseOrPhenotypicFeatureAssociation,knowledge_assertion,manual_agent,https://purl.humanatlas.io/vocab/hp
HGNC:18340,biolink:has_phenotype,HP:0003774,biolink:EntityToDiseaseOrPhenotypicFeatureAssociation,knowledge_assertion,manual_agent,https://purl.humanatlas.io/vocab/hp
HGNC:18340,biolink:has_phenotype,HP:0033601,biolink:EntityToDiseaseOrPhenotypicFeatureAssociation,knowledge_assertion,manual_agent,https://purl.humanatlas.io/vocab/hp
HGNC:18340,biolink:has_phenotype,HP:0033601,biolink:EntityToDiseaseOrPhenotypicFeatureAssociation,knowledge_assertion,manual_agent,https://purl.humanatlas.io/vocab/hp
HGNC:18340,biolink:has_phenotype,HP:0000089,biolink:EntityToDiseaseOrPhenotypicFeatureAssociation,knowledge_assertion,manual_agent,https://purl.humanatlas.io/vocab/hp
HGNC:18340,biolink:has_phenotype,HP:0000089,biolink:EntityToDiseaseOrPhenotypicFeatureAssociation,knowledge_assertion,manual_agent,https://purl.humanatlas.io/vocab/hp
HGNC:18340,biolink:has_phenotype,HP:0000083,biolink:EntityToDiseaseOrPhenotypicFeatureAssociation,knowledge_assertion,manual_agent,https://purl.humanatlas.io/vocab/hp
HGNC:18340,biolink:has_phenotype,HP:0000099,biolink:EntityToDiseaseOrPhenotypicFeatureAssociation,knowledge_assertion,manual_agent,https://purl.humanatlas.io/vocab/hp
HGNC:18340,biolink:has_phenotype,HP:0000096,biolink:EntityToDiseaseOrPhenotypicFeatureAssociation,knowledge_assertion,manual_agent,https://purl.humanatlas.io/vocab/hp
HGNC:18340,biolink:has_phenotype,HP:0000090,biolink:EntityToDiseaseOrPhenotypicFeatureAssociation,knowledge_assertion,manual_agent,https://purl.humanatlas.io/vocab/hp
HGNC:18340,biolink:has_phenotype,HP:0000090,biolink:EntityToDiseaseOrPhenotypicFeatureAssociation,knowledge_assertion,manual_agent,https://purl.humanatlas.io/vocab/hp
HGNC:18340,biolink:has_phenotype,HP:0000090,biolink:EntityToDiseaseOrPhenotypicFeatureAssociation,knowledge_assertion,manual_agent,https://purl.humanatlas.io/vocab/hp
HGNC:18340,biolink:has_phenotype,HP:0000090,biolink:EntityToDiseaseOrPhenotypicFeatureAssociation,knowledge_assertion,manual_agent,https://purl.humanatlas.io/vocab/hp
HGNC:18340,biolink:has_phenotype,HP:0033867,biolink:EntityToDiseaseOrPhenotypicFeatureAssociation,knowledge_assertion,manual_agent,https://purl.humanatlas.io/vocab/hp
HGNC:18340,biolink:has_phenotype,HP:0000112,biolink:EntityToDiseaseOrPhenotypicFeatureAssociation,knowledge_assertion,manual_agent,https://purl.humanatlas.io/vocab/hp
HGNC:18340,biolink:has_phenotype,HP:0004743,biolink:EntityToDiseaseOrPhenotypicFeatureAssociation,knowledge_assertion,manual_agent,https://purl.humanatlas.io/vocab/hp
HGNC:18340,biolink:has_phenotype,HP:0004737,biolink:EntityToDiseaseOrPhenotypicFeatureAssociation,knowledge_assertion,manual_agent,https://purl.humanatlas.io/vocab/hp
HGNC:18340,biolink:has_phenotype,HP:0004737,biolink:EntityToDiseaseOrPhenotypicFeatureAssociation,knowledge_assertion,manual_agent,https://purl.humanatlas.io/vocab/hp
HGNC:18340,biolink:has_phenotype,HP:0012622,biolink:EntityToDiseaseOrPhenotypicFeatureAssociation,knowledge_assertion,manual_agent,https://purl.humanatlas.io/vocab/hp
HGNC:18340,biolink:has_phenotype,HP:0032948,biolink:EntityToDiseaseOrPhenotypicFeatureAssociation,knowledge_assertion,manual_agent,https://purl.humanatlas.io/vocab/hp
HGNC:19903,biolink:has_phenotype,HP:0000121,biolink:EntityToDiseaseOrPhenotypicFeatureAssociation,knowledge_assertion,manual_agent,https://purl.humanatlas.io/vocab/hp
HGNC:19903,biolink:has_phenotype,HP:0000121,biolink:EntityToDiseaseOrPhenotypicFeatureAssociation,knowledge_assertion,manual_agent,https://purl.humanatlas.io/vocab/hp
HGNC:19903,biolink:has_phenotype,HP:0000103,biolink:EntityToDiseaseOrPhenotypicFeatureAssociation,knowledge_assertion,manual_agent,https://purl.humanatlas.io/vocab/hp
HGNC:19903,biolink:has_phenotype,HP:0011038,biolink:EntityToDiseaseOrPhenotypicFeatureAssociation,knowledge_assertion,manual_agent,https://purl.humanatlas.io/vocab/hp
HGNC:13743,biolink:has_phenotype,HP:0000083,biolink:EntityToDiseaseOrPhenotypicFeatureAssociation,knowledge_assertion,manual_agent,https://purl.humanatlas.io/vocab/hp
HGNC:18374,biolink:has_phenotype,HP:0000083,biolink:EntityToDiseaseOrPhenotypicFeatureAssociation,knowledge_assertion,manual_agent,https://purl.humanatlas.io/vocab/hp
HGNC:18374,biolink:has_phenotype,HP:0000126,biolink:EntityToDiseaseOrPhenotypicFeatureAssociation,knowledge_assertion,manual_agent,https://purl.humanatlas.io/vocab/hp
HGNC:18374,biolink:has_phenotype,HP:0000126,biolink:EntityToDiseaseOrPhenotypicFeatureAssociation,knowledge_assertion,manual_agent,https://purl.humanatlas.io/vocab/hp
HGNC:450,biolink:has_phenotype,HP:0002667,biolink:EntityToDiseaseOrPhenotypicFeatureAssociation,knowledge_assertion,manual_agent,https://purl.humanatlas.io/vocab/hp
HGNC:18455,biolink:has_phenotype,HP:0000104,biolink:EntityToDiseaseOrPhenotypicFeatureAssociation,knowledge_assertion,manual_agent,https://purl.humanatlas.io/vocab/hp
HGNC:20347,biolink:has_phenotype,HP:0000121,biolink:EntityToDiseaseOrPhenotypicFeatureAssociation,knowledge_assertion,manual_agent,https://purl.humanatlas.io/vocab/hp
HGNC:20347,biolink:has_phenotype,HP:0000121,biolink:EntityToDiseaseOrPhenotypicFeatureAssociation,knowledge_assertion,manual_agent,https://purl.humanatlas.io/vocab/hp
HGNC:20347,biolink:has_phenotype,HP:0000124,biolink:EntityToDiseaseOrPhenotypicFeatureAssociation,knowledge_assertion,manual_agent,https://purl.humanatlas.io/vocab/hp
HGNC:20347,biolink:has_phenotype,HP:0000112,biolink:EntityToDiseaseOrPhenotypicFeatureAssociation,knowledge_assertion,manual_agent,https://purl.humanatlas.io/vocab/hp
HGNC:20347,biolink:has_phenotype,HP:0001947,biolink:EntityToDiseaseOrPhenotypicFeatureAssociation,knowledge_assertion,manual_agent,https://purl.humanatlas.io/vocab/hp
HGNC:20347,biolink:has_phenotype,HP:0001994,biolink:EntityToDiseaseOrPhenotypicFeatureAssociation,knowledge_assertion,manual_agent,https://purl.humanatlas.io/vocab/hp
HGNC:26270,biolink:has_phenotype,HP:0008678,biolink:EntityToDiseaseOrPhenotypicFeatureAssociation,knowledge_assertion,manual_agent,https://purl.humanatlas.io/vocab/hp
HGNC:26270,biolink:has_phenotype,HP:0000089,biolink:EntityToDiseaseOrPhenotypicFeatureAssociation,knowledge_assertion,manual_agent,https://purl.humanatlas.io/vocab/hp
HGNC:26270,biolink:has_phenotype,HP:0000003,biolink:EntityToDiseaseOrPhenotypicFeatureAssociation,knowledge_assertion,manual_agent,https://purl.humanatlas.io/vocab/hp
HGNC:26270,biolink:has_phenotype,HP:0000126,biolink:EntityToDiseaseOrPhenotypicFeatureAssociation,knowledge_assertion,manual_agent,https://purl.humanatlas.io/vocab/hp
HGNC:26270,biolink:has_phenotype,HP:0000110,biolink:EntityToDiseaseOrPhenotypicFeatureAssociation,knowledge_assertion,manual_agent,https://purl.humanatlas.io/vocab/hp
HGNC:26270,biolink:has_phenotype,HP:0000104,biolink:EntityToDiseaseOrPhenotypicFeatureAssociation,knowledge_assertion,manual_agent,https://purl.humanatlas.io/vocab/hp
HGNC:28052,biolink:has_phenotype,HP:0003774,biolink:EntityToDiseaseOrPhenotypicFeatureAssociation,knowledge_assertion,manual_agent,https://purl.humanatlas.io/vocab/hp
HGNC:28052,biolink:has_phenotype,HP:0000090,biolink:EntityToDiseaseOrPhenotypicFeatureAssociation,knowledge_assertion,manual_agent,https://purl.humanatlas.io/vocab/hp
HGNC:28052,biolink:has_phenotype,HP:0000092,biolink:EntityToDiseaseOrPhenotypicFeatureAssociation,knowledge_assertion,manual_agent,https://purl.humanatlas.io/vocab/hp
HGNC:28052,biolink:has_phenotype,HP:0000108,biolink:EntityToDiseaseOrPhenotypicFeatureAssociation,knowledge_assertion,manual_agent,https://purl.humanatlas.io/vocab/hp
HGNC:28052,biolink:has_phenotype,HP:0004719,biolink:EntityToDiseaseOrPhenotypicFeatureAssociation,knowledge_assertion,manual_agent,https://purl.humanatlas.io/vocab/hp
HGNC:28052,biolink:has_phenotype,HP:0005583,biolink:EntityToDiseaseOrPhenotypicFeatureAssociation,knowledge_assertion,manual_agent,https://purl.humanatlas.io/vocab/hp
HGNC:14000,biolink:has_phenotype,HP:0000126,biolink:EntityToDiseaseOrPhenotypicFeatureAssociation,knowledge_assertion,manual_agent,https://purl.humanatlas.io/vocab/hp
HGNC:14000,biolink:has_phenotype,HP:0000107,biolink:EntityToDiseaseOrPhenotypicFeatureAssociation,knowledge_assertion,manual_agent,https://purl.humanatlas.io/vocab/hp
HGNC:20318,biolink:has_phenotype,HP:0000085,biolink:EntityToDiseaseOrPhenotypicFeatureAssociation,knowledge_assertion,manual_agent,https://purl.humanatlas.io/vocab/hp
HGNC:5331,biolink:has_phenotype,HP:0003774,biolink:EntityToDiseaseOrPhenotypicFeatureAssociation,knowledge_assertion,manual_agent,https://purl.humanatlas.io/vocab/hp
HGNC:5331,biolink:has_phenotype,HP:0000112,biolink:EntityToDiseaseOrPhenotypicFeatureAssociation,knowledge_assertion,manual_agent,https://purl.humanatlas.io/vocab/hp
HGNC:5331,biolink:has_phenotype,HP:0000787,biolink:EntityToDiseaseOrPhenotypicFeatureAssociation,knowledge_assertion,manual_agent,https://purl.humanatlas.io/vocab/hp
HGNC:5331,biolink:has_phenotype,HP:0006770,biolink:EntityToDiseaseOrPhenotypicFeatureAssociation,knowledge_assertion,manual_agent,https://purl.humanatlas.io/vocab/hp
HGNC:15516,biolink:has_phenotype,HP:0100817,biolink:EntityToDiseaseOrPhenotypicFeatureAssociation,knowledge_assertion,manual_agent,https://purl.humanatlas.io/vocab/hp
HGNC:15517,biolink:has_phenotype,HP:0100817,biolink:EntityToDiseaseOrPhenotypicFeatureAssociation,knowledge_assertion,manual_agent,https://purl.humanatlas.io/vocab/hp
HGNC:18873,biolink:has_phenotype,HP:0000100,biolink:EntityToDiseaseOrPhenotypicFeatureAssociation,knowledge_assertion,manual_agent,https://purl.humanatlas.io/vocab/hp
HGNC:10729,biolink:has_phenotype,HP:0009726,biolink:EntityToDiseaseOrPhenotypicFeatureAssociation,knowledge_assertion,manual_agent,https://purl.humanatlas.io/vocab/hp
HGNC:30650,biolink:has_phenotype,HP:0000089,biolink:EntityToDiseaseOrPhenotypicFeatureAssociation,knowledge_assertion,manual_agent,https://purl.humanatlas.io/vocab/hp
HGNC:30650,biolink:has_phenotype,HP:0000089,biolink:EntityToDiseaseOrPhenotypicFeatureAssociation,knowledge_assertion,manual_agent,https://purl.humanatlas.io/vocab/hp
HGNC:30650,biolink:has_phenotype,HP:0000085,biolink:EntityToDiseaseOrPhenotypicFeatureAssociation,knowledge_assertion,manual_agent,https://purl.humanatlas.io/vocab/hp
HGNC:30650,biolink:has_phenotype,HP:0000085,biolink:EntityToDiseaseOrPhenotypicFeatureAssociation,knowledge_assertion,manual_agent,https://purl.humanatlas.io/vocab/hp
HGNC:30650,biolink:has_phenotype,HP:0000125,biolink:EntityToDiseaseOrPhenotypicFeatureAssociation,knowledge_assertion,manual_agent,https://purl.humanatlas.io/vocab/hp
HGNC:30650,biolink:has_phenotype,HP:0000126,biolink:EntityToDiseaseOrPhenotypicFeatureAssociation,knowledge_assertion,manual_agent,https://purl.humanatlas.io/vocab/hp
HGNC:30650,biolink:has_phenotype,HP:0004712,biolink:EntityToDiseaseOrPhenotypicFeatureAssociation,knowledge_assertion,manual_agent,https://purl.humanatlas.io/vocab/hp
HGNC:13886,biolink:has_phenotype,HP:0001920,biolink:EntityToDiseaseOrPhenotypicFeatureAssociation,knowledge_assertion,manual_agent,https://purl.humanatlas.io/vocab/hp
HGNC:13886,biolink:has_phenotype,HP:0000799,biolink:EntityToDiseaseOrPhenotypicFeatureAssociation,knowledge_assertion,manual_agent,https://purl.humanatlas.io/vocab/hp
HGNC:13887,biolink:has_phenotype,HP:0001920,biolink:EntityToDiseaseOrPhenotypicFeatureAssociation,knowledge_assertion,manual_agent,https://purl.humanatlas.io/vocab/hp
HGNC:13887,biolink:has_phenotype,HP:0000799,biolink:EntityToDiseaseOrPhenotypicFeatureAssociation,knowledge_assertion,manual_agent,https://purl.humanatlas.io/vocab/hp
HGNC:18122,biolink:has_phenotype,HP:0000126,biolink:EntityToDiseaseOrPhenotypicFeatureAssociation,knowledge_assertion,manual_agent,https://purl.humanatlas.io/vocab/hp
HGNC:14234,biolink:has_phenotype,HP:0000083,biolink:EntityToDiseaseOrPhenotypicFeatureAssociation,knowledge_assertion,manual_agent,https://purl.humanatlas.io/vocab/hp
HGNC:14234,biolink:has_phenotype,HP:0000126,biolink:EntityToDiseaseOrPhenotypicFeatureAssociation,knowledge_assertion,manual_agent,https://purl.humanatlas.io/vocab/hp
HGNC:14234,biolink:has_phenotype,HP:0000104,biolink:EntityToDiseaseOrPhenotypicFeatureAssociation,knowledge_assertion,manual_agent,https://purl.humanatlas.io/vocab/hp
HGNC:18008,biolink:has_phenotype,HP:0000003,biolink:EntityToDiseaseOrPhenotypicFeatureAssociation,knowledge_assertion,manual_agent,https://purl.humanatlas.io/vocab/hp
HGNC:18008,biolink:has_phenotype,HP:0000126,biolink:EntityToDiseaseOrPhenotypicFeatureAssociation,knowledge_assertion,manual_agent,https://purl.humanatlas.io/vocab/hp
HGNC:17642,biolink:has_phenotype,HP:0000100,biolink:EntityToDiseaseOrPhenotypicFeatureAssociation,knowledge_assertion,manual_agent,https://purl.humanatlas.io/vocab/hp
HGNC:23791,biolink:has_phenotype,HP:0003774,biolink:EntityToDiseaseOrPhenotypicFeatureAssociation,knowledge_assertion,manual_agent,https://purl.humanatlas.io/vocab/hp
HGNC:23791,biolink:has_phenotype,HP:0003774,biolink:EntityToDiseaseOrPhenotypicFeatureAssociation,knowledge_assertion,manual_agent,https://purl.humanatlas.io/vocab/hp
HGNC:23791,biolink:has_phenotype,HP:0003774,biolink:EntityToDiseaseOrPhenotypicFeatureAssociation,knowledge_assertion,manual_agent,https://purl.humanatlas.io/vocab/hp
HGNC:23791,biolink:has_phenotype,HP:0000097,biolink:EntityToDiseaseOrPhenotypicFeatureAssociation,knowledge_assertion,manual_agent,https://purl.humanatlas.io/vocab/hp
HGNC:23791,biolink:has_phenotype,HP:0000097,biolink:EntityToDiseaseOrPhenotypicFeatureAssociation,knowledge_assertion,manual_agent,https://purl.humanatlas.io/vocab/hp
HGNC:23791,biolink:has_phenotype,HP:0000097,biolink:EntityToDiseaseOrPhenotypicFeatureAssociation,knowledge_assertion,manual_agent,https://purl.humanatlas.io/vocab/hp
HGNC:23791,biolink:has_phenotype,HP:0012622,biolink:EntityToDiseaseOrPhenotypicFeatureAssociation,knowledge_assertion,manual_agent,https://purl.humanatlas.io/vocab/hp
HGNC:23791,biolink:has_phenotype,HP:0001967,biolink:EntityToDiseaseOrPhenotypicFeatureAssociation,knowledge_assertion,manual_agent,https://purl.humanatlas.io/vocab/hp
HGNC:23791,biolink:has_phenotype,HP:0002907,biolink:EntityToDiseaseOrPhenotypicFeatureAssociation,knowledge_assertion,manual_agent,https://purl.humanatlas.io/vocab/hp
HGNC:23791,biolink:has_phenotype,HP:0012579,biolink:EntityToDiseaseOrPhenotypicFeatureAssociation,knowledge_assertion,manual_agent,https://purl.humanatlas.io/vocab/hp
HGNC:14558,biolink:has_phenotype,HP:0000790,biolink:EntityToDiseaseOrPhenotypicFeatureAssociation,knowledge_assertion,manual_agent,https://purl.humanatlas.io/vocab/hp
HGNC:17652,biolink:has_phenotype,HP:0008678,biolink:EntityToDiseaseOrPhenotypicFeatureAssociation,knowledge_assertion,manual_agent,https://purl.humanatlas.io/vocab/hp
HGNC:17652,biolink:has_phenotype,HP:0000085,biolink:EntityToDiseaseOrPhenotypicFeatureAssociation,knowledge_assertion,manual_agent,https://purl.humanatlas.io/vocab/hp
HGNC:17652,biolink:has_phenotype,HP:0000085,biolink:EntityToDiseaseOrPhenotypicFeatureAssociation,knowledge_assertion,manual_agent,https://purl.humanatlas.io/vocab/hp
HGNC:17652,biolink:has_phenotype,HP:0000003,biolink:EntityToDiseaseOrPhenotypicFeatureAssociation,knowledge_assertion,manual_agent,https://purl.humanatlas.io/vocab/hp
HGNC:17652,biolink:has_phenotype,HP:0000126,biolink:EntityToDiseaseOrPhenotypicFeatureAssociation,knowledge_assertion,manual_agent,https://purl.humanatlas.io/vocab/hp
HGNC:17652,biolink:has_phenotype,HP:0000126,biolink:EntityToDiseaseOrPhenotypicFeatureAssociation,knowledge_assertion,manual_agent,https://purl.humanatlas.io/vocab/hp
HGNC:26232,biolink:has_phenotype,HP:0000790,biolink:EntityToDiseaseOrPhenotypicFeatureAssociation,knowledge_assertion,manual_agent,https://purl.humanatlas.io/vocab/hp
HGNC:25777,biolink:has_phenotype,HP:0000126,biolink:EntityToDiseaseOrPhenotypicFeatureAssociation,knowledge_assertion,manual_agent,https://purl.humanatlas.io/vocab/hp
HGNC:14432,biolink:has_phenotype,HP:0000083,biolink:EntityToDiseaseOrPhenotypicFeatureAssociation,knowledge_assertion,manual_agent,https://purl.humanatlas.io/vocab/hp
HGNC:14432,biolink:has_phenotype,HP:0000083,biolink:EntityToDiseaseOrPhenotypicFeatureAssociation,knowledge_assertion,manual_agent,https://purl.humanatlas.io/vocab/hp
HGNC:14432,biolink:has_phenotype,HP:0000003,biolink:EntityToDiseaseOrPhenotypicFeatureAssociation,knowledge_assertion,manual_agent,https://purl.humanatlas.io/vocab/hp
HGNC:14432,biolink:has_phenotype,HP:0000112,biolink:EntityToDiseaseOrPhenotypicFeatureAssociation,knowledge_assertion,manual_agent,https://purl.humanatlas.io/vocab/hp
HGNC:14432,biolink:has_phenotype,HP:0000112,biolink:EntityToDiseaseOrPhenotypicFeatureAssociation,knowledge_assertion,manual_agent,https://purl.humanatlas.io/vocab/hp
HGNC:14432,biolink:has_phenotype,HP:0000107,biolink:EntityToDiseaseOrPhenotypicFeatureAssociation,knowledge_assertion,manual_agent,https://purl.humanatlas.io/vocab/hp
HGNC:18179,biolink:has_phenotype,HP:0000097,biolink:EntityToDiseaseOrPhenotypicFeatureAssociation,knowledge_assertion,manual_agent,https://purl.humanatlas.io/vocab/hp
HGNC:18179,biolink:has_phenotype,HP:0000092,biolink:EntityToDiseaseOrPhenotypicFeatureAssociation,knowledge_assertion,manual_agent,https://purl.humanatlas.io/vocab/hp
HGNC:18179,biolink:has_phenotype,HP:0000123,biolink:EntityToDiseaseOrPhenotypicFeatureAssociation,knowledge_assertion,manual_agent,https://purl.humanatlas.io/vocab/hp
HGNC:18179,biolink:has_phenotype,HP:0000100,biolink:EntityToDiseaseOrPhenotypicFeatureAssociation,knowledge_assertion,manual_agent,https://purl.humanatlas.io/vocab/hp
HGNC:18179,biolink:has_phenotype,HP:0000100,biolink:EntityToDiseaseOrPhenotypicFeatureAssociation,knowledge_assertion,manual_agent,https://purl.humanatlas.io/vocab/hp
HGNC:18179,biolink:has_phenotype,HP:0000105,biolink:EntityToDiseaseOrPhenotypicFeatureAssociation,knowledge_assertion,manual_agent,https://purl.humanatlas.io/vocab/hp
HGNC:18179,biolink:has_phenotype,HP:0000105,biolink:EntityToDiseaseOrPhenotypicFeatureAssociation,knowledge_assertion,manual_agent,https://purl.humanatlas.io/vocab/hp
HGNC:25801,biolink:has_phenotype,HP:0008678,biolink:EntityToDiseaseOrPhenotypicFeatureAssociation,knowledge_assertion,manual_agent,https://purl.humanatlas.io/vocab/hp
HGNC:25801,biolink:has_phenotype,HP:0000110,biolink:EntityToDiseaseOrPhenotypicFeatureAssociation,knowledge_assertion,manual_agent,https://purl.humanatlas.io/vocab/hp
HGNC:25801,biolink:has_phenotype,HP:0000104,biolink:EntityToDiseaseOrPhenotypicFeatureAssociation,knowledge_assertion,manual_agent,https://purl.humanatlas.io/vocab/hp
HGNC:25801,biolink:has_phenotype,HP:0000104,biolink:EntityToDiseaseOrPhenotypicFeatureAssociation,knowledge_assertion,manual_agent,https://purl.humanatlas.io/vocab/hp
HGNC:25801,biolink:has_phenotype,HP:0012210,biolink:EntityToDiseaseOrPhenotypicFeatureAssociation,knowledge_assertion,manual_agent,https://purl.humanatlas.io/vocab/hp
HGNC:16618,biolink:has_phenotype,HP:0000085,biolink:EntityToDiseaseOrPhenotypicFeatureAssociation,knowledge_assertion,manual_agent,https://purl.humanatlas.io/vocab/hp
HGNC:14630,biolink:has_phenotype,HP:0000122,biolink:EntityToDiseaseOrPhenotypicFeatureAssociation,knowledge_assertion,manual_agent,https://purl.humanatlas.io/vocab/hp
HGNC:14630,biolink:has_phenotype,HP:0012408,biolink:EntityToDiseaseOrPhenotypicFeatureAssociation,knowledge_assertion,manual_agent,https://purl.humanatlas.io/vocab/hp
HGNC:17213,biolink:has_phenotype,HP:0000085,biolink:EntityToDiseaseOrPhenotypicFeatureAssociation,knowledge_assertion,manual_agent,https://purl.humanatlas.io/vocab/hp
HGNC:29929,biolink:has_phenotype,HP:0003774,biolink:EntityToDiseaseOrPhenotypicFeatureAssociation,knowledge_assertion,manual_agent,https://purl.humanatlas.io/vocab/hp
HGNC:29929,biolink:has_phenotype,HP:0000097,biolink:EntityToDiseaseOrPhenotypicFeatureAssociation,knowledge_assertion,manual_agent,https://purl.humanatlas.io/vocab/hp
HGNC:29929,biolink:has_phenotype,HP:0000122,biolink:EntityToDiseaseOrPhenotypicFeatureAssociation,knowledge_assertion,manual_agent,https://purl.humanatlas.io/vocab/hp
HGNC:29929,biolink:has_phenotype,HP:0012622,biolink:EntityToDiseaseOrPhenotypicFeatureAssociation,knowledge_assertion,manual_agent,https://purl.humanatlas.io/vocab/hp
HGNC:29929,biolink:has_phenotype,HP:0001967,biolink:EntityToDiseaseOrPhenotypicFeatureAssociation,knowledge_assertion,manual_agent,https://purl.humanatlas.io/vocab/hp
HGNC:29929,biolink:has_phenotype,HP:0012579,biolink:EntityToDiseaseOrPhenotypicFeatureAssociation,knowledge_assertion,manual_agent,https://purl.humanatlas.io/vocab/hp
HGNC:23161,biolink:has_phenotype,HP:0000107,biolink:EntityToDiseaseOrPhenotypicFeatureAssociation,knowledge_assertion,manual_agent,https://purl.humanatlas.io/vocab/hp
HGNC:23161,biolink:has_phenotype,HP:0005562,biolink:EntityToDiseaseOrPhenotypicFeatureAssociation,knowledge_assertion,manual_agent,https://purl.humanatlas.io/vocab/hp
HGNC:15899,biolink:has_phenotype,HP:0000114,biolink:EntityToDiseaseOrPhenotypicFeatureAssociation,knowledge_assertion,manual_agent,https://purl.humanatlas.io/vocab/hp
HGNC:17997,biolink:has_phenotype,HP:0000110,biolink:EntityToDiseaseOrPhenotypicFeatureAssociation,knowledge_assertion,manual_agent,https://purl.humanatlas.io/vocab/hp
HGNC:29670,biolink:has_phenotype,HP:0000105,biolink:EntityToDiseaseOrPhenotypicFeatureAssociation,knowledge_assertion,manual_agent,https://purl.humanatlas.io/vocab/hp
HGNC:28369,biolink:has_phenotype,HP:0000085,biolink:EntityToDiseaseOrPhenotypicFeatureAssociation,knowledge_assertion,manual_agent,https://purl.humanatlas.io/vocab/hp
HGNC:28369,biolink:has_phenotype,HP:0000085,biolink:EntityToDiseaseOrPhenotypicFeatureAssociation,knowledge_assertion,manual_agent,https://purl.humanatlas.io/vocab/hp
HGNC:28369,biolink:has_phenotype,HP:0000122,biolink:EntityToDiseaseOrPhenotypicFeatureAssociation,knowledge_assertion,manual_agent,https://purl.humanatlas.io/vocab/hp
HGNC:28369,biolink:has_phenotype,HP:0000122,biolink:EntityToDiseaseOrPhenotypicFeatureAssociation,knowledge_assertion,manual_agent,https://purl.humanatlas.io/vocab/hp
HGNC:28672,biolink:has_phenotype,HP:0000100,biolink:EntityToDiseaseOrPhenotypicFeatureAssociation,knowledge_assertion,manual_agent,https://purl.humanatlas.io/vocab/hp
HGNC:16783,biolink:has_phenotype,HP:0008696,biolink:EntityToDiseaseOrPhenotypicFeatureAssociation,knowledge_assertion,manual_agent,https://purl.humanatlas.io/vocab/hp
HGNC:16783,biolink:has_phenotype,HP:0008696,biolink:EntityToDiseaseOrPhenotypicFeatureAssociation,knowledge_assertion,manual_agent,https://purl.humanatlas.io/vocab/hp
HGNC:16783,biolink:has_phenotype,HP:0000083,biolink:EntityToDiseaseOrPhenotypicFeatureAssociation,knowledge_assertion,manual_agent,https://purl.humanatlas.io/vocab/hp
HGNC:16783,biolink:has_phenotype,HP:0000083,biolink:EntityToDiseaseOrPhenotypicFeatureAssociation,knowledge_assertion,manual_agent,https://purl.humanatlas.io/vocab/hp
HGNC:16783,biolink:has_phenotype,HP:0000083,biolink:EntityToDiseaseOrPhenotypicFeatureAssociation,knowledge_assertion,manual_agent,https://purl.humanatlas.io/vocab/hp
HGNC:16783,biolink:has_phenotype,HP:0002667,biolink:EntityToDiseaseOrPhenotypicFeatureAssociation,knowledge_assertion,manual_agent,https://purl.humanatlas.io/vocab/hp
HGNC:16783,biolink:has_phenotype,HP:0002667,biolink:EntityToDiseaseOrPhenotypicFeatureAssociation,knowledge_assertion,manual_agent,https://purl.humanatlas.io/vocab/hp
HGNC:16783,biolink:has_phenotype,HP:0002667,biolink:EntityToDiseaseOrPhenotypicFeatureAssociation,knowledge_assertion,manual_agent,https://purl.humanatlas.io/vocab/hp
HGNC:16783,biolink:has_phenotype,HP:0000121,biolink:EntityToDiseaseOrPhenotypicFeatureAssociation,knowledge_assertion,manual_agent,https://purl.humanatlas.io/vocab/hp
HGNC:16783,biolink:has_phenotype,HP:0000121,biolink:EntityToDiseaseOrPhenotypicFeatureAssociation,knowledge_assertion,manual_agent,https://purl.humanatlas.io/vocab/hp
HGNC:16783,biolink:has_phenotype,HP:0000121,biolink:EntityToDiseaseOrPhenotypicFeatureAssociation,knowledge_assertion,manual_agent,https://purl.humanatlas.io/vocab/hp
HGNC:16783,biolink:has_phenotype,HP:0000113,biolink:EntityToDiseaseOrPhenotypicFeatureAssociation,knowledge_assertion,manual_agent,https://purl.humanatlas.io/vocab/hp
HGNC:16783,biolink:has_phenotype,HP:0000107,biolink:EntityToDiseaseOrPhenotypicFeatureAssociation,knowledge_assertion,manual_agent,https://purl.humanatlas.io/vocab/hp
HGNC:16783,biolink:has_phenotype,HP:0000107,biolink:EntityToDiseaseOrPhenotypicFeatureAssociation,knowledge_assertion,manual_agent,https://purl.humanatlas.io/vocab/hp
HGNC:16783,biolink:has_phenotype,HP:0000787,biolink:EntityToDiseaseOrPhenotypicFeatureAssociation,knowledge_assertion,manual_agent,https://purl.humanatlas.io/vocab/hp
HGNC:16783,biolink:has_phenotype,HP:0000787,biolink:EntityToDiseaseOrPhenotypicFeatureAssociation,knowledge_assertion,manual_agent,https://purl.humanatlas.io/vocab/hp
HGNC:16783,biolink:has_phenotype,HP:0000787,biolink:EntityToDiseaseOrPhenotypicFeatureAssociation,knowledge_assertion,manual_agent,https://purl.humanatlas.io/vocab/hp
HGNC:16783,biolink:has_phenotype,HP:0006735,biolink:EntityToDiseaseOrPhenotypicFeatureAssociation,knowledge_assertion,manual_agent,https://purl.humanatlas.io/vocab/hp
HGNC:16783,biolink:has_phenotype,HP:0006766,biolink:EntityToDiseaseOrPhenotypicFeatureAssociation,knowledge_assertion,manual_agent,https://purl.humanatlas.io/vocab/hp
HGNC:37234,biolink:has_phenotype,HP:0008678,biolink:EntityToDiseaseOrPhenotypicFeatureAssociation,knowledge_assertion,manual_agent,https://purl.humanatlas.io/vocab/hp
HGNC:37234,biolink:has_phenotype,HP:0000083,biolink:EntityToDiseaseOrPhenotypicFeatureAssociation,knowledge_assertion,manual_agent,https://purl.humanatlas.io/vocab/hp
HGNC:37234,biolink:has_phenotype,HP:0000003,biolink:EntityToDiseaseOrPhenotypicFeatureAssociation,knowledge_assertion,manual_agent,https://purl.humanatlas.io/vocab/hp
HGNC:37234,biolink:has_phenotype,HP:0000113,biolink:EntityToDiseaseOrPhenotypicFeatureAssociation,knowledge_assertion,manual_agent,https://purl.humanatlas.io/vocab/hp
HGNC:37234,biolink:has_phenotype,HP:0000112,biolink:EntityToDiseaseOrPhenotypicFeatureAssociation,knowledge_assertion,manual_agent,https://purl.humanatlas.io/vocab/hp
HGNC:37234,biolink:has_phenotype,HP:0000107,biolink:EntityToDiseaseOrPhenotypicFeatureAssociation,knowledge_assertion,manual_agent,https://purl.humanatlas.io/vocab/hp
HGNC:37234,biolink:has_phenotype,HP:0000104,biolink:EntityToDiseaseOrPhenotypicFeatureAssociation,knowledge_assertion,manual_agent,https://purl.humanatlas.io/vocab/hp
HGNC:26113,biolink:has_phenotype,HP:0000003,biolink:EntityToDiseaseOrPhenotypicFeatureAssociation,knowledge_assertion,manual_agent,https://purl.humanatlas.io/vocab/hp
HGNC:26256,biolink:has_phenotype,HP:0000104,biolink:EntityToDiseaseOrPhenotypicFeatureAssociation,knowledge_assertion,manual_agent,https://purl.humanatlas.io/vocab/hp
HGNC:23109,biolink:has_phenotype,HP:0000089,biolink:EntityToDiseaseOrPhenotypicFeatureAssociation,knowledge_assertion,manual_agent,https://purl.humanatlas.io/vocab/hp
HGNC:23109,biolink:has_phenotype,HP:0000089,biolink:EntityToDiseaseOrPhenotypicFeatureAssociation,knowledge_assertion,manual_agent,https://purl.humanatlas.io/vocab/hp
HGNC:23109,biolink:has_phenotype,HP:0000086,biolink:EntityToDiseaseOrPhenotypicFeatureAssociation,knowledge_assertion,manual_agent,https://purl.humanatlas.io/vocab/hp
HGNC:23109,biolink:has_phenotype,HP:0000085,biolink:EntityToDiseaseOrPhenotypicFeatureAssociation,knowledge_assertion,manual_agent,https://purl.humanatlas.io/vocab/hp
HGNC:6954,biolink:has_phenotype,HP:0000122,biolink:EntityToDiseaseOrPhenotypicFeatureAssociation,knowledge_assertion,manual_agent,https://purl.humanatlas.io/vocab/hp
HGNC:2962,biolink:has_phenotype,HP:0000089,biolink:EntityToDiseaseOrPhenotypicFeatureAssociation,knowledge_assertion,manual_agent,https://purl.humanatlas.io/vocab/hp
HGNC:2962,biolink:has_phenotype,HP:0000083,biolink:EntityToDiseaseOrPhenotypicFeatureAssociation,knowledge_assertion,manual_agent,https://purl.humanatlas.io/vocab/hp
HGNC:2962,biolink:has_phenotype,HP:0000090,biolink:EntityToDiseaseOrPhenotypicFeatureAssociation,knowledge_assertion,manual_agent,https://purl.humanatlas.io/vocab/hp
HGNC:2962,biolink:has_phenotype,HP:0000113,biolink:EntityToDiseaseOrPhenotypicFeatureAssociation,knowledge_assertion,manual_agent,https://purl.humanatlas.io/vocab/hp
HGNC:2962,biolink:has_phenotype,HP:0000126,biolink:EntityToDiseaseOrPhenotypicFeatureAssociation,knowledge_assertion,manual_agent,https://purl.humanatlas.io/vocab/hp
HGNC:2962,biolink:has_phenotype,HP:0000110,biolink:EntityToDiseaseOrPhenotypicFeatureAssociation,knowledge_assertion,manual_agent,https://purl.humanatlas.io/vocab/hp
HGNC:2962,biolink:has_phenotype,HP:0000112,biolink:EntityToDiseaseOrPhenotypicFeatureAssociation,knowledge_assertion,manual_agent,https://purl.humanatlas.io/vocab/hp
HGNC:2962,biolink:has_phenotype,HP:0000107,biolink:EntityToDiseaseOrPhenotypicFeatureAssociation,knowledge_assertion,manual_agent,https://purl.humanatlas.io/vocab/hp
HGNC:2962,biolink:has_phenotype,HP:0000105,biolink:EntityToDiseaseOrPhenotypicFeatureAssociation,knowledge_assertion,manual_agent,https://purl.humanatlas.io/vocab/hp
HGNC:28905,biolink:has_phenotype,HP:0003774,biolink:EntityToDiseaseOrPhenotypicFeatureAssociation,knowledge_assertion,manual_agent,https://purl.humanatlas.io/vocab/hp
HGNC:28905,biolink:has_phenotype,HP:0031266,biolink:EntityToDiseaseOrPhenotypicFeatureAssociation,knowledge_assertion,manual_agent,https://purl.humanatlas.io/vocab/hp
HGNC:28905,biolink:has_phenotype,HP:0000100,biolink:EntityToDiseaseOrPhenotypicFeatureAssociation,knowledge_assertion,manual_agent,https://purl.humanatlas.io/vocab/hp
HGNC:28905,biolink:has_phenotype,HP:0000112,biolink:EntityToDiseaseOrPhenotypicFeatureAssociation,knowledge_assertion,manual_agent,https://purl.humanatlas.io/vocab/hp
HGNC:28905,biolink:has_phenotype,HP:0001967,biolink:EntityToDiseaseOrPhenotypicFeatureAssociation,knowledge_assertion,manual_agent,https://purl.humanatlas.io/vocab/hp
HGNC:29529,biolink:has_phenotype,HP:0000790,biolink:EntityToDiseaseOrPhenotypicFeatureAssociation,knowledge_assertion,manual_agent,https://purl.humanatlas.io/vocab/hp
HGNC:25662,biolink:has_phenotype,HP:0005584,biolink:EntityToDiseaseOrPhenotypicFeatureAssociation,knowledge_assertion,manual_agent,https://purl.humanatlas.io/vocab/hp
HGNC:26144,biolink:has_phenotype,HP:0008678,biolink:EntityToDiseaseOrPhenotypicFeatureAssociation,knowledge_assertion,manual_agent,https://purl.humanatlas.io/vocab/hp
HGNC:26144,biolink:has_phenotype,HP:0000083,biolink:EntityToDiseaseOrPhenotypicFeatureAssociation,knowledge_assertion,manual_agent,https://purl.humanatlas.io/vocab/hp
HGNC:26144,biolink:has_phenotype,HP:0000086,biolink:EntityToDiseaseOrPhenotypicFeatureAssociation,knowledge_assertion,manual_agent,https://purl.humanatlas.io/vocab/hp
HGNC:26144,biolink:has_phenotype,HP:0000085,biolink:EntityToDiseaseOrPhenotypicFeatureAssociation,knowledge_assertion,manual_agent,https://purl.humanatlas.io/vocab/hp
HGNC:26144,biolink:has_phenotype,HP:0002667,biolink:EntityToDiseaseOrPhenotypicFeatureAssociation,knowledge_assertion,manual_agent,https://purl.humanatlas.io/vocab/hp
HGNC:26144,biolink:has_phenotype,HP:0000122,biolink:EntityToDiseaseOrPhenotypicFeatureAssociation,knowledge_assertion,manual_agent,https://purl.humanatlas.io/vocab/hp
HGNC:26144,biolink:has_phenotype,HP:0000125,biolink:EntityToDiseaseOrPhenotypicFeatureAssociation,knowledge_assertion,manual_agent,https://purl.humanatlas.io/vocab/hp
HGNC:26144,biolink:has_phenotype,HP:0100542,biolink:EntityToDiseaseOrPhenotypicFeatureAssociation,knowledge_assertion,manual_agent,https://purl.humanatlas.io/vocab/hp
HGNC:26144,biolink:has_phenotype,HP:0012210,biolink:EntityToDiseaseOrPhenotypicFeatureAssociation,knowledge_assertion,manual_agent,https://purl.humanatlas.io/vocab/hp
HGNC:26274,biolink:has_phenotype,HP:0000097,biolink:EntityToDiseaseOrPhenotypicFeatureAssociation,knowledge_assertion,manual_agent,https://purl.humanatlas.io/vocab/hp
HGNC:26291,biolink:has_phenotype,HP:0000083,biolink:EntityToDiseaseOrPhenotypicFeatureAssociation,knowledge_assertion,manual_agent,https://purl.humanatlas.io/vocab/hp
HGNC:26291,biolink:has_phenotype,HP:0000085,biolink:EntityToDiseaseOrPhenotypicFeatureAssociation,knowledge_assertion,manual_agent,https://purl.humanatlas.io/vocab/hp
HGNC:26291,biolink:has_phenotype,HP:0000126,biolink:EntityToDiseaseOrPhenotypicFeatureAssociation,knowledge_assertion,manual_agent,https://purl.humanatlas.io/vocab/hp
HGNC:26291,biolink:has_phenotype,HP:0000100,biolink:EntityToDiseaseOrPhenotypicFeatureAssociation,knowledge_assertion,manual_agent,https://purl.humanatlas.io/vocab/hp
HGNC:26291,biolink:has_phenotype,HP:0000107,biolink:EntityToDiseaseOrPhenotypicFeatureAssociation,knowledge_assertion,manual_agent,https://purl.humanatlas.io/vocab/hp
HGNC:26291,biolink:has_phenotype,HP:0005562,biolink:EntityToDiseaseOrPhenotypicFeatureAssociation,knowledge_assertion,manual_agent,https://purl.humanatlas.io/vocab/hp
HGNC:26291,biolink:has_phenotype,HP:0012622,biolink:EntityToDiseaseOrPhenotypicFeatureAssociation,knowledge_assertion,manual_agent,https://purl.humanatlas.io/vocab/hp
HGNC:19954,biolink:has_phenotype,HP:0000110,biolink:EntityToDiseaseOrPhenotypicFeatureAssociation,knowledge_assertion,manual_agent,https://purl.humanatlas.io/vocab/hp
HGNC:20652,biolink:has_phenotype,HP:0000003,biolink:EntityToDiseaseOrPhenotypicFeatureAssociation,knowledge_assertion,manual_agent,https://purl.humanatlas.io/vocab/hp
HGNC:20652,biolink:has_phenotype,HP:0000113,biolink:EntityToDiseaseOrPhenotypicFeatureAssociation,knowledge_assertion,manual_agent,https://purl.humanatlas.io/vocab/hp
HGNC:15672,biolink:has_phenotype,HP:0003774,biolink:EntityToDiseaseOrPhenotypicFeatureAssociation,knowledge_assertion,manual_agent,https://purl.humanatlas.io/vocab/hp
HGNC:15672,biolink:has_phenotype,HP:0008776,biolink:EntityToDiseaseOrPhenotypicFeatureAssociation,knowledge_assertion,manual_agent,https://purl.humanatlas.io/vocab/hp
HGNC:15672,biolink:has_phenotype,HP:0008672,biolink:EntityToDiseaseOrPhenotypicFeatureAssociation,knowledge_assertion,manual_agent,https://purl.humanatlas.io/vocab/hp
HGNC:15672,biolink:has_phenotype,HP:0000083,biolink:EntityToDiseaseOrPhenotypicFeatureAssociation,knowledge_assertion,manual_agent,https://purl.humanatlas.io/vocab/hp
HGNC:15672,biolink:has_phenotype,HP:0000113,biolink:EntityToDiseaseOrPhenotypicFeatureAssociation,knowledge_assertion,manual_agent,https://purl.humanatlas.io/vocab/hp
HGNC:15672,biolink:has_phenotype,HP:0000113,biolink:EntityToDiseaseOrPhenotypicFeatureAssociation,knowledge_assertion,manual_agent,https://purl.humanatlas.io/vocab/hp
HGNC:15672,biolink:has_phenotype,HP:0000126,biolink:EntityToDiseaseOrPhenotypicFeatureAssociation,knowledge_assertion,manual_agent,https://purl.humanatlas.io/vocab/hp
HGNC:15672,biolink:has_phenotype,HP:0000107,biolink:EntityToDiseaseOrPhenotypicFeatureAssociation,knowledge_assertion,manual_agent,https://purl.humanatlas.io/vocab/hp
HGNC:15672,biolink:has_phenotype,HP:0000105,biolink:EntityToDiseaseOrPhenotypicFeatureAssociation,knowledge_assertion,manual_agent,https://purl.humanatlas.io/vocab/hp
HGNC:15672,biolink:has_phenotype,HP:0000105,biolink:EntityToDiseaseOrPhenotypicFeatureAssociation,knowledge_assertion,manual_agent,https://purl.humanatlas.io/vocab/hp
HGNC:15672,biolink:has_phenotype,HP:0012622,biolink:EntityToDiseaseOrPhenotypicFeatureAssociation,knowledge_assertion,manual_agent,https://purl.humanatlas.io/vocab/hp
HGNC:15672,biolink:has_phenotype,HP:0000791,biolink:EntityToDiseaseOrPhenotypicFeatureAssociation,knowledge_assertion,manual_agent,https://purl.humanatlas.io/vocab/hp
HGNC:15672,biolink:has_phenotype,HP:0000790,biolink:EntityToDiseaseOrPhenotypicFeatureAssociation,knowledge_assertion,manual_agent,https://purl.humanatlas.io/vocab/hp
HGNC:15672,biolink:has_phenotype,HP:0012213,biolink:EntityToDiseaseOrPhenotypicFeatureAssociation,knowledge_assertion,manual_agent,https://purl.humanatlas.io/vocab/hp
HGNC:15672,biolink:has_phenotype,HP:0012330,biolink:EntityToDiseaseOrPhenotypicFeatureAssociation,knowledge_assertion,manual_agent,https://purl.humanatlas.io/vocab/hp
HGNC:25781,biolink:has_phenotype,HP:0005584,biolink:EntityToDiseaseOrPhenotypicFeatureAssociation,knowledge_assertion,manual_agent,https://purl.humanatlas.io/vocab/hp
HGNC:25781,biolink:has_phenotype,HP:0000787,biolink:EntityToDiseaseOrPhenotypicFeatureAssociation,knowledge_assertion,manual_agent,https://purl.humanatlas.io/vocab/hp
HGNC:25660,biolink:has_phenotype,HP:0003774,biolink:EntityToDiseaseOrPhenotypicFeatureAssociation,knowledge_assertion,manual_agent,https://purl.humanatlas.io/vocab/hp
HGNC:25660,biolink:has_phenotype,HP:0003774,biolink:EntityToDiseaseOrPhenotypicFeatureAssociation,knowledge_assertion,manual_agent,https://purl.humanatlas.io/vocab/hp
HGNC:25660,biolink:has_phenotype,HP:0000083,biolink:EntityToDiseaseOrPhenotypicFeatureAssociation,knowledge_assertion,manual_agent,https://purl.humanatlas.io/vocab/hp
HGNC:25660,biolink:has_phenotype,HP:0000090,biolink:EntityToDiseaseOrPhenotypicFeatureAssociation,knowledge_assertion,manual_agent,https://purl.humanatlas.io/vocab/hp
HGNC:25660,biolink:has_phenotype,HP:0000090,biolink:EntityToDiseaseOrPhenotypicFeatureAssociation,knowledge_assertion,manual_agent,https://purl.humanatlas.io/vocab/hp
HGNC:25660,biolink:has_phenotype,HP:0000112,biolink:EntityToDiseaseOrPhenotypicFeatureAssociation,knowledge_assertion,manual_agent,https://purl.humanatlas.io/vocab/hp
HGNC:24650,biolink:has_phenotype,HP:0000083,biolink:EntityToDiseaseOrPhenotypicFeatureAssociation,knowledge_assertion,manual_agent,https://purl.humanatlas.io/vocab/hp
HGNC:24650,biolink:has_phenotype,HP:0000126,biolink:EntityToDiseaseOrPhenotypicFeatureAssociation,knowledge_assertion,manual_agent,https://purl.humanatlas.io/vocab/hp
HGNC:24650,biolink:has_phenotype,HP:0000107,biolink:EntityToDiseaseOrPhenotypicFeatureAssociation,knowledge_assertion,manual_agent,https://purl.humanatlas.io/vocab/hp
HGNC:26276,biolink:has_phenotype,HP:0000787,biolink:EntityToDiseaseOrPhenotypicFeatureAssociation,knowledge_assertion,manual_agent,https://purl.humanatlas.io/vocab/hp
HGNC:26193,biolink:has_phenotype,HP:0000083,biolink:EntityToDiseaseOrPhenotypicFeatureAssociation,knowledge_assertion,manual_agent,https://purl.humanatlas.io/vocab/hp
HGNC:26193,biolink:has_phenotype,HP:0000003,biolink:EntityToDiseaseOrPhenotypicFeatureAssociation,knowledge_assertion,manual_agent,https://purl.humanatlas.io/vocab/hp
HGNC:26193,biolink:has_phenotype,HP:0000110,biolink:EntityToDiseaseOrPhenotypicFeatureAssociation,knowledge_assertion,manual_agent,https://purl.humanatlas.io/vocab/hp
HGNC:26193,biolink:has_phenotype,HP:0000107,biolink:EntityToDiseaseOrPhenotypicFeatureAssociation,knowledge_assertion,manual_agent,https://purl.humanatlas.io/vocab/hp
HGNC:26193,biolink:has_phenotype,HP:0004719,biolink:EntityToDiseaseOrPhenotypicFeatureAssociation,knowledge_assertion,manual_agent,https://purl.humanatlas.io/vocab/hp
HGNC:26193,biolink:has_phenotype,HP:0004719,biolink:EntityToDiseaseOrPhenotypicFeatureAssociation,knowledge_assertion,manual_agent,https://purl.humanatlas.io/vocab/hp
HGNC:26193,biolink:has_phenotype,HP:0000803,biolink:EntityToDiseaseOrPhenotypicFeatureAssociation,knowledge_assertion,manual_agent,https://purl.humanatlas.io/vocab/hp
HGNC:25774,biolink:has_phenotype,HP:0000003,biolink:EntityToDiseaseOrPhenotypicFeatureAssociation,knowledge_assertion,manual_agent,https://purl.humanatlas.io/vocab/hp
HGNC:25774,biolink:has_phenotype,HP:0000113,biolink:EntityToDiseaseOrPhenotypicFeatureAssociation,knowledge_assertion,manual_agent,https://purl.humanatlas.io/vocab/hp
HGNC:25774,biolink:has_phenotype,HP:0000105,biolink:EntityToDiseaseOrPhenotypicFeatureAssociation,knowledge_assertion,manual_agent,https://purl.humanatlas.io/vocab/hp
HGNC:25774,biolink:has_phenotype,HP:0004719,biolink:EntityToDiseaseOrPhenotypicFeatureAssociation,knowledge_assertion,manual_agent,https://purl.humanatlas.io/vocab/hp
HGNC:8734,biolink:has_phenotype,HP:0003774,biolink:EntityToDiseaseOrPhenotypicFeatureAssociation,knowledge_assertion,manual_agent,https://purl.humanatlas.io/vocab/hp
HGNC:8734,biolink:has_phenotype,HP:0003774,biolink:EntityToDiseaseOrPhenotypicFeatureAssociation,knowledge_assertion,manual_agent,https://purl.humanatlas.io/vocab/hp
HGNC:8734,biolink:has_phenotype,HP:0000097,biolink:EntityToDiseaseOrPhenotypicFeatureAssociation,knowledge_assertion,manual_agent,https://purl.humanatlas.io/vocab/hp
HGNC:8734,biolink:has_phenotype,HP:0000097,biolink:EntityToDiseaseOrPhenotypicFeatureAssociation,knowledge_assertion,manual_agent,https://purl.humanatlas.io/vocab/hp
HGNC:8734,biolink:has_phenotype,HP:0012622,biolink:EntityToDiseaseOrPhenotypicFeatureAssociation,knowledge_assertion,manual_agent,https://purl.humanatlas.io/vocab/hp
HGNC:8734,biolink:has_phenotype,HP:0001967,biolink:EntityToDiseaseOrPhenotypicFeatureAssociation,knowledge_assertion,manual_agent,https://purl.humanatlas.io/vocab/hp
HGNC:8734,biolink:has_phenotype,HP:0002907,biolink:EntityToDiseaseOrPhenotypicFeatureAssociation,knowledge_assertion,manual_agent,https://purl.humanatlas.io/vocab/hp
HGNC:8734,biolink:has_phenotype,HP:0012588,biolink:EntityToDiseaseOrPhenotypicFeatureAssociation,knowledge_assertion,manual_agent,https://purl.humanatlas.io/vocab/hp
HGNC:8734,biolink:has_phenotype,HP:0012579,biolink:EntityToDiseaseOrPhenotypicFeatureAssociation,knowledge_assertion,manual_agent,https://purl.humanatlas.io/vocab/hp
HGNC:30071,biolink:has_phenotype,HP:0033726,biolink:EntityToDiseaseOrPhenotypicFeatureAssociation,knowledge_assertion,manual_agent,https://purl.humanatlas.io/vocab/hp
HGNC:30071,biolink:has_phenotype,HP:0000790,biolink:EntityToDiseaseOrPhenotypicFeatureAssociation,knowledge_assertion,manual_agent,https://purl.humanatlas.io/vocab/hp
HGNC:19041,biolink:has_phenotype,HP:0003774,biolink:EntityToDiseaseOrPhenotypicFeatureAssociation,knowledge_assertion,manual_agent,https://purl.humanatlas.io/vocab/hp
HGNC:19041,biolink:has_phenotype,HP:0003774,biolink:EntityToDiseaseOrPhenotypicFeatureAssociation,knowledge_assertion,manual_agent,https://purl.humanatlas.io/vocab/hp
HGNC:19041,biolink:has_phenotype,HP:0000097,biolink:EntityToDiseaseOrPhenotypicFeatureAssociation,knowledge_assertion,manual_agent,https://purl.humanatlas.io/vocab/hp
HGNC:19041,biolink:has_phenotype,HP:0000097,biolink:EntityToDiseaseOrPhenotypicFeatureAssociation,knowledge_assertion,manual_agent,https://purl.humanatlas.io/vocab/hp
HGNC:19041,biolink:has_phenotype,HP:0000096,biolink:EntityToDiseaseOrPhenotypicFeatureAssociation,knowledge_assertion,manual_agent,https://purl.humanatlas.io/vocab/hp
HGNC:19041,biolink:has_phenotype,HP:0012622,biolink:EntityToDiseaseOrPhenotypicFeatureAssociation,knowledge_assertion,manual_agent,https://purl.humanatlas.io/vocab/hp
HGNC:19041,biolink:has_phenotype,HP:0001967,biolink:EntityToDiseaseOrPhenotypicFeatureAssociation,knowledge_assertion,manual_agent,https://purl.humanatlas.io/vocab/hp
HGNC:19041,biolink:has_phenotype,HP:0012588,biolink:EntityToDiseaseOrPhenotypicFeatureAssociation,knowledge_assertion,manual_agent,https://purl.humanatlas.io/vocab/hp
HGNC:19041,biolink:has_phenotype,HP:0012579,biolink:EntityToDiseaseOrPhenotypicFeatureAssociation,knowledge_assertion,manual_agent,https://purl.humanatlas.io/vocab/hp
HGNC:20603,biolink:has_phenotype,HP:0000083,biolink:EntityToDiseaseOrPhenotypicFeatureAssociation,knowledge_assertion,manual_agent,https://purl.humanatlas.io/vocab/hp
HGNC:30238,biolink:has_phenotype,HP:0000126,biolink:EntityToDiseaseOrPhenotypicFeatureAssociation,knowledge_assertion,manual_agent,https://purl.humanatlas.io/vocab/hp
HGNC:30238,biolink:has_phenotype,HP:0000104,biolink:EntityToDiseaseOrPhenotypicFeatureAssociation,knowledge_assertion,manual_agent,https://purl.humanatlas.io/vocab/hp
HGNC:21882,biolink:has_phenotype,HP:0003774,biolink:EntityToDiseaseOrPhenotypicFeatureAssociation,knowledge_assertion,manual_agent,https://purl.humanatlas.io/vocab/hp
HGNC:21882,biolink:has_phenotype,HP:0010946,biolink:EntityToDiseaseOrPhenotypicFeatureAssociation,knowledge_assertion,manual_agent,https://purl.humanatlas.io/vocab/hp
HGNC:21882,biolink:has_phenotype,HP:0000083,biolink:EntityToDiseaseOrPhenotypicFeatureAssociation,knowledge_assertion,manual_agent,https://purl.humanatlas.io/vocab/hp
HGNC:21882,biolink:has_phenotype,HP:0000126,biolink:EntityToDiseaseOrPhenotypicFeatureAssociation,knowledge_assertion,manual_agent,https://purl.humanatlas.io/vocab/hp
HGNC:21882,biolink:has_phenotype,HP:0004719,biolink:EntityToDiseaseOrPhenotypicFeatureAssociation,knowledge_assertion,manual_agent,https://purl.humanatlas.io/vocab/hp
HGNC:21882,biolink:has_phenotype,HP:0012408,biolink:EntityToDiseaseOrPhenotypicFeatureAssociation,knowledge_assertion,manual_agent,https://purl.humanatlas.io/vocab/hp
HGNC:31042,biolink:has_phenotype,HP:0000085,biolink:EntityToDiseaseOrPhenotypicFeatureAssociation,knowledge_assertion,manual_agent,https://purl.humanatlas.io/vocab/hp
HGNC:31042,biolink:has_phenotype,HP:0000003,biolink:EntityToDiseaseOrPhenotypicFeatureAssociation,knowledge_assertion,manual_agent,https://purl.humanatlas.io/vocab/hp
HGNC:31042,biolink:has_phenotype,HP:0000126,biolink:EntityToDiseaseOrPhenotypicFeatureAssociation,knowledge_assertion,manual_agent,https://purl.humanatlas.io/vocab/hp
HGNC:31042,biolink:has_phenotype,HP:0000110,biolink:EntityToDiseaseOrPhenotypicFeatureAssociation,knowledge_assertion,manual_agent,https://purl.humanatlas.io/vocab/hp
HGNC:31042,biolink:has_phenotype,HP:0000104,biolink:EntityToDiseaseOrPhenotypicFeatureAssociation,knowledge_assertion,manual_agent,https://purl.humanatlas.io/vocab/hp
HGNC:31042,biolink:has_phenotype,HP:0000104,biolink:EntityToDiseaseOrPhenotypicFeatureAssociation,knowledge_assertion,manual_agent,https://purl.humanatlas.io/vocab/hp
HGNC:19351,biolink:has_phenotype,HP:0003774,biolink:EntityToDiseaseOrPhenotypicFeatureAssociation,knowledge_assertion,manual_agent,https://purl.humanatlas.io/vocab/hp
HGNC:19351,biolink:has_phenotype,HP:0008672,biolink:EntityToDiseaseOrPhenotypicFeatureAssociation,knowledge_assertion,manual_agent,https://purl.humanatlas.io/vocab/hp
HGNC:19351,biolink:has_phenotype,HP:0000083,biolink:EntityToDiseaseOrPhenotypicFeatureAssociation,knowledge_assertion,manual_agent,https://purl.humanatlas.io/vocab/hp
HGNC:19351,biolink:has_phenotype,HP:0000083,biolink:EntityToDiseaseOrPhenotypicFeatureAssociation,knowledge_assertion,manual_agent,https://purl.humanatlas.io/vocab/hp
HGNC:19351,biolink:has_phenotype,HP:0000110,biolink:EntityToDiseaseOrPhenotypicFeatureAssociation,knowledge_assertion,manual_agent,https://purl.humanatlas.io/vocab/hp
HGNC:19351,biolink:has_phenotype,HP:0000107,biolink:EntityToDiseaseOrPhenotypicFeatureAssociation,knowledge_assertion,manual_agent,https://purl.humanatlas.io/vocab/hp
HGNC:19351,biolink:has_phenotype,HP:0000105,biolink:EntityToDiseaseOrPhenotypicFeatureAssociation,knowledge_assertion,manual_agent,https://purl.humanatlas.io/vocab/hp
HGNC:19351,biolink:has_phenotype,HP:0004719,biolink:EntityToDiseaseOrPhenotypicFeatureAssociation,knowledge_assertion,manual_agent,https://purl.humanatlas.io/vocab/hp
HGNC:19351,biolink:has_phenotype,HP:0012622,biolink:EntityToDiseaseOrPhenotypicFeatureAssociation,knowledge_assertion,manual_agent,https://purl.humanatlas.io/vocab/hp
HGNC:19351,biolink:has_phenotype,HP:0000800,biolink:EntityToDiseaseOrPhenotypicFeatureAssociation,knowledge_assertion,manual_agent,https://purl.humanatlas.io/vocab/hp
HGNC:19351,biolink:has_phenotype,HP:0000791,biolink:EntityToDiseaseOrPhenotypicFeatureAssociation,knowledge_assertion,manual_agent,https://purl.humanatlas.io/vocab/hp
HGNC:19351,biolink:has_phenotype,HP:0000790,biolink:EntityToDiseaseOrPhenotypicFeatureAssociation,knowledge_assertion,manual_agent,https://purl.humanatlas.io/vocab/hp
HGNC:19351,biolink:has_phenotype,HP:0012213,biolink:EntityToDiseaseOrPhenotypicFeatureAssociation,knowledge_assertion,manual_agent,https://purl.humanatlas.io/vocab/hp
HGNC:19351,biolink:has_phenotype,HP:0012330,biolink:EntityToDiseaseOrPhenotypicFeatureAssociation,knowledge_assertion,manual_agent,https://purl.humanatlas.io/vocab/hp
HGNC:19185,biolink:has_phenotype,HP:0008678,biolink:EntityToDiseaseOrPhenotypicFeatureAssociation,knowledge_assertion,manual_agent,https://purl.humanatlas.io/vocab/hp
HGNC:19185,biolink:has_phenotype,HP:0008678,biolink:EntityToDiseaseOrPhenotypicFeatureAssociation,knowledge_assertion,manual_agent,https://purl.humanatlas.io/vocab/hp
HGNC:19185,biolink:has_phenotype,HP:0000089,biolink:EntityToDiseaseOrPhenotypicFeatureAssociation,knowledge_assertion,manual_agent,https://purl.humanatlas.io/vocab/hp
HGNC:21424,biolink:has_phenotype,HP:0000085,biolink:EntityToDiseaseOrPhenotypicFeatureAssociation,knowledge_assertion,manual_agent,https://purl.humanatlas.io/vocab/hp
HGNC:21424,biolink:has_phenotype,HP:0000126,biolink:EntityToDiseaseOrPhenotypicFeatureAssociation,knowledge_assertion,manual_agent,https://purl.humanatlas.io/vocab/hp
HGNC:21424,biolink:has_phenotype,HP:0000100,biolink:EntityToDiseaseOrPhenotypicFeatureAssociation,knowledge_assertion,manual_agent,https://purl.humanatlas.io/vocab/hp
HGNC:21424,biolink:has_phenotype,HP:0005562,biolink:EntityToDiseaseOrPhenotypicFeatureAssociation,knowledge_assertion,manual_agent,https://purl.humanatlas.io/vocab/hp
HGNC:21424,biolink:has_phenotype,HP:0012622,biolink:EntityToDiseaseOrPhenotypicFeatureAssociation,knowledge_assertion,manual_agent,https://purl.humanatlas.io/vocab/hp
HGNC:29021,biolink:has_phenotype,HP:0003774,biolink:EntityToDiseaseOrPhenotypicFeatureAssociation,knowledge_assertion,manual_agent,https://purl.humanatlas.io/vocab/hp
HGNC:29021,biolink:has_phenotype,HP:0003774,biolink:EntityToDiseaseOrPhenotypicFeatureAssociation,knowledge_assertion,manual_agent,https://purl.humanatlas.io/vocab/hp
HGNC:29021,biolink:has_phenotype,HP:0003774,biolink:EntityToDiseaseOrPhenotypicFeatureAssociation,knowledge_assertion,manual_agent,https://purl.humanatlas.io/vocab/hp
HGNC:29021,biolink:has_phenotype,HP:0000083,biolink:EntityToDiseaseOrPhenotypicFeatureAssociation,knowledge_assertion,manual_agent,https://purl.humanatlas.io/vocab/hp
HGNC:29021,biolink:has_phenotype,HP:0000083,biolink:EntityToDiseaseOrPhenotypicFeatureAssociation,knowledge_assertion,manual_agent,https://purl.humanatlas.io/vocab/hp
HGNC:29021,biolink:has_phenotype,HP:0000085,biolink:EntityToDiseaseOrPhenotypicFeatureAssociation,knowledge_assertion,manual_agent,https://purl.humanatlas.io/vocab/hp
HGNC:29021,biolink:has_phenotype,HP:0000090,biolink:EntityToDiseaseOrPhenotypicFeatureAssociation,knowledge_assertion,manual_agent,https://purl.humanatlas.io/vocab/hp
HGNC:29021,biolink:has_phenotype,HP:0000090,biolink:EntityToDiseaseOrPhenotypicFeatureAssociation,knowledge_assertion,manual_agent,https://purl.humanatlas.io/vocab/hp
HGNC:29021,biolink:has_phenotype,HP:0000003,biolink:EntityToDiseaseOrPhenotypicFeatureAssociation,knowledge_assertion,manual_agent,https://purl.humanatlas.io/vocab/hp
HGNC:29021,biolink:has_phenotype,HP:0000126,biolink:EntityToDiseaseOrPhenotypicFeatureAssociation,knowledge_assertion,manual_agent,https://purl.humanatlas.io/vocab/hp
HGNC:29021,biolink:has_phenotype,HP:0000100,biolink:EntityToDiseaseOrPhenotypicFeatureAssociation,knowledge_assertion,manual_agent,https://purl.humanatlas.io/vocab/hp
HGNC:29021,biolink:has_phenotype,HP:0000112,biolink:EntityToDiseaseOrPhenotypicFeatureAssociation,knowledge_assertion,manual_agent,https://purl.humanatlas.io/vocab/hp
HGNC:29021,biolink:has_phenotype,HP:0000107,biolink:EntityToDiseaseOrPhenotypicFeatureAssociation,knowledge_assertion,manual_agent,https://purl.humanatlas.io/vocab/hp
HGNC:29021,biolink:has_phenotype,HP:0004727,biolink:EntityToDiseaseOrPhenotypicFeatureAssociation,knowledge_assertion,manual_agent,https://purl.humanatlas.io/vocab/hp
HGNC:29021,biolink:has_phenotype,HP:0005565,biolink:EntityToDiseaseOrPhenotypicFeatureAssociation,knowledge_assertion,manual_agent,https://purl.humanatlas.io/vocab/hp
HGNC:29021,biolink:has_phenotype,HP:0005562,biolink:EntityToDiseaseOrPhenotypicFeatureAssociation,knowledge_assertion,manual_agent,https://purl.humanatlas.io/vocab/hp
HGNC:29021,biolink:has_phenotype,HP:0012622,biolink:EntityToDiseaseOrPhenotypicFeatureAssociation,knowledge_assertion,manual_agent,https://purl.humanatlas.io/vocab/hp
HGNC:29021,biolink:has_phenotype,HP:0012622,biolink:EntityToDiseaseOrPhenotypicFeatureAssociation,knowledge_assertion,manual_agent,https://purl.humanatlas.io/vocab/hp
HGNC:29021,biolink:has_phenotype,HP:0000803,biolink:EntityToDiseaseOrPhenotypicFeatureAssociation,knowledge_assertion,manual_agent,https://purl.humanatlas.io/vocab/hp
HGNC:26219,biolink:has_phenotype,HP:0000083,biolink:EntityToDiseaseOrPhenotypicFeatureAssociation,knowledge_assertion,manual_agent,https://purl.humanatlas.io/vocab/hp
HGNC:26219,biolink:has_phenotype,HP:0000086,biolink:EntityToDiseaseOrPhenotypicFeatureAssociation,knowledge_assertion,manual_agent,https://purl.humanatlas.io/vocab/hp
HGNC:26219,biolink:has_phenotype,HP:0000104,biolink:EntityToDiseaseOrPhenotypicFeatureAssociation,knowledge_assertion,manual_agent,https://purl.humanatlas.io/vocab/hp
HGNC:20278,biolink:has_phenotype,HP:0000114,biolink:EntityToDiseaseOrPhenotypicFeatureAssociation,knowledge_assertion,manual_agent,https://purl.humanatlas.io/vocab/hp
HGNC:25815,biolink:has_phenotype,HP:0000122,biolink:EntityToDiseaseOrPhenotypicFeatureAssociation,knowledge_assertion,manual_agent,https://purl.humanatlas.io/vocab/hp
HGNC:28636,biolink:has_phenotype,HP:0000003,biolink:EntityToDiseaseOrPhenotypicFeatureAssociation,knowledge_assertion,manual_agent,https://purl.humanatlas.io/vocab/hp
HGNC:28636,biolink:has_phenotype,HP:0000107,biolink:EntityToDiseaseOrPhenotypicFeatureAssociation,knowledge_assertion,manual_agent,https://purl.humanatlas.io/vocab/hp
HGNC:2195,biolink:has_phenotype,HP:0000081,biolink:EntityToDiseaseOrPhenotypicFeatureAssociation,knowledge_assertion,manual_agent,https://purl.humanatlas.io/vocab/hp
HGNC:2195,biolink:has_phenotype,HP:0000075,biolink:EntityToDiseaseOrPhenotypicFeatureAssociation,knowledge_assertion,manual_agent,https://purl.humanatlas.io/vocab/hp
HGNC:2195,biolink:has_phenotype,HP:0000126,biolink:EntityToDiseaseOrPhenotypicFeatureAssociation,knowledge_assertion,manual_agent,https://purl.humanatlas.io/vocab/hp
HGNC:24668,biolink:has_phenotype,HP:0003774,biolink:EntityToDiseaseOrPhenotypicFeatureAssociation,knowledge_assertion,manual_agent,https://purl.humanatlas.io/vocab/hp
HGNC:24668,biolink:has_phenotype,HP:0000083,biolink:EntityToDiseaseOrPhenotypicFeatureAssociation,knowledge_assertion,manual_agent,https://purl.humanatlas.io/vocab/hp
HGNC:24668,biolink:has_phenotype,HP:0000099,biolink:EntityToDiseaseOrPhenotypicFeatureAssociation,knowledge_assertion,manual_agent,https://purl.humanatlas.io/vocab/hp
HGNC:24668,biolink:has_phenotype,HP:0004746,biolink:EntityToDiseaseOrPhenotypicFeatureAssociation,knowledge_assertion,manual_agent,https://purl.humanatlas.io/vocab/hp
HGNC:24668,biolink:has_phenotype,HP:0025005,biolink:EntityToDiseaseOrPhenotypicFeatureAssociation,knowledge_assertion,manual_agent,https://purl.humanatlas.io/vocab/hp
HGNC:24668,biolink:has_phenotype,HP:0033493,biolink:EntityToDiseaseOrPhenotypicFeatureAssociation,knowledge_assertion,manual_agent,https://purl.humanatlas.io/vocab/hp
HGNC:24668,biolink:has_phenotype,HP:0002907,biolink:EntityToDiseaseOrPhenotypicFeatureAssociation,knowledge_assertion,manual_agent,https://purl.humanatlas.io/vocab/hp
HGNC:24668,biolink:has_phenotype,HP:0012576,biolink:EntityToDiseaseOrPhenotypicFeatureAssociation,knowledge_assertion,manual_agent,https://purl.humanatlas.io/vocab/hp
HGNC:24668,biolink:has_phenotype,HP:0012574,biolink:EntityToDiseaseOrPhenotypicFeatureAssociation,knowledge_assertion,manual_agent,https://purl.humanatlas.io/vocab/hp
HGNC:30664,biolink:has_phenotype,HP:0000083,biolink:EntityToDiseaseOrPhenotypicFeatureAssociation,knowledge_assertion,manual_agent,https://purl.humanatlas.io/vocab/hp
HGNC:30664,biolink:has_phenotype,HP:0000121,biolink:EntityToDiseaseOrPhenotypicFeatureAssociation,knowledge_assertion,manual_agent,https://purl.humanatlas.io/vocab/hp
HGNC:30664,biolink:has_phenotype,HP:0000107,biolink:EntityToDiseaseOrPhenotypicFeatureAssociation,knowledge_assertion,manual_agent,https://purl.humanatlas.io/vocab/hp
HGNC:15579,biolink:has_phenotype,HP:0000099,biolink:EntityToDiseaseOrPhenotypicFeatureAssociation,knowledge_assertion,manual_agent,https://purl.humanatlas.io/vocab/hp
HGNC:15579,biolink:has_phenotype,HP:0000096,biolink:EntityToDiseaseOrPhenotypicFeatureAssociation,knowledge_assertion,manual_agent,https://purl.humanatlas.io/vocab/hp
HGNC:15579,biolink:has_phenotype,HP:0000100,biolink:EntityToDiseaseOrPhenotypicFeatureAssociation,knowledge_assertion,manual_agent,https://purl.humanatlas.io/vocab/hp
HGNC:15579,biolink:has_phenotype,HP:0000110,biolink:EntityToDiseaseOrPhenotypicFeatureAssociation,knowledge_assertion,manual_agent,https://purl.humanatlas.io/vocab/hp
HGNC:19124,biolink:has_phenotype,HP:0000790,biolink:EntityToDiseaseOrPhenotypicFeatureAssociation,knowledge_assertion,manual_agent,https://purl.humanatlas.io/vocab/hp
HGNC:14604,biolink:has_phenotype,HP:0000083,biolink:EntityToDiseaseOrPhenotypicFeatureAssociation,knowledge_assertion,manual_agent,https://purl.humanatlas.io/vocab/hp
HGNC:15512,biolink:has_phenotype,HP:0000083,biolink:EntityToDiseaseOrPhenotypicFeatureAssociation,knowledge_assertion,manual_agent,https://purl.humanatlas.io/vocab/hp
HGNC:15512,biolink:has_phenotype,HP:0000086,biolink:EntityToDiseaseOrPhenotypicFeatureAssociation,knowledge_assertion,manual_agent,https://purl.humanatlas.io/vocab/hp
HGNC:15512,biolink:has_phenotype,HP:0000104,biolink:EntityToDiseaseOrPhenotypicFeatureAssociation,knowledge_assertion,manual_agent,https://purl.humanatlas.io/vocab/hp
HGNC:15533,biolink:has_phenotype,HP:0000104,biolink:EntityToDiseaseOrPhenotypicFeatureAssociation,knowledge_assertion,manual_agent,https://purl.humanatlas.io/vocab/hp
HGNC:28845,biolink:has_phenotype,HP:0000126,biolink:EntityToDiseaseOrPhenotypicFeatureAssociation,knowledge_assertion,manual_agent,https://purl.humanatlas.io/vocab/hp
HGNC:28845,biolink:has_phenotype,HP:0000126,biolink:EntityToDiseaseOrPhenotypicFeatureAssociation,knowledge_assertion,manual_agent,https://purl.humanatlas.io/vocab/hp
HGNC:25361,biolink:has_phenotype,HP:0003774,biolink:EntityToDiseaseOrPhenotypicFeatureAssociation,knowledge_assertion,manual_agent,https://purl.humanatlas.io/vocab/hp
HGNC:25361,biolink:has_phenotype,HP:0000097,biolink:EntityToDiseaseOrPhenotypicFeatureAssociation,knowledge_assertion,manual_agent,https://purl.humanatlas.io/vocab/hp
HGNC:25361,biolink:has_phenotype,HP:0012622,biolink:EntityToDiseaseOrPhenotypicFeatureAssociation,knowledge_assertion,manual_agent,https://purl.humanatlas.io/vocab/hp
HGNC:25361,biolink:has_phenotype,HP:0001967,biolink:EntityToDiseaseOrPhenotypicFeatureAssociation,knowledge_assertion,manual_agent,https://purl.humanatlas.io/vocab/hp
HGNC:25361,biolink:has_phenotype,HP:0012579,biolink:EntityToDiseaseOrPhenotypicFeatureAssociation,knowledge_assertion,manual_agent,https://purl.humanatlas.io/vocab/hp
HGNC:25360,biolink:has_phenotype,HP:0000085,biolink:EntityToDiseaseOrPhenotypicFeatureAssociation,knowledge_assertion,manual_agent,https://purl.humanatlas.io/vocab/hp
HGNC:25360,biolink:has_phenotype,HP:0004736,biolink:EntityToDiseaseOrPhenotypicFeatureAssociation,knowledge_assertion,manual_agent,https://purl.humanatlas.io/vocab/hp
HGNC:25360,biolink:has_phenotype,HP:0004736,biolink:EntityToDiseaseOrPhenotypicFeatureAssociation,knowledge_assertion,manual_agent,https://purl.humanatlas.io/vocab/hp
HGNC:25461,biolink:has_phenotype,HP:0000100,biolink:EntityToDiseaseOrPhenotypicFeatureAssociation,knowledge_assertion,manual_agent,https://purl.humanatlas.io/vocab/hp
HGNC:25461,biolink:has_phenotype,HP:0001970,biolink:EntityToDiseaseOrPhenotypicFeatureAssociation,knowledge_assertion,manual_agent,https://purl.humanatlas.io/vocab/hp
HGNC:25461,biolink:has_phenotype,HP:0012622,biolink:EntityToDiseaseOrPhenotypicFeatureAssociation,knowledge_assertion,manual_agent,https://purl.humanatlas.io/vocab/hp
HGNC:25461,biolink:has_phenotype,HP:0012213,biolink:EntityToDiseaseOrPhenotypicFeatureAssociation,knowledge_assertion,manual_agent,https://purl.humanatlas.io/vocab/hp
HGNC:13635,biolink:has_phenotype,HP:0000110,biolink:EntityToDiseaseOrPhenotypicFeatureAssociation,knowledge_assertion,manual_agent,https://purl.humanatlas.io/vocab/hp
HGNC:13635,biolink:has_phenotype,HP:0000103,biolink:EntityToDiseaseOrPhenotypicFeatureAssociation,knowledge_assertion,manual_agent,https://purl.humanatlas.io/vocab/hp
HGNC:15532,biolink:has_phenotype,HP:0000086,biolink:EntityToDiseaseOrPhenotypicFeatureAssociation,knowledge_assertion,manual_agent,https://purl.humanatlas.io/vocab/hp
HGNC:15532,biolink:has_phenotype,HP:0000800,biolink:EntityToDiseaseOrPhenotypicFeatureAssociation,knowledge_assertion,manual_agent,https://purl.humanatlas.io/vocab/hp
HGNC:20473,biolink:has_phenotype,HP:0008678,biolink:EntityToDiseaseOrPhenotypicFeatureAssociation,knowledge_assertion,manual_agent,https://purl.humanatlas.io/vocab/hp
HGNC:20473,biolink:has_phenotype,HP:0000083,biolink:EntityToDiseaseOrPhenotypicFeatureAssociation,knowledge_assertion,manual_agent,https://purl.humanatlas.io/vocab/hp
HGNC:20473,biolink:has_phenotype,HP:0100542,biolink:EntityToDiseaseOrPhenotypicFeatureAssociation,knowledge_assertion,manual_agent,https://purl.humanatlas.io/vocab/hp
HGNC:20473,biolink:has_phenotype,HP:0012210,biolink:EntityToDiseaseOrPhenotypicFeatureAssociation,knowledge_assertion,manual_agent,https://purl.humanatlas.io/vocab/hp
HGNC:15719,biolink:has_phenotype,HP:0000083,biolink:EntityToDiseaseOrPhenotypicFeatureAssociation,knowledge_assertion,manual_agent,https://purl.humanatlas.io/vocab/hp
HGNC:15719,biolink:has_phenotype,HP:0000083,biolink:EntityToDiseaseOrPhenotypicFeatureAssociation,knowledge_assertion,manual_agent,https://purl.humanatlas.io/vocab/hp
HGNC:15719,biolink:has_phenotype,HP:0100520,biolink:EntityToDiseaseOrPhenotypicFeatureAssociation,knowledge_assertion,manual_agent,https://purl.humanatlas.io/vocab/hp
HGNC:15719,biolink:has_phenotype,HP:0001919,biolink:EntityToDiseaseOrPhenotypicFeatureAssociation,knowledge_assertion,manual_agent,https://purl.humanatlas.io/vocab/hp
HGNC:13210,biolink:has_phenotype,HP:0000089,biolink:EntityToDiseaseOrPhenotypicFeatureAssociation,knowledge_assertion,manual_agent,https://purl.humanatlas.io/vocab/hp
HGNC:13210,biolink:has_phenotype,HP:0000085,biolink:EntityToDiseaseOrPhenotypicFeatureAssociation,knowledge_assertion,manual_agent,https://purl.humanatlas.io/vocab/hp
HGNC:13210,biolink:has_phenotype,HP:0000126,biolink:EntityToDiseaseOrPhenotypicFeatureAssociation,knowledge_assertion,manual_agent,https://purl.humanatlas.io/vocab/hp
HGNC:13210,biolink:has_phenotype,HP:0000100,biolink:EntityToDiseaseOrPhenotypicFeatureAssociation,knowledge_assertion,manual_agent,https://purl.humanatlas.io/vocab/hp
HGNC:13210,biolink:has_phenotype,HP:0005562,biolink:EntityToDiseaseOrPhenotypicFeatureAssociation,knowledge_assertion,manual_agent,https://purl.humanatlas.io/vocab/hp
HGNC:13210,biolink:has_phenotype,HP:0012622,biolink:EntityToDiseaseOrPhenotypicFeatureAssociation,knowledge_assertion,manual_agent,https://purl.humanatlas.io/vocab/hp
HGNC:30775,biolink:has_phenotype,HP:0100817,biolink:EntityToDiseaseOrPhenotypicFeatureAssociation,knowledge_assertion,manual_agent,https://purl.humanatlas.io/vocab/hp
HGNC:30775,biolink:has_phenotype,HP:0000089,biolink:EntityToDiseaseOrPhenotypicFeatureAssociation,knowledge_assertion,manual_agent,https://purl.humanatlas.io/vocab/hp
HGNC:30775,biolink:has_phenotype,HP:0000083,biolink:EntityToDiseaseOrPhenotypicFeatureAssociation,knowledge_assertion,manual_agent,https://purl.humanatlas.io/vocab/hp
HGNC:30775,biolink:has_phenotype,HP:0000075,biolink:EntityToDiseaseOrPhenotypicFeatureAssociation,knowledge_assertion,manual_agent,https://purl.humanatlas.io/vocab/hp
HGNC:30775,biolink:has_phenotype,HP:0000121,biolink:EntityToDiseaseOrPhenotypicFeatureAssociation,knowledge_assertion,manual_agent,https://purl.humanatlas.io/vocab/hp
HGNC:30775,biolink:has_phenotype,HP:0000125,biolink:EntityToDiseaseOrPhenotypicFeatureAssociation,knowledge_assertion,manual_agent,https://purl.humanatlas.io/vocab/hp
HGNC:30775,biolink:has_phenotype,HP:0005562,biolink:EntityToDiseaseOrPhenotypicFeatureAssociation,knowledge_assertion,manual_agent,https://purl.humanatlas.io/vocab/hp
HGNC:30775,biolink:has_phenotype,HP:0001969,biolink:EntityToDiseaseOrPhenotypicFeatureAssociation,knowledge_assertion,manual_agent,https://purl.humanatlas.io/vocab/hp
HGNC:30775,biolink:has_phenotype,HP:0000787,biolink:EntityToDiseaseOrPhenotypicFeatureAssociation,knowledge_assertion,manual_agent,https://purl.humanatlas.io/vocab/hp
HGNC:21014,biolink:has_phenotype,HP:0005576,biolink:EntityToDiseaseOrPhenotypicFeatureAssociation,knowledge_assertion,manual_agent,https://purl.humanatlas.io/vocab/hp
HGNC:21014,biolink:has_phenotype,HP:0000787,biolink:EntityToDiseaseOrPhenotypicFeatureAssociation,knowledge_assertion,manual_agent,https://purl.humanatlas.io/vocab/hp
HGNC:16410,biolink:has_phenotype,HP:0100817,biolink:EntityToDiseaseOrPhenotypicFeatureAssociation,knowledge_assertion,manual_agent,https://purl.humanatlas.io/vocab/hp
HGNC:16410,biolink:has_phenotype,HP:0000089,biolink:EntityToDiseaseOrPhenotypicFeatureAssociation,knowledge_assertion,manual_agent,https://purl.humanatlas.io/vocab/hp
HGNC:16410,biolink:has_phenotype,HP:0000083,biolink:EntityToDiseaseOrPhenotypicFeatureAssociation,knowledge_assertion,manual_agent,https://purl.humanatlas.io/vocab/hp
HGNC:16410,biolink:has_phenotype,HP:0000075,biolink:EntityToDiseaseOrPhenotypicFeatureAssociation,knowledge_assertion,manual_agent,https://purl.humanatlas.io/vocab/hp
HGNC:16410,biolink:has_phenotype,HP:0000121,biolink:EntityToDiseaseOrPhenotypicFeatureAssociation,knowledge_assertion,manual_agent,https://purl.humanatlas.io/vocab/hp
HGNC:16410,biolink:has_phenotype,HP:0000125,biolink:EntityToDiseaseOrPhenotypicFeatureAssociation,knowledge_assertion,manual_agent,https://purl.humanatlas.io/vocab/hp
HGNC:16410,biolink:has_phenotype,HP:0005562,biolink:EntityToDiseaseOrPhenotypicFeatureAssociation,knowledge_assertion,manual_agent,https://purl.humanatlas.io/vocab/hp
HGNC:16410,biolink:has_phenotype,HP:0001969,biolink:EntityToDiseaseOrPhenotypicFeatureAssociation,knowledge_assertion,manual_agent,https://purl.humanatlas.io/vocab/hp
HGNC:16410,biolink:has_phenotype,HP:0000787,biolink:EntityToDiseaseOrPhenotypicFeatureAssociation,knowledge_assertion,manual_agent,https://purl.humanatlas.io/vocab/hp
HGNC:21237,biolink:has_phenotype,HP:0002049,biolink:EntityToDiseaseOrPhenotypicFeatureAssociation,knowledge_assertion,manual_agent,https://purl.humanatlas.io/vocab/hp
HGNC:28128,biolink:has_phenotype,HP:0000003,biolink:EntityToDiseaseOrPhenotypicFeatureAssociation,knowledge_assertion,manual_agent,https://purl.humanatlas.io/vocab/hp
HGNC:28128,biolink:has_phenotype,HP:0000113,biolink:EntityToDiseaseOrPhenotypicFeatureAssociation,knowledge_assertion,manual_agent,https://purl.humanatlas.io/vocab/hp
HGNC:23339,biolink:has_phenotype,HP:0000083,biolink:EntityToDiseaseOrPhenotypicFeatureAssociation,knowledge_assertion,manual_agent,https://purl.humanatlas.io/vocab/hp
HGNC:20492,biolink:has_phenotype,HP:0000124,biolink:EntityToDiseaseOrPhenotypicFeatureAssociation,knowledge_assertion,manual_agent,https://purl.humanatlas.io/vocab/hp
HGNC:20492,biolink:has_phenotype,HP:0001994,biolink:EntityToDiseaseOrPhenotypicFeatureAssociation,knowledge_assertion,manual_agent,https://purl.humanatlas.io/vocab/hp
HGNC:23845,biolink:has_phenotype,HP:0008678,biolink:EntityToDiseaseOrPhenotypicFeatureAssociation,knowledge_assertion,manual_agent,https://purl.humanatlas.io/vocab/hp
HGNC:23845,biolink:has_phenotype,HP:0000083,biolink:EntityToDiseaseOrPhenotypicFeatureAssociation,knowledge_assertion,manual_agent,https://purl.humanatlas.io/vocab/hp
HGNC:23845,biolink:has_phenotype,HP:0000085,biolink:EntityToDiseaseOrPhenotypicFeatureAssociation,knowledge_assertion,manual_agent,https://purl.humanatlas.io/vocab/hp
HGNC:23845,biolink:has_phenotype,HP:0000125,biolink:EntityToDiseaseOrPhenotypicFeatureAssociation,knowledge_assertion,manual_agent,https://purl.humanatlas.io/vocab/hp
HGNC:23845,biolink:has_phenotype,HP:0100542,biolink:EntityToDiseaseOrPhenotypicFeatureAssociation,knowledge_assertion,manual_agent,https://purl.humanatlas.io/vocab/hp
HGNC:23845,biolink:has_phenotype,HP:0012210,biolink:EntityToDiseaseOrPhenotypicFeatureAssociation,knowledge_assertion,manual_agent,https://purl.humanatlas.io/vocab/hp
HGNC:20356,biolink:has_phenotype,HP:0003774,biolink:EntityToDiseaseOrPhenotypicFeatureAssociation,knowledge_assertion,manual_agent,https://purl.humanatlas.io/vocab/hp
HGNC:20356,biolink:has_phenotype,HP:0000097,biolink:EntityToDiseaseOrPhenotypicFeatureAssociation,knowledge_assertion,manual_agent,https://purl.humanatlas.io/vocab/hp
HGNC:20356,biolink:has_phenotype,HP:0000100,biolink:EntityToDiseaseOrPhenotypicFeatureAssociation,knowledge_assertion,manual_agent,https://purl.humanatlas.io/vocab/hp
HGNC:20356,biolink:has_phenotype,HP:0000112,biolink:EntityToDiseaseOrPhenotypicFeatureAssociation,knowledge_assertion,manual_agent,https://purl.humanatlas.io/vocab/hp
HGNC:20356,biolink:has_phenotype,HP:0001967,biolink:EntityToDiseaseOrPhenotypicFeatureAssociation,knowledge_assertion,manual_agent,https://purl.humanatlas.io/vocab/hp
HGNC:29450,biolink:has_phenotype,HP:0003774,biolink:EntityToDiseaseOrPhenotypicFeatureAssociation,knowledge_assertion,manual_agent,https://purl.humanatlas.io/vocab/hp
HGNC:29450,biolink:has_phenotype,HP:0000090,biolink:EntityToDiseaseOrPhenotypicFeatureAssociation,knowledge_assertion,manual_agent,https://purl.humanatlas.io/vocab/hp
HGNC:29450,biolink:has_phenotype,HP:0000092,biolink:EntityToDiseaseOrPhenotypicFeatureAssociation,knowledge_assertion,manual_agent,https://purl.humanatlas.io/vocab/hp
HGNC:23215,biolink:has_phenotype,HP:0000126,biolink:EntityToDiseaseOrPhenotypicFeatureAssociation,knowledge_assertion,manual_agent,https://purl.humanatlas.io/vocab/hp
HGNC:18358,biolink:has_phenotype,HP:0000790,biolink:EntityToDiseaseOrPhenotypicFeatureAssociation,knowledge_assertion,manual_agent,https://purl.humanatlas.io/vocab/hp
HGNC:6638,biolink:has_phenotype,HP:0100820,biolink:EntityToDiseaseOrPhenotypicFeatureAssociation,knowledge_assertion,manual_agent,https://purl.humanatlas.io/vocab/hp
HGNC:6638,biolink:has_phenotype,HP:0000100,biolink:EntityToDiseaseOrPhenotypicFeatureAssociation,knowledge_assertion,manual_agent,https://purl.humanatlas.io/vocab/hp
HGNC:6638,biolink:has_phenotype,HP:0000793,biolink:EntityToDiseaseOrPhenotypicFeatureAssociation,knowledge_assertion,manual_agent,https://purl.humanatlas.io/vocab/hp
HGNC:6638,biolink:has_phenotype,HP:0000790,biolink:EntityToDiseaseOrPhenotypicFeatureAssociation,knowledge_assertion,manual_agent,https://purl.humanatlas.io/vocab/hp
HGNC:6638,biolink:has_phenotype,HP:0002907,biolink:EntityToDiseaseOrPhenotypicFeatureAssociation,knowledge_assertion,manual_agent,https://purl.humanatlas.io/vocab/hp
HGNC:30889,biolink:has_phenotype,HP:0000089,biolink:EntityToDiseaseOrPhenotypicFeatureAssociation,knowledge_assertion,manual_agent,https://purl.humanatlas.io/vocab/hp
HGNC:25897,biolink:has_phenotype,HP:0000122,biolink:EntityToDiseaseOrPhenotypicFeatureAssociation,knowledge_assertion,manual_agent,https://purl.humanatlas.io/vocab/hp
HGNC:14951,biolink:has_phenotype,HP:0000089,biolink:EntityToDiseaseOrPhenotypicFeatureAssociation,knowledge_assertion,manual_agent,https://purl.humanatlas.io/vocab/hp
HGNC:25928,biolink:has_phenotype,HP:0000083,biolink:EntityToDiseaseOrPhenotypicFeatureAssociation,knowledge_assertion,manual_agent,https://purl.humanatlas.io/vocab/hp
HGNC:25928,biolink:has_phenotype,HP:0000083,biolink:EntityToDiseaseOrPhenotypicFeatureAssociation,knowledge_assertion,manual_agent,https://purl.humanatlas.io/vocab/hp
HGNC:25928,biolink:has_phenotype,HP:0000097,biolink:EntityToDiseaseOrPhenotypicFeatureAssociation,knowledge_assertion,manual_agent,https://purl.humanatlas.io/vocab/hp
HGNC:25928,biolink:has_phenotype,HP:0000100,biolink:EntityToDiseaseOrPhenotypicFeatureAssociation,knowledge_assertion,manual_agent,https://purl.humanatlas.io/vocab/hp
HGNC:25928,biolink:has_phenotype,HP:0000100,biolink:EntityToDiseaseOrPhenotypicFeatureAssociation,knowledge_assertion,manual_agent,https://purl.humanatlas.io/vocab/hp
HGNC:25928,biolink:has_phenotype,HP:0000100,biolink:EntityToDiseaseOrPhenotypicFeatureAssociation,knowledge_assertion,manual_agent,https://purl.humanatlas.io/vocab/hp
HGNC:25928,biolink:has_phenotype,HP:0000112,biolink:EntityToDiseaseOrPhenotypicFeatureAssociation,knowledge_assertion,manual_agent,https://purl.humanatlas.io/vocab/hp
HGNC:25928,biolink:has_phenotype,HP:0001967,biolink:EntityToDiseaseOrPhenotypicFeatureAssociation,knowledge_assertion,manual_agent,https://purl.humanatlas.io/vocab/hp
HGNC:19711,biolink:has_phenotype,HP:0000104,biolink:EntityToDiseaseOrPhenotypicFeatureAssociation,knowledge_assertion,manual_agent,https://purl.humanatlas.io/vocab/hp
HGNC:28209,biolink:has_phenotype,HP:0000085,biolink:EntityToDiseaseOrPhenotypicFeatureAssociation,knowledge_assertion,manual_agent,https://purl.humanatlas.io/vocab/hp
HGNC:28209,biolink:has_phenotype,HP:0000126,biolink:EntityToDiseaseOrPhenotypicFeatureAssociation,knowledge_assertion,manual_agent,https://purl.humanatlas.io/vocab/hp
HGNC:28209,biolink:has_phenotype,HP:0000100,biolink:EntityToDiseaseOrPhenotypicFeatureAssociation,knowledge_assertion,manual_agent,https://purl.humanatlas.io/vocab/hp
HGNC:28209,biolink:has_phenotype,HP:0005562,biolink:EntityToDiseaseOrPhenotypicFeatureAssociation,knowledge_assertion,manual_agent,https://purl.humanatlas.io/vocab/hp
HGNC:28209,biolink:has_phenotype,HP:0012622,biolink:EntityToDiseaseOrPhenotypicFeatureAssociation,knowledge_assertion,manual_agent,https://purl.humanatlas.io/vocab/hp
HGNC:28216,biolink:has_phenotype,HP:0000089,biolink:EntityToDiseaseOrPhenotypicFeatureAssociation,knowledge_assertion,manual_agent,https://purl.humanatlas.io/vocab/hp
HGNC:28213,biolink:has_phenotype,HP:0000126,biolink:EntityToDiseaseOrPhenotypicFeatureAssociation,knowledge_assertion,manual_agent,https://purl.humanatlas.io/vocab/hp
HGNC:28213,biolink:has_phenotype,HP:0004742,biolink:EntityToDiseaseOrPhenotypicFeatureAssociation,knowledge_assertion,manual_agent,https://purl.humanatlas.io/vocab/hp
HGNC:28213,biolink:has_phenotype,HP:0004719,biolink:EntityToDiseaseOrPhenotypicFeatureAssociation,knowledge_assertion,manual_agent,https://purl.humanatlas.io/vocab/hp
HGNC:14294,biolink:has_phenotype,HP:0000113,biolink:EntityToDiseaseOrPhenotypicFeatureAssociation,knowledge_assertion,manual_agent,https://purl.humanatlas.io/vocab/hp
HGNC:28296,biolink:has_phenotype,HP:0000089,biolink:EntityToDiseaseOrPhenotypicFeatureAssociation,knowledge_assertion,manual_agent,https://purl.humanatlas.io/vocab/hp
HGNC:28296,biolink:has_phenotype,HP:0000083,biolink:EntityToDiseaseOrPhenotypicFeatureAssociation,knowledge_assertion,manual_agent,https://purl.humanatlas.io/vocab/hp
HGNC:28296,biolink:has_phenotype,HP:0000090,biolink:EntityToDiseaseOrPhenotypicFeatureAssociation,knowledge_assertion,manual_agent,https://purl.humanatlas.io/vocab/hp
HGNC:28296,biolink:has_phenotype,HP:0000121,biolink:EntityToDiseaseOrPhenotypicFeatureAssociation,knowledge_assertion,manual_agent,https://purl.humanatlas.io/vocab/hp
HGNC:28296,biolink:has_phenotype,HP:0000126,biolink:EntityToDiseaseOrPhenotypicFeatureAssociation,knowledge_assertion,manual_agent,https://purl.humanatlas.io/vocab/hp
HGNC:28296,biolink:has_phenotype,HP:0000112,biolink:EntityToDiseaseOrPhenotypicFeatureAssociation,knowledge_assertion,manual_agent,https://purl.humanatlas.io/vocab/hp
HGNC:28296,biolink:has_phenotype,HP:0000107,biolink:EntityToDiseaseOrPhenotypicFeatureAssociation,knowledge_assertion,manual_agent,https://purl.humanatlas.io/vocab/hp
HGNC:25455,biolink:has_phenotype,HP:0000085,biolink:EntityToDiseaseOrPhenotypicFeatureAssociation,knowledge_assertion,manual_agent,https://purl.humanatlas.io/vocab/hp
HGNC:25455,biolink:has_phenotype,HP:0000104,biolink:EntityToDiseaseOrPhenotypicFeatureAssociation,knowledge_assertion,manual_agent,https://purl.humanatlas.io/vocab/hp
HGNC:18451,biolink:has_phenotype,HP:0000790,biolink:EntityToDiseaseOrPhenotypicFeatureAssociation,knowledge_assertion,manual_agent,https://purl.humanatlas.io/vocab/hp
HGNC:30767,biolink:has_phenotype,HP:0000086,biolink:EntityToDiseaseOrPhenotypicFeatureAssociation,knowledge_assertion,manual_agent,https://purl.humanatlas.io/vocab/hp
HGNC:30767,biolink:has_phenotype,HP:0000122,biolink:EntityToDiseaseOrPhenotypicFeatureAssociation,knowledge_assertion,manual_agent,https://purl.humanatlas.io/vocab/hp
HGNC:23994,biolink:has_phenotype,HP:0000126,biolink:EntityToDiseaseOrPhenotypicFeatureAssociation,knowledge_assertion,manual_agent,https://purl.humanatlas.io/vocab/hp
HGNC:23994,biolink:has_phenotype,HP:0000126,biolink:EntityToDiseaseOrPhenotypicFeatureAssociation,knowledge_assertion,manual_agent,https://purl.humanatlas.io/vocab/hp
HGNC:28396,biolink:has_phenotype,HP:0003774,biolink:EntityToDiseaseOrPhenotypicFeatureAssociation,knowledge_assertion,manual_agent,https://purl.humanatlas.io/vocab/hp
HGNC:28396,biolink:has_phenotype,HP:0003774,biolink:EntityToDiseaseOrPhenotypicFeatureAssociation,knowledge_assertion,manual_agent,https://purl.humanatlas.io/vocab/hp
HGNC:28396,biolink:has_phenotype,HP:0003774,biolink:EntityToDiseaseOrPhenotypicFeatureAssociation,knowledge_assertion,manual_agent,https://purl.humanatlas.io/vocab/hp
HGNC:28396,biolink:has_phenotype,HP:0003774,biolink:EntityToDiseaseOrPhenotypicFeatureAssociation,knowledge_assertion,manual_agent,https://purl.humanatlas.io/vocab/hp
HGNC:28396,biolink:has_phenotype,HP:0008659,biolink:EntityToDiseaseOrPhenotypicFeatureAssociation,knowledge_assertion,manual_agent,https://purl.humanatlas.io/vocab/hp
HGNC:28396,biolink:has_phenotype,HP:0000089,biolink:EntityToDiseaseOrPhenotypicFeatureAssociation,knowledge_assertion,manual_agent,https://purl.humanatlas.io/vocab/hp
HGNC:28396,biolink:has_phenotype,HP:0000083,biolink:EntityToDiseaseOrPhenotypicFeatureAssociation,knowledge_assertion,manual_agent,https://purl.humanatlas.io/vocab/hp
HGNC:28396,biolink:has_phenotype,HP:0000083,biolink:EntityToDiseaseOrPhenotypicFeatureAssociation,knowledge_assertion,manual_agent,https://purl.humanatlas.io/vocab/hp
HGNC:28396,biolink:has_phenotype,HP:0000083,biolink:EntityToDiseaseOrPhenotypicFeatureAssociation,knowledge_assertion,manual_agent,https://purl.humanatlas.io/vocab/hp
HGNC:28396,biolink:has_phenotype,HP:0000090,biolink:EntityToDiseaseOrPhenotypicFeatureAssociation,knowledge_assertion,manual_agent,https://purl.humanatlas.io/vocab/hp
HGNC:28396,biolink:has_phenotype,HP:0000090,biolink:EntityToDiseaseOrPhenotypicFeatureAssociation,knowledge_assertion,manual_agent,https://purl.humanatlas.io/vocab/hp
HGNC:28396,biolink:has_phenotype,HP:0000090,biolink:EntityToDiseaseOrPhenotypicFeatureAssociation,knowledge_assertion,manual_agent,https://purl.humanatlas.io/vocab/hp
HGNC:28396,biolink:has_phenotype,HP:0000090,biolink:EntityToDiseaseOrPhenotypicFeatureAssociation,knowledge_assertion,manual_agent,https://purl.humanatlas.io/vocab/hp
HGNC:28396,biolink:has_phenotype,HP:0000090,biolink:EntityToDiseaseOrPhenotypicFeatureAssociation,knowledge_assertion,manual_agent,https://purl.humanatlas.io/vocab/hp
HGNC:28396,biolink:has_phenotype,HP:0000092,biolink:EntityToDiseaseOrPhenotypicFeatureAssociation,knowledge_assertion,manual_agent,https://purl.humanatlas.io/vocab/hp
HGNC:28396,biolink:has_phenotype,HP:0000003,biolink:EntityToDiseaseOrPhenotypicFeatureAssociation,knowledge_assertion,manual_agent,https://purl.humanatlas.io/vocab/hp
HGNC:28396,biolink:has_phenotype,HP:0000003,biolink:EntityToDiseaseOrPhenotypicFeatureAssociation,knowledge_assertion,manual_agent,https://purl.humanatlas.io/vocab/hp
HGNC:28396,biolink:has_phenotype,HP:0000003,biolink:EntityToDiseaseOrPhenotypicFeatureAssociation,knowledge_assertion,manual_agent,https://purl.humanatlas.io/vocab/hp
HGNC:28396,biolink:has_phenotype,HP:0000003,biolink:EntityToDiseaseOrPhenotypicFeatureAssociation,knowledge_assertion,manual_agent,https://purl.humanatlas.io/vocab/hp
HGNC:28396,biolink:has_phenotype,HP:0032622,biolink:EntityToDiseaseOrPhenotypicFeatureAssociation,knowledge_assertion,manual_agent,https://purl.humanatlas.io/vocab/hp
HGNC:28396,biolink:has_phenotype,HP:0000122,biolink:EntityToDiseaseOrPhenotypicFeatureAssociation,knowledge_assertion,manual_agent,https://purl.humanatlas.io/vocab/hp
HGNC:28396,biolink:has_phenotype,HP:0000112,biolink:EntityToDiseaseOrPhenotypicFeatureAssociation,knowledge_assertion,manual_agent,https://purl.humanatlas.io/vocab/hp
HGNC:28396,biolink:has_phenotype,HP:0000107,biolink:EntityToDiseaseOrPhenotypicFeatureAssociation,knowledge_assertion,manual_agent,https://purl.humanatlas.io/vocab/hp
HGNC:28396,biolink:has_phenotype,HP:0000108,biolink:EntityToDiseaseOrPhenotypicFeatureAssociation,knowledge_assertion,manual_agent,https://purl.humanatlas.io/vocab/hp
HGNC:28396,biolink:has_phenotype,HP:0000108,biolink:EntityToDiseaseOrPhenotypicFeatureAssociation,knowledge_assertion,manual_agent,https://purl.humanatlas.io/vocab/hp
HGNC:28396,biolink:has_phenotype,HP:0000103,biolink:EntityToDiseaseOrPhenotypicFeatureAssociation,knowledge_assertion,manual_agent,https://purl.humanatlas.io/vocab/hp
HGNC:28396,biolink:has_phenotype,HP:0032581,biolink:EntityToDiseaseOrPhenotypicFeatureAssociation,knowledge_assertion,manual_agent,https://purl.humanatlas.io/vocab/hp
HGNC:28396,biolink:has_phenotype,HP:0004719,biolink:EntityToDiseaseOrPhenotypicFeatureAssociation,knowledge_assertion,manual_agent,https://purl.humanatlas.io/vocab/hp
HGNC:28396,biolink:has_phenotype,HP:0020132,biolink:EntityToDiseaseOrPhenotypicFeatureAssociation,knowledge_assertion,manual_agent,https://purl.humanatlas.io/vocab/hp
HGNC:28396,biolink:has_phenotype,HP:0005583,biolink:EntityToDiseaseOrPhenotypicFeatureAssociation,knowledge_assertion,manual_agent,https://purl.humanatlas.io/vocab/hp
HGNC:28396,biolink:has_phenotype,HP:0005565,biolink:EntityToDiseaseOrPhenotypicFeatureAssociation,knowledge_assertion,manual_agent,https://purl.humanatlas.io/vocab/hp
HGNC:28396,biolink:has_phenotype,HP:0012622,biolink:EntityToDiseaseOrPhenotypicFeatureAssociation,knowledge_assertion,manual_agent,https://purl.humanatlas.io/vocab/hp
HGNC:28396,biolink:has_phenotype,HP:0012622,biolink:EntityToDiseaseOrPhenotypicFeatureAssociation,knowledge_assertion,manual_agent,https://purl.humanatlas.io/vocab/hp
HGNC:28396,biolink:has_phenotype,HP:0012585,biolink:EntityToDiseaseOrPhenotypicFeatureAssociation,knowledge_assertion,manual_agent,https://purl.humanatlas.io/vocab/hp
HGNC:19869,biolink:has_phenotype,HP:0010946,biolink:EntityToDiseaseOrPhenotypicFeatureAssociation,knowledge_assertion,manual_agent,https://purl.humanatlas.io/vocab/hp
HGNC:19869,biolink:has_phenotype,HP:0000126,biolink:EntityToDiseaseOrPhenotypicFeatureAssociation,knowledge_assertion,manual_agent,https://purl.humanatlas.io/vocab/hp
HGNC:25123,biolink:has_phenotype,HP:0012623,biolink:EntityToDiseaseOrPhenotypicFeatureAssociation,knowledge_assertion,manual_agent,https://purl.humanatlas.io/vocab/hp
HGNC:18802,biolink:has_phenotype,HP:0000089,biolink:EntityToDiseaseOrPhenotypicFeatureAssociation,knowledge_assertion,manual_agent,https://purl.humanatlas.io/vocab/hp
HGNC:18802,biolink:has_phenotype,HP:0000089,biolink:EntityToDiseaseOrPhenotypicFeatureAssociation,knowledge_assertion,manual_agent,https://purl.humanatlas.io/vocab/hp
HGNC:25189,biolink:has_phenotype,HP:0000122,biolink:EntityToDiseaseOrPhenotypicFeatureAssociation,knowledge_assertion,manual_agent,https://purl.humanatlas.io/vocab/hp
HGNC:28086,biolink:has_phenotype,HP:0000114,biolink:EntityToDiseaseOrPhenotypicFeatureAssociation,knowledge_assertion,manual_agent,https://purl.humanatlas.io/vocab/hp
HGNC:18622,biolink:has_phenotype,HP:0000126,biolink:EntityToDiseaseOrPhenotypicFeatureAssociation,knowledge_assertion,manual_agent,https://purl.humanatlas.io/vocab/hp
HGNC:28434,biolink:has_phenotype,HP:0000083,biolink:EntityToDiseaseOrPhenotypicFeatureAssociation,knowledge_assertion,manual_agent,https://purl.humanatlas.io/vocab/hp
HGNC:28434,biolink:has_phenotype,HP:0000086,biolink:EntityToDiseaseOrPhenotypicFeatureAssociation,knowledge_assertion,manual_agent,https://purl.humanatlas.io/vocab/hp
HGNC:28434,biolink:has_phenotype,HP:0000085,biolink:EntityToDiseaseOrPhenotypicFeatureAssociation,knowledge_assertion,manual_agent,https://purl.humanatlas.io/vocab/hp
HGNC:28434,biolink:has_phenotype,HP:0000125,biolink:EntityToDiseaseOrPhenotypicFeatureAssociation,knowledge_assertion,manual_agent,https://purl.humanatlas.io/vocab/hp
HGNC:28434,biolink:has_phenotype,HP:0000126,biolink:EntityToDiseaseOrPhenotypicFeatureAssociation,knowledge_assertion,manual_agent,https://purl.humanatlas.io/vocab/hp
HGNC:28434,biolink:has_phenotype,HP:0000104,biolink:EntityToDiseaseOrPhenotypicFeatureAssociation,knowledge_assertion,manual_agent,https://purl.humanatlas.io/vocab/hp
HGNC:28434,biolink:has_phenotype,HP:0004736,biolink:EntityToDiseaseOrPhenotypicFeatureAssociation,knowledge_assertion,manual_agent,https://purl.humanatlas.io/vocab/hp
HGNC:30172,biolink:has_phenotype,HP:0000121,biolink:EntityToDiseaseOrPhenotypicFeatureAssociation,knowledge_assertion,manual_agent,https://purl.humanatlas.io/vocab/hp
HGNC:30172,biolink:has_phenotype,HP:0000121,biolink:EntityToDiseaseOrPhenotypicFeatureAssociation,knowledge_assertion,manual_agent,https://purl.humanatlas.io/vocab/hp
HGNC:28093,biolink:has_phenotype,HP:0003774,biolink:EntityToDiseaseOrPhenotypicFeatureAssociation,knowledge_assertion,manual_agent,https://purl.humanatlas.io/vocab/hp
HGNC:28093,biolink:has_phenotype,HP:0000083,biolink:EntityToDiseaseOrPhenotypicFeatureAssociation,knowledge_assertion,manual_agent,https://purl.humanatlas.io/vocab/hp
HGNC:28093,biolink:has_phenotype,HP:0000085,biolink:EntityToDiseaseOrPhenotypicFeatureAssociation,knowledge_assertion,manual_agent,https://purl.humanatlas.io/vocab/hp
HGNC:28093,biolink:has_phenotype,HP:0000126,biolink:EntityToDiseaseOrPhenotypicFeatureAssociation,knowledge_assertion,manual_agent,https://purl.humanatlas.io/vocab/hp
HGNC:28093,biolink:has_phenotype,HP:0000100,biolink:EntityToDiseaseOrPhenotypicFeatureAssociation,knowledge_assertion,manual_agent,https://purl.humanatlas.io/vocab/hp
HGNC:28093,biolink:has_phenotype,HP:0005562,biolink:EntityToDiseaseOrPhenotypicFeatureAssociation,knowledge_assertion,manual_agent,https://purl.humanatlas.io/vocab/hp
HGNC:28093,biolink:has_phenotype,HP:0012622,biolink:EntityToDiseaseOrPhenotypicFeatureAssociation,knowledge_assertion,manual_agent,https://purl.humanatlas.io/vocab/hp
HGNC:24861,biolink:has_phenotype,HP:0000126,biolink:EntityToDiseaseOrPhenotypicFeatureAssociation,knowledge_assertion,manual_agent,https://purl.humanatlas.io/vocab/hp
HGNC:16205,biolink:has_phenotype,HP:0000787,biolink:EntityToDiseaseOrPhenotypicFeatureAssociation,knowledge_assertion,manual_agent,https://purl.humanatlas.io/vocab/hp
HGNC:14632,biolink:has_phenotype,HP:0000787,biolink:EntityToDiseaseOrPhenotypicFeatureAssociation,knowledge_assertion,manual_agent,https://purl.humanatlas.io/vocab/hp
HGNC:23719,biolink:has_phenotype,HP:0000126,biolink:EntityToDiseaseOrPhenotypicFeatureAssociation,knowledge_assertion,manual_agent,https://purl.humanatlas.io/vocab/hp
HGNC:28261,biolink:has_phenotype,HP:0010945,biolink:EntityToDiseaseOrPhenotypicFeatureAssociation,knowledge_assertion,manual_agent,https://purl.humanatlas.io/vocab/hp
HGNC:16067,biolink:has_phenotype,HP:0003774,biolink:EntityToDiseaseOrPhenotypicFeatureAssociation,knowledge_assertion,manual_agent,https://purl.humanatlas.io/vocab/hp
HGNC:16067,biolink:has_phenotype,HP:0004719,biolink:EntityToDiseaseOrPhenotypicFeatureAssociation,knowledge_assertion,manual_agent,https://purl.humanatlas.io/vocab/hp
HGNC:16067,biolink:has_phenotype,HP:0100611,biolink:EntityToDiseaseOrPhenotypicFeatureAssociation,knowledge_assertion,manual_agent,https://purl.humanatlas.io/vocab/hp
HGNC:12370,biolink:has_phenotype,HP:0000090,biolink:EntityToDiseaseOrPhenotypicFeatureAssociation,knowledge_assertion,manual_agent,https://purl.humanatlas.io/vocab/hp
HGNC:16404,biolink:has_phenotype,HP:0000790,biolink:EntityToDiseaseOrPhenotypicFeatureAssociation,knowledge_assertion,manual_agent,https://purl.humanatlas.io/vocab/hp
HGNC:29669,biolink:has_phenotype,HP:0003774,biolink:EntityToDiseaseOrPhenotypicFeatureAssociation,knowledge_assertion,manual_agent,https://purl.humanatlas.io/vocab/hp
HGNC:29669,biolink:has_phenotype,HP:0000090,biolink:EntityToDiseaseOrPhenotypicFeatureAssociation,knowledge_assertion,manual_agent,https://purl.humanatlas.io/vocab/hp
HGNC:29669,biolink:has_phenotype,HP:0000113,biolink:EntityToDiseaseOrPhenotypicFeatureAssociation,knowledge_assertion,manual_agent,https://purl.humanatlas.io/vocab/hp
HGNC:29669,biolink:has_phenotype,HP:0004719,biolink:EntityToDiseaseOrPhenotypicFeatureAssociation,knowledge_assertion,manual_agent,https://purl.humanatlas.io/vocab/hp
HGNC:25155,biolink:has_phenotype,HP:0008672,biolink:EntityToDiseaseOrPhenotypicFeatureAssociation,knowledge_assertion,manual_agent,https://purl.humanatlas.io/vocab/hp
HGNC:25155,biolink:has_phenotype,HP:0008672,biolink:EntityToDiseaseOrPhenotypicFeatureAssociation,knowledge_assertion,manual_agent,https://purl.humanatlas.io/vocab/hp
HGNC:25155,biolink:has_phenotype,HP:0000121,biolink:EntityToDiseaseOrPhenotypicFeatureAssociation,knowledge_assertion,manual_agent,https://purl.humanatlas.io/vocab/hp
HGNC:25155,biolink:has_phenotype,HP:0000790,biolink:EntityToDiseaseOrPhenotypicFeatureAssociation,knowledge_assertion,manual_agent,https://purl.humanatlas.io/vocab/hp
HGNC:25155,biolink:has_phenotype,HP:0012211,biolink:EntityToDiseaseOrPhenotypicFeatureAssociation,knowledge_assertion,manual_agent,https://purl.humanatlas.io/vocab/hp
HGNC:16197,biolink:has_phenotype,HP:0003774,biolink:EntityToDiseaseOrPhenotypicFeatureAssociation,knowledge_assertion,manual_agent,https://purl.humanatlas.io/vocab/hp
HGNC:16197,biolink:has_phenotype,HP:0008677,biolink:EntityToDiseaseOrPhenotypicFeatureAssociation,knowledge_assertion,manual_agent,https://purl.humanatlas.io/vocab/hp
HGNC:16197,biolink:has_phenotype,HP:0000097,biolink:EntityToDiseaseOrPhenotypicFeatureAssociation,knowledge_assertion,manual_agent,https://purl.humanatlas.io/vocab/hp
HGNC:16197,biolink:has_phenotype,HP:0000100,biolink:EntityToDiseaseOrPhenotypicFeatureAssociation,knowledge_assertion,manual_agent,https://purl.humanatlas.io/vocab/hp
HGNC:16197,biolink:has_phenotype,HP:0000100,biolink:EntityToDiseaseOrPhenotypicFeatureAssociation,knowledge_assertion,manual_agent,https://purl.humanatlas.io/vocab/hp
HGNC:16197,biolink:has_phenotype,HP:0000112,biolink:EntityToDiseaseOrPhenotypicFeatureAssociation,knowledge_assertion,manual_agent,https://purl.humanatlas.io/vocab/hp
HGNC:16197,biolink:has_phenotype,HP:0001967,biolink:EntityToDiseaseOrPhenotypicFeatureAssociation,knowledge_assertion,manual_agent,https://purl.humanatlas.io/vocab/hp
HGNC:25151,biolink:has_phenotype,HP:0012408,biolink:EntityToDiseaseOrPhenotypicFeatureAssociation,knowledge_assertion,manual_agent,https://purl.humanatlas.io/vocab/hp
HGNC:24464,biolink:has_phenotype,HP:0000085,biolink:EntityToDiseaseOrPhenotypicFeatureAssociation,knowledge_assertion,manual_agent,https://purl.humanatlas.io/vocab/hp
HGNC:24464,biolink:has_phenotype,HP:0000126,biolink:EntityToDiseaseOrPhenotypicFeatureAssociation,knowledge_assertion,manual_agent,https://purl.humanatlas.io/vocab/hp
HGNC:24464,biolink:has_phenotype,HP:0000126,biolink:EntityToDiseaseOrPhenotypicFeatureAssociation,knowledge_assertion,manual_agent,https://purl.humanatlas.io/vocab/hp
HGNC:24464,biolink:has_phenotype,HP:0000100,biolink:EntityToDiseaseOrPhenotypicFeatureAssociation,knowledge_assertion,manual_agent,https://purl.humanatlas.io/vocab/hp
HGNC:24464,biolink:has_phenotype,HP:0000787,biolink:EntityToDiseaseOrPhenotypicFeatureAssociation,knowledge_assertion,manual_agent,https://purl.humanatlas.io/vocab/hp
HGNC:16405,biolink:has_phenotype,HP:0100817,biolink:EntityToDiseaseOrPhenotypicFeatureAssociation,knowledge_assertion,manual_agent,https://purl.humanatlas.io/vocab/hp
HGNC:16405,biolink:has_phenotype,HP:0000089,biolink:EntityToDiseaseOrPhenotypicFeatureAssociation,knowledge_assertion,manual_agent,https://purl.humanatlas.io/vocab/hp
HGNC:16405,biolink:has_phenotype,HP:0000083,biolink:EntityToDiseaseOrPhenotypicFeatureAssociation,knowledge_assertion,manual_agent,https://purl.humanatlas.io/vocab/hp
HGNC:16405,biolink:has_phenotype,HP:0000075,biolink:EntityToDiseaseOrPhenotypicFeatureAssociation,knowledge_assertion,manual_agent,https://purl.humanatlas.io/vocab/hp
HGNC:16405,biolink:has_phenotype,HP:0000121,biolink:EntityToDiseaseOrPhenotypicFeatureAssociation,knowledge_assertion,manual_agent,https://purl.humanatlas.io/vocab/hp
HGNC:16405,biolink:has_phenotype,HP:0000125,biolink:EntityToDiseaseOrPhenotypicFeatureAssociation,knowledge_assertion,manual_agent,https://purl.humanatlas.io/vocab/hp
HGNC:16405,biolink:has_phenotype,HP:0005562,biolink:EntityToDiseaseOrPhenotypicFeatureAssociation,knowledge_assertion,manual_agent,https://purl.humanatlas.io/vocab/hp
HGNC:16405,biolink:has_phenotype,HP:0001969,biolink:EntityToDiseaseOrPhenotypicFeatureAssociation,knowledge_assertion,manual_agent,https://purl.humanatlas.io/vocab/hp
HGNC:16405,biolink:has_phenotype,HP:0000787,biolink:EntityToDiseaseOrPhenotypicFeatureAssociation,knowledge_assertion,manual_agent,https://purl.humanatlas.io/vocab/hp
HGNC:16400,biolink:has_phenotype,HP:0000083,biolink:EntityToDiseaseOrPhenotypicFeatureAssociation,knowledge_assertion,manual_agent,https://purl.humanatlas.io/vocab/hp
HGNC:16400,biolink:has_phenotype,HP:0000100,biolink:EntityToDiseaseOrPhenotypicFeatureAssociation,knowledge_assertion,manual_agent,https://purl.humanatlas.io/vocab/hp
HGNC:16400,biolink:has_phenotype,HP:0000112,biolink:EntityToDiseaseOrPhenotypicFeatureAssociation,knowledge_assertion,manual_agent,https://purl.humanatlas.io/vocab/hp
HGNC:16400,biolink:has_phenotype,HP:0001917,biolink:EntityToDiseaseOrPhenotypicFeatureAssociation,knowledge_assertion,manual_agent,https://purl.humanatlas.io/vocab/hp
HGNC:16400,biolink:has_phenotype,HP:0001917,biolink:EntityToDiseaseOrPhenotypicFeatureAssociation,knowledge_assertion,manual_agent,https://purl.humanatlas.io/vocab/hp
HGNC:16400,biolink:has_phenotype,HP:0001917,biolink:EntityToDiseaseOrPhenotypicFeatureAssociation,knowledge_assertion,manual_agent,https://purl.humanatlas.io/vocab/hp
HGNC:14469,biolink:has_phenotype,HP:0000787,biolink:EntityToDiseaseOrPhenotypicFeatureAssociation,knowledge_assertion,manual_agent,https://purl.humanatlas.io/vocab/hp
HGNC:17989,biolink:has_phenotype,HP:0008651,biolink:EntityToDiseaseOrPhenotypicFeatureAssociation,knowledge_assertion,manual_agent,https://purl.humanatlas.io/vocab/hp
HGNC:17989,biolink:has_phenotype,HP:0008682,biolink:EntityToDiseaseOrPhenotypicFeatureAssociation,knowledge_assertion,manual_agent,https://purl.humanatlas.io/vocab/hp
HGNC:17989,biolink:has_phenotype,HP:0000091,biolink:EntityToDiseaseOrPhenotypicFeatureAssociation,knowledge_assertion,manual_agent,https://purl.humanatlas.io/vocab/hp
HGNC:17989,biolink:has_phenotype,HP:6000746,biolink:EntityToDiseaseOrPhenotypicFeatureAssociation,knowledge_assertion,manual_agent,https://purl.humanatlas.io/vocab/hp
HGNC:17989,biolink:has_phenotype,HP:0100520,biolink:EntityToDiseaseOrPhenotypicFeatureAssociation,knowledge_assertion,manual_agent,https://purl.humanatlas.io/vocab/hp
HGNC:17989,biolink:has_phenotype,HP:0033132,biolink:EntityToDiseaseOrPhenotypicFeatureAssociation,knowledge_assertion,manual_agent,https://purl.humanatlas.io/vocab/hp
HGNC:17989,biolink:has_phenotype,HP:0012622,biolink:EntityToDiseaseOrPhenotypicFeatureAssociation,knowledge_assertion,manual_agent,https://purl.humanatlas.io/vocab/hp
HGNC:17989,biolink:has_phenotype,HP:0001919,biolink:EntityToDiseaseOrPhenotypicFeatureAssociation,knowledge_assertion,manual_agent,https://purl.humanatlas.io/vocab/hp
HGNC:17989,biolink:has_phenotype,HP:0001919,biolink:EntityToDiseaseOrPhenotypicFeatureAssociation,knowledge_assertion,manual_agent,https://purl.humanatlas.io/vocab/hp
HGNC:17989,biolink:has_phenotype,HP:0000791,biolink:EntityToDiseaseOrPhenotypicFeatureAssociation,knowledge_assertion,manual_agent,https://purl.humanatlas.io/vocab/hp
HGNC:17989,biolink:has_phenotype,HP:0000790,biolink:EntityToDiseaseOrPhenotypicFeatureAssociation,knowledge_assertion,manual_agent,https://purl.humanatlas.io/vocab/hp
HGNC:17989,biolink:has_phenotype,HP:0012213,biolink:EntityToDiseaseOrPhenotypicFeatureAssociation,knowledge_assertion,manual_agent,https://purl.humanatlas.io/vocab/hp
HGNC:17989,biolink:has_phenotype,HP:0012211,biolink:EntityToDiseaseOrPhenotypicFeatureAssociation,knowledge_assertion,manual_agent,https://purl.humanatlas.io/vocab/hp
HGNC:29958,biolink:has_phenotype,HP:0000083,biolink:EntityToDiseaseOrPhenotypicFeatureAssociation,knowledge_assertion,manual_agent,https://purl.humanatlas.io/vocab/hp
HGNC:20087,biolink:has_phenotype,HP:0000085,biolink:EntityToDiseaseOrPhenotypicFeatureAssociation,knowledge_assertion,manual_agent,https://purl.humanatlas.io/vocab/hp
HGNC:20087,biolink:has_phenotype,HP:0000126,biolink:EntityToDiseaseOrPhenotypicFeatureAssociation,knowledge_assertion,manual_agent,https://purl.humanatlas.io/vocab/hp
HGNC:20087,biolink:has_phenotype,HP:0000100,biolink:EntityToDiseaseOrPhenotypicFeatureAssociation,knowledge_assertion,manual_agent,https://purl.humanatlas.io/vocab/hp
HGNC:20087,biolink:has_phenotype,HP:0000110,biolink:EntityToDiseaseOrPhenotypicFeatureAssociation,knowledge_assertion,manual_agent,https://purl.humanatlas.io/vocab/hp
HGNC:20087,biolink:has_phenotype,HP:0005562,biolink:EntityToDiseaseOrPhenotypicFeatureAssociation,knowledge_assertion,manual_agent,https://purl.humanatlas.io/vocab/hp
HGNC:20087,biolink:has_phenotype,HP:0012622,biolink:EntityToDiseaseOrPhenotypicFeatureAssociation,knowledge_assertion,manual_agent,https://purl.humanatlas.io/vocab/hp
HGNC:20371,biolink:has_phenotype,HP:0000114,biolink:EntityToDiseaseOrPhenotypicFeatureAssociation,knowledge_assertion,manual_agent,https://purl.humanatlas.io/vocab/hp
HGNC:26820,biolink:has_phenotype,HP:0000083,biolink:EntityToDiseaseOrPhenotypicFeatureAssociation,knowledge_assertion,manual_agent,https://purl.humanatlas.io/vocab/hp
HGNC:17978,biolink:has_phenotype,HP:0000126,biolink:EntityToDiseaseOrPhenotypicFeatureAssociation,knowledge_assertion,manual_agent,https://purl.humanatlas.io/vocab/hp
HGNC:17978,biolink:has_phenotype,HP:0009726,biolink:EntityToDiseaseOrPhenotypicFeatureAssociation,knowledge_assertion,manual_agent,https://purl.humanatlas.io/vocab/hp
HGNC:16133,biolink:has_phenotype,HP:0000126,biolink:EntityToDiseaseOrPhenotypicFeatureAssociation,knowledge_assertion,manual_agent,https://purl.humanatlas.io/vocab/hp
HGNC:16133,biolink:has_phenotype,HP:0100542,biolink:EntityToDiseaseOrPhenotypicFeatureAssociation,knowledge_assertion,manual_agent,https://purl.humanatlas.io/vocab/hp
HGNC:15836,biolink:has_phenotype,HP:0000122,biolink:EntityToDiseaseOrPhenotypicFeatureAssociation,knowledge_assertion,manual_agent,https://purl.humanatlas.io/vocab/hp
HGNC:15836,biolink:has_phenotype,HP:0000104,biolink:EntityToDiseaseOrPhenotypicFeatureAssociation,knowledge_assertion,manual_agent,https://purl.humanatlas.io/vocab/hp
HGNC:28648,biolink:has_phenotype,HP:0008643,biolink:EntityToDiseaseOrPhenotypicFeatureAssociation,knowledge_assertion,manual_agent,https://purl.humanatlas.io/vocab/hp
HGNC:28648,biolink:has_phenotype,HP:0100880,biolink:EntityToDiseaseOrPhenotypicFeatureAssociation,knowledge_assertion,manual_agent,https://purl.humanatlas.io/vocab/hp
HGNC:28648,biolink:has_phenotype,HP:0008696,biolink:EntityToDiseaseOrPhenotypicFeatureAssociation,knowledge_assertion,manual_agent,https://purl.humanatlas.io/vocab/hp
HGNC:28648,biolink:has_phenotype,HP:0000086,biolink:EntityToDiseaseOrPhenotypicFeatureAssociation,knowledge_assertion,manual_agent,https://purl.humanatlas.io/vocab/hp
HGNC:28648,biolink:has_phenotype,HP:0000085,biolink:EntityToDiseaseOrPhenotypicFeatureAssociation,knowledge_assertion,manual_agent,https://purl.humanatlas.io/vocab/hp
HGNC:28648,biolink:has_phenotype,HP:0002667,biolink:EntityToDiseaseOrPhenotypicFeatureAssociation,knowledge_assertion,manual_agent,https://purl.humanatlas.io/vocab/hp
HGNC:28648,biolink:has_phenotype,HP:0002667,biolink:EntityToDiseaseOrPhenotypicFeatureAssociation,knowledge_assertion,manual_agent,https://purl.humanatlas.io/vocab/hp
HGNC:28648,biolink:has_phenotype,HP:0002667,biolink:EntityToDiseaseOrPhenotypicFeatureAssociation,knowledge_assertion,manual_agent,https://purl.humanatlas.io/vocab/hp
HGNC:28648,biolink:has_phenotype,HP:0005580,biolink:EntityToDiseaseOrPhenotypicFeatureAssociation,knowledge_assertion,manual_agent,https://purl.humanatlas.io/vocab/hp
HGNC:28648,biolink:has_phenotype,HP:0002907,biolink:EntityToDiseaseOrPhenotypicFeatureAssociation,knowledge_assertion,manual_agent,https://purl.humanatlas.io/vocab/hp
HGNC:28648,biolink:has_phenotype,HP:0012587,biolink:EntityToDiseaseOrPhenotypicFeatureAssociation,knowledge_assertion,manual_agent,https://purl.humanatlas.io/vocab/hp
HGNC:970,biolink:has_phenotype,HP:0000085,biolink:EntityToDiseaseOrPhenotypicFeatureAssociation,knowledge_assertion,manual_agent,https://purl.humanatlas.io/vocab/hp
HGNC:970,biolink:has_phenotype,HP:0000126,biolink:EntityToDiseaseOrPhenotypicFeatureAssociation,knowledge_assertion,manual_agent,https://purl.humanatlas.io/vocab/hp
HGNC:970,biolink:has_phenotype,HP:0000100,biolink:EntityToDiseaseOrPhenotypicFeatureAssociation,knowledge_assertion,manual_agent,https://purl.humanatlas.io/vocab/hp
HGNC:970,biolink:has_phenotype,HP:0005562,biolink:EntityToDiseaseOrPhenotypicFeatureAssociation,knowledge_assertion,manual_agent,https://purl.humanatlas.io/vocab/hp
HGNC:970,biolink:has_phenotype,HP:0012622,biolink:EntityToDiseaseOrPhenotypicFeatureAssociation,knowledge_assertion,manual_agent,https://purl.humanatlas.io/vocab/hp
HGNC:18971,biolink:has_phenotype,HP:0000083,biolink:EntityToDiseaseOrPhenotypicFeatureAssociation,knowledge_assertion,manual_agent,https://purl.humanatlas.io/vocab/hp
HGNC:26406,biolink:has_phenotype,HP:0000085,biolink:EntityToDiseaseOrPhenotypicFeatureAssociation,knowledge_assertion,manual_agent,https://purl.humanatlas.io/vocab/hp
HGNC:26406,biolink:has_phenotype,HP:0000126,biolink:EntityToDiseaseOrPhenotypicFeatureAssociation,knowledge_assertion,manual_agent,https://purl.humanatlas.io/vocab/hp
HGNC:26406,biolink:has_phenotype,HP:0000100,biolink:EntityToDiseaseOrPhenotypicFeatureAssociation,knowledge_assertion,manual_agent,https://purl.humanatlas.io/vocab/hp
HGNC:26406,biolink:has_phenotype,HP:0005562,biolink:EntityToDiseaseOrPhenotypicFeatureAssociation,knowledge_assertion,manual_agent,https://purl.humanatlas.io/vocab/hp
HGNC:26406,biolink:has_phenotype,HP:0012622,biolink:EntityToDiseaseOrPhenotypicFeatureAssociation,knowledge_assertion,manual_agent,https://purl.humanatlas.io/vocab/hp
HGNC:19747,biolink:has_phenotype,HP:0008678,biolink:EntityToDiseaseOrPhenotypicFeatureAssociation,knowledge_assertion,manual_agent,https://purl.humanatlas.io/vocab/hp
HGNC:26404,biolink:has_phenotype,HP:0001947,biolink:EntityToDiseaseOrPhenotypicFeatureAssociation,knowledge_assertion,manual_agent,https://purl.humanatlas.io/vocab/hp
HGNC:27030,biolink:has_phenotype,HP:0000121,biolink:EntityToDiseaseOrPhenotypicFeatureAssociation,knowledge_assertion,manual_agent,https://purl.humanatlas.io/vocab/hp
HGNC:21685,biolink:has_phenotype,HP:0000790,biolink:EntityToDiseaseOrPhenotypicFeatureAssociation,knowledge_assertion,manual_agent,https://purl.humanatlas.io/vocab/hp
HGNC:23018,biolink:has_phenotype,HP:0100817,biolink:EntityToDiseaseOrPhenotypicFeatureAssociation,knowledge_assertion,manual_agent,https://purl.humanatlas.io/vocab/hp
HGNC:23018,biolink:has_phenotype,HP:0000089,biolink:EntityToDiseaseOrPhenotypicFeatureAssociation,knowledge_assertion,manual_agent,https://purl.humanatlas.io/vocab/hp
HGNC:23018,biolink:has_phenotype,HP:0000083,biolink:EntityToDiseaseOrPhenotypicFeatureAssociation,knowledge_assertion,manual_agent,https://purl.humanatlas.io/vocab/hp
HGNC:23018,biolink:has_phenotype,HP:0000075,biolink:EntityToDiseaseOrPhenotypicFeatureAssociation,knowledge_assertion,manual_agent,https://purl.humanatlas.io/vocab/hp
HGNC:23018,biolink:has_phenotype,HP:0000121,biolink:EntityToDiseaseOrPhenotypicFeatureAssociation,knowledge_assertion,manual_agent,https://purl.humanatlas.io/vocab/hp
HGNC:23018,biolink:has_phenotype,HP:0000125,biolink:EntityToDiseaseOrPhenotypicFeatureAssociation,knowledge_assertion,manual_agent,https://purl.humanatlas.io/vocab/hp
HGNC:23018,biolink:has_phenotype,HP:0005562,biolink:EntityToDiseaseOrPhenotypicFeatureAssociation,knowledge_assertion,manual_agent,https://purl.humanatlas.io/vocab/hp
HGNC:23018,biolink:has_phenotype,HP:0001969,biolink:EntityToDiseaseOrPhenotypicFeatureAssociation,knowledge_assertion,manual_agent,https://purl.humanatlas.io/vocab/hp
HGNC:23018,biolink:has_phenotype,HP:0000787,biolink:EntityToDiseaseOrPhenotypicFeatureAssociation,knowledge_assertion,manual_agent,https://purl.humanatlas.io/vocab/hp
HGNC:28625,biolink:has_phenotype,HP:0003774,biolink:EntityToDiseaseOrPhenotypicFeatureAssociation,knowledge_assertion,manual_agent,https://purl.humanatlas.io/vocab/hp
HGNC:28625,biolink:has_phenotype,HP:0003774,biolink:EntityToDiseaseOrPhenotypicFeatureAssociation,knowledge_assertion,manual_agent,https://purl.humanatlas.io/vocab/hp
HGNC:28625,biolink:has_phenotype,HP:0002049,biolink:EntityToDiseaseOrPhenotypicFeatureAssociation,knowledge_assertion,manual_agent,https://purl.humanatlas.io/vocab/hp
HGNC:28625,biolink:has_phenotype,HP:0004910,biolink:EntityToDiseaseOrPhenotypicFeatureAssociation,knowledge_assertion,manual_agent,https://purl.humanatlas.io/vocab/hp
HGNC:28625,biolink:has_phenotype,HP:0005576,biolink:EntityToDiseaseOrPhenotypicFeatureAssociation,knowledge_assertion,manual_agent,https://purl.humanatlas.io/vocab/hp
HGNC:28625,biolink:has_phenotype,HP:0012622,biolink:EntityToDiseaseOrPhenotypicFeatureAssociation,knowledge_assertion,manual_agent,https://purl.humanatlas.io/vocab/hp
HGNC:26837,biolink:has_phenotype,HP:0000003,biolink:EntityToDiseaseOrPhenotypicFeatureAssociation,knowledge_assertion,manual_agent,https://purl.humanatlas.io/vocab/hp
HGNC:23483,biolink:has_phenotype,HP:0000100,biolink:EntityToDiseaseOrPhenotypicFeatureAssociation,knowledge_assertion,manual_agent,https://purl.humanatlas.io/vocab/hp
HGNC:11018,biolink:has_phenotype,HP:0000110,biolink:EntityToDiseaseOrPhenotypicFeatureAssociation,knowledge_assertion,manual_agent,https://purl.humanatlas.io/vocab/hp
HGNC:20305,biolink:has_phenotype,HP:0000124,biolink:EntityToDiseaseOrPhenotypicFeatureAssociation,knowledge_assertion,manual_agent,https://purl.humanatlas.io/vocab/hp
HGNC:20305,biolink:has_phenotype,HP:0004724,biolink:EntityToDiseaseOrPhenotypicFeatureAssociation,knowledge_assertion,manual_agent,https://purl.humanatlas.io/vocab/hp
HGNC:20305,biolink:has_phenotype,HP:0000787,biolink:EntityToDiseaseOrPhenotypicFeatureAssociation,knowledge_assertion,manual_agent,https://purl.humanatlas.io/vocab/hp
HGNC:20305,biolink:has_phenotype,HP:0012408,biolink:EntityToDiseaseOrPhenotypicFeatureAssociation,knowledge_assertion,manual_agent,https://purl.humanatlas.io/vocab/hp
HGNC:26789,biolink:has_phenotype,HP:0000099,biolink:EntityToDiseaseOrPhenotypicFeatureAssociation,knowledge_assertion,manual_agent,https://purl.humanatlas.io/vocab/hp
HGNC:20207,biolink:has_phenotype,HP:0008678,biolink:EntityToDiseaseOrPhenotypicFeatureAssociation,knowledge_assertion,manual_agent,https://purl.humanatlas.io/vocab/hp
HGNC:20207,biolink:has_phenotype,HP:0000089,biolink:EntityToDiseaseOrPhenotypicFeatureAssociation,knowledge_assertion,manual_agent,https://purl.humanatlas.io/vocab/hp
HGNC:20207,biolink:has_phenotype,HP:0000075,biolink:EntityToDiseaseOrPhenotypicFeatureAssociation,knowledge_assertion,manual_agent,https://purl.humanatlas.io/vocab/hp
HGNC:20207,biolink:has_phenotype,HP:0000003,biolink:EntityToDiseaseOrPhenotypicFeatureAssociation,knowledge_assertion,manual_agent,https://purl.humanatlas.io/vocab/hp
HGNC:20207,biolink:has_phenotype,HP:0000126,biolink:EntityToDiseaseOrPhenotypicFeatureAssociation,knowledge_assertion,manual_agent,https://purl.humanatlas.io/vocab/hp
HGNC:20207,biolink:has_phenotype,HP:0000126,biolink:EntityToDiseaseOrPhenotypicFeatureAssociation,knowledge_assertion,manual_agent,https://purl.humanatlas.io/vocab/hp
HGNC:29426,biolink:has_phenotype,HP:0000086,biolink:EntityToDiseaseOrPhenotypicFeatureAssociation,knowledge_assertion,manual_agent,https://purl.humanatlas.io/vocab/hp
HGNC:29426,biolink:has_phenotype,HP:0000086,biolink:EntityToDiseaseOrPhenotypicFeatureAssociation,knowledge_assertion,manual_agent,https://purl.humanatlas.io/vocab/hp
HGNC:29426,biolink:has_phenotype,HP:0000085,biolink:EntityToDiseaseOrPhenotypicFeatureAssociation,knowledge_assertion,manual_agent,https://purl.humanatlas.io/vocab/hp
HGNC:29426,biolink:has_phenotype,HP:0000085,biolink:EntityToDiseaseOrPhenotypicFeatureAssociation,knowledge_assertion,manual_agent,https://purl.humanatlas.io/vocab/hp
HGNC:29426,biolink:has_phenotype,HP:0000126,biolink:EntityToDiseaseOrPhenotypicFeatureAssociation,knowledge_assertion,manual_agent,https://purl.humanatlas.io/vocab/hp
HGNC:10891,biolink:has_phenotype,HP:0008678,biolink:EntityToDiseaseOrPhenotypicFeatureAssociation,knowledge_assertion,manual_agent,https://purl.humanatlas.io/vocab/hp
HGNC:10891,biolink:has_phenotype,HP:0000083,biolink:EntityToDiseaseOrPhenotypicFeatureAssociation,knowledge_assertion,manual_agent,https://purl.humanatlas.io/vocab/hp
HGNC:10891,biolink:has_phenotype,HP:0000083,biolink:EntityToDiseaseOrPhenotypicFeatureAssociation,knowledge_assertion,manual_agent,https://purl.humanatlas.io/vocab/hp
HGNC:10891,biolink:has_phenotype,HP:0000003,biolink:EntityToDiseaseOrPhenotypicFeatureAssociation,knowledge_assertion,manual_agent,https://purl.humanatlas.io/vocab/hp
HGNC:10891,biolink:has_phenotype,HP:0000126,biolink:EntityToDiseaseOrPhenotypicFeatureAssociation,knowledge_assertion,manual_agent,https://purl.humanatlas.io/vocab/hp
HGNC:10891,biolink:has_phenotype,HP:0000110,biolink:EntityToDiseaseOrPhenotypicFeatureAssociation,knowledge_assertion,manual_agent,https://purl.humanatlas.io/vocab/hp
HGNC:10891,biolink:has_phenotype,HP:0100581,biolink:EntityToDiseaseOrPhenotypicFeatureAssociation,knowledge_assertion,manual_agent,https://purl.humanatlas.io/vocab/hp
HGNC:19100,biolink:has_phenotype,HP:0100820,biolink:EntityToDiseaseOrPhenotypicFeatureAssociation,knowledge_assertion,manual_agent,https://purl.humanatlas.io/vocab/hp
HGNC:19100,biolink:has_phenotype,HP:0000083,biolink:EntityToDiseaseOrPhenotypicFeatureAssociation,knowledge_assertion,manual_agent,https://purl.humanatlas.io/vocab/hp
HGNC:19100,biolink:has_phenotype,HP:0000099,biolink:EntityToDiseaseOrPhenotypicFeatureAssociation,knowledge_assertion,manual_agent,https://purl.humanatlas.io/vocab/hp
HGNC:2040,biolink:has_phenotype,HP:0003774,biolink:EntityToDiseaseOrPhenotypicFeatureAssociation,knowledge_assertion,manual_agent,https://purl.humanatlas.io/vocab/hp
HGNC:2040,biolink:has_phenotype,HP:0000121,biolink:EntityToDiseaseOrPhenotypicFeatureAssociation,knowledge_assertion,manual_agent,https://purl.humanatlas.io/vocab/hp
HGNC:2040,biolink:has_phenotype,HP:0000112,biolink:EntityToDiseaseOrPhenotypicFeatureAssociation,knowledge_assertion,manual_agent,https://purl.humanatlas.io/vocab/hp
HGNC:2040,biolink:has_phenotype,HP:0012622,biolink:EntityToDiseaseOrPhenotypicFeatureAssociation,knowledge_assertion,manual_agent,https://purl.humanatlas.io/vocab/hp
HGNC:2040,biolink:has_phenotype,HP:0000790,biolink:EntityToDiseaseOrPhenotypicFeatureAssociation,knowledge_assertion,manual_agent,https://purl.humanatlas.io/vocab/hp
HGNC:2040,biolink:has_phenotype,HP:0000787,biolink:EntityToDiseaseOrPhenotypicFeatureAssociation,knowledge_assertion,manual_agent,https://purl.humanatlas.io/vocab/hp
HGNC:2040,biolink:has_phenotype,HP:0000787,biolink:EntityToDiseaseOrPhenotypicFeatureAssociation,knowledge_assertion,manual_agent,https://purl.humanatlas.io/vocab/hp
HGNC:11142,biolink:has_phenotype,HP:0000110,biolink:EntityToDiseaseOrPhenotypicFeatureAssociation,knowledge_assertion,manual_agent,https://purl.humanatlas.io/vocab/hp
HGNC:24048,biolink:has_phenotype,HP:0000003,biolink:EntityToDiseaseOrPhenotypicFeatureAssociation,knowledge_assertion,manual_agent,https://purl.humanatlas.io/vocab/hp
HGNC:26321,biolink:has_phenotype,HP:0000083,biolink:EntityToDiseaseOrPhenotypicFeatureAssociation,knowledge_assertion,manual_agent,https://purl.humanatlas.io/vocab/hp
HGNC:18762,biolink:has_phenotype,HP:0008672,biolink:EntityToDiseaseOrPhenotypicFeatureAssociation,knowledge_assertion,manual_agent,https://purl.humanatlas.io/vocab/hp
HGNC:26690,biolink:has_phenotype,HP:0000089,biolink:EntityToDiseaseOrPhenotypicFeatureAssociation,knowledge_assertion,manual_agent,https://purl.humanatlas.io/vocab/hp
HGNC:26690,biolink:has_phenotype,HP:0000083,biolink:EntityToDiseaseOrPhenotypicFeatureAssociation,knowledge_assertion,manual_agent,https://purl.humanatlas.io/vocab/hp
HGNC:26690,biolink:has_phenotype,HP:0000090,biolink:EntityToDiseaseOrPhenotypicFeatureAssociation,knowledge_assertion,manual_agent,https://purl.humanatlas.io/vocab/hp
HGNC:26690,biolink:has_phenotype,HP:0000112,biolink:EntityToDiseaseOrPhenotypicFeatureAssociation,knowledge_assertion,manual_agent,https://purl.humanatlas.io/vocab/hp
HGNC:26690,biolink:has_phenotype,HP:0000107,biolink:EntityToDiseaseOrPhenotypicFeatureAssociation,knowledge_assertion,manual_agent,https://purl.humanatlas.io/vocab/hp
HGNC:25239,biolink:has_phenotype,HP:0000787,biolink:EntityToDiseaseOrPhenotypicFeatureAssociation,knowledge_assertion,manual_agent,https://purl.humanatlas.io/vocab/hp
HGNC:19068,biolink:has_phenotype,HP:0100817,biolink:EntityToDiseaseOrPhenotypicFeatureAssociation,knowledge_assertion,manual_agent,https://purl.humanatlas.io/vocab/hp
HGNC:19068,biolink:has_phenotype,HP:0000089,biolink:EntityToDiseaseOrPhenotypicFeatureAssociation,knowledge_assertion,manual_agent,https://purl.humanatlas.io/vocab/hp
HGNC:19068,biolink:has_phenotype,HP:0000083,biolink:EntityToDiseaseOrPhenotypicFeatureAssociation,knowledge_assertion,manual_agent,https://purl.humanatlas.io/vocab/hp
HGNC:19068,biolink:has_phenotype,HP:0000075,biolink:EntityToDiseaseOrPhenotypicFeatureAssociation,knowledge_assertion,manual_agent,https://purl.humanatlas.io/vocab/hp
HGNC:19068,biolink:has_phenotype,HP:0000121,biolink:EntityToDiseaseOrPhenotypicFeatureAssociation,knowledge_assertion,manual_agent,https://purl.humanatlas.io/vocab/hp
HGNC:19068,biolink:has_phenotype,HP:0000125,biolink:EntityToDiseaseOrPhenotypicFeatureAssociation,knowledge_assertion,manual_agent,https://purl.humanatlas.io/vocab/hp
HGNC:19068,biolink:has_phenotype,HP:0005562,biolink:EntityToDiseaseOrPhenotypicFeatureAssociation,knowledge_assertion,manual_agent,https://purl.humanatlas.io/vocab/hp
HGNC:19068,biolink:has_phenotype,HP:0001969,biolink:EntityToDiseaseOrPhenotypicFeatureAssociation,knowledge_assertion,manual_agent,https://purl.humanatlas.io/vocab/hp
HGNC:19068,biolink:has_phenotype,HP:0000787,biolink:EntityToDiseaseOrPhenotypicFeatureAssociation,knowledge_assertion,manual_agent,https://purl.humanatlas.io/vocab/hp
HGNC:18287,biolink:has_phenotype,HP:0100817,biolink:EntityToDiseaseOrPhenotypicFeatureAssociation,knowledge_assertion,manual_agent,https://purl.humanatlas.io/vocab/hp
HGNC:18287,biolink:has_phenotype,HP:0000089,biolink:EntityToDiseaseOrPhenotypicFeatureAssociation,knowledge_assertion,manual_agent,https://purl.humanatlas.io/vocab/hp
HGNC:18287,biolink:has_phenotype,HP:0000083,biolink:EntityToDiseaseOrPhenotypicFeatureAssociation,knowledge_assertion,manual_agent,https://purl.humanatlas.io/vocab/hp
HGNC:18287,biolink:has_phenotype,HP:0000075,biolink:EntityToDiseaseOrPhenotypicFeatureAssociation,knowledge_assertion,manual_agent,https://purl.humanatlas.io/vocab/hp
HGNC:18287,biolink:has_phenotype,HP:0000121,biolink:EntityToDiseaseOrPhenotypicFeatureAssociation,knowledge_assertion,manual_agent,https://purl.humanatlas.io/vocab/hp
HGNC:18287,biolink:has_phenotype,HP:0000125,biolink:EntityToDiseaseOrPhenotypicFeatureAssociation,knowledge_assertion,manual_agent,https://purl.humanatlas.io/vocab/hp
HGNC:18287,biolink:has_phenotype,HP:0005562,biolink:EntityToDiseaseOrPhenotypicFeatureAssociation,knowledge_assertion,manual_agent,https://purl.humanatlas.io/vocab/hp
HGNC:18287,biolink:has_phenotype,HP:0001969,biolink:EntityToDiseaseOrPhenotypicFeatureAssociation,knowledge_assertion,manual_agent,https://purl.humanatlas.io/vocab/hp
HGNC:18287,biolink:has_phenotype,HP:0000787,biolink:EntityToDiseaseOrPhenotypicFeatureAssociation,knowledge_assertion,manual_agent,https://purl.humanatlas.io/vocab/hp
HGNC:27230,biolink:has_phenotype,HP:0000085,biolink:EntityToDiseaseOrPhenotypicFeatureAssociation,knowledge_assertion,manual_agent,https://purl.humanatlas.io/vocab/hp
HGNC:27230,biolink:has_phenotype,HP:0000085,biolink:EntityToDiseaseOrPhenotypicFeatureAssociation,knowledge_assertion,manual_agent,https://purl.humanatlas.io/vocab/hp
HGNC:27230,biolink:has_phenotype,HP:0000085,biolink:EntityToDiseaseOrPhenotypicFeatureAssociation,knowledge_assertion,manual_agent,https://purl.humanatlas.io/vocab/hp
HGNC:27230,biolink:has_phenotype,HP:0000113,biolink:EntityToDiseaseOrPhenotypicFeatureAssociation,knowledge_assertion,manual_agent,https://purl.humanatlas.io/vocab/hp
HGNC:27230,biolink:has_phenotype,HP:0000113,biolink:EntityToDiseaseOrPhenotypicFeatureAssociation,knowledge_assertion,manual_agent,https://purl.humanatlas.io/vocab/hp
HGNC:27232,biolink:has_phenotype,HP:0000085,biolink:EntityToDiseaseOrPhenotypicFeatureAssociation,knowledge_assertion,manual_agent,https://purl.humanatlas.io/vocab/hp
HGNC:27232,biolink:has_phenotype,HP:0000085,biolink:EntityToDiseaseOrPhenotypicFeatureAssociation,knowledge_assertion,manual_agent,https://purl.humanatlas.io/vocab/hp
HGNC:27232,biolink:has_phenotype,HP:0000126,biolink:EntityToDiseaseOrPhenotypicFeatureAssociation,knowledge_assertion,manual_agent,https://purl.humanatlas.io/vocab/hp
HGNC:27232,biolink:has_phenotype,HP:0000100,biolink:EntityToDiseaseOrPhenotypicFeatureAssociation,knowledge_assertion,manual_agent,https://purl.humanatlas.io/vocab/hp
HGNC:27232,biolink:has_phenotype,HP:0005562,biolink:EntityToDiseaseOrPhenotypicFeatureAssociation,knowledge_assertion,manual_agent,https://purl.humanatlas.io/vocab/hp
HGNC:27232,biolink:has_phenotype,HP:0012622,biolink:EntityToDiseaseOrPhenotypicFeatureAssociation,knowledge_assertion,manual_agent,https://purl.humanatlas.io/vocab/hp
HGNC:23399,biolink:has_phenotype,HP:0000122,biolink:EntityToDiseaseOrPhenotypicFeatureAssociation,knowledge_assertion,manual_agent,https://purl.humanatlas.io/vocab/hp
HGNC:23399,biolink:has_phenotype,HP:0000104,biolink:EntityToDiseaseOrPhenotypicFeatureAssociation,knowledge_assertion,manual_agent,https://purl.humanatlas.io/vocab/hp
HGNC:23399,biolink:has_phenotype,HP:0000104,biolink:EntityToDiseaseOrPhenotypicFeatureAssociation,knowledge_assertion,manual_agent,https://purl.humanatlas.io/vocab/hp
HGNC:20249,biolink:has_phenotype,HP:0002667,biolink:EntityToDiseaseOrPhenotypicFeatureAssociation,knowledge_assertion,manual_agent,https://purl.humanatlas.io/vocab/hp
HGNC:20249,biolink:has_phenotype,HP:0000787,biolink:EntityToDiseaseOrPhenotypicFeatureAssociation,knowledge_assertion,manual_agent,https://purl.humanatlas.io/vocab/hp
HGNC:25403,biolink:has_phenotype,HP:0000122,biolink:EntityToDiseaseOrPhenotypicFeatureAssociation,knowledge_assertion,manual_agent,https://purl.humanatlas.io/vocab/hp
HGNC:26648,biolink:has_phenotype,HP:0000085,biolink:EntityToDiseaseOrPhenotypicFeatureAssociation,knowledge_assertion,manual_agent,https://purl.humanatlas.io/vocab/hp
HGNC:26648,biolink:has_phenotype,HP:0000126,biolink:EntityToDiseaseOrPhenotypicFeatureAssociation,knowledge_assertion,manual_agent,https://purl.humanatlas.io/vocab/hp
HGNC:26648,biolink:has_phenotype,HP:0000126,biolink:EntityToDiseaseOrPhenotypicFeatureAssociation,knowledge_assertion,manual_agent,https://purl.humanatlas.io/vocab/hp
HGNC:26648,biolink:has_phenotype,HP:0000100,biolink:EntityToDiseaseOrPhenotypicFeatureAssociation,knowledge_assertion,manual_agent,https://purl.humanatlas.io/vocab/hp
HGNC:26648,biolink:has_phenotype,HP:0005562,biolink:EntityToDiseaseOrPhenotypicFeatureAssociation,knowledge_assertion,manual_agent,https://purl.humanatlas.io/vocab/hp
HGNC:26648,biolink:has_phenotype,HP:0012622,biolink:EntityToDiseaseOrPhenotypicFeatureAssociation,knowledge_assertion,manual_agent,https://purl.humanatlas.io/vocab/hp
HGNC:26648,biolink:has_phenotype,HP:0000800,biolink:EntityToDiseaseOrPhenotypicFeatureAssociation,knowledge_assertion,manual_agent,https://purl.humanatlas.io/vocab/hp
HGNC:24154,biolink:has_phenotype,HP:0008643,biolink:EntityToDiseaseOrPhenotypicFeatureAssociation,knowledge_assertion,manual_agent,https://purl.humanatlas.io/vocab/hp
HGNC:24154,biolink:has_phenotype,HP:0100880,biolink:EntityToDiseaseOrPhenotypicFeatureAssociation,knowledge_assertion,manual_agent,https://purl.humanatlas.io/vocab/hp
HGNC:24154,biolink:has_phenotype,HP:0000085,biolink:EntityToDiseaseOrPhenotypicFeatureAssociation,knowledge_assertion,manual_agent,https://purl.humanatlas.io/vocab/hp
HGNC:24154,biolink:has_phenotype,HP:0000105,biolink:EntityToDiseaseOrPhenotypicFeatureAssociation,knowledge_assertion,manual_agent,https://purl.humanatlas.io/vocab/hp
HGNC:24154,biolink:has_phenotype,HP:0005562,biolink:EntityToDiseaseOrPhenotypicFeatureAssociation,knowledge_assertion,manual_agent,https://purl.humanatlas.io/vocab/hp
HGNC:24154,biolink:has_phenotype,HP:0000800,biolink:EntityToDiseaseOrPhenotypicFeatureAssociation,knowledge_assertion,manual_agent,https://purl.humanatlas.io/vocab/hp
HGNC:28510,biolink:has_phenotype,HP:0000113,biolink:EntityToDiseaseOrPhenotypicFeatureAssociation,knowledge_assertion,manual_agent,https://purl.humanatlas.io/vocab/hp
HGNC:28510,biolink:has_phenotype,HP:0000107,biolink:EntityToDiseaseOrPhenotypicFeatureAssociation,knowledge_assertion,manual_agent,https://purl.humanatlas.io/vocab/hp
HGNC:18060,biolink:has_phenotype,HP:0008678,biolink:EntityToDiseaseOrPhenotypicFeatureAssociation,knowledge_assertion,manual_agent,https://purl.humanatlas.io/vocab/hp
HGNC:18060,biolink:has_phenotype,HP:0000110,biolink:EntityToDiseaseOrPhenotypicFeatureAssociation,knowledge_assertion,manual_agent,https://purl.humanatlas.io/vocab/hp
HGNC:18060,biolink:has_phenotype,HP:0000110,biolink:EntityToDiseaseOrPhenotypicFeatureAssociation,knowledge_assertion,manual_agent,https://purl.humanatlas.io/vocab/hp
HGNC:18060,biolink:has_phenotype,HP:0000110,biolink:EntityToDiseaseOrPhenotypicFeatureAssociation,knowledge_assertion,manual_agent,https://purl.humanatlas.io/vocab/hp
HGNC:18318,biolink:has_phenotype,HP:0002667,biolink:EntityToDiseaseOrPhenotypicFeatureAssociation,knowledge_assertion,manual_agent,https://purl.humanatlas.io/vocab/hp
HGNC:18037,biolink:has_phenotype,HP:0000085,biolink:EntityToDiseaseOrPhenotypicFeatureAssociation,knowledge_assertion,manual_agent,https://purl.humanatlas.io/vocab/hp
HGNC:16808,biolink:has_phenotype,HP:0000126,biolink:EntityToDiseaseOrPhenotypicFeatureAssociation,knowledge_assertion,manual_agent,https://purl.humanatlas.io/vocab/hp
HGNC:16808,biolink:has_phenotype,HP:0000126,biolink:EntityToDiseaseOrPhenotypicFeatureAssociation,knowledge_assertion,manual_agent,https://purl.humanatlas.io/vocab/hp
HGNC:26551,biolink:has_phenotype,HP:0003774,biolink:EntityToDiseaseOrPhenotypicFeatureAssociation,knowledge_assertion,manual_agent,https://purl.humanatlas.io/vocab/hp
HGNC:26551,biolink:has_phenotype,HP:0003774,biolink:EntityToDiseaseOrPhenotypicFeatureAssociation,knowledge_assertion,manual_agent,https://purl.humanatlas.io/vocab/hp
HGNC:26551,biolink:has_phenotype,HP:0000083,biolink:EntityToDiseaseOrPhenotypicFeatureAssociation,knowledge_assertion,manual_agent,https://purl.humanatlas.io/vocab/hp
HGNC:26551,biolink:has_phenotype,HP:0000113,biolink:EntityToDiseaseOrPhenotypicFeatureAssociation,knowledge_assertion,manual_agent,https://purl.humanatlas.io/vocab/hp
HGNC:26551,biolink:has_phenotype,HP:0000113,biolink:EntityToDiseaseOrPhenotypicFeatureAssociation,knowledge_assertion,manual_agent,https://purl.humanatlas.io/vocab/hp
HGNC:26551,biolink:has_phenotype,HP:0000105,biolink:EntityToDiseaseOrPhenotypicFeatureAssociation,knowledge_assertion,manual_agent,https://purl.humanatlas.io/vocab/hp
HGNC:26551,biolink:has_phenotype,HP:0000105,biolink:EntityToDiseaseOrPhenotypicFeatureAssociation,knowledge_assertion,manual_agent,https://purl.humanatlas.io/vocab/hp
HGNC:26551,biolink:has_phenotype,HP:0100520,biolink:EntityToDiseaseOrPhenotypicFeatureAssociation,knowledge_assertion,manual_agent,https://purl.humanatlas.io/vocab/hp
HGNC:26551,biolink:has_phenotype,HP:0004719,biolink:EntityToDiseaseOrPhenotypicFeatureAssociation,knowledge_assertion,manual_agent,https://purl.humanatlas.io/vocab/hp
HGNC:26551,biolink:has_phenotype,HP:0005565,biolink:EntityToDiseaseOrPhenotypicFeatureAssociation,knowledge_assertion,manual_agent,https://purl.humanatlas.io/vocab/hp
HGNC:26551,biolink:has_phenotype,HP:0005565,biolink:EntityToDiseaseOrPhenotypicFeatureAssociation,knowledge_assertion,manual_agent,https://purl.humanatlas.io/vocab/hp
HGNC:26551,biolink:has_phenotype,HP:0001919,biolink:EntityToDiseaseOrPhenotypicFeatureAssociation,knowledge_assertion,manual_agent,https://purl.humanatlas.io/vocab/hp
HGNC:17722,biolink:has_phenotype,HP:0010946,biolink:EntityToDiseaseOrPhenotypicFeatureAssociation,knowledge_assertion,manual_agent,https://purl.humanatlas.io/vocab/hp
HGNC:27310,biolink:has_phenotype,HP:0000107,biolink:EntityToDiseaseOrPhenotypicFeatureAssociation,knowledge_assertion,manual_agent,https://purl.humanatlas.io/vocab/hp
HGNC:27310,biolink:has_phenotype,HP:0009726,biolink:EntityToDiseaseOrPhenotypicFeatureAssociation,knowledge_assertion,manual_agent,https://purl.humanatlas.io/vocab/hp
HGNC:27310,biolink:has_phenotype,HP:0005584,biolink:EntityToDiseaseOrPhenotypicFeatureAssociation,knowledge_assertion,manual_agent,https://purl.humanatlas.io/vocab/hp
HGNC:27310,biolink:has_phenotype,HP:0005584,biolink:EntityToDiseaseOrPhenotypicFeatureAssociation,knowledge_assertion,manual_agent,https://purl.humanatlas.io/vocab/hp
HGNC:27310,biolink:has_phenotype,HP:0005584,biolink:EntityToDiseaseOrPhenotypicFeatureAssociation,knowledge_assertion,manual_agent,https://purl.humanatlas.io/vocab/hp
HGNC:27310,biolink:has_phenotype,HP:0005584,biolink:EntityToDiseaseOrPhenotypicFeatureAssociation,knowledge_assertion,manual_agent,https://purl.humanatlas.io/vocab/hp
HGNC:27310,biolink:has_phenotype,HP:0012210,biolink:EntityToDiseaseOrPhenotypicFeatureAssociation,knowledge_assertion,manual_agent,https://purl.humanatlas.io/vocab/hp
HGNC:23147,biolink:has_phenotype,HP:0012211,biolink:EntityToDiseaseOrPhenotypicFeatureAssociation,knowledge_assertion,manual_agent,https://purl.humanatlas.io/vocab/hp
HGNC:26887,biolink:has_phenotype,HP:0000126,biolink:EntityToDiseaseOrPhenotypicFeatureAssociation,knowledge_assertion,manual_agent,https://purl.humanatlas.io/vocab/hp
HGNC:26724,biolink:has_phenotype,HP:0003774,biolink:EntityToDiseaseOrPhenotypicFeatureAssociation,knowledge_assertion,manual_agent,https://purl.humanatlas.io/vocab/hp
HGNC:26724,biolink:has_phenotype,HP:0000083,biolink:EntityToDiseaseOrPhenotypicFeatureAssociation,knowledge_assertion,manual_agent,https://purl.humanatlas.io/vocab/hp
HGNC:26724,biolink:has_phenotype,HP:0000090,biolink:EntityToDiseaseOrPhenotypicFeatureAssociation,knowledge_assertion,manual_agent,https://purl.humanatlas.io/vocab/hp
HGNC:26724,biolink:has_phenotype,HP:0000113,biolink:EntityToDiseaseOrPhenotypicFeatureAssociation,knowledge_assertion,manual_agent,https://purl.humanatlas.io/vocab/hp
HGNC:26724,biolink:has_phenotype,HP:0000105,biolink:EntityToDiseaseOrPhenotypicFeatureAssociation,knowledge_assertion,manual_agent,https://purl.humanatlas.io/vocab/hp
HGNC:30494,biolink:has_phenotype,HP:0005584,biolink:EntityToDiseaseOrPhenotypicFeatureAssociation,knowledge_assertion,manual_agent,https://purl.humanatlas.io/vocab/hp
HGNC:23508,biolink:has_phenotype,HP:0000083,biolink:EntityToDiseaseOrPhenotypicFeatureAssociation,knowledge_assertion,manual_agent,https://purl.humanatlas.io/vocab/hp
HGNC:23508,biolink:has_phenotype,HP:0012622,biolink:EntityToDiseaseOrPhenotypicFeatureAssociation,knowledge_assertion,manual_agent,https://purl.humanatlas.io/vocab/hp
HGNC:23508,biolink:has_phenotype,HP:0001919,biolink:EntityToDiseaseOrPhenotypicFeatureAssociation,knowledge_assertion,manual_agent,https://purl.humanatlas.io/vocab/hp
HGNC:26558,biolink:has_phenotype,HP:0000126,biolink:EntityToDiseaseOrPhenotypicFeatureAssociation,knowledge_assertion,manual_agent,https://purl.humanatlas.io/vocab/hp
HGNC:27344,biolink:has_phenotype,HP:0000113,biolink:EntityToDiseaseOrPhenotypicFeatureAssociation,knowledge_assertion,manual_agent,https://purl.humanatlas.io/vocab/hp
HGNC:12313,biolink:has_phenotype,HP:0000089,biolink:EntityToDiseaseOrPhenotypicFeatureAssociation,knowledge_assertion,manual_agent,https://purl.humanatlas.io/vocab/hp
HGNC:12313,biolink:has_phenotype,HP:0000113,biolink:EntityToDiseaseOrPhenotypicFeatureAssociation,knowledge_assertion,manual_agent,https://purl.humanatlas.io/vocab/hp
HGNC:12313,biolink:has_phenotype,HP:0005562,biolink:EntityToDiseaseOrPhenotypicFeatureAssociation,knowledge_assertion,manual_agent,https://purl.humanatlas.io/vocab/hp
HGNC:28917,biolink:has_phenotype,HP:0033726,biolink:EntityToDiseaseOrPhenotypicFeatureAssociation,knowledge_assertion,manual_agent,https://purl.humanatlas.io/vocab/hp
HGNC:28917,biolink:has_phenotype,HP:0000790,biolink:EntityToDiseaseOrPhenotypicFeatureAssociation,knowledge_assertion,manual_agent,https://purl.humanatlas.io/vocab/hp
HGNC:19087,biolink:has_phenotype,HP:0000085,biolink:EntityToDiseaseOrPhenotypicFeatureAssociation,knowledge_assertion,manual_agent,https://purl.humanatlas.io/vocab/hp
HGNC:19087,biolink:has_phenotype,HP:0001919,biolink:EntityToDiseaseOrPhenotypicFeatureAssociation,knowledge_assertion,manual_agent,https://purl.humanatlas.io/vocab/hp
HGNC:19429,biolink:has_phenotype,HP:0003774,biolink:EntityToDiseaseOrPhenotypicFeatureAssociation,knowledge_assertion,manual_agent,https://purl.humanatlas.io/vocab/hp
HGNC:19429,biolink:has_phenotype,HP:0000083,biolink:EntityToDiseaseOrPhenotypicFeatureAssociation,knowledge_assertion,manual_agent,https://purl.humanatlas.io/vocab/hp
HGNC:19429,biolink:has_phenotype,HP:0032417,biolink:EntityToDiseaseOrPhenotypicFeatureAssociation,knowledge_assertion,manual_agent,https://purl.humanatlas.io/vocab/hp
HGNC:19429,biolink:has_phenotype,HP:0032622,biolink:EntityToDiseaseOrPhenotypicFeatureAssociation,knowledge_assertion,manual_agent,https://purl.humanatlas.io/vocab/hp
HGNC:19429,biolink:has_phenotype,HP:0000103,biolink:EntityToDiseaseOrPhenotypicFeatureAssociation,knowledge_assertion,manual_agent,https://purl.humanatlas.io/vocab/hp
HGNC:20001,biolink:has_phenotype,HP:0001920,biolink:EntityToDiseaseOrPhenotypicFeatureAssociation,knowledge_assertion,manual_agent,https://purl.humanatlas.io/vocab/hp
HGNC:20001,biolink:has_phenotype,HP:0000799,biolink:EntityToDiseaseOrPhenotypicFeatureAssociation,knowledge_assertion,manual_agent,https://purl.humanatlas.io/vocab/hp
HGNC:19048,biolink:has_phenotype,HP:0000122,biolink:EntityToDiseaseOrPhenotypicFeatureAssociation,knowledge_assertion,manual_agent,https://purl.humanatlas.io/vocab/hp
HGNC:19104,biolink:has_phenotype,HP:0003774,biolink:EntityToDiseaseOrPhenotypicFeatureAssociation,knowledge_assertion,manual_agent,https://purl.humanatlas.io/vocab/hp
HGNC:19104,biolink:has_phenotype,HP:0003774,biolink:EntityToDiseaseOrPhenotypicFeatureAssociation,knowledge_assertion,manual_agent,https://purl.humanatlas.io/vocab/hp
HGNC:19104,biolink:has_phenotype,HP:0003774,biolink:EntityToDiseaseOrPhenotypicFeatureAssociation,knowledge_assertion,manual_agent,https://purl.humanatlas.io/vocab/hp
HGNC:19104,biolink:has_phenotype,HP:0000090,biolink:EntityToDiseaseOrPhenotypicFeatureAssociation,knowledge_assertion,manual_agent,https://purl.humanatlas.io/vocab/hp
HGNC:19104,biolink:has_phenotype,HP:0000090,biolink:EntityToDiseaseOrPhenotypicFeatureAssociation,knowledge_assertion,manual_agent,https://purl.humanatlas.io/vocab/hp
HGNC:19104,biolink:has_phenotype,HP:0000090,biolink:EntityToDiseaseOrPhenotypicFeatureAssociation,knowledge_assertion,manual_agent,https://purl.humanatlas.io/vocab/hp
HGNC:19104,biolink:has_phenotype,HP:0000092,biolink:EntityToDiseaseOrPhenotypicFeatureAssociation,knowledge_assertion,manual_agent,https://purl.humanatlas.io/vocab/hp
HGNC:19104,biolink:has_phenotype,HP:0000108,biolink:EntityToDiseaseOrPhenotypicFeatureAssociation,knowledge_assertion,manual_agent,https://purl.humanatlas.io/vocab/hp
HGNC:19104,biolink:has_phenotype,HP:0000103,biolink:EntityToDiseaseOrPhenotypicFeatureAssociation,knowledge_assertion,manual_agent,https://purl.humanatlas.io/vocab/hp
HGNC:19104,biolink:has_phenotype,HP:0000103,biolink:EntityToDiseaseOrPhenotypicFeatureAssociation,knowledge_assertion,manual_agent,https://purl.humanatlas.io/vocab/hp
HGNC:19104,biolink:has_phenotype,HP:0005576,biolink:EntityToDiseaseOrPhenotypicFeatureAssociation,knowledge_assertion,manual_agent,https://purl.humanatlas.io/vocab/hp
HGNC:19104,biolink:has_phenotype,HP:0012622,biolink:EntityToDiseaseOrPhenotypicFeatureAssociation,knowledge_assertion,manual_agent,https://purl.humanatlas.io/vocab/hp
HGNC:4713,biolink:has_phenotype,HP:0000086,biolink:EntityToDiseaseOrPhenotypicFeatureAssociation,knowledge_assertion,manual_agent,https://purl.humanatlas.io/vocab/hp
HGNC:4713,biolink:has_phenotype,HP:0000085,biolink:EntityToDiseaseOrPhenotypicFeatureAssociation,knowledge_assertion,manual_agent,https://purl.humanatlas.io/vocab/hp
HGNC:4713,biolink:has_phenotype,HP:0002667,biolink:EntityToDiseaseOrPhenotypicFeatureAssociation,knowledge_assertion,manual_agent,https://purl.humanatlas.io/vocab/hp
HGNC:4713,biolink:has_phenotype,HP:0002667,biolink:EntityToDiseaseOrPhenotypicFeatureAssociation,knowledge_assertion,manual_agent,https://purl.humanatlas.io/vocab/hp
HGNC:4713,biolink:has_phenotype,HP:0002667,biolink:EntityToDiseaseOrPhenotypicFeatureAssociation,knowledge_assertion,manual_agent,https://purl.humanatlas.io/vocab/hp
HGNC:4713,biolink:has_phenotype,HP:0002667,biolink:EntityToDiseaseOrPhenotypicFeatureAssociation,knowledge_assertion,manual_agent,https://purl.humanatlas.io/vocab/hp
HGNC:4713,biolink:has_phenotype,HP:0000121,biolink:EntityToDiseaseOrPhenotypicFeatureAssociation,knowledge_assertion,manual_agent,https://purl.humanatlas.io/vocab/hp
HGNC:4713,biolink:has_phenotype,HP:0000105,biolink:EntityToDiseaseOrPhenotypicFeatureAssociation,knowledge_assertion,manual_agent,https://purl.humanatlas.io/vocab/hp
HGNC:4713,biolink:has_phenotype,HP:0005580,biolink:EntityToDiseaseOrPhenotypicFeatureAssociation,knowledge_assertion,manual_agent,https://purl.humanatlas.io/vocab/hp
HGNC:4713,biolink:has_phenotype,HP:0000803,biolink:EntityToDiseaseOrPhenotypicFeatureAssociation,knowledge_assertion,manual_agent,https://purl.humanatlas.io/vocab/hp
HGNC:4713,biolink:has_phenotype,HP:0000787,biolink:EntityToDiseaseOrPhenotypicFeatureAssociation,knowledge_assertion,manual_agent,https://purl.humanatlas.io/vocab/hp
HGNC:4713,biolink:has_phenotype,HP:0002907,biolink:EntityToDiseaseOrPhenotypicFeatureAssociation,knowledge_assertion,manual_agent,https://purl.humanatlas.io/vocab/hp
HGNC:4713,biolink:has_phenotype,HP:0012587,biolink:EntityToDiseaseOrPhenotypicFeatureAssociation,knowledge_assertion,manual_agent,https://purl.humanatlas.io/vocab/hp
HGNC:24565,biolink:has_phenotype,HP:0010945,biolink:EntityToDiseaseOrPhenotypicFeatureAssociation,knowledge_assertion,manual_agent,https://purl.humanatlas.io/vocab/hp
HGNC:24565,biolink:has_phenotype,HP:0010945,biolink:EntityToDiseaseOrPhenotypicFeatureAssociation,knowledge_assertion,manual_agent,https://purl.humanatlas.io/vocab/hp
HGNC:24565,biolink:has_phenotype,HP:0000075,biolink:EntityToDiseaseOrPhenotypicFeatureAssociation,knowledge_assertion,manual_agent,https://purl.humanatlas.io/vocab/hp
HGNC:24565,biolink:has_phenotype,HP:0000075,biolink:EntityToDiseaseOrPhenotypicFeatureAssociation,knowledge_assertion,manual_agent,https://purl.humanatlas.io/vocab/hp
HGNC:24565,biolink:has_phenotype,HP:0000126,biolink:EntityToDiseaseOrPhenotypicFeatureAssociation,knowledge_assertion,manual_agent,https://purl.humanatlas.io/vocab/hp
HGNC:24565,biolink:has_phenotype,HP:0000126,biolink:EntityToDiseaseOrPhenotypicFeatureAssociation,knowledge_assertion,manual_agent,https://purl.humanatlas.io/vocab/hp
HGNC:24565,biolink:has_phenotype,HP:0000126,biolink:EntityToDiseaseOrPhenotypicFeatureAssociation,knowledge_assertion,manual_agent,https://purl.humanatlas.io/vocab/hp
HGNC:13387,biolink:has_phenotype,HP:0003774,biolink:EntityToDiseaseOrPhenotypicFeatureAssociation,knowledge_assertion,manual_agent,https://purl.humanatlas.io/vocab/hp
HGNC:13387,biolink:has_phenotype,HP:0003774,biolink:EntityToDiseaseOrPhenotypicFeatureAssociation,knowledge_assertion,manual_agent,https://purl.humanatlas.io/vocab/hp
HGNC:13387,biolink:has_phenotype,HP:0003774,biolink:EntityToDiseaseOrPhenotypicFeatureAssociation,knowledge_assertion,manual_agent,https://purl.humanatlas.io/vocab/hp
HGNC:13387,biolink:has_phenotype,HP:0008672,biolink:EntityToDiseaseOrPhenotypicFeatureAssociation,knowledge_assertion,manual_agent,https://purl.humanatlas.io/vocab/hp
HGNC:13387,biolink:has_phenotype,HP:0000083,biolink:EntityToDiseaseOrPhenotypicFeatureAssociation,knowledge_assertion,manual_agent,https://purl.humanatlas.io/vocab/hp
HGNC:13387,biolink:has_phenotype,HP:0000083,biolink:EntityToDiseaseOrPhenotypicFeatureAssociation,knowledge_assertion,manual_agent,https://purl.humanatlas.io/vocab/hp
HGNC:13387,biolink:has_phenotype,HP:0000083,biolink:EntityToDiseaseOrPhenotypicFeatureAssociation,knowledge_assertion,manual_agent,https://purl.humanatlas.io/vocab/hp
HGNC:13387,biolink:has_phenotype,HP:0000097,biolink:EntityToDiseaseOrPhenotypicFeatureAssociation,knowledge_assertion,manual_agent,https://purl.humanatlas.io/vocab/hp
HGNC:13387,biolink:has_phenotype,HP:0000090,biolink:EntityToDiseaseOrPhenotypicFeatureAssociation,knowledge_assertion,manual_agent,https://purl.humanatlas.io/vocab/hp
HGNC:13387,biolink:has_phenotype,HP:0000090,biolink:EntityToDiseaseOrPhenotypicFeatureAssociation,knowledge_assertion,manual_agent,https://purl.humanatlas.io/vocab/hp
HGNC:13387,biolink:has_phenotype,HP:0000110,biolink:EntityToDiseaseOrPhenotypicFeatureAssociation,knowledge_assertion,manual_agent,https://purl.humanatlas.io/vocab/hp
HGNC:13387,biolink:has_phenotype,HP:0000107,biolink:EntityToDiseaseOrPhenotypicFeatureAssociation,knowledge_assertion,manual_agent,https://purl.humanatlas.io/vocab/hp
HGNC:13387,biolink:has_phenotype,HP:0000107,biolink:EntityToDiseaseOrPhenotypicFeatureAssociation,knowledge_assertion,manual_agent,https://purl.humanatlas.io/vocab/hp
HGNC:13387,biolink:has_phenotype,HP:0000103,biolink:EntityToDiseaseOrPhenotypicFeatureAssociation,knowledge_assertion,manual_agent,https://purl.humanatlas.io/vocab/hp
HGNC:13387,biolink:has_phenotype,HP:0000103,biolink:EntityToDiseaseOrPhenotypicFeatureAssociation,knowledge_assertion,manual_agent,https://purl.humanatlas.io/vocab/hp
HGNC:13387,biolink:has_phenotype,HP:0000105,biolink:EntityToDiseaseOrPhenotypicFeatureAssociation,knowledge_assertion,manual_agent,https://purl.humanatlas.io/vocab/hp
HGNC:13387,biolink:has_phenotype,HP:0000105,biolink:EntityToDiseaseOrPhenotypicFeatureAssociation,knowledge_assertion,manual_agent,https://purl.humanatlas.io/vocab/hp
HGNC:13387,biolink:has_phenotype,HP:0000105,biolink:EntityToDiseaseOrPhenotypicFeatureAssociation,knowledge_assertion,manual_agent,https://purl.humanatlas.io/vocab/hp
HGNC:13387,biolink:has_phenotype,HP:0000105,biolink:EntityToDiseaseOrPhenotypicFeatureAssociation,knowledge_assertion,manual_agent,https://purl.humanatlas.io/vocab/hp
HGNC:13387,biolink:has_phenotype,HP:0000104,biolink:EntityToDiseaseOrPhenotypicFeatureAssociation,knowledge_assertion,manual_agent,https://purl.humanatlas.io/vocab/hp
HGNC:13387,biolink:has_phenotype,HP:0004734,biolink:EntityToDiseaseOrPhenotypicFeatureAssociation,knowledge_assertion,manual_agent,https://purl.humanatlas.io/vocab/hp
HGNC:13387,biolink:has_phenotype,HP:0004719,biolink:EntityToDiseaseOrPhenotypicFeatureAssociation,knowledge_assertion,manual_agent,https://purl.humanatlas.io/vocab/hp
HGNC:13387,biolink:has_phenotype,HP:0012622,biolink:EntityToDiseaseOrPhenotypicFeatureAssociation,knowledge_assertion,manual_agent,https://purl.humanatlas.io/vocab/hp
HGNC:13387,biolink:has_phenotype,HP:0000800,biolink:EntityToDiseaseOrPhenotypicFeatureAssociation,knowledge_assertion,manual_agent,https://purl.humanatlas.io/vocab/hp
HGNC:13387,biolink:has_phenotype,HP:0000791,biolink:EntityToDiseaseOrPhenotypicFeatureAssociation,knowledge_assertion,manual_agent,https://purl.humanatlas.io/vocab/hp
HGNC:13387,biolink:has_phenotype,HP:0000790,biolink:EntityToDiseaseOrPhenotypicFeatureAssociation,knowledge_assertion,manual_agent,https://purl.humanatlas.io/vocab/hp
HGNC:13387,biolink:has_phenotype,HP:0012213,biolink:EntityToDiseaseOrPhenotypicFeatureAssociation,knowledge_assertion,manual_agent,https://purl.humanatlas.io/vocab/hp
HGNC:13387,biolink:has_phenotype,HP:0012330,biolink:EntityToDiseaseOrPhenotypicFeatureAssociation,knowledge_assertion,manual_agent,https://purl.humanatlas.io/vocab/hp
HGNC:23213,biolink:has_phenotype,HP:0000126,biolink:EntityToDiseaseOrPhenotypicFeatureAssociation,knowledge_assertion,manual_agent,https://purl.humanatlas.io/vocab/hp
HGNC:33551,biolink:has_phenotype,HP:0000114,biolink:EntityToDiseaseOrPhenotypicFeatureAssociation,knowledge_assertion,manual_agent,https://purl.humanatlas.io/vocab/hp
HGNC:18249,biolink:has_phenotype,HP:0000089,biolink:EntityToDiseaseOrPhenotypicFeatureAssociation,knowledge_assertion,manual_agent,https://purl.humanatlas.io/vocab/hp
HGNC:18249,biolink:has_phenotype,HP:0000083,biolink:EntityToDiseaseOrPhenotypicFeatureAssociation,knowledge_assertion,manual_agent,https://purl.humanatlas.io/vocab/hp
HGNC:18249,biolink:has_phenotype,HP:0000122,biolink:EntityToDiseaseOrPhenotypicFeatureAssociation,knowledge_assertion,manual_agent,https://purl.humanatlas.io/vocab/hp
HGNC:18249,biolink:has_phenotype,HP:0005580,biolink:EntityToDiseaseOrPhenotypicFeatureAssociation,knowledge_assertion,manual_agent,https://purl.humanatlas.io/vocab/hp
HGNC:18249,biolink:has_phenotype,HP:0012330,biolink:EntityToDiseaseOrPhenotypicFeatureAssociation,knowledge_assertion,manual_agent,https://purl.humanatlas.io/vocab/hp
HGNC:18249,biolink:has_phenotype,HP:0012330,biolink:EntityToDiseaseOrPhenotypicFeatureAssociation,knowledge_assertion,manual_agent,https://purl.humanatlas.io/vocab/hp
HGNC:24502,biolink:has_phenotype,HP:0000122,biolink:EntityToDiseaseOrPhenotypicFeatureAssociation,knowledge_assertion,manual_agent,https://purl.humanatlas.io/vocab/hp
HGNC:26821,biolink:has_phenotype,HP:0000104,biolink:EntityToDiseaseOrPhenotypicFeatureAssociation,knowledge_assertion,manual_agent,https://purl.humanatlas.io/vocab/hp
HGNC:18688,biolink:has_phenotype,HP:0003774,biolink:EntityToDiseaseOrPhenotypicFeatureAssociation,knowledge_assertion,manual_agent,https://purl.humanatlas.io/vocab/hp
HGNC:18688,biolink:has_phenotype,HP:0000083,biolink:EntityToDiseaseOrPhenotypicFeatureAssociation,knowledge_assertion,manual_agent,https://purl.humanatlas.io/vocab/hp
HGNC:18688,biolink:has_phenotype,HP:0000097,biolink:EntityToDiseaseOrPhenotypicFeatureAssociation,knowledge_assertion,manual_agent,https://purl.humanatlas.io/vocab/hp
HGNC:18688,biolink:has_phenotype,HP:0000097,biolink:EntityToDiseaseOrPhenotypicFeatureAssociation,knowledge_assertion,manual_agent,https://purl.humanatlas.io/vocab/hp
HGNC:18688,biolink:has_phenotype,HP:0032622,biolink:EntityToDiseaseOrPhenotypicFeatureAssociation,knowledge_assertion,manual_agent,https://purl.humanatlas.io/vocab/hp
HGNC:18688,biolink:has_phenotype,HP:0000108,biolink:EntityToDiseaseOrPhenotypicFeatureAssociation,knowledge_assertion,manual_agent,https://purl.humanatlas.io/vocab/hp
HGNC:18688,biolink:has_phenotype,HP:0004719,biolink:EntityToDiseaseOrPhenotypicFeatureAssociation,knowledge_assertion,manual_agent,https://purl.humanatlas.io/vocab/hp
HGNC:18688,biolink:has_phenotype,HP:0012622,biolink:EntityToDiseaseOrPhenotypicFeatureAssociation,knowledge_assertion,manual_agent,https://purl.humanatlas.io/vocab/hp
HGNC:18688,biolink:has_phenotype,HP:0001967,biolink:EntityToDiseaseOrPhenotypicFeatureAssociation,knowledge_assertion,manual_agent,https://purl.humanatlas.io/vocab/hp
HGNC:18688,biolink:has_phenotype,HP:0012588,biolink:EntityToDiseaseOrPhenotypicFeatureAssociation,knowledge_assertion,manual_agent,https://purl.humanatlas.io/vocab/hp
HGNC:18688,biolink:has_phenotype,HP:0012579,biolink:EntityToDiseaseOrPhenotypicFeatureAssociation,knowledge_assertion,manual_agent,https://purl.humanatlas.io/vocab/hp
HGNC:29162,biolink:has_phenotype,HP:0008678,biolink:EntityToDiseaseOrPhenotypicFeatureAssociation,knowledge_assertion,manual_agent,https://purl.humanatlas.io/vocab/hp
HGNC:29162,biolink:has_phenotype,HP:0000104,biolink:EntityToDiseaseOrPhenotypicFeatureAssociation,knowledge_assertion,manual_agent,https://purl.humanatlas.io/vocab/hp
HGNC:20486,biolink:has_phenotype,HP:0100820,biolink:EntityToDiseaseOrPhenotypicFeatureAssociation,knowledge_assertion,manual_agent,https://purl.humanatlas.io/vocab/hp
HGNC:20486,biolink:has_phenotype,HP:0000083,biolink:EntityToDiseaseOrPhenotypicFeatureAssociation,knowledge_assertion,manual_agent,https://purl.humanatlas.io/vocab/hp
HGNC:20486,biolink:has_phenotype,HP:0000099,biolink:EntityToDiseaseOrPhenotypicFeatureAssociation,knowledge_assertion,manual_agent,https://purl.humanatlas.io/vocab/hp
HGNC:28583,biolink:has_phenotype,HP:0000003,biolink:EntityToDiseaseOrPhenotypicFeatureAssociation,knowledge_assertion,manual_agent,https://purl.humanatlas.io/vocab/hp
HGNC:29433,biolink:has_phenotype,HP:0025650,biolink:EntityToDiseaseOrPhenotypicFeatureAssociation,knowledge_assertion,manual_agent,https://purl.humanatlas.io/vocab/hp
HGNC:25396,biolink:has_phenotype,HP:0010958,biolink:EntityToDiseaseOrPhenotypicFeatureAssociation,knowledge_assertion,manual_agent,https://purl.humanatlas.io/vocab/hp
HGNC:25396,biolink:has_phenotype,HP:0008678,biolink:EntityToDiseaseOrPhenotypicFeatureAssociation,knowledge_assertion,manual_agent,https://purl.humanatlas.io/vocab/hp
HGNC:25396,biolink:has_phenotype,HP:0000089,biolink:EntityToDiseaseOrPhenotypicFeatureAssociation,knowledge_assertion,manual_agent,https://purl.humanatlas.io/vocab/hp
HGNC:25396,biolink:has_phenotype,HP:0000122,biolink:EntityToDiseaseOrPhenotypicFeatureAssociation,knowledge_assertion,manual_agent,https://purl.humanatlas.io/vocab/hp
HGNC:25396,biolink:has_phenotype,HP:0000104,biolink:EntityToDiseaseOrPhenotypicFeatureAssociation,knowledge_assertion,manual_agent,https://purl.humanatlas.io/vocab/hp
HGNC:28005,biolink:has_phenotype,HP:0000122,biolink:EntityToDiseaseOrPhenotypicFeatureAssociation,knowledge_assertion,manual_agent,https://purl.humanatlas.io/vocab/hp
HGNC:28005,biolink:has_phenotype,HP:0004736,biolink:EntityToDiseaseOrPhenotypicFeatureAssociation,knowledge_assertion,manual_agent,https://purl.humanatlas.io/vocab/hp
HGNC:28018,biolink:has_phenotype,HP:0000083,biolink:EntityToDiseaseOrPhenotypicFeatureAssociation,knowledge_assertion,manual_agent,https://purl.humanatlas.io/vocab/hp
HGNC:21729,biolink:has_phenotype,HP:0000790,biolink:EntityToDiseaseOrPhenotypicFeatureAssociation,knowledge_assertion,manual_agent,https://purl.humanatlas.io/vocab/hp
HGNC:7714,biolink:has_phenotype,HP:0000114,biolink:EntityToDiseaseOrPhenotypicFeatureAssociation,knowledge_assertion,manual_agent,https://purl.humanatlas.io/vocab/hp
HGNC:30497,biolink:has_phenotype,HP:0008678,biolink:EntityToDiseaseOrPhenotypicFeatureAssociation,knowledge_assertion,manual_agent,https://purl.humanatlas.io/vocab/hp
HGNC:30497,biolink:has_phenotype,HP:0000104,biolink:EntityToDiseaseOrPhenotypicFeatureAssociation,knowledge_assertion,manual_agent,https://purl.humanatlas.io/vocab/hp
HGNC:24750,biolink:has_phenotype,HP:0100957,biolink:EntityToDiseaseOrPhenotypicFeatureAssociation,knowledge_assertion,manual_agent,https://purl.humanatlas.io/vocab/hp
HGNC:24750,biolink:has_phenotype,HP:0000089,biolink:EntityToDiseaseOrPhenotypicFeatureAssociation,knowledge_assertion,manual_agent,https://purl.humanatlas.io/vocab/hp
HGNC:24750,biolink:has_phenotype,HP:0012622,biolink:EntityToDiseaseOrPhenotypicFeatureAssociation,knowledge_assertion,manual_agent,https://purl.humanatlas.io/vocab/hp
HGNC:24750,biolink:has_phenotype,HP:0011035,biolink:EntityToDiseaseOrPhenotypicFeatureAssociation,knowledge_assertion,manual_agent,https://purl.humanatlas.io/vocab/hp
HGNC:24750,biolink:has_phenotype,HP:0012584,biolink:EntityToDiseaseOrPhenotypicFeatureAssociation,knowledge_assertion,manual_agent,https://purl.humanatlas.io/vocab/hp
HGNC:24750,biolink:has_phenotype,HP:0012582,biolink:EntityToDiseaseOrPhenotypicFeatureAssociation,knowledge_assertion,manual_agent,https://purl.humanatlas.io/vocab/hp
HGNC:24008,biolink:has_phenotype,HP:0000126,biolink:EntityToDiseaseOrPhenotypicFeatureAssociation,knowledge_assertion,manual_agent,https://purl.humanatlas.io/vocab/hp
HGNC:14665,biolink:has_phenotype,HP:0000126,biolink:EntityToDiseaseOrPhenotypicFeatureAssociation,knowledge_assertion,manual_agent,https://purl.humanatlas.io/vocab/hp
HGNC:31399,biolink:has_phenotype,HP:0005580,biolink:EntityToDiseaseOrPhenotypicFeatureAssociation,knowledge_assertion,manual_agent,https://purl.humanatlas.io/vocab/hp
HGNC:22788,biolink:has_phenotype,HP:0000104,biolink:EntityToDiseaseOrPhenotypicFeatureAssociation,knowledge_assertion,manual_agent,https://purl.humanatlas.io/vocab/hp
HGNC:33778,biolink:has_phenotype,HP:0000126,biolink:EntityToDiseaseOrPhenotypicFeatureAssociation,knowledge_assertion,manual_agent,https://purl.humanatlas.io/vocab/hp
HGNC:4221,biolink:has_phenotype,HP:0008678,biolink:EntityToDiseaseOrPhenotypicFeatureAssociation,knowledge_assertion,manual_agent,https://purl.humanatlas.io/vocab/hp
HGNC:4221,biolink:has_phenotype,HP:0000086,biolink:EntityToDiseaseOrPhenotypicFeatureAssociation,knowledge_assertion,manual_agent,https://purl.humanatlas.io/vocab/hp
HGNC:4221,biolink:has_phenotype,HP:0000122,biolink:EntityToDiseaseOrPhenotypicFeatureAssociation,knowledge_assertion,manual_agent,https://purl.humanatlas.io/vocab/hp
HGNC:32687,biolink:has_phenotype,HP:0000126,biolink:EntityToDiseaseOrPhenotypicFeatureAssociation,knowledge_assertion,manual_agent,https://purl.humanatlas.io/vocab/hp
HGNC:24212,biolink:has_phenotype,HP:0000112,biolink:EntityToDiseaseOrPhenotypicFeatureAssociation,knowledge_assertion,manual_agent,https://purl.humanatlas.io/vocab/hp
HGNC:23452,biolink:has_phenotype,HP:0000083,biolink:EntityToDiseaseOrPhenotypicFeatureAssociation,knowledge_assertion,manual_agent,https://purl.humanatlas.io/vocab/hp
HGNC:7660,biolink:has_phenotype,HP:0100817,biolink:EntityToDiseaseOrPhenotypicFeatureAssociation,knowledge_assertion,manual_agent,https://purl.humanatlas.io/vocab/hp
HGNC:7660,biolink:has_phenotype,HP:0000089,biolink:EntityToDiseaseOrPhenotypicFeatureAssociation,knowledge_assertion,manual_agent,https://purl.humanatlas.io/vocab/hp
HGNC:7660,biolink:has_phenotype,HP:0000083,biolink:EntityToDiseaseOrPhenotypicFeatureAssociation,knowledge_assertion,manual_agent,https://purl.humanatlas.io/vocab/hp
HGNC:7660,biolink:has_phenotype,HP:0000075,biolink:EntityToDiseaseOrPhenotypicFeatureAssociation,knowledge_assertion,manual_agent,https://purl.humanatlas.io/vocab/hp
HGNC:7660,biolink:has_phenotype,HP:0000121,biolink:EntityToDiseaseOrPhenotypicFeatureAssociation,knowledge_assertion,manual_agent,https://purl.humanatlas.io/vocab/hp
HGNC:7660,biolink:has_phenotype,HP:0000125,biolink:EntityToDiseaseOrPhenotypicFeatureAssociation,knowledge_assertion,manual_agent,https://purl.humanatlas.io/vocab/hp
HGNC:7660,biolink:has_phenotype,HP:0005562,biolink:EntityToDiseaseOrPhenotypicFeatureAssociation,knowledge_assertion,manual_agent,https://purl.humanatlas.io/vocab/hp
HGNC:7660,biolink:has_phenotype,HP:0001969,biolink:EntityToDiseaseOrPhenotypicFeatureAssociation,knowledge_assertion,manual_agent,https://purl.humanatlas.io/vocab/hp
HGNC:7660,biolink:has_phenotype,HP:0000787,biolink:EntityToDiseaseOrPhenotypicFeatureAssociation,knowledge_assertion,manual_agent,https://purl.humanatlas.io/vocab/hp
HGNC:37212,biolink:has_phenotype,HP:0009726,biolink:EntityToDiseaseOrPhenotypicFeatureAssociation,knowledge_assertion,manual_agent,https://purl.humanatlas.io/vocab/hp
HGNC:37212,biolink:has_phenotype,HP:0005584,biolink:EntityToDiseaseOrPhenotypicFeatureAssociation,knowledge_assertion,manual_agent,https://purl.humanatlas.io/vocab/hp
HGNC:34033,biolink:has_phenotype,HP:0003774,biolink:EntityToDiseaseOrPhenotypicFeatureAssociation,knowledge_assertion,manual_agent,https://purl.humanatlas.io/vocab/hp
HGNC:34033,biolink:has_phenotype,HP:0000083,biolink:EntityToDiseaseOrPhenotypicFeatureAssociation,knowledge_assertion,manual_agent,https://purl.humanatlas.io/vocab/hp
HGNC:34033,biolink:has_phenotype,HP:0000096,biolink:EntityToDiseaseOrPhenotypicFeatureAssociation,knowledge_assertion,manual_agent,https://purl.humanatlas.io/vocab/hp
HGNC:34033,biolink:has_phenotype,HP:0004719,biolink:EntityToDiseaseOrPhenotypicFeatureAssociation,knowledge_assertion,manual_agent,https://purl.humanatlas.io/vocab/hp
HGNC:34033,biolink:has_phenotype,HP:0004722,biolink:EntityToDiseaseOrPhenotypicFeatureAssociation,knowledge_assertion,manual_agent,https://purl.humanatlas.io/vocab/hp
HGNC:34016,biolink:has_phenotype,HP:0000089,biolink:EntityToDiseaseOrPhenotypicFeatureAssociation,knowledge_assertion,manual_agent,https://purl.humanatlas.io/vocab/hp
HGNC:34016,biolink:has_phenotype,HP:0000113,biolink:EntityToDiseaseOrPhenotypicFeatureAssociation,knowledge_assertion,manual_agent,https://purl.humanatlas.io/vocab/hp
HGNC:34016,biolink:has_phenotype,HP:0000126,biolink:EntityToDiseaseOrPhenotypicFeatureAssociation,knowledge_assertion,manual_agent,https://purl.humanatlas.io/vocab/hp
HGNC:34016,biolink:has_phenotype,HP:0000107,biolink:EntityToDiseaseOrPhenotypicFeatureAssociation,knowledge_assertion,manual_agent,https://purl.humanatlas.io/vocab/hp
HGNC:8104,biolink:has_phenotype,HP:0000083,biolink:EntityToDiseaseOrPhenotypicFeatureAssociation,knowledge_assertion,manual_agent,https://purl.humanatlas.io/vocab/hp
HGNC:43984,biolink:has_phenotype,HP:0001919,biolink:EntityToDiseaseOrPhenotypicFeatureAssociation,knowledge_assertion,manual_agent,https://purl.humanatlas.io/vocab/hp
HGNC:49094,biolink:has_phenotype,HP:0100820,biolink:EntityToDiseaseOrPhenotypicFeatureAssociation,knowledge_assertion,manual_agent,https://purl.humanatlas.io/vocab/hp
HGNC:49094,biolink:has_phenotype,HP:0000083,biolink:EntityToDiseaseOrPhenotypicFeatureAssociation,knowledge_assertion,manual_agent,https://purl.humanatlas.io/vocab/hp
HGNC:49094,biolink:has_phenotype,HP:0000099,biolink:EntityToDiseaseOrPhenotypicFeatureAssociation,knowledge_assertion,manual_agent,https://purl.humanatlas.io/vocab/hp
HGNC:52391,biolink:has_phenotype,HP:0000126,biolink:EntityToDiseaseOrPhenotypicFeatureAssociation,knowledge_assertion,manual_agent,https://purl.humanatlas.io/vocab/hp
