phenotype_iri,phenotype_label,as_child,ct
http://purl.obolibrary.org/obo/HP_0000002,Abnormality of body height,http://purl.obolibrary.org/obo/UBERON_0000468,
http://purl.obolibrary.org/obo/HP_0000008,Abnormal morphology of female internal genitalia,http://purl.obolibrary.org/obo/UBERON_0003975,
http://purl.obolibrary.org/obo/HP_0000009,Functional abnormality of the bladder,http://purl.obolibrary.org/obo/UBERON_0001255,
http://purl.obolibrary.org/obo/HP_0000013,Hypoplasia of the uterus,http://purl.obolibrary.org/obo/UBERON_0000995,
http://purl.obolibrary.org/obo/HP_0000014,Abnormality of the bladder,http://purl.obolibrary.org/obo/UBERON_0001255,
http://purl.obolibrary.org/obo/HP_0000015,Bladder diverticulum,http://purl.obolibrary.org/obo/UBERON_0001256,
http://purl.obolibrary.org/obo/HP_0000021,Megacystis,http://purl.obolibrary.org/obo/UBERON_0001556,
http://purl.obolibrary.org/obo/HP_0000022,Abnormal male internal genitalia morphology,http://purl.obolibrary.org/obo/UBERON_0004054,
http://purl.obolibrary.org/obo/HP_0000023,Inguinal hernia,http://purl.obolibrary.org/obo/UBERON_0006674,
http://purl.obolibrary.org/obo/HP_0000023,Inguinal hernia,http://purl.obolibrary.org/obo/UBERON_0003697,
http://purl.obolibrary.org/obo/HP_0000024,Prostatitis,http://purl.obolibrary.org/obo/UBERON_0002367,
http://purl.obolibrary.org/obo/HP_0000025,Functional abnormality of male internal genitalia,http://purl.obolibrary.org/obo/UBERON_0004054,
http://purl.obolibrary.org/obo/HP_0000026,Male hypogonadism,http://purl.obolibrary.org/obo/UBERON_0000473,
http://purl.obolibrary.org/obo/HP_0000027,Azoospermia,,http://purl.obolibrary.org/obo/CL_0000019
http://purl.obolibrary.org/obo/HP_0000028,Cryptorchidism,http://purl.obolibrary.org/obo/UBERON_0000473,
http://purl.obolibrary.org/obo/HP_0000029,Testicular atrophy,http://purl.obolibrary.org/obo/UBERON_0000473,
http://purl.obolibrary.org/obo/HP_0000031,Epididymitis,http://purl.obolibrary.org/obo/UBERON_0001301,
http://purl.obolibrary.org/obo/HP_0000032,Abnormal male external genitalia morphology,http://purl.obolibrary.org/obo/UBERON_0004053,
http://purl.obolibrary.org/obo/HP_0000033,"Ambiguous genitalia, male",http://purl.obolibrary.org/obo/UBERON_0003101,
http://purl.obolibrary.org/obo/HP_0000034,Hydrocele testis,http://purl.obolibrary.org/obo/UBERON_0006314,
http://purl.obolibrary.org/obo/HP_0000034,Hydrocele testis,http://purl.obolibrary.org/obo/UBERON_0000473,
http://purl.obolibrary.org/obo/HP_0000035,Abnormal testis morphology,http://purl.obolibrary.org/obo/UBERON_0000473,
http://purl.obolibrary.org/obo/HP_0000036,Abnormal penis morphology,http://purl.obolibrary.org/obo/UBERON_0000989,
http://purl.obolibrary.org/obo/HP_0000037,Male pseudohermaphroditism,http://purl.obolibrary.org/obo/UBERON_0000468,
http://purl.obolibrary.org/obo/HP_0000039,Epispadias,http://purl.obolibrary.org/obo/UBERON_0012240,
http://purl.obolibrary.org/obo/HP_0000040,Long penis,http://purl.obolibrary.org/obo/UBERON_0000989,
http://purl.obolibrary.org/obo/HP_0000042,Absent external genitalia,http://purl.obolibrary.org/obo/UBERON_0004176,
http://purl.obolibrary.org/obo/HP_0000045,Abnormal scrotum morphology,http://purl.obolibrary.org/obo/UBERON_0001300,
http://purl.obolibrary.org/obo/HP_0000046,Small scrotum,http://purl.obolibrary.org/obo/UBERON_0001300,
http://purl.obolibrary.org/obo/HP_0000047,Hypospadias,http://purl.obolibrary.org/obo/UBERON_0012241,
http://purl.obolibrary.org/obo/HP_0000048,Bifid scrotum,http://purl.obolibrary.org/obo/UBERON_0001300,
http://purl.obolibrary.org/obo/HP_0000050,Hypoplastic male external genitalia,http://purl.obolibrary.org/obo/UBERON_0004053,
http://purl.obolibrary.org/obo/HP_0000051,Perineal hypospadias,http://purl.obolibrary.org/obo/UBERON_0002356,
http://purl.obolibrary.org/obo/HP_0000051,Perineal hypospadias,http://purl.obolibrary.org/obo/UBERON_0012241,
http://purl.obolibrary.org/obo/HP_0000052,"Urethral atresia, male",http://purl.obolibrary.org/obo/UBERON_0001333,
http://purl.obolibrary.org/obo/HP_0000053,Macroorchidism,http://purl.obolibrary.org/obo/UBERON_0000473,
http://purl.obolibrary.org/obo/HP_0000054,Micropenis,http://purl.obolibrary.org/obo/UBERON_0000989,
http://purl.obolibrary.org/obo/HP_0000055,Abnormal female external genitalia morphology,http://purl.obolibrary.org/obo/UBERON_0005056,
http://purl.obolibrary.org/obo/HP_0000056,Abnormal clitoris morphology,http://purl.obolibrary.org/obo/UBERON_0002411,
http://purl.obolibrary.org/obo/HP_0000058,Abnormal labia morphology,http://purl.obolibrary.org/obo/UBERON_0004084,
http://purl.obolibrary.org/obo/HP_0000059,Hypoplastic labia majora,http://purl.obolibrary.org/obo/UBERON_0004085,
http://purl.obolibrary.org/obo/HP_0000060,Clitoral hypoplasia,http://purl.obolibrary.org/obo/UBERON_0002411,
http://purl.obolibrary.org/obo/HP_0000061,"Ambiguous genitalia, female",http://purl.obolibrary.org/obo/UBERON_0003100,
http://purl.obolibrary.org/obo/HP_0000063,Fused labia minora,http://purl.obolibrary.org/obo/UBERON_0004014,
http://purl.obolibrary.org/obo/HP_0000064,Hypoplastic labia minora,http://purl.obolibrary.org/obo/UBERON_0004014,
http://purl.obolibrary.org/obo/HP_0000065,Labial hypertrophy,http://purl.obolibrary.org/obo/UBERON_0004084,
http://purl.obolibrary.org/obo/HP_0000066,Labial hypoplasia,http://purl.obolibrary.org/obo/UBERON_0004084,
http://purl.obolibrary.org/obo/HP_0000067,"Urethral atresia, female",http://purl.obolibrary.org/obo/UBERON_0001334,
http://purl.obolibrary.org/obo/HP_0000068,Urethral atresia,http://purl.obolibrary.org/obo/UBERON_0000057,
http://purl.obolibrary.org/obo/HP_0000069,Abnormality of the ureter,http://purl.obolibrary.org/obo/UBERON_0000056,
http://purl.obolibrary.org/obo/HP_0000071,Ureteral stenosis,http://purl.obolibrary.org/obo/UBERON_0000056,
http://purl.obolibrary.org/obo/HP_0000072,Hydroureter,http://purl.obolibrary.org/obo/UBERON_0000056,
http://purl.obolibrary.org/obo/HP_0000073,Ureteral duplication,http://purl.obolibrary.org/obo/UBERON_0000056,
http://purl.obolibrary.org/obo/HP_0000075,Renal duplication,http://purl.obolibrary.org/obo/UBERON_0002113,
http://purl.obolibrary.org/obo/HP_0000077,Abnormality of the kidney,http://purl.obolibrary.org/obo/UBERON_0002113,
http://purl.obolibrary.org/obo/HP_0000078,Abnormality of the genital system,http://purl.obolibrary.org/obo/UBERON_0000990,
http://purl.obolibrary.org/obo/HP_0000079,Abnormality of the urinary system,http://purl.obolibrary.org/obo/UBERON_0001008,
http://purl.obolibrary.org/obo/HP_0000080,Abnormality of reproductive system physiology,http://purl.obolibrary.org/obo/UBERON_0000990,
http://purl.obolibrary.org/obo/HP_0000081,Duplicated collecting system,http://purl.obolibrary.org/obo/UBERON_0004100,
http://purl.obolibrary.org/obo/HP_0000083,Renal insufficiency,http://purl.obolibrary.org/obo/UBERON_0002113,
http://purl.obolibrary.org/obo/HP_0000085,Horseshoe kidney,http://purl.obolibrary.org/obo/UBERON_0002113,
http://purl.obolibrary.org/obo/HP_0000086,Ectopic kidney,http://purl.obolibrary.org/obo/UBERON_0002113,
http://purl.obolibrary.org/obo/HP_0000089,Renal hypoplasia,http://purl.obolibrary.org/obo/UBERON_0002113,
http://purl.obolibrary.org/obo/HP_0000091,Abnormal renal tubule morphology,http://purl.obolibrary.org/obo/UBERON_0001231,
http://purl.obolibrary.org/obo/HP_0000092,Renal tubular atrophy,http://purl.obolibrary.org/obo/UBERON_0001231,
http://purl.obolibrary.org/obo/HP_0000093,Proteinuria,http://purl.obolibrary.org/obo/UBERON_0001088,
http://purl.obolibrary.org/obo/HP_0000095,Abnormal renal glomerulus morphology,http://purl.obolibrary.org/obo/UBERON_0000074,
http://purl.obolibrary.org/obo/HP_0000096,Glomerular sclerosis,http://purl.obolibrary.org/obo/UBERON_0000074,
http://purl.obolibrary.org/obo/HP_0000098,Tall stature,http://purl.obolibrary.org/obo/UBERON_0000468,
http://purl.obolibrary.org/obo/HP_0000104,Renal agenesis,http://purl.obolibrary.org/obo/UBERON_0002113,
http://purl.obolibrary.org/obo/HP_0000105,Enlarged kidney,http://purl.obolibrary.org/obo/UBERON_0002113,
http://purl.obolibrary.org/obo/HP_0000107,Renal cyst,http://purl.obolibrary.org/obo/UBERON_0002113,
http://purl.obolibrary.org/obo/HP_0000110,Renal dysplasia,http://purl.obolibrary.org/obo/UBERON_0002113,
http://purl.obolibrary.org/obo/HP_0000113,Polycystic kidney dysplasia,http://purl.obolibrary.org/obo/UBERON_0002113,
http://purl.obolibrary.org/obo/HP_0000119,Abnormality of the genitourinary system,http://purl.obolibrary.org/obo/UBERON_0004122,
http://purl.obolibrary.org/obo/HP_0000121,Nephrocalcinosis,http://purl.obolibrary.org/obo/UBERON_0008987,
http://purl.obolibrary.org/obo/HP_0000122,Unilateral renal agenesis,http://purl.obolibrary.org/obo/UBERON_0002113,
http://purl.obolibrary.org/obo/HP_0000123,Nephritis,http://purl.obolibrary.org/obo/UBERON_0002113,
http://purl.obolibrary.org/obo/HP_0000124,Renal tubular dysfunction,http://purl.obolibrary.org/obo/UBERON_0001231,
http://purl.obolibrary.org/obo/HP_0000130,Abnormality of the uterus,http://purl.obolibrary.org/obo/UBERON_0000995,
http://purl.obolibrary.org/obo/HP_0000133,Gonadal dysgenesis,http://purl.obolibrary.org/obo/UBERON_0000991,
http://purl.obolibrary.org/obo/HP_0000134,Female hypogonadism,http://purl.obolibrary.org/obo/UBERON_0000992,
http://purl.obolibrary.org/obo/HP_0000135,Hypogonadism,http://purl.obolibrary.org/obo/UBERON_0000991,
http://purl.obolibrary.org/obo/HP_0000136,Bifid uterus,http://purl.obolibrary.org/obo/UBERON_0000995,
http://purl.obolibrary.org/obo/HP_0000137,Abnormality of the ovary,http://purl.obolibrary.org/obo/UBERON_0000992,
http://purl.obolibrary.org/obo/HP_0000138,Ovarian cyst,http://purl.obolibrary.org/obo/UBERON_0000992,
http://purl.obolibrary.org/obo/HP_0000139,Uterine prolapse,http://purl.obolibrary.org/obo/UBERON_0000995,
http://purl.obolibrary.org/obo/HP_0000142,Abnormal vagina morphology,http://purl.obolibrary.org/obo/UBERON_0000996,
http://purl.obolibrary.org/obo/HP_0000143,Rectovaginal fistula,http://purl.obolibrary.org/obo/UBERON_0000996,
http://purl.obolibrary.org/obo/HP_0000143,Rectovaginal fistula,http://purl.obolibrary.org/obo/UBERON_0001052,
http://purl.obolibrary.org/obo/HP_0000147,Polycystic ovaries,http://purl.obolibrary.org/obo/UBERON_0000992,
http://purl.obolibrary.org/obo/HP_0000148,Vaginal atresia,http://purl.obolibrary.org/obo/UBERON_0000996,
http://purl.obolibrary.org/obo/HP_0000151,Aplasia of the uterus,http://purl.obolibrary.org/obo/UBERON_0000995,
http://purl.obolibrary.org/obo/HP_0000152,Abnormality of head or neck,http://purl.obolibrary.org/obo/UBERON_0007811,
http://purl.obolibrary.org/obo/HP_0000153,Abnormality of the mouth,http://purl.obolibrary.org/obo/UBERON_0000165,
http://purl.obolibrary.org/obo/HP_0000154,Wide mouth,http://purl.obolibrary.org/obo/UBERON_0000165,
http://purl.obolibrary.org/obo/HP_0000157,Abnormality of the tongue,http://purl.obolibrary.org/obo/UBERON_0001723,
http://purl.obolibrary.org/obo/HP_0000158,Macroglossia,http://purl.obolibrary.org/obo/UBERON_0001723,
http://purl.obolibrary.org/obo/HP_0000159,Abnormal lip morphology,http://purl.obolibrary.org/obo/UBERON_0001833,
http://purl.obolibrary.org/obo/HP_0000160,Narrow mouth,http://purl.obolibrary.org/obo/UBERON_0000165,
http://purl.obolibrary.org/obo/HP_0000161,Median cleft upper lip,http://purl.obolibrary.org/obo/UBERON_0001833,
http://purl.obolibrary.org/obo/HP_0000162,Glossoptosis,http://purl.obolibrary.org/obo/UBERON_0001723,
http://purl.obolibrary.org/obo/HP_0000163,Abnormal oral cavity morphology,http://purl.obolibrary.org/obo/UBERON_0000167,
http://purl.obolibrary.org/obo/HP_0000164,Abnormality of the dentition,http://purl.obolibrary.org/obo/UBERON_0003672,
http://purl.obolibrary.org/obo/HP_0000168,Abnormality of the gingiva,http://purl.obolibrary.org/obo/UBERON_0001828,
http://purl.obolibrary.org/obo/HP_0000171,Microglossia,http://purl.obolibrary.org/obo/UBERON_0001723,
http://purl.obolibrary.org/obo/HP_0000172,Abnormal uvula morphology,http://purl.obolibrary.org/obo/UBERON_0001734,
http://purl.obolibrary.org/obo/HP_0000174,Abnormal palate morphology,http://purl.obolibrary.org/obo/UBERON_0001716,
http://purl.obolibrary.org/obo/HP_0000175,Cleft palate,http://purl.obolibrary.org/obo/UBERON_0001716,
http://purl.obolibrary.org/obo/HP_0000176,Submucous cleft hard palate,http://purl.obolibrary.org/obo/UBERON_0012074,
http://purl.obolibrary.org/obo/HP_0000177,Abnormal upper lip morphology,http://purl.obolibrary.org/obo/UBERON_0001834,
http://purl.obolibrary.org/obo/HP_0000178,Abnormal lower lip morphology,http://purl.obolibrary.org/obo/UBERON_0001835,
http://purl.obolibrary.org/obo/HP_0000179,Thick lower lip vermilion,http://purl.obolibrary.org/obo/UBERON_0001835,
http://purl.obolibrary.org/obo/HP_0000185,Cleft soft palate,http://purl.obolibrary.org/obo/UBERON_0001733,
http://purl.obolibrary.org/obo/HP_0000187,Broad alveolar ridges,http://purl.obolibrary.org/obo/UBERON_0004103,
http://purl.obolibrary.org/obo/HP_0000188,Short upper lip,http://purl.obolibrary.org/obo/UBERON_0001834,
http://purl.obolibrary.org/obo/HP_0000189,Narrow palate,http://purl.obolibrary.org/obo/UBERON_0001716,
http://purl.obolibrary.org/obo/HP_0000190,Abnormal oral frenulum morphology,http://purl.obolibrary.org/obo/UBERON_0006689,
http://purl.obolibrary.org/obo/HP_0000193,Bifid uvula,http://purl.obolibrary.org/obo/UBERON_0001734,
http://purl.obolibrary.org/obo/HP_0000194,Open mouth,http://purl.obolibrary.org/obo/UBERON_0000165,
http://purl.obolibrary.org/obo/HP_0000197,Abnormal parotid gland morphology,http://purl.obolibrary.org/obo/UBERON_0001831,
http://purl.obolibrary.org/obo/HP_0000200,Short lingual frenulum,http://purl.obolibrary.org/obo/UBERON_0006689,
http://purl.obolibrary.org/obo/HP_0000204,Cleft upper lip,http://purl.obolibrary.org/obo/UBERON_0001834,
http://purl.obolibrary.org/obo/HP_0000207,Triangular mouth,http://purl.obolibrary.org/obo/UBERON_0000165,
http://purl.obolibrary.org/obo/HP_0000212,Gingival overgrowth,http://purl.obolibrary.org/obo/UBERON_0001828,
http://purl.obolibrary.org/obo/HP_0000214,Lip telangiectasia,http://purl.obolibrary.org/obo/UBERON_0001833,
http://purl.obolibrary.org/obo/HP_0000215,Thick upper lip vermilion,http://purl.obolibrary.org/obo/UBERON_0001834,
http://purl.obolibrary.org/obo/HP_0000216,Broad secondary alveolar ridge,http://purl.obolibrary.org/obo/UBERON_0004527,
http://purl.obolibrary.org/obo/HP_0000217,Xerostomia,http://purl.obolibrary.org/obo/UBERON_0000165,
http://purl.obolibrary.org/obo/HP_0000218,High palate,http://purl.obolibrary.org/obo/UBERON_0001716,
http://purl.obolibrary.org/obo/HP_0000219,Thin upper lip vermilion,http://purl.obolibrary.org/obo/UBERON_0001834,
http://purl.obolibrary.org/obo/HP_0000221,Furrowed tongue,http://purl.obolibrary.org/obo/UBERON_0001723,
http://purl.obolibrary.org/obo/HP_0000222,Gingival hyperkeratosis,http://purl.obolibrary.org/obo/UBERON_0001828,
http://purl.obolibrary.org/obo/HP_0000225,Gingival bleeding,http://purl.obolibrary.org/obo/UBERON_0001828,
http://purl.obolibrary.org/obo/HP_0000227,Tongue telangiectasia,http://purl.obolibrary.org/obo/UBERON_0001723,
http://purl.obolibrary.org/obo/HP_0000230,Gingivitis,http://purl.obolibrary.org/obo/UBERON_0001828,
http://purl.obolibrary.org/obo/HP_0000232,Everted lower lip vermilion,http://purl.obolibrary.org/obo/UBERON_0001835,
http://purl.obolibrary.org/obo/HP_0000234,Abnormality of the head,http://purl.obolibrary.org/obo/UBERON_0000033,
http://purl.obolibrary.org/obo/HP_0000236,Abnormal anterior fontanelle morphology,http://purl.obolibrary.org/obo/UBERON_0002510,
http://purl.obolibrary.org/obo/HP_0000237,Small anterior fontanelle,http://purl.obolibrary.org/obo/UBERON_0002510,
http://purl.obolibrary.org/obo/HP_0000238,Hydrocephalus,http://purl.obolibrary.org/obo/UBERON_0004086,
http://purl.obolibrary.org/obo/HP_0000239,Large fontanelles,http://purl.obolibrary.org/obo/UBERON_0002221,
http://purl.obolibrary.org/obo/HP_0000240,Abnormality of skull size,http://purl.obolibrary.org/obo/UBERON_0003129,
http://purl.obolibrary.org/obo/HP_0000242,Parietal bossing,http://purl.obolibrary.org/obo/UBERON_0000210,
http://purl.obolibrary.org/obo/HP_0000243,Trigonocephaly,http://purl.obolibrary.org/obo/UBERON_0000033,
http://purl.obolibrary.org/obo/HP_0000245,Abnormal paranasal sinus morphology,http://purl.obolibrary.org/obo/UBERON_0001825,
http://purl.obolibrary.org/obo/HP_0000246,Sinusitis,http://purl.obolibrary.org/obo/UBERON_0001825,
http://purl.obolibrary.org/obo/HP_0000248,Brachycephaly,http://purl.obolibrary.org/obo/UBERON_0000033,
http://purl.obolibrary.org/obo/HP_0000250,Dense calvaria,http://purl.obolibrary.org/obo/UBERON_0004339,
http://purl.obolibrary.org/obo/HP_0000253,Progressive microcephaly,http://purl.obolibrary.org/obo/UBERON_0000033,
http://purl.obolibrary.org/obo/HP_0000260,Wide anterior fontanel,http://purl.obolibrary.org/obo/UBERON_0002510,
http://purl.obolibrary.org/obo/HP_0000264,Abnormal mastoid morphology,http://purl.obolibrary.org/obo/UBERON_0011220,
http://purl.obolibrary.org/obo/HP_0000265,Mastoiditis,http://purl.obolibrary.org/obo/UBERON_0011220,
http://purl.obolibrary.org/obo/HP_0000267,Cranial asymmetry,http://purl.obolibrary.org/obo/UBERON_0003129,
http://purl.obolibrary.org/obo/HP_0000268,Dolichocephaly,http://purl.obolibrary.org/obo/UBERON_0000033,
http://purl.obolibrary.org/obo/HP_0000269,Prominent occiput,http://purl.obolibrary.org/obo/UBERON_0001676,
http://purl.obolibrary.org/obo/HP_0000270,Delayed cranial suture closure,http://purl.obolibrary.org/obo/UBERON_0002221,
http://purl.obolibrary.org/obo/HP_0000271,Abnormality of the face,http://purl.obolibrary.org/obo/UBERON_0001456,
http://purl.obolibrary.org/obo/HP_0000272,Malar flattening,http://purl.obolibrary.org/obo/UBERON_0002500,
http://purl.obolibrary.org/obo/HP_0000274,Small face,http://purl.obolibrary.org/obo/UBERON_0001456,
http://purl.obolibrary.org/obo/HP_0000275,Narrow face,http://purl.obolibrary.org/obo/UBERON_0001456,
http://purl.obolibrary.org/obo/HP_0000276,Long face,http://purl.obolibrary.org/obo/UBERON_0001456,
http://purl.obolibrary.org/obo/HP_0000277,Abnormal mandible morphology,http://purl.obolibrary.org/obo/UBERON_0001684,
http://purl.obolibrary.org/obo/HP_0000278,Retrognathia,http://purl.obolibrary.org/obo/UBERON_0001684,
http://purl.obolibrary.org/obo/HP_0000280,Coarse facial features,http://purl.obolibrary.org/obo/UBERON_0001456,
http://purl.obolibrary.org/obo/HP_0000282,Facial edema,http://purl.obolibrary.org/obo/UBERON_0001456,
http://purl.obolibrary.org/obo/HP_0000283,Broad face,http://purl.obolibrary.org/obo/UBERON_0001456,
http://purl.obolibrary.org/obo/HP_0000286,Epicanthus,http://purl.obolibrary.org/obo/UBERON_0013766,
http://purl.obolibrary.org/obo/HP_0000287,Increased facial adipose tissue,http://purl.obolibrary.org/obo/UBERON_0001013,
http://purl.obolibrary.org/obo/HP_0000288,Abnormality of the philtrum,http://purl.obolibrary.org/obo/UBERON_0005402,
http://purl.obolibrary.org/obo/HP_0000289,Broad philtrum,http://purl.obolibrary.org/obo/UBERON_0005402,
http://purl.obolibrary.org/obo/HP_0000290,Abnormal forehead morphology,http://purl.obolibrary.org/obo/UBERON_0008200,
http://purl.obolibrary.org/obo/HP_0000291,Abnormality of facial adipose tissue,http://purl.obolibrary.org/obo/UBERON_0001013,
http://purl.obolibrary.org/obo/HP_0000292,Loss of facial adipose tissue,http://purl.obolibrary.org/obo/UBERON_0001456,
http://purl.obolibrary.org/obo/HP_0000292,Loss of facial adipose tissue,http://purl.obolibrary.org/obo/UBERON_0001013,
http://purl.obolibrary.org/obo/HP_0000293,Full cheeks,http://purl.obolibrary.org/obo/UBERON_0001567,
http://purl.obolibrary.org/obo/HP_0000297,Facial hypotonia,http://purl.obolibrary.org/obo/UBERON_0001577,
http://purl.obolibrary.org/obo/HP_0000300,Oval face,http://purl.obolibrary.org/obo/UBERON_0001456,
http://purl.obolibrary.org/obo/HP_0000301,Abnormality of facial musculature,http://purl.obolibrary.org/obo/UBERON_0001577,
http://purl.obolibrary.org/obo/HP_0000303,Mandibular prognathia,http://purl.obolibrary.org/obo/UBERON_0001684,
http://purl.obolibrary.org/obo/HP_0000306,Abnormality of the chin,http://purl.obolibrary.org/obo/UBERON_0008199,
http://purl.obolibrary.org/obo/HP_0000307,Pointed chin,http://purl.obolibrary.org/obo/UBERON_0008199,
http://purl.obolibrary.org/obo/HP_0000309,Abnormal midface morphology,http://purl.obolibrary.org/obo/UBERON_0004089,
http://purl.obolibrary.org/obo/HP_0000311,Round face,http://purl.obolibrary.org/obo/UBERON_0001456,
http://purl.obolibrary.org/obo/HP_0000315,Abnormality of the orbital region,http://purl.obolibrary.org/obo/UBERON_0004088,
http://purl.obolibrary.org/obo/HP_0000316,Hypertelorism,http://purl.obolibrary.org/obo/UBERON_0010222,
http://purl.obolibrary.org/obo/HP_0000317,Facial myokymia,http://purl.obolibrary.org/obo/UBERON_0001456,
http://purl.obolibrary.org/obo/HP_0000319,Smooth philtrum,http://purl.obolibrary.org/obo/UBERON_0005402,
http://purl.obolibrary.org/obo/HP_0000321,Square face,http://purl.obolibrary.org/obo/UBERON_0001456,
http://purl.obolibrary.org/obo/HP_0000322,Short philtrum,http://purl.obolibrary.org/obo/UBERON_0005402,
http://purl.obolibrary.org/obo/HP_0000324,Facial asymmetry,http://purl.obolibrary.org/obo/UBERON_0001456,
http://purl.obolibrary.org/obo/HP_0000326,Abnormal maxilla morphology,http://purl.obolibrary.org/obo/UBERON_0004089,
http://purl.obolibrary.org/obo/HP_0000326,Abnormal maxilla morphology,http://purl.obolibrary.org/obo/UBERON_0000165,
http://purl.obolibrary.org/obo/HP_0000326,Abnormal maxilla morphology,http://purl.obolibrary.org/obo/UBERON_0002397,
http://purl.obolibrary.org/obo/HP_0000327,Hypoplasia of the maxilla,http://purl.obolibrary.org/obo/UBERON_0002397,
http://purl.obolibrary.org/obo/HP_0000329,Facial hemangioma,http://purl.obolibrary.org/obo/UBERON_0001456,
http://purl.obolibrary.org/obo/HP_0000331,Short chin,http://purl.obolibrary.org/obo/UBERON_0008199,
http://purl.obolibrary.org/obo/HP_0000337,Broad forehead,http://purl.obolibrary.org/obo/UBERON_0008200,
http://purl.obolibrary.org/obo/HP_0000340,Sloping forehead,http://purl.obolibrary.org/obo/UBERON_0008200,
http://purl.obolibrary.org/obo/HP_0000341,Narrow forehead,http://purl.obolibrary.org/obo/UBERON_0008200,
http://purl.obolibrary.org/obo/HP_0000343,Long philtrum,http://purl.obolibrary.org/obo/UBERON_0005402,
http://purl.obolibrary.org/obo/HP_0000347,Micrognathia,http://purl.obolibrary.org/obo/UBERON_0001684,
http://purl.obolibrary.org/obo/HP_0000348,High forehead,http://purl.obolibrary.org/obo/UBERON_0008200,
http://purl.obolibrary.org/obo/HP_0000350,Small forehead,http://purl.obolibrary.org/obo/UBERON_0008200,
http://purl.obolibrary.org/obo/HP_0000356,Abnormality of the outer ear,http://purl.obolibrary.org/obo/UBERON_0001691,
http://purl.obolibrary.org/obo/HP_0000357,Abnormal location of ears,http://purl.obolibrary.org/obo/UBERON_0001690,
http://purl.obolibrary.org/obo/HP_0000358,Posteriorly rotated ears,http://purl.obolibrary.org/obo/UBERON_0001691,
http://purl.obolibrary.org/obo/HP_0000359,Abnormality of the inner ear,http://purl.obolibrary.org/obo/UBERON_0001846,
http://purl.obolibrary.org/obo/HP_0000362,Otosclerosis,http://purl.obolibrary.org/obo/UBERON_0001839,
http://purl.obolibrary.org/obo/HP_0000363,Abnormal earlobe morphology,http://purl.obolibrary.org/obo/UBERON_0001847,
http://purl.obolibrary.org/obo/HP_0000366,Abnormality of the nose,http://purl.obolibrary.org/obo/UBERON_0000004,
http://purl.obolibrary.org/obo/HP_0000369,Low-set ears,http://purl.obolibrary.org/obo/UBERON_0001691,
http://purl.obolibrary.org/obo/HP_0000370,Abnormality of the middle ear,http://purl.obolibrary.org/obo/UBERON_0001756,
http://purl.obolibrary.org/obo/HP_0000371,Acute otitis media,http://purl.obolibrary.org/obo/UBERON_0001756,
http://purl.obolibrary.org/obo/HP_0000372,Abnormal auditory canal morphology,http://purl.obolibrary.org/obo/UBERON_0001352,
http://purl.obolibrary.org/obo/HP_0000375,Abnormal cochlea morphology,http://purl.obolibrary.org/obo/UBERON_0001844,
http://purl.obolibrary.org/obo/HP_0000377,Abnormal pinna morphology,http://purl.obolibrary.org/obo/UBERON_0001691,
http://purl.obolibrary.org/obo/HP_0000385,Small earlobe,http://purl.obolibrary.org/obo/UBERON_0001847,
http://purl.obolibrary.org/obo/HP_0000387,Absent earlobe,http://purl.obolibrary.org/obo/UBERON_0001757,
http://purl.obolibrary.org/obo/HP_0000388,Otitis media,http://purl.obolibrary.org/obo/UBERON_0001756,
http://purl.obolibrary.org/obo/HP_0000389,Chronic otitis media,http://purl.obolibrary.org/obo/UBERON_0001756,
http://purl.obolibrary.org/obo/HP_0000391,Thickened helices,http://purl.obolibrary.org/obo/UBERON_0002488,
http://purl.obolibrary.org/obo/HP_0000395,Prominent antihelix,http://purl.obolibrary.org/obo/UBERON_0016466,
http://purl.obolibrary.org/obo/HP_0000400,Macrotia,http://purl.obolibrary.org/obo/UBERON_0001691,
http://purl.obolibrary.org/obo/HP_0000402,Stenosis of the external auditory canal,http://purl.obolibrary.org/obo/UBERON_0001352,
http://purl.obolibrary.org/obo/HP_0000403,Recurrent otitis media,http://purl.obolibrary.org/obo/UBERON_0001756,
http://purl.obolibrary.org/obo/HP_0000407,Sensorineural hearing impairment,http://purl.obolibrary.org/obo/UBERON_0001021,
http://purl.obolibrary.org/obo/HP_0000411,Protruding ear,http://purl.obolibrary.org/obo/UBERON_0001691,
http://purl.obolibrary.org/obo/HP_0000413,Atresia of the external auditory canal,http://purl.obolibrary.org/obo/UBERON_0001352,
http://purl.obolibrary.org/obo/HP_0000414,Bulbous nose,http://purl.obolibrary.org/obo/UBERON_0000004,
http://purl.obolibrary.org/obo/HP_0000415,Abnormal choanae morphology,http://purl.obolibrary.org/obo/UBERON_0010425,
http://purl.obolibrary.org/obo/HP_0000417,Slender nose,http://purl.obolibrary.org/obo/UBERON_0000004,
http://purl.obolibrary.org/obo/HP_0000419,Abnormal nasal septum morphology,http://purl.obolibrary.org/obo/UBERON_0001706,
http://purl.obolibrary.org/obo/HP_0000420,Short nasal septum,http://purl.obolibrary.org/obo/UBERON_0001706,
http://purl.obolibrary.org/obo/HP_0000421,Epistaxis,http://purl.obolibrary.org/obo/UBERON_0000004,
http://purl.obolibrary.org/obo/HP_0000422,Abnormal nasal bridge morphology,http://purl.obolibrary.org/obo/UBERON_0008340,
http://purl.obolibrary.org/obo/HP_0000426,Prominent nasal bridge,http://purl.obolibrary.org/obo/UBERON_0008340,
http://purl.obolibrary.org/obo/HP_0000429,Abnormal morphology of the nasal alae,http://purl.obolibrary.org/obo/UBERON_0006906,
http://purl.obolibrary.org/obo/HP_0000430,Underdeveloped nasal alae,http://purl.obolibrary.org/obo/UBERON_0001823,
http://purl.obolibrary.org/obo/HP_0000431,Wide nasal bridge,http://purl.obolibrary.org/obo/UBERON_0008340,
http://purl.obolibrary.org/obo/HP_0000433,Abnormal nasal mucosa morphology,http://purl.obolibrary.org/obo/UBERON_0001826,
http://purl.obolibrary.org/obo/HP_0000434,Nasal mucosa telangiectasia,http://purl.obolibrary.org/obo/UBERON_0001826,
http://purl.obolibrary.org/obo/HP_0000436,Abnormal nasal tip morphology,http://purl.obolibrary.org/obo/UBERON_0012128,
http://purl.obolibrary.org/obo/HP_0000437,Depressed nasal tip,http://purl.obolibrary.org/obo/UBERON_0012128,
http://purl.obolibrary.org/obo/HP_0000445,Wide nose,http://purl.obolibrary.org/obo/UBERON_0000004,
http://purl.obolibrary.org/obo/HP_0000446,Narrow nasal bridge,http://purl.obolibrary.org/obo/UBERON_0001681,
http://purl.obolibrary.org/obo/HP_0000448,Prominent nose,http://purl.obolibrary.org/obo/UBERON_0000004,
http://purl.obolibrary.org/obo/HP_0000451,Triangular nasal tip,http://purl.obolibrary.org/obo/UBERON_0012128,
http://purl.obolibrary.org/obo/HP_0000452,Choanal stenosis,http://purl.obolibrary.org/obo/UBERON_0010425,
http://purl.obolibrary.org/obo/HP_0000453,Choanal atresia,http://purl.obolibrary.org/obo/UBERON_0004771,
http://purl.obolibrary.org/obo/HP_0000454,Flared nostrils,http://purl.obolibrary.org/obo/UBERON_0005928,
http://purl.obolibrary.org/obo/HP_0000455,Broad nasal tip,http://purl.obolibrary.org/obo/UBERON_0012128,
http://purl.obolibrary.org/obo/HP_0000456,Bifid nasal tip,http://purl.obolibrary.org/obo/UBERON_0012128,
http://purl.obolibrary.org/obo/HP_0000457,Depressed nasal ridge,http://purl.obolibrary.org/obo/UBERON_0000004,
http://purl.obolibrary.org/obo/HP_0000460,Narrow nose,http://purl.obolibrary.org/obo/UBERON_0000004,
http://purl.obolibrary.org/obo/HP_0000463,Anteverted nares,http://purl.obolibrary.org/obo/UBERON_0005928,
http://purl.obolibrary.org/obo/HP_0000464,Abnormality of the neck,http://purl.obolibrary.org/obo/UBERON_0000974,
http://purl.obolibrary.org/obo/HP_0000467,Neck muscle weakness,http://purl.obolibrary.org/obo/UBERON_0002377,
http://purl.obolibrary.org/obo/HP_0000468,Increased adipose tissue around the neck,http://purl.obolibrary.org/obo/UBERON_0001013,
http://purl.obolibrary.org/obo/HP_0000470,Short neck,http://purl.obolibrary.org/obo/UBERON_0000974,
http://purl.obolibrary.org/obo/HP_0000471,Gastrointestinal angiodysplasia,http://purl.obolibrary.org/obo/UBERON_0002049,
http://purl.obolibrary.org/obo/HP_0000472,Long neck,http://purl.obolibrary.org/obo/UBERON_0000974,
http://purl.obolibrary.org/obo/HP_0000475,Broad neck,http://purl.obolibrary.org/obo/UBERON_0000974,
http://purl.obolibrary.org/obo/HP_0000478,Abnormality of the eye,http://purl.obolibrary.org/obo/UBERON_0010230,
http://purl.obolibrary.org/obo/HP_0000479,Abnormal retinal morphology,http://purl.obolibrary.org/obo/UBERON_0000966,
http://purl.obolibrary.org/obo/HP_0000480,Retinal coloboma,http://purl.obolibrary.org/obo/UBERON_0000966,
http://purl.obolibrary.org/obo/HP_0000481,Abnormal cornea morphology,http://purl.obolibrary.org/obo/UBERON_0000964,
http://purl.obolibrary.org/obo/HP_0000482,Microcornea,http://purl.obolibrary.org/obo/UBERON_0000964,
http://purl.obolibrary.org/obo/HP_0000485,Megalocornea,http://purl.obolibrary.org/obo/UBERON_0000964,
http://purl.obolibrary.org/obo/HP_0000486,Strabismus,http://purl.obolibrary.org/obo/UBERON_0010222,
http://purl.obolibrary.org/obo/HP_0000488,Retinopathy,http://purl.obolibrary.org/obo/UBERON_0000966,
http://purl.obolibrary.org/obo/HP_0000490,Deeply set eye,http://purl.obolibrary.org/obo/UBERON_0010230,
http://purl.obolibrary.org/obo/HP_0000492,Abnormal eyelid morphology,http://purl.obolibrary.org/obo/UBERON_0001711,
http://purl.obolibrary.org/obo/HP_0000493,Abnormal foveal morphology,http://purl.obolibrary.org/obo/UBERON_0001786,
http://purl.obolibrary.org/obo/HP_0000494,Downslanted palpebral fissures,http://purl.obolibrary.org/obo/UBERON_0001819,
http://purl.obolibrary.org/obo/HP_0000498,Blepharitis,http://purl.obolibrary.org/obo/UBERON_0001711,
http://purl.obolibrary.org/obo/HP_0000499,Abnormal eyelash morphology,http://purl.obolibrary.org/obo/UBERON_0001702,
http://purl.obolibrary.org/obo/HP_0000502,Abnormal conjunctiva morphology,http://purl.obolibrary.org/obo/UBERON_0001811,
http://purl.obolibrary.org/obo/HP_0000506,Telecanthus,http://purl.obolibrary.org/obo/UBERON_0013678,
http://purl.obolibrary.org/obo/HP_0000508,Ptosis,http://purl.obolibrary.org/obo/UBERON_0001711,
http://purl.obolibrary.org/obo/HP_0000509,Conjunctivitis,http://purl.obolibrary.org/obo/UBERON_0001811,
http://purl.obolibrary.org/obo/HP_0000517,Abnormal lens morphology,http://purl.obolibrary.org/obo/UBERON_0000965,
http://purl.obolibrary.org/obo/HP_0000518,Cataract,http://purl.obolibrary.org/obo/UBERON_0000965,
http://purl.obolibrary.org/obo/HP_0000520,Proptosis,http://purl.obolibrary.org/obo/UBERON_0010230,
http://purl.obolibrary.org/obo/HP_0000524,Conjunctival telangiectasia,http://purl.obolibrary.org/obo/UBERON_0001811,
http://purl.obolibrary.org/obo/HP_0000525,Abnormality iris morphology,http://purl.obolibrary.org/obo/UBERON_0001769,
http://purl.obolibrary.org/obo/HP_0000526,Aniridia,http://purl.obolibrary.org/obo/UBERON_0001769,
http://purl.obolibrary.org/obo/HP_0000527,Long eyelashes,http://purl.obolibrary.org/obo/UBERON_0001702,
http://purl.obolibrary.org/obo/HP_0000528,Anophthalmia,http://purl.obolibrary.org/obo/UBERON_0010230,
http://purl.obolibrary.org/obo/HP_0000532,Abnormal chorioretinal morphology,http://purl.obolibrary.org/obo/UBERON_0000966,
http://purl.obolibrary.org/obo/HP_0000532,Abnormal chorioretinal morphology,http://purl.obolibrary.org/obo/UBERON_0001776,
http://purl.obolibrary.org/obo/HP_0000533,Chorioretinal atrophy,http://purl.obolibrary.org/obo/UBERON_0000966,
http://purl.obolibrary.org/obo/HP_0000533,Chorioretinal atrophy,http://purl.obolibrary.org/obo/UBERON_0001776,
http://purl.obolibrary.org/obo/HP_0000534,Abnormal eyebrow morphology,http://purl.obolibrary.org/obo/UBERON_0010163,
http://purl.obolibrary.org/obo/HP_0000541,Retinal detachment,http://purl.obolibrary.org/obo/UBERON_0000966,
http://purl.obolibrary.org/obo/HP_0000541,Retinal detachment,http://purl.obolibrary.org/obo/UBERON_0010230,
http://purl.obolibrary.org/obo/HP_0000546,Retinal degeneration,http://purl.obolibrary.org/obo/UBERON_0000966,
http://purl.obolibrary.org/obo/HP_0000553,Abnormal uvea morphology,http://purl.obolibrary.org/obo/UBERON_0001768,
http://purl.obolibrary.org/obo/HP_0000554,Uveitis,http://purl.obolibrary.org/obo/UBERON_0001768,
http://purl.obolibrary.org/obo/HP_0000556,Retinal dystrophy,http://purl.obolibrary.org/obo/UBERON_0000966,
http://purl.obolibrary.org/obo/HP_0000559,Corneal scarring,http://purl.obolibrary.org/obo/UBERON_0000964,
http://purl.obolibrary.org/obo/HP_0000561,Absent eyelashes,http://purl.obolibrary.org/obo/UBERON_0001702,
http://purl.obolibrary.org/obo/HP_0000564,Lacrimal duct atresia,http://purl.obolibrary.org/obo/UBERON_0001850,
http://purl.obolibrary.org/obo/HP_0000567,Chorioretinal coloboma,http://purl.obolibrary.org/obo/UBERON_0000966,
http://purl.obolibrary.org/obo/HP_0000567,Chorioretinal coloboma,http://purl.obolibrary.org/obo/UBERON_0001776,
http://purl.obolibrary.org/obo/HP_0000568,Microphthalmia,http://purl.obolibrary.org/obo/UBERON_0010230,
http://purl.obolibrary.org/obo/HP_0000573,Retinal hemorrhage,http://purl.obolibrary.org/obo/UBERON_0000966,
http://purl.obolibrary.org/obo/HP_0000574,Thick eyebrow,http://purl.obolibrary.org/obo/UBERON_0010163,
http://purl.obolibrary.org/obo/HP_0000579,Nasolacrimal duct obstruction,http://purl.obolibrary.org/obo/UBERON_0001850,
http://purl.obolibrary.org/obo/HP_0000581,Blepharophimosis,http://purl.obolibrary.org/obo/UBERON_0001819,
http://purl.obolibrary.org/obo/HP_0000586,Shallow orbits,http://purl.obolibrary.org/obo/UBERON_0001697,
http://purl.obolibrary.org/obo/HP_0000587,Abnormal optic nerve morphology,http://purl.obolibrary.org/obo/UBERON_0000941,
http://purl.obolibrary.org/obo/HP_0000588,Optic disc coloboma,http://purl.obolibrary.org/obo/UBERON_0000941,
http://purl.obolibrary.org/obo/HP_0000589,Coloboma,http://purl.obolibrary.org/obo/UBERON_0010230,
http://purl.obolibrary.org/obo/HP_0000591,Abnormal sclera morphology,http://purl.obolibrary.org/obo/UBERON_0001773,
http://purl.obolibrary.org/obo/HP_0000592,Blue sclerae,http://purl.obolibrary.org/obo/UBERON_0001773,
http://purl.obolibrary.org/obo/HP_0000593,Abnormal anterior chamber morphology,http://purl.obolibrary.org/obo/UBERON_0001766,
http://purl.obolibrary.org/obo/HP_0000598,Abnormality of the ear,http://purl.obolibrary.org/obo/UBERON_0001690,
http://purl.obolibrary.org/obo/HP_0000600,Abnormality of the pharynx,http://purl.obolibrary.org/obo/UBERON_0001042,
http://purl.obolibrary.org/obo/HP_0000601,Hypotelorism,http://purl.obolibrary.org/obo/UBERON_0010222,
http://purl.obolibrary.org/obo/HP_0000602,Ophthalmoplegia,http://purl.obolibrary.org/obo/UBERON_0001601,
http://purl.obolibrary.org/obo/HP_0000606,Abnormality of the periorbital region,http://purl.obolibrary.org/obo/UBERON_0004090,
http://purl.obolibrary.org/obo/HP_0000607,Periorbital wrinkles,http://purl.obolibrary.org/obo/UBERON_0016462,
http://purl.obolibrary.org/obo/HP_0000608,Macular degeneration,http://purl.obolibrary.org/obo/UBERON_0000053,
http://purl.obolibrary.org/obo/HP_0000609,Optic nerve hypoplasia,http://purl.obolibrary.org/obo/UBERON_0000941,
http://purl.obolibrary.org/obo/HP_0000610,Abnormal choroid morphology,http://purl.obolibrary.org/obo/UBERON_0001776,
http://purl.obolibrary.org/obo/HP_0000612,Iris coloboma,http://purl.obolibrary.org/obo/UBERON_0001769,
http://purl.obolibrary.org/obo/HP_0000613,Photophobia,http://purl.obolibrary.org/obo/UBERON_0000019,
http://purl.obolibrary.org/obo/HP_0000614,Abnormal nasolacrimal system morphology,http://purl.obolibrary.org/obo/UBERON_0001850,
http://purl.obolibrary.org/obo/HP_0000615,Abnormal pupil morphology,http://purl.obolibrary.org/obo/UBERON_0001771,
http://purl.obolibrary.org/obo/HP_0000616,Miosis,http://purl.obolibrary.org/obo/UBERON_0001771,
http://purl.obolibrary.org/obo/HP_0000625,Eyelid coloboma,http://purl.obolibrary.org/obo/UBERON_0001711,
http://purl.obolibrary.org/obo/HP_0000630,Abnormal retinal artery morphology,http://purl.obolibrary.org/obo/UBERON_0001637,
http://purl.obolibrary.org/obo/HP_0000631,Retinal arterial tortuosity,http://purl.obolibrary.org/obo/UBERON_0000966,
http://purl.obolibrary.org/obo/HP_0000636,Upper eyelid coloboma,http://purl.obolibrary.org/obo/UBERON_0001712,
http://purl.obolibrary.org/obo/HP_0000637,Long palpebral fissure,http://purl.obolibrary.org/obo/UBERON_0001819,
http://purl.obolibrary.org/obo/HP_0000648,Optic atrophy,http://purl.obolibrary.org/obo/UBERON_0000941,
http://purl.obolibrary.org/obo/HP_0000652,Lower eyelid coloboma,http://purl.obolibrary.org/obo/UBERON_0001713,
http://purl.obolibrary.org/obo/HP_0000653,Sparse eyelashes,http://purl.obolibrary.org/obo/UBERON_0001702,
http://purl.obolibrary.org/obo/HP_0000656,Ectropion,http://purl.obolibrary.org/obo/UBERON_0001711,
http://purl.obolibrary.org/obo/HP_0000658,Eyelid apraxia,http://purl.obolibrary.org/obo/UBERON_0001711,
http://purl.obolibrary.org/obo/HP_0000667,Phthisis bulbi,http://purl.obolibrary.org/obo/UBERON_0010230,
http://purl.obolibrary.org/obo/HP_0000674,Anodontia,http://purl.obolibrary.org/obo/UBERON_0001091,
http://purl.obolibrary.org/obo/HP_0000675,Macrodontia of permanent maxillary central incisor,http://purl.obolibrary.org/obo/UBERON_0016454,
http://purl.obolibrary.org/obo/HP_0000676,Abnormality of the incisor,http://purl.obolibrary.org/obo/UBERON_0001098,
http://purl.obolibrary.org/obo/HP_0000678,Dental crowding,http://purl.obolibrary.org/obo/UBERON_0003672,
http://purl.obolibrary.org/obo/HP_0000679,Taurodontia,http://purl.obolibrary.org/obo/UBERON_0001754,
http://purl.obolibrary.org/obo/HP_0000680,Delayed eruption of primary teeth,http://purl.obolibrary.org/obo/UBERON_0007116,
http://purl.obolibrary.org/obo/HP_0000682,Abnormal dental enamel morphology,http://purl.obolibrary.org/obo/UBERON_0001752,
http://purl.obolibrary.org/obo/HP_0000683,Grayish enamel,http://purl.obolibrary.org/obo/UBERON_0001752,
http://purl.obolibrary.org/obo/HP_0000685,Hypoplasia of teeth,http://purl.obolibrary.org/obo/UBERON_0003672,
http://purl.obolibrary.org/obo/HP_0000689,Dental malocclusion,http://purl.obolibrary.org/obo/UBERON_0009679,
http://purl.obolibrary.org/obo/HP_0000689,Dental malocclusion,http://purl.obolibrary.org/obo/UBERON_0009680,
http://purl.obolibrary.org/obo/HP_0000690,Agenesis of maxillary lateral incisor,http://purl.obolibrary.org/obo/UBERON_0018604,
http://purl.obolibrary.org/obo/HP_0000691,Microdontia,http://purl.obolibrary.org/obo/UBERON_0001091,
http://purl.obolibrary.org/obo/HP_0000692,Tooth malposition,http://purl.obolibrary.org/obo/UBERON_0001091,
http://purl.obolibrary.org/obo/HP_0000692,Tooth malposition,http://purl.obolibrary.org/obo/UBERON_0001708,
http://purl.obolibrary.org/obo/HP_0000696,Delayed eruption of permanent teeth,http://purl.obolibrary.org/obo/UBERON_0007774,
http://purl.obolibrary.org/obo/HP_0000698,Conical tooth,http://purl.obolibrary.org/obo/UBERON_0003672,
http://purl.obolibrary.org/obo/HP_0000703,Dentinogenesis imperfecta,http://purl.obolibrary.org/obo/UBERON_0001751,
http://purl.obolibrary.org/obo/HP_0000704,Periodontitis,http://purl.obolibrary.org/obo/UBERON_0001758,
http://purl.obolibrary.org/obo/HP_0000705,Amelogenesis imperfecta,http://purl.obolibrary.org/obo/UBERON_0001752,
http://purl.obolibrary.org/obo/HP_0000707,Abnormality of the nervous system,http://purl.obolibrary.org/obo/UBERON_0001016,
http://purl.obolibrary.org/obo/HP_0000759,Abnormal peripheral nervous system morphology,http://purl.obolibrary.org/obo/UBERON_0000010,
http://purl.obolibrary.org/obo/HP_0000762,Decreased nerve conduction velocity,,http://purl.obolibrary.org/obo/CL_0000111
http://purl.obolibrary.org/obo/HP_0000763,Sensory neuropathy,http://purl.obolibrary.org/obo/UBERON_0001027,
http://purl.obolibrary.org/obo/HP_0000765,Abnormal thorax morphology,http://purl.obolibrary.org/obo/UBERON_0001443,
http://purl.obolibrary.org/obo/HP_0000766,Abnormal sternum morphology,http://purl.obolibrary.org/obo/UBERON_0000975,
http://purl.obolibrary.org/obo/HP_0000767,Pectus excavatum,http://purl.obolibrary.org/obo/UBERON_0000975,
http://purl.obolibrary.org/obo/HP_0000768,Pectus carinatum,http://purl.obolibrary.org/obo/UBERON_0000975,
http://purl.obolibrary.org/obo/HP_0000769,Abnormality of the breast,http://purl.obolibrary.org/obo/UBERON_0000310,
http://purl.obolibrary.org/obo/HP_0000771,Gynecomastia,http://purl.obolibrary.org/obo/UBERON_0005200,
http://purl.obolibrary.org/obo/HP_0000772,Abnormal rib morphology,http://purl.obolibrary.org/obo/UBERON_0002228,
http://purl.obolibrary.org/obo/HP_0000773,Short ribs,http://purl.obolibrary.org/obo/UBERON_0002228,
http://purl.obolibrary.org/obo/HP_0000774,Narrow chest,http://purl.obolibrary.org/obo/UBERON_0016416,
http://purl.obolibrary.org/obo/HP_0000775,Abnormality of the diaphragm,http://purl.obolibrary.org/obo/UBERON_0001103,
http://purl.obolibrary.org/obo/HP_0000776,Congenital diaphragmatic hernia,http://purl.obolibrary.org/obo/UBERON_0003252,
http://purl.obolibrary.org/obo/HP_0000776,Congenital diaphragmatic hernia,http://purl.obolibrary.org/obo/UBERON_0017672,
http://purl.obolibrary.org/obo/HP_0000777,Abnormal thymus morphology,http://purl.obolibrary.org/obo/UBERON_0002370,
http://purl.obolibrary.org/obo/HP_0000778,Hypoplasia of the thymus,http://purl.obolibrary.org/obo/UBERON_0002370,
http://purl.obolibrary.org/obo/HP_0000782,Abnormal scapula morphology,http://purl.obolibrary.org/obo/UBERON_0006849,
http://purl.obolibrary.org/obo/HP_0000789,Infertility,http://purl.obolibrary.org/obo/UBERON_0000468,
http://purl.obolibrary.org/obo/HP_0000790,Hematuria,http://purl.obolibrary.org/obo/UBERON_0000178,
http://purl.obolibrary.org/obo/HP_0000795,Abnormality of the urethra,http://purl.obolibrary.org/obo/UBERON_0000057,
http://purl.obolibrary.org/obo/HP_0000799,Renal steatosis,http://purl.obolibrary.org/obo/UBERON_0002113,
http://purl.obolibrary.org/obo/HP_0000803,Renal cortical cysts,http://purl.obolibrary.org/obo/UBERON_0001225,
http://purl.obolibrary.org/obo/HP_0000807,Glanular hypospadias,http://purl.obolibrary.org/obo/UBERON_0016409,
http://purl.obolibrary.org/obo/HP_0000807,Glanular hypospadias,http://purl.obolibrary.org/obo/UBERON_0012241,
http://purl.obolibrary.org/obo/HP_0000809,Urinary tract atresia,http://purl.obolibrary.org/obo/UBERON_0001008,
http://purl.obolibrary.org/obo/HP_0000811,Abnormal external genitalia morphology,http://purl.obolibrary.org/obo/UBERON_0004176,
http://purl.obolibrary.org/obo/HP_0000812,Abnormal internal genitalia,http://purl.obolibrary.org/obo/UBERON_0004175,
http://purl.obolibrary.org/obo/HP_0000813,Bicornuate uterus,http://purl.obolibrary.org/obo/UBERON_0000995,
http://purl.obolibrary.org/obo/HP_0000818,Abnormality of the endocrine system,http://purl.obolibrary.org/obo/UBERON_0000949,
http://purl.obolibrary.org/obo/HP_0000820,Abnormality of the thyroid gland,http://purl.obolibrary.org/obo/UBERON_0002046,
http://purl.obolibrary.org/obo/HP_0000821,Hypothyroidism,http://purl.obolibrary.org/obo/UBERON_0002046,
http://purl.obolibrary.org/obo/HP_0000822,Hypertension,http://purl.obolibrary.org/obo/UBERON_0000178,
http://purl.obolibrary.org/obo/HP_0000828,Abnormality of the parathyroid gland,http://purl.obolibrary.org/obo/UBERON_0001132,
http://purl.obolibrary.org/obo/HP_0000829,Hypoparathyroidism,http://purl.obolibrary.org/obo/UBERON_0001132,
http://purl.obolibrary.org/obo/HP_0000832,Primary hypothyroidism,http://purl.obolibrary.org/obo/UBERON_0002046,
http://purl.obolibrary.org/obo/HP_0000834,Abnormality of the adrenal glands,http://purl.obolibrary.org/obo/UBERON_0002369,
http://purl.obolibrary.org/obo/HP_0000835,Adrenal hypoplasia,http://purl.obolibrary.org/obo/UBERON_0002369,
http://purl.obolibrary.org/obo/HP_0000836,Hyperthyroidism,http://purl.obolibrary.org/obo/UBERON_0002046,
http://purl.obolibrary.org/obo/HP_0000837,Increased circulating gonadotropin level,http://purl.obolibrary.org/obo/UBERON_0000178,
http://purl.obolibrary.org/obo/HP_0000841,Hyperactive renin-angiotensin system,http://purl.obolibrary.org/obo/UBERON_0018229,
http://purl.obolibrary.org/obo/HP_0000842,Hyperinsulinemia,http://purl.obolibrary.org/obo/UBERON_0000178,
http://purl.obolibrary.org/obo/HP_0000843,Hyperparathyroidism,http://purl.obolibrary.org/obo/UBERON_0001132,
http://purl.obolibrary.org/obo/HP_0000846,Adrenal insufficiency,http://purl.obolibrary.org/obo/UBERON_0002369,
http://purl.obolibrary.org/obo/HP_0000847,Abnormality of renin-angiotensin system,http://purl.obolibrary.org/obo/UBERON_0018229,
http://purl.obolibrary.org/obo/HP_0000848,Increased circulating renin concentration,http://purl.obolibrary.org/obo/UBERON_0000178,
http://purl.obolibrary.org/obo/HP_0000849,Adrenocortical abnormality,http://purl.obolibrary.org/obo/UBERON_0001235,
http://purl.obolibrary.org/obo/HP_0000853,Goiter,http://purl.obolibrary.org/obo/UBERON_0002046,
http://purl.obolibrary.org/obo/HP_0000859,Increased circulating aldosterone concentration,http://purl.obolibrary.org/obo/UBERON_0000178,
http://purl.obolibrary.org/obo/HP_0000860,Parathyroid hypoplasia,http://purl.obolibrary.org/obo/UBERON_0001132,
http://purl.obolibrary.org/obo/HP_0000864,Abnormality of the hypothalamus-pituitary axis,http://purl.obolibrary.org/obo/UBERON_0004092,
http://purl.obolibrary.org/obo/HP_0000871,Panhypopituitarism,http://purl.obolibrary.org/obo/UBERON_0002196,
http://purl.obolibrary.org/obo/HP_0000879,Short sternum,http://purl.obolibrary.org/obo/UBERON_0000975,
http://purl.obolibrary.org/obo/HP_0000882,Hypoplastic scapulae,http://purl.obolibrary.org/obo/UBERON_0006849,
http://purl.obolibrary.org/obo/HP_0000883,Thin ribs,http://purl.obolibrary.org/obo/UBERON_0002228,
http://purl.obolibrary.org/obo/HP_0000884,Prominent sternum,http://purl.obolibrary.org/obo/UBERON_0000975,
http://purl.obolibrary.org/obo/HP_0000885,Broad ribs,http://purl.obolibrary.org/obo/UBERON_0002228,
http://purl.obolibrary.org/obo/HP_0000886,Deformed rib cage,http://purl.obolibrary.org/obo/UBERON_0003252,
http://purl.obolibrary.org/obo/HP_0000888,Horizontal ribs,http://purl.obolibrary.org/obo/UBERON_0002228,
http://purl.obolibrary.org/obo/HP_0000889,Abnormal clavicle morphology,http://purl.obolibrary.org/obo/UBERON_0001105,
http://purl.obolibrary.org/obo/HP_0000890,Long clavicles,http://purl.obolibrary.org/obo/UBERON_0001105,
http://purl.obolibrary.org/obo/HP_0000892,Bifid ribs,http://purl.obolibrary.org/obo/UBERON_0002228,
http://purl.obolibrary.org/obo/HP_0000893,Bulging of the costochondral junction,http://purl.obolibrary.org/obo/UBERON_0002293,
http://purl.obolibrary.org/obo/HP_0000894,Short clavicles,http://purl.obolibrary.org/obo/UBERON_0001105,
http://purl.obolibrary.org/obo/HP_0000900,Thickened ribs,http://purl.obolibrary.org/obo/UBERON_0002228,
http://purl.obolibrary.org/obo/HP_0000902,Rib fusion,http://purl.obolibrary.org/obo/UBERON_0002228,
http://purl.obolibrary.org/obo/HP_0000904,Flaring of rib cage,http://purl.obolibrary.org/obo/UBERON_0003252,
http://purl.obolibrary.org/obo/HP_0000907,Anterior rib cupping,http://purl.obolibrary.org/obo/UBERON_0002228,
http://purl.obolibrary.org/obo/HP_0000911,Flat glenoid fossa,http://purl.obolibrary.org/obo/UBERON_0006657,
http://purl.obolibrary.org/obo/HP_0000916,Broad clavicles,http://purl.obolibrary.org/obo/UBERON_0001105,
http://purl.obolibrary.org/obo/HP_0000919,Abnormality of the costochondral junction,http://purl.obolibrary.org/obo/UBERON_0002293,
http://purl.obolibrary.org/obo/HP_0000920,Enlargement of the costochondral junction,http://purl.obolibrary.org/obo/UBERON_0002293,
http://purl.obolibrary.org/obo/HP_0000921,Missing ribs,http://purl.obolibrary.org/obo/UBERON_0002228,
http://purl.obolibrary.org/obo/HP_0000924,Abnormality of the skeletal system,http://purl.obolibrary.org/obo/UBERON_0001434,
http://purl.obolibrary.org/obo/HP_0000925,Abnormality of the vertebral column,http://purl.obolibrary.org/obo/UBERON_0001130,
http://purl.obolibrary.org/obo/HP_0000926,Platyspondyly,http://purl.obolibrary.org/obo/UBERON_0002412,
http://purl.obolibrary.org/obo/HP_0000927,Abnormality of skeletal maturation,http://purl.obolibrary.org/obo/UBERON_0004288,
http://purl.obolibrary.org/obo/HP_0000929,Abnormal skull morphology,http://purl.obolibrary.org/obo/UBERON_0003129,
http://purl.obolibrary.org/obo/HP_0000932,Abnormal posterior cranial fossa morphology,http://purl.obolibrary.org/obo/UBERON_0008788,
http://purl.obolibrary.org/obo/HP_0000935,Thickened cortex of long bones,http://purl.obolibrary.org/obo/UBERON_0016422,
http://purl.obolibrary.org/obo/HP_0000938,Osteopenia,http://purl.obolibrary.org/obo/UBERON_0001474,
http://purl.obolibrary.org/obo/HP_0000939,Osteoporosis,http://purl.obolibrary.org/obo/UBERON_0001474,
http://purl.obolibrary.org/obo/HP_0000940,Abnormal diaphysis morphology,http://purl.obolibrary.org/obo/UBERON_0004769,
http://purl.obolibrary.org/obo/HP_0000941,Short diaphyses,http://purl.obolibrary.org/obo/UBERON_0004769,
http://purl.obolibrary.org/obo/HP_0000944,Abnormal metaphysis morphology,http://purl.obolibrary.org/obo/UBERON_0001438,
http://purl.obolibrary.org/obo/HP_0000946,Hypoplastic ilia,http://purl.obolibrary.org/obo/UBERON_0001273,
http://purl.obolibrary.org/obo/HP_0000947,Dumbbell-shaped long bone,http://purl.obolibrary.org/obo/UBERON_0002495,
http://purl.obolibrary.org/obo/HP_0000951,Abnormality of the skin,http://purl.obolibrary.org/obo/UBERON_0002097,
http://purl.obolibrary.org/obo/HP_0000953,Hyperpigmentation of the skin,http://purl.obolibrary.org/obo/UBERON_0002097,
http://purl.obolibrary.org/obo/HP_0000954,Single transverse palmar crease,http://purl.obolibrary.org/obo/UBERON_0019246,
http://purl.obolibrary.org/obo/HP_0000958,Dry skin,http://purl.obolibrary.org/obo/UBERON_0002097,
http://purl.obolibrary.org/obo/HP_0000961,Cyanosis,http://purl.obolibrary.org/obo/UBERON_0002097,
http://purl.obolibrary.org/obo/HP_0000962,Hyperkeratosis,http://purl.obolibrary.org/obo/UBERON_0002027,
http://purl.obolibrary.org/obo/HP_0000963,Thin skin,http://purl.obolibrary.org/obo/UBERON_0002097,
http://purl.obolibrary.org/obo/HP_0000964,Eczematoid dermatitis,http://purl.obolibrary.org/obo/UBERON_0002097,
http://purl.obolibrary.org/obo/HP_0000968,Ectodermal dysplasia,http://purl.obolibrary.org/obo/UBERON_0000924,
http://purl.obolibrary.org/obo/HP_0000969,Edema,http://purl.obolibrary.org/obo/UBERON_0000468,
http://purl.obolibrary.org/obo/HP_0000971,Abnormal sweat gland morphology,http://purl.obolibrary.org/obo/UBERON_0001820,
http://purl.obolibrary.org/obo/HP_0000973,Cutis laxa,http://purl.obolibrary.org/obo/UBERON_0002097,
http://purl.obolibrary.org/obo/HP_0000974,Hyperextensible skin,http://purl.obolibrary.org/obo/UBERON_0002097,
http://purl.obolibrary.org/obo/HP_0000977,Soft skin,http://purl.obolibrary.org/obo/UBERON_0002097,
http://purl.obolibrary.org/obo/HP_0000980,Pallor,http://purl.obolibrary.org/obo/UBERON_0002097,
http://purl.obolibrary.org/obo/HP_0000987,Atypical scarring of skin,http://purl.obolibrary.org/obo/UBERON_0002097,
http://purl.obolibrary.org/obo/HP_0000988,Skin rash,http://purl.obolibrary.org/obo/UBERON_0002097,
http://purl.obolibrary.org/obo/HP_0000992,Cutaneous photosensitivity,http://purl.obolibrary.org/obo/UBERON_0002097,
http://purl.obolibrary.org/obo/HP_0000996,Facial capillary hemangioma,http://purl.obolibrary.org/obo/UBERON_0001982,
http://purl.obolibrary.org/obo/HP_0000998,Hypertrichosis,http://purl.obolibrary.org/obo/UBERON_0001037,
http://purl.obolibrary.org/obo/HP_0001000,Abnormality of skin pigmentation,http://purl.obolibrary.org/obo/UBERON_0000014,
http://purl.obolibrary.org/obo/HP_0001001,Abnormality of subcutaneous fat tissue,http://purl.obolibrary.org/obo/UBERON_0002190,
http://purl.obolibrary.org/obo/HP_0001004,Lymphedema,http://purl.obolibrary.org/obo/UBERON_0006558,
http://purl.obolibrary.org/obo/HP_0001007,Hirsutism,http://purl.obolibrary.org/obo/UBERON_0001037,
http://purl.obolibrary.org/obo/HP_0001010,Hypopigmentation of the skin,http://purl.obolibrary.org/obo/UBERON_0002097,
http://purl.obolibrary.org/obo/HP_0001015,Prominent superficial veins,http://purl.obolibrary.org/obo/UBERON_0035550,
http://purl.obolibrary.org/obo/HP_0001030,Fragile skin,http://purl.obolibrary.org/obo/UBERON_0002097,
http://purl.obolibrary.org/obo/HP_0001036,Parakeratosis,http://purl.obolibrary.org/obo/UBERON_0006915,
http://purl.obolibrary.org/obo/HP_0001043,Prominent scalp veins,http://purl.obolibrary.org/obo/UBERON_0001638,
http://purl.obolibrary.org/obo/HP_0001072,Thickened skin,http://purl.obolibrary.org/obo/UBERON_0002097,
http://purl.obolibrary.org/obo/HP_0001080,Biliary tract abnormality,http://purl.obolibrary.org/obo/UBERON_0001173,
http://purl.obolibrary.org/obo/HP_0001083,Ectopia lentis,http://purl.obolibrary.org/obo/UBERON_0000965,
http://purl.obolibrary.org/obo/HP_0001089,Iris atrophy,http://purl.obolibrary.org/obo/UBERON_0001769,
http://purl.obolibrary.org/obo/HP_0001090,Abnormally large globe,http://purl.obolibrary.org/obo/UBERON_0010230,
http://purl.obolibrary.org/obo/HP_0001092,Absent lacrimal punctum,http://purl.obolibrary.org/obo/UBERON_0010284,
http://purl.obolibrary.org/obo/HP_0001093,Optic nerve dysplasia,http://purl.obolibrary.org/obo/UBERON_0000941,
http://purl.obolibrary.org/obo/HP_0001098,Abnormal fundus morphology,http://purl.obolibrary.org/obo/UBERON_0003951,
http://purl.obolibrary.org/obo/HP_0001099,Fundus atrophy,http://purl.obolibrary.org/obo/UBERON_0003951,
http://purl.obolibrary.org/obo/HP_0001101,Iritis,http://purl.obolibrary.org/obo/UBERON_0001769,
http://purl.obolibrary.org/obo/HP_0001103,Abnormal macular morphology,http://purl.obolibrary.org/obo/UBERON_0000053,
http://purl.obolibrary.org/obo/HP_0001104,Macular hypoplasia,http://purl.obolibrary.org/obo/UBERON_0000053,
http://purl.obolibrary.org/obo/HP_0001105,Retinal atrophy,http://purl.obolibrary.org/obo/UBERON_0000966,
http://purl.obolibrary.org/obo/HP_0001106,Periorbital hyperpigmentation,http://purl.obolibrary.org/obo/UBERON_0004090,
http://purl.obolibrary.org/obo/HP_0001107,Ocular albinism,http://purl.obolibrary.org/obo/UBERON_0010230,
http://purl.obolibrary.org/obo/HP_0001116,Macular coloboma,http://purl.obolibrary.org/obo/UBERON_0000053,
http://purl.obolibrary.org/obo/HP_0001120,Abnormality of corneal size,http://purl.obolibrary.org/obo/UBERON_0000964,
http://purl.obolibrary.org/obo/HP_0001128,Trichiasis,http://purl.obolibrary.org/obo/UBERON_0001702,
http://purl.obolibrary.org/obo/HP_0001131,Corneal dystrophy,http://purl.obolibrary.org/obo/UBERON_0000964,
http://purl.obolibrary.org/obo/HP_0001132,Lens subluxation,http://purl.obolibrary.org/obo/UBERON_0000965,
http://purl.obolibrary.org/obo/HP_0001135,Chorioretinal dystrophy,http://purl.obolibrary.org/obo/UBERON_0000966,
http://purl.obolibrary.org/obo/HP_0001135,Chorioretinal dystrophy,http://purl.obolibrary.org/obo/UBERON_0001776,
http://purl.obolibrary.org/obo/HP_0001138,Optic neuropathy,http://purl.obolibrary.org/obo/UBERON_0000941,
http://purl.obolibrary.org/obo/HP_0001144,Orbital cyst,http://purl.obolibrary.org/obo/UBERON_0004090,
http://purl.obolibrary.org/obo/HP_0001153,Septate vagina,http://purl.obolibrary.org/obo/UBERON_0000996,
http://purl.obolibrary.org/obo/HP_0001155,Abnormality of the hand,http://purl.obolibrary.org/obo/UBERON_0002398,
http://purl.obolibrary.org/obo/HP_0001161,Hand polydactyly,http://purl.obolibrary.org/obo/UBERON_0002389,
http://purl.obolibrary.org/obo/HP_0001162,Postaxial hand polydactyly,http://purl.obolibrary.org/obo/UBERON_0003625,
http://purl.obolibrary.org/obo/HP_0001167,Abnormal finger morphology,http://purl.obolibrary.org/obo/UBERON_0002389,
http://purl.obolibrary.org/obo/HP_0001169,Broad palm,http://purl.obolibrary.org/obo/UBERON_0008878,
http://purl.obolibrary.org/obo/HP_0001172,Abnormal thumb morphology,http://purl.obolibrary.org/obo/UBERON_0001463,
http://purl.obolibrary.org/obo/HP_0001176,Large hands,http://purl.obolibrary.org/obo/UBERON_0002398,
http://purl.obolibrary.org/obo/HP_0001177,Preaxial hand polydactyly,http://purl.obolibrary.org/obo/UBERON_0001463,
http://purl.obolibrary.org/obo/HP_0001182,Tapered finger,http://purl.obolibrary.org/obo/UBERON_0002389,
http://purl.obolibrary.org/obo/HP_0001191,Abnormal carpal morphology,http://purl.obolibrary.org/obo/UBERON_0001435,
http://purl.obolibrary.org/obo/HP_0001196,Short umbilical cord,http://purl.obolibrary.org/obo/UBERON_0002331,
http://purl.obolibrary.org/obo/HP_0001197,Abnormality of prenatal development or birth,http://purl.obolibrary.org/obo/UBERON_0000323,
http://purl.obolibrary.org/obo/HP_0001204,Distal symphalangism of hands,http://purl.obolibrary.org/obo/UBERON_0003865,
http://purl.obolibrary.org/obo/HP_0001204,Distal symphalangism of hands,http://purl.obolibrary.org/obo/UBERON_0003864,
http://purl.obolibrary.org/obo/HP_0001211,Abnormal fingertip morphology,http://purl.obolibrary.org/obo/UBERON_0009552,
http://purl.obolibrary.org/obo/HP_0001212,Prominent fingertip pads,http://purl.obolibrary.org/obo/UBERON_0009552,
http://purl.obolibrary.org/obo/HP_0001216,Delayed ossification of carpal bones,http://purl.obolibrary.org/obo/UBERON_0001435,
http://purl.obolibrary.org/obo/HP_0001217,Clubbing,http://purl.obolibrary.org/obo/UBERON_0002544,
http://purl.obolibrary.org/obo/HP_0001222,Spatulate thumbs,http://purl.obolibrary.org/obo/UBERON_0001463,
http://purl.obolibrary.org/obo/HP_0001225,Wrist swelling,http://purl.obolibrary.org/obo/UBERON_0004452,
http://purl.obolibrary.org/obo/HP_0001227,Abnormality of the thenar eminence,http://purl.obolibrary.org/obo/UBERON_0017716,
http://purl.obolibrary.org/obo/HP_0001230,Broad metacarpals,http://purl.obolibrary.org/obo/UBERON_0002374,
http://purl.obolibrary.org/obo/HP_0001231,Abnormal fingernail morphology,http://purl.obolibrary.org/obo/UBERON_0009565,
http://purl.obolibrary.org/obo/HP_0001232,Nail bed telangiectasia,http://purl.obolibrary.org/obo/UBERON_0005273,
http://purl.obolibrary.org/obo/HP_0001233,2-3 finger cutaneous syndactyly,http://purl.obolibrary.org/obo/UBERON_0003622,
http://purl.obolibrary.org/obo/HP_0001233,2-3 finger cutaneous syndactyly,http://purl.obolibrary.org/obo/UBERON_0003623,
http://purl.obolibrary.org/obo/HP_0001238,Slender finger,http://purl.obolibrary.org/obo/UBERON_0002389,
http://purl.obolibrary.org/obo/HP_0001239,Wrist flexion contracture,http://purl.obolibrary.org/obo/UBERON_0000043,
http://purl.obolibrary.org/obo/HP_0001245,Small thenar eminence,http://purl.obolibrary.org/obo/UBERON_0017716,
http://purl.obolibrary.org/obo/HP_0001252,Hypotonia,http://purl.obolibrary.org/obo/UBERON_0001630,
http://purl.obolibrary.org/obo/HP_0001272,Cerebellar atrophy,http://purl.obolibrary.org/obo/UBERON_0002037,
http://purl.obolibrary.org/obo/HP_0001273,Abnormal corpus callosum morphology,http://purl.obolibrary.org/obo/UBERON_0002336,
http://purl.obolibrary.org/obo/HP_0001274,Agenesis of corpus callosum,http://purl.obolibrary.org/obo/UBERON_0002336,
http://purl.obolibrary.org/obo/HP_0001276,Hypertonia,http://purl.obolibrary.org/obo/UBERON_0001630,
http://purl.obolibrary.org/obo/HP_0001287,Meningitis,http://purl.obolibrary.org/obo/UBERON_0010743,
http://purl.obolibrary.org/obo/HP_0001290,Generalized hypotonia,http://purl.obolibrary.org/obo/UBERON_0001630,
http://purl.obolibrary.org/obo/HP_0001291,Abnormal cranial nerve morphology,http://purl.obolibrary.org/obo/UBERON_0001785,
http://purl.obolibrary.org/obo/HP_0001305,Dandy-Walker malformation,http://purl.obolibrary.org/obo/UBERON_0008788,
http://purl.obolibrary.org/obo/HP_0001317,Abnormal cerebellum morphology,http://purl.obolibrary.org/obo/UBERON_0002037,
http://purl.obolibrary.org/obo/HP_0001320,Cerebellar vermis hypoplasia,http://purl.obolibrary.org/obo/UBERON_0004720,
http://purl.obolibrary.org/obo/HP_0001321,Cerebellar hypoplasia,http://purl.obolibrary.org/obo/UBERON_0002037,
http://purl.obolibrary.org/obo/HP_0001324,Muscle weakness,http://purl.obolibrary.org/obo/UBERON_0001630,
http://purl.obolibrary.org/obo/HP_0001331,Absent septum pellucidum,http://purl.obolibrary.org/obo/UBERON_0004714,
http://purl.obolibrary.org/obo/HP_0001338,Partial agenesis of the corpus callosum,http://purl.obolibrary.org/obo/UBERON_0002336,
http://purl.obolibrary.org/obo/HP_0001341,Olfactory lobe agenesis,http://purl.obolibrary.org/obo/UBERON_0005366,
http://purl.obolibrary.org/obo/HP_0001342,Cerebral hemorrhage,http://purl.obolibrary.org/obo/UBERON_0000955,
http://purl.obolibrary.org/obo/HP_0001362,Calvarial skull defect,http://purl.obolibrary.org/obo/UBERON_0004339,
http://purl.obolibrary.org/obo/HP_0001363,Craniosynostosis,http://purl.obolibrary.org/obo/UBERON_0000982,
http://purl.obolibrary.org/obo/HP_0001367,Abnormal joint morphology,http://purl.obolibrary.org/obo/UBERON_0000982,
http://purl.obolibrary.org/obo/HP_0001369,Arthritis,http://purl.obolibrary.org/obo/UBERON_0000982,
http://purl.obolibrary.org/obo/HP_0001371,Flexion contracture,http://purl.obolibrary.org/obo/UBERON_0000043,
http://purl.obolibrary.org/obo/HP_0001373,Joint dislocation,http://purl.obolibrary.org/obo/UBERON_0000982,
http://purl.obolibrary.org/obo/HP_0001376,Limitation of joint mobility,http://purl.obolibrary.org/obo/UBERON_0000982,
http://purl.obolibrary.org/obo/HP_0001382,Joint hypermobility,http://purl.obolibrary.org/obo/UBERON_0000982,
http://purl.obolibrary.org/obo/HP_0001384,Abnormal hip joint morphology,http://purl.obolibrary.org/obo/UBERON_0001486,
http://purl.obolibrary.org/obo/HP_0001385,Hip dysplasia,http://purl.obolibrary.org/obo/UBERON_0001464,
http://purl.obolibrary.org/obo/HP_0001386,Joint swelling,http://purl.obolibrary.org/obo/UBERON_0000982,
http://purl.obolibrary.org/obo/HP_0001387,Joint stiffness,http://purl.obolibrary.org/obo/UBERON_0000982,
http://purl.obolibrary.org/obo/HP_0001392,Abnormality of the liver,http://purl.obolibrary.org/obo/UBERON_0002107,
http://purl.obolibrary.org/obo/HP_0001395,Hepatic fibrosis,http://purl.obolibrary.org/obo/UBERON_0002107,
http://purl.obolibrary.org/obo/HP_0001399,Hepatic failure,http://purl.obolibrary.org/obo/UBERON_0002107,
http://purl.obolibrary.org/obo/HP_0001405,Periportal fibrosis,http://purl.obolibrary.org/obo/UBERON_0016480,
http://purl.obolibrary.org/obo/HP_0001407,Hepatic cysts,http://purl.obolibrary.org/obo/UBERON_0002107,
http://purl.obolibrary.org/obo/HP_0001409,Portal hypertension,http://purl.obolibrary.org/obo/UBERON_0000178,
http://purl.obolibrary.org/obo/HP_0001410,Decreased liver function,http://purl.obolibrary.org/obo/UBERON_0002107,
http://purl.obolibrary.org/obo/HP_0001421,Abnormality of the musculature of the hand,http://purl.obolibrary.org/obo/UBERON_0004489,
http://purl.obolibrary.org/obo/HP_0001430,Abnormal calf musculature morphology,http://purl.obolibrary.org/obo/UBERON_0004256,
http://purl.obolibrary.org/obo/HP_0001433,Hepatosplenomegaly,http://purl.obolibrary.org/obo/UBERON_0002106,
http://purl.obolibrary.org/obo/HP_0001433,Hepatosplenomegaly,http://purl.obolibrary.org/obo/UBERON_0002107,
http://purl.obolibrary.org/obo/HP_0001435,Abnormality of the shoulder girdle musculature,http://purl.obolibrary.org/obo/UBERON_0001421,
http://purl.obolibrary.org/obo/HP_0001436,Abnormality of the foot musculature,http://purl.obolibrary.org/obo/UBERON_0004488,
http://purl.obolibrary.org/obo/HP_0001437,Abnormality of the musculature of the lower limbs,http://purl.obolibrary.org/obo/UBERON_0004482,
http://purl.obolibrary.org/obo/HP_0001438,Abnormal abdomen morphology,http://purl.obolibrary.org/obo/UBERON_0000916,
http://purl.obolibrary.org/obo/HP_0001440,Metatarsal synostosis,http://purl.obolibrary.org/obo/UBERON_0001448,
http://purl.obolibrary.org/obo/HP_0001441,Abnormality thigh musculature morphology,http://purl.obolibrary.org/obo/UBERON_0004463,
http://purl.obolibrary.org/obo/HP_0001443,Abnormality of the gluteal musculature,http://purl.obolibrary.org/obo/UBERON_0002000,
http://purl.obolibrary.org/obo/HP_0001445,Abnormality of the hip-girdle musculature,http://purl.obolibrary.org/obo/UBERON_0004475,
http://purl.obolibrary.org/obo/HP_0001446,Abnormality of the musculature of the upper limbs,http://purl.obolibrary.org/obo/UBERON_0004481,
http://purl.obolibrary.org/obo/HP_0001449,Duplication of metatarsal bones,http://purl.obolibrary.org/obo/UBERON_0001448,
http://purl.obolibrary.org/obo/HP_0001454,Abnormality of the upper arm,http://purl.obolibrary.org/obo/UBERON_0003822,
http://purl.obolibrary.org/obo/HP_0001457,Abnormality of the musculature of the upper arm,http://purl.obolibrary.org/obo/UBERON_0004474,
http://purl.obolibrary.org/obo/HP_0001460,Aplasia/Hypoplasia involving the skeletal musculature,http://purl.obolibrary.org/obo/UBERON_0001630,
http://purl.obolibrary.org/obo/HP_0001464,Aplasia/Hypoplasia involving the shoulder musculature,http://purl.obolibrary.org/obo/UBERON_0004476,
http://purl.obolibrary.org/obo/HP_0001465,Amyotrophy involving the shoulder musculature,http://purl.obolibrary.org/obo/UBERON_0004476,
http://purl.obolibrary.org/obo/HP_0001467,Aplasia/Hypoplasia involving the musculature of the upper limbs,http://purl.obolibrary.org/obo/UBERON_0004481,
http://purl.obolibrary.org/obo/HP_0001468,Aplasia/Hypoplasia involving the musculature of the upper arm,http://purl.obolibrary.org/obo/UBERON_0004255,
http://purl.obolibrary.org/obo/HP_0001469,Abnormal morphology of the pelvis musculature,http://purl.obolibrary.org/obo/UBERON_0001325,
http://purl.obolibrary.org/obo/HP_0001471,Aplasia/Hypoplasia of the musculature of the pelvis,http://purl.obolibrary.org/obo/UBERON_0001325,
http://purl.obolibrary.org/obo/HP_0001473,Metatarsal osteolysis,http://purl.obolibrary.org/obo/UBERON_0001448,
http://purl.obolibrary.org/obo/HP_0001474,Sclerotic scapulae,http://purl.obolibrary.org/obo/UBERON_0006657,
http://purl.obolibrary.org/obo/HP_0001476,Delayed closure of the anterior fontanelle,http://purl.obolibrary.org/obo/UBERON_0002510,
http://purl.obolibrary.org/obo/HP_0001491,Congenital fibrosis of extraocular muscles,http://purl.obolibrary.org/obo/UBERON_0001601,
http://purl.obolibrary.org/obo/HP_0001495,Carpal osteolysis,http://purl.obolibrary.org/obo/UBERON_0001435,
http://purl.obolibrary.org/obo/HP_0001498,Carpal bone hypoplasia,http://purl.obolibrary.org/obo/UBERON_0001435,
http://purl.obolibrary.org/obo/HP_0001500,Broad finger,http://purl.obolibrary.org/obo/UBERON_0002389,
http://purl.obolibrary.org/obo/HP_0001504,Metacarpal osteolysis,http://purl.obolibrary.org/obo/UBERON_0002374,
http://purl.obolibrary.org/obo/HP_0001513,Obesity,http://purl.obolibrary.org/obo/UBERON_0000468,
http://purl.obolibrary.org/obo/HP_0001528,Hemihypertrophy,http://purl.obolibrary.org/obo/UBERON_0010707,
http://purl.obolibrary.org/obo/HP_0001537,Umbilical hernia,http://purl.obolibrary.org/obo/UBERON_0017672,
http://purl.obolibrary.org/obo/HP_0001537,Umbilical hernia,http://purl.obolibrary.org/obo/UBERON_0007118,
http://purl.obolibrary.org/obo/HP_0001538,Protuberant abdomen,http://purl.obolibrary.org/obo/UBERON_0000916,
http://purl.obolibrary.org/obo/HP_0001539,Omphalocele,http://purl.obolibrary.org/obo/UBERON_0017672,
http://purl.obolibrary.org/obo/HP_0001540,Diastasis recti,http://purl.obolibrary.org/obo/UBERON_0002382,
http://purl.obolibrary.org/obo/HP_0001541,Ascites,http://purl.obolibrary.org/obo/UBERON_0000913,
http://purl.obolibrary.org/obo/HP_0001544,Prominent umbilicus,http://purl.obolibrary.org/obo/UBERON_0007118,
http://purl.obolibrary.org/obo/HP_0001545,Anteriorly placed anus,http://purl.obolibrary.org/obo/UBERON_0001245,
http://purl.obolibrary.org/obo/HP_0001547,Abnormal rib cage morphology,http://purl.obolibrary.org/obo/UBERON_0003252,
http://purl.obolibrary.org/obo/HP_0001549,Abnormal ileum morphology,http://purl.obolibrary.org/obo/UBERON_0002116,
http://purl.obolibrary.org/obo/HP_0001551,Abnormal umbilicus morphology,http://purl.obolibrary.org/obo/UBERON_0007118,
http://purl.obolibrary.org/obo/HP_0001552,Barrel-shaped chest,http://purl.obolibrary.org/obo/UBERON_0016416,
http://purl.obolibrary.org/obo/HP_0001555,Asymmetry of the thorax,http://purl.obolibrary.org/obo/UBERON_0001443,
http://purl.obolibrary.org/obo/HP_0001560,Abnormality of the amniotic fluid,http://purl.obolibrary.org/obo/UBERON_0000173,
http://purl.obolibrary.org/obo/HP_0001561,Polyhydramnios,http://purl.obolibrary.org/obo/UBERON_0000173,
http://purl.obolibrary.org/obo/HP_0001566,Widely-spaced maxillary central incisors,http://purl.obolibrary.org/obo/UBERON_0035116,
http://purl.obolibrary.org/obo/HP_0001572,Macrodontia,http://purl.obolibrary.org/obo/UBERON_0001091,
http://purl.obolibrary.org/obo/HP_0001574,Abnormality of the integument,http://purl.obolibrary.org/obo/UBERON_0002199,
http://purl.obolibrary.org/obo/HP_0001593,Maxillary lateral incisor microdontia,http://purl.obolibrary.org/obo/UBERON_0018604,
http://purl.obolibrary.org/obo/HP_0001595,Abnormal hair morphology,http://purl.obolibrary.org/obo/UBERON_0001037,
http://purl.obolibrary.org/obo/HP_0001597,Abnormal nail morphology,http://purl.obolibrary.org/obo/UBERON_0001705,
http://purl.obolibrary.org/obo/HP_0001600,Abnormality of the larynx,http://purl.obolibrary.org/obo/UBERON_0001737,
http://purl.obolibrary.org/obo/HP_0001602,Laryngeal stenosis,http://purl.obolibrary.org/obo/UBERON_0001737,
http://purl.obolibrary.org/obo/HP_0001604,Vocal cord paresis,http://purl.obolibrary.org/obo/UBERON_0003706,
http://purl.obolibrary.org/obo/HP_0001605,Vocal cord paralysis,http://purl.obolibrary.org/obo/UBERON_0003706,
http://purl.obolibrary.org/obo/HP_0001608,Abnormality of the voice,http://purl.obolibrary.org/obo/UBERON_0034681,
http://purl.obolibrary.org/obo/HP_0001626,Abnormality of the cardiovascular system,http://purl.obolibrary.org/obo/UBERON_0004535,
http://purl.obolibrary.org/obo/HP_0001627,Abnormal heart morphology,http://purl.obolibrary.org/obo/UBERON_0000948,
http://purl.obolibrary.org/obo/HP_0001629,Ventricular septal defect,http://purl.obolibrary.org/obo/UBERON_0002094,
http://purl.obolibrary.org/obo/HP_0001631,Atrial septal defect,http://purl.obolibrary.org/obo/UBERON_0002085,
http://purl.obolibrary.org/obo/HP_0001633,Abnormal mitral valve morphology,http://purl.obolibrary.org/obo/UBERON_0002135,
http://purl.obolibrary.org/obo/HP_0001634,Mitral valve prolapse,http://purl.obolibrary.org/obo/UBERON_0002135,
http://purl.obolibrary.org/obo/HP_0001637,Abnormal myocardium morphology,http://purl.obolibrary.org/obo/UBERON_0002349,
http://purl.obolibrary.org/obo/HP_0001638,Cardiomyopathy,http://purl.obolibrary.org/obo/UBERON_0002349,
http://purl.obolibrary.org/obo/HP_0001640,Cardiomegaly,http://purl.obolibrary.org/obo/UBERON_0000948,
http://purl.obolibrary.org/obo/HP_0001641,Abnormal pulmonary valve morphology,http://purl.obolibrary.org/obo/UBERON_0002146,
http://purl.obolibrary.org/obo/HP_0001642,Pulmonic stenosis,http://purl.obolibrary.org/obo/UBERON_0002146,
http://purl.obolibrary.org/obo/HP_0001643,Patent ductus arteriosus,http://purl.obolibrary.org/obo/UBERON_0005440,
http://purl.obolibrary.org/obo/HP_0001646,Abnormal aortic valve morphology,http://purl.obolibrary.org/obo/UBERON_0002137,
http://purl.obolibrary.org/obo/HP_0001647,Bicuspid aortic valve,http://purl.obolibrary.org/obo/UBERON_0002137,
http://purl.obolibrary.org/obo/HP_0001650,Aortic valve stenosis,http://purl.obolibrary.org/obo/UBERON_0002137,
http://purl.obolibrary.org/obo/HP_0001651,Dextrocardia,http://purl.obolibrary.org/obo/UBERON_0000948,
http://purl.obolibrary.org/obo/HP_0001651,Dextrocardia,http://purl.obolibrary.org/obo/UBERON_0001443,
http://purl.obolibrary.org/obo/HP_0001653,Mitral regurgitation,http://purl.obolibrary.org/obo/UBERON_0002135,
http://purl.obolibrary.org/obo/HP_0001654,Abnormal heart valve morphology,http://purl.obolibrary.org/obo/UBERON_0000946,
http://purl.obolibrary.org/obo/HP_0001655,Patent foramen ovale,http://purl.obolibrary.org/obo/UBERON_0002085,
http://purl.obolibrary.org/obo/HP_0001659,Aortic regurgitation,http://purl.obolibrary.org/obo/UBERON_0002137,
http://purl.obolibrary.org/obo/HP_0001663,Ventricular fibrillation,http://purl.obolibrary.org/obo/UBERON_0002082,
http://purl.obolibrary.org/obo/HP_0001667,Right ventricular hypertrophy,http://purl.obolibrary.org/obo/UBERON_0002080,
http://purl.obolibrary.org/obo/HP_0001671,Abnormal cardiac septum morphology,http://purl.obolibrary.org/obo/UBERON_0002099,
http://purl.obolibrary.org/obo/HP_0001679,Abnormal aortic morphology,http://purl.obolibrary.org/obo/UBERON_0000947,
http://purl.obolibrary.org/obo/HP_0001680,Coarctation of aorta,http://purl.obolibrary.org/obo/UBERON_0000947,
http://purl.obolibrary.org/obo/HP_0001685,Myocardial fibrosis,http://purl.obolibrary.org/obo/UBERON_0002349,
http://purl.obolibrary.org/obo/HP_0001697,Abnormal pericardium morphology,http://purl.obolibrary.org/obo/UBERON_0002407,
http://purl.obolibrary.org/obo/HP_0001700,Myocardial necrosis,http://purl.obolibrary.org/obo/UBERON_0002349,
http://purl.obolibrary.org/obo/HP_0001701,Pericarditis,http://purl.obolibrary.org/obo/UBERON_0002407,
http://purl.obolibrary.org/obo/HP_0001702,Abnormal tricuspid valve morphology,http://purl.obolibrary.org/obo/UBERON_0002134,
http://purl.obolibrary.org/obo/HP_0001704,Tricuspid valve prolapse,http://purl.obolibrary.org/obo/UBERON_0002134,
http://purl.obolibrary.org/obo/HP_0001707,Abnormal right ventricle morphology,http://purl.obolibrary.org/obo/UBERON_0002080,
http://purl.obolibrary.org/obo/HP_0001711,Abnormal left ventricle morphology,http://purl.obolibrary.org/obo/UBERON_0002084,
http://purl.obolibrary.org/obo/HP_0001712,Left ventricular hypertrophy,http://purl.obolibrary.org/obo/UBERON_0002084,
http://purl.obolibrary.org/obo/HP_0001713,Abnormal cardiac ventricle morphology,http://purl.obolibrary.org/obo/UBERON_0002082,
http://purl.obolibrary.org/obo/HP_0001714,Ventricular hypertrophy,http://purl.obolibrary.org/obo/UBERON_0002082,
http://purl.obolibrary.org/obo/HP_0001717,Coronary artery calcification,http://purl.obolibrary.org/obo/UBERON_0001621,
http://purl.obolibrary.org/obo/HP_0001718,Mitral stenosis,http://purl.obolibrary.org/obo/UBERON_0002135,
http://purl.obolibrary.org/obo/HP_0001732,Abnormality of the pancreas,http://purl.obolibrary.org/obo/UBERON_0001264,
http://purl.obolibrary.org/obo/HP_0001733,Pancreatitis,http://purl.obolibrary.org/obo/UBERON_0001264,
http://purl.obolibrary.org/obo/HP_0001735,Acute pancreatitis,http://purl.obolibrary.org/obo/UBERON_0001264,
http://purl.obolibrary.org/obo/HP_0001737,Pancreatic cysts,http://purl.obolibrary.org/obo/UBERON_0001264,
http://purl.obolibrary.org/obo/HP_0001738,Exocrine pancreatic insufficiency,http://purl.obolibrary.org/obo/UBERON_0000017,
http://purl.obolibrary.org/obo/HP_0001739,Abnormal nasopharynx morphology,http://purl.obolibrary.org/obo/UBERON_0001728,
http://purl.obolibrary.org/obo/HP_0001742,Nasal congestion,http://purl.obolibrary.org/obo/UBERON_0000004,
http://purl.obolibrary.org/obo/HP_0001743,Abnormality of the spleen,http://purl.obolibrary.org/obo/UBERON_0002106,
http://purl.obolibrary.org/obo/HP_0001744,Splenomegaly,http://purl.obolibrary.org/obo/UBERON_0002106,
http://purl.obolibrary.org/obo/HP_0001746,Asplenia,http://purl.obolibrary.org/obo/UBERON_0002106,
http://purl.obolibrary.org/obo/HP_0001750,Single ventricle,http://purl.obolibrary.org/obo/UBERON_0002082,
http://purl.obolibrary.org/obo/HP_0001756,Vestibular hyporeflexia,http://purl.obolibrary.org/obo/UBERON_0004681,
http://purl.obolibrary.org/obo/HP_0001760,Abnormal foot morphology,http://purl.obolibrary.org/obo/UBERON_0002387,
http://purl.obolibrary.org/obo/HP_0001761,Pes cavus,http://purl.obolibrary.org/obo/UBERON_0035133,
http://purl.obolibrary.org/obo/HP_0001763,Pes planus,http://purl.obolibrary.org/obo/UBERON_0035133,
http://purl.obolibrary.org/obo/HP_0001769,Broad foot,http://purl.obolibrary.org/obo/UBERON_0002387,
http://purl.obolibrary.org/obo/HP_0001770,Toe syndactyly,http://purl.obolibrary.org/obo/UBERON_0001466,
http://purl.obolibrary.org/obo/HP_0001771,Achilles tendon contracture,http://purl.obolibrary.org/obo/UBERON_0003701,
http://purl.obolibrary.org/obo/HP_0001773,Short foot,http://purl.obolibrary.org/obo/UBERON_0001445,
http://purl.obolibrary.org/obo/HP_0001780,Abnormal toe morphology,http://purl.obolibrary.org/obo/UBERON_0001466,
http://purl.obolibrary.org/obo/HP_0001783,Broad metatarsal,http://purl.obolibrary.org/obo/UBERON_0001448,
http://purl.obolibrary.org/obo/HP_0001785,Ankle swelling,http://purl.obolibrary.org/obo/UBERON_0004454,
http://purl.obolibrary.org/obo/HP_0001786,Narrow foot,http://purl.obolibrary.org/obo/UBERON_0002387,
http://purl.obolibrary.org/obo/HP_0001789,Hydrops fetalis,http://purl.obolibrary.org/obo/UBERON_0000922,
http://purl.obolibrary.org/obo/HP_0001791,Fetal ascites,http://purl.obolibrary.org/obo/UBERON_0000913,
http://purl.obolibrary.org/obo/HP_0001792,Small nail,http://purl.obolibrary.org/obo/UBERON_0001705,
http://purl.obolibrary.org/obo/HP_0001798,Anonychia,http://purl.obolibrary.org/obo/UBERON_0001705,
http://purl.obolibrary.org/obo/HP_0001799,Short nail,http://purl.obolibrary.org/obo/UBERON_0001705,
http://purl.obolibrary.org/obo/HP_0001800,Hypoplastic toenails,http://purl.obolibrary.org/obo/UBERON_0009567,
http://purl.obolibrary.org/obo/HP_0001802,Absent toenail,http://purl.obolibrary.org/obo/UBERON_0009567,
http://purl.obolibrary.org/obo/HP_0001804,Hypoplastic fingernail,http://purl.obolibrary.org/obo/UBERON_0009565,
http://purl.obolibrary.org/obo/HP_0001805,Onychogryphosis,http://purl.obolibrary.org/obo/UBERON_0001705,
http://purl.obolibrary.org/obo/HP_0001806,Onycholysis,http://purl.obolibrary.org/obo/UBERON_0001705,
http://purl.obolibrary.org/obo/HP_0001806,Onycholysis,http://purl.obolibrary.org/obo/UBERON_0005273,
http://purl.obolibrary.org/obo/HP_0001808,Fragile nails,http://purl.obolibrary.org/obo/UBERON_0001705,
http://purl.obolibrary.org/obo/HP_0001809,Split nail,http://purl.obolibrary.org/obo/UBERON_0001705,
http://purl.obolibrary.org/obo/HP_0001810,Dystrophic toenail,http://purl.obolibrary.org/obo/UBERON_0009567,
http://purl.obolibrary.org/obo/HP_0001816,Thin nail,http://purl.obolibrary.org/obo/UBERON_0001705,
http://purl.obolibrary.org/obo/HP_0001817,Absent fingernail,http://purl.obolibrary.org/obo/UBERON_0009565,
http://purl.obolibrary.org/obo/HP_0001821,Broad nail,http://purl.obolibrary.org/obo/UBERON_0001705,
http://purl.obolibrary.org/obo/HP_0001822,Hallux valgus,http://purl.obolibrary.org/obo/UBERON_0003631,
http://purl.obolibrary.org/obo/HP_0001824,Weight loss,http://purl.obolibrary.org/obo/UBERON_0000468,
http://purl.obolibrary.org/obo/HP_0001827,Genital tract atresia,http://purl.obolibrary.org/obo/UBERON_0000990,
http://purl.obolibrary.org/obo/HP_0001829,Foot polydactyly,http://purl.obolibrary.org/obo/UBERON_0001466,
http://purl.obolibrary.org/obo/HP_0001830,Postaxial foot polydactyly,http://purl.obolibrary.org/obo/UBERON_0003635,
http://purl.obolibrary.org/obo/HP_0001831,Short toe,http://purl.obolibrary.org/obo/UBERON_0001466,
http://purl.obolibrary.org/obo/HP_0001832,Abnormal metatarsal morphology,http://purl.obolibrary.org/obo/UBERON_0001448,
http://purl.obolibrary.org/obo/HP_0001833,Long foot,http://purl.obolibrary.org/obo/UBERON_0002387,
http://purl.obolibrary.org/obo/HP_0001836,Camptodactyly of toe,http://purl.obolibrary.org/obo/UBERON_0000043,
http://purl.obolibrary.org/obo/HP_0001837,Broad toe,http://purl.obolibrary.org/obo/UBERON_0001466,
http://purl.obolibrary.org/obo/HP_0001838,Rocker bottom foot,http://purl.obolibrary.org/obo/UBERON_0002395,
http://purl.obolibrary.org/obo/HP_0001841,Preaxial foot polydactyly,http://purl.obolibrary.org/obo/UBERON_0003631,
http://purl.obolibrary.org/obo/HP_0001844,Abnormal hallux morphology,http://purl.obolibrary.org/obo/UBERON_0003631,
http://purl.obolibrary.org/obo/HP_0001847,Long hallux,http://purl.obolibrary.org/obo/UBERON_0003631,
http://purl.obolibrary.org/obo/HP_0001848,Calcaneovalgus deformity,http://purl.obolibrary.org/obo/UBERON_0001450,
http://purl.obolibrary.org/obo/HP_0001849,Foot oligodactyly,http://purl.obolibrary.org/obo/UBERON_0001466,
http://purl.obolibrary.org/obo/HP_0001850,Abnormality of the tarsal bones,http://purl.obolibrary.org/obo/UBERON_0001447,
http://purl.obolibrary.org/obo/HP_0001853,Bifid distal phalanx of toe,http://purl.obolibrary.org/obo/UBERON_0003867,
http://purl.obolibrary.org/obo/HP_0001854,Podagra,http://purl.obolibrary.org/obo/UBERON_0002387,
http://purl.obolibrary.org/obo/HP_0001857,Short distal phalanx of toe,http://purl.obolibrary.org/obo/UBERON_0003867,
http://purl.obolibrary.org/obo/HP_0001859,Distal foot symphalangism,http://purl.obolibrary.org/obo/UBERON_0002387,
http://purl.obolibrary.org/obo/HP_0001863,Toe clinodactyly,http://purl.obolibrary.org/obo/UBERON_0001466,
http://purl.obolibrary.org/obo/HP_0001864,Clinodactyly of the 5th toe,http://purl.obolibrary.org/obo/UBERON_0003635,
http://purl.obolibrary.org/obo/HP_0001868,Autoamputation of foot,http://purl.obolibrary.org/obo/UBERON_0002387,
http://purl.obolibrary.org/obo/HP_0001870,Acroosteolysis of distal phalanges (feet),http://purl.obolibrary.org/obo/UBERON_0002387,
http://purl.obolibrary.org/obo/HP_0001871,Abnormality of blood and blood-forming tissues,http://purl.obolibrary.org/obo/UBERON_0002390,
http://purl.obolibrary.org/obo/HP_0001872,Abnormality of thrombocytes,,http://purl.obolibrary.org/obo/CL_0000233
http://purl.obolibrary.org/obo/HP_0001873,Thrombocytopenia,,http://purl.obolibrary.org/obo/CL_0000233
http://purl.obolibrary.org/obo/HP_0001874,Abnormality of neutrophils,,http://purl.obolibrary.org/obo/CL_0000775
http://purl.obolibrary.org/obo/HP_0001875,Decreased total neutrophil count,,http://purl.obolibrary.org/obo/CL_0000775
http://purl.obolibrary.org/obo/HP_0001876,Pancytopenia,,http://purl.obolibrary.org/obo/CL_0000233
http://purl.obolibrary.org/obo/HP_0001876,Pancytopenia,,http://purl.obolibrary.org/obo/CL_0000232
http://purl.obolibrary.org/obo/HP_0001876,Pancytopenia,,http://purl.obolibrary.org/obo/CL_0000738
http://purl.obolibrary.org/obo/HP_0001877,Abnormal erythrocyte morphology,,http://purl.obolibrary.org/obo/CL_0000232
http://purl.obolibrary.org/obo/HP_0001879,Abnormal eosinophil morphology,,http://purl.obolibrary.org/obo/CL_0000771
http://purl.obolibrary.org/obo/HP_0001880,Increased total eosinophil count,,http://purl.obolibrary.org/obo/CL_0000771
http://purl.obolibrary.org/obo/HP_0001881,Abnormal leukocyte morphology,,http://purl.obolibrary.org/obo/CL_0000738
http://purl.obolibrary.org/obo/HP_0001882,Decreased total leukocyte count,,http://purl.obolibrary.org/obo/CL_0000738
http://purl.obolibrary.org/obo/HP_0001885,Short 2nd toe,http://purl.obolibrary.org/obo/UBERON_0003632,
http://purl.obolibrary.org/obo/HP_0001888,Decreased total lymphocyte count,,http://purl.obolibrary.org/obo/CL_0000542
http://purl.obolibrary.org/obo/HP_0001894,Thrombocytosis,,http://purl.obolibrary.org/obo/CL_0000233
http://purl.obolibrary.org/obo/HP_0001896,Reticulocytopenia,,http://purl.obolibrary.org/obo/CL_0000558
http://purl.obolibrary.org/obo/HP_0001898,Increased red blood cell mass,,http://purl.obolibrary.org/obo/CL_0000764
http://purl.obolibrary.org/obo/HP_0001900,Increased circulating hemoglobin concentration,http://purl.obolibrary.org/obo/UBERON_0000178,
http://purl.obolibrary.org/obo/HP_0001901,Polycythemia,,http://purl.obolibrary.org/obo/CL_0000081
http://purl.obolibrary.org/obo/HP_0001902,Giant platelets,,http://purl.obolibrary.org/obo/CL_0000233
http://purl.obolibrary.org/obo/HP_0001911,Abnormal granulocyte morphology,,http://purl.obolibrary.org/obo/CL_0000094
http://purl.obolibrary.org/obo/HP_0001912,Abnormal basophil morphology,,http://purl.obolibrary.org/obo/CL_0000767
http://purl.obolibrary.org/obo/HP_0001913,Decreased total granulocyte count,,http://purl.obolibrary.org/obo/CL_0000094
http://purl.obolibrary.org/obo/HP_0001920,Renal artery stenosis,http://purl.obolibrary.org/obo/UBERON_0001184,
http://purl.obolibrary.org/obo/HP_0001922,Vacuolated lymphocytes,,http://purl.obolibrary.org/obo/CL_0000542
http://purl.obolibrary.org/obo/HP_0001923,Reticulocytosis,,http://purl.obolibrary.org/obo/CL_0000558
http://purl.obolibrary.org/obo/HP_0001933,Subcutaneous hemorrhage,http://purl.obolibrary.org/obo/UBERON_0011818,
http://purl.obolibrary.org/obo/HP_0001943,Hypoglycemia,http://purl.obolibrary.org/obo/UBERON_0000178,
http://purl.obolibrary.org/obo/HP_0001952,Glucose intolerance,,http://purl.obolibrary.org/obo/CL_0000000
http://purl.obolibrary.org/obo/HP_0001956,Truncal obesity,http://purl.obolibrary.org/obo/UBERON_0002100,
http://purl.obolibrary.org/obo/HP_0001961,Hypoplastic heart,http://purl.obolibrary.org/obo/UBERON_0000948,
http://purl.obolibrary.org/obo/HP_0001964,Aplasia/Hypoplasia of metatarsal bones,http://purl.obolibrary.org/obo/UBERON_0001448,
http://purl.obolibrary.org/obo/HP_0001965,Abnormal scalp morphology,http://purl.obolibrary.org/obo/UBERON_0000403,
http://purl.obolibrary.org/obo/HP_0001966,Abnormal glomerular mesangium morphology,http://purl.obolibrary.org/obo/UBERON_0002319,
http://purl.obolibrary.org/obo/HP_0001974,Increased total leukocyte count,,http://purl.obolibrary.org/obo/CL_0000738
http://purl.obolibrary.org/obo/HP_0001987,Hyperammonemia,http://purl.obolibrary.org/obo/UBERON_0000178,
http://purl.obolibrary.org/obo/HP_0001988,Recurrent hypoglycemia,http://purl.obolibrary.org/obo/UBERON_0000178,
http://purl.obolibrary.org/obo/HP_0001991,Aplasia/Hypoplasia of toe,http://purl.obolibrary.org/obo/UBERON_0001466,
http://purl.obolibrary.org/obo/HP_0001992,Organic aciduria,http://purl.obolibrary.org/obo/UBERON_0001088,
http://purl.obolibrary.org/obo/HP_0001997,Gout,http://purl.obolibrary.org/obo/UBERON_0000982,
http://purl.obolibrary.org/obo/HP_0001999,Abnormal facial shape,http://purl.obolibrary.org/obo/UBERON_0001456,
http://purl.obolibrary.org/obo/HP_0002000,Short columella,http://purl.obolibrary.org/obo/UBERON_0008341,
http://purl.obolibrary.org/obo/HP_0002002,Deep philtrum,http://purl.obolibrary.org/obo/UBERON_0005402,
http://purl.obolibrary.org/obo/HP_0002003,Large forehead,http://purl.obolibrary.org/obo/UBERON_0008200,
http://purl.obolibrary.org/obo/HP_0002006,Tessier cleft,http://purl.obolibrary.org/obo/UBERON_0001456,
http://purl.obolibrary.org/obo/HP_0002007,Frontal bossing,http://purl.obolibrary.org/obo/UBERON_0008200,
http://purl.obolibrary.org/obo/HP_0002010,Narrow maxilla,http://purl.obolibrary.org/obo/UBERON_0002397,
http://purl.obolibrary.org/obo/HP_0002011,Morphological central nervous system abnormality,http://purl.obolibrary.org/obo/UBERON_0001017,
http://purl.obolibrary.org/obo/HP_0002014,Diarrhea,http://purl.obolibrary.org/obo/UBERON_0001988,
http://purl.obolibrary.org/obo/HP_0002021,Pyloric stenosis,http://purl.obolibrary.org/obo/UBERON_0001165,
http://purl.obolibrary.org/obo/HP_0002023,Anal atresia,http://purl.obolibrary.org/obo/UBERON_0001245,
http://purl.obolibrary.org/obo/HP_0002025,Anal stenosis,http://purl.obolibrary.org/obo/UBERON_0000159,
http://purl.obolibrary.org/obo/HP_0002031,Abnormal esophagus morphology,http://purl.obolibrary.org/obo/UBERON_0001043,
http://purl.obolibrary.org/obo/HP_0002032,Esophageal atresia,http://purl.obolibrary.org/obo/UBERON_0001043,
http://purl.obolibrary.org/obo/HP_0002034,Abnormal rectum morphology,http://purl.obolibrary.org/obo/UBERON_0001052,
http://purl.obolibrary.org/obo/HP_0002035,Rectal prolapse,http://purl.obolibrary.org/obo/UBERON_0001052,
http://purl.obolibrary.org/obo/HP_0002036,Hiatus hernia,http://purl.obolibrary.org/obo/UBERON_0000945,
http://purl.obolibrary.org/obo/HP_0002036,Hiatus hernia,http://purl.obolibrary.org/obo/UBERON_0016458,
http://purl.obolibrary.org/obo/HP_0002037,Inflammation of the large intestine,http://purl.obolibrary.org/obo/UBERON_0000059,
http://purl.obolibrary.org/obo/HP_0002048,Renal cortical atrophy,http://purl.obolibrary.org/obo/UBERON_0001225,
http://purl.obolibrary.org/obo/HP_0002056,Abnormality of the glabella,http://purl.obolibrary.org/obo/UBERON_0016440,
http://purl.obolibrary.org/obo/HP_0002057,Prominent glabella,http://purl.obolibrary.org/obo/UBERON_0016440,
http://purl.obolibrary.org/obo/HP_0002059,Cerebral atrophy,http://purl.obolibrary.org/obo/UBERON_0001893,
http://purl.obolibrary.org/obo/HP_0002060,Abnormal cerebral morphology,http://purl.obolibrary.org/obo/UBERON_0001893,
http://purl.obolibrary.org/obo/HP_0002061,Lower limb spasticity,http://purl.obolibrary.org/obo/UBERON_0010709,
http://purl.obolibrary.org/obo/HP_0002070,Limb ataxia,http://purl.obolibrary.org/obo/UBERON_0010707,
http://purl.obolibrary.org/obo/HP_0002078,Truncal ataxia,http://purl.obolibrary.org/obo/UBERON_0002100,
http://purl.obolibrary.org/obo/HP_0002079,Hypoplasia of the corpus callosum,http://purl.obolibrary.org/obo/UBERON_0002336,
http://purl.obolibrary.org/obo/HP_0002084,Encephalocele,http://purl.obolibrary.org/obo/UBERON_0003129,
http://purl.obolibrary.org/obo/HP_0002085,Occipital encephalocele,http://purl.obolibrary.org/obo/UBERON_0000479,
http://purl.obolibrary.org/obo/HP_0002085,Occipital encephalocele,http://purl.obolibrary.org/obo/UBERON_0000955,
http://purl.obolibrary.org/obo/HP_0002085,Occipital encephalocele,http://purl.obolibrary.org/obo/UBERON_0001676,
http://purl.obolibrary.org/obo/HP_0002086,Abnormality of the respiratory system,http://purl.obolibrary.org/obo/UBERON_0001004,
http://purl.obolibrary.org/obo/HP_0002087,Abnormality of the upper respiratory tract,http://purl.obolibrary.org/obo/UBERON_0001557,
http://purl.obolibrary.org/obo/HP_0002088,Abnormal lung morphology,http://purl.obolibrary.org/obo/UBERON_0002048,
http://purl.obolibrary.org/obo/HP_0002089,Pulmonary hypoplasia,http://purl.obolibrary.org/obo/UBERON_0002048,
http://purl.obolibrary.org/obo/HP_0002090,Pneumonia,http://purl.obolibrary.org/obo/UBERON_0002048,
http://purl.obolibrary.org/obo/HP_0002092,Pulmonary arterial hypertension,http://purl.obolibrary.org/obo/UBERON_0000178,
http://purl.obolibrary.org/obo/HP_0002093,Respiratory insufficiency,http://purl.obolibrary.org/obo/UBERON_0001004,
http://purl.obolibrary.org/obo/HP_0002097,Emphysema,http://purl.obolibrary.org/obo/UBERON_0002048,
http://purl.obolibrary.org/obo/HP_0002103,Abnormal pleura morphology,http://purl.obolibrary.org/obo/UBERON_0000977,
http://purl.obolibrary.org/obo/HP_0002118,Abnormal cerebral ventricle morphology,http://purl.obolibrary.org/obo/UBERON_0004086,
http://purl.obolibrary.org/obo/HP_0002119,Ventriculomegaly,http://purl.obolibrary.org/obo/UBERON_0004086,
http://purl.obolibrary.org/obo/HP_0002120,Cerebral cortical atrophy,http://purl.obolibrary.org/obo/UBERON_0000956,
http://purl.obolibrary.org/obo/HP_0002134,Abnormal basal ganglia morphology,http://purl.obolibrary.org/obo/UBERON_0002420,
http://purl.obolibrary.org/obo/HP_0002135,Basal ganglia calcification,http://purl.obolibrary.org/obo/UBERON_0002420,
http://purl.obolibrary.org/obo/HP_0002143,Abnormal spinal cord morphology,http://purl.obolibrary.org/obo/UBERON_0002240,
http://purl.obolibrary.org/obo/HP_0002148,Hypophosphatemia,http://purl.obolibrary.org/obo/UBERON_0000178,
http://purl.obolibrary.org/obo/HP_0002149,Hyperuricemia,http://purl.obolibrary.org/obo/UBERON_0000178,
http://purl.obolibrary.org/obo/HP_0002150,Hypercalciuria,http://purl.obolibrary.org/obo/UBERON_0001088,
http://purl.obolibrary.org/obo/HP_0002151,Increased circulating lactate concentration,http://purl.obolibrary.org/obo/UBERON_0001977,
http://purl.obolibrary.org/obo/HP_0002152,Hyperproteinemia,http://purl.obolibrary.org/obo/UBERON_0000178,
http://purl.obolibrary.org/obo/HP_0002153,Hyperkalemia,http://purl.obolibrary.org/obo/UBERON_0000178,
http://purl.obolibrary.org/obo/HP_0002154,Hyperglycinemia,http://purl.obolibrary.org/obo/UBERON_0000178,
http://purl.obolibrary.org/obo/HP_0002155,Hypertriglyceridemia,http://purl.obolibrary.org/obo/UBERON_0000178,
http://purl.obolibrary.org/obo/HP_0002156,Homocystinuria,http://purl.obolibrary.org/obo/UBERON_0001088,
http://purl.obolibrary.org/obo/HP_0002157,Azotemia,http://purl.obolibrary.org/obo/UBERON_0000178,
http://purl.obolibrary.org/obo/HP_0002159,Heparan sulfate excretion in urine,http://purl.obolibrary.org/obo/UBERON_0001088,
http://purl.obolibrary.org/obo/HP_0002160,Hyperhomocystinemia,http://purl.obolibrary.org/obo/UBERON_0000178,
http://purl.obolibrary.org/obo/HP_0002161,Hyperlysinemia,http://purl.obolibrary.org/obo/UBERON_0000178,
http://purl.obolibrary.org/obo/HP_0002164,Nail dysplasia,http://purl.obolibrary.org/obo/UBERON_0001705,
http://purl.obolibrary.org/obo/HP_0002170,Intracranial hemorrhage,http://purl.obolibrary.org/obo/UBERON_0003128,
http://purl.obolibrary.org/obo/HP_0002180,Neurodegeneration,http://purl.obolibrary.org/obo/UBERON_0001017,
http://purl.obolibrary.org/obo/HP_0002181,Cerebral edema,http://purl.obolibrary.org/obo/UBERON_0001893,
http://purl.obolibrary.org/obo/HP_0002190,Choroid plexus cyst,http://purl.obolibrary.org/obo/UBERON_0001886,
http://purl.obolibrary.org/obo/HP_0002195,Dysgenesis of the cerebellar vermis,http://purl.obolibrary.org/obo/UBERON_0004720,
http://purl.obolibrary.org/obo/HP_0002198,Dilated fourth ventricle,http://purl.obolibrary.org/obo/UBERON_0002422,
http://purl.obolibrary.org/obo/HP_0002202,Pleural effusion,http://purl.obolibrary.org/obo/UBERON_0002402,
http://purl.obolibrary.org/obo/HP_0002206,Pulmonary fibrosis,http://purl.obolibrary.org/obo/UBERON_0002048,
http://purl.obolibrary.org/obo/HP_0002208,Coarse hair,http://purl.obolibrary.org/obo/UBERON_0001037,
http://purl.obolibrary.org/obo/HP_0002209,Sparse scalp hair,http://purl.obolibrary.org/obo/UBERON_0016446,
http://purl.obolibrary.org/obo/HP_0002212,Curly hair,http://purl.obolibrary.org/obo/UBERON_0001037,
http://purl.obolibrary.org/obo/HP_0002213,Fine hair,http://purl.obolibrary.org/obo/UBERON_0001037,
http://purl.obolibrary.org/obo/HP_0002215,Sparse axillary hair,http://purl.obolibrary.org/obo/UBERON_0013699,
http://purl.obolibrary.org/obo/HP_0002219,Facial hypertrichosis,http://purl.obolibrary.org/obo/UBERON_0010171,
http://purl.obolibrary.org/obo/HP_0002221,Absent axillary hair,http://purl.obolibrary.org/obo/UBERON_0013699,
http://purl.obolibrary.org/obo/HP_0002223,Absent eyebrow,http://purl.obolibrary.org/obo/UBERON_0010163,
http://purl.obolibrary.org/obo/HP_0002225,Sparse pubic hair,http://purl.obolibrary.org/obo/UBERON_0013698,
http://purl.obolibrary.org/obo/HP_0002226,White eyebrow,http://purl.obolibrary.org/obo/UBERON_0010163,
http://purl.obolibrary.org/obo/HP_0002227,White eyelashes,http://purl.obolibrary.org/obo/UBERON_0001702,
http://purl.obolibrary.org/obo/HP_0002231,Sparse body hair,http://purl.obolibrary.org/obo/UBERON_0016447,
http://purl.obolibrary.org/obo/HP_0002239,Gastrointestinal hemorrhage,http://purl.obolibrary.org/obo/UBERON_0005409,
http://purl.obolibrary.org/obo/HP_0002240,Hepatomegaly,http://purl.obolibrary.org/obo/UBERON_0002107,
http://purl.obolibrary.org/obo/HP_0002242,Abnormal intestine morphology,http://purl.obolibrary.org/obo/UBERON_0000160,
http://purl.obolibrary.org/obo/HP_0002244,Abnormal small intestine morphology,http://purl.obolibrary.org/obo/UBERON_0002108,
http://purl.obolibrary.org/obo/HP_0002246,Abnormal duodenum morphology,http://purl.obolibrary.org/obo/UBERON_0002114,
http://purl.obolibrary.org/obo/HP_0002247,Duodenal atresia,http://purl.obolibrary.org/obo/UBERON_0002114,
http://purl.obolibrary.org/obo/HP_0002249,Melena,http://purl.obolibrary.org/obo/UBERON_0000178,
http://purl.obolibrary.org/obo/HP_0002250,Abnormal large intestine morphology,http://purl.obolibrary.org/obo/UBERON_0000059,
http://purl.obolibrary.org/obo/HP_0002253,Colonic diverticula,http://purl.obolibrary.org/obo/UBERON_0001155,
http://purl.obolibrary.org/obo/HP_0002256,Small bowel diverticula,http://purl.obolibrary.org/obo/UBERON_0002108,
http://purl.obolibrary.org/obo/HP_0002270,Abnormality of the autonomic nervous system,http://purl.obolibrary.org/obo/UBERON_0002410,
http://purl.obolibrary.org/obo/HP_0002282,Gray matter heterotopia,,http://purl.obolibrary.org/obo/CL_0002319
http://purl.obolibrary.org/obo/HP_0002286,Fair hair,http://purl.obolibrary.org/obo/UBERON_0001037,
http://purl.obolibrary.org/obo/HP_0002293,Alopecia of scalp,http://purl.obolibrary.org/obo/UBERON_0000403,
http://purl.obolibrary.org/obo/HP_0002296,Progressive hypotrichosis,http://purl.obolibrary.org/obo/UBERON_0001037,
http://purl.obolibrary.org/obo/HP_0002297,Red hair,http://purl.obolibrary.org/obo/UBERON_0001037,
http://purl.obolibrary.org/obo/HP_0002298,Absent hair,http://purl.obolibrary.org/obo/UBERON_0001037,
http://purl.obolibrary.org/obo/HP_0002314,Degeneration of the lateral corticospinal tracts,http://purl.obolibrary.org/obo/UBERON_0002589,
http://purl.obolibrary.org/obo/HP_0002334,Abnormal cerebellar vermis morphology,http://purl.obolibrary.org/obo/UBERON_0004720,
http://purl.obolibrary.org/obo/HP_0002335,Agenesis of cerebellar vermis,http://purl.obolibrary.org/obo/UBERON_0004720,
http://purl.obolibrary.org/obo/HP_0002339,Abnormal caudate nucleus morphology,http://purl.obolibrary.org/obo/UBERON_0001873,
http://purl.obolibrary.org/obo/HP_0002340,Caudate atrophy,http://purl.obolibrary.org/obo/UBERON_0001873,
http://purl.obolibrary.org/obo/HP_0002350,Cerebellar cyst,http://purl.obolibrary.org/obo/UBERON_0002037,
http://purl.obolibrary.org/obo/HP_0002352,Leukoencephalopathy,http://purl.obolibrary.org/obo/UBERON_0002437,
http://purl.obolibrary.org/obo/HP_0002363,Abnormal brainstem morphology,http://purl.obolibrary.org/obo/UBERON_0002298,
http://purl.obolibrary.org/obo/HP_0002365,Hypoplasia of the brainstem,http://purl.obolibrary.org/obo/UBERON_0002298,
http://purl.obolibrary.org/obo/HP_0002389,Cavum septum pellucidum,http://purl.obolibrary.org/obo/UBERON_0002742,
http://purl.obolibrary.org/obo/HP_0002395,Lower limb hyperreflexia,http://purl.obolibrary.org/obo/UBERON_0010709,
http://purl.obolibrary.org/obo/HP_0002398,Degeneration of anterior horn cells,,http://purl.obolibrary.org/obo/CL_0000100
http://purl.obolibrary.org/obo/HP_0002404,Thickened superior cerebellar peduncle,http://purl.obolibrary.org/obo/UBERON_0007709,
http://purl.obolibrary.org/obo/HP_0002406,Limb dysmetria,http://purl.obolibrary.org/obo/UBERON_0010707,
http://purl.obolibrary.org/obo/HP_0002410,Aqueductal stenosis,http://purl.obolibrary.org/obo/UBERON_0002289,
http://purl.obolibrary.org/obo/HP_0002418,Abnormal midbrain morphology,http://purl.obolibrary.org/obo/UBERON_0001891,
http://purl.obolibrary.org/obo/HP_0002438,Cerebellar malformation,http://purl.obolibrary.org/obo/UBERON_0002037,
http://purl.obolibrary.org/obo/HP_0002444,Hypothalamic hamartoma,http://purl.obolibrary.org/obo/UBERON_0001898,
http://purl.obolibrary.org/obo/HP_0002446,Astrocytosis,,http://purl.obolibrary.org/obo/CL_0000127
http://purl.obolibrary.org/obo/HP_0002450,Abnormal motor neuron morphology,,http://purl.obolibrary.org/obo/CL_0000100
http://purl.obolibrary.org/obo/HP_0002453,Abnormal globus pallidus morphology,http://purl.obolibrary.org/obo/UBERON_0001875,
http://purl.obolibrary.org/obo/HP_0002454,Eye of the tiger anomaly of globus pallidus,http://purl.obolibrary.org/obo/UBERON_0001875,
http://purl.obolibrary.org/obo/HP_0002461,Cerebellar dentate nucleus calcification,http://purl.obolibrary.org/obo/UBERON_0002132,
http://purl.obolibrary.org/obo/HP_0002472,Small cerebral cortex,http://purl.obolibrary.org/obo/UBERON_0000956,
http://purl.obolibrary.org/obo/HP_0002480,Hepatic encephalopathy,http://purl.obolibrary.org/obo/UBERON_0002107,
http://purl.obolibrary.org/obo/HP_0002490,Increased CSF lactate,http://purl.obolibrary.org/obo/UBERON_0001359,
http://purl.obolibrary.org/obo/HP_0002491,Spasticity of facial muscles,http://purl.obolibrary.org/obo/UBERON_0004473,
http://purl.obolibrary.org/obo/HP_0002492,Abnormal corticospinal tract morphology,http://purl.obolibrary.org/obo/UBERON_0002707,
http://purl.obolibrary.org/obo/HP_0002493,Upper motor neuron dysfunction,,http://purl.obolibrary.org/obo/CL_0000540
http://purl.obolibrary.org/obo/HP_0002500,Abnormal cerebral white matter morphology,http://purl.obolibrary.org/obo/UBERON_0002437,
http://purl.obolibrary.org/obo/HP_0002501,Spasticity of pharyngeal muscles,http://purl.obolibrary.org/obo/UBERON_0000933,
http://purl.obolibrary.org/obo/HP_0002509,Limb hypertonia,http://purl.obolibrary.org/obo/UBERON_0004480,
http://purl.obolibrary.org/obo/HP_0002514,Cerebral calcification,http://purl.obolibrary.org/obo/UBERON_0001893,
http://purl.obolibrary.org/obo/HP_0002522,Areflexia of lower limbs,http://purl.obolibrary.org/obo/UBERON_0010709,
http://purl.obolibrary.org/obo/HP_0002528,Granulovacuolar degeneration,http://purl.obolibrary.org/obo/UBERON_0001954,
http://purl.obolibrary.org/obo/HP_0002529,Neuronal loss in central nervous system,,http://purl.obolibrary.org/obo/CL_0000540
http://purl.obolibrary.org/obo/HP_0002536,Abnormal cortical gyration,http://purl.obolibrary.org/obo/UBERON_0000200,
http://purl.obolibrary.org/obo/HP_0002538,Abnormal cerebral cortex morphology,http://purl.obolibrary.org/obo/UBERON_0000956,
http://purl.obolibrary.org/obo/HP_0002539,Cortical dysplasia,http://purl.obolibrary.org/obo/UBERON_0000956,
http://purl.obolibrary.org/obo/HP_0002550,Absent facial hair,http://purl.obolibrary.org/obo/UBERON_0010171,
http://purl.obolibrary.org/obo/HP_0002552,Trichodysplasia,http://purl.obolibrary.org/obo/UBERON_0001037,
http://purl.obolibrary.org/obo/HP_0002553,Highly arched eyebrow,http://purl.obolibrary.org/obo/UBERON_0010163,
http://purl.obolibrary.org/obo/HP_0002555,Absent pubic hair,http://purl.obolibrary.org/obo/UBERON_0013698,
http://purl.obolibrary.org/obo/HP_0002557,Hypoplastic nipples,http://purl.obolibrary.org/obo/UBERON_0002030,
http://purl.obolibrary.org/obo/HP_0002558,Supernumerary nipple,http://purl.obolibrary.org/obo/UBERON_0002030,
http://purl.obolibrary.org/obo/HP_0002561,Absent nipple,http://purl.obolibrary.org/obo/UBERON_0002030,
http://purl.obolibrary.org/obo/HP_0002562,Low-set nipples,http://purl.obolibrary.org/obo/UBERON_0002030,
http://purl.obolibrary.org/obo/HP_0002566,Intestinal malrotation,http://purl.obolibrary.org/obo/UBERON_0005409,
http://purl.obolibrary.org/obo/HP_0002570,Steatorrhea,http://purl.obolibrary.org/obo/UBERON_0001988,
http://purl.obolibrary.org/obo/HP_0002575,Tracheoesophageal fistula,http://purl.obolibrary.org/obo/UBERON_0001043,
http://purl.obolibrary.org/obo/HP_0002575,Tracheoesophageal fistula,http://purl.obolibrary.org/obo/UBERON_0003126,
http://purl.obolibrary.org/obo/HP_0002577,Abnormal stomach morphology,http://purl.obolibrary.org/obo/UBERON_0000945,
http://purl.obolibrary.org/obo/HP_0002578,Gastroparesis,http://purl.obolibrary.org/obo/UBERON_0008856,
http://purl.obolibrary.org/obo/HP_0002583,Colitis,http://purl.obolibrary.org/obo/UBERON_0001155,
http://purl.obolibrary.org/obo/HP_0002584,Intestinal bleeding,http://purl.obolibrary.org/obo/UBERON_0000160,
http://purl.obolibrary.org/obo/HP_0002585,Abnormal peritoneum morphology,http://purl.obolibrary.org/obo/UBERON_0002358,
http://purl.obolibrary.org/obo/HP_0002586,Peritonitis,http://purl.obolibrary.org/obo/UBERON_0002358,
http://purl.obolibrary.org/obo/HP_0002588,Duodenal ulcer,http://purl.obolibrary.org/obo/UBERON_0002114,
http://purl.obolibrary.org/obo/HP_0002589,Gastrointestinal atresia,http://purl.obolibrary.org/obo/UBERON_0005409,
http://purl.obolibrary.org/obo/HP_0002592,Gastric ulcer,http://purl.obolibrary.org/obo/UBERON_0001199,
http://purl.obolibrary.org/obo/HP_0002594,Pancreatic hypoplasia,http://purl.obolibrary.org/obo/UBERON_0001264,
http://purl.obolibrary.org/obo/HP_0002597,Abnormality of the vasculature,http://purl.obolibrary.org/obo/UBERON_0002049,
http://purl.obolibrary.org/obo/HP_0002600,Hyporeflexia of lower limbs,http://purl.obolibrary.org/obo/UBERON_0010709,
http://purl.obolibrary.org/obo/HP_0002601,Paresis of extensor muscles of the big toe,http://purl.obolibrary.org/obo/UBERON_0000311,
http://purl.obolibrary.org/obo/HP_0002604,Gastrointestinal telangiectasia,http://purl.obolibrary.org/obo/UBERON_0005409,
http://purl.obolibrary.org/obo/HP_0002605,Hepatic necrosis,http://purl.obolibrary.org/obo/UBERON_0002107,
http://purl.obolibrary.org/obo/HP_0002615,Hypotension,http://purl.obolibrary.org/obo/UBERON_0000178,
http://purl.obolibrary.org/obo/HP_0002623,Overriding aorta,http://purl.obolibrary.org/obo/UBERON_0000947,
http://purl.obolibrary.org/obo/HP_0002623,Overriding aorta,http://purl.obolibrary.org/obo/UBERON_0004666,
http://purl.obolibrary.org/obo/HP_0002624,Abnormal venous morphology,http://purl.obolibrary.org/obo/UBERON_0001638,
http://purl.obolibrary.org/obo/HP_0002633,Vasculitis,http://purl.obolibrary.org/obo/UBERON_0001981,
http://purl.obolibrary.org/obo/HP_0002634,Arteriosclerosis,http://purl.obolibrary.org/obo/UBERON_0001637,
http://purl.obolibrary.org/obo/HP_0002636,Dilatation of an abdominal artery,http://purl.obolibrary.org/obo/UBERON_0012254,
http://purl.obolibrary.org/obo/HP_0002644,Abnormal pelvic girdle bone morphology,http://purl.obolibrary.org/obo/UBERON_0007830,
http://purl.obolibrary.org/obo/HP_0002650,Scoliosis,http://purl.obolibrary.org/obo/UBERON_0001130,
http://purl.obolibrary.org/obo/HP_0002652,Skeletal dysplasia,http://purl.obolibrary.org/obo/UBERON_0004288,
http://purl.obolibrary.org/obo/HP_0002656,Epiphyseal dysplasia,http://purl.obolibrary.org/obo/UBERON_0001437,
http://purl.obolibrary.org/obo/HP_0002659,Increased susceptibility to fractures,http://purl.obolibrary.org/obo/UBERON_0001474,
http://purl.obolibrary.org/obo/HP_0002663,Delayed epiphyseal ossification,http://purl.obolibrary.org/obo/UBERON_0001437,
http://purl.obolibrary.org/obo/HP_0002673,Coxa valga,http://purl.obolibrary.org/obo/UBERON_0007119,
http://purl.obolibrary.org/obo/HP_0002673,Coxa valga,http://purl.obolibrary.org/obo/UBERON_0006862,
http://purl.obolibrary.org/obo/HP_0002677,Small foramen magnum,http://purl.obolibrary.org/obo/UBERON_0003687,
http://purl.obolibrary.org/obo/HP_0002678,Skull asymmetry,http://purl.obolibrary.org/obo/UBERON_0003129,
http://purl.obolibrary.org/obo/HP_0002679,Abnormal sella turcica morphology,http://purl.obolibrary.org/obo/UBERON_0003689,
http://purl.obolibrary.org/obo/HP_0002681,Deformed sella turcica,http://purl.obolibrary.org/obo/UBERON_0003689,
http://purl.obolibrary.org/obo/HP_0002682,Broad skull,http://purl.obolibrary.org/obo/UBERON_0003129,
http://purl.obolibrary.org/obo/HP_0002683,Abnormal calvaria morphology,http://purl.obolibrary.org/obo/UBERON_0004339,
http://purl.obolibrary.org/obo/HP_0002684,Thickened calvaria,http://purl.obolibrary.org/obo/UBERON_0004339,
http://purl.obolibrary.org/obo/HP_0002687,Abnormality of frontal sinus,http://purl.obolibrary.org/obo/UBERON_0001760,
http://purl.obolibrary.org/obo/HP_0002688,Absent frontal sinuses,http://purl.obolibrary.org/obo/UBERON_0001760,
http://purl.obolibrary.org/obo/HP_0002689,Absent paranasal sinuses,http://purl.obolibrary.org/obo/UBERON_0001825,
http://purl.obolibrary.org/obo/HP_0002690,Large sella turcica,http://purl.obolibrary.org/obo/UBERON_0003689,
http://purl.obolibrary.org/obo/HP_0002692,Hypoplastic facial bones,http://purl.obolibrary.org/obo/UBERON_0001474,
http://purl.obolibrary.org/obo/HP_0002693,Abnormal skull base morphology,http://purl.obolibrary.org/obo/UBERON_0002517,
http://purl.obolibrary.org/obo/HP_0002694,Sclerosis of skull base,http://purl.obolibrary.org/obo/UBERON_0002517,
http://purl.obolibrary.org/obo/HP_0002696,Abnormal parietal bone morphology,http://purl.obolibrary.org/obo/UBERON_0000210,
http://purl.obolibrary.org/obo/HP_0002699,Abnormal foramen magnum morphology,http://purl.obolibrary.org/obo/UBERON_0003687,
http://purl.obolibrary.org/obo/HP_0002700,Large foramen magnum,http://purl.obolibrary.org/obo/UBERON_0003687,
http://purl.obolibrary.org/obo/HP_0002703,Abnormality of skull ossification,http://purl.obolibrary.org/obo/UBERON_0003129,
http://purl.obolibrary.org/obo/HP_0002707,Palate telangiectasia,http://purl.obolibrary.org/obo/UBERON_0001716,
http://purl.obolibrary.org/obo/HP_0002715,Abnormality of the immune system,http://purl.obolibrary.org/obo/UBERON_0002405,
http://purl.obolibrary.org/obo/HP_0002716,Lymphadenopathy,http://purl.obolibrary.org/obo/UBERON_0000029,
http://purl.obolibrary.org/obo/HP_0002717,Adrenal overactivity,http://purl.obolibrary.org/obo/UBERON_0002369,
http://purl.obolibrary.org/obo/HP_0002720,Decreased circulating IgA concentration,http://purl.obolibrary.org/obo/UBERON_0000178,
http://purl.obolibrary.org/obo/HP_0002732,Lymph node hypoplasia,http://purl.obolibrary.org/obo/UBERON_0000029,
http://purl.obolibrary.org/obo/HP_0002733,Abnormal lymph node morphology,http://purl.obolibrary.org/obo/UBERON_0000029,
http://purl.obolibrary.org/obo/HP_0002737,Thick skull base,http://purl.obolibrary.org/obo/UBERON_0002517,
http://purl.obolibrary.org/obo/HP_0002738,Hypoplastic frontal sinuses,http://purl.obolibrary.org/obo/UBERON_0001760,
http://purl.obolibrary.org/obo/HP_0002749,Osteomalacia,http://purl.obolibrary.org/obo/UBERON_0001474,
http://purl.obolibrary.org/obo/HP_0002750,Delayed skeletal maturation,http://purl.obolibrary.org/obo/UBERON_0004288,
http://purl.obolibrary.org/obo/HP_0002752,Sparse bone trabeculae,http://purl.obolibrary.org/obo/UBERON_0002483,
http://purl.obolibrary.org/obo/HP_0002753,Thin bony cortex,http://purl.obolibrary.org/obo/UBERON_0001439,
http://purl.obolibrary.org/obo/HP_0002754,Osteomyelitis,http://purl.obolibrary.org/obo/UBERON_0001474,
http://purl.obolibrary.org/obo/HP_0002763,Abnormal cartilage morphology,http://purl.obolibrary.org/obo/UBERON_0007844,
http://purl.obolibrary.org/obo/HP_0002764,Stippled chondral calcification,http://purl.obolibrary.org/obo/UBERON_0010996,
http://purl.obolibrary.org/obo/HP_0002766,Relatively short spine,http://purl.obolibrary.org/obo/UBERON_0001130,
http://purl.obolibrary.org/obo/HP_0002777,Tracheal stenosis,http://purl.obolibrary.org/obo/UBERON_0003126,
http://purl.obolibrary.org/obo/HP_0002778,Abnormal tracheal morphology,http://purl.obolibrary.org/obo/UBERON_0003126,
http://purl.obolibrary.org/obo/HP_0002781,Upper airway obstruction,http://purl.obolibrary.org/obo/UBERON_0001557,
http://purl.obolibrary.org/obo/HP_0002787,Tracheal calcification,http://purl.obolibrary.org/obo/UBERON_0003126,
http://purl.obolibrary.org/obo/HP_0002795,Abnormal respiratory system physiology,http://purl.obolibrary.org/obo/UBERON_0001004,
http://purl.obolibrary.org/obo/HP_0002808,Kyphosis,http://purl.obolibrary.org/obo/UBERON_0001130,
http://purl.obolibrary.org/obo/HP_0002810,Dumbbell-shaped metaphyses,http://purl.obolibrary.org/obo/UBERON_0001438,
http://purl.obolibrary.org/obo/HP_0002812,Coxa vara,http://purl.obolibrary.org/obo/UBERON_0006862,
http://purl.obolibrary.org/obo/HP_0002812,Coxa vara,http://purl.obolibrary.org/obo/UBERON_0007119,
http://purl.obolibrary.org/obo/HP_0002813,Abnormal limb bone morphology,http://purl.obolibrary.org/obo/UBERON_0002428,
http://purl.obolibrary.org/obo/HP_0002814,Abnormality of the lower limb,http://purl.obolibrary.org/obo/UBERON_0000978,
http://purl.obolibrary.org/obo/HP_0002815,Abnormality of the knee,http://purl.obolibrary.org/obo/UBERON_0001465,
http://purl.obolibrary.org/obo/HP_0002817,Abnormality of the upper limb,http://purl.obolibrary.org/obo/UBERON_0001460,
http://purl.obolibrary.org/obo/HP_0002818,Abnormal morphology of the radius,http://purl.obolibrary.org/obo/UBERON_0001423,
http://purl.obolibrary.org/obo/HP_0002822,Hyperplasia of the femoral trochanters,http://purl.obolibrary.org/obo/UBERON_0000980,
http://purl.obolibrary.org/obo/HP_0002823,Abnormal femur morphology,http://purl.obolibrary.org/obo/UBERON_0000981,
http://purl.obolibrary.org/obo/HP_0002827,Hip dislocation,http://purl.obolibrary.org/obo/UBERON_0001464,
http://purl.obolibrary.org/obo/HP_0002831,Long coccyx,http://purl.obolibrary.org/obo/UBERON_0001350,
http://purl.obolibrary.org/obo/HP_0002834,Flared femoral metaphysis,http://purl.obolibrary.org/obo/UBERON_0006865,
http://purl.obolibrary.org/obo/HP_0002836,Bladder exstrophy,http://purl.obolibrary.org/obo/UBERON_0001255,
http://purl.obolibrary.org/obo/HP_0002840,Lymphadenitis,http://purl.obolibrary.org/obo/UBERON_0000029,
http://purl.obolibrary.org/obo/HP_0002843,Abnormal T cell morphology,,http://purl.obolibrary.org/obo/CL_0000084
http://purl.obolibrary.org/obo/HP_0002846,Abnormal B cell morphology,,http://purl.obolibrary.org/obo/CL_0000236
http://purl.obolibrary.org/obo/HP_0002849,Absence of lymph node germinal center,http://purl.obolibrary.org/obo/UBERON_0009039,
http://purl.obolibrary.org/obo/HP_0002850,Decreased circulating total IgM,http://purl.obolibrary.org/obo/UBERON_0000178,
http://purl.obolibrary.org/obo/HP_0002866,Hypoplastic iliac wing,http://purl.obolibrary.org/obo/UBERON_0010746,
http://purl.obolibrary.org/obo/HP_0002867,Abnormal ilium morphology,http://purl.obolibrary.org/obo/UBERON_0001273,
http://purl.obolibrary.org/obo/HP_0002868,Narrow iliac wing,http://purl.obolibrary.org/obo/UBERON_0010746,
http://purl.obolibrary.org/obo/HP_0002869,Flared iliac wing,http://purl.obolibrary.org/obo/UBERON_0010746,
http://purl.obolibrary.org/obo/HP_0002900,Hypokalemia,http://purl.obolibrary.org/obo/UBERON_0000178,
http://purl.obolibrary.org/obo/HP_0002901,Hypocalcemia,http://purl.obolibrary.org/obo/UBERON_0000178,
http://purl.obolibrary.org/obo/HP_0002902,Hyponatremia,http://purl.obolibrary.org/obo/UBERON_0000178,
http://purl.obolibrary.org/obo/HP_0002904,Hyperbilirubinemia,http://purl.obolibrary.org/obo/UBERON_0000178,
http://purl.obolibrary.org/obo/HP_0002905,Hyperphosphatemia,http://purl.obolibrary.org/obo/UBERON_0000178,
http://purl.obolibrary.org/obo/HP_0002910,Elevated circulating hepatic transaminase concentration,http://purl.obolibrary.org/obo/UBERON_0002107,
http://purl.obolibrary.org/obo/HP_0002912,Methylmalonic acidemia,http://purl.obolibrary.org/obo/UBERON_0000178,
http://purl.obolibrary.org/obo/HP_0002913,Myoglobinuria,http://purl.obolibrary.org/obo/UBERON_0001088,
http://purl.obolibrary.org/obo/HP_0002914,Hyperchloriduria,http://purl.obolibrary.org/obo/UBERON_0001088,
http://purl.obolibrary.org/obo/HP_0002917,Hypomagnesemia,http://purl.obolibrary.org/obo/UBERON_0000178,
http://purl.obolibrary.org/obo/HP_0002918,Hypermagnesemia,http://purl.obolibrary.org/obo/UBERON_0000178,
http://purl.obolibrary.org/obo/HP_0002919,Ketonuria,http://purl.obolibrary.org/obo/UBERON_0001088,
http://purl.obolibrary.org/obo/HP_0002920,Decreased circulating ACTH concentration,http://purl.obolibrary.org/obo/UBERON_0000178,
http://purl.obolibrary.org/obo/HP_0002921,Abnormal cerebrospinal fluid morphology,http://purl.obolibrary.org/obo/UBERON_0001359,
http://purl.obolibrary.org/obo/HP_0002922,Increased CSF protein concentration,http://purl.obolibrary.org/obo/UBERON_0001359,
http://purl.obolibrary.org/obo/HP_0002926,Abnormality of thyroid physiology,http://purl.obolibrary.org/obo/UBERON_0002046,
http://purl.obolibrary.org/obo/HP_0002927,Histidinuria,http://purl.obolibrary.org/obo/UBERON_0001088,
http://purl.obolibrary.org/obo/HP_0002933,Ventral hernia,http://purl.obolibrary.org/obo/UBERON_0003697,
http://purl.obolibrary.org/obo/HP_0002933,Ventral hernia,http://purl.obolibrary.org/obo/UBERON_0017672,
http://purl.obolibrary.org/obo/HP_0002938,Lumbar hyperlordosis,http://purl.obolibrary.org/obo/UBERON_0006074,
http://purl.obolibrary.org/obo/HP_0002942,Thoracic kyphosis,http://purl.obolibrary.org/obo/UBERON_0006073,
http://purl.obolibrary.org/obo/HP_0002943,Thoracic scoliosis,http://purl.obolibrary.org/obo/UBERON_0006073,
http://purl.obolibrary.org/obo/HP_0002944,Thoracolumbar scoliosis,http://purl.obolibrary.org/obo/UBERON_0009568,
http://purl.obolibrary.org/obo/HP_0002945,Intervertebral space narrowing,http://purl.obolibrary.org/obo/UBERON_0001066,
http://purl.obolibrary.org/obo/HP_0002946,Supernumerary vertebrae,http://purl.obolibrary.org/obo/UBERON_0002412,
http://purl.obolibrary.org/obo/HP_0002947,Cervical kyphosis,http://purl.obolibrary.org/obo/UBERON_0006072,
http://purl.obolibrary.org/obo/HP_0002948,Vertebral fusion,http://purl.obolibrary.org/obo/UBERON_0001075,
http://purl.obolibrary.org/obo/HP_0002948,Vertebral fusion,http://purl.obolibrary.org/obo/UBERON_0002412,
http://purl.obolibrary.org/obo/HP_0002949,Fused cervical vertebrae,http://purl.obolibrary.org/obo/UBERON_0002413,
http://purl.obolibrary.org/obo/HP_0002970,Genu varum,http://purl.obolibrary.org/obo/UBERON_0003823,
http://purl.obolibrary.org/obo/HP_0002973,Abnormal forearm morphology,http://purl.obolibrary.org/obo/UBERON_0002386,
http://purl.obolibrary.org/obo/HP_0002974,Radioulnar synostosis,http://purl.obolibrary.org/obo/UBERON_0001474,
http://purl.obolibrary.org/obo/HP_0002977,Aplasia/Hypoplasia involving the central nervous system,http://purl.obolibrary.org/obo/UBERON_0001017,
http://purl.obolibrary.org/obo/HP_0002979,Bowing of the legs,http://purl.obolibrary.org/obo/UBERON_0003823,
http://purl.obolibrary.org/obo/HP_0002980,Femoral bowing,http://purl.obolibrary.org/obo/UBERON_0000981,
http://purl.obolibrary.org/obo/HP_0002981,Abnormality of the calf,http://purl.obolibrary.org/obo/UBERON_0003823,
http://purl.obolibrary.org/obo/HP_0002982,Tibial bowing,http://purl.obolibrary.org/obo/UBERON_0000979,
http://purl.obolibrary.org/obo/HP_0002983,Micromelia,http://purl.obolibrary.org/obo/UBERON_0010707,
http://purl.obolibrary.org/obo/HP_0002984,Hypoplasia of the radius,http://purl.obolibrary.org/obo/UBERON_0001423,
http://purl.obolibrary.org/obo/HP_0002986,Radial bowing,http://purl.obolibrary.org/obo/UBERON_0001423,
http://purl.obolibrary.org/obo/HP_0002987,Elbow flexion contracture,http://purl.obolibrary.org/obo/UBERON_0000043,
http://purl.obolibrary.org/obo/HP_0002990,Fibular aplasia,http://purl.obolibrary.org/obo/UBERON_0001446,
http://purl.obolibrary.org/obo/HP_0002991,Abnormal fibula morphology,http://purl.obolibrary.org/obo/UBERON_0001446,
http://purl.obolibrary.org/obo/HP_0002992,Abnormal tibia morphology,http://purl.obolibrary.org/obo/UBERON_0000979,
http://purl.obolibrary.org/obo/HP_0002999,Patellar dislocation,http://purl.obolibrary.org/obo/UBERON_0002446,
http://purl.obolibrary.org/obo/HP_0003011,Abnormality of the musculature,http://purl.obolibrary.org/obo/UBERON_0001015,
http://purl.obolibrary.org/obo/HP_0003015,Flared metaphysis,http://purl.obolibrary.org/obo/UBERON_0001438,
http://purl.obolibrary.org/obo/HP_0003016,Metaphyseal widening,http://purl.obolibrary.org/obo/UBERON_0001438,
http://purl.obolibrary.org/obo/HP_0003019,Abnormality of the wrist,http://purl.obolibrary.org/obo/UBERON_0004452,
http://purl.obolibrary.org/obo/HP_0003022,Hypoplasia of the ulna,http://purl.obolibrary.org/obo/UBERON_0001424,
http://purl.obolibrary.org/obo/HP_0003025,Metaphyseal irregularity,http://purl.obolibrary.org/obo/UBERON_0001438,
http://purl.obolibrary.org/obo/HP_0003026,Short long bone,http://purl.obolibrary.org/obo/UBERON_0002495,
http://purl.obolibrary.org/obo/HP_0003028,Abnormality of the ankle,http://purl.obolibrary.org/obo/UBERON_0004454,
http://purl.obolibrary.org/obo/HP_0003029,Enlargement of the ankles,http://purl.obolibrary.org/obo/UBERON_0004454,
http://purl.obolibrary.org/obo/HP_0003031,Ulnar bowing,http://purl.obolibrary.org/obo/UBERON_0001424,
http://purl.obolibrary.org/obo/HP_0003034,Diaphyseal sclerosis,http://purl.obolibrary.org/obo/UBERON_0004769,
http://purl.obolibrary.org/obo/HP_0003037,Enlarged joints,http://purl.obolibrary.org/obo/UBERON_0000982,
http://purl.obolibrary.org/obo/HP_0003038,Fibular hypoplasia,http://purl.obolibrary.org/obo/UBERON_0001446,
http://purl.obolibrary.org/obo/HP_0003042,Elbow dislocation,http://purl.obolibrary.org/obo/UBERON_0000982,
http://purl.obolibrary.org/obo/HP_0003043,Abnormal shoulder morphology,http://purl.obolibrary.org/obo/UBERON_0001467,
http://purl.obolibrary.org/obo/HP_0003044,Shoulder flexion contracture,http://purl.obolibrary.org/obo/UBERON_0000043,
http://purl.obolibrary.org/obo/HP_0003045,Abnormal patella morphology,http://purl.obolibrary.org/obo/UBERON_0002446,
http://purl.obolibrary.org/obo/HP_0003048,Radial head subluxation,http://purl.obolibrary.org/obo/UBERON_0001012,
http://purl.obolibrary.org/obo/HP_0003048,Radial head subluxation,http://purl.obolibrary.org/obo/UBERON_0000982,
http://purl.obolibrary.org/obo/HP_0003049,Ulnar deviation of the wrist,http://purl.obolibrary.org/obo/UBERON_0004452,
http://purl.obolibrary.org/obo/HP_0003051,Enlarged metaphyses,http://purl.obolibrary.org/obo/UBERON_0001438,
http://purl.obolibrary.org/obo/HP_0003059,Abnormality of the radioulnar joints,http://purl.obolibrary.org/obo/UBERON_0001528,
http://purl.obolibrary.org/obo/HP_0003065,Patellar hypoplasia,http://purl.obolibrary.org/obo/UBERON_0002446,
http://purl.obolibrary.org/obo/HP_0003071,Flattened epiphysis,http://purl.obolibrary.org/obo/UBERON_0001437,
http://purl.obolibrary.org/obo/HP_0003072,Hypercalcemia,http://purl.obolibrary.org/obo/UBERON_0000178,
http://purl.obolibrary.org/obo/HP_0003073,Hypoalbuminemia,http://purl.obolibrary.org/obo/UBERON_0000178,
http://purl.obolibrary.org/obo/HP_0003074,Hyperglycemia,http://purl.obolibrary.org/obo/UBERON_0000178,
http://purl.obolibrary.org/obo/HP_0003075,Hypoproteinemia,http://purl.obolibrary.org/obo/UBERON_0000178,
http://purl.obolibrary.org/obo/HP_0003076,Glycosuria,http://purl.obolibrary.org/obo/UBERON_0001088,
http://purl.obolibrary.org/obo/HP_0003077,Hyperlipidemia,http://purl.obolibrary.org/obo/UBERON_0000178,
http://purl.obolibrary.org/obo/HP_0003080,Hydroxyprolinuria,http://purl.obolibrary.org/obo/UBERON_0001088,
http://purl.obolibrary.org/obo/HP_0003081,Increased urinary potassium,http://purl.obolibrary.org/obo/UBERON_0001088,
http://purl.obolibrary.org/obo/HP_0003083,Dislocated radial head,http://purl.obolibrary.org/obo/UBERON_0001012,
http://purl.obolibrary.org/obo/HP_0003084,Recurrent long bone fractures,http://purl.obolibrary.org/obo/UBERON_0002495,
http://purl.obolibrary.org/obo/HP_0003085,Long fibula,http://purl.obolibrary.org/obo/UBERON_0001446,
http://purl.obolibrary.org/obo/HP_0003090,Hypoplasia of the capital femoral epiphysis,http://purl.obolibrary.org/obo/UBERON_0004412,
http://purl.obolibrary.org/obo/HP_0003097,Short femur,http://purl.obolibrary.org/obo/UBERON_0000981,
http://purl.obolibrary.org/obo/HP_0003099,Fibular overgrowth,http://purl.obolibrary.org/obo/UBERON_0001446,
http://purl.obolibrary.org/obo/HP_0003100,Slender long bone,http://purl.obolibrary.org/obo/UBERON_0002495,
http://purl.obolibrary.org/obo/HP_0003103,Abnormal cortical bone morphology,http://purl.obolibrary.org/obo/UBERON_0001439,
http://purl.obolibrary.org/obo/HP_0003107,Abnormal circulating cholesterol concentration,http://purl.obolibrary.org/obo/UBERON_0000178,
http://purl.obolibrary.org/obo/HP_0003108,Hyperglycinuria,http://purl.obolibrary.org/obo/UBERON_0001088,
http://purl.obolibrary.org/obo/HP_0003109,Hyperphosphaturia,http://purl.obolibrary.org/obo/UBERON_0001088,
http://purl.obolibrary.org/obo/HP_0003110,Abnormality of urine homeostasis,http://purl.obolibrary.org/obo/UBERON_0001088,
http://purl.obolibrary.org/obo/HP_0003111,Abnormal blood ion concentration,http://purl.obolibrary.org/obo/UBERON_0000178,
http://purl.obolibrary.org/obo/HP_0003112,Abnormal circulating amino acid concentration,http://purl.obolibrary.org/obo/UBERON_0000178,
http://purl.obolibrary.org/obo/HP_0003113,Hypochloremia,http://purl.obolibrary.org/obo/UBERON_0000178,
http://purl.obolibrary.org/obo/HP_0003117,Abnormal circulating hormone concentration,http://purl.obolibrary.org/obo/UBERON_0000178,
http://purl.obolibrary.org/obo/HP_0003118,Increased circulating cortisol level,http://purl.obolibrary.org/obo/UBERON_0000178,
http://purl.obolibrary.org/obo/HP_0003119,Abnormal circulating lipid concentration,http://purl.obolibrary.org/obo/UBERON_0000178,
http://purl.obolibrary.org/obo/HP_0003121,Limb joint contracture,http://purl.obolibrary.org/obo/UBERON_0010707,
http://purl.obolibrary.org/obo/HP_0003124,Hypercholesterolemia,http://purl.obolibrary.org/obo/UBERON_0000178,
http://purl.obolibrary.org/obo/HP_0003127,Hypocalciuria,http://purl.obolibrary.org/obo/UBERON_0001088,
http://purl.obolibrary.org/obo/HP_0003128,Lactic acidosis,http://purl.obolibrary.org/obo/UBERON_0000178,
http://purl.obolibrary.org/obo/HP_0003131,Cystinuria,http://purl.obolibrary.org/obo/UBERON_0001088,
http://purl.obolibrary.org/obo/HP_0003133,Abnormality of the spinocerebellar tracts,http://purl.obolibrary.org/obo/UBERON_0005413,
http://purl.obolibrary.org/obo/HP_0003134,Abnormality of peripheral nerve conduction,,http://purl.obolibrary.org/obo/CL_0000111
http://purl.obolibrary.org/obo/HP_0003137,Prolinuria,http://purl.obolibrary.org/obo/UBERON_0001088,
http://purl.obolibrary.org/obo/HP_0003138,Increased blood urea nitrogen,http://purl.obolibrary.org/obo/UBERON_0000178,
http://purl.obolibrary.org/obo/HP_0003141,Increased LDL cholesterol concentration,http://purl.obolibrary.org/obo/UBERON_0000178,
http://purl.obolibrary.org/obo/HP_0003144,Increased serum serotonin,http://purl.obolibrary.org/obo/UBERON_0001977,
http://purl.obolibrary.org/obo/HP_0003146,Hypocholesterolemia,http://purl.obolibrary.org/obo/UBERON_0000178,
http://purl.obolibrary.org/obo/HP_0003149,Hyperuricosuria,http://purl.obolibrary.org/obo/UBERON_0001088,
http://purl.obolibrary.org/obo/HP_0003150,Glutaric aciduria,http://purl.obolibrary.org/obo/UBERON_0001088,
http://purl.obolibrary.org/obo/HP_0003153,Cystathioninuria,http://purl.obolibrary.org/obo/UBERON_0001088,
http://purl.obolibrary.org/obo/HP_0003154,Increased circulating ACTH level,http://purl.obolibrary.org/obo/UBERON_0000178,
http://purl.obolibrary.org/obo/HP_0003159,Hyperoxaluria,http://purl.obolibrary.org/obo/UBERON_0001088,
http://purl.obolibrary.org/obo/HP_0003161,4-Hydroxyphenylpyruvic aciduria,http://purl.obolibrary.org/obo/UBERON_0001088,
http://purl.obolibrary.org/obo/HP_0003163,Elevated urinary delta-aminolevulinic acid,http://purl.obolibrary.org/obo/UBERON_0001088,
http://purl.obolibrary.org/obo/HP_0003165,Elevated circulating parathyroid hormone level,http://purl.obolibrary.org/obo/UBERON_0001977,
http://purl.obolibrary.org/obo/HP_0003166,Increased urinary taurine,http://purl.obolibrary.org/obo/UBERON_0001088,
http://purl.obolibrary.org/obo/HP_0003167,Carnosinuria,http://purl.obolibrary.org/obo/UBERON_0001088,
http://purl.obolibrary.org/obo/HP_0003170,Abnormal acetabulum morphology,http://purl.obolibrary.org/obo/UBERON_0001269,
http://purl.obolibrary.org/obo/HP_0003172,Abnormal pubic bone morphology,http://purl.obolibrary.org/obo/UBERON_0001275,
http://purl.obolibrary.org/obo/HP_0003173,Hypoplastic pubic bone,http://purl.obolibrary.org/obo/UBERON_0001275,
http://purl.obolibrary.org/obo/HP_0003174,Abnormal ischium morphology,http://purl.obolibrary.org/obo/UBERON_0001274,
http://purl.obolibrary.org/obo/HP_0003175,Hypoplastic ischia,http://purl.obolibrary.org/obo/UBERON_0001274,
http://purl.obolibrary.org/obo/HP_0003177,Squared iliac bones,http://purl.obolibrary.org/obo/UBERON_0001273,
http://purl.obolibrary.org/obo/HP_0003179,Protrusio acetabuli,http://purl.obolibrary.org/obo/UBERON_0001269,
http://purl.obolibrary.org/obo/HP_0003182,Shallow acetabular fossae,http://purl.obolibrary.org/obo/UBERON_0014445,
http://purl.obolibrary.org/obo/HP_0003183,Wide pubic symphysis,http://purl.obolibrary.org/obo/UBERON_0003699,
http://purl.obolibrary.org/obo/HP_0003186,Inverted nipples,http://purl.obolibrary.org/obo/UBERON_0002030,
http://purl.obolibrary.org/obo/HP_0003187,Breast hypoplasia,http://purl.obolibrary.org/obo/UBERON_0000310,
http://purl.obolibrary.org/obo/HP_0003189,Long nose,http://purl.obolibrary.org/obo/UBERON_0000004,
http://purl.obolibrary.org/obo/HP_0003191,Cleft ala nasi,http://purl.obolibrary.org/obo/UBERON_0006906,
http://purl.obolibrary.org/obo/HP_0003194,Short nasal bridge,http://purl.obolibrary.org/obo/UBERON_0001681,
http://purl.obolibrary.org/obo/HP_0003196,Short nose,http://purl.obolibrary.org/obo/UBERON_0000004,
http://purl.obolibrary.org/obo/HP_0003198,Myopathy,http://purl.obolibrary.org/obo/UBERON_0001015,
http://purl.obolibrary.org/obo/HP_0003199,Decreased muscle mass,http://purl.obolibrary.org/obo/UBERON_0001630,
http://purl.obolibrary.org/obo/HP_0003202,Skeletal muscle atrophy,http://purl.obolibrary.org/obo/UBERON_0018254,
http://purl.obolibrary.org/obo/HP_0003207,Arterial calcification,http://purl.obolibrary.org/obo/UBERON_0001637,
http://purl.obolibrary.org/obo/HP_0003212,Increased circulating IgE concentration,http://purl.obolibrary.org/obo/UBERON_0000178,
http://purl.obolibrary.org/obo/HP_0003215,Dicarboxylic aciduria,http://purl.obolibrary.org/obo/UBERON_0001088,
http://purl.obolibrary.org/obo/HP_0003217,Hyperglutaminemia,http://purl.obolibrary.org/obo/UBERON_0000178,
http://purl.obolibrary.org/obo/HP_0003218,Oroticaciduria,http://purl.obolibrary.org/obo/UBERON_0001088,
http://purl.obolibrary.org/obo/HP_0003219,Ethylmalonic aciduria,http://purl.obolibrary.org/obo/UBERON_0001088,
http://purl.obolibrary.org/obo/HP_0003228,Hypernatremia,http://purl.obolibrary.org/obo/UBERON_0000178,
http://purl.obolibrary.org/obo/HP_0003231,Hypertyrosinemia,http://purl.obolibrary.org/obo/UBERON_0000178,
http://purl.obolibrary.org/obo/HP_0003233,Decreased HDL cholesterol concentration,http://purl.obolibrary.org/obo/UBERON_0000178,
http://purl.obolibrary.org/obo/HP_0003234,Decreased circulating carnitine concentration,http://purl.obolibrary.org/obo/UBERON_0000178,
http://purl.obolibrary.org/obo/HP_0003235,Hypermethioninemia,http://purl.obolibrary.org/obo/UBERON_0000178,
http://purl.obolibrary.org/obo/HP_0003236,Elevated circulating creatine kinase concentration,http://purl.obolibrary.org/obo/UBERON_0000178,
http://purl.obolibrary.org/obo/HP_0003237,Increased circulating IgG concentration,http://purl.obolibrary.org/obo/UBERON_0000178,
http://purl.obolibrary.org/obo/HP_0003239,Phosphoethanolaminuria,http://purl.obolibrary.org/obo/UBERON_0001088,
http://purl.obolibrary.org/obo/HP_0003241,External genital hypoplasia,http://purl.obolibrary.org/obo/UBERON_0000990,
http://purl.obolibrary.org/obo/HP_0003244,Penile hypospadias,http://purl.obolibrary.org/obo/UBERON_0017659,
http://purl.obolibrary.org/obo/HP_0003244,Penile hypospadias,http://purl.obolibrary.org/obo/UBERON_0012241,
http://purl.obolibrary.org/obo/HP_0003246,Prominent scrotal raphe,http://purl.obolibrary.org/obo/UBERON_0017732,
http://purl.obolibrary.org/obo/HP_0003247,Overgrowth of external genitalia,http://purl.obolibrary.org/obo/UBERON_0004176,
http://purl.obolibrary.org/obo/HP_0003250,Aplasia of the vagina,http://purl.obolibrary.org/obo/UBERON_0000996,
http://purl.obolibrary.org/obo/HP_0003251,Male infertility,http://purl.obolibrary.org/obo/UBERON_0000468,
http://purl.obolibrary.org/obo/HP_0003252,Anteriorly displaced genitalia,http://purl.obolibrary.org/obo/UBERON_0000990,
http://purl.obolibrary.org/obo/HP_0003259,Elevated circulating creatinine concentration,http://purl.obolibrary.org/obo/UBERON_0001977,
http://purl.obolibrary.org/obo/HP_0003260,Hydroxyprolinemia,http://purl.obolibrary.org/obo/UBERON_0000178,
http://purl.obolibrary.org/obo/HP_0003261,Increased circulating IgA concentration,http://purl.obolibrary.org/obo/UBERON_0000178,
http://purl.obolibrary.org/obo/HP_0003268,Argininuria,http://purl.obolibrary.org/obo/UBERON_0001088,
http://purl.obolibrary.org/obo/HP_0003270,Abdominal distention,http://purl.obolibrary.org/obo/UBERON_0000916,
http://purl.obolibrary.org/obo/HP_0003271,Visceromegaly,http://purl.obolibrary.org/obo/UBERON_0017672,
http://purl.obolibrary.org/obo/HP_0003272,Abnormal hip bone morphology,http://purl.obolibrary.org/obo/UBERON_0001272,
http://purl.obolibrary.org/obo/HP_0003273,Hip contracture,http://purl.obolibrary.org/obo/UBERON_0000043,
http://purl.obolibrary.org/obo/HP_0003274,Hypoplastic acetabulae,http://purl.obolibrary.org/obo/UBERON_0001269,
http://purl.obolibrary.org/obo/HP_0003275,Narrow pelvis bone,http://purl.obolibrary.org/obo/UBERON_0007830,
http://purl.obolibrary.org/obo/HP_0003277,Constricted iliac wing,http://purl.obolibrary.org/obo/UBERON_0010746,
http://purl.obolibrary.org/obo/HP_0003278,Square pelvis bone,http://purl.obolibrary.org/obo/UBERON_0007830,
http://purl.obolibrary.org/obo/HP_0003281,Increased circulating ferritin concentration,http://purl.obolibrary.org/obo/UBERON_0001977,
http://purl.obolibrary.org/obo/HP_0003286,Cystathioninemia,http://purl.obolibrary.org/obo/UBERON_0000178,
http://purl.obolibrary.org/obo/HP_0003292,Decreased serum leptin,http://purl.obolibrary.org/obo/UBERON_0000178,
http://purl.obolibrary.org/obo/HP_0003296,Hyperthreoninuria,http://purl.obolibrary.org/obo/UBERON_0001088,
http://purl.obolibrary.org/obo/HP_0003297,Hyperlysinuria,http://purl.obolibrary.org/obo/UBERON_0001088,
http://purl.obolibrary.org/obo/HP_0003300,Ovoid vertebral bodies,http://purl.obolibrary.org/obo/UBERON_0001075,
http://purl.obolibrary.org/obo/HP_0003301,Irregular vertebral endplates,http://purl.obolibrary.org/obo/UBERON_0014386,
http://purl.obolibrary.org/obo/HP_0003306,Spinal rigidity,http://purl.obolibrary.org/obo/UBERON_0001130,
http://purl.obolibrary.org/obo/HP_0003307,Hyperlordosis,http://purl.obolibrary.org/obo/UBERON_0001130,
http://purl.obolibrary.org/obo/HP_0003308,Cervical subluxation,http://purl.obolibrary.org/obo/UBERON_0002413,
http://purl.obolibrary.org/obo/HP_0003309,Ovoid thoracolumbar vertebrae,http://purl.obolibrary.org/obo/UBERON_0011677,
http://purl.obolibrary.org/obo/HP_0003310,Abnormal odontoid process morphology,http://purl.obolibrary.org/obo/UBERON_0004096,
http://purl.obolibrary.org/obo/HP_0003311,Hypoplasia of the odontoid process,http://purl.obolibrary.org/obo/UBERON_0004096,
http://purl.obolibrary.org/obo/HP_0003312,Abnormal form of the vertebral bodies,http://purl.obolibrary.org/obo/UBERON_0001075,
http://purl.obolibrary.org/obo/HP_0003318,Cervical spine hypermobility,http://purl.obolibrary.org/obo/UBERON_0002413,
http://purl.obolibrary.org/obo/HP_0003319,Abnormality of the cervical spine,http://purl.obolibrary.org/obo/UBERON_0002413,
http://purl.obolibrary.org/obo/HP_0003320,C1-C2 subluxation,http://purl.obolibrary.org/obo/UBERON_0001092,
http://purl.obolibrary.org/obo/HP_0003320,C1-C2 subluxation,http://purl.obolibrary.org/obo/UBERON_0001093,
http://purl.obolibrary.org/obo/HP_0003323,Progressive muscle weakness,http://purl.obolibrary.org/obo/UBERON_0001630,
http://purl.obolibrary.org/obo/HP_0003324,Generalized muscle weakness,http://purl.obolibrary.org/obo/UBERON_0001630,
http://purl.obolibrary.org/obo/HP_0003327,Axial muscle weakness,http://purl.obolibrary.org/obo/UBERON_0003897,
http://purl.obolibrary.org/obo/HP_0003330,Abnormal bone structure,http://purl.obolibrary.org/obo/UBERON_0001474,
http://purl.obolibrary.org/obo/HP_0003334,Elevated circulating catecholamine level,http://purl.obolibrary.org/obo/UBERON_0000178,
http://purl.obolibrary.org/obo/HP_0003336,Abnormal enchondral ossification,http://purl.obolibrary.org/obo/UBERON_0001474,
http://purl.obolibrary.org/obo/HP_0003344,3-Methylglutaric aciduria,http://purl.obolibrary.org/obo/UBERON_0001088,
http://purl.obolibrary.org/obo/HP_0003345,Elevated urinary norepinephrine level,http://purl.obolibrary.org/obo/UBERON_0001088,
http://purl.obolibrary.org/obo/HP_0003348,Hyperalaninemia,http://purl.obolibrary.org/obo/UBERON_0000178,
http://purl.obolibrary.org/obo/HP_0003351,Decreased circulating renin concentration,http://purl.obolibrary.org/obo/UBERON_0000178,
http://purl.obolibrary.org/obo/HP_0003354,Hyperthreoninemia,http://purl.obolibrary.org/obo/UBERON_0000178,
http://purl.obolibrary.org/obo/HP_0003355,Aminoaciduria,http://purl.obolibrary.org/obo/UBERON_0001088,
http://purl.obolibrary.org/obo/HP_0003358,Elevated intracellular cystine,,http://purl.obolibrary.org/obo/CL_0000000
http://purl.obolibrary.org/obo/HP_0003359,Decreased urinary sulfate,http://purl.obolibrary.org/obo/UBERON_0001088,
http://purl.obolibrary.org/obo/HP_0003361,Tryptophanuria,http://purl.obolibrary.org/obo/UBERON_0001088,
http://purl.obolibrary.org/obo/HP_0003362,Increased VLDL cholesterol concentration,http://purl.obolibrary.org/obo/UBERON_0000178,
http://purl.obolibrary.org/obo/HP_0003367,Abnormal femoral neck morphology,http://purl.obolibrary.org/obo/UBERON_0007119,
http://purl.obolibrary.org/obo/HP_0003368,Abnormal femoral head morphology,http://purl.obolibrary.org/obo/UBERON_0006767,
http://purl.obolibrary.org/obo/HP_0003370,Flat capital femoral epiphysis,http://purl.obolibrary.org/obo/UBERON_0004412,
http://purl.obolibrary.org/obo/HP_0003371,Enlargement of the proximal femoral epiphysis,http://purl.obolibrary.org/obo/UBERON_0004412,
http://purl.obolibrary.org/obo/HP_0003375,Narrow greater sciatic notch,http://purl.obolibrary.org/obo/UBERON_0014411,
http://purl.obolibrary.org/obo/HP_0003380,Decreased number of peripheral myelinated nerve fibers,http://purl.obolibrary.org/obo/UBERON_0006135,
http://purl.obolibrary.org/obo/HP_0003390,Sensory axonal neuropathy,http://purl.obolibrary.org/obo/UBERON_0001027,
http://purl.obolibrary.org/obo/HP_0003392,First dorsal interossei muscle weakness,http://purl.obolibrary.org/obo/UBERON_0002988,
http://purl.obolibrary.org/obo/HP_0003393,Thenar muscle atrophy,http://purl.obolibrary.org/obo/UBERON_0014376,
http://purl.obolibrary.org/obo/HP_0003406,Peripheral nerve compression,http://purl.obolibrary.org/obo/UBERON_0001021,
http://purl.obolibrary.org/obo/HP_0003411,Proximal femoral metaphyseal irregularity,http://purl.obolibrary.org/obo/UBERON_0006863,
http://purl.obolibrary.org/obo/HP_0003413,Atlantoaxial abnormality,http://purl.obolibrary.org/obo/UBERON_0003694,
http://purl.obolibrary.org/obo/HP_0003414,Atlantoaxial dislocation,http://purl.obolibrary.org/obo/UBERON_0003694,
http://purl.obolibrary.org/obo/HP_0003416,Spinal canal stenosis,http://purl.obolibrary.org/obo/UBERON_0002291,
http://purl.obolibrary.org/obo/HP_0003423,Thoracolumbar kyphoscoliosis,http://purl.obolibrary.org/obo/UBERON_0009568,
http://purl.obolibrary.org/obo/HP_0003426,First dorsal interossei muscle atrophy,http://purl.obolibrary.org/obo/UBERON_0002988,
http://purl.obolibrary.org/obo/HP_0003427,Thenar muscle weakness,http://purl.obolibrary.org/obo/UBERON_0014376,
http://purl.obolibrary.org/obo/HP_0003429,CNS hypomyelination,http://purl.obolibrary.org/obo/UBERON_0000345,
http://purl.obolibrary.org/obo/HP_0003440,Horizontal sacrum,http://purl.obolibrary.org/obo/UBERON_0003690,
http://purl.obolibrary.org/obo/HP_0003452,Increased circulating iron concentration,http://purl.obolibrary.org/obo/UBERON_0001977,
http://purl.obolibrary.org/obo/HP_0003455,Elevated circulating long chain fatty acid concentration,http://purl.obolibrary.org/obo/UBERON_0000178,
http://purl.obolibrary.org/obo/HP_0003460,Decreased circulating total IgA,http://purl.obolibrary.org/obo/UBERON_0000178,
http://purl.obolibrary.org/obo/HP_0003468,Abnormal vertebral morphology,http://purl.obolibrary.org/obo/UBERON_0002412,
http://purl.obolibrary.org/obo/HP_0003469,Peripheral dysmyelination,http://purl.obolibrary.org/obo/UBERON_0000010,
http://purl.obolibrary.org/obo/HP_0003484,Upper limb muscle weakness,http://purl.obolibrary.org/obo/UBERON_0004481,
http://purl.obolibrary.org/obo/HP_0003491,Elevated urine pyrophosphate,http://purl.obolibrary.org/obo/UBERON_0001088,
http://purl.obolibrary.org/obo/HP_0003496,Increased circulating IgM level,http://purl.obolibrary.org/obo/UBERON_0000178,
http://purl.obolibrary.org/obo/HP_0003510,Severe short stature,http://purl.obolibrary.org/obo/UBERON_0000468,
http://purl.obolibrary.org/obo/HP_0003521,Disproportionate short-trunk short stature,http://purl.obolibrary.org/obo/UBERON_0002100,
http://purl.obolibrary.org/obo/HP_0003527,Hyperprostaglandinuria,http://purl.obolibrary.org/obo/UBERON_0001088,
http://purl.obolibrary.org/obo/HP_0003528,Elevated circulating calcitonin concentration,http://purl.obolibrary.org/obo/UBERON_0000178,
http://purl.obolibrary.org/obo/HP_0003530,Elevated circulating glutaric acid concentration,http://purl.obolibrary.org/obo/UBERON_0000178,
http://purl.obolibrary.org/obo/HP_0003532,Ornithinuria,http://purl.obolibrary.org/obo/UBERON_0001088,
http://purl.obolibrary.org/obo/HP_0003537,Hypouricemia,http://purl.obolibrary.org/obo/UBERON_0000178,
http://purl.obolibrary.org/obo/HP_0003538,Increased iduronate sulfatase level,http://purl.obolibrary.org/obo/UBERON_0000178,
http://purl.obolibrary.org/obo/HP_0003541,Urinary glycosaminoglycan excretion,http://purl.obolibrary.org/obo/UBERON_0001088,
http://purl.obolibrary.org/obo/HP_0003542,Increased circulating pyruvate concentration,http://purl.obolibrary.org/obo/UBERON_0001977,
http://purl.obolibrary.org/obo/HP_0003547,Shoulder girdle muscle weakness,http://purl.obolibrary.org/obo/UBERON_0008196,
http://purl.obolibrary.org/obo/HP_0003549,Abnormality of connective tissue,http://purl.obolibrary.org/obo/UBERON_0002384,
http://purl.obolibrary.org/obo/HP_0003552,Muscle stiffness,http://purl.obolibrary.org/obo/UBERON_0001630,
http://purl.obolibrary.org/obo/HP_0003557,Increased variability in muscle fiber diameter,,http://purl.obolibrary.org/obo/CL_0000188
http://purl.obolibrary.org/obo/HP_0003560,Muscular dystrophy,http://purl.obolibrary.org/obo/UBERON_0001015,
http://purl.obolibrary.org/obo/HP_0003563,Decreased LDL cholesterol concentration,http://purl.obolibrary.org/obo/UBERON_0000178,
http://purl.obolibrary.org/obo/HP_0003566,Increased serum prostaglandin E2,http://purl.obolibrary.org/obo/UBERON_0001977,
http://purl.obolibrary.org/obo/HP_0003572,Low plasma citrulline,http://purl.obolibrary.org/obo/UBERON_0000178,
http://purl.obolibrary.org/obo/HP_0003607,4-hydroxyphenylacetic aciduria,http://purl.obolibrary.org/obo/UBERON_0001088,
http://purl.obolibrary.org/obo/HP_0003614,Trimethylaminuria,http://purl.obolibrary.org/obo/UBERON_0001088,
http://purl.obolibrary.org/obo/HP_0003634,Amyoplasia,http://purl.obolibrary.org/obo/UBERON_0001015,
http://purl.obolibrary.org/obo/HP_0003635,Loss of subcutaneous adipose tissue in limbs,http://purl.obolibrary.org/obo/UBERON_0001013,
http://purl.obolibrary.org/obo/HP_0003639,Elevated urinary epinephrine level,http://purl.obolibrary.org/obo/UBERON_0001088,
http://purl.obolibrary.org/obo/HP_0003641,Hemoglobinuria,http://purl.obolibrary.org/obo/UBERON_0001088,
http://purl.obolibrary.org/obo/HP_0003646,Bicarbonaturia,http://purl.obolibrary.org/obo/UBERON_0001088,
http://purl.obolibrary.org/obo/HP_0003648,Lacticaciduria,http://purl.obolibrary.org/obo/UBERON_0001088,
http://purl.obolibrary.org/obo/HP_0003651,Foam cells,,http://purl.obolibrary.org/obo/CL_0000891
http://purl.obolibrary.org/obo/HP_0003658,Hypomethioninemia,http://purl.obolibrary.org/obo/UBERON_0000178,
http://purl.obolibrary.org/obo/HP_0003665,Amyotrophy of the musculature of the pelvis,http://purl.obolibrary.org/obo/UBERON_0001325,
http://purl.obolibrary.org/obo/HP_0003690,Limb muscle weakness,http://purl.obolibrary.org/obo/UBERON_0004480,
http://purl.obolibrary.org/obo/HP_0003696,Absent epiphysis of the distal phalanx of the 5th finger,http://purl.obolibrary.org/obo/UBERON_0004387,
http://purl.obolibrary.org/obo/HP_0003700,Generalized amyotrophy,http://purl.obolibrary.org/obo/UBERON_0018254,
http://purl.obolibrary.org/obo/HP_0003712,Skeletal muscle hypertrophy,http://purl.obolibrary.org/obo/UBERON_0018254,
http://purl.obolibrary.org/obo/HP_0003713,Muscle fiber necrosis,,http://purl.obolibrary.org/obo/CL_0008002
http://purl.obolibrary.org/obo/HP_0003720,Generalized muscle hypertrophy,http://purl.obolibrary.org/obo/UBERON_0018254,
http://purl.obolibrary.org/obo/HP_0003722,Neck flexor weakness,http://purl.obolibrary.org/obo/UBERON_0000366,
http://purl.obolibrary.org/obo/HP_0003724,Shoulder girdle muscle atrophy,http://purl.obolibrary.org/obo/UBERON_0004471,
http://purl.obolibrary.org/obo/HP_0003731,Quadriceps muscle weakness,http://purl.obolibrary.org/obo/UBERON_0001377,
http://purl.obolibrary.org/obo/HP_0003733,Thigh hypertrophy,http://purl.obolibrary.org/obo/UBERON_0004252,
http://purl.obolibrary.org/obo/HP_0003749,Pelvic girdle muscle weakness,http://purl.obolibrary.org/obo/UBERON_0001497,
http://purl.obolibrary.org/obo/HP_0003750,Increased muscle fatiguability,http://purl.obolibrary.org/obo/UBERON_0001630,
http://purl.obolibrary.org/obo/HP_0003756,Skeletal myopathy,http://purl.obolibrary.org/obo/UBERON_0004288,
http://purl.obolibrary.org/obo/HP_0003758,Reduced subcutaneous adipose tissue,http://purl.obolibrary.org/obo/UBERON_0002190,
http://purl.obolibrary.org/obo/HP_0003759,Hypoplasia of lymphatic vessels,http://purl.obolibrary.org/obo/UBERON_0001473,
http://purl.obolibrary.org/obo/HP_0003778,Short mandibular rami,http://purl.obolibrary.org/obo/UBERON_0000401,
http://purl.obolibrary.org/obo/HP_0003795,Short middle phalanx of toe,http://purl.obolibrary.org/obo/UBERON_0003866,
http://purl.obolibrary.org/obo/HP_0003796,Irregular iliac crest,http://purl.obolibrary.org/obo/UBERON_0014437,
http://purl.obolibrary.org/obo/HP_0003797,Limb-girdle muscle atrophy,http://purl.obolibrary.org/obo/UBERON_0004480,
http://purl.obolibrary.org/obo/HP_0003808,Abnormal muscle tone,http://purl.obolibrary.org/obo/UBERON_0001630,
http://purl.obolibrary.org/obo/HP_0003832,Abnormality of the tibial plateaux,http://purl.obolibrary.org/obo/UBERON_0004098,
http://purl.obolibrary.org/obo/HP_0003834,Shoulder dislocation,http://purl.obolibrary.org/obo/UBERON_0001467,
http://purl.obolibrary.org/obo/HP_0003835,Shoulder subluxation,http://purl.obolibrary.org/obo/UBERON_0001467,
http://purl.obolibrary.org/obo/HP_0003836,Stippled calcification of the shoulder,http://purl.obolibrary.org/obo/UBERON_0001467,
http://purl.obolibrary.org/obo/HP_0003839,Abnormal upper limb epiphysis morphology,http://purl.obolibrary.org/obo/UBERON_0001437,
http://purl.obolibrary.org/obo/HP_0003841,Fragmented epiphyses of the upper limbs,http://purl.obolibrary.org/obo/UBERON_0001437,
http://purl.obolibrary.org/obo/HP_0003842,Irregular epiphyses of the upper limbs,http://purl.obolibrary.org/obo/UBERON_0001437,
http://purl.obolibrary.org/obo/HP_0003843,Round epiphyses of the upper limbs,http://purl.obolibrary.org/obo/UBERON_0001437,
http://purl.obolibrary.org/obo/HP_0003844,Small epiphyses of the upper limbs,http://purl.obolibrary.org/obo/UBERON_0001437,
http://purl.obolibrary.org/obo/HP_0003846,Wide epiphyseal plates of the upper limbs,http://purl.obolibrary.org/obo/UBERON_0002516,
http://purl.obolibrary.org/obo/HP_0003849,Flared upper limb metaphysis,http://purl.obolibrary.org/obo/UBERON_0010708,
http://purl.obolibrary.org/obo/HP_0003850,Upper-limb metaphyseal irregularity,http://purl.obolibrary.org/obo/UBERON_0001438,
http://purl.obolibrary.org/obo/HP_0003856,Upper limb metaphyseal widening,http://purl.obolibrary.org/obo/UBERON_0001438,
http://purl.obolibrary.org/obo/HP_0003860,Diaphyseal sclerosis of the upper limbs,http://purl.obolibrary.org/obo/UBERON_0004769,
http://purl.obolibrary.org/obo/HP_0003861,Broad diaphyses of the upper limbs,http://purl.obolibrary.org/obo/UBERON_0004769,
http://purl.obolibrary.org/obo/HP_0003864,Bifid humerus,http://purl.obolibrary.org/obo/UBERON_0000976,
http://purl.obolibrary.org/obo/HP_0003865,Bowed humerus,http://purl.obolibrary.org/obo/UBERON_0000976,
http://purl.obolibrary.org/obo/HP_0003870,Crumpled humerus,http://purl.obolibrary.org/obo/UBERON_0000976,
http://purl.obolibrary.org/obo/HP_0003871,Deformed humerus,http://purl.obolibrary.org/obo/UBERON_0000976,
http://purl.obolibrary.org/obo/HP_0003876,Osteoporotic humerus,http://purl.obolibrary.org/obo/UBERON_0000976,
http://purl.obolibrary.org/obo/HP_0003881,Humeral sclerosis,http://purl.obolibrary.org/obo/UBERON_0000976,
http://purl.obolibrary.org/obo/HP_0003882,Slender humerus,http://purl.obolibrary.org/obo/UBERON_0000976,
http://purl.obolibrary.org/obo/HP_0003883,Tapered humerus,http://purl.obolibrary.org/obo/UBERON_0000976,
http://purl.obolibrary.org/obo/HP_0003884,Triangular humerus,http://purl.obolibrary.org/obo/UBERON_0000976,
http://purl.obolibrary.org/obo/HP_0003886,Wide humerus,http://purl.obolibrary.org/obo/UBERON_0000976,
http://purl.obolibrary.org/obo/HP_0003887,Abnormal humeral head morphology,http://purl.obolibrary.org/obo/UBERON_0006801,
http://purl.obolibrary.org/obo/HP_0003888,Flattened humeral heads,http://purl.obolibrary.org/obo/UBERON_0006801,
http://purl.obolibrary.org/obo/HP_0003889,Abnormal deltoid tuberosity morphology,http://purl.obolibrary.org/obo/UBERON_0002498,
http://purl.obolibrary.org/obo/HP_0003890,Prominent deltoid tuberosities,http://purl.obolibrary.org/obo/UBERON_0002498,
http://purl.obolibrary.org/obo/HP_0003891,Abnormal humeral epiphysis morphology,http://purl.obolibrary.org/obo/UBERON_0004382,
http://purl.obolibrary.org/obo/HP_0003892,Absent humeral epiphyseal ossification,http://purl.obolibrary.org/obo/UBERON_0004382,
http://purl.obolibrary.org/obo/HP_0003893,Advanced ossification of the humeral epiphysis,http://purl.obolibrary.org/obo/UBERON_0004382,
http://purl.obolibrary.org/obo/HP_0003894,Delayed humeral epiphyseal ossification,http://purl.obolibrary.org/obo/UBERON_0004382,
http://purl.obolibrary.org/obo/HP_0003895,Flattened humeral epiphyses,http://purl.obolibrary.org/obo/UBERON_0004382,
http://purl.obolibrary.org/obo/HP_0003896,Irregular humeral epiphyses,http://purl.obolibrary.org/obo/UBERON_0004382,
http://purl.obolibrary.org/obo/HP_0003897,Irregular ossification of the humeral epiphyses,http://purl.obolibrary.org/obo/UBERON_0004382,
http://purl.obolibrary.org/obo/HP_0003898,Large humeral epiphyses,http://purl.obolibrary.org/obo/UBERON_0004382,
http://purl.obolibrary.org/obo/HP_0003899,Round humeral epiphyses,http://purl.obolibrary.org/obo/UBERON_0004382,
http://purl.obolibrary.org/obo/HP_0003900,Small humeral epiphyses,http://purl.obolibrary.org/obo/UBERON_0004382,
http://purl.obolibrary.org/obo/HP_0003901,Stippled calcification of the humeral epiphyses,http://purl.obolibrary.org/obo/UBERON_0004382,
http://purl.obolibrary.org/obo/HP_0003902,Epiphyseal stippling of the humerus,http://purl.obolibrary.org/obo/UBERON_0004382,
http://purl.obolibrary.org/obo/HP_0003903,Broad humeral epiphyses,http://purl.obolibrary.org/obo/UBERON_0004382,
http://purl.obolibrary.org/obo/HP_0003904,Wide epiphyses of the upper limbs,http://purl.obolibrary.org/obo/UBERON_0001437,
http://purl.obolibrary.org/obo/HP_0003905,Abnormality of the humeral epiphyseal plate,http://purl.obolibrary.org/obo/UBERON_0002516,
http://purl.obolibrary.org/obo/HP_0003906,Broad humeral epiphyseal plate,http://purl.obolibrary.org/obo/UBERON_0002516,
http://purl.obolibrary.org/obo/HP_0003907,Abnormal humeral metaphysis morphology,http://purl.obolibrary.org/obo/UBERON_0013749,
http://purl.obolibrary.org/obo/HP_0003910,Enlarged humeral metaphyses,http://purl.obolibrary.org/obo/UBERON_0013749,
http://purl.obolibrary.org/obo/HP_0003911,Flared humeral metaphysis,http://purl.obolibrary.org/obo/UBERON_0013749,
http://purl.obolibrary.org/obo/HP_0003913,Humeral metaphyseal irregularity,http://purl.obolibrary.org/obo/UBERON_0013749,
http://purl.obolibrary.org/obo/HP_0003914,Irregular ossification of humeral metaphyses,http://purl.obolibrary.org/obo/UBERON_0013749,
http://purl.obolibrary.org/obo/HP_0003917,Pointed humeral metaphysis,http://purl.obolibrary.org/obo/UBERON_0013749,
http://purl.obolibrary.org/obo/HP_0003920,Sloping humeral metaphysis,http://purl.obolibrary.org/obo/UBERON_0013749,
http://purl.obolibrary.org/obo/HP_0003923,Square humeral metaphysis,http://purl.obolibrary.org/obo/UBERON_0013749,
http://purl.obolibrary.org/obo/HP_0003924,Stippled calcification of humeral metaphysis,http://purl.obolibrary.org/obo/UBERON_0013749,
http://purl.obolibrary.org/obo/HP_0003926,Abnormal humeral diaphysis morphology,http://purl.obolibrary.org/obo/UBERON_0004652,
http://purl.obolibrary.org/obo/HP_0003927,Cortical irregularity of humeral diaphysis,http://purl.obolibrary.org/obo/UBERON_0004652,
http://purl.obolibrary.org/obo/HP_0003933,Sclerosis of humeral diaphysis,http://purl.obolibrary.org/obo/UBERON_0004652,
http://purl.obolibrary.org/obo/HP_0003934,Slender humeral diaphysis,http://purl.obolibrary.org/obo/UBERON_0004652,
http://purl.obolibrary.org/obo/HP_0003935,Wide humeral diaphysis,http://purl.obolibrary.org/obo/UBERON_0004652,
http://purl.obolibrary.org/obo/HP_0003940,Osteoarthritis of the elbow,http://purl.obolibrary.org/obo/UBERON_0001461,
http://purl.obolibrary.org/obo/HP_0003941,Stippled calcification of the elbow,http://purl.obolibrary.org/obo/UBERON_0001461,
http://purl.obolibrary.org/obo/HP_0003943,Abnormality of the joint spaces of the elbow,http://purl.obolibrary.org/obo/UBERON_0004099,
http://purl.obolibrary.org/obo/HP_0003944,Narrow joint spaces of the elbow,http://purl.obolibrary.org/obo/UBERON_0004099,
http://purl.obolibrary.org/obo/HP_0003946,Abnormality of the epiphyses of the elbow,http://purl.obolibrary.org/obo/UBERON_0001437,
http://purl.obolibrary.org/obo/HP_0003947,Delayed elbow epiphyseal ossification,http://purl.obolibrary.org/obo/UBERON_0001437,
http://purl.obolibrary.org/obo/HP_0003948,Irregular epiphyses of the elbow,http://purl.obolibrary.org/obo/UBERON_0001437,
http://purl.obolibrary.org/obo/HP_0003949,Abnormal elbow metaphysis morphology,http://purl.obolibrary.org/obo/UBERON_0001438,
http://purl.obolibrary.org/obo/HP_0003953,Absent forearm bone,http://purl.obolibrary.org/obo/UBERON_0003466,
http://purl.obolibrary.org/obo/HP_0003954,Angulated forearm bones,http://purl.obolibrary.org/obo/UBERON_0003466,
http://purl.obolibrary.org/obo/HP_0003956,Bowed forearm bones,http://purl.obolibrary.org/obo/UBERON_0003466,
http://purl.obolibrary.org/obo/HP_0003959,Deformed forearm bones,http://purl.obolibrary.org/obo/UBERON_0003466,
http://purl.obolibrary.org/obo/HP_0003961,Fractured forearm bone,http://purl.obolibrary.org/obo/UBERON_0003466,
http://purl.obolibrary.org/obo/HP_0003964,Osteoporotic forearm bones,http://purl.obolibrary.org/obo/UBERON_0003466,
http://purl.obolibrary.org/obo/HP_0003967,Sclerotic forearm bones,http://purl.obolibrary.org/obo/UBERON_0003466,
http://purl.obolibrary.org/obo/HP_0003969,Slender forearm bones,http://purl.obolibrary.org/obo/UBERON_0003466,
http://purl.obolibrary.org/obo/HP_0003971,Broad forearm bones,http://purl.obolibrary.org/obo/UBERON_0003466,
http://purl.obolibrary.org/obo/HP_0003973,Wide radioulnar joints,http://purl.obolibrary.org/obo/UBERON_0001528,
http://purl.obolibrary.org/obo/HP_0003974,Absent radius,http://purl.obolibrary.org/obo/UBERON_0001423,
http://purl.obolibrary.org/obo/HP_0003976,Constricted radius,http://purl.obolibrary.org/obo/UBERON_0001423,
http://purl.obolibrary.org/obo/HP_0003977,Deformed radius,http://purl.obolibrary.org/obo/UBERON_0001423,
http://purl.obolibrary.org/obo/HP_0003978,Fractured radius,http://purl.obolibrary.org/obo/UBERON_0001423,
http://purl.obolibrary.org/obo/HP_0003981,Broad radius,http://purl.obolibrary.org/obo/UBERON_0001423,
http://purl.obolibrary.org/obo/HP_0003982,Aplasia of the ulna,http://purl.obolibrary.org/obo/UBERON_0001424,
http://purl.obolibrary.org/obo/HP_0003984,Posteriorly dislocated ulna,http://purl.obolibrary.org/obo/UBERON_0001424,
http://purl.obolibrary.org/obo/HP_0003987,Fractured ulna,http://purl.obolibrary.org/obo/UBERON_0001424,
http://purl.obolibrary.org/obo/HP_0003988,Long ulna,http://purl.obolibrary.org/obo/UBERON_0001424,
http://purl.obolibrary.org/obo/HP_0003989,Notched ulna,http://purl.obolibrary.org/obo/UBERON_0001424,
http://purl.obolibrary.org/obo/HP_0003990,Pointed ulna,http://purl.obolibrary.org/obo/UBERON_0001424,
http://purl.obolibrary.org/obo/HP_0003991,Osteosclerosis of the ulna,http://purl.obolibrary.org/obo/UBERON_0001424,
http://purl.obolibrary.org/obo/HP_0003992,Slender ulna,http://purl.obolibrary.org/obo/UBERON_0001424,
http://purl.obolibrary.org/obo/HP_0003993,Broad ulna,http://purl.obolibrary.org/obo/UBERON_0001424,
http://purl.obolibrary.org/obo/HP_0003994,Dislocated wrist,http://purl.obolibrary.org/obo/UBERON_0004452,
http://purl.obolibrary.org/obo/HP_0003995,Abnormality of the radial head,http://purl.obolibrary.org/obo/UBERON_0001012,
http://purl.obolibrary.org/obo/HP_0003996,Flattened radial head,http://purl.obolibrary.org/obo/UBERON_0001012,
http://purl.obolibrary.org/obo/HP_0003997,Hypoplastic radial head,http://purl.obolibrary.org/obo/UBERON_0001012,
http://purl.obolibrary.org/obo/HP_0003998,Constricted radial neck,http://purl.obolibrary.org/obo/UBERON_0000199,
http://purl.obolibrary.org/obo/HP_0003999,Abnormality of radial epiphyses,http://purl.obolibrary.org/obo/UBERON_0004385,
http://purl.obolibrary.org/obo/HP_0004000,Cone-shaped distal radial epiphysis,http://purl.obolibrary.org/obo/UBERON_0004385,
http://purl.obolibrary.org/obo/HP_0004002,Flattened radial epiphyses,http://purl.obolibrary.org/obo/UBERON_0004385,
http://purl.obolibrary.org/obo/HP_0004004,Irregular radial epiphyses,http://purl.obolibrary.org/obo/UBERON_0004385,
http://purl.obolibrary.org/obo/HP_0004005,Large radial epiphyses,http://purl.obolibrary.org/obo/UBERON_0004385,
http://purl.obolibrary.org/obo/HP_0004006,Round radial epiphyses,http://purl.obolibrary.org/obo/UBERON_0004385,
http://purl.obolibrary.org/obo/HP_0004007,Sclerotic radial epiphyses,http://purl.obolibrary.org/obo/UBERON_0004385,
http://purl.obolibrary.org/obo/HP_0004008,Sloping radial epiphyses,http://purl.obolibrary.org/obo/UBERON_0004385,
http://purl.obolibrary.org/obo/HP_0004010,Small radial epiphyses,http://purl.obolibrary.org/obo/UBERON_0004385,
http://purl.obolibrary.org/obo/HP_0004012,Premature fusion of the radial epiphyseal plates,http://purl.obolibrary.org/obo/UBERON_0016425,
http://purl.obolibrary.org/obo/HP_0004014,Broad radial epiphyseal plate,http://purl.obolibrary.org/obo/UBERON_0016425,
http://purl.obolibrary.org/obo/HP_0004015,Abnormal radial metaphysis morphology,http://purl.obolibrary.org/obo/UBERON_0013751,
http://purl.obolibrary.org/obo/HP_0004018,Flared radial metaphysis,http://purl.obolibrary.org/obo/UBERON_0013751,
http://purl.obolibrary.org/obo/HP_0004019,Radial metaphyseal irregularity,http://purl.obolibrary.org/obo/UBERON_0013751,
http://purl.obolibrary.org/obo/HP_0004020,Irregular ossification of the radial metaphysis,http://purl.obolibrary.org/obo/UBERON_0013751,
http://purl.obolibrary.org/obo/HP_0004023,Sloping radial metaphysis,http://purl.obolibrary.org/obo/UBERON_0013751,
http://purl.obolibrary.org/obo/HP_0004026,Broad radial metaphysis,http://purl.obolibrary.org/obo/UBERON_0013751,
http://purl.obolibrary.org/obo/HP_0004027,Abnormality of radial diaphysis,http://purl.obolibrary.org/obo/UBERON_0001028,
http://purl.obolibrary.org/obo/HP_0004030,Patchy sclerosis of radial diaphysis,http://purl.obolibrary.org/obo/UBERON_0001028,
http://purl.obolibrary.org/obo/HP_0004031,Broad radial diaphysis,http://purl.obolibrary.org/obo/UBERON_0001028,
http://purl.obolibrary.org/obo/HP_0004032,Abnormal olecranon morphology,http://purl.obolibrary.org/obo/UBERON_0006810,
http://purl.obolibrary.org/obo/HP_0004033,Curved olecranon,http://purl.obolibrary.org/obo/UBERON_0006810,
http://purl.obolibrary.org/obo/HP_0004034,Irregular olecranon,http://purl.obolibrary.org/obo/UBERON_0006810,
http://purl.obolibrary.org/obo/HP_0004035,Abnormal ulnar styloid process morphology,http://purl.obolibrary.org/obo/UBERON_0011575,
http://purl.obolibrary.org/obo/HP_0004036,Long styloid process of ulna,http://purl.obolibrary.org/obo/UBERON_0011575,
http://purl.obolibrary.org/obo/HP_0004037,Abnormal ulnar epiphysis morphology,http://purl.obolibrary.org/obo/UBERON_0004386,
http://purl.obolibrary.org/obo/HP_0004039,Abnormal ulnar metaphysis morphology,http://purl.obolibrary.org/obo/UBERON_0013748,
http://purl.obolibrary.org/obo/HP_0004042,Ulnar metaphyseal irregularity,http://purl.obolibrary.org/obo/UBERON_0013748,
http://purl.obolibrary.org/obo/HP_0004043,Lytic defects of ulnar metaphysis,http://purl.obolibrary.org/obo/UBERON_0013748,
http://purl.obolibrary.org/obo/HP_0004044,Pointed ulnar metaphysis,http://purl.obolibrary.org/obo/UBERON_0013748,
http://purl.obolibrary.org/obo/HP_0004045,Sloping ulnar metaphysis,http://purl.obolibrary.org/obo/UBERON_0013748,
http://purl.obolibrary.org/obo/HP_0004047,Wide ulnar metaphysis,http://purl.obolibrary.org/obo/UBERON_0013748,
http://purl.obolibrary.org/obo/HP_0004050,Absent hand,http://purl.obolibrary.org/obo/UBERON_0001442,
http://purl.obolibrary.org/obo/HP_0004051,Advanced ossification of the hand bones,http://purl.obolibrary.org/obo/UBERON_0001442,
http://purl.obolibrary.org/obo/HP_0004052,Delayed ossification of the hand bones,http://purl.obolibrary.org/obo/UBERON_0001442,
http://purl.obolibrary.org/obo/HP_0004053,Dysharmonic maturation of the hand bones,http://purl.obolibrary.org/obo/UBERON_0001442,
http://purl.obolibrary.org/obo/HP_0004054,Sclerosis of hand bone,http://purl.obolibrary.org/obo/UBERON_0001442,
http://purl.obolibrary.org/obo/HP_0004095,Curved fingers,http://purl.obolibrary.org/obo/UBERON_0002389,
http://purl.obolibrary.org/obo/HP_0004097,Deviation of finger,http://purl.obolibrary.org/obo/UBERON_0002389,
http://purl.obolibrary.org/obo/HP_0004099,Macrodactyly,http://purl.obolibrary.org/obo/UBERON_0002389,
http://purl.obolibrary.org/obo/HP_0004100,Abnormal 2nd finger morphology,http://purl.obolibrary.org/obo/UBERON_0003622,
http://purl.obolibrary.org/obo/HP_0004150,Abnormal 3rd finger morphology,http://purl.obolibrary.org/obo/UBERON_0003623,
http://purl.obolibrary.org/obo/HP_0004172,Abnormality of the middle phalanx of the 3rd finger,http://purl.obolibrary.org/obo/UBERON_0004321,
http://purl.obolibrary.org/obo/HP_0004180,Short distal phalanx of the 3rd finger,http://purl.obolibrary.org/obo/UBERON_0004312,
http://purl.obolibrary.org/obo/HP_0004188,Abnormal 4th finger morphology,http://purl.obolibrary.org/obo/UBERON_0003624,
http://purl.obolibrary.org/obo/HP_0004195,Osteolytic defects of the phalanges of the 4th finger,http://purl.obolibrary.org/obo/UBERON_0003638,
http://purl.obolibrary.org/obo/HP_0004197,Symphalangism of the 4th finger,http://purl.obolibrary.org/obo/UBERON_0003638,
http://purl.obolibrary.org/obo/HP_0004207,Abnormal 5th finger morphology,http://purl.obolibrary.org/obo/UBERON_0003625,
http://purl.obolibrary.org/obo/HP_0004209,Clinodactyly of the 5th finger,http://purl.obolibrary.org/obo/UBERON_0003625,
http://purl.obolibrary.org/obo/HP_0004213,Abnormal 5th finger phalanx morphology,http://purl.obolibrary.org/obo/UBERON_0003639,
http://purl.obolibrary.org/obo/HP_0004214,Curved phalanges of the 5th finger,http://purl.obolibrary.org/obo/UBERON_0003639,
http://purl.obolibrary.org/obo/HP_0004216,Osteolytic defects of the phalanges of the 5th finger,http://purl.obolibrary.org/obo/UBERON_0003639,
http://purl.obolibrary.org/obo/HP_0004218,Symphalangism of the 5th finger,http://purl.obolibrary.org/obo/UBERON_0003639,
http://purl.obolibrary.org/obo/HP_0004219,Abnormality of the middle phalanx of the 5th finger,http://purl.obolibrary.org/obo/UBERON_0004323,
http://purl.obolibrary.org/obo/HP_0004220,Short middle phalanx of the 5th finger,http://purl.obolibrary.org/obo/UBERON_0004323,
http://purl.obolibrary.org/obo/HP_0004222,Cone-shaped epiphysis of the distal phalanx of the 5th finger,http://purl.obolibrary.org/obo/UBERON_0004387,
http://purl.obolibrary.org/obo/HP_0004223,Ivory epiphysis of the distal phalanx of the 5th finger,http://purl.obolibrary.org/obo/UBERON_0004387,
http://purl.obolibrary.org/obo/HP_0004224,Abnormality of the epiphysis of the middle phalanx of the 5th finger,http://purl.obolibrary.org/obo/UBERON_0004387,
http://purl.obolibrary.org/obo/HP_0004225,Abnormality of the distal phalanx of the 5th finger,http://purl.obolibrary.org/obo/UBERON_0004314,
http://purl.obolibrary.org/obo/HP_0004226,Curved distal phalanx of the 5th finger,http://purl.obolibrary.org/obo/UBERON_0004314,
http://purl.obolibrary.org/obo/HP_0004227,Short distal phalanx of the 5th finger,http://purl.obolibrary.org/obo/UBERON_0004314,
http://purl.obolibrary.org/obo/HP_0004230,Subluxation of the proximal interphalangeal joint of the little finger,http://purl.obolibrary.org/obo/UBERON_0016426,
http://purl.obolibrary.org/obo/HP_0004231,Carpal bone aplasia,http://purl.obolibrary.org/obo/UBERON_0001435,
http://purl.obolibrary.org/obo/HP_0004232,Accessory carpal bones,http://purl.obolibrary.org/obo/UBERON_0001435,
http://purl.obolibrary.org/obo/HP_0004233,Advanced ossification of carpal bones,http://purl.obolibrary.org/obo/UBERON_0001435,
http://purl.obolibrary.org/obo/HP_0004236,Irregular carpal bones,http://purl.obolibrary.org/obo/UBERON_0001435,
http://purl.obolibrary.org/obo/HP_0004237,Large carpal bones,http://purl.obolibrary.org/obo/UBERON_0001435,
http://purl.obolibrary.org/obo/HP_0004239,Proximally placed carpal bones,http://purl.obolibrary.org/obo/UBERON_0001435,
http://purl.obolibrary.org/obo/HP_0004241,Stippled calcification in carpal bones,http://purl.obolibrary.org/obo/UBERON_0009880,
http://purl.obolibrary.org/obo/HP_0004242,Broad carpal bones,http://purl.obolibrary.org/obo/UBERON_0001435,
http://purl.obolibrary.org/obo/HP_0004243,Abnormal scaphoid morphology,http://purl.obolibrary.org/obo/UBERON_0001427,
http://purl.obolibrary.org/obo/HP_0004244,Accessory scaphoid,http://purl.obolibrary.org/obo/UBERON_0001427,
http://purl.obolibrary.org/obo/HP_0004246,Delayed ossification of the scaphoid,http://purl.obolibrary.org/obo/UBERON_0001427,
http://purl.obolibrary.org/obo/HP_0004247,Small scaphoid,http://purl.obolibrary.org/obo/UBERON_0001427,
http://purl.obolibrary.org/obo/HP_0004248,Abnormal lunate bone morphology,http://purl.obolibrary.org/obo/UBERON_0001428,
http://purl.obolibrary.org/obo/HP_0004249,Accessory lunate,http://purl.obolibrary.org/obo/UBERON_0001428,
http://purl.obolibrary.org/obo/HP_0004250,Proximally placed lunate,http://purl.obolibrary.org/obo/UBERON_0001428,
http://purl.obolibrary.org/obo/HP_0004252,Abnormal trapezium morphology,http://purl.obolibrary.org/obo/UBERON_0001430,
http://purl.obolibrary.org/obo/HP_0004253,Absent trapezium,http://purl.obolibrary.org/obo/UBERON_0001430,
http://purl.obolibrary.org/obo/HP_0004254,Delayed ossification of the trapezium,http://purl.obolibrary.org/obo/UBERON_0001430,
http://purl.obolibrary.org/obo/HP_0004255,Small trapezium,http://purl.obolibrary.org/obo/UBERON_0001430,
http://purl.obolibrary.org/obo/HP_0004256,Abnormal trapezoid bone morphology,http://purl.obolibrary.org/obo/UBERON_0001431,
http://purl.obolibrary.org/obo/HP_0004257,Delayed ossification of the trapezoid bone,http://purl.obolibrary.org/obo/UBERON_0001431,
http://purl.obolibrary.org/obo/HP_0004258,Small trapezoid bone,http://purl.obolibrary.org/obo/UBERON_0001431,
http://purl.obolibrary.org/obo/HP_0004259,Abnormal hamate bone morphology,http://purl.obolibrary.org/obo/UBERON_0001433,
http://purl.obolibrary.org/obo/HP_0004260,Large hamate bone,http://purl.obolibrary.org/obo/UBERON_0001433,
http://purl.obolibrary.org/obo/HP_0004261,Wide hamate bone,http://purl.obolibrary.org/obo/UBERON_0001433,
http://purl.obolibrary.org/obo/HP_0004262,Abnormal capitate bone morphology,http://purl.obolibrary.org/obo/UBERON_0001432,
http://purl.obolibrary.org/obo/HP_0004263,Large capitate bone,http://purl.obolibrary.org/obo/UBERON_0001432,
http://purl.obolibrary.org/obo/HP_0004274,Deficient ossification of hand bones,http://purl.obolibrary.org/obo/UBERON_0001442,
http://purl.obolibrary.org/obo/HP_0004275,Duplication of hand bones,http://purl.obolibrary.org/obo/UBERON_0001442,
http://purl.obolibrary.org/obo/HP_0004277,Fractured hand bones,http://purl.obolibrary.org/obo/UBERON_0001442,
http://purl.obolibrary.org/obo/HP_0004278,Synostosis involving bones of the hand,http://purl.obolibrary.org/obo/UBERON_0001442,
http://purl.obolibrary.org/obo/HP_0004279,Short palm,http://purl.obolibrary.org/obo/UBERON_0008878,
http://purl.obolibrary.org/obo/HP_0004280,Irregular ossification of hand bones,http://purl.obolibrary.org/obo/UBERON_0001442,
http://purl.obolibrary.org/obo/HP_0004283,Narrow palm,http://purl.obolibrary.org/obo/UBERON_0008878,
http://purl.obolibrary.org/obo/HP_0004284,Notched hand bones,http://purl.obolibrary.org/obo/UBERON_0001442,
http://purl.obolibrary.org/obo/HP_0004286,Patchy sclerosis of hand bones,http://purl.obolibrary.org/obo/UBERON_0001442,
http://purl.obolibrary.org/obo/HP_0004288,Pseudoepiphyses of hand bones,http://purl.obolibrary.org/obo/UBERON_0001442,
http://purl.obolibrary.org/obo/HP_0004291,Stippled calcification of hand bones,http://purl.obolibrary.org/obo/UBERON_0005897,
http://purl.obolibrary.org/obo/HP_0004295,Abnormal gastric mucosa morphology,http://purl.obolibrary.org/obo/UBERON_0001199,
http://purl.obolibrary.org/obo/HP_0004296,Abnormal gastrointestinal vascular morphology,http://purl.obolibrary.org/obo/UBERON_0002049,
http://purl.obolibrary.org/obo/HP_0004297,Abnormality of the biliary system,http://purl.obolibrary.org/obo/UBERON_0002294,
http://purl.obolibrary.org/obo/HP_0004298,Abnormality of the abdominal wall,http://purl.obolibrary.org/obo/UBERON_0003697,
http://purl.obolibrary.org/obo/HP_0004299,Hernia of the abdominal wall,http://purl.obolibrary.org/obo/UBERON_0003697,
http://purl.obolibrary.org/obo/HP_0004303,Abnormal muscle fiber morphology,,http://purl.obolibrary.org/obo/CL_0000188
http://purl.obolibrary.org/obo/HP_0004306,Abnormal endocardium morphology,http://purl.obolibrary.org/obo/UBERON_0002165,
http://purl.obolibrary.org/obo/HP_0004307,Abnormal anatomic location of the heart,http://purl.obolibrary.org/obo/UBERON_0000948,
http://purl.obolibrary.org/obo/HP_0004311,Abnormal macrophage morphology,,http://purl.obolibrary.org/obo/CL_0000235
http://purl.obolibrary.org/obo/HP_0004312,Abnormal reticulocyte morphology,,http://purl.obolibrary.org/obo/CL_0002422
http://purl.obolibrary.org/obo/HP_0004313,Decreased circulating immunoglobulin concentration,http://purl.obolibrary.org/obo/UBERON_0000178,
http://purl.obolibrary.org/obo/HP_0004315,Decreased circulating IgG concentration,http://purl.obolibrary.org/obo/UBERON_0000178,
http://purl.obolibrary.org/obo/HP_0004319,Decreased circulating aldosterone concentration,http://purl.obolibrary.org/obo/UBERON_0000178,
http://purl.obolibrary.org/obo/HP_0004320,Vaginal fistula,http://purl.obolibrary.org/obo/UBERON_0000996,
http://purl.obolibrary.org/obo/HP_0004321,Bladder fistula,http://purl.obolibrary.org/obo/UBERON_0001255,
http://purl.obolibrary.org/obo/HP_0004322,Short stature,http://purl.obolibrary.org/obo/UBERON_0000468,
http://purl.obolibrary.org/obo/HP_0004323,Abnormality of body weight,http://purl.obolibrary.org/obo/UBERON_0000468,
http://purl.obolibrary.org/obo/HP_0004324,Increased body weight,http://purl.obolibrary.org/obo/UBERON_0000468,
http://purl.obolibrary.org/obo/HP_0004325,Decreased body weight,http://purl.obolibrary.org/obo/UBERON_0000468,
http://purl.obolibrary.org/obo/HP_0004326,Cachexia,http://purl.obolibrary.org/obo/UBERON_0000468,
http://purl.obolibrary.org/obo/HP_0004327,Abnormal vitreous humor morphology,http://purl.obolibrary.org/obo/UBERON_0001797,
http://purl.obolibrary.org/obo/HP_0004328,Abnormal anterior eye segment morphology,http://purl.obolibrary.org/obo/UBERON_0001801,
http://purl.obolibrary.org/obo/HP_0004329,Abnormal posterior eye segment morphology,http://purl.obolibrary.org/obo/UBERON_0001802,
http://purl.obolibrary.org/obo/HP_0004330,Increased skull ossification,http://purl.obolibrary.org/obo/UBERON_0003129,
http://purl.obolibrary.org/obo/HP_0004331,Decreased skull ossification,http://purl.obolibrary.org/obo/UBERON_0003129,
http://purl.obolibrary.org/obo/HP_0004332,Abnormal lymphocyte morphology,,http://purl.obolibrary.org/obo/CL_0000542
http://purl.obolibrary.org/obo/HP_0004334,Dermal atrophy,http://purl.obolibrary.org/obo/UBERON_0002097,
http://purl.obolibrary.org/obo/HP_0004338,Abnormal circulating aromatic amino acid concentration,http://purl.obolibrary.org/obo/UBERON_0000178,
http://purl.obolibrary.org/obo/HP_0004339,Abnormal circulating sulfur amino acid concentration,http://purl.obolibrary.org/obo/UBERON_0000178,
http://purl.obolibrary.org/obo/HP_0004347,Weakness of muscles of respiration,http://purl.obolibrary.org/obo/UBERON_0014398,
http://purl.obolibrary.org/obo/HP_0004348,Abnormality of bone mineral density,http://purl.obolibrary.org/obo/UBERON_0001474,
http://purl.obolibrary.org/obo/HP_0004349,Reduced bone mineral density,http://purl.obolibrary.org/obo/UBERON_0001474,
http://purl.obolibrary.org/obo/HP_0004352,Abnormal circulating purine concentration,http://purl.obolibrary.org/obo/UBERON_0000178,
http://purl.obolibrary.org/obo/HP_0004353,Abnormal circulating pyrimidine concentration,http://purl.obolibrary.org/obo/UBERON_0000178,
http://purl.obolibrary.org/obo/HP_0004354,Abnormal circulating carboxylic acid concentration,http://purl.obolibrary.org/obo/UBERON_0000178,
http://purl.obolibrary.org/obo/HP_0004357,Abnormal circulating leucine concentration,http://purl.obolibrary.org/obo/UBERON_0000178,
http://purl.obolibrary.org/obo/HP_0004359,Abnormal circulating fatty-acid concentration,http://purl.obolibrary.org/obo/UBERON_0000178,
http://purl.obolibrary.org/obo/HP_0004360,Abnormality of acid-base homeostasis,http://purl.obolibrary.org/obo/UBERON_0006314,
http://purl.obolibrary.org/obo/HP_0004361,Abnormal circulating leptin concentration,http://purl.obolibrary.org/obo/UBERON_0000178,
http://purl.obolibrary.org/obo/HP_0004362,Abnormal enteric ganglion morphology,http://purl.obolibrary.org/obo/UBERON_0001809,
http://purl.obolibrary.org/obo/HP_0004363,Abnormal circulating calcium concentration,http://purl.obolibrary.org/obo/UBERON_0000178,
http://purl.obolibrary.org/obo/HP_0004364,Abnormal circulating nitrogen compound concentration,http://purl.obolibrary.org/obo/UBERON_0000178,
http://purl.obolibrary.org/obo/HP_0004365,Abnormal circulating tryptophan concentration,http://purl.obolibrary.org/obo/UBERON_0000178,
http://purl.obolibrary.org/obo/HP_0004368,Increased circulating purine concentration,http://purl.obolibrary.org/obo/UBERON_0000178,
http://purl.obolibrary.org/obo/HP_0004378,Abnormality of the anus,http://purl.obolibrary.org/obo/UBERON_0001245,
http://purl.obolibrary.org/obo/HP_0004380,Aortic valve calcification,http://purl.obolibrary.org/obo/UBERON_0002137,
http://purl.obolibrary.org/obo/HP_0004382,Mitral valve calcification,http://purl.obolibrary.org/obo/UBERON_0002135,
http://purl.obolibrary.org/obo/HP_0004383,Hypoplastic left heart,http://purl.obolibrary.org/obo/UBERON_0001062,
http://purl.obolibrary.org/obo/HP_0004386,Gastrointestinal inflammation,http://purl.obolibrary.org/obo/UBERON_0005409,
http://purl.obolibrary.org/obo/HP_0004388,Microcolon,http://purl.obolibrary.org/obo/UBERON_0001155,
http://purl.obolibrary.org/obo/HP_0004397,Ectopic anus,http://purl.obolibrary.org/obo/UBERON_0001245,
http://purl.obolibrary.org/obo/HP_0004398,Peptic ulcer,http://purl.obolibrary.org/obo/UBERON_0005409,
http://purl.obolibrary.org/obo/HP_0004399,Congenital pyloric atresia,http://purl.obolibrary.org/obo/UBERON_0001166,
http://purl.obolibrary.org/obo/HP_0004400,Abnormality of the pylorus,http://purl.obolibrary.org/obo/UBERON_0001166,
http://purl.obolibrary.org/obo/HP_0004404,Abnormal nipple morphology,http://purl.obolibrary.org/obo/UBERON_0002030,
http://purl.obolibrary.org/obo/HP_0004405,Prominent nipples,http://purl.obolibrary.org/obo/UBERON_0002030,
http://purl.obolibrary.org/obo/HP_0004414,Abnormality of the pulmonary artery,http://purl.obolibrary.org/obo/UBERON_0002012,
http://purl.obolibrary.org/obo/HP_0004415,Pulmonary artery stenosis,http://purl.obolibrary.org/obo/UBERON_0002012,
http://purl.obolibrary.org/obo/HP_0004420,Arterial thrombosis,http://purl.obolibrary.org/obo/UBERON_0001637,
http://purl.obolibrary.org/obo/HP_0004425,Flat forehead,http://purl.obolibrary.org/obo/UBERON_0008200,
http://purl.obolibrary.org/obo/HP_0004426,Abnormal cheek morphology,http://purl.obolibrary.org/obo/UBERON_0001567,
http://purl.obolibrary.org/obo/HP_0004437,Cranial hyperostosis,http://purl.obolibrary.org/obo/UBERON_0003129,
http://purl.obolibrary.org/obo/HP_0004438,Hyperostosis frontalis interna,http://purl.obolibrary.org/obo/UBERON_0017690,
http://purl.obolibrary.org/obo/HP_0004440,Coronal craniosynostosis,http://purl.obolibrary.org/obo/UBERON_0002489,
http://purl.obolibrary.org/obo/HP_0004442,Sagittal craniosynostosis,http://purl.obolibrary.org/obo/UBERON_0002492,
http://purl.obolibrary.org/obo/HP_0004443,Lambdoidal craniosynostosis,http://purl.obolibrary.org/obo/UBERON_0002491,
http://purl.obolibrary.org/obo/HP_0004444,Spherocytosis,,http://purl.obolibrary.org/obo/CL_0000232
http://purl.obolibrary.org/obo/HP_0004447,Poikilocytosis,,http://purl.obolibrary.org/obo/CL_0000232
http://purl.obolibrary.org/obo/HP_0004452,Abnormality of the middle ear ossicles,http://purl.obolibrary.org/obo/UBERON_0001686,
http://purl.obolibrary.org/obo/HP_0004458,Dilatated internal auditory canal,http://purl.obolibrary.org/obo/UBERON_0011859,
http://purl.obolibrary.org/obo/HP_0004481,Progressive macrocephaly,http://purl.obolibrary.org/obo/UBERON_0000033,
http://purl.obolibrary.org/obo/HP_0004484,Craniofacial asymmetry,http://purl.obolibrary.org/obo/UBERON_0011156,
http://purl.obolibrary.org/obo/HP_0004490,Calvarial hyperostosis,http://purl.obolibrary.org/obo/UBERON_0004339,
http://purl.obolibrary.org/obo/HP_0004491,Large posterior fontanelle,http://purl.obolibrary.org/obo/UBERON_0006683,
http://purl.obolibrary.org/obo/HP_0004493,Craniofacial hyperostosis,http://purl.obolibrary.org/obo/UBERON_0011156,
http://purl.obolibrary.org/obo/HP_0004510,Pancreatic islet-cell hyperplasia,http://purl.obolibrary.org/obo/UBERON_0000006,
http://purl.obolibrary.org/obo/HP_0004523,Long eyebrows,http://purl.obolibrary.org/obo/UBERON_0010163,
http://purl.obolibrary.org/obo/HP_0004528,Generalized hypotrichosis,http://purl.obolibrary.org/obo/UBERON_0001037,
http://purl.obolibrary.org/obo/HP_0004558,Cervical platyspondyly,http://purl.obolibrary.org/obo/UBERON_0002413,
http://purl.obolibrary.org/obo/HP_0004563,Increased spinal bone density,http://purl.obolibrary.org/obo/UBERON_0001130,
http://purl.obolibrary.org/obo/HP_0004568,Beaking of vertebral bodies,http://purl.obolibrary.org/obo/UBERON_0001075,
http://purl.obolibrary.org/obo/HP_0004570,Increased vertebral height,http://purl.obolibrary.org/obo/UBERON_0002412,
http://purl.obolibrary.org/obo/HP_0004571,Widening of cervical spinal canal,http://purl.obolibrary.org/obo/UBERON_0006692,
http://purl.obolibrary.org/obo/HP_0004575,Fusion of midcervical facet joints,http://purl.obolibrary.org/obo/UBERON_0016404,
http://purl.obolibrary.org/obo/HP_0004576,Sclerotic vertebral endplates,http://purl.obolibrary.org/obo/UBERON_0014386,
http://purl.obolibrary.org/obo/HP_0004582,Irregularity of vertebral bodies,http://purl.obolibrary.org/obo/UBERON_0001075,
http://purl.obolibrary.org/obo/HP_0004586,Biconcave vertebral bodies,http://purl.obolibrary.org/obo/UBERON_0001075,
http://purl.obolibrary.org/obo/HP_0004589,Dysplasia of second lumbar vertebra,http://purl.obolibrary.org/obo/UBERON_0004618,
http://purl.obolibrary.org/obo/HP_0004590,Hypoplastic sacrum,http://purl.obolibrary.org/obo/UBERON_0003690,
http://purl.obolibrary.org/obo/HP_0004591,Disc-like vertebral bodies,http://purl.obolibrary.org/obo/UBERON_0001075,
http://purl.obolibrary.org/obo/HP_0004592,Thoracic platyspondyly,http://purl.obolibrary.org/obo/UBERON_0002347,
http://purl.obolibrary.org/obo/HP_0004605,Absent vertebral body mineralization,http://purl.obolibrary.org/obo/UBERON_0001075,
http://purl.obolibrary.org/obo/HP_0004606,Unossified vertebral bodies,http://purl.obolibrary.org/obo/UBERON_0001075,
http://purl.obolibrary.org/obo/HP_0004608,Anteriorly placed odontoid process,http://purl.obolibrary.org/obo/UBERON_0004096,
http://purl.obolibrary.org/obo/HP_0004610,Lumbar spinal canal stenosis,http://purl.obolibrary.org/obo/UBERON_0014543,
http://purl.obolibrary.org/obo/HP_0004614,Spina bifida occulta at S1,http://purl.obolibrary.org/obo/UBERON_0017671,
http://purl.obolibrary.org/obo/HP_0004616,Cleft vertebral arch,http://purl.obolibrary.org/obo/UBERON_0010358,
http://purl.obolibrary.org/obo/HP_0004619,Lumbar kyphoscoliosis,http://purl.obolibrary.org/obo/UBERON_0006074,
http://purl.obolibrary.org/obo/HP_0004621,Enlarged vertebral pedicles,http://purl.obolibrary.org/obo/UBERON_0001078,
http://purl.obolibrary.org/obo/HP_0004625,Biconvex vertebral bodies,http://purl.obolibrary.org/obo/UBERON_0001075,
http://purl.obolibrary.org/obo/HP_0004626,Lumbar scoliosis,http://purl.obolibrary.org/obo/UBERON_0006074,
http://purl.obolibrary.org/obo/HP_0004629,Small cervical vertebral bodies,http://purl.obolibrary.org/obo/UBERON_0001075,
http://purl.obolibrary.org/obo/HP_0004634,Cuboid-shaped vertebral bodies,http://purl.obolibrary.org/obo/UBERON_0001075,
http://purl.obolibrary.org/obo/HP_0004635,Cervical C5/C6 vertebrae fusion,http://purl.obolibrary.org/obo/UBERON_0004614,
http://purl.obolibrary.org/obo/HP_0004635,Cervical C5/C6 vertebrae fusion,http://purl.obolibrary.org/obo/UBERON_0004615,
http://purl.obolibrary.org/obo/HP_0004646,Hypoplasia of the nasal bone,http://purl.obolibrary.org/obo/UBERON_0001681,
http://purl.obolibrary.org/obo/HP_0004660,Hypoplasia of facial musculature,http://purl.obolibrary.org/obo/UBERON_0001015,
http://purl.obolibrary.org/obo/HP_0004661,Frontalis muscle weakness,http://purl.obolibrary.org/obo/UBERON_0010952,
http://purl.obolibrary.org/obo/HP_0004679,Large tarsal bones,http://purl.obolibrary.org/obo/UBERON_0001447,
http://purl.obolibrary.org/obo/HP_0004686,Short third metatarsal,http://purl.obolibrary.org/obo/UBERON_0003652,
http://purl.obolibrary.org/obo/HP_0004688,Irregular tarsal bones,http://purl.obolibrary.org/obo/UBERON_0001447,
http://purl.obolibrary.org/obo/HP_0004689,Short fourth metatarsal,http://purl.obolibrary.org/obo/UBERON_0003653,
http://purl.obolibrary.org/obo/HP_0004690,Thickened Achilles tendon,http://purl.obolibrary.org/obo/UBERON_0003701,
http://purl.obolibrary.org/obo/HP_0004691,2-3 toe syndactyly,http://purl.obolibrary.org/obo/UBERON_0003632,
http://purl.obolibrary.org/obo/HP_0004691,2-3 toe syndactyly,http://purl.obolibrary.org/obo/UBERON_0003633,
http://purl.obolibrary.org/obo/HP_0004692,4-5 toe syndactyly,http://purl.obolibrary.org/obo/UBERON_0003634,
http://purl.obolibrary.org/obo/HP_0004692,4-5 toe syndactyly,http://purl.obolibrary.org/obo/UBERON_0003635,
http://purl.obolibrary.org/obo/HP_0004699,Osteoporotic metatarsal,http://purl.obolibrary.org/obo/UBERON_0001448,
http://purl.obolibrary.org/obo/HP_0004704,Short fifth metatarsal,http://purl.obolibrary.org/obo/UBERON_0003654,
http://purl.obolibrary.org/obo/HP_0004712,Renal malrotation,http://purl.obolibrary.org/obo/UBERON_0002113,
http://purl.obolibrary.org/obo/HP_0004742,Abnormal renal collecting system morphology,http://purl.obolibrary.org/obo/UBERON_0004100,
http://purl.obolibrary.org/obo/HP_0004756,Ventricular tachycardia,http://purl.obolibrary.org/obo/UBERON_0002082,
http://purl.obolibrary.org/obo/HP_0004762,Hypoplasia of right ventricle,http://purl.obolibrary.org/obo/UBERON_0002080,
http://purl.obolibrary.org/obo/HP_0004785,Malrotation of colon,http://purl.obolibrary.org/obo/UBERON_0001155,
http://purl.obolibrary.org/obo/HP_0004788,Intestinal lymphedema,http://purl.obolibrary.org/obo/UBERON_0000160,
http://purl.obolibrary.org/obo/HP_0004790,Hypoplasia of the small intestine,http://purl.obolibrary.org/obo/UBERON_0002108,
http://purl.obolibrary.org/obo/HP_0004791,Esophageal ulceration,http://purl.obolibrary.org/obo/UBERON_0001043,
http://purl.obolibrary.org/obo/HP_0004794,Malrotation of small bowel,http://purl.obolibrary.org/obo/UBERON_0002108,
http://purl.obolibrary.org/obo/HP_0004796,Gastrointestinal obstruction,http://purl.obolibrary.org/obo/UBERON_0005409,
http://purl.obolibrary.org/obo/HP_0004808,Acute myeloid leukemia,,http://purl.obolibrary.org/obo/CL_0000835
http://purl.obolibrary.org/obo/HP_0004823,Anisopoikilocytosis,,http://purl.obolibrary.org/obo/CL_0000232
http://purl.obolibrary.org/obo/HP_0004852,Reduced leukocyte alkaline phosphatase,,http://purl.obolibrary.org/obo/CL_0000738
http://purl.obolibrary.org/obo/HP_0004871,Perineal fistula,http://purl.obolibrary.org/obo/UBERON_0002356,
http://purl.obolibrary.org/obo/HP_0004878,Intercostal muscle weakness,http://purl.obolibrary.org/obo/UBERON_0001111,
http://purl.obolibrary.org/obo/HP_0004890,Elevated pulmonary artery pressure,http://purl.obolibrary.org/obo/UBERON_0000178,
http://purl.obolibrary.org/obo/HP_0004921,Abnormal magnesium concentration,http://purl.obolibrary.org/obo/UBERON_0000178,
http://purl.obolibrary.org/obo/HP_0004923,Hyperphenylalaninemia,http://purl.obolibrary.org/obo/UBERON_0000178,
http://purl.obolibrary.org/obo/HP_0004925,Chronic lactic acidosis,http://purl.obolibrary.org/obo/UBERON_0000178,
http://purl.obolibrary.org/obo/HP_0004930,Abnormality of the pulmonary vasculature,http://purl.obolibrary.org/obo/UBERON_0000102,
http://purl.obolibrary.org/obo/HP_0004934,Vascular calcification,http://purl.obolibrary.org/obo/UBERON_0002049,
http://purl.obolibrary.org/obo/HP_0004935,Pulmonary artery atresia,http://purl.obolibrary.org/obo/UBERON_0002012,
http://purl.obolibrary.org/obo/HP_0004936,Venous thrombosis,http://purl.obolibrary.org/obo/UBERON_0001638,
http://purl.obolibrary.org/obo/HP_0004940,Generalized arterial calcification,http://purl.obolibrary.org/obo/UBERON_0004572,
http://purl.obolibrary.org/obo/HP_0004942,Aortic aneurysm,http://purl.obolibrary.org/obo/UBERON_0000947,
http://purl.obolibrary.org/obo/HP_0004944,Dilatation of the cerebral artery,http://purl.obolibrary.org/obo/UBERON_0004449,
http://purl.obolibrary.org/obo/HP_0004959,Descending thoracic aorta aneurysm,http://purl.obolibrary.org/obo/UBERON_0002345,
http://purl.obolibrary.org/obo/HP_0004960,Absent pulmonary artery,http://purl.obolibrary.org/obo/UBERON_0002012,
http://purl.obolibrary.org/obo/HP_0004962,Thoracic aorta calcification,http://purl.obolibrary.org/obo/UBERON_0001515,
http://purl.obolibrary.org/obo/HP_0004963,Calcification of the aorta,http://purl.obolibrary.org/obo/UBERON_0000947,
http://purl.obolibrary.org/obo/HP_0004970,Ascending tubular aorta aneurysm,http://purl.obolibrary.org/obo/UBERON_0001496,
http://purl.obolibrary.org/obo/HP_0004971,Pulmonary artery hypoplasia,http://purl.obolibrary.org/obo/UBERON_0002012,
http://purl.obolibrary.org/obo/HP_0004974,Coarctation of abdominal aorta,http://purl.obolibrary.org/obo/UBERON_0001516,
http://purl.obolibrary.org/obo/HP_0004976,Knee dislocation,http://purl.obolibrary.org/obo/UBERON_0001485,
http://purl.obolibrary.org/obo/HP_0004979,Metaphyseal sclerosis,http://purl.obolibrary.org/obo/UBERON_0001438,
http://purl.obolibrary.org/obo/HP_0004981,Prominent styloid process of ulna,http://purl.obolibrary.org/obo/UBERON_0011575,
http://purl.obolibrary.org/obo/HP_0004991,Rhizomelic arm shortening,http://purl.obolibrary.org/obo/UBERON_0003822,
http://purl.obolibrary.org/obo/HP_0004997,Multicentric ossification of proximal humeral epiphyses,http://purl.obolibrary.org/obo/UBERON_0010355,
http://purl.obolibrary.org/obo/HP_0005003,Aplasia/Hypoplasia of the capital femoral epiphysis,http://purl.obolibrary.org/obo/UBERON_0004412,
http://purl.obolibrary.org/obo/HP_0005004,Flattened proximal radial epiphyses,http://purl.obolibrary.org/obo/UBERON_0004413,
http://purl.obolibrary.org/obo/HP_0005013,Dysplastic distal radial epiphyses,http://purl.obolibrary.org/obo/UBERON_0004407,
http://purl.obolibrary.org/obo/HP_0005019,Diaphyseal undertubulation,http://purl.obolibrary.org/obo/UBERON_0004769,
http://purl.obolibrary.org/obo/HP_0005035,Shortening of all phalanges of the toes,http://purl.obolibrary.org/obo/UBERON_0001449,
http://purl.obolibrary.org/obo/HP_0005036,Unilateral ulnar hypoplasia,http://purl.obolibrary.org/obo/UBERON_0001424,
http://purl.obolibrary.org/obo/HP_0005041,Irregular capital femoral epiphysis,http://purl.obolibrary.org/obo/UBERON_0004412,
http://purl.obolibrary.org/obo/HP_0005045,Diaphyseal cortical sclerosis,http://purl.obolibrary.org/obo/UBERON_0016423,
http://purl.obolibrary.org/obo/HP_0005067,Proximal fibular overgrowth,http://purl.obolibrary.org/obo/UBERON_0008775,
http://purl.obolibrary.org/obo/HP_0005068,Absent styloid process of ulna,http://purl.obolibrary.org/obo/UBERON_0011575,
http://purl.obolibrary.org/obo/HP_0005084,Anterior radial head dislocation,http://purl.obolibrary.org/obo/UBERON_0001012,
http://purl.obolibrary.org/obo/HP_0005086,Knee osteoarthritis,http://purl.obolibrary.org/obo/UBERON_0001465,
http://purl.obolibrary.org/obo/HP_0005089,Abnormal metaphyseal trabeculation,http://purl.obolibrary.org/obo/UBERON_0001437,
http://purl.obolibrary.org/obo/HP_0005093,Absent proximal radial epiphyses,http://purl.obolibrary.org/obo/UBERON_0004413,
http://purl.obolibrary.org/obo/HP_0005102,Cochlear degeneration,http://purl.obolibrary.org/obo/UBERON_0001844,
http://purl.obolibrary.org/obo/HP_0005103,Calcification of the auricular cartilage,http://purl.obolibrary.org/obo/UBERON_0001867,
http://purl.obolibrary.org/obo/HP_0005104,Hypoplastic nasal septum,http://purl.obolibrary.org/obo/UBERON_0001706,
http://purl.obolibrary.org/obo/HP_0005105,Abnormal nasal morphology,http://purl.obolibrary.org/obo/UBERON_0000004,
http://purl.obolibrary.org/obo/HP_0005106,Abnormality of the vertebral endplates,http://purl.obolibrary.org/obo/UBERON_0014386,
http://purl.obolibrary.org/obo/HP_0005107,Abnormal sacrum morphology,http://purl.obolibrary.org/obo/UBERON_0003690,
http://purl.obolibrary.org/obo/HP_0005108,Abnormal intervertebral disk morphology,http://purl.obolibrary.org/obo/UBERON_0001066,
http://purl.obolibrary.org/obo/HP_0005109,Abnormality of the Achilles tendon,http://purl.obolibrary.org/obo/UBERON_0003701,
http://purl.obolibrary.org/obo/HP_0005112,Abdominal aortic aneurysm,http://purl.obolibrary.org/obo/UBERON_0001516,
http://purl.obolibrary.org/obo/HP_0005113,Aortic arch aneurysm,http://purl.obolibrary.org/obo/UBERON_0001508,
http://purl.obolibrary.org/obo/HP_0005120,Abnormal cardiac atrium morphology,http://purl.obolibrary.org/obo/UBERON_0002081,
http://purl.obolibrary.org/obo/HP_0005132,Pericardial constriction,http://purl.obolibrary.org/obo/UBERON_0002407,
http://purl.obolibrary.org/obo/HP_0005134,Absence of the pulmonary valve,http://purl.obolibrary.org/obo/UBERON_0002146,
http://purl.obolibrary.org/obo/HP_0005136,Mitral annular calcification,http://purl.obolibrary.org/obo/UBERON_0005995,
http://purl.obolibrary.org/obo/HP_0005145,Coronary artery stenosis,http://purl.obolibrary.org/obo/UBERON_0001621,
http://purl.obolibrary.org/obo/HP_0005146,Cardiac valve calcification,http://purl.obolibrary.org/obo/UBERON_0000946,
http://purl.obolibrary.org/obo/HP_0005152,Histiocytoid cardiomyopathy,,http://purl.obolibrary.org/obo/CL_0002198
http://purl.obolibrary.org/obo/HP_0005156,Hypoplastic left atrium,http://purl.obolibrary.org/obo/UBERON_0002079,
http://purl.obolibrary.org/obo/HP_0005164,Dysplastic pulmonary valve,http://purl.obolibrary.org/obo/UBERON_0002146,
http://purl.obolibrary.org/obo/HP_0005176,Dysplastic aortic valve,http://purl.obolibrary.org/obo/UBERON_0002137,
http://purl.obolibrary.org/obo/HP_0005180,Tricuspid regurgitation,http://purl.obolibrary.org/obo/UBERON_0002134,
http://purl.obolibrary.org/obo/HP_0005182,Bicuspid pulmonary valve,http://purl.obolibrary.org/obo/UBERON_0002146,
http://purl.obolibrary.org/obo/HP_0005186,Synovial lining hyperplasia,http://purl.obolibrary.org/obo/UBERON_0002217,
http://purl.obolibrary.org/obo/HP_0005198,Stiff interphalangeal joints,http://purl.obolibrary.org/obo/UBERON_0006658,
http://purl.obolibrary.org/obo/HP_0005199,Aplasia of the abdominal wall musculature,http://purl.obolibrary.org/obo/UBERON_0002343,
http://purl.obolibrary.org/obo/HP_0005200,Retroperitoneal fibrosis,http://purl.obolibrary.org/obo/UBERON_0002358,
http://purl.obolibrary.org/obo/HP_0005207,Gastric hypertrophy,http://purl.obolibrary.org/obo/UBERON_0000945,
http://purl.obolibrary.org/obo/HP_0005209,Intrahepatic bile duct cysts,http://purl.obolibrary.org/obo/UBERON_0003704,
http://purl.obolibrary.org/obo/HP_0005210,Hypoplastic colon,http://purl.obolibrary.org/obo/UBERON_0001155,
http://purl.obolibrary.org/obo/HP_0005211,Midgut malrotation,http://purl.obolibrary.org/obo/UBERON_0001045,
http://purl.obolibrary.org/obo/HP_0005213,Pancreatic calcification,http://purl.obolibrary.org/obo/UBERON_0001264,
http://purl.obolibrary.org/obo/HP_0005214,Intestinal obstruction,http://purl.obolibrary.org/obo/UBERON_0000160,
http://purl.obolibrary.org/obo/HP_0005222,Bowel diverticulosis,http://purl.obolibrary.org/obo/UBERON_0000160,
http://purl.obolibrary.org/obo/HP_0005223,Duplicated colon,http://purl.obolibrary.org/obo/UBERON_0001155,
http://purl.obolibrary.org/obo/HP_0005224,Rectal abscess,http://purl.obolibrary.org/obo/UBERON_0001052,
http://purl.obolibrary.org/obo/HP_0005225,Intestinal edema,http://purl.obolibrary.org/obo/UBERON_0000160,
http://purl.obolibrary.org/obo/HP_0005229,Jejunoileal ulceration,http://purl.obolibrary.org/obo/UBERON_0002115,
http://purl.obolibrary.org/obo/HP_0005230,Biliary tract obstruction,http://purl.obolibrary.org/obo/UBERON_0001173,
http://purl.obolibrary.org/obo/HP_0005231,Chronic gastritis,http://purl.obolibrary.org/obo/UBERON_0000945,
http://purl.obolibrary.org/obo/HP_0005232,Pancreatic dysplasia,http://purl.obolibrary.org/obo/UBERON_0001264,
http://purl.obolibrary.org/obo/HP_0005233,Hypoplasia of the gallbladder,http://purl.obolibrary.org/obo/UBERON_0002110,
http://purl.obolibrary.org/obo/HP_0005235,Jejunal atresia,http://purl.obolibrary.org/obo/UBERON_0002115,
http://purl.obolibrary.org/obo/HP_0005237,Degenerative liver disease,http://purl.obolibrary.org/obo/UBERON_0002107,
http://purl.obolibrary.org/obo/HP_0005240,Esophageal obstruction,http://purl.obolibrary.org/obo/UBERON_0001043,
http://purl.obolibrary.org/obo/HP_0005242,Extrahepatic biliary duct atresia,http://purl.obolibrary.org/obo/UBERON_0003703,
http://purl.obolibrary.org/obo/HP_0005244,Gastrointestinal infarctions,http://purl.obolibrary.org/obo/UBERON_0005409,
http://purl.obolibrary.org/obo/HP_0005245,Intestinal hypoplasia,http://purl.obolibrary.org/obo/UBERON_0000160,
http://purl.obolibrary.org/obo/HP_0005247,Hypoplasia of the abdominal wall musculature,http://purl.obolibrary.org/obo/UBERON_0002378,
http://purl.obolibrary.org/obo/HP_0005248,Intrahepatic biliary atresia,http://purl.obolibrary.org/obo/UBERON_0003704,
http://purl.obolibrary.org/obo/HP_0005254,Unilateral chest hypoplasia,http://purl.obolibrary.org/obo/UBERON_0016416,
http://purl.obolibrary.org/obo/HP_0005255,Absence of pectoralis minor muscle,http://purl.obolibrary.org/obo/UBERON_0001100,
http://purl.obolibrary.org/obo/HP_0005256,Unilateral absence of pectoralis major muscle,http://purl.obolibrary.org/obo/UBERON_0002381,
http://purl.obolibrary.org/obo/HP_0005257,Thoracic hypoplasia,http://purl.obolibrary.org/obo/UBERON_0001443,
http://purl.obolibrary.org/obo/HP_0005258,Pectoral muscle hypoplasia/aplasia,http://purl.obolibrary.org/obo/UBERON_0002381,
http://purl.obolibrary.org/obo/HP_0005261,Joint hemorrhage,http://purl.obolibrary.org/obo/UBERON_0000982,
http://purl.obolibrary.org/obo/HP_0005262,Abnormal synovial membrane morphology,http://purl.obolibrary.org/obo/UBERON_0007617,
http://purl.obolibrary.org/obo/HP_0005263,Gastritis,http://purl.obolibrary.org/obo/UBERON_0000945,
http://purl.obolibrary.org/obo/HP_0005264,Abnormality of the gallbladder,http://purl.obolibrary.org/obo/UBERON_0002110,
http://purl.obolibrary.org/obo/HP_0005265,Abnormal jejunum morphology,http://purl.obolibrary.org/obo/UBERON_0002115,
http://purl.obolibrary.org/obo/HP_0005266,Intestinal polyp,http://purl.obolibrary.org/obo/UBERON_0000160,
http://purl.obolibrary.org/obo/HP_0005273,Absent nasal septal cartilage,http://purl.obolibrary.org/obo/UBERON_0003407,
http://purl.obolibrary.org/obo/HP_0005274,Prominent nasal tip,http://purl.obolibrary.org/obo/UBERON_0012128,
http://purl.obolibrary.org/obo/HP_0005275,Cartilaginous ossification of nose,http://purl.obolibrary.org/obo/UBERON_0006906,
http://purl.obolibrary.org/obo/HP_0005278,Hypoplastic nasal tip,http://purl.obolibrary.org/obo/UBERON_0012128,
http://purl.obolibrary.org/obo/HP_0005280,Depressed nasal bridge,http://purl.obolibrary.org/obo/UBERON_0008340,
http://purl.obolibrary.org/obo/HP_0005281,Hypoplastic nasal bridge,http://purl.obolibrary.org/obo/UBERON_0008340,
http://purl.obolibrary.org/obo/HP_0005285,Absent nasal bridge,http://purl.obolibrary.org/obo/UBERON_0008340,
http://purl.obolibrary.org/obo/HP_0005288,Abnormal nostril morphology,http://purl.obolibrary.org/obo/UBERON_0005928,
http://purl.obolibrary.org/obo/HP_0005289,Abnormal nasolabial region morphology,http://purl.obolibrary.org/obo/UBERON_0004101,
http://purl.obolibrary.org/obo/HP_0005290,Internal carotid artery hypoplasia,http://purl.obolibrary.org/obo/UBERON_0001532,
http://purl.obolibrary.org/obo/HP_0005293,Venous insufficiency,http://purl.obolibrary.org/obo/UBERON_0001638,
http://purl.obolibrary.org/obo/HP_0005303,Aortic arch calcification,http://purl.obolibrary.org/obo/UBERON_0001508,
http://purl.obolibrary.org/obo/HP_0005304,Hypoplastic pulmonary veins,http://purl.obolibrary.org/obo/UBERON_0002016,
http://purl.obolibrary.org/obo/HP_0005305,Cerebral venous thrombosis,http://purl.obolibrary.org/obo/UBERON_0001663,
http://purl.obolibrary.org/obo/HP_0005306,Capillary hemangioma,http://purl.obolibrary.org/obo/UBERON_0001982,
http://purl.obolibrary.org/obo/HP_0005311,Agenesis of pulmonary vessels,http://purl.obolibrary.org/obo/UBERON_0000102,
http://purl.obolibrary.org/obo/HP_0005320,Lack of facial subcutaneous fat,http://purl.obolibrary.org/obo/UBERON_0002190,
http://purl.obolibrary.org/obo/HP_0005322,Prominent nasal septum,http://purl.obolibrary.org/obo/UBERON_0001706,
http://purl.obolibrary.org/obo/HP_0005326,Hypoplastic philtrum,http://purl.obolibrary.org/obo/UBERON_0005402,
http://purl.obolibrary.org/obo/HP_0005332,Recurrent mandibular subluxations,http://purl.obolibrary.org/obo/UBERON_0001684,
http://purl.obolibrary.org/obo/HP_0005336,Forehead hyperpigmentation,http://purl.obolibrary.org/obo/UBERON_0016475,
http://purl.obolibrary.org/obo/HP_0005343,Hypoplasia of the bladder,http://purl.obolibrary.org/obo/UBERON_0001255,
http://purl.obolibrary.org/obo/HP_0005344,Abnormal carotid artery morphology,http://purl.obolibrary.org/obo/UBERON_0001530,
http://purl.obolibrary.org/obo/HP_0005345,Abnormal vena cava morphology,http://purl.obolibrary.org/obo/UBERON_0004087,
http://purl.obolibrary.org/obo/HP_0005347,Tracheal cartilaginous sleeve,http://purl.obolibrary.org/obo/UBERON_0003126,
http://purl.obolibrary.org/obo/HP_0005349,Hypoplasia of the epiglottis,http://purl.obolibrary.org/obo/UBERON_0000388,
http://purl.obolibrary.org/obo/HP_0005359,Aplasia of the thymus,http://purl.obolibrary.org/obo/UBERON_0002370,
http://purl.obolibrary.org/obo/HP_0005365,Severe B lymphocytopenia,,http://purl.obolibrary.org/obo/CL_0000236
http://purl.obolibrary.org/obo/HP_0005372,Abnormality of B cell physiology,,http://purl.obolibrary.org/obo/CL_0000236
http://purl.obolibrary.org/obo/HP_0005374,Cellular immunodeficiency,,http://purl.obolibrary.org/obo/CL_0000000
http://purl.obolibrary.org/obo/HP_0005400,Reduction of neutrophil motility,,http://purl.obolibrary.org/obo/CL_0000775
http://purl.obolibrary.org/obo/HP_0005403,Decreased total T cell count,,http://purl.obolibrary.org/obo/CL_0000084
http://purl.obolibrary.org/obo/HP_0005404,Increased total B cell count,,http://purl.obolibrary.org/obo/CL_0000236
http://purl.obolibrary.org/obo/HP_0005415,Decreased CD8+ T cell proportion,,http://purl.obolibrary.org/obo/CL_0000084
http://purl.obolibrary.org/obo/HP_0005422,Absence of CD8-positive T cells,,http://purl.obolibrary.org/obo/CL_0000625
http://purl.obolibrary.org/obo/HP_0005441,Sclerotic cranial sutures,http://purl.obolibrary.org/obo/UBERON_0003685,
http://purl.obolibrary.org/obo/HP_0005442,Widely patent coronal suture,http://purl.obolibrary.org/obo/UBERON_0002489,
http://purl.obolibrary.org/obo/HP_0005445,Enlarged posterior fossa,http://purl.obolibrary.org/obo/UBERON_0008788,
http://purl.obolibrary.org/obo/HP_0005450,Calvarial osteosclerosis,http://purl.obolibrary.org/obo/UBERON_0004339,
http://purl.obolibrary.org/obo/HP_0005451,Decreased cranial base ossification,http://purl.obolibrary.org/obo/UBERON_0002517,
http://purl.obolibrary.org/obo/HP_0005453,Absent/hypoplastic paranasal sinuses,http://purl.obolibrary.org/obo/UBERON_0001825,
http://purl.obolibrary.org/obo/HP_0005456,Absent ethmoidal sinuses,http://purl.obolibrary.org/obo/UBERON_0002453,
http://purl.obolibrary.org/obo/HP_0005458,Premature closure of fontanelles,http://purl.obolibrary.org/obo/UBERON_0002221,
http://purl.obolibrary.org/obo/HP_0005462,Calcification of falx cerebri,http://purl.obolibrary.org/obo/UBERON_0006059,
http://purl.obolibrary.org/obo/HP_0005463,Elongated sella turcica,http://purl.obolibrary.org/obo/UBERON_0003689,
http://purl.obolibrary.org/obo/HP_0005464,Craniofacial osteosclerosis,http://purl.obolibrary.org/obo/UBERON_0011156,
http://purl.obolibrary.org/obo/HP_0005466,Hypoplasia of the frontal bone,http://purl.obolibrary.org/obo/UBERON_0000209,
http://purl.obolibrary.org/obo/HP_0005469,Flat occiput,http://purl.obolibrary.org/obo/UBERON_0001676,
http://purl.obolibrary.org/obo/HP_0005472,Orbital craniosynostosis,http://purl.obolibrary.org/obo/UBERON_0001697,
http://purl.obolibrary.org/obo/HP_0005473,Fusion of middle ear ossicles,http://purl.obolibrary.org/obo/UBERON_0001686,
http://purl.obolibrary.org/obo/HP_0005474,Decreased calvarial ossification,http://purl.obolibrary.org/obo/UBERON_0004339,
http://purl.obolibrary.org/obo/HP_0005476,Widely patent sagittal suture,http://purl.obolibrary.org/obo/UBERON_0002492,
http://purl.obolibrary.org/obo/HP_0005477,Progressive sclerosis of skull base,http://purl.obolibrary.org/obo/UBERON_0002517,
http://purl.obolibrary.org/obo/HP_0005478,Prominent frontal sinuses,http://purl.obolibrary.org/obo/UBERON_0001760,
http://purl.obolibrary.org/obo/HP_0005479,Decreased circulating IgE concentration,http://purl.obolibrary.org/obo/UBERON_0000178,
http://purl.obolibrary.org/obo/HP_0005483,Abnormal epiglottis morphology,http://purl.obolibrary.org/obo/UBERON_0000388,
http://purl.obolibrary.org/obo/HP_0005484,Secondary microcephaly,http://purl.obolibrary.org/obo/UBERON_0000033,
http://purl.obolibrary.org/obo/HP_0005486,Small fontanelle,http://purl.obolibrary.org/obo/UBERON_0002221,
http://purl.obolibrary.org/obo/HP_0005487,Prominent metopic ridge,http://purl.obolibrary.org/obo/UBERON_0002490,
http://purl.obolibrary.org/obo/HP_0005494,Premature posterior fontanelle closure,http://purl.obolibrary.org/obo/UBERON_0006683,
http://purl.obolibrary.org/obo/HP_0005510,Transient erythroblastopenia,,http://purl.obolibrary.org/obo/CL_0000765
http://purl.obolibrary.org/obo/HP_0005513,Increased megakaryocyte count,,http://purl.obolibrary.org/obo/CL_0000556
http://purl.obolibrary.org/obo/HP_0005537,Decreased mean platelet volume,,http://purl.obolibrary.org/obo/CL_0000233
http://purl.obolibrary.org/obo/HP_0005548,Megakaryocytopenia,,http://purl.obolibrary.org/obo/CL_0000556
http://purl.obolibrary.org/obo/HP_0005556,Abnormality of the metopic suture,http://purl.obolibrary.org/obo/UBERON_0002490,
http://purl.obolibrary.org/obo/HP_0005557,Abnormal zygomatic arch morphology,http://purl.obolibrary.org/obo/UBERON_0002500,
http://purl.obolibrary.org/obo/HP_0005561,Abnormal bone marrow cell morphology,,http://purl.obolibrary.org/obo/CL_0002092
http://purl.obolibrary.org/obo/HP_0005563,Decreased numbers of nephrons,http://purl.obolibrary.org/obo/UBERON_0001285,
http://purl.obolibrary.org/obo/HP_0005580,Duplication of renal pelvis,http://purl.obolibrary.org/obo/UBERON_0001224,
http://purl.obolibrary.org/obo/HP_0005599,Hypopigmentation of hair,http://purl.obolibrary.org/obo/UBERON_0001037,
http://purl.obolibrary.org/obo/HP_0005606,Hyperpigmented nevi and streak,http://purl.obolibrary.org/obo/UBERON_0000160,
http://purl.obolibrary.org/obo/HP_0005607,Abnormal tracheobronchial morphology,http://purl.obolibrary.org/obo/UBERON_0007196,
http://purl.obolibrary.org/obo/HP_0005609,Gallbladder dysfunction,http://purl.obolibrary.org/obo/UBERON_0002110,
http://purl.obolibrary.org/obo/HP_0005613,Aplasia/hypoplasia of the femur,http://purl.obolibrary.org/obo/UBERON_0000981,
http://purl.obolibrary.org/obo/HP_0005616,Accelerated skeletal maturation,http://purl.obolibrary.org/obo/UBERON_0004288,
http://purl.obolibrary.org/obo/HP_0005619,Thoracolumbar kyphosis,http://purl.obolibrary.org/obo/UBERON_0009568,
http://purl.obolibrary.org/obo/HP_0005620,Hypermobility of interphalangeal joints,http://purl.obolibrary.org/obo/UBERON_0006658,
http://purl.obolibrary.org/obo/HP_0005621,Trapezoidal vertebral body,http://purl.obolibrary.org/obo/UBERON_0001075,
http://purl.obolibrary.org/obo/HP_0005622,Broad long bones,http://purl.obolibrary.org/obo/UBERON_0002495,
http://purl.obolibrary.org/obo/HP_0005623,Absent ossification of calvaria,http://purl.obolibrary.org/obo/UBERON_0004339,
http://purl.obolibrary.org/obo/HP_0005625,Osteoporosis of vertebrae,http://purl.obolibrary.org/obo/UBERON_0002412,
http://purl.obolibrary.org/obo/HP_0005632,Absent forearm,http://purl.obolibrary.org/obo/UBERON_0002386,
http://purl.obolibrary.org/obo/HP_0005638,Decreased anterioposterior diameter of lumbar vertebral bodies,http://purl.obolibrary.org/obo/UBERON_0001075,
http://purl.obolibrary.org/obo/HP_0005643,Short 3rd toe,http://purl.obolibrary.org/obo/UBERON_0003633,
http://purl.obolibrary.org/obo/HP_0005645,Intervertebral disk calcification,http://purl.obolibrary.org/obo/UBERON_0001066,
http://purl.obolibrary.org/obo/HP_0005652,Cortical sclerosis,http://purl.obolibrary.org/obo/UBERON_0001439,
http://purl.obolibrary.org/obo/HP_0005659,Thoracic kyphoscoliosis,http://purl.obolibrary.org/obo/UBERON_0001443,
http://purl.obolibrary.org/obo/HP_0005665,Massively thickened long bone cortices,http://purl.obolibrary.org/obo/UBERON_0016422,
http://purl.obolibrary.org/obo/HP_0005687,Deformed humeral heads,http://purl.obolibrary.org/obo/UBERON_0006801,
http://purl.obolibrary.org/obo/HP_0005715,Flattened knee epiphyses,http://purl.obolibrary.org/obo/UBERON_0001437,
http://purl.obolibrary.org/obo/HP_0005731,Cortical irregularity,http://purl.obolibrary.org/obo/UBERON_0001439,
http://purl.obolibrary.org/obo/HP_0005736,Short tibia,http://purl.obolibrary.org/obo/UBERON_0000979,
http://purl.obolibrary.org/obo/HP_0005739,Posterior subluxation of radial head,http://purl.obolibrary.org/obo/UBERON_0001012,
http://purl.obolibrary.org/obo/HP_0005745,Congenital foot contractures,http://purl.obolibrary.org/obo/UBERON_0002387,
http://purl.obolibrary.org/obo/HP_0005746,Osteosclerosis of the base of the skull,http://purl.obolibrary.org/obo/UBERON_0002517,
http://purl.obolibrary.org/obo/HP_0005750,Lower-limb joint contracture,http://purl.obolibrary.org/obo/UBERON_0010709,
http://purl.obolibrary.org/obo/HP_0005769,Fifth finger distal phalanx clinodactyly,http://purl.obolibrary.org/obo/UBERON_0004314,
http://purl.obolibrary.org/obo/HP_0005772,Aplasia/Hypoplasia of the tibia,http://purl.obolibrary.org/obo/UBERON_0000979,
http://purl.obolibrary.org/obo/HP_0005773,Short forearm,http://purl.obolibrary.org/obo/UBERON_0003466,
http://purl.obolibrary.org/obo/HP_0005776,Carpal bone malsegmentation,http://purl.obolibrary.org/obo/UBERON_0001435,
http://purl.obolibrary.org/obo/HP_0005787,Lumbar platyspondyly,http://purl.obolibrary.org/obo/UBERON_0002414,
http://purl.obolibrary.org/obo/HP_0005789,Generalized osteosclerosis,http://purl.obolibrary.org/obo/UBERON_0001474,
http://purl.obolibrary.org/obo/HP_0005790,Short mandibular condyles,http://purl.obolibrary.org/obo/UBERON_0004657,
http://purl.obolibrary.org/obo/HP_0005791,Cortical thickening of long bone diaphyses,http://purl.obolibrary.org/obo/UBERON_0016423,
http://purl.obolibrary.org/obo/HP_0005792,Short humerus,http://purl.obolibrary.org/obo/UBERON_0000976,
http://purl.obolibrary.org/obo/HP_0005807,Absent distal phalanges,http://purl.obolibrary.org/obo/UBERON_0003865,
http://purl.obolibrary.org/obo/HP_0005815,Supernumerary ribs,http://purl.obolibrary.org/obo/UBERON_0002228,
http://purl.obolibrary.org/obo/HP_0005819,Short middle phalanx of finger,http://purl.obolibrary.org/obo/UBERON_0003864,
http://purl.obolibrary.org/obo/HP_0005824,Clinodactyly of the 2nd toe,http://purl.obolibrary.org/obo/UBERON_0003632,
http://purl.obolibrary.org/obo/HP_0005825,Mixed sclerosis of humeral metaphyses,http://purl.obolibrary.org/obo/UBERON_0013749,
http://purl.obolibrary.org/obo/HP_0005830,Flexion contracture of toe,http://purl.obolibrary.org/obo/UBERON_0000043,
http://purl.obolibrary.org/obo/HP_0005844,Rounded middle phalanx of finger,http://purl.obolibrary.org/obo/UBERON_0003864,
http://purl.obolibrary.org/obo/HP_0005857,Cervical spina bifida,http://purl.obolibrary.org/obo/UBERON_0017670,
http://purl.obolibrary.org/obo/HP_0005879,Congenital finger flexion contractures,http://purl.obolibrary.org/obo/UBERON_0002389,
http://purl.obolibrary.org/obo/HP_0005885,Absent ossification of cervical vertebral bodies,http://purl.obolibrary.org/obo/UBERON_0001075,
http://purl.obolibrary.org/obo/HP_0005890,Hyperostosis cranialis interna,http://purl.obolibrary.org/obo/UBERON_0017692,
http://purl.obolibrary.org/obo/HP_0005895,Radial deviation of thumb terminal phalanx,http://purl.obolibrary.org/obo/UBERON_0004337,
http://purl.obolibrary.org/obo/HP_0005905,Abnormal cervical curvature,http://purl.obolibrary.org/obo/UBERON_0006072,
http://purl.obolibrary.org/obo/HP_0005912,Biliary atresia,http://purl.obolibrary.org/obo/UBERON_0001173,
http://purl.obolibrary.org/obo/HP_0005913,Abnormal metacarpal epiphysis morphology,http://purl.obolibrary.org/obo/UBERON_0004390,
http://purl.obolibrary.org/obo/HP_0005914,Aplasia/Hypoplasia involving the metacarpal bones,http://purl.obolibrary.org/obo/UBERON_0002374,
http://purl.obolibrary.org/obo/HP_0005916,Abnormal metacarpal morphology,http://purl.obolibrary.org/obo/UBERON_0002374,
http://purl.obolibrary.org/obo/HP_0005917,Supernumerary metacarpal bones,http://purl.obolibrary.org/obo/UBERON_0002374,
http://purl.obolibrary.org/obo/HP_0005918,Abnormal finger phalanx morphology,http://purl.obolibrary.org/obo/UBERON_0001436,
http://purl.obolibrary.org/obo/HP_0005920,Abnormal epiphysis morphology of the phalanges of the hand,http://purl.obolibrary.org/obo/UBERON_0004387,
http://purl.obolibrary.org/obo/HP_0005922,Abnormal hand morphology,http://purl.obolibrary.org/obo/UBERON_0002398,
http://purl.obolibrary.org/obo/HP_0005923,Abnormal hand metaphysis morphology,http://purl.obolibrary.org/obo/UBERON_0001438,
http://purl.obolibrary.org/obo/HP_0005924,Abnormal hand epiphysis morphology,http://purl.obolibrary.org/obo/UBERON_0001437,
http://purl.obolibrary.org/obo/HP_0005925,Abnormal hand diaphysis morphology,http://purl.obolibrary.org/obo/UBERON_0004769,
http://purl.obolibrary.org/obo/HP_0005927,Aplasia/hypoplasia involving bones of the hand,http://purl.obolibrary.org/obo/UBERON_0001442,
http://purl.obolibrary.org/obo/HP_0005928,Synostosis involving the fibula,http://purl.obolibrary.org/obo/UBERON_0001446,
http://purl.obolibrary.org/obo/HP_0005929,Synostosis involving the tibia,http://purl.obolibrary.org/obo/UBERON_0000979,
http://purl.obolibrary.org/obo/HP_0005930,Abnormal epiphysis morphology,http://purl.obolibrary.org/obo/UBERON_0001437,
http://purl.obolibrary.org/obo/HP_0005938,Abnormal respiratory motile cilium morphology,http://purl.obolibrary.org/obo/UBERON_0001004,
http://purl.obolibrary.org/obo/HP_0005945,Laryngeal obstruction,http://purl.obolibrary.org/obo/UBERON_0001737,
http://purl.obolibrary.org/obo/HP_0005954,Pulmonary capillary hemangiomatosis,http://purl.obolibrary.org/obo/UBERON_0016405,
http://purl.obolibrary.org/obo/HP_0005961,Hypoargininemia,http://purl.obolibrary.org/obo/UBERON_0000178,
http://purl.obolibrary.org/obo/HP_0005989,Redundant neck skin,http://purl.obolibrary.org/obo/UBERON_0000974,
http://purl.obolibrary.org/obo/HP_0005990,Thyroid hypoplasia,http://purl.obolibrary.org/obo/UBERON_0002046,
http://purl.obolibrary.org/obo/HP_0005995,Decreased adipose tissue around neck,http://purl.obolibrary.org/obo/UBERON_0001013,
http://purl.obolibrary.org/obo/HP_0005999,Ureteral atresia,http://purl.obolibrary.org/obo/UBERON_0000056,
http://purl.obolibrary.org/obo/HP_0006000,Ureteral obstruction,http://purl.obolibrary.org/obo/UBERON_0000056,
http://purl.obolibrary.org/obo/HP_0006009,Broad phalanx,http://purl.obolibrary.org/obo/UBERON_0003221,
http://purl.obolibrary.org/obo/HP_0006014,Abnormally shaped carpal bones,http://purl.obolibrary.org/obo/UBERON_0001435,
http://purl.obolibrary.org/obo/HP_0006016,Delayed phalangeal epiphyseal ossification,http://purl.obolibrary.org/obo/UBERON_0004446,
http://purl.obolibrary.org/obo/HP_0006026,Rounded epiphyses,http://purl.obolibrary.org/obo/UBERON_0004387,
http://purl.obolibrary.org/obo/HP_0006028,Metaphyseal cupping of metacarpals,http://purl.obolibrary.org/obo/UBERON_0002374,
http://purl.obolibrary.org/obo/HP_0006040,Long second metacarpal,http://purl.obolibrary.org/obo/UBERON_0003646,
http://purl.obolibrary.org/obo/HP_0006042,Y-shaped metacarpals,http://purl.obolibrary.org/obo/UBERON_0002374,
http://purl.obolibrary.org/obo/HP_0006048,Distal widening of metacarpals,http://purl.obolibrary.org/obo/UBERON_0013753,
http://purl.obolibrary.org/obo/HP_0006059,Cone-shaped metacarpal epiphyses,http://purl.obolibrary.org/obo/UBERON_0004390,
http://purl.obolibrary.org/obo/HP_0006067,Multiple carpal ossification centers,http://purl.obolibrary.org/obo/UBERON_0010355,
http://purl.obolibrary.org/obo/HP_0006094,Finger joint hypermobility,http://purl.obolibrary.org/obo/UBERON_0000982,
http://purl.obolibrary.org/obo/HP_0006097,3-4 finger osseus syndactyly,http://purl.obolibrary.org/obo/UBERON_0003623,
http://purl.obolibrary.org/obo/HP_0006097,3-4 finger osseus syndactyly,http://purl.obolibrary.org/obo/UBERON_0003624,
http://purl.obolibrary.org/obo/HP_0006101,Finger syndactyly,http://purl.obolibrary.org/obo/UBERON_0002389,
http://purl.obolibrary.org/obo/HP_0006106,Absent trapezoid bone,http://purl.obolibrary.org/obo/UBERON_0001431,
http://purl.obolibrary.org/obo/HP_0006108,Tapered metacarpals,http://purl.obolibrary.org/obo/UBERON_0002374,
http://purl.obolibrary.org/obo/HP_0006114,Multiple palmar creases,http://purl.obolibrary.org/obo/UBERON_0019246,
http://purl.obolibrary.org/obo/HP_0006127,Long proximal phalanx of finger,http://purl.obolibrary.org/obo/UBERON_0002234,
http://purl.obolibrary.org/obo/HP_0006134,Enlarged metacarpal epiphyses,http://purl.obolibrary.org/obo/UBERON_0004390,
http://purl.obolibrary.org/obo/HP_0006146,Broad metacarpal epiphyses,http://purl.obolibrary.org/obo/UBERON_0004390,
http://purl.obolibrary.org/obo/HP_0006152,Proximal symphalangism of hands,http://purl.obolibrary.org/obo/UBERON_0002234,
http://purl.obolibrary.org/obo/HP_0006152,Proximal symphalangism of hands,http://purl.obolibrary.org/obo/UBERON_0003637,
http://purl.obolibrary.org/obo/HP_0006155,Long phalanx of finger,http://purl.obolibrary.org/obo/UBERON_0001436,
http://purl.obolibrary.org/obo/HP_0006156,Ulnar deviation of thumb,http://purl.obolibrary.org/obo/UBERON_0001463,
http://purl.obolibrary.org/obo/HP_0006157,Prominent palmar flexion creases,http://purl.obolibrary.org/obo/UBERON_0019246,
http://purl.obolibrary.org/obo/HP_0006159,Mesoaxial hand polydactyly,http://purl.obolibrary.org/obo/UBERON_0019232,
http://purl.obolibrary.org/obo/HP_0006163,Enlarged metacarpophalangeal joints,http://purl.obolibrary.org/obo/UBERON_0003695,
http://purl.obolibrary.org/obo/HP_0006166,Tubular metacarpal bones,http://purl.obolibrary.org/obo/UBERON_0002374,
http://purl.obolibrary.org/obo/HP_0006167,Prominent proximal interphalangeal joints,http://purl.obolibrary.org/obo/UBERON_0009767,
http://purl.obolibrary.org/obo/HP_0006176,Two carpal ossification centers present at birth,http://purl.obolibrary.org/obo/UBERON_0010355,
http://purl.obolibrary.org/obo/HP_0006179,Pseudoepiphyses of second metacarpal,http://purl.obolibrary.org/obo/UBERON_0003646,
http://purl.obolibrary.org/obo/HP_0006180,Crowded carpal bones,http://purl.obolibrary.org/obo/UBERON_0001435,
http://purl.obolibrary.org/obo/HP_0006184,Decreased palmar creases,http://purl.obolibrary.org/obo/UBERON_0019246,
http://purl.obolibrary.org/obo/HP_0006185,Enlarged proximal interphalangeal joints,http://purl.obolibrary.org/obo/UBERON_0009767,
http://purl.obolibrary.org/obo/HP_0006191,Deep palmar crease,http://purl.obolibrary.org/obo/UBERON_0019246,
http://purl.obolibrary.org/obo/HP_0006192,Tapered phalanx of finger,http://purl.obolibrary.org/obo/UBERON_0001436,
http://purl.obolibrary.org/obo/HP_0006201,Hypermobility of distal interphalangeal joints,http://purl.obolibrary.org/obo/UBERON_0009768,
http://purl.obolibrary.org/obo/HP_0006202,Osteolysis of scaphoids,http://purl.obolibrary.org/obo/UBERON_0001427,
http://purl.obolibrary.org/obo/HP_0006208,Metaphyseal cupping of proximal phalanges,http://purl.obolibrary.org/obo/UBERON_0003868,
http://purl.obolibrary.org/obo/HP_0006233,Osteoarthritis of the distal interphalangeal joint,http://purl.obolibrary.org/obo/UBERON_0009768,
http://purl.obolibrary.org/obo/HP_0006236,Slender metacarpals,http://purl.obolibrary.org/obo/UBERON_0002374,
http://purl.obolibrary.org/obo/HP_0006237,Prominent interphalangeal joints,http://purl.obolibrary.org/obo/UBERON_0006658,
http://purl.obolibrary.org/obo/HP_0006247,Enlarged interphalangeal joints,http://purl.obolibrary.org/obo/UBERON_0006658,
http://purl.obolibrary.org/obo/HP_0006253,Swelling of proximal interphalangeal joints,http://purl.obolibrary.org/obo/UBERON_0009767,
http://purl.obolibrary.org/obo/HP_0006256,Abnormality of hand joint mobility,http://purl.obolibrary.org/obo/UBERON_0003839,
http://purl.obolibrary.org/obo/HP_0006257,Abnormality of carpal bone ossification,http://purl.obolibrary.org/obo/UBERON_0001435,
http://purl.obolibrary.org/obo/HP_0006261,Abnormal phalangeal joint morphology of the hand,http://purl.obolibrary.org/obo/UBERON_0007722,
http://purl.obolibrary.org/obo/HP_0006262,Aplasia/Hypoplasia of the 5th finger,http://purl.obolibrary.org/obo/UBERON_0003625,
http://purl.obolibrary.org/obo/HP_0006263,Abnormality of the epiphyses of the 2nd finger,http://purl.obolibrary.org/obo/UBERON_0004387,
http://purl.obolibrary.org/obo/HP_0006264,Aplasia/Hypoplasia of the 2nd finger,http://purl.obolibrary.org/obo/UBERON_0003622,
http://purl.obolibrary.org/obo/HP_0006265,Aplasia/Hypoplasia of fingers,http://purl.obolibrary.org/obo/UBERON_0002389,
http://purl.obolibrary.org/obo/HP_0006266,Small placenta,http://purl.obolibrary.org/obo/UBERON_0001987,
http://purl.obolibrary.org/obo/HP_0006267,Large placenta,http://purl.obolibrary.org/obo/UBERON_0001987,
http://purl.obolibrary.org/obo/HP_0006270,Hypoplastic spleen,http://purl.obolibrary.org/obo/UBERON_0002106,
http://purl.obolibrary.org/obo/HP_0006273,Pancreatic lymphangiectasis,http://purl.obolibrary.org/obo/UBERON_0001264,
http://purl.obolibrary.org/obo/HP_0006274,Reduced pancreatic beta cells,,http://purl.obolibrary.org/obo/CL_0000169
http://purl.obolibrary.org/obo/HP_0006277,Pancreatic hyperplasia,http://purl.obolibrary.org/obo/UBERON_0001264,
http://purl.obolibrary.org/obo/HP_0006278,Ectopic pancreatic tissue,http://purl.obolibrary.org/obo/UBERON_0000479,
http://purl.obolibrary.org/obo/HP_0006279,Beta-cell dysfunction,,http://purl.obolibrary.org/obo/CL_0000169
http://purl.obolibrary.org/obo/HP_0006280,Chronic pancreatitis,http://purl.obolibrary.org/obo/UBERON_0001264,
http://purl.obolibrary.org/obo/HP_0006282,Generalized hypoplasia of dental enamel,http://purl.obolibrary.org/obo/UBERON_0001752,
http://purl.obolibrary.org/obo/HP_0006289,Agenesis of central incisor,http://purl.obolibrary.org/obo/UBERON_0018551,
http://purl.obolibrary.org/obo/HP_0006293,Agenesis of maxillary central incisor,http://purl.obolibrary.org/obo/UBERON_0018603,
http://purl.obolibrary.org/obo/HP_0006297,Enamel hypoplasia,http://purl.obolibrary.org/obo/UBERON_0001752,
http://purl.obolibrary.org/obo/HP_0006302,Dagger-shaped pulp calcifications,http://purl.obolibrary.org/obo/UBERON_0001754,
http://purl.obolibrary.org/obo/HP_0006308,Atrophy of alveolar ridges,http://purl.obolibrary.org/obo/UBERON_0004103,
http://purl.obolibrary.org/obo/HP_0006334,Hypoplasia of the primary teeth,http://purl.obolibrary.org/obo/UBERON_0007116,
http://purl.obolibrary.org/obo/HP_0006335,Persistence of primary teeth,http://purl.obolibrary.org/obo/UBERON_0007116,
http://purl.obolibrary.org/obo/HP_0006336,Short dental root,http://purl.obolibrary.org/obo/UBERON_0003677,
http://purl.obolibrary.org/obo/HP_0006338,Malformation of mandibular premolar,http://purl.obolibrary.org/obo/UBERON_0016453,
http://purl.obolibrary.org/obo/HP_0006339,Conical mandibular incisor,http://purl.obolibrary.org/obo/UBERON_0003451,
http://purl.obolibrary.org/obo/HP_0006344,Abnormal primary molar morphology,http://purl.obolibrary.org/obo/UBERON_0013616,
http://purl.obolibrary.org/obo/HP_0006346,Screwdriver-shaped incisors,http://purl.obolibrary.org/obo/UBERON_0001098,
http://purl.obolibrary.org/obo/HP_0006347,Microdontia of primary teeth,http://purl.obolibrary.org/obo/UBERON_0007120,
http://purl.obolibrary.org/obo/HP_0006349,Agenesis of permanent teeth,http://purl.obolibrary.org/obo/UBERON_0007774,
http://purl.obolibrary.org/obo/HP_0006355,Agenesis of mandibular central incisor,http://purl.obolibrary.org/obo/UBERON_0018601,
http://purl.obolibrary.org/obo/HP_0006361,Irregular femoral epiphysis,http://purl.obolibrary.org/obo/UBERON_0004384,
http://purl.obolibrary.org/obo/HP_0006366,Adductor longus contractures,http://purl.obolibrary.org/obo/UBERON_0000303,
http://purl.obolibrary.org/obo/HP_0006369,Irregular patellae,http://purl.obolibrary.org/obo/UBERON_0002446,
http://purl.obolibrary.org/obo/HP_0006370,Distal ulnar epiphyseal stippling,http://purl.obolibrary.org/obo/UBERON_0004408,
http://purl.obolibrary.org/obo/HP_0006371,Broad long bone diaphyses,http://purl.obolibrary.org/obo/UBERON_0004769,
http://purl.obolibrary.org/obo/HP_0006378,Osteolysis of patellae,http://purl.obolibrary.org/obo/UBERON_0002446,
http://purl.obolibrary.org/obo/HP_0006380,Knee flexion contracture,http://purl.obolibrary.org/obo/UBERON_0000043,
http://purl.obolibrary.org/obo/HP_0006381,Rudimentary fibula,http://purl.obolibrary.org/obo/UBERON_0001446,
http://purl.obolibrary.org/obo/HP_0006385,Short lower limbs,http://purl.obolibrary.org/obo/UBERON_0010709,
http://purl.obolibrary.org/obo/HP_0006386,Hypoplastic distal radial epiphyses,http://purl.obolibrary.org/obo/UBERON_0004407,
http://purl.obolibrary.org/obo/HP_0006387,Wide distal femoral metaphysis,http://purl.obolibrary.org/obo/UBERON_0006864,
http://purl.obolibrary.org/obo/HP_0006392,Increased density of long bones,http://purl.obolibrary.org/obo/UBERON_0002495,
http://purl.obolibrary.org/obo/HP_0006398,Flat distal femoral epiphysis,http://purl.obolibrary.org/obo/UBERON_0004406,
http://purl.obolibrary.org/obo/HP_0006400,Absent knee epiphyses,http://purl.obolibrary.org/obo/UBERON_0001437,
http://purl.obolibrary.org/obo/HP_0006402,Distal shortening of limbs,http://purl.obolibrary.org/obo/UBERON_0002471,
http://purl.obolibrary.org/obo/HP_0006407,Irregular distal femoral epiphysis,http://purl.obolibrary.org/obo/UBERON_0004406,
http://purl.obolibrary.org/obo/HP_0006413,Broad tibial metaphyses,http://purl.obolibrary.org/obo/UBERON_0013750,
http://purl.obolibrary.org/obo/HP_0006417,Wide femoral metaphysis,http://purl.obolibrary.org/obo/UBERON_0006865,
http://purl.obolibrary.org/obo/HP_0006424,Elongated radius,http://purl.obolibrary.org/obo/UBERON_0001423,
http://purl.obolibrary.org/obo/HP_0006426,Rudimentary to absent tibiae,http://purl.obolibrary.org/obo/UBERON_0000979,
http://purl.obolibrary.org/obo/HP_0006429,Broad femoral neck,http://purl.obolibrary.org/obo/UBERON_0007119,
http://purl.obolibrary.org/obo/HP_0006431,Abnormal proximal femoral metaphysis morphology,http://purl.obolibrary.org/obo/UBERON_0006863,
http://purl.obolibrary.org/obo/HP_0006431,Abnormal proximal femoral metaphysis morphology,http://purl.obolibrary.org/obo/UBERON_0006864,
http://purl.obolibrary.org/obo/HP_0006433,Radial dysplasia,http://purl.obolibrary.org/obo/UBERON_0001423,
http://purl.obolibrary.org/obo/HP_0006438,Enlargement of the distal femoral epiphysis,http://purl.obolibrary.org/obo/UBERON_0004406,
http://purl.obolibrary.org/obo/HP_0006440,Increased density of long bone diaphyses,http://purl.obolibrary.org/obo/UBERON_0004769,
http://purl.obolibrary.org/obo/HP_0006442,Hypoplasia of proximal fibula,http://purl.obolibrary.org/obo/UBERON_0008775,
http://purl.obolibrary.org/obo/HP_0006443,Patellar aplasia,http://purl.obolibrary.org/obo/UBERON_0002446,
http://purl.obolibrary.org/obo/HP_0006446,Dysplastic patella,http://purl.obolibrary.org/obo/UBERON_0002446,
http://purl.obolibrary.org/obo/HP_0006449,Distal radial epiphyseal osteolysis,http://purl.obolibrary.org/obo/UBERON_0004407,
http://purl.obolibrary.org/obo/HP_0006450,Multicentric ossification of proximal femoral epiphyses,http://purl.obolibrary.org/obo/UBERON_0010355,
http://purl.obolibrary.org/obo/HP_0006453,Lateral displacement of the femoral head,http://purl.obolibrary.org/obo/UBERON_0006767,
http://purl.obolibrary.org/obo/HP_0006454,Delayed patellar ossification,http://purl.obolibrary.org/obo/UBERON_0002446,
http://purl.obolibrary.org/obo/HP_0006456,Irregular proximal tibial epiphyses,http://purl.obolibrary.org/obo/UBERON_0008772,
http://purl.obolibrary.org/obo/HP_0006459,Dorsal subluxation of ulna,http://purl.obolibrary.org/obo/UBERON_0001424,
http://purl.obolibrary.org/obo/HP_0006461,Proximal femoral epiphysiolysis,http://purl.obolibrary.org/obo/UBERON_0000981,
http://purl.obolibrary.org/obo/HP_0006461,Proximal femoral epiphysiolysis,http://purl.obolibrary.org/obo/UBERON_0004412,
http://purl.obolibrary.org/obo/HP_0006462,Generalized bone demineralization,http://purl.obolibrary.org/obo/UBERON_0001474,
http://purl.obolibrary.org/obo/HP_0006463,Rickets of the lower limbs,http://purl.obolibrary.org/obo/UBERON_0010709,
http://purl.obolibrary.org/obo/HP_0006466,Ankle flexion contracture,http://purl.obolibrary.org/obo/UBERON_0004454,
http://purl.obolibrary.org/obo/HP_0006470,Thin long bone diaphyses,http://purl.obolibrary.org/obo/UBERON_0004769,
http://purl.obolibrary.org/obo/HP_0006476,Abnormality of the pancreatic islet cells,http://purl.obolibrary.org/obo/UBERON_0000006,
http://purl.obolibrary.org/obo/HP_0006477,Abnormal alveolar ridge morphology,http://purl.obolibrary.org/obo/UBERON_0004103,
http://purl.obolibrary.org/obo/HP_0006479,Abnormal dental pulp morphology,http://purl.obolibrary.org/obo/UBERON_0001754,
http://purl.obolibrary.org/obo/HP_0006481,Abnormality of primary teeth,http://purl.obolibrary.org/obo/UBERON_0007116,
http://purl.obolibrary.org/obo/HP_0006482,Abnormal dental morphology,http://purl.obolibrary.org/obo/UBERON_0001091,
http://purl.obolibrary.org/obo/HP_0006483,Abnormal number of teeth,http://purl.obolibrary.org/obo/UBERON_0001091,
http://purl.obolibrary.org/obo/HP_0006485,Agenesis of incisor,http://purl.obolibrary.org/obo/UBERON_0001098,
http://purl.obolibrary.org/obo/HP_0006486,Abnormal dental root morphology,http://purl.obolibrary.org/obo/UBERON_0003677,
http://purl.obolibrary.org/obo/HP_0006487,Bowing of the long bones,http://purl.obolibrary.org/obo/UBERON_0002495,
http://purl.obolibrary.org/obo/HP_0006488,Bowing of the arm,http://purl.obolibrary.org/obo/UBERON_0008962,
http://purl.obolibrary.org/obo/HP_0006489,Abnormal femoral metaphysis morphology,http://purl.obolibrary.org/obo/UBERON_0006865,
http://purl.obolibrary.org/obo/HP_0006490,Abnormal lower-limb metaphysis morphology,http://purl.obolibrary.org/obo/UBERON_0001438,
http://purl.obolibrary.org/obo/HP_0006491,Abnormal tibial metaphysis morphology,http://purl.obolibrary.org/obo/UBERON_0013750,
http://purl.obolibrary.org/obo/HP_0006492,Aplasia/Hypoplasia of the fibula,http://purl.obolibrary.org/obo/UBERON_0001446,
http://purl.obolibrary.org/obo/HP_0006493,Aplasia/hypoplasia involving bones of the lower limbs,http://purl.obolibrary.org/obo/UBERON_0012476,
http://purl.obolibrary.org/obo/HP_0006494,Aplasia/Hypoplasia involving bones of the feet,http://purl.obolibrary.org/obo/UBERON_0001445,
http://purl.obolibrary.org/obo/HP_0006495,Aplasia/Hypoplasia of the ulna,http://purl.obolibrary.org/obo/UBERON_0001424,
http://purl.obolibrary.org/obo/HP_0006496,Aplasia/hypoplasia involving bones of the upper limbs,http://purl.obolibrary.org/obo/UBERON_0012475,
http://purl.obolibrary.org/obo/HP_0006498,Aplasia/Hypoplasia of the patella,http://purl.obolibrary.org/obo/UBERON_0002446,
http://purl.obolibrary.org/obo/HP_0006499,Abnormal femoral epiphysis morphology,http://purl.obolibrary.org/obo/UBERON_0004384,
http://purl.obolibrary.org/obo/HP_0006500,Abnormal lower limb epiphysis morphology,http://purl.obolibrary.org/obo/UBERON_0001437,
http://purl.obolibrary.org/obo/HP_0006501,Aplasia/Hypoplasia of the radius,http://purl.obolibrary.org/obo/UBERON_0001423,
http://purl.obolibrary.org/obo/HP_0006502,Aplasia/Hypoplasia involving the carpal bones,http://purl.obolibrary.org/obo/UBERON_0001435,
http://purl.obolibrary.org/obo/HP_0006503,Aplasia/hypoplasia involving forearm bones,http://purl.obolibrary.org/obo/UBERON_0003466,
http://purl.obolibrary.org/obo/HP_0006505,Abnormal limb epiphysis morphology,http://purl.obolibrary.org/obo/UBERON_0001437,
http://purl.obolibrary.org/obo/HP_0006507,Aplasia/hypoplasia of the humerus,http://purl.obolibrary.org/obo/UBERON_0000976,
http://purl.obolibrary.org/obo/HP_0006508,Abnormality of tibial epiphyses,http://purl.obolibrary.org/obo/UBERON_0004383,
http://purl.obolibrary.org/obo/HP_0006511,Laryngeal stridor,http://purl.obolibrary.org/obo/UBERON_0001737,
http://purl.obolibrary.org/obo/HP_0006514,Intraalveolar nodular calcifications,http://purl.obolibrary.org/obo/UBERON_0002299,
http://purl.obolibrary.org/obo/HP_0006529,Abnormal pulmonary lymphatics,http://purl.obolibrary.org/obo/UBERON_0018226,
http://purl.obolibrary.org/obo/HP_0006533,Bronchodysplasia,http://purl.obolibrary.org/obo/UBERON_0002185,
http://purl.obolibrary.org/obo/HP_0006535,Recurrent intrapulmonary hemorrhage,http://purl.obolibrary.org/obo/UBERON_0002048,
http://purl.obolibrary.org/obo/HP_0006539,Bronchial cartilage hypoplasia,http://purl.obolibrary.org/obo/UBERON_0001956,
http://purl.obolibrary.org/obo/HP_0006554,Acute hepatic failure,http://purl.obolibrary.org/obo/UBERON_0002107,
http://purl.obolibrary.org/obo/HP_0006559,Hepatic calcification,http://purl.obolibrary.org/obo/UBERON_0002107,
http://purl.obolibrary.org/obo/HP_0006560,Biliary hyperplasia,http://purl.obolibrary.org/obo/UBERON_0001173,
http://purl.obolibrary.org/obo/HP_0006561,Lipid accumulation in hepatocytes,,http://purl.obolibrary.org/obo/CL_0000182
http://purl.obolibrary.org/obo/HP_0006568,Increased hepatic glycogen content,http://purl.obolibrary.org/obo/UBERON_0002107,
http://purl.obolibrary.org/obo/HP_0006571,Reduced number of intrahepatic bile ducts,http://purl.obolibrary.org/obo/UBERON_0003704,
http://purl.obolibrary.org/obo/HP_0006580,Portal fibrosis,http://purl.obolibrary.org/obo/UBERON_0002017,
http://purl.obolibrary.org/obo/HP_0006585,Congenital pseudoarthrosis of the clavicle,http://purl.obolibrary.org/obo/UBERON_0001105,
http://purl.obolibrary.org/obo/HP_0006591,Absent glenoid fossa,http://purl.obolibrary.org/obo/UBERON_0006657,
http://purl.obolibrary.org/obo/HP_0006597,Diaphragmatic paralysis,http://purl.obolibrary.org/obo/UBERON_0001103,
http://purl.obolibrary.org/obo/HP_0006598,Irregular ossification at anterior rib ends,http://purl.obolibrary.org/obo/UBERON_0002235,
http://purl.obolibrary.org/obo/HP_0006600,Progressive calcification of costochondral cartilage,http://purl.obolibrary.org/obo/UBERON_0002293,
http://purl.obolibrary.org/obo/HP_0006606,Irregular chondrocostal junctions,http://purl.obolibrary.org/obo/UBERON_0002293,
http://purl.obolibrary.org/obo/HP_0006607,Precocious costochondral ossification,http://purl.obolibrary.org/obo/UBERON_0002293,
http://purl.obolibrary.org/obo/HP_0006610,Wide intermamillary distance,http://purl.obolibrary.org/obo/UBERON_0013771,
http://purl.obolibrary.org/obo/HP_0006611,Decreased number of sternal ossification centers,http://purl.obolibrary.org/obo/UBERON_0010355,
http://purl.obolibrary.org/obo/HP_0006619,Anterior rib punctate calcifications,http://purl.obolibrary.org/obo/UBERON_4100117,
http://purl.obolibrary.org/obo/HP_0006628,Absent sternal ossification,http://purl.obolibrary.org/obo/UBERON_0000975,
http://purl.obolibrary.org/obo/HP_0006633,Glenoid fossa hypoplasia,http://purl.obolibrary.org/obo/UBERON_0006657,
http://purl.obolibrary.org/obo/HP_0006637,Sternal punctate calcifications,http://purl.obolibrary.org/obo/UBERON_0000975,
http://purl.obolibrary.org/obo/HP_0006640,Multiple rib fractures,http://purl.obolibrary.org/obo/UBERON_0002228,
http://purl.obolibrary.org/obo/HP_0006641,Prominent floating ribs,http://purl.obolibrary.org/obo/UBERON_0002239,
http://purl.obolibrary.org/obo/HP_0006642,Large sternal ossification centers,http://purl.obolibrary.org/obo/UBERON_0010355,
http://purl.obolibrary.org/obo/HP_0006643,Fused sternal ossification centers,http://purl.obolibrary.org/obo/UBERON_0010355,
http://purl.obolibrary.org/obo/HP_0006643,Fused sternal ossification centers,http://purl.obolibrary.org/obo/UBERON_0000975,
http://purl.obolibrary.org/obo/HP_0006644,Thoracic dysplasia,http://purl.obolibrary.org/obo/UBERON_0001443,
http://purl.obolibrary.org/obo/HP_0006645,Thin clavicles,http://purl.obolibrary.org/obo/UBERON_0001105,
http://purl.obolibrary.org/obo/HP_0006646,Costal cartilage calcification,http://purl.obolibrary.org/obo/UBERON_0002236,
http://purl.obolibrary.org/obo/HP_0006657,Hypoplasia of first ribs,http://purl.obolibrary.org/obo/UBERON_0004601,
http://purl.obolibrary.org/obo/HP_0006659,Internally rotated shoulders,http://purl.obolibrary.org/obo/UBERON_0001467,
http://purl.obolibrary.org/obo/HP_0006660,Aplastic clavicle,http://purl.obolibrary.org/obo/UBERON_0001105,
http://purl.obolibrary.org/obo/HP_0006668,Twelfth rib hypoplasia,http://purl.obolibrary.org/obo/UBERON_0004611,
http://purl.obolibrary.org/obo/HP_0006681,Absent atrioventricular node,http://purl.obolibrary.org/obo/UBERON_0002352,
http://purl.obolibrary.org/obo/HP_0006685,Endocardial fibrosis,http://purl.obolibrary.org/obo/UBERON_0002165,
http://purl.obolibrary.org/obo/HP_0006690,Myocardial calcification,http://purl.obolibrary.org/obo/UBERON_0002349,
http://purl.obolibrary.org/obo/HP_0006692,Short chordae tendineae of the tricuspid valve,http://purl.obolibrary.org/obo/UBERON_0014852,
http://purl.obolibrary.org/obo/HP_0006693,Myocardial steatosis,http://purl.obolibrary.org/obo/UBERON_0002349,
http://purl.obolibrary.org/obo/HP_0006695,Atrioventricular canal defect,http://purl.obolibrary.org/obo/UBERON_0002087,
http://purl.obolibrary.org/obo/HP_0006703,Aplasia/Hypoplasia of the lungs,http://purl.obolibrary.org/obo/UBERON_0002048,
http://purl.obolibrary.org/obo/HP_0006704,Abnormal coronary artery morphology,http://purl.obolibrary.org/obo/UBERON_0001621,
http://purl.obolibrary.org/obo/HP_0006705,Abnormal atrioventricular valve morphology,http://purl.obolibrary.org/obo/UBERON_0002133,
http://purl.obolibrary.org/obo/HP_0006707,Abnormality of the hepatic vasculature,http://purl.obolibrary.org/obo/UBERON_0006877,
http://purl.obolibrary.org/obo/HP_0006709,Aplasia/Hypoplasia of the nipples,http://purl.obolibrary.org/obo/UBERON_0002030,
http://purl.obolibrary.org/obo/HP_0006710,Aplasia/Hypoplasia of the clavicles,http://purl.obolibrary.org/obo/UBERON_0001105,
http://purl.obolibrary.org/obo/HP_0006711,Aplasia/Hypoplasia involving bones of the thorax,http://purl.obolibrary.org/obo/UBERON_0014477,
http://purl.obolibrary.org/obo/HP_0006712,Aplasia/Hypoplasia of the ribs,http://purl.obolibrary.org/obo/UBERON_0002228,
http://purl.obolibrary.org/obo/HP_0006713,Aplasia/Hypoplasia of the scapulae,http://purl.obolibrary.org/obo/UBERON_0006849,
http://purl.obolibrary.org/obo/HP_0006714,Aplasia/Hypoplasia of the sternum,http://purl.obolibrary.org/obo/UBERON_0000975,
http://purl.obolibrary.org/obo/HP_0006739,Squamous cell carcinoma of the skin,http://purl.obolibrary.org/obo/UBERON_0002097,
http://purl.obolibrary.org/obo/HP_0006769,Myxoid subcutaneous tumors,http://purl.obolibrary.org/obo/UBERON_0011818,
http://purl.obolibrary.org/obo/HP_0006784,Paranasal sinus hypoplasia,http://purl.obolibrary.org/obo/UBERON_0001825,
http://purl.obolibrary.org/obo/HP_0006799,Basal ganglia cysts,http://purl.obolibrary.org/obo/UBERON_0002420,
http://purl.obolibrary.org/obo/HP_0006802,Abnormal anterior horn cell morphology,,http://purl.obolibrary.org/obo/CL_0011001
http://purl.obolibrary.org/obo/HP_0006808,Cerebral hypomyelination,http://purl.obolibrary.org/obo/UBERON_0000955,
http://purl.obolibrary.org/obo/HP_0006817,Aplasia/Hypoplasia of the cerebellar vermis,http://purl.obolibrary.org/obo/UBERON_0004720,
http://purl.obolibrary.org/obo/HP_0006824,Cranial nerve paralysis,http://purl.obolibrary.org/obo/UBERON_0001785,
http://purl.obolibrary.org/obo/HP_0006829,Severe muscular hypotonia,http://purl.obolibrary.org/obo/UBERON_0001630,
http://purl.obolibrary.org/obo/HP_0006850,Hypoplasia of the ventral pons,http://purl.obolibrary.org/obo/UBERON_0002567,
http://purl.obolibrary.org/obo/HP_0006855,Cerebellar vermis atrophy,http://purl.obolibrary.org/obo/UBERON_0004720,
http://purl.obolibrary.org/obo/HP_0006872,Cerebral hypoplasia,http://purl.obolibrary.org/obo/UBERON_0001893,
http://purl.obolibrary.org/obo/HP_0006888,Meningoencephalocele,http://purl.obolibrary.org/obo/UBERON_0003129,
http://purl.obolibrary.org/obo/HP_0006888,Meningoencephalocele,http://purl.obolibrary.org/obo/UBERON_0002360,
http://purl.obolibrary.org/obo/HP_0006891,Thick cerebral cortex,http://purl.obolibrary.org/obo/UBERON_0000956,
http://purl.obolibrary.org/obo/HP_0006894,Hypoplastic olfactory lobes,http://purl.obolibrary.org/obo/UBERON_0005366,
http://purl.obolibrary.org/obo/HP_0006895,Lower limb hypertonia,http://purl.obolibrary.org/obo/UBERON_0001383,
http://purl.obolibrary.org/obo/HP_0006897,Abducens palsy,http://purl.obolibrary.org/obo/UBERON_0001646,
http://purl.obolibrary.org/obo/HP_0006899,Fusion of the cerebellar hemispheres,http://purl.obolibrary.org/obo/UBERON_0014890,
http://purl.obolibrary.org/obo/HP_0006899,Fusion of the cerebellar hemispheres,http://purl.obolibrary.org/obo/UBERON_0014889,
http://purl.obolibrary.org/obo/HP_0006921,Axial muscle stiffness,http://purl.obolibrary.org/obo/UBERON_0003897,
http://purl.obolibrary.org/obo/HP_0006930,Frontoparietal cortical dysplasia,http://purl.obolibrary.org/obo/UBERON_0001870,
http://purl.obolibrary.org/obo/HP_0006930,Frontoparietal cortical dysplasia,http://purl.obolibrary.org/obo/UBERON_0016530,
http://purl.obolibrary.org/obo/HP_0006931,Pericallosal lipoma,http://purl.obolibrary.org/obo/UBERON_0002336,
http://purl.obolibrary.org/obo/HP_0006956,Lateral ventricle dilatation,http://purl.obolibrary.org/obo/UBERON_0002285,
http://purl.obolibrary.org/obo/HP_0006959,Proximal spinal muscular atrophy,,http://purl.obolibrary.org/obo/CL_0000100
http://purl.obolibrary.org/obo/HP_0006959,Proximal spinal muscular atrophy,http://purl.obolibrary.org/obo/UBERON_0002240,
http://purl.obolibrary.org/obo/HP_0006960,Choroid plexus calcification,http://purl.obolibrary.org/obo/UBERON_0001886,
http://purl.obolibrary.org/obo/HP_0006986,Upper limb spasticity,http://purl.obolibrary.org/obo/UBERON_0010708,
http://purl.obolibrary.org/obo/HP_0006989,Dysplastic corpus callosum,http://purl.obolibrary.org/obo/UBERON_0002336,
http://purl.obolibrary.org/obo/HP_0006999,Basal ganglia gliosis,http://purl.obolibrary.org/obo/UBERON_0002420,
http://purl.obolibrary.org/obo/HP_0007001,Loss of Purkinje cells in the cerebellar vermis,,http://purl.obolibrary.org/obo/CL_0000121
http://purl.obolibrary.org/obo/HP_0007001,Loss of Purkinje cells in the cerebellar vermis,http://purl.obolibrary.org/obo/UBERON_0004720,
http://purl.obolibrary.org/obo/HP_0007009,Central nervous system degeneration,http://purl.obolibrary.org/obo/UBERON_0001017,
http://purl.obolibrary.org/obo/HP_0007011,Fourth cranial nerve palsy,http://purl.obolibrary.org/obo/UBERON_0001644,
http://purl.obolibrary.org/obo/HP_0007016,Corticospinal tract hypoplasia,http://purl.obolibrary.org/obo/UBERON_0002707,
http://purl.obolibrary.org/obo/HP_0007027,Poorly formed metencephalon,http://purl.obolibrary.org/obo/UBERON_0001895,
http://purl.obolibrary.org/obo/HP_0007033,Cerebellar dysplasia,http://purl.obolibrary.org/obo/UBERON_0002037,
http://purl.obolibrary.org/obo/HP_0007036,Hypoplasia of olfactory tract,http://purl.obolibrary.org/obo/UBERON_0002265,
http://purl.obolibrary.org/obo/HP_0007047,Atrophy of the dentate nucleus,http://purl.obolibrary.org/obo/UBERON_0002132,
http://purl.obolibrary.org/obo/HP_0007048,Large basal ganglia,http://purl.obolibrary.org/obo/UBERON_0002420,
http://purl.obolibrary.org/obo/HP_0007074,Thick corpus callosum,http://purl.obolibrary.org/obo/UBERON_0002336,
http://purl.obolibrary.org/obo/HP_0007082,Dilated third ventricle,http://purl.obolibrary.org/obo/UBERON_0002286,
http://purl.obolibrary.org/obo/HP_0007083,Hyperactive patellar reflex,http://purl.obolibrary.org/obo/UBERON_0002446,
http://purl.obolibrary.org/obo/HP_0007096,Hypoplasia of the optic tract,http://purl.obolibrary.org/obo/UBERON_0001908,
http://purl.obolibrary.org/obo/HP_0007115,Naso-orbital encephalocele,http://purl.obolibrary.org/obo/UBERON_0000955,
http://purl.obolibrary.org/obo/HP_0007115,Naso-orbital encephalocele,http://purl.obolibrary.org/obo/UBERON_0001697,
http://purl.obolibrary.org/obo/HP_0007115,Naso-orbital encephalocele,http://purl.obolibrary.org/obo/UBERON_0000479,
http://purl.obolibrary.org/obo/HP_0007117,Corticospinal tract atrophy,http://purl.obolibrary.org/obo/UBERON_0002707,
http://purl.obolibrary.org/obo/HP_0007129,Cerebellar medulloblastoma,http://purl.obolibrary.org/obo/UBERON_0002037,
http://purl.obolibrary.org/obo/HP_0007132,Pallidal degeneration,http://purl.obolibrary.org/obo/UBERON_0001875,
http://purl.obolibrary.org/obo/HP_0007156,Asymmetric limb muscle stiffness,http://purl.obolibrary.org/obo/UBERON_0004480,
http://purl.obolibrary.org/obo/HP_0007181,Interosseus muscle atrophy,http://purl.obolibrary.org/obo/UBERON_0001502,
http://purl.obolibrary.org/obo/HP_0007182,Peripheral hypomyelination,http://purl.obolibrary.org/obo/UBERON_0000345,
http://purl.obolibrary.org/obo/HP_0007190,Neuronal loss in the cerebral cortex,,http://purl.obolibrary.org/obo/CL_0000540
http://purl.obolibrary.org/obo/HP_0007201,Cerebral artery atherosclerosis,http://purl.obolibrary.org/obo/UBERON_0004449,
http://purl.obolibrary.org/obo/HP_0007209,Facial paralysis,http://purl.obolibrary.org/obo/UBERON_0001577,
http://purl.obolibrary.org/obo/HP_0007210,Lower limb amyotrophy,http://purl.obolibrary.org/obo/UBERON_0004482,
http://purl.obolibrary.org/obo/HP_0007229,Intracerebral periventricular calcifications,http://purl.obolibrary.org/obo/UBERON_0014932,
http://purl.obolibrary.org/obo/HP_0007256,Abnormal pyramidal sign,http://purl.obolibrary.org/obo/UBERON_0002707,
http://purl.obolibrary.org/obo/HP_0007265,Absent mesencephalon,http://purl.obolibrary.org/obo/UBERON_0001891,
http://purl.obolibrary.org/obo/HP_0007266,Cerebral dysmyelination,http://purl.obolibrary.org/obo/UBERON_0003544,
http://purl.obolibrary.org/obo/HP_0007269,Spinal muscular atrophy,,http://purl.obolibrary.org/obo/CL_0000100
http://purl.obolibrary.org/obo/HP_0007269,Spinal muscular atrophy,http://purl.obolibrary.org/obo/UBERON_0001130,
http://purl.obolibrary.org/obo/HP_0007291,Posterior fossa cyst,http://purl.obolibrary.org/obo/UBERON_0008788,
http://purl.obolibrary.org/obo/HP_0007299,Dysfunction of lateral corticospinal tracts,http://purl.obolibrary.org/obo/UBERON_0002589,
http://purl.obolibrary.org/obo/HP_0007305,CNS demyelination,http://purl.obolibrary.org/obo/UBERON_0001017,
http://purl.obolibrary.org/obo/HP_0007313,Cerebral degeneration,http://purl.obolibrary.org/obo/UBERON_0001893,
http://purl.obolibrary.org/obo/HP_0007330,Frontoethmoidal encephalocele,http://purl.obolibrary.org/obo/UBERON_0000955,
http://purl.obolibrary.org/obo/HP_0007330,Frontoethmoidal encephalocele,http://purl.obolibrary.org/obo/UBERON_0000209,
http://purl.obolibrary.org/obo/HP_0007330,Frontoethmoidal encephalocele,http://purl.obolibrary.org/obo/UBERON_0000479,
http://purl.obolibrary.org/obo/HP_0007333,Hypoplasia of the frontal lobes,http://purl.obolibrary.org/obo/UBERON_0001870,
http://purl.obolibrary.org/obo/HP_0007340,Lower limb muscle weakness,http://purl.obolibrary.org/obo/UBERON_0010890,
http://purl.obolibrary.org/obo/HP_0007341,Diffuse swelling of cerebral white matter,http://purl.obolibrary.org/obo/UBERON_0002437,
http://purl.obolibrary.org/obo/HP_0007343,Abnormal morphology of the limbic system,http://purl.obolibrary.org/obo/UBERON_0000349,
http://purl.obolibrary.org/obo/HP_0007344,Atrophy/Degeneration involving the spinal cord,http://purl.obolibrary.org/obo/UBERON_0002240,
http://purl.obolibrary.org/obo/HP_0007350,Upper limb hyperreflexia,http://purl.obolibrary.org/obo/UBERON_0010708,
http://purl.obolibrary.org/obo/HP_0007351,Upper limb postural tremor,http://purl.obolibrary.org/obo/UBERON_0010708,
http://purl.obolibrary.org/obo/HP_0007352,Cerebellar calcifications,http://purl.obolibrary.org/obo/UBERON_0002037,
http://purl.obolibrary.org/obo/HP_0007360,Aplasia/Hypoplasia of the cerebellum,http://purl.obolibrary.org/obo/UBERON_0002037,
http://purl.obolibrary.org/obo/HP_0007361,Abnormal pons morphology,http://purl.obolibrary.org/obo/UBERON_0000988,
http://purl.obolibrary.org/obo/HP_0007362,Aplasia/Hypoplasia of the brainstem,http://purl.obolibrary.org/obo/UBERON_0002298,
http://purl.obolibrary.org/obo/HP_0007364,Aplasia/Hypoplasia of the cerebrum,http://purl.obolibrary.org/obo/UBERON_0001893,
http://purl.obolibrary.org/obo/HP_0007365,Aplasia/Hypoplasia involving the corticospinal tracts,http://purl.obolibrary.org/obo/UBERON_0002707,
http://purl.obolibrary.org/obo/HP_0007366,Atrophy/Degeneration affecting the brainstem,http://purl.obolibrary.org/obo/UBERON_0002298,
http://purl.obolibrary.org/obo/HP_0007367,Atrophy/Degeneration affecting the central nervous system,http://purl.obolibrary.org/obo/UBERON_0001017,
http://purl.obolibrary.org/obo/HP_0007369,Atrophy/Degeneration affecting the cerebrum,http://purl.obolibrary.org/obo/UBERON_0001893,
http://purl.obolibrary.org/obo/HP_0007370,Aplasia/Hypoplasia of the corpus callosum,http://purl.obolibrary.org/obo/UBERON_0002336,
http://purl.obolibrary.org/obo/HP_0007371,Corpus callosum atrophy,http://purl.obolibrary.org/obo/UBERON_0002336,
http://purl.obolibrary.org/obo/HP_0007373,Motor neuron atrophy,,http://purl.obolibrary.org/obo/CL_0000100
http://purl.obolibrary.org/obo/HP_0007374,Atrophy/Degeneration involving the caudate nucleus,http://purl.obolibrary.org/obo/UBERON_0001873,
http://purl.obolibrary.org/obo/HP_0007375,Abnormal septum pellucidum morphology,http://purl.obolibrary.org/obo/UBERON_0004714,
http://purl.obolibrary.org/obo/HP_0007376,Abnormal choroid plexus morphology,http://purl.obolibrary.org/obo/UBERON_0001886,
http://purl.obolibrary.org/obo/HP_0007385,Aplasia cutis congenita of scalp,http://purl.obolibrary.org/obo/UBERON_0000403,
http://purl.obolibrary.org/obo/HP_0007387,Hypoplastic sweat glands,http://purl.obolibrary.org/obo/UBERON_0001820,
http://purl.obolibrary.org/obo/HP_0007392,Excessive wrinkled skin,http://purl.obolibrary.org/obo/UBERON_0002097,
http://purl.obolibrary.org/obo/HP_0007397,Axillary apocrine gland hypoplasia,http://purl.obolibrary.org/obo/UBERON_0000382,
http://purl.obolibrary.org/obo/HP_0007403,Hypertrophy of skin of soles,http://purl.obolibrary.org/obo/UBERON_0013778,
http://purl.obolibrary.org/obo/HP_0007406,Hyperpigmentation of eyelids,http://purl.obolibrary.org/obo/UBERON_0001711,
http://purl.obolibrary.org/obo/HP_0007413,Nevus flammeus of the forehead,http://purl.obolibrary.org/obo/UBERON_0008200,
http://purl.obolibrary.org/obo/HP_0007421,Telangiectases of the cheeks,http://purl.obolibrary.org/obo/UBERON_0008803,
http://purl.obolibrary.org/obo/HP_0007430,Generalized edema,http://purl.obolibrary.org/obo/UBERON_0000468,
http://purl.obolibrary.org/obo/HP_0007440,Generalized hyperpigmentation,http://purl.obolibrary.org/obo/UBERON_0000468,
http://purl.obolibrary.org/obo/HP_0007452,Midface capillary hemangioma,http://purl.obolibrary.org/obo/UBERON_0004089,
http://purl.obolibrary.org/obo/HP_0007457,Prominent veins on trunk,http://purl.obolibrary.org/obo/UBERON_0001638,
http://purl.obolibrary.org/obo/HP_0007460,Autoamputation of digits,http://purl.obolibrary.org/obo/UBERON_0002544,
http://purl.obolibrary.org/obo/HP_0007485,Absence of subcutaneous fat,http://purl.obolibrary.org/obo/UBERON_0002190,
http://purl.obolibrary.org/obo/HP_0007500,Decreased number of sweat glands,http://purl.obolibrary.org/obo/UBERON_0001820,
http://purl.obolibrary.org/obo/HP_0007513,Generalized hypopigmentation,http://purl.obolibrary.org/obo/UBERON_0000468,
http://purl.obolibrary.org/obo/HP_0007515,Hypoplastic pilosebaceous units,http://purl.obolibrary.org/obo/UBERON_0011932,
http://purl.obolibrary.org/obo/HP_0007521,Irregular hyperpigmentation of back,http://purl.obolibrary.org/obo/UBERON_0001068,
http://purl.obolibrary.org/obo/HP_0007537,Severe photosensitivity,http://purl.obolibrary.org/obo/UBERON_0010230,
http://purl.obolibrary.org/obo/HP_0007542,Absent pigmentation of the ventral chest,http://purl.obolibrary.org/obo/UBERON_0019200,
http://purl.obolibrary.org/obo/HP_0007576,Palmar neurofibroma,http://purl.obolibrary.org/obo/UBERON_0016430,
http://purl.obolibrary.org/obo/HP_0007592,Aplasia/Hypoplasia of the eccrine sweat glands,http://purl.obolibrary.org/obo/UBERON_0000423,
http://purl.obolibrary.org/obo/HP_0007605,Excessive wrinkling of palmar skin,http://purl.obolibrary.org/obo/UBERON_0013777,
http://purl.obolibrary.org/obo/HP_0007616,Nevus flammeus nuchae,http://purl.obolibrary.org/obo/UBERON_0012477,
http://purl.obolibrary.org/obo/HP_0007618,Subcutaneous calcification,http://purl.obolibrary.org/obo/UBERON_0011818,
http://purl.obolibrary.org/obo/HP_0007626,Mandibular osteomyelitis,http://purl.obolibrary.org/obo/UBERON_0001684,
http://purl.obolibrary.org/obo/HP_0007627,Mandibular condyle aplasia,http://purl.obolibrary.org/obo/UBERON_0004657,
http://purl.obolibrary.org/obo/HP_0007628,Mandibular condyle hypoplasia,http://purl.obolibrary.org/obo/UBERON_0004657,
http://purl.obolibrary.org/obo/HP_0007633,Bilateral microphthalmos,http://purl.obolibrary.org/obo/UBERON_0010230,
http://purl.obolibrary.org/obo/HP_0007646,Absent lower eyelashes,http://purl.obolibrary.org/obo/UBERON_0019255,
http://purl.obolibrary.org/obo/HP_0007651,Ectropion of lower eyelids,http://purl.obolibrary.org/obo/UBERON_0001713,
http://purl.obolibrary.org/obo/HP_0007656,Lacrimal gland aplasia,http://purl.obolibrary.org/obo/UBERON_0001817,
http://purl.obolibrary.org/obo/HP_0007661,Abnormality of chorioretinal pigmentation,http://purl.obolibrary.org/obo/UBERON_0000966,
http://purl.obolibrary.org/obo/HP_0007661,Abnormality of chorioretinal pigmentation,http://purl.obolibrary.org/obo/UBERON_0001776,
http://purl.obolibrary.org/obo/HP_0007665,Curly eyelashes,http://purl.obolibrary.org/obo/UBERON_0001702,
http://purl.obolibrary.org/obo/HP_0007676,Hypoplasia of the iris,http://purl.obolibrary.org/obo/UBERON_0001769,
http://purl.obolibrary.org/obo/HP_0007678,Lacrimal duct stenosis,http://purl.obolibrary.org/obo/UBERON_0002392,
http://purl.obolibrary.org/obo/HP_0007680,Depigmented fundus,http://purl.obolibrary.org/obo/UBERON_0003951,
http://purl.obolibrary.org/obo/HP_0007686,Abnormal pupillary function,http://purl.obolibrary.org/obo/UBERON_0001771,
http://purl.obolibrary.org/obo/HP_0007697,Hypoplasia of the lower eyelids,http://purl.obolibrary.org/obo/UBERON_0001713,
http://purl.obolibrary.org/obo/HP_0007700,Ocular anterior segment dysgenesis,http://purl.obolibrary.org/obo/UBERON_0001766,
http://purl.obolibrary.org/obo/HP_0007703,Abnormality of retinal pigmentation,http://purl.obolibrary.org/obo/UBERON_0001782,
http://purl.obolibrary.org/obo/HP_0007705,Corneal degeneration,http://purl.obolibrary.org/obo/UBERON_0000964,
http://purl.obolibrary.org/obo/HP_0007715,Weak extraocular muscles,http://purl.obolibrary.org/obo/UBERON_0001601,
http://purl.obolibrary.org/obo/HP_0007720,Flat cornea,http://purl.obolibrary.org/obo/UBERON_0000964,
http://purl.obolibrary.org/obo/HP_0007722,Retinal pigment epithelial atrophy,http://purl.obolibrary.org/obo/UBERON_0001782,
http://purl.obolibrary.org/obo/HP_0007730,Iris hypopigmentation,http://purl.obolibrary.org/obo/UBERON_0001769,
http://purl.obolibrary.org/obo/HP_0007731,Chorioretinal dysplasia,http://purl.obolibrary.org/obo/UBERON_0000966,
http://purl.obolibrary.org/obo/HP_0007731,Chorioretinal dysplasia,http://purl.obolibrary.org/obo/UBERON_0001776,
http://purl.obolibrary.org/obo/HP_0007732,Lacrimal gland hypoplasia,http://purl.obolibrary.org/obo/UBERON_0001817,
http://purl.obolibrary.org/obo/HP_0007734,Enlarged lacrimal glands,http://purl.obolibrary.org/obo/UBERON_0001817,
http://purl.obolibrary.org/obo/HP_0007750,Hypoplasia of the fovea,http://purl.obolibrary.org/obo/UBERON_0001786,
http://purl.obolibrary.org/obo/HP_0007754,Macular dystrophy,http://purl.obolibrary.org/obo/UBERON_0000053,
http://purl.obolibrary.org/obo/HP_0007759,Opacification of the corneal stroma,http://purl.obolibrary.org/obo/UBERON_0001777,
http://purl.obolibrary.org/obo/HP_0007763,Retinal telangiectasia,http://purl.obolibrary.org/obo/UBERON_0000966,
http://purl.obolibrary.org/obo/HP_0007766,Optic disc hypoplasia,http://purl.obolibrary.org/obo/UBERON_0001783,
http://purl.obolibrary.org/obo/HP_0007770,Hypoplasia of the retina,http://purl.obolibrary.org/obo/UBERON_0000966,
http://purl.obolibrary.org/obo/HP_0007774,Hypoplasia of the ciliary body,http://purl.obolibrary.org/obo/UBERON_0001775,
http://purl.obolibrary.org/obo/HP_0007776,Sparse lower eyelashes,http://purl.obolibrary.org/obo/UBERON_0019255,
http://purl.obolibrary.org/obo/HP_0007779,Anterior segment of eye aplasia,http://purl.obolibrary.org/obo/UBERON_0001801,
http://purl.obolibrary.org/obo/HP_0007787,Posterior subcapsular cataract,http://purl.obolibrary.org/obo/UBERON_0016459,
http://purl.obolibrary.org/obo/HP_0007807,Optic nerve compression,http://purl.obolibrary.org/obo/UBERON_0000941,
http://purl.obolibrary.org/obo/HP_0007820,Lacrimal punctal atresia,http://purl.obolibrary.org/obo/UBERON_0010284,
http://purl.obolibrary.org/obo/HP_0007832,Pigmentation of the sclera,http://purl.obolibrary.org/obo/UBERON_0001773,
http://purl.obolibrary.org/obo/HP_0007835,S-shaped palpebral fissures,http://purl.obolibrary.org/obo/UBERON_0001819,
http://purl.obolibrary.org/obo/HP_0007840,Long upper eyelashes,http://purl.obolibrary.org/obo/UBERON_0019254,
http://purl.obolibrary.org/obo/HP_0007850,Retinal vascular proliferation,http://purl.obolibrary.org/obo/UBERON_0002049,
http://purl.obolibrary.org/obo/HP_0007862,Retinal calcification,http://purl.obolibrary.org/obo/UBERON_0000966,
http://purl.obolibrary.org/obo/HP_0007873,Abnormally prominent line of Schwalbe,http://purl.obolibrary.org/obo/UBERON_0011918,
http://purl.obolibrary.org/obo/HP_0007886,Absent extraocular muscles,http://purl.obolibrary.org/obo/UBERON_0001601,
http://purl.obolibrary.org/obo/HP_0007892,Hypoplasia of the lacrimal punctum,http://purl.obolibrary.org/obo/UBERON_0010284,
http://purl.obolibrary.org/obo/HP_0007894,Hypopigmentation of the fundus,http://purl.obolibrary.org/obo/UBERON_0003951,
http://purl.obolibrary.org/obo/HP_0007900,Hypoplastic lacrimal duct,http://purl.obolibrary.org/obo/UBERON_0001850,
http://purl.obolibrary.org/obo/HP_0007902,Vitreous hemorrhage,http://purl.obolibrary.org/obo/UBERON_0001797,
http://purl.obolibrary.org/obo/HP_0007905,Abnormal iris vasculature,http://purl.obolibrary.org/obo/UBERON_0004118,
http://purl.obolibrary.org/obo/HP_0007922,Hypermyelinated retinal nerve fibers,http://purl.obolibrary.org/obo/UBERON_0001793,
http://purl.obolibrary.org/obo/HP_0007925,Lacrimal duct aplasia,http://purl.obolibrary.org/obo/UBERON_0001850,
http://purl.obolibrary.org/obo/HP_0007942,Internal ophthalmoplegia,http://purl.obolibrary.org/obo/UBERON_0001605,
http://purl.obolibrary.org/obo/HP_0007957,Corneal opacity,http://purl.obolibrary.org/obo/UBERON_0000964,
http://purl.obolibrary.org/obo/HP_0007968,Remnants of the hyaloid vascular system,http://purl.obolibrary.org/obo/UBERON_0002270,
http://purl.obolibrary.org/obo/HP_0007973,Retinal dysplasia,http://purl.obolibrary.org/obo/UBERON_0000966,
http://purl.obolibrary.org/obo/HP_0007980,Absent retinal pigment epithelium,http://purl.obolibrary.org/obo/UBERON_0001782,
http://purl.obolibrary.org/obo/HP_0007988,Macular hypopigmentation,http://purl.obolibrary.org/obo/UBERON_0000053,
http://purl.obolibrary.org/obo/HP_0007990,Hypoplastic iris stroma,http://purl.obolibrary.org/obo/UBERON_0001779,
http://purl.obolibrary.org/obo/HP_0007993,Malformed lacrimal duct,http://purl.obolibrary.org/obo/UBERON_0001850,
http://purl.obolibrary.org/obo/HP_0008000,Decreased corneal reflex,http://purl.obolibrary.org/obo/UBERON_0000964,
http://purl.obolibrary.org/obo/HP_0008001,Foveal hyperpigmentation,http://purl.obolibrary.org/obo/UBERON_0001786,
http://purl.obolibrary.org/obo/HP_0008002,Abnormality of macular pigmentation,http://purl.obolibrary.org/obo/UBERON_0000053,
http://purl.obolibrary.org/obo/HP_0008034,Abnormal iris pigmentation,http://purl.obolibrary.org/obo/UBERON_0001769,
http://purl.obolibrary.org/obo/HP_0008038,Aplastic/hypoplastic lacrimal glands,http://purl.obolibrary.org/obo/UBERON_0001817,
http://purl.obolibrary.org/obo/HP_0008043,Retinal arteriolar constriction,http://purl.obolibrary.org/obo/UBERON_0001980,
http://purl.obolibrary.org/obo/HP_0008046,Abnormal retinal vascular morphology,http://purl.obolibrary.org/obo/UBERON_0004864,
http://purl.obolibrary.org/obo/HP_0008047,Abnormality of the vasculature of the eye,http://purl.obolibrary.org/obo/UBERON_0002203,
http://purl.obolibrary.org/obo/HP_0008048,Abnormal line of Schwalbe morphology,http://purl.obolibrary.org/obo/UBERON_0011918,
http://purl.obolibrary.org/obo/HP_0008049,Abnormality of the extraocular muscles,http://purl.obolibrary.org/obo/UBERON_0001601,
http://purl.obolibrary.org/obo/HP_0008050,Abnormality of the palpebral fissures,http://purl.obolibrary.org/obo/UBERON_0001819,
http://purl.obolibrary.org/obo/HP_0008053,Aplasia/Hypoplasia of the iris,http://purl.obolibrary.org/obo/UBERON_0001769,
http://purl.obolibrary.org/obo/HP_0008054,Abnormal morphology of the conjunctival vasculature,http://purl.obolibrary.org/obo/UBERON_0002049,
http://purl.obolibrary.org/obo/HP_0008055,Aplasia/Hypoplasia affecting the uvea,http://purl.obolibrary.org/obo/UBERON_0001768,
http://purl.obolibrary.org/obo/HP_0008056,Aplasia/Hypoplasia affecting the eye,http://purl.obolibrary.org/obo/UBERON_0010230,
http://purl.obolibrary.org/obo/HP_0008057,Aplasia/Hypoplasia affecting the fundus,http://purl.obolibrary.org/obo/UBERON_0003951,
http://purl.obolibrary.org/obo/HP_0008058,Aplasia/Hypoplasia of the optic nerve,http://purl.obolibrary.org/obo/UBERON_0000941,
http://purl.obolibrary.org/obo/HP_0008059,Aplasia/Hypoplasia of the macula,http://purl.obolibrary.org/obo/UBERON_0000053,
http://purl.obolibrary.org/obo/HP_0008060,Aplasia/Hypoplasia of the fovea,http://purl.obolibrary.org/obo/UBERON_0001786,
http://purl.obolibrary.org/obo/HP_0008061,Aplasia/Hypoplasia of the retina,http://purl.obolibrary.org/obo/UBERON_0000966,
http://purl.obolibrary.org/obo/HP_0008062,Aplasia/Hypoplasia affecting the anterior segment of the eye,http://purl.obolibrary.org/obo/UBERON_0001801,
http://purl.obolibrary.org/obo/HP_0008063,Aplasia/Hypoplasia of the lens,http://purl.obolibrary.org/obo/UBERON_0000965,
http://purl.obolibrary.org/obo/HP_0008065,Aplasia/Hypoplasia of the skin,http://purl.obolibrary.org/obo/UBERON_0002097,
http://purl.obolibrary.org/obo/HP_0008066,Abnormal blistering of the skin,http://purl.obolibrary.org/obo/UBERON_0002097,
http://purl.obolibrary.org/obo/HP_0008070,Sparse hair,http://purl.obolibrary.org/obo/UBERON_0001037,
http://purl.obolibrary.org/obo/HP_0008076,Osteoporotic tarsals,http://purl.obolibrary.org/obo/UBERON_0001447,
http://purl.obolibrary.org/obo/HP_0008079,Absent fifth metatarsal,http://purl.obolibrary.org/obo/UBERON_0003654,
http://purl.obolibrary.org/obo/HP_0008087,Nonossified fifth metatarsal,http://purl.obolibrary.org/obo/UBERON_0003654,
http://purl.obolibrary.org/obo/HP_0008089,Abnormality of the fifth metatarsal bone,http://purl.obolibrary.org/obo/UBERON_0003654,
http://purl.obolibrary.org/obo/HP_0008093,Short 4th toe,http://purl.obolibrary.org/obo/UBERON_0003634,
http://purl.obolibrary.org/obo/HP_0008095,Osteolysis of talus,http://purl.obolibrary.org/obo/UBERON_0002395,
http://purl.obolibrary.org/obo/HP_0008103,Delayed tarsal ossification,http://purl.obolibrary.org/obo/UBERON_0001447,
http://purl.obolibrary.org/obo/HP_0008108,Advanced tarsal ossification,http://purl.obolibrary.org/obo/UBERON_0001447,
http://purl.obolibrary.org/obo/HP_0008114,Metatarsal diaphyseal endosteal sclerosis,http://purl.obolibrary.org/obo/UBERON_0009859,
http://purl.obolibrary.org/obo/HP_0008115,Clinodactyly of the 3rd toe,http://purl.obolibrary.org/obo/UBERON_0003633,
http://purl.obolibrary.org/obo/HP_0008117,Shortening of the talar neck,http://purl.obolibrary.org/obo/UBERON_0015180,
http://purl.obolibrary.org/obo/HP_0008119,Deformed tarsal bones,http://purl.obolibrary.org/obo/UBERON_0001447,
http://purl.obolibrary.org/obo/HP_0008131,Tarsal stippling,http://purl.obolibrary.org/obo/UBERON_0001447,
http://purl.obolibrary.org/obo/HP_0008134,Irregular tarsal ossification,http://purl.obolibrary.org/obo/UBERON_0001447,
http://purl.obolibrary.org/obo/HP_0008141,Dislocation of toes,http://purl.obolibrary.org/obo/UBERON_0001466,
http://purl.obolibrary.org/obo/HP_0008142,Delayed calcaneal ossification,http://purl.obolibrary.org/obo/UBERON_0001450,
http://purl.obolibrary.org/obo/HP_0008155,Mucopolysacchariduria,http://purl.obolibrary.org/obo/UBERON_0001088,
http://purl.obolibrary.org/obo/HP_0008161,Absent leukocyte alkaline phosphatase,,http://purl.obolibrary.org/obo/CL_0000738
http://purl.obolibrary.org/obo/HP_0008163,Decreased circulating cortisol level,http://purl.obolibrary.org/obo/UBERON_0000178,
http://purl.obolibrary.org/obo/HP_0008180,Mildly elevated creatine kinase,http://purl.obolibrary.org/obo/UBERON_0000178,
http://purl.obolibrary.org/obo/HP_0008181,Abetalipoproteinemia,http://purl.obolibrary.org/obo/UBERON_0000178,
http://purl.obolibrary.org/obo/HP_0008182,Adrenocortical hypoplasia,http://purl.obolibrary.org/obo/UBERON_0001235,
http://purl.obolibrary.org/obo/HP_0008188,Thyroid dysgenesis,http://purl.obolibrary.org/obo/UBERON_0002046,
http://purl.obolibrary.org/obo/HP_0008191,Thyroid agenesis,http://purl.obolibrary.org/obo/UBERON_0002046,
http://purl.obolibrary.org/obo/HP_0008194,Multiple pancreatic beta-cell adenomas,http://purl.obolibrary.org/obo/UBERON_0001264,
http://purl.obolibrary.org/obo/HP_0008208,Parathyroid hyperplasia,http://purl.obolibrary.org/obo/UBERON_0001132,
http://purl.obolibrary.org/obo/HP_0008211,Parathyroid agenesis,http://purl.obolibrary.org/obo/UBERON_0001132,
http://purl.obolibrary.org/obo/HP_0008214,Decreased serum estradiol,http://purl.obolibrary.org/obo/UBERON_0001977,
http://purl.obolibrary.org/obo/HP_0008216,Adrenal gland dysgenesis,http://purl.obolibrary.org/obo/UBERON_0002369,
http://purl.obolibrary.org/obo/HP_0008221,Adrenal hyperplasia,http://purl.obolibrary.org/obo/UBERON_0002369,
http://purl.obolibrary.org/obo/HP_0008222,Female infertility,http://purl.obolibrary.org/obo/UBERON_0000468,
http://purl.obolibrary.org/obo/HP_0008229,Thyroid lymphangiectasia,http://purl.obolibrary.org/obo/UBERON_0002046,
http://purl.obolibrary.org/obo/HP_0008233,Decreased circulating progesterone,http://purl.obolibrary.org/obo/UBERON_0001977,
http://purl.obolibrary.org/obo/HP_0008239,Adrenal medullary hypoplasia,http://purl.obolibrary.org/obo/UBERON_0001236,
http://purl.obolibrary.org/obo/HP_0008247,Euthyroid hyperthyroxinemia,http://purl.obolibrary.org/obo/UBERON_0000178,
http://purl.obolibrary.org/obo/HP_0008249,Thyroid hyperplasia,http://purl.obolibrary.org/obo/UBERON_0002046,
http://purl.obolibrary.org/obo/HP_0008261,Pancreatic islet cell adenoma,http://purl.obolibrary.org/obo/UBERON_0001264,
http://purl.obolibrary.org/obo/HP_0008277,Abnormal blood zinc concentration,http://purl.obolibrary.org/obo/UBERON_0000178,
http://purl.obolibrary.org/obo/HP_0008278,Cerebellar cortical atrophy,http://purl.obolibrary.org/obo/UBERON_0002129,
http://purl.obolibrary.org/obo/HP_0008301,Dermatan sulfate excretion in urine,http://purl.obolibrary.org/obo/UBERON_0001088,
http://purl.obolibrary.org/obo/HP_0008303,Olivary degeneration,http://purl.obolibrary.org/obo/UBERON_0000128,
http://purl.obolibrary.org/obo/HP_0008311,Spinal cord posterior columns myelin loss,http://purl.obolibrary.org/obo/UBERON_0002240,
http://purl.obolibrary.org/obo/HP_0008316,Abnormal mitochondria in muscle tissue,http://purl.obolibrary.org/obo/UBERON_0001015,
http://purl.obolibrary.org/obo/HP_0008318,Elevated leukocyte alkaline phosphatase,,http://purl.obolibrary.org/obo/CL_0000738
http://purl.obolibrary.org/obo/HP_0008339,Diaminoaciduria,http://purl.obolibrary.org/obo/UBERON_0001088,
http://purl.obolibrary.org/obo/HP_0008344,Elevated circulating branched chain amino acid concentration,http://purl.obolibrary.org/obo/UBERON_0001969,
http://purl.obolibrary.org/obo/HP_0008358,Hyperprolinemia,http://purl.obolibrary.org/obo/UBERON_0000178,
http://purl.obolibrary.org/obo/HP_0008362,Aplasia/Hypoplasia of the hallux,http://purl.obolibrary.org/obo/UBERON_0003631,
http://purl.obolibrary.org/obo/HP_0008363,Aplasia/Hypoplasia of the tarsal bones,http://purl.obolibrary.org/obo/UBERON_0001447,
http://purl.obolibrary.org/obo/HP_0008364,Abnormality of the calcaneus,http://purl.obolibrary.org/obo/UBERON_0001450,
http://purl.obolibrary.org/obo/HP_0008365,Abnormal talus morphology,http://purl.obolibrary.org/obo/UBERON_0002395,
http://purl.obolibrary.org/obo/HP_0008366,Foot joint contracture,http://purl.obolibrary.org/obo/UBERON_0001487,
http://purl.obolibrary.org/obo/HP_0008368,Tarsal synostosis,http://purl.obolibrary.org/obo/UBERON_0001447,
http://purl.obolibrary.org/obo/HP_0008369,Abnormal tarsal ossification,http://purl.obolibrary.org/obo/UBERON_0001447,
http://purl.obolibrary.org/obo/HP_0008371,Abnormal metatarsal ossification,http://purl.obolibrary.org/obo/UBERON_0001448,
http://purl.obolibrary.org/obo/HP_0008383,Slow-growing nails,http://purl.obolibrary.org/obo/UBERON_0001705,
http://purl.obolibrary.org/obo/HP_0008386,Aplasia/Hypoplasia of the nails,http://purl.obolibrary.org/obo/UBERON_0001705,
http://purl.obolibrary.org/obo/HP_0008388,Abnormal toenail morphology,http://purl.obolibrary.org/obo/UBERON_0009567,
http://purl.obolibrary.org/obo/HP_0008391,Dystrophic fingernails,http://purl.obolibrary.org/obo/UBERON_0009565,
http://purl.obolibrary.org/obo/HP_0008398,Hypoplastic fifth fingernail,http://purl.obolibrary.org/obo/UBERON_0011277,
http://purl.obolibrary.org/obo/HP_0008401,Onychogryphosis of toenails,http://purl.obolibrary.org/obo/UBERON_0009567,
http://purl.obolibrary.org/obo/HP_0008404,Nail dystrophy,http://purl.obolibrary.org/obo/UBERON_0001705,
http://purl.obolibrary.org/obo/HP_0008417,Vertebral hypoplasia,http://purl.obolibrary.org/obo/UBERON_0002412,
http://purl.obolibrary.org/obo/HP_0008419,Intervertebral disk degeneration,http://purl.obolibrary.org/obo/UBERON_0001066,
http://purl.obolibrary.org/obo/HP_0008420,Punctate vertebral calcifications,http://purl.obolibrary.org/obo/UBERON_0002412,
http://purl.obolibrary.org/obo/HP_0008421,Tall lumbar vertebral bodies,http://purl.obolibrary.org/obo/UBERON_0001075,
http://purl.obolibrary.org/obo/HP_0008422,Vertebral wedging,http://purl.obolibrary.org/obo/UBERON_0002412,
http://purl.obolibrary.org/obo/HP_0008423,Spinal dysplasia,http://purl.obolibrary.org/obo/UBERON_0001130,
http://purl.obolibrary.org/obo/HP_0008424,Hypoplastic 5th lumbar vertebrae,http://purl.obolibrary.org/obo/UBERON_0004621,
http://purl.obolibrary.org/obo/HP_0008425,Cuboid-shaped thoracolumbar vertebral bodies,http://purl.obolibrary.org/obo/UBERON_0001075,
http://purl.obolibrary.org/obo/HP_0008428,Vertebral clefting,http://purl.obolibrary.org/obo/UBERON_0002412,
http://purl.obolibrary.org/obo/HP_0008434,Hypoplastic cervical vertebrae,http://purl.obolibrary.org/obo/UBERON_0002413,
http://purl.obolibrary.org/obo/HP_0008436,Absent/hypoplastic coccyx,http://purl.obolibrary.org/obo/UBERON_0001350,
http://purl.obolibrary.org/obo/HP_0008437,Bifid thoracic vertebrae,http://purl.obolibrary.org/obo/UBERON_0002347,
http://purl.obolibrary.org/obo/HP_0008438,Vertebral arch anomaly,http://purl.obolibrary.org/obo/UBERON_0010358,
http://purl.obolibrary.org/obo/HP_0008439,Lumbar hemivertebrae,http://purl.obolibrary.org/obo/UBERON_0002414,
http://purl.obolibrary.org/obo/HP_0008440,C1-C2 vertebral abnormality,http://purl.obolibrary.org/obo/UBERON_0001092,
http://purl.obolibrary.org/obo/HP_0008440,C1-C2 vertebral abnormality,http://purl.obolibrary.org/obo/UBERON_0001093,
http://purl.obolibrary.org/obo/HP_0008441,Herniation of intervertebral nuclei,http://purl.obolibrary.org/obo/UBERON_0002242,
http://purl.obolibrary.org/obo/HP_0008442,Vertebral hyperostosis,http://purl.obolibrary.org/obo/UBERON_0002412,
http://purl.obolibrary.org/obo/HP_0008443,Neuropathic spinal arthropathy,http://purl.obolibrary.org/obo/UBERON_0001130,
http://purl.obolibrary.org/obo/HP_0008445,Cervical spinal canal stenosis,http://purl.obolibrary.org/obo/UBERON_0014542,
http://purl.obolibrary.org/obo/HP_0008447,Hypoplastic coccygeal vertebrae,http://purl.obolibrary.org/obo/UBERON_0001095,
http://purl.obolibrary.org/obo/HP_0008454,Lumbar kyphosis,http://purl.obolibrary.org/obo/UBERON_0006074,
http://purl.obolibrary.org/obo/HP_0008455,Dysplastic sacrum,http://purl.obolibrary.org/obo/UBERON_0003690,
http://purl.obolibrary.org/obo/HP_0008459,Cervical vertebral agenesis,http://purl.obolibrary.org/obo/UBERON_0002413,
http://purl.obolibrary.org/obo/HP_0008460,Hypoplastic spinal processes,http://purl.obolibrary.org/obo/UBERON_0001076,
http://purl.obolibrary.org/obo/HP_0008463,Central vertebral hypoplasia,http://purl.obolibrary.org/obo/UBERON_0016412,
http://purl.obolibrary.org/obo/HP_0008464,Absent spinous processes of lower thoracic and lumbar vertebrae,http://purl.obolibrary.org/obo/UBERON_0001076,
http://purl.obolibrary.org/obo/HP_0008465,Absent vertebra,http://purl.obolibrary.org/obo/UBERON_0002412,
http://purl.obolibrary.org/obo/HP_0008467,Thoracic hemivertebrae,http://purl.obolibrary.org/obo/UBERON_0001443,
http://purl.obolibrary.org/obo/HP_0008469,Cervical vertebral dysplasia,http://purl.obolibrary.org/obo/UBERON_0002413,
http://purl.obolibrary.org/obo/HP_0008473,Narrow anterio-posterior vertebral body diameter,http://purl.obolibrary.org/obo/UBERON_0001075,
http://purl.obolibrary.org/obo/HP_0008475,Hypoplastic sacral vertebrae,http://purl.obolibrary.org/obo/UBERON_0001094,
http://purl.obolibrary.org/obo/HP_0008477,Poorly ossified cervical vertebrae,http://purl.obolibrary.org/obo/UBERON_0002413,
http://purl.obolibrary.org/obo/HP_0008479,Hypoplastic vertebral bodies,http://purl.obolibrary.org/obo/UBERON_0001075,
http://purl.obolibrary.org/obo/HP_0008480,Cervical spondylosis,http://purl.obolibrary.org/obo/UBERON_0006072,
http://purl.obolibrary.org/obo/HP_0008482,Asymmetry of spinal facet joints,http://purl.obolibrary.org/obo/UBERON_0001067,
http://purl.obolibrary.org/obo/HP_0008491,Premature anterior fontanel closure,http://purl.obolibrary.org/obo/UBERON_0002510,
http://purl.obolibrary.org/obo/HP_0008515,Aplasia/Hypoplasia of the vertebrae,http://purl.obolibrary.org/obo/UBERON_0002412,
http://purl.obolibrary.org/obo/HP_0008516,Abnormality of the vertebral spinous processes,http://purl.obolibrary.org/obo/UBERON_0001076,
http://purl.obolibrary.org/obo/HP_0008517,Aplasia/Hypoplasia of the sacrum,http://purl.obolibrary.org/obo/UBERON_0003690,
http://purl.obolibrary.org/obo/HP_0008518,Aplasia/Hypoplasia involving the vertebral column,http://purl.obolibrary.org/obo/UBERON_0001130,
http://purl.obolibrary.org/obo/HP_0008519,Abnormal coccyx morphology,http://purl.obolibrary.org/obo/UBERON_0001350,
http://purl.obolibrary.org/obo/HP_0008544,Abnormally folded helix,http://purl.obolibrary.org/obo/UBERON_0002488,
http://purl.obolibrary.org/obo/HP_0008551,Microtia,http://purl.obolibrary.org/obo/UBERON_0001691,
http://purl.obolibrary.org/obo/HP_0008554,Cochlear malformation,http://purl.obolibrary.org/obo/UBERON_0001844,
http://purl.obolibrary.org/obo/HP_0008555,Absent vestibular function,http://purl.obolibrary.org/obo/UBERON_0004681,
http://purl.obolibrary.org/obo/HP_0008586,Hypoplasia of the cochlea,http://purl.obolibrary.org/obo/UBERON_0001844,
http://purl.obolibrary.org/obo/HP_0008589,Hypoplastic helices,http://purl.obolibrary.org/obo/UBERON_0002488,
http://purl.obolibrary.org/obo/HP_0008593,Prominent antitragus,http://purl.obolibrary.org/obo/UBERON_0016467,
http://purl.obolibrary.org/obo/HP_0008608,Hypertrophic auricular cartilage,http://purl.obolibrary.org/obo/UBERON_0001848,
http://purl.obolibrary.org/obo/HP_0008609,Abnormal middle ear morphology,http://purl.obolibrary.org/obo/UBERON_0001756,
http://purl.obolibrary.org/obo/HP_0008628,Abnormal stapes morphology,http://purl.obolibrary.org/obo/UBERON_0001687,
http://purl.obolibrary.org/obo/HP_0008633,Agonadism,http://purl.obolibrary.org/obo/UBERON_0000991,
http://purl.obolibrary.org/obo/HP_0008635,Urinary bladder wall hypertrophy,http://purl.obolibrary.org/obo/UBERON_0001255,
http://purl.obolibrary.org/obo/HP_0008639,Gonadal hypoplasia,http://purl.obolibrary.org/obo/UBERON_0000991,
http://purl.obolibrary.org/obo/HP_0008655,Aplasia/Hypoplasia of the fallopian tube,http://purl.obolibrary.org/obo/UBERON_0003889,
http://purl.obolibrary.org/obo/HP_0008661,Urethral stenosis,http://purl.obolibrary.org/obo/UBERON_0000057,
http://purl.obolibrary.org/obo/HP_0008665,Clitoral hypertrophy,http://purl.obolibrary.org/obo/UBERON_0002411,
http://purl.obolibrary.org/obo/HP_0008682,Renal tubular epithelial necrosis,http://purl.obolibrary.org/obo/UBERON_0009773,
http://purl.obolibrary.org/obo/HP_0008683,Enlarged labia minora,http://purl.obolibrary.org/obo/UBERON_0004014,
http://purl.obolibrary.org/obo/HP_0008684,Aplasia/hypoplasia of the uterus,http://purl.obolibrary.org/obo/UBERON_0000995,
http://purl.obolibrary.org/obo/HP_0008687,Hypoplasia of the prostate,http://purl.obolibrary.org/obo/UBERON_0002367,
http://purl.obolibrary.org/obo/HP_0008696,Renal hamartoma,http://purl.obolibrary.org/obo/UBERON_0002113,
http://purl.obolibrary.org/obo/HP_0008697,Hypoplasia of the fallopian tube,http://purl.obolibrary.org/obo/UBERON_0003889,
http://purl.obolibrary.org/obo/HP_0008702,Absent internal genitalia,http://purl.obolibrary.org/obo/UBERON_0004175,
http://purl.obolibrary.org/obo/HP_0008703,Gonadal calcification,http://purl.obolibrary.org/obo/UBERON_0000991,
http://purl.obolibrary.org/obo/HP_0008711,Benign prostatic hyperplasia,http://purl.obolibrary.org/obo/UBERON_0002367,
http://purl.obolibrary.org/obo/HP_0008714,Ureterovesical stenosis,http://purl.obolibrary.org/obo/UBERON_0009973,
http://purl.obolibrary.org/obo/HP_0008715,Testicular dysgenesis,http://purl.obolibrary.org/obo/UBERON_0000473,
http://purl.obolibrary.org/obo/HP_0008717,Unilateral renal atrophy,http://purl.obolibrary.org/obo/UBERON_0002113,
http://purl.obolibrary.org/obo/HP_0008718,Unilateral renal dysplasia,http://purl.obolibrary.org/obo/UBERON_0002113,
http://purl.obolibrary.org/obo/HP_0008724,Hypoplasia of the ovary,http://purl.obolibrary.org/obo/UBERON_0000992,
http://purl.obolibrary.org/obo/HP_0008726,Hypoplasia of the vagina,http://purl.obolibrary.org/obo/UBERON_0000996,
http://purl.obolibrary.org/obo/HP_0008734,Decreased testicular size,http://purl.obolibrary.org/obo/UBERON_0000473,
http://purl.obolibrary.org/obo/HP_0008736,Hypoplasia of penis,http://purl.obolibrary.org/obo/UBERON_0000989,
http://purl.obolibrary.org/obo/HP_0008740,Longitudinal vaginal septum,http://purl.obolibrary.org/obo/UBERON_0003037,
http://purl.obolibrary.org/obo/HP_0008743,Coronal hypospadias,http://purl.obolibrary.org/obo/UBERON_0012241,
http://purl.obolibrary.org/obo/HP_0008743,Coronal hypospadias,http://purl.obolibrary.org/obo/UBERON_0016408,
http://purl.obolibrary.org/obo/HP_0008744,Abnormal aryepiglottic fold morphology,http://purl.obolibrary.org/obo/UBERON_0014385,
http://purl.obolibrary.org/obo/HP_0008747,Cartilaginous ossification of larynx,http://purl.obolibrary.org/obo/UBERON_0001739,
http://purl.obolibrary.org/obo/HP_0008749,Laryngeal hypoplasia,http://purl.obolibrary.org/obo/UBERON_0001737,
http://purl.obolibrary.org/obo/HP_0008750,Laryngeal atresia,http://purl.obolibrary.org/obo/UBERON_0001737,
http://purl.obolibrary.org/obo/HP_0008751,Laryngeal cleft,http://purl.obolibrary.org/obo/UBERON_0001737,
http://purl.obolibrary.org/obo/HP_0008752,Laryngeal cartilage malformation,http://purl.obolibrary.org/obo/UBERON_0001739,
http://purl.obolibrary.org/obo/HP_0008753,Aplasia of the epiglottis,http://purl.obolibrary.org/obo/UBERON_0000388,
http://purl.obolibrary.org/obo/HP_0008754,Laryngeal calcification,http://purl.obolibrary.org/obo/UBERON_0001737,
http://purl.obolibrary.org/obo/HP_0008756,Bowing of the vocal cords,http://purl.obolibrary.org/obo/UBERON_0003706,
http://purl.obolibrary.org/obo/HP_0008757,Unilateral vocal cord paralysis,http://purl.obolibrary.org/obo/UBERON_0003706,
http://purl.obolibrary.org/obo/HP_0008771,Aplasia/Hypoplasia of the ear,http://purl.obolibrary.org/obo/UBERON_0001690,
http://purl.obolibrary.org/obo/HP_0008772,Aplasia/Hypoplasia of the external ear,http://purl.obolibrary.org/obo/UBERON_0001691,
http://purl.obolibrary.org/obo/HP_0008773,Aplasia/Hypoplasia of the middle ear,http://purl.obolibrary.org/obo/UBERON_0001756,
http://purl.obolibrary.org/obo/HP_0008774,Aplasia/Hypoplasia of the inner ear,http://purl.obolibrary.org/obo/UBERON_0001846,
http://purl.obolibrary.org/obo/HP_0008775,Abnormal prostate morphology,http://purl.obolibrary.org/obo/UBERON_0002367,
http://purl.obolibrary.org/obo/HP_0008776,Abnormal renal artery morphology,http://purl.obolibrary.org/obo/UBERON_0001184,
http://purl.obolibrary.org/obo/HP_0008777,Abnormal vocal cord morphology,http://purl.obolibrary.org/obo/UBERON_0003706,
http://purl.obolibrary.org/obo/HP_0008780,Congenital bilateral hip dislocation,http://purl.obolibrary.org/obo/UBERON_0001464,
http://purl.obolibrary.org/obo/HP_0008783,Wide proximal femoral metaphysis,http://purl.obolibrary.org/obo/UBERON_0006863,
http://purl.obolibrary.org/obo/HP_0008784,Wide capital femoral epiphyses,http://purl.obolibrary.org/obo/UBERON_0004412,
http://purl.obolibrary.org/obo/HP_0008785,Delayed ossification of pubic rami,http://purl.obolibrary.org/obo/UBERON_0014444,
http://purl.obolibrary.org/obo/HP_0008788,Delayed pubic bone ossification,http://purl.obolibrary.org/obo/UBERON_0001275,
http://purl.obolibrary.org/obo/HP_0008789,Cone-shaped capital femoral epiphysis,http://purl.obolibrary.org/obo/UBERON_0004412,
http://purl.obolibrary.org/obo/HP_0008794,Dysplastic iliac wing,http://purl.obolibrary.org/obo/UBERON_0010746,
http://purl.obolibrary.org/obo/HP_0008796,Femoral retroversion,http://purl.obolibrary.org/obo/UBERON_0001464,
http://purl.obolibrary.org/obo/HP_0008797,Early ossification of capital femoral epiphyses,http://purl.obolibrary.org/obo/UBERON_0004412,
http://purl.obolibrary.org/obo/HP_0008798,Widened greater sciatic notch,http://purl.obolibrary.org/obo/UBERON_0014411,
http://purl.obolibrary.org/obo/HP_0008801,Hypoplasia of the lesser trochanter,http://purl.obolibrary.org/obo/UBERON_0002504,
http://purl.obolibrary.org/obo/HP_0008802,Hypoplasia of the femoral head,http://purl.obolibrary.org/obo/UBERON_0006767,
http://purl.obolibrary.org/obo/HP_0008804,Broad femoral head,http://purl.obolibrary.org/obo/UBERON_0006767,
http://purl.obolibrary.org/obo/HP_0008807,Acetabular dysplasia,http://purl.obolibrary.org/obo/UBERON_0001269,
http://purl.obolibrary.org/obo/HP_0008808,High iliac wing,http://purl.obolibrary.org/obo/UBERON_0010746,
http://purl.obolibrary.org/obo/HP_0008812,Flattened femoral head,http://purl.obolibrary.org/obo/UBERON_0006767,
http://purl.obolibrary.org/obo/HP_0008817,Aplastic pubic bone,http://purl.obolibrary.org/obo/UBERON_0001275,
http://purl.obolibrary.org/obo/HP_0008818,Large iliac wing,http://purl.obolibrary.org/obo/UBERON_0010746,
http://purl.obolibrary.org/obo/HP_0008819,Narrow femoral neck,http://purl.obolibrary.org/obo/UBERON_0007119,
http://purl.obolibrary.org/obo/HP_0008820,Absent ossification of capital femoral epiphysis,http://purl.obolibrary.org/obo/UBERON_0004411,
http://purl.obolibrary.org/obo/HP_0008823,Inferior pubic ramus hypoplasia,http://purl.obolibrary.org/obo/UBERON_0014439,
http://purl.obolibrary.org/obo/HP_0008824,Hypoplastic iliac body,http://purl.obolibrary.org/obo/UBERON_0010747,
http://purl.obolibrary.org/obo/HP_0008828,Delayed proximal femoral epiphyseal ossification,http://purl.obolibrary.org/obo/UBERON_0004412,
http://purl.obolibrary.org/obo/HP_0008829,Delayed femoral head ossification,http://purl.obolibrary.org/obo/UBERON_0006767,
http://purl.obolibrary.org/obo/HP_0008830,Hypoplastic pubic ramus,http://purl.obolibrary.org/obo/UBERON_0014444,
http://purl.obolibrary.org/obo/HP_0008835,Multicentric femoral head ossification,http://purl.obolibrary.org/obo/UBERON_0010355,
http://purl.obolibrary.org/obo/HP_0008838,Stippled calcification proximal humeral epiphyses,http://purl.obolibrary.org/obo/UBERON_0004411,
http://purl.obolibrary.org/obo/HP_0008839,Hypoplastic pelvis,http://purl.obolibrary.org/obo/UBERON_0002355,
http://purl.obolibrary.org/obo/HP_0008843,Hip osteoarthritis,http://purl.obolibrary.org/obo/UBERON_0001464,
http://purl.obolibrary.org/obo/HP_0008873,Disproportionate short-limb short stature,http://purl.obolibrary.org/obo/UBERON_0002101,
http://purl.obolibrary.org/obo/HP_0008936,Axial hypotonia,http://purl.obolibrary.org/obo/UBERON_0004479,
http://purl.obolibrary.org/obo/HP_0008948,Proximal upper limb amyotrophy,http://purl.obolibrary.org/obo/UBERON_0004255,
http://purl.obolibrary.org/obo/HP_0008952,Shoulder muscle hypoplasia,http://purl.obolibrary.org/obo/UBERON_0004476,
http://purl.obolibrary.org/obo/HP_0008953,Pectoralis major hypoplasia,http://purl.obolibrary.org/obo/UBERON_0002381,
http://purl.obolibrary.org/obo/HP_0008956,Proximal lower limb amyotrophy,http://purl.obolibrary.org/obo/UBERON_0004252,
http://purl.obolibrary.org/obo/HP_0008962,Calf muscle hypoplasia,http://purl.obolibrary.org/obo/UBERON_0003823,
http://purl.obolibrary.org/obo/HP_0008963,Tibialis muscle weakness,http://purl.obolibrary.org/obo/UBERON_0001385,
http://purl.obolibrary.org/obo/HP_0008968,Muscle hypertrophy of the lower extremities,http://purl.obolibrary.org/obo/UBERON_0010890,
http://purl.obolibrary.org/obo/HP_0008969,Leg muscle stiffness,http://purl.obolibrary.org/obo/UBERON_0006067,
http://purl.obolibrary.org/obo/HP_0008981,Calf muscle hypertrophy,http://purl.obolibrary.org/obo/UBERON_0003823,
http://purl.obolibrary.org/obo/HP_0008984,Neck muscle hypoplasia,http://purl.obolibrary.org/obo/UBERON_0002377,
http://purl.obolibrary.org/obo/HP_0008985,Increased intramuscular fat,http://purl.obolibrary.org/obo/UBERON_0001013,
http://purl.obolibrary.org/obo/HP_0008986,Agenesis of the diaphragm,http://purl.obolibrary.org/obo/UBERON_0001103,
http://purl.obolibrary.org/obo/HP_0008988,Pelvic girdle muscle atrophy,http://purl.obolibrary.org/obo/UBERON_0001497,
http://purl.obolibrary.org/obo/HP_0008993,Increased intraabdominal fat,http://purl.obolibrary.org/obo/UBERON_0001013,
http://purl.obolibrary.org/obo/HP_0008994,Proximal muscle weakness in lower limbs,http://purl.obolibrary.org/obo/UBERON_0004482,
http://purl.obolibrary.org/obo/HP_0008998,Pectoralis hypoplasia,http://purl.obolibrary.org/obo/UBERON_0002381,
http://purl.obolibrary.org/obo/HP_0009002,Loss of truncal subcutaneous adipose tissue,http://purl.obolibrary.org/obo/UBERON_0002190,
http://purl.obolibrary.org/obo/HP_0009003,Increased subcutaneous truncal adipose tissue,http://purl.obolibrary.org/obo/UBERON_0002190,
http://purl.obolibrary.org/obo/HP_0009004,Hypoplasia of the musculature,http://purl.obolibrary.org/obo/UBERON_0001630,
http://purl.obolibrary.org/obo/HP_0009007,Biceps hypoplasia,http://purl.obolibrary.org/obo/UBERON_0001507,
http://purl.obolibrary.org/obo/HP_0009011,Hypoplasia of serratus anterior muscle,http://purl.obolibrary.org/obo/UBERON_0001125,
http://purl.obolibrary.org/obo/HP_0009013,Congenital absence of gluteal muscles,http://purl.obolibrary.org/obo/UBERON_0002000,
http://purl.obolibrary.org/obo/HP_0009016,Upper limb muscle hypoplasia,http://purl.obolibrary.org/obo/UBERON_0004481,
http://purl.obolibrary.org/obo/HP_0009017,Loss of gluteal subcutaneous adipose tissue,http://purl.obolibrary.org/obo/UBERON_0001013,
http://purl.obolibrary.org/obo/HP_0009023,Abdominal wall muscle weakness,http://purl.obolibrary.org/obo/UBERON_0001015,
http://purl.obolibrary.org/obo/HP_0009025,Increased connective tissue,http://purl.obolibrary.org/obo/UBERON_0002384,
http://purl.obolibrary.org/obo/HP_0009026,Hypoplasia of latissimus dorsi muscle,http://purl.obolibrary.org/obo/UBERON_0001112,
http://purl.obolibrary.org/obo/HP_0009028,Generalized weakness of limb muscles,http://purl.obolibrary.org/obo/UBERON_0004480,
http://purl.obolibrary.org/obo/HP_0009049,Peroneal muscle atrophy,http://purl.obolibrary.org/obo/UBERON_0009132,
http://purl.obolibrary.org/obo/HP_0009050,Quadriceps muscle atrophy,http://purl.obolibrary.org/obo/UBERON_0001377,
http://purl.obolibrary.org/obo/HP_0009051,Increased muscle glycogen content,http://purl.obolibrary.org/obo/UBERON_0001630,
http://purl.obolibrary.org/obo/HP_0009055,Generalized limb muscle atrophy,http://purl.obolibrary.org/obo/UBERON_0004480,
http://purl.obolibrary.org/obo/HP_0009056,Loss of subcutaneous adipose tissue from upper limbs,http://purl.obolibrary.org/obo/UBERON_0001013,
http://purl.obolibrary.org/obo/HP_0009058,Increased muscle lipid content,http://purl.obolibrary.org/obo/UBERON_0001630,
http://purl.obolibrary.org/obo/HP_0009072,Decreased Achilles reflex,http://purl.obolibrary.org/obo/UBERON_0003701,
http://purl.obolibrary.org/obo/HP_0009085,Alveolar ridge overgrowth,http://purl.obolibrary.org/obo/UBERON_0004103,
http://purl.obolibrary.org/obo/HP_0009092,Progressive alveolar ridge hypertrophy,http://purl.obolibrary.org/obo/UBERON_0004103,
http://purl.obolibrary.org/obo/HP_0009094,Cleft lower alveolar ridge,http://purl.obolibrary.org/obo/UBERON_0004527,
http://purl.obolibrary.org/obo/HP_0009099,Median cleft palate,http://purl.obolibrary.org/obo/UBERON_0016442,
http://purl.obolibrary.org/obo/HP_0009100,Thick anterior alveolar ridges,http://purl.obolibrary.org/obo/UBERON_0004528,
http://purl.obolibrary.org/obo/HP_0009101,Submucous cleft lip,http://purl.obolibrary.org/obo/UBERON_0000009,
http://purl.obolibrary.org/obo/HP_0009103,Aplasia/Hypoplasia involving the pelvis,http://purl.obolibrary.org/obo/UBERON_0002355,
http://purl.obolibrary.org/obo/HP_0009104,Aplasia/Hypoplasia of the pubic bone,http://purl.obolibrary.org/obo/UBERON_0001275,
http://purl.obolibrary.org/obo/HP_0009105,Abnormal ossification of the pubic bone,http://purl.obolibrary.org/obo/UBERON_0001275,
http://purl.obolibrary.org/obo/HP_0009106,Abnormal pelvis bone ossification,http://purl.obolibrary.org/obo/UBERON_0007830,
http://purl.obolibrary.org/obo/HP_0009107,Abnormal ossification involving the femoral head and neck,http://purl.obolibrary.org/obo/UBERON_0007119,
http://purl.obolibrary.org/obo/HP_0009107,Abnormal ossification involving the femoral head and neck,http://purl.obolibrary.org/obo/UBERON_0006767,
http://purl.obolibrary.org/obo/HP_0009113,Diaphragmatic weakness,http://purl.obolibrary.org/obo/UBERON_0001103,
http://purl.obolibrary.org/obo/HP_0009115,Aplasia/hypoplasia involving the skeleton,http://purl.obolibrary.org/obo/UBERON_0004288,
http://purl.obolibrary.org/obo/HP_0009116,Aplasia/Hypoplasia involving bones of the skull,http://purl.obolibrary.org/obo/UBERON_0003129,
http://purl.obolibrary.org/obo/HP_0009117,Aplasia/Hypoplasia of the maxilla,http://purl.obolibrary.org/obo/UBERON_0002397,
http://purl.obolibrary.org/obo/HP_0009118,Aplasia/Hypoplasia of the mandible,http://purl.obolibrary.org/obo/UBERON_0001684,
http://purl.obolibrary.org/obo/HP_0009119,Aplasia/Hypoplasia of the frontal sinuses,http://purl.obolibrary.org/obo/UBERON_0001760,
http://purl.obolibrary.org/obo/HP_0009121,Abnormal axial skeleton morphology,http://purl.obolibrary.org/obo/UBERON_0002090,
http://purl.obolibrary.org/obo/HP_0009122,Aplasia/hypoplasia affecting bones of the axial skeleton,http://purl.obolibrary.org/obo/UBERON_0002090,
http://purl.obolibrary.org/obo/HP_0009124,Abnormal adipose tissue morphology,http://purl.obolibrary.org/obo/UBERON_0001013,
http://purl.obolibrary.org/obo/HP_0009126,Increased adipose tissue,http://purl.obolibrary.org/obo/UBERON_0001013,
http://purl.obolibrary.org/obo/HP_0009127,Abnormality of the musculature of the limbs,http://purl.obolibrary.org/obo/UBERON_0004480,
http://purl.obolibrary.org/obo/HP_0009128,Aplasia/Hypoplasia involving the musculature of the extremities,http://purl.obolibrary.org/obo/UBERON_0004480,
http://purl.obolibrary.org/obo/HP_0009129,Upper limb amyotrophy,http://purl.obolibrary.org/obo/UBERON_0004481,
http://purl.obolibrary.org/obo/HP_0009130,Hand muscle atrophy,http://purl.obolibrary.org/obo/UBERON_0004489,
http://purl.obolibrary.org/obo/HP_0009131,Abnormality of the musculature of the thorax,http://purl.obolibrary.org/obo/UBERON_0004464,
http://purl.obolibrary.org/obo/HP_0009132,Abnormal tarsal bone mineral density,http://purl.obolibrary.org/obo/UBERON_0001447,
http://purl.obolibrary.org/obo/HP_0009134,Osteolysis involving bones of the feet,http://purl.obolibrary.org/obo/UBERON_0001445,
http://purl.obolibrary.org/obo/HP_0009136,Duplication involving bones of the feet,http://purl.obolibrary.org/obo/UBERON_0001445,
http://purl.obolibrary.org/obo/HP_0009138,Synostosis involving bones of the lower limbs,http://purl.obolibrary.org/obo/UBERON_0012476,
http://purl.obolibrary.org/obo/HP_0009139,Osteolysis involving bones of the lower limbs,http://purl.obolibrary.org/obo/UBERON_0012476,
http://purl.obolibrary.org/obo/HP_0009140,Synostosis involving bones of the feet,http://purl.obolibrary.org/obo/UBERON_0001445,
http://purl.obolibrary.org/obo/HP_0009142,Duplication of bones involving the upper extremities,http://purl.obolibrary.org/obo/UBERON_0012475,
http://purl.obolibrary.org/obo/HP_0009144,Supernumerary bones of the axial skeleton,http://purl.obolibrary.org/obo/UBERON_0001474,
http://purl.obolibrary.org/obo/HP_0009145,Abnormal cerebral artery morphology,http://purl.obolibrary.org/obo/UBERON_0004449,
http://purl.obolibrary.org/obo/HP_0009147,Enlarged epiphysis of the distal phalanx of the 5th finger,http://purl.obolibrary.org/obo/UBERON_0004387,
http://purl.obolibrary.org/obo/HP_0009148,Small epiphysis of the distal phalanx of the 5th finger,http://purl.obolibrary.org/obo/UBERON_0004387,
http://purl.obolibrary.org/obo/HP_0009149,Triangular epiphysis of the distal phalanx of the 5th finger,http://purl.obolibrary.org/obo/UBERON_0004387,
http://purl.obolibrary.org/obo/HP_0009150,Abnormality of the proximal phalanx of the 5th finger,http://purl.obolibrary.org/obo/UBERON_0004331,
http://purl.obolibrary.org/obo/HP_0009152,Abnormality of the epiphyses of the 5th finger,http://purl.obolibrary.org/obo/UBERON_0004387,
http://purl.obolibrary.org/obo/HP_0009153,Abnormality of the epiphysis of the proximal phalanx of the 5th finger,http://purl.obolibrary.org/obo/UBERON_0004387,
http://purl.obolibrary.org/obo/HP_0009154,Triangular epiphysis of the proximal phalanx of the 5th finger,http://purl.obolibrary.org/obo/UBERON_0004387,
http://purl.obolibrary.org/obo/HP_0009155,Cone-shaped epiphysis of the proximal phalanx of the 5th finger,http://purl.obolibrary.org/obo/UBERON_0004387,
http://purl.obolibrary.org/obo/HP_0009157,Ivory epiphysis of the proximal phalanx of the 5th finger,http://purl.obolibrary.org/obo/UBERON_0004387,
http://purl.obolibrary.org/obo/HP_0009158,Enlarged epiphysis of the proximal phalanx of the 5th finger,http://purl.obolibrary.org/obo/UBERON_0004387,
http://purl.obolibrary.org/obo/HP_0009159,Small epiphysis of the proximal phalanx of the 5th finger,http://purl.obolibrary.org/obo/UBERON_0004387,
http://purl.obolibrary.org/obo/HP_0009160,Absent epiphysis of the proximal phalanx of the 5th finger,http://purl.obolibrary.org/obo/UBERON_0004387,
http://purl.obolibrary.org/obo/HP_0009161,Aplasia/Hypoplasia of the middle phalanx of the 5th finger,http://purl.obolibrary.org/obo/UBERON_0004323,
http://purl.obolibrary.org/obo/HP_0009162,Absent middle phalanx of 5th finger,http://purl.obolibrary.org/obo/UBERON_0004323,
http://purl.obolibrary.org/obo/HP_0009164,Abnormal calcification of the carpal bones,http://purl.obolibrary.org/obo/UBERON_0001435,
http://purl.obolibrary.org/obo/HP_0009165,Stippling of the epiphysis of the distal phalanx of the 5th finger,http://purl.obolibrary.org/obo/UBERON_0004387,
http://purl.obolibrary.org/obo/HP_0009166,Fragmentation of the epiphysis of the distal phalanx of the 5th finger,http://purl.obolibrary.org/obo/UBERON_0004387,
http://purl.obolibrary.org/obo/HP_0009167,Irregular epiphysis of the distal phalanx of the 5th finger,http://purl.obolibrary.org/obo/UBERON_0004387,
http://purl.obolibrary.org/obo/HP_0009168,Bullet-shaped middle phalanx of the 5th finger,http://purl.obolibrary.org/obo/UBERON_0004323,
http://purl.obolibrary.org/obo/HP_0009169,Broad middle phalanx of the 5th finger,http://purl.obolibrary.org/obo/UBERON_0004323,
http://purl.obolibrary.org/obo/HP_0009170,Osteolytic defects of the middle phalanx of the 5th finger,http://purl.obolibrary.org/obo/UBERON_0004323,
http://purl.obolibrary.org/obo/HP_0009171,Triangular epiphyses of the metacarpals,http://purl.obolibrary.org/obo/UBERON_0004390,
http://purl.obolibrary.org/obo/HP_0009172,Abnormal 4th finger phalanx morphology,http://purl.obolibrary.org/obo/UBERON_0003638,
http://purl.obolibrary.org/obo/HP_0009173,Curved middle phalanx of the 5th finger,http://purl.obolibrary.org/obo/UBERON_0004323,
http://purl.obolibrary.org/obo/HP_0009174,Abnormality of the epiphyses of the 4th finger,http://purl.obolibrary.org/obo/UBERON_0004387,
http://purl.obolibrary.org/obo/HP_0009175,Patchy sclerosis of the middle phalanx of the 5th finger,http://purl.obolibrary.org/obo/UBERON_0004323,
http://purl.obolibrary.org/obo/HP_0009177,Proximal/middle symphalangism of 5th finger,http://purl.obolibrary.org/obo/UBERON_0004323,
http://purl.obolibrary.org/obo/HP_0009177,Proximal/middle symphalangism of 5th finger,http://purl.obolibrary.org/obo/UBERON_0004331,
http://purl.obolibrary.org/obo/HP_0009178,Symphalangism of middle phalanx of 5th finger,http://purl.obolibrary.org/obo/UBERON_0004323,
http://purl.obolibrary.org/obo/HP_0009179,Deviation of the 5th finger,http://purl.obolibrary.org/obo/UBERON_0003625,
http://purl.obolibrary.org/obo/HP_0009180,Ulnar deviation of the 5th finger,http://purl.obolibrary.org/obo/UBERON_0003625,
http://purl.obolibrary.org/obo/HP_0009182,Triangular shaped middle phalanx of the 5th finger,http://purl.obolibrary.org/obo/UBERON_0004323,
http://purl.obolibrary.org/obo/HP_0009183,Joint contracture of the 5th finger,http://purl.obolibrary.org/obo/UBERON_0000982,
http://purl.obolibrary.org/obo/HP_0009184,Contracture of the distal interphalangeal joint of the 5th finger,http://purl.obolibrary.org/obo/UBERON_0009768,
http://purl.obolibrary.org/obo/HP_0009185,Contracture of the proximal interphalangeal joint of the 5th finger,http://purl.obolibrary.org/obo/UBERON_0009767,
http://purl.obolibrary.org/obo/HP_0009186,Contracture of the metacarpophalangeal joint of the 5th finger,http://purl.obolibrary.org/obo/UBERON_0000043,
http://purl.obolibrary.org/obo/HP_0009187,Bracket epiphysis of the distal phalanx of the 5th finger,http://purl.obolibrary.org/obo/UBERON_0004387,
http://purl.obolibrary.org/obo/HP_0009188,Pseudoepiphysis of the distal phalanx of the 5th finger,http://purl.obolibrary.org/obo/UBERON_0004314,
http://purl.obolibrary.org/obo/HP_0009189,Fragmentation of the metacarpal epiphyses,http://purl.obolibrary.org/obo/UBERON_0004390,
http://purl.obolibrary.org/obo/HP_0009190,Irregular epiphyses of the metacarpals,http://purl.obolibrary.org/obo/UBERON_0004390,
http://purl.obolibrary.org/obo/HP_0009191,Ivory epiphyses of the metacarpals,http://purl.obolibrary.org/obo/UBERON_0004390,
http://purl.obolibrary.org/obo/HP_0009192,Aplasia/Hypoplasia of the proximal phalanx of the 5th finger,http://purl.obolibrary.org/obo/UBERON_0004331,
http://purl.obolibrary.org/obo/HP_0009193,Metacarpal pseudoepiphysis,http://purl.obolibrary.org/obo/UBERON_0010355,
http://purl.obolibrary.org/obo/HP_0009194,Small epiphyses of the metacarpals,http://purl.obolibrary.org/obo/UBERON_0001437,
http://purl.obolibrary.org/obo/HP_0009195,Epiphyseal stippling of the metacarpals,http://purl.obolibrary.org/obo/UBERON_0004390,
http://purl.obolibrary.org/obo/HP_0009196,Absent metacarpal epiphyses,http://purl.obolibrary.org/obo/UBERON_0004390,
http://purl.obolibrary.org/obo/HP_0009197,Bracket epiphysis of the proximal phalanx of the 5th finger,http://purl.obolibrary.org/obo/UBERON_0004331,
http://purl.obolibrary.org/obo/HP_0009197,Bracket epiphysis of the proximal phalanx of the 5th finger,http://purl.obolibrary.org/obo/UBERON_0004387,
http://purl.obolibrary.org/obo/HP_0009198,Abnormality of the epiphysis of the distal phalanx of the 5th finger,http://purl.obolibrary.org/obo/UBERON_0004387,
http://purl.obolibrary.org/obo/HP_0009199,Irregular epiphysis of the proximal phalanx of the 5th finger,http://purl.obolibrary.org/obo/UBERON_0004387,
http://purl.obolibrary.org/obo/HP_0009200,Pseudoepiphysis of the proximal phalanx of the 5th finger,http://purl.obolibrary.org/obo/UBERON_0004331,
http://purl.obolibrary.org/obo/HP_0009201,Stippling of the epiphysis of the proximal phalanx of the 5th finger,http://purl.obolibrary.org/obo/UBERON_0004387,
http://purl.obolibrary.org/obo/HP_0009202,Fragmentation of the epiphysis of the proximal phalanx of the 5th finger,http://purl.obolibrary.org/obo/UBERON_0004387,
http://purl.obolibrary.org/obo/HP_0009203,Absent epiphysis of the middle phalanx of the 5th finger,http://purl.obolibrary.org/obo/UBERON_0004387,
http://purl.obolibrary.org/obo/HP_0009204,Bracket epiphysis of the middle phalanx of the 5th finger,http://purl.obolibrary.org/obo/UBERON_0004387,
http://purl.obolibrary.org/obo/HP_0009205,Cone-shaped epiphysis of the middle phalanx of the 5th finger,http://purl.obolibrary.org/obo/UBERON_0004387,
http://purl.obolibrary.org/obo/HP_0009206,Enlarged epiphysis of the middle phalanx of the 5th finger,http://purl.obolibrary.org/obo/UBERON_0004387,
http://purl.obolibrary.org/obo/HP_0009207,Fragmentation of the epiphysis of the middle phalanx of the 5th finger,http://purl.obolibrary.org/obo/UBERON_0004387,
http://purl.obolibrary.org/obo/HP_0009208,Irregular epiphysis of the middle phalanx of the 5th finger,http://purl.obolibrary.org/obo/UBERON_0004387,
http://purl.obolibrary.org/obo/HP_0009209,Ivory epiphysis of the middle phalanx of the 5th finger,http://purl.obolibrary.org/obo/UBERON_0004387,
http://purl.obolibrary.org/obo/HP_0009210,Pseudoepiphysis of the middle phalanx of the 5th finger,http://purl.obolibrary.org/obo/UBERON_0004323,
http://purl.obolibrary.org/obo/HP_0009211,Small epiphysis of the middle phalanx of the 5th finger,http://purl.obolibrary.org/obo/UBERON_0004387,
http://purl.obolibrary.org/obo/HP_0009212,Stippling of the epiphysis of the middle phalanx of the 5th finger,http://purl.obolibrary.org/obo/UBERON_0004387,
http://purl.obolibrary.org/obo/HP_0009213,Triangular epiphysis of the middle phalanx of the 5th finger,http://purl.obolibrary.org/obo/UBERON_0004387,
http://purl.obolibrary.org/obo/HP_0009214,Absent epiphysis of the middle phalanx of the 4th finger,http://purl.obolibrary.org/obo/UBERON_0004387,
http://purl.obolibrary.org/obo/HP_0009215,Bracket epiphysis of the middle phalanx of the 4th finger,http://purl.obolibrary.org/obo/UBERON_0004387,
http://purl.obolibrary.org/obo/HP_0009216,Cone-shaped epiphysis of the middle phalanx of the 4th finger,http://purl.obolibrary.org/obo/UBERON_0004387,
http://purl.obolibrary.org/obo/HP_0009217,Enlarged epiphysis of the middle phalanx of the 4th finger,http://purl.obolibrary.org/obo/UBERON_0004387,
http://purl.obolibrary.org/obo/HP_0009218,Fragmentation of the epiphysis of the middle phalanx of the 4th finger,http://purl.obolibrary.org/obo/UBERON_0004387,
http://purl.obolibrary.org/obo/HP_0009219,Irregular epiphysis of the middle phalanx of the 4th finger,http://purl.obolibrary.org/obo/UBERON_0004387,
http://purl.obolibrary.org/obo/HP_0009220,Ivory epiphysis of the middle phalanx of the 4th finger,http://purl.obolibrary.org/obo/UBERON_0004387,
http://purl.obolibrary.org/obo/HP_0009221,Pseudoepiphysis of the middle phalanx of the 4th finger,http://purl.obolibrary.org/obo/UBERON_0004322,
http://purl.obolibrary.org/obo/HP_0009222,Small epiphysis of the middle phalanx of the 4th finger,http://purl.obolibrary.org/obo/UBERON_0004387,
http://purl.obolibrary.org/obo/HP_0009223,Stippling of the epiphysis of the middle phalanx of the 4th finger,http://purl.obolibrary.org/obo/UBERON_0004387,
http://purl.obolibrary.org/obo/HP_0009224,Triangular epiphysis of the middle phalanx of the 4th finger,http://purl.obolibrary.org/obo/UBERON_0004387,
http://purl.obolibrary.org/obo/HP_0009225,Aplasia of the proximal phalanx of the 5th finger,http://purl.obolibrary.org/obo/UBERON_0004331,
http://purl.obolibrary.org/obo/HP_0009226,Short proximal phalanx of the 5th finger,http://purl.obolibrary.org/obo/UBERON_0004331,
http://purl.obolibrary.org/obo/HP_0009227,Broad proximal phalanx of the 5th finger,http://purl.obolibrary.org/obo/UBERON_0004331,
http://purl.obolibrary.org/obo/HP_0009228,Bullet-shaped proximal phalanx of the 5th finger,http://purl.obolibrary.org/obo/UBERON_0004331,
http://purl.obolibrary.org/obo/HP_0009229,Curved proximal phalanx of the 5th finger,http://purl.obolibrary.org/obo/UBERON_0004331,
http://purl.obolibrary.org/obo/HP_0009230,Osteolytic defects of the proximal phalanx of the 5th finger,http://purl.obolibrary.org/obo/UBERON_0004331,
http://purl.obolibrary.org/obo/HP_0009231,Patchy sclerosis of the proximal phalanx of the 5th finger,http://purl.obolibrary.org/obo/UBERON_0004331,
http://purl.obolibrary.org/obo/HP_0009232,Symphalangism affecting the proximal phalanx of the 5th finger,http://purl.obolibrary.org/obo/UBERON_0004331,
http://purl.obolibrary.org/obo/HP_0009233,Triangular shaped proximal phalanx of the 5th finger,http://purl.obolibrary.org/obo/UBERON_0004331,
http://purl.obolibrary.org/obo/HP_0009234,Symphalangism of the proximal phalanx of the 5th finger with the 5th metacarpal,http://purl.obolibrary.org/obo/UBERON_0003649,
http://purl.obolibrary.org/obo/HP_0009234,Symphalangism of the proximal phalanx of the 5th finger with the 5th metacarpal,http://purl.obolibrary.org/obo/UBERON_0004331,
http://purl.obolibrary.org/obo/HP_0009237,Short 5th finger,http://purl.obolibrary.org/obo/UBERON_0003625,
http://purl.obolibrary.org/obo/HP_0009238,Aplasia of the 5th finger,http://purl.obolibrary.org/obo/UBERON_0003625,
http://purl.obolibrary.org/obo/HP_0009239,Aplasia/Hypoplasia of the distal phalanx of the 5th finger,http://purl.obolibrary.org/obo/UBERON_0004314,
http://purl.obolibrary.org/obo/HP_0009240,Broad distal phalanx of the 5th finger,http://purl.obolibrary.org/obo/UBERON_0004314,
http://purl.obolibrary.org/obo/HP_0009241,Bullet-shaped distal phalanx of the 5th finger,http://purl.obolibrary.org/obo/UBERON_0004314,
http://purl.obolibrary.org/obo/HP_0009242,Osteolytic defects of the distal phalanx of the 5th finger,http://purl.obolibrary.org/obo/UBERON_0004314,
http://purl.obolibrary.org/obo/HP_0009243,Patchy sclerosis of the distal phalanx of the 5th finger,http://purl.obolibrary.org/obo/UBERON_0004314,
http://purl.obolibrary.org/obo/HP_0009244,Distal/middle symphalangism of 5th finger,http://purl.obolibrary.org/obo/UBERON_0004323,
http://purl.obolibrary.org/obo/HP_0009244,Distal/middle symphalangism of 5th finger,http://purl.obolibrary.org/obo/UBERON_0004314,
http://purl.obolibrary.org/obo/HP_0009245,Triangular shaped distal phalanx of the 5th finger,http://purl.obolibrary.org/obo/UBERON_0004314,
http://purl.obolibrary.org/obo/HP_0009246,Aplasia of the distal phalanx of the 5th finger,http://purl.obolibrary.org/obo/UBERON_0004314,
http://purl.obolibrary.org/obo/HP_0009247,Abnormality of the epiphysis of the middle phalanx of the 4th finger,http://purl.obolibrary.org/obo/UBERON_0004387,
http://purl.obolibrary.org/obo/HP_0009248,Abnormality of the epiphysis of the proximal phalanx of the 4th finger,http://purl.obolibrary.org/obo/UBERON_0004387,
http://purl.obolibrary.org/obo/HP_0009249,Abnormality of the epiphysis of the distal phalanx of the 4th finger,http://purl.obolibrary.org/obo/UBERON_0004387,
http://purl.obolibrary.org/obo/HP_0009250,Absent epiphysis of the distal phalanx of the 4th finger,http://purl.obolibrary.org/obo/UBERON_0004387,
http://purl.obolibrary.org/obo/HP_0009251,Bracket epiphysis of the distal phalanx of the 4th finger,http://purl.obolibrary.org/obo/UBERON_0004387,
http://purl.obolibrary.org/obo/HP_0009251,Bracket epiphysis of the distal phalanx of the 4th finger,http://purl.obolibrary.org/obo/UBERON_0004314,
http://purl.obolibrary.org/obo/HP_0009252,Cone-shaped epiphysis of the distal phalanx of the 4th finger,http://purl.obolibrary.org/obo/UBERON_0004387,
http://purl.obolibrary.org/obo/HP_0009253,Enlarged epiphysis of the distal phalanx of the 4th finger,http://purl.obolibrary.org/obo/UBERON_0004387,
http://purl.obolibrary.org/obo/HP_0009254,Fragmentation of the epiphysis of the distal phalanx of the 4th finger,http://purl.obolibrary.org/obo/UBERON_0004387,
http://purl.obolibrary.org/obo/HP_0009255,Irregular epiphysis of the distal phalanx of the 4th finger,http://purl.obolibrary.org/obo/UBERON_0004387,
http://purl.obolibrary.org/obo/HP_0009256,Ivory epiphysis of the distal phalanx of the 4th finger,http://purl.obolibrary.org/obo/UBERON_0004387,
http://purl.obolibrary.org/obo/HP_0009257,Pseudoepiphysis of the distal phalanx of the 4th finger,http://purl.obolibrary.org/obo/UBERON_0004313,
http://purl.obolibrary.org/obo/HP_0009258,Small epiphysis of the distal phalanx of the 4th finger,http://purl.obolibrary.org/obo/UBERON_0004387,
http://purl.obolibrary.org/obo/HP_0009259,Stippling of the epiphysis of the distal phalanx of the 4th finger,http://purl.obolibrary.org/obo/UBERON_0004387,
http://purl.obolibrary.org/obo/HP_0009260,Triangular epiphysis of the distal phalanx of the 4th finger,http://purl.obolibrary.org/obo/UBERON_0004387,
http://purl.obolibrary.org/obo/HP_0009261,Absent epiphysis of the proximal phalanx of the 4th finger,http://purl.obolibrary.org/obo/UBERON_0004387,
http://purl.obolibrary.org/obo/HP_0009262,Bracket epiphysis of the proximal phalanx of the 4th finger,http://purl.obolibrary.org/obo/UBERON_0004387,
http://purl.obolibrary.org/obo/HP_0009262,Bracket epiphysis of the proximal phalanx of the 4th finger,http://purl.obolibrary.org/obo/UBERON_0004330,
http://purl.obolibrary.org/obo/HP_0009263,Cone-shaped epiphysis of the proximal phalanx of the 4th finger,http://purl.obolibrary.org/obo/UBERON_0004387,
http://purl.obolibrary.org/obo/HP_0009264,Enlarged epiphysis of the proximal phalanx of the 4th finger,http://purl.obolibrary.org/obo/UBERON_0004387,
http://purl.obolibrary.org/obo/HP_0009265,Fragmentation of the epiphysis of the proximal phalanx of the 4th finger,http://purl.obolibrary.org/obo/UBERON_0004387,
http://purl.obolibrary.org/obo/HP_0009266,Irregular epiphysis of the proximal phalanx of the 4th finger,http://purl.obolibrary.org/obo/UBERON_0004387,
http://purl.obolibrary.org/obo/HP_0009267,Ivory epiphysis of the proximal phalanx of the 4th finger,http://purl.obolibrary.org/obo/UBERON_0004387,
http://purl.obolibrary.org/obo/HP_0009267,Ivory epiphysis of the proximal phalanx of the 4th finger,http://purl.obolibrary.org/obo/UBERON_0004330,
http://purl.obolibrary.org/obo/HP_0009268,Pseudoepiphysis of the proximal phalanx of the 4th finger,http://purl.obolibrary.org/obo/UBERON_0004330,
http://purl.obolibrary.org/obo/HP_0009269,Small epiphysis of the proximal phalanx of the 4th finger,http://purl.obolibrary.org/obo/UBERON_0004387,
http://purl.obolibrary.org/obo/HP_0009270,Stippling of the epiphysis of the proximal phalanx of the 4th finger,http://purl.obolibrary.org/obo/UBERON_0004387,
http://purl.obolibrary.org/obo/HP_0009271,Triangular epiphysis of the proximal phalanx of the 4th finger,http://purl.obolibrary.org/obo/UBERON_0004387,
http://purl.obolibrary.org/obo/HP_0009272,Aplasia/Hypoplasia of the 4th finger,http://purl.obolibrary.org/obo/UBERON_0003624,
http://purl.obolibrary.org/obo/HP_0009273,Deviation of the 4th finger,http://purl.obolibrary.org/obo/UBERON_0003624,
http://purl.obolibrary.org/obo/HP_0009274,Joint contracture of the 4th finger,http://purl.obolibrary.org/obo/UBERON_0000982,
http://purl.obolibrary.org/obo/HP_0009275,Contracture of the distal interphalangeal joint of the 4th finger,http://purl.obolibrary.org/obo/UBERON_0000043,
http://purl.obolibrary.org/obo/HP_0009276,Contracture of the proximal interphalangeal joint of the 4th finger,http://purl.obolibrary.org/obo/UBERON_0009767,
http://purl.obolibrary.org/obo/HP_0009277,Contracture of the metacarpophalangeal joint of the 4th finger,http://purl.obolibrary.org/obo/UBERON_0000043,
http://purl.obolibrary.org/obo/HP_0009278,Ulnar deviation of the 4th finger,http://purl.obolibrary.org/obo/UBERON_0003624,
http://purl.obolibrary.org/obo/HP_0009280,Short 4th finger,http://purl.obolibrary.org/obo/UBERON_0003624,
http://purl.obolibrary.org/obo/HP_0009281,Aplasia of the 4th finger,http://purl.obolibrary.org/obo/UBERON_0003624,
http://purl.obolibrary.org/obo/HP_0009282,Abnormality of the distal phalanx of the 4th finger,http://purl.obolibrary.org/obo/UBERON_0004313,
http://purl.obolibrary.org/obo/HP_0009283,Abnormality of the middle phalanx of the 4th finger,http://purl.obolibrary.org/obo/UBERON_0004322,
http://purl.obolibrary.org/obo/HP_0009284,Abnormality of the proximal phalanx of the 4th finger,http://purl.obolibrary.org/obo/UBERON_0004330,
http://purl.obolibrary.org/obo/HP_0009285,Curved phalanges of the 4th finger,http://purl.obolibrary.org/obo/UBERON_0003638,
http://purl.obolibrary.org/obo/HP_0009286,Curved distal phalanx of the 4th finger,http://purl.obolibrary.org/obo/UBERON_0004313,
http://purl.obolibrary.org/obo/HP_0009287,Curved middle phalanx of the 4th finger,http://purl.obolibrary.org/obo/UBERON_0004322,
http://purl.obolibrary.org/obo/HP_0009288,Curved proximal phalanx of the 4th finger,http://purl.obolibrary.org/obo/UBERON_0004330,
http://purl.obolibrary.org/obo/HP_0009289,Aplasia/Hypoplasia of the distal phalanx of the 4th finger,http://purl.obolibrary.org/obo/UBERON_0004313,
http://purl.obolibrary.org/obo/HP_0009290,Short distal phalanx of the 4th finger,http://purl.obolibrary.org/obo/UBERON_0004313,
http://purl.obolibrary.org/obo/HP_0009291,Aplasia of the distal phalanx of the 4th finger,http://purl.obolibrary.org/obo/UBERON_0004313,
http://purl.obolibrary.org/obo/HP_0009292,Broad distal phalanx of the 4th finger,http://purl.obolibrary.org/obo/UBERON_0004313,
http://purl.obolibrary.org/obo/HP_0009293,Broad middle phalanx of the 4th finger,http://purl.obolibrary.org/obo/UBERON_0004322,
http://purl.obolibrary.org/obo/HP_0009294,Absent middle phalanx of 4th finger,http://purl.obolibrary.org/obo/UBERON_0004322,
http://purl.obolibrary.org/obo/HP_0009295,Short middle phalanx of the 4th finger,http://purl.obolibrary.org/obo/UBERON_0004322,
http://purl.obolibrary.org/obo/HP_0009296,Bullet-shaped middle phalanx of the 4th finger,http://purl.obolibrary.org/obo/UBERON_0004322,
http://purl.obolibrary.org/obo/HP_0009297,Osteolytic defects of the middle phalanx of the 4th finger,http://purl.obolibrary.org/obo/UBERON_0004322,
http://purl.obolibrary.org/obo/HP_0009298,Aplasia of the proximal phalanx of the 4th finger,http://purl.obolibrary.org/obo/UBERON_0004330,
http://purl.obolibrary.org/obo/HP_0009299,Aplasia/Hypoplasia of the middle phalanx of the 4th finger,http://purl.obolibrary.org/obo/UBERON_0004322,
http://purl.obolibrary.org/obo/HP_0009300,Aplasia/Hypoplasia of the proximal phalanx of the 4th finger,http://purl.obolibrary.org/obo/UBERON_0004330,
http://purl.obolibrary.org/obo/HP_0009301,Short proximal phalanx of the 4th finger,http://purl.obolibrary.org/obo/UBERON_0004330,
http://purl.obolibrary.org/obo/HP_0009302,Bullet-shaped distal phalanx of the 4th finger,http://purl.obolibrary.org/obo/UBERON_0004313,
http://purl.obolibrary.org/obo/HP_0009303,Osteolytic defects of the distal phalanx of the 4th finger,http://purl.obolibrary.org/obo/UBERON_0004313,
http://purl.obolibrary.org/obo/HP_0009304,Patchy sclerosis of the distal phalanx of the 4th finger,http://purl.obolibrary.org/obo/UBERON_0004313,
http://purl.obolibrary.org/obo/HP_0009305,Distal/middle symphalangism of 4th finger,http://purl.obolibrary.org/obo/UBERON_0004313,
http://purl.obolibrary.org/obo/HP_0009305,Distal/middle symphalangism of 4th finger,http://purl.obolibrary.org/obo/UBERON_0004322,
http://purl.obolibrary.org/obo/HP_0009306,Triangular shaped distal phalanx of the 4th finger,http://purl.obolibrary.org/obo/UBERON_0004313,
http://purl.obolibrary.org/obo/HP_0009307,Patchy sclerosis of the middle phalanx of the 4th finger,http://purl.obolibrary.org/obo/UBERON_0004322,
http://purl.obolibrary.org/obo/HP_0009308,Symphalangism of middle phalanx of 4th finger,http://purl.obolibrary.org/obo/UBERON_0004322,
http://purl.obolibrary.org/obo/HP_0009308,Symphalangism of middle phalanx of 4th finger,http://purl.obolibrary.org/obo/UBERON_0004323,
http://purl.obolibrary.org/obo/HP_0009309,Triangular shaped middle phalanx of the 4th finger,http://purl.obolibrary.org/obo/UBERON_0004322,
http://purl.obolibrary.org/obo/HP_0009310,Broad proximal phalanx of the 4th finger,http://purl.obolibrary.org/obo/UBERON_0004330,
http://purl.obolibrary.org/obo/HP_0009311,Bullet-shaped proximal phalanx of the 4th finger,http://purl.obolibrary.org/obo/UBERON_0004330,
http://purl.obolibrary.org/obo/HP_0009312,Osteolytic defects of the proximal phalanx of the 4th finger,http://purl.obolibrary.org/obo/UBERON_0004330,
http://purl.obolibrary.org/obo/HP_0009313,Patchy sclerosis of the proximal phalanx of the 4th finger,http://purl.obolibrary.org/obo/UBERON_0004330,
http://purl.obolibrary.org/obo/HP_0009314,Symphalangism affecting the proximal phalanx of the 4th finger,http://purl.obolibrary.org/obo/UBERON_0004330,
http://purl.obolibrary.org/obo/HP_0009314,Symphalangism affecting the proximal phalanx of the 4th finger,http://purl.obolibrary.org/obo/UBERON_0004323,
http://purl.obolibrary.org/obo/HP_0009315,Triangular shaped proximal phalanx of the 4th finger,http://purl.obolibrary.org/obo/UBERON_0004330,
http://purl.obolibrary.org/obo/HP_0009316,Abnormal 3rd finger phalanx morphology,http://purl.obolibrary.org/obo/UBERON_0003637,
http://purl.obolibrary.org/obo/HP_0009317,Deviation of the 3rd finger,http://purl.obolibrary.org/obo/UBERON_0003623,
http://purl.obolibrary.org/obo/HP_0009318,Aplasia/Hypoplasia of the 3rd finger,http://purl.obolibrary.org/obo/UBERON_0003623,
http://purl.obolibrary.org/obo/HP_0009319,Joint contracture of the 3rd finger,http://purl.obolibrary.org/obo/UBERON_0000982,
http://purl.obolibrary.org/obo/HP_0009320,Abnormality of the epiphyses of the 3rd finger,http://purl.obolibrary.org/obo/UBERON_0004387,
http://purl.obolibrary.org/obo/HP_0009321,Absent epiphysis of the middle phalanx of the 3rd finger,http://purl.obolibrary.org/obo/UBERON_0004387,
http://purl.obolibrary.org/obo/HP_0009322,Bracket epiphysis of the middle phalanx of the 3rd finger,http://purl.obolibrary.org/obo/UBERON_0004387,
http://purl.obolibrary.org/obo/HP_0009323,Cone-shaped epiphysis of the middle phalanx of the 3rd finger,http://purl.obolibrary.org/obo/UBERON_0004387,
http://purl.obolibrary.org/obo/HP_0009324,Enlarged epiphysis of the middle phalanx of the 3rd finger,http://purl.obolibrary.org/obo/UBERON_0004387,
http://purl.obolibrary.org/obo/HP_0009325,Fragmentation of the epiphysis of the middle phalanx of the 3rd finger,http://purl.obolibrary.org/obo/UBERON_0004387,
http://purl.obolibrary.org/obo/HP_0009326,Irregular epiphysis of the middle phalanx of the 3rd finger,http://purl.obolibrary.org/obo/UBERON_0004387,
http://purl.obolibrary.org/obo/HP_0009327,Ivory epiphysis of the middle phalanx of the 3rd finger,http://purl.obolibrary.org/obo/UBERON_0004387,
http://purl.obolibrary.org/obo/HP_0009328,Pseudoepiphysis of the middle phalanx of the 3rd finger,http://purl.obolibrary.org/obo/UBERON_0004321,
http://purl.obolibrary.org/obo/HP_0009329,Small epiphysis of the middle phalanx of the 3rd finger,http://purl.obolibrary.org/obo/UBERON_0004387,
http://purl.obolibrary.org/obo/HP_0009330,Stippling of the epiphysis of the middle phalanx of the 3rd finger,http://purl.obolibrary.org/obo/UBERON_0004387,
http://purl.obolibrary.org/obo/HP_0009331,Triangular epiphysis of the middle phalanx of the 3rd finger,http://purl.obolibrary.org/obo/UBERON_0004387,
http://purl.obolibrary.org/obo/HP_0009332,Abnormality of the epiphysis of the distal phalanx of the 3rd finger,http://purl.obolibrary.org/obo/UBERON_0004387,
http://purl.obolibrary.org/obo/HP_0009333,Abnormality of the epiphysis of the proximal phalanx of the 3rd finger,http://purl.obolibrary.org/obo/UBERON_0004387,
http://purl.obolibrary.org/obo/HP_0009334,Abnormality of the epiphysis of the middle phalanx of the 3rd finger,http://purl.obolibrary.org/obo/UBERON_0004387,
http://purl.obolibrary.org/obo/HP_0009335,Absent epiphysis of the distal phalanx of the 3rd finger,http://purl.obolibrary.org/obo/UBERON_0004387,
http://purl.obolibrary.org/obo/HP_0009336,Bracket epiphysis of the distal phalanx of the 3rd finger,http://purl.obolibrary.org/obo/UBERON_0004387,
http://purl.obolibrary.org/obo/HP_0009337,Cone-shaped epiphysis of the distal phalanx of the 3rd finger,http://purl.obolibrary.org/obo/UBERON_0004387,
http://purl.obolibrary.org/obo/HP_0009338,Enlarged epiphysis of the distal phalanx of the 3rd finger,http://purl.obolibrary.org/obo/UBERON_0004387,
http://purl.obolibrary.org/obo/HP_0009339,Fragmentation of the epiphysis of the distal phalanx of the 3rd finger,http://purl.obolibrary.org/obo/UBERON_0004387,
http://purl.obolibrary.org/obo/HP_0009340,Irregular epiphysis of the distal phalanx of the 3rd finger,http://purl.obolibrary.org/obo/UBERON_0004387,
http://purl.obolibrary.org/obo/HP_0009341,Ivory epiphysis of the distal phalanx of the 3rd finger,http://purl.obolibrary.org/obo/UBERON_0004387,
http://purl.obolibrary.org/obo/HP_0009342,Pseudoepiphysis of the distal phalanx of the 3rd finger,http://purl.obolibrary.org/obo/UBERON_0004312,
http://purl.obolibrary.org/obo/HP_0009343,Small epiphysis of the distal phalanx of the 3rd finger,http://purl.obolibrary.org/obo/UBERON_0004387,
http://purl.obolibrary.org/obo/HP_0009344,Stippling of the epiphysis of the distal phalanx of the 3rd finger,http://purl.obolibrary.org/obo/UBERON_0004387,
http://purl.obolibrary.org/obo/HP_0009345,Triangular epiphysis of the distal phalanx of the 3rd finger,http://purl.obolibrary.org/obo/UBERON_0004387,
http://purl.obolibrary.org/obo/HP_0009346,Absent epiphysis of the proximal phalanx of the 3rd finger,http://purl.obolibrary.org/obo/UBERON_0004387,
http://purl.obolibrary.org/obo/HP_0009347,Bracket epiphysis of the proximal phalanx of the 3rd finger,http://purl.obolibrary.org/obo/UBERON_0004387,
http://purl.obolibrary.org/obo/HP_0009348,Cone-shaped epiphysis of the proximal phalanx of the 3rd finger,http://purl.obolibrary.org/obo/UBERON_0004387,
http://purl.obolibrary.org/obo/HP_0009349,Enlarged epiphysis of the proximal phalanx of the 3rd finger,http://purl.obolibrary.org/obo/UBERON_0004387,
http://purl.obolibrary.org/obo/HP_0009350,Fragmentation of the epiphysis of the proximal phalanx of the 3rd finger,http://purl.obolibrary.org/obo/UBERON_0004387,
http://purl.obolibrary.org/obo/HP_0009351,Irregular epiphysis of the proximal phalanx of the 3rd finger,http://purl.obolibrary.org/obo/UBERON_0004387,
http://purl.obolibrary.org/obo/HP_0009352,Ivory epiphysis of the proximal phalanx of the 3rd finger,http://purl.obolibrary.org/obo/UBERON_0004387,
http://purl.obolibrary.org/obo/HP_0009353,Pseudoepiphysis of the proximal phalanx of the 3rd finger,http://purl.obolibrary.org/obo/UBERON_0004329,
http://purl.obolibrary.org/obo/HP_0009354,Small epiphysis of the proximal phalanx of the 3rd finger,http://purl.obolibrary.org/obo/UBERON_0004387,
http://purl.obolibrary.org/obo/HP_0009355,Stippling of the epiphysis of the proximal phalanx of the 3rd finger,http://purl.obolibrary.org/obo/UBERON_0004387,
http://purl.obolibrary.org/obo/HP_0009356,Triangular epiphysis of the proximal phalanx of the 3rd finger,http://purl.obolibrary.org/obo/UBERON_0004387,
http://purl.obolibrary.org/obo/HP_0009357,Abnormality of the distal phalanx of the 3rd finger,http://purl.obolibrary.org/obo/UBERON_0004312,
http://purl.obolibrary.org/obo/HP_0009358,Abnormality of the proximal phalanx of the 3rd finger,http://purl.obolibrary.org/obo/UBERON_0004329,
http://purl.obolibrary.org/obo/HP_0009374,Broad phalanges of the 5th finger,http://purl.obolibrary.org/obo/UBERON_0003639,
http://purl.obolibrary.org/obo/HP_0009375,Bullet-shaped phalanges of the 5th finger,http://purl.obolibrary.org/obo/UBERON_0003639,
http://purl.obolibrary.org/obo/HP_0009376,Aplasia/Hypoplasia of the phalanges of the 5th finger,http://purl.obolibrary.org/obo/UBERON_0003639,
http://purl.obolibrary.org/obo/HP_0009377,Patchy sclerosis of 5th finger phalanx,http://purl.obolibrary.org/obo/UBERON_0003639,
http://purl.obolibrary.org/obo/HP_0009378,Triangular shaped phalanges of the 5th finger,http://purl.obolibrary.org/obo/UBERON_0003639,
http://purl.obolibrary.org/obo/HP_0009380,Finger aplasia,http://purl.obolibrary.org/obo/UBERON_0002389,
http://purl.obolibrary.org/obo/HP_0009381,Short finger,http://purl.obolibrary.org/obo/UBERON_0002389,
http://purl.obolibrary.org/obo/HP_0009382,Absent epiphyses of the 5th finger,http://purl.obolibrary.org/obo/UBERON_0004387,
http://purl.obolibrary.org/obo/HP_0009383,Bracket epiphyses of the 5th finger,http://purl.obolibrary.org/obo/UBERON_0004387,
http://purl.obolibrary.org/obo/HP_0009384,Cone-shaped epiphyses of the 5th finger,http://purl.obolibrary.org/obo/UBERON_0004387,
http://purl.obolibrary.org/obo/HP_0009385,Enlarged epiphyses of the 5th finger,http://purl.obolibrary.org/obo/UBERON_0004387,
http://purl.obolibrary.org/obo/HP_0009386,Fragmentation of the epiphyses of the 5th finger,http://purl.obolibrary.org/obo/UBERON_0004387,
http://purl.obolibrary.org/obo/HP_0009387,Irregular epiphyses of the 5th finger,http://purl.obolibrary.org/obo/UBERON_0004387,
http://purl.obolibrary.org/obo/HP_0009388,Ivory epiphyses of the 5th finger,http://purl.obolibrary.org/obo/UBERON_0004387,
http://purl.obolibrary.org/obo/HP_0009389,Pseudoepiphyses of the 5th finger,http://purl.obolibrary.org/obo/UBERON_0003639,
http://purl.obolibrary.org/obo/HP_0009390,Small epiphyses of the 5th finger,http://purl.obolibrary.org/obo/UBERON_0004387,
http://purl.obolibrary.org/obo/HP_0009391,Stippling of the epiphyses of the 5th finger,http://purl.obolibrary.org/obo/UBERON_0004387,
http://purl.obolibrary.org/obo/HP_0009392,Triangular epiphyses of the 5th finger,http://purl.obolibrary.org/obo/UBERON_0004387,
http://purl.obolibrary.org/obo/HP_0009393,Absent epiphyses of the 4th finger,http://purl.obolibrary.org/obo/UBERON_0004387,
http://purl.obolibrary.org/obo/HP_0009394,Bracket epiphyses of the 4th finger,http://purl.obolibrary.org/obo/UBERON_0004387,
http://purl.obolibrary.org/obo/HP_0009395,Cone-shaped epiphyses of the 4th finger,http://purl.obolibrary.org/obo/UBERON_0004387,
http://purl.obolibrary.org/obo/HP_0009396,Enlarged epiphyses of the 4th finger,http://purl.obolibrary.org/obo/UBERON_0004387,
http://purl.obolibrary.org/obo/HP_0009397,Fragmentation of the epiphyses of the 4th finger,http://purl.obolibrary.org/obo/UBERON_0004387,
http://purl.obolibrary.org/obo/HP_0009398,Irregular epiphyses of the 4th finger,http://purl.obolibrary.org/obo/UBERON_0004387,
http://purl.obolibrary.org/obo/HP_0009399,Ivory epiphyses of the 4th finger,http://purl.obolibrary.org/obo/UBERON_0004387,
http://purl.obolibrary.org/obo/HP_0009400,Pseudoepiphyses of the 4th finger,http://purl.obolibrary.org/obo/UBERON_0003638,
http://purl.obolibrary.org/obo/HP_0009401,Small epiphyses of the 4th finger,http://purl.obolibrary.org/obo/UBERON_0004387,
http://purl.obolibrary.org/obo/HP_0009402,Stippling of the epiphyses of the 4th finger,http://purl.obolibrary.org/obo/UBERON_0004387,
http://purl.obolibrary.org/obo/HP_0009403,Triangular epiphyses of the 4th finger,http://purl.obolibrary.org/obo/UBERON_0004387,
http://purl.obolibrary.org/obo/HP_0009404,Broad phalanges of the 4th finger,http://purl.obolibrary.org/obo/UBERON_0003638,
http://purl.obolibrary.org/obo/HP_0009405,Bullet-shaped phalanges of the 4th finger,http://purl.obolibrary.org/obo/UBERON_0003638,
http://purl.obolibrary.org/obo/HP_0009406,Patchy sclerosis of 4th finger phalanx,http://purl.obolibrary.org/obo/UBERON_0003638,
http://purl.obolibrary.org/obo/HP_0009407,Triangular shaped phalanges of the 4th finger,http://purl.obolibrary.org/obo/UBERON_0003638,
http://purl.obolibrary.org/obo/HP_0009408,Aplasia/Hypoplasia of the phalanges of the 4th finger,http://purl.obolibrary.org/obo/UBERON_0003638,
http://purl.obolibrary.org/obo/HP_0009410,Absent epiphyses of the 3rd finger,http://purl.obolibrary.org/obo/UBERON_0004387,
http://purl.obolibrary.org/obo/HP_0009411,Bracket epiphyses of the 3rd finger,http://purl.obolibrary.org/obo/UBERON_0004387,
http://purl.obolibrary.org/obo/HP_0009412,Cone-shaped epiphyses of the 3rd finger,http://purl.obolibrary.org/obo/UBERON_0004387,
http://purl.obolibrary.org/obo/HP_0009413,Enlarged epiphyses of the 3rd finger,http://purl.obolibrary.org/obo/UBERON_0004387,
http://purl.obolibrary.org/obo/HP_0009414,Fragmentation of the epiphyses of the 3rd finger,http://purl.obolibrary.org/obo/UBERON_0004387,
http://purl.obolibrary.org/obo/HP_0009415,Irregular epiphyses of the 3rd finger,http://purl.obolibrary.org/obo/UBERON_0004387,
http://purl.obolibrary.org/obo/HP_0009416,Ivory epiphyses of the 3rd finger,http://purl.obolibrary.org/obo/UBERON_0004387,
http://purl.obolibrary.org/obo/HP_0009417,Pseudoepiphyses of the 3rd finger,http://purl.obolibrary.org/obo/UBERON_0003637,
http://purl.obolibrary.org/obo/HP_0009418,Small epiphyses of the 3rd finger,http://purl.obolibrary.org/obo/UBERON_0004387,
http://purl.obolibrary.org/obo/HP_0009419,Stippling of the epiphyses of the 3rd finger,http://purl.obolibrary.org/obo/UBERON_0004387,
http://purl.obolibrary.org/obo/HP_0009420,Triangular epiphyses of the 3rd finger,http://purl.obolibrary.org/obo/UBERON_0004387,
http://purl.obolibrary.org/obo/HP_0009421,Aplasia/Hypoplasia of the distal phalanx of the 3rd finger,http://purl.obolibrary.org/obo/UBERON_0004312,
http://purl.obolibrary.org/obo/HP_0009422,Broad distal phalanx of the 3rd finger,http://purl.obolibrary.org/obo/UBERON_0004312,
http://purl.obolibrary.org/obo/HP_0009423,Bullet-shaped distal phalanx of the 3rd finger,http://purl.obolibrary.org/obo/UBERON_0004312,
http://purl.obolibrary.org/obo/HP_0009424,Osteolytic defects of the distal phalanx of the 3rd finger,http://purl.obolibrary.org/obo/UBERON_0004312,
http://purl.obolibrary.org/obo/HP_0009425,Patchy sclerosis of the distal phalanx of the 3rd finger,http://purl.obolibrary.org/obo/UBERON_0004312,
http://purl.obolibrary.org/obo/HP_0009426,Distal/middle symphalangism of 3rd finger,http://purl.obolibrary.org/obo/UBERON_0004312,
http://purl.obolibrary.org/obo/HP_0009426,Distal/middle symphalangism of 3rd finger,http://purl.obolibrary.org/obo/UBERON_0004321,
http://purl.obolibrary.org/obo/HP_0009427,Triangular shaped distal phalanx of the 3rd finger,http://purl.obolibrary.org/obo/UBERON_0004312,
http://purl.obolibrary.org/obo/HP_0009428,Curved distal phalanx of the 3rd finger,http://purl.obolibrary.org/obo/UBERON_0004312,
http://purl.obolibrary.org/obo/HP_0009429,Aplasia of the distal phalanx of the 3rd finger,http://purl.obolibrary.org/obo/UBERON_0004312,
http://purl.obolibrary.org/obo/HP_0009430,Broad middle phalanx of the 3rd finger,http://purl.obolibrary.org/obo/UBERON_0004321,
http://purl.obolibrary.org/obo/HP_0009431,Bullet-shaped middle phalanx of the 3rd finger,http://purl.obolibrary.org/obo/UBERON_0004321,
http://purl.obolibrary.org/obo/HP_0009432,Curved middle phalanx of the 3rd finger,http://purl.obolibrary.org/obo/UBERON_0004321,
http://purl.obolibrary.org/obo/HP_0009433,Osteolytic defects of the middle phalanx of the 3rd finger,http://purl.obolibrary.org/obo/UBERON_0004321,
http://purl.obolibrary.org/obo/HP_0009434,Patchy sclerosis of the middle phalanx of the 3rd finger,http://purl.obolibrary.org/obo/UBERON_0004321,
http://purl.obolibrary.org/obo/HP_0009435,Symphalangism of middle phalanx of 3rd finger,http://purl.obolibrary.org/obo/UBERON_0004321,
http://purl.obolibrary.org/obo/HP_0009435,Symphalangism of middle phalanx of 3rd finger,http://purl.obolibrary.org/obo/UBERON_0004323,
http://purl.obolibrary.org/obo/HP_0009436,Triangular shaped middle phalanx of the 3rd finger,http://purl.obolibrary.org/obo/UBERON_0004321,
http://purl.obolibrary.org/obo/HP_0009437,Aplasia/Hypoplasia of the middle phalanx of the 3rd finger,http://purl.obolibrary.org/obo/UBERON_0004321,
http://purl.obolibrary.org/obo/HP_0009438,Absent middle phalanx of 3rd finger,http://purl.obolibrary.org/obo/UBERON_0004321,
http://purl.obolibrary.org/obo/HP_0009439,Short middle phalanx of the 3rd finger,http://purl.obolibrary.org/obo/UBERON_0004321,
http://purl.obolibrary.org/obo/HP_0009440,Broad phalanges of the 3rd finger,http://purl.obolibrary.org/obo/UBERON_0003637,
http://purl.obolibrary.org/obo/HP_0009441,Bullet-shaped phalanges of the 3rd finger,http://purl.obolibrary.org/obo/UBERON_0003637,
http://purl.obolibrary.org/obo/HP_0009442,Curved phalanges of the 3rd finger,http://purl.obolibrary.org/obo/UBERON_0003637,
http://purl.obolibrary.org/obo/HP_0009443,Osteolytic defects of the phalanges of the 3rd finger,http://purl.obolibrary.org/obo/UBERON_0003637,
http://purl.obolibrary.org/obo/HP_0009444,Patchy sclerosis of 3rd finger phalanx,http://purl.obolibrary.org/obo/UBERON_0003637,
http://purl.obolibrary.org/obo/HP_0009445,Symphalangism of the 3rd finger,http://purl.obolibrary.org/obo/UBERON_0003637,
http://purl.obolibrary.org/obo/HP_0009446,Triangular shaped phalanges of the 3rd finger,http://purl.obolibrary.org/obo/UBERON_0003637,
http://purl.obolibrary.org/obo/HP_0009447,Aplasia/Hypoplasia of the phalanges of the 3rd finger,http://purl.obolibrary.org/obo/UBERON_0003637,
http://purl.obolibrary.org/obo/HP_0009450,Broad proximal phalanx of the 3rd finger,http://purl.obolibrary.org/obo/UBERON_0004329,
http://purl.obolibrary.org/obo/HP_0009451,Bullet-shaped proximal phalanx of the 3rd finger,http://purl.obolibrary.org/obo/UBERON_0004329,
http://purl.obolibrary.org/obo/HP_0009452,Curved proximal phalanx of the 3rd finger,http://purl.obolibrary.org/obo/UBERON_0004329,
http://purl.obolibrary.org/obo/HP_0009453,Osteolytic defects of the proximal phalanx of the 3rd finger,http://purl.obolibrary.org/obo/UBERON_0004329,
http://purl.obolibrary.org/obo/HP_0009454,Patchy sclerosis of the proximal phalanx of the 3rd finger,http://purl.obolibrary.org/obo/UBERON_0004329,
http://purl.obolibrary.org/obo/HP_0009455,Symphalangism affecting the proximal phalanx of the 3rd finger,http://purl.obolibrary.org/obo/UBERON_0004329,
http://purl.obolibrary.org/obo/HP_0009455,Symphalangism affecting the proximal phalanx of the 3rd finger,http://purl.obolibrary.org/obo/UBERON_0004323,
http://purl.obolibrary.org/obo/HP_0009456,Triangular shaped proximal phalanx of the 3rd finger,http://purl.obolibrary.org/obo/UBERON_0004329,
http://purl.obolibrary.org/obo/HP_0009457,Aplasia/Hypoplasia of the proximal phalanx of the 3rd finger,http://purl.obolibrary.org/obo/UBERON_0004329,
http://purl.obolibrary.org/obo/HP_0009458,Aplasia of the proximal phalanx of the 3rd finger,http://purl.obolibrary.org/obo/UBERON_0004329,
http://purl.obolibrary.org/obo/HP_0009459,Short proximal phalanx of the 3rd finger,http://purl.obolibrary.org/obo/UBERON_0004329,
http://purl.obolibrary.org/obo/HP_0009460,Aplasia of the 3rd finger,http://purl.obolibrary.org/obo/UBERON_0003623,
http://purl.obolibrary.org/obo/HP_0009461,Short 3rd finger,http://purl.obolibrary.org/obo/UBERON_0003623,
http://purl.obolibrary.org/obo/HP_0009463,Ulnar deviation of the 3rd finger,http://purl.obolibrary.org/obo/UBERON_0003623,
http://purl.obolibrary.org/obo/HP_0009464,Ulnar deviation of the 2nd finger,http://purl.obolibrary.org/obo/UBERON_0003622,
http://purl.obolibrary.org/obo/HP_0009465,Ulnar deviation of finger,http://purl.obolibrary.org/obo/UBERON_0002389,
http://purl.obolibrary.org/obo/HP_0009468,Deviation of the 2nd finger,http://purl.obolibrary.org/obo/UBERON_0003622,
http://purl.obolibrary.org/obo/HP_0009469,Contracture of the distal interphalangeal joint of the 3rd finger,http://purl.obolibrary.org/obo/UBERON_0000043,
http://purl.obolibrary.org/obo/HP_0009470,Contracture of the metacarpophalangeal joint of the 3rd finger,http://purl.obolibrary.org/obo/UBERON_0000043,
http://purl.obolibrary.org/obo/HP_0009471,Contracture of the proximal interphalangeal joint of the 3rd finger,http://purl.obolibrary.org/obo/UBERON_0009767,
http://purl.obolibrary.org/obo/HP_0009473,Joint contracture of the hand,http://purl.obolibrary.org/obo/UBERON_0001489,
http://purl.obolibrary.org/obo/HP_0009477,Proximal/middle symphalangism of 4th finger,http://purl.obolibrary.org/obo/UBERON_0004330,
http://purl.obolibrary.org/obo/HP_0009477,Proximal/middle symphalangism of 4th finger,http://purl.obolibrary.org/obo/UBERON_0004322,
http://purl.obolibrary.org/obo/HP_0009478,Symphalangism of the proximal phalanx of the 4th finger with the 4th metacarpal,http://purl.obolibrary.org/obo/UBERON_0004330,
http://purl.obolibrary.org/obo/HP_0009478,Symphalangism of the proximal phalanx of the 4th finger with the 4th metacarpal,http://purl.obolibrary.org/obo/UBERON_0003648,
http://purl.obolibrary.org/obo/HP_0009482,Proximal/middle symphalangism of 3rd finger,http://purl.obolibrary.org/obo/UBERON_0004329,
http://purl.obolibrary.org/obo/HP_0009482,Proximal/middle symphalangism of 3rd finger,http://purl.obolibrary.org/obo/UBERON_0004321,
http://purl.obolibrary.org/obo/HP_0009483,Symphalangism of the proximal phalanx of the 3rd finger with the 3rd metacarpal,http://purl.obolibrary.org/obo/UBERON_0004329,
http://purl.obolibrary.org/obo/HP_0009483,Symphalangism of the proximal phalanx of the 3rd finger with the 3rd metacarpal,http://purl.obolibrary.org/obo/UBERON_0003647,
http://purl.obolibrary.org/obo/HP_0009486,Radial deviation of the hand,http://purl.obolibrary.org/obo/UBERON_0002398,
http://purl.obolibrary.org/obo/HP_0009487,Ulnar deviation of the hand,http://purl.obolibrary.org/obo/UBERON_0002398,
http://purl.obolibrary.org/obo/HP_0009488,Absent epiphyses of the 2nd finger,http://purl.obolibrary.org/obo/UBERON_0002234,
http://purl.obolibrary.org/obo/HP_0009489,Bracket epiphyses of the 2nd finger,http://purl.obolibrary.org/obo/UBERON_0004387,
http://purl.obolibrary.org/obo/HP_0009490,Cone-shaped epiphyses of the 2nd finger,http://purl.obolibrary.org/obo/UBERON_0004387,
http://purl.obolibrary.org/obo/HP_0009491,Enlarged epiphyses of the 2nd finger,http://purl.obolibrary.org/obo/UBERON_0004387,
http://purl.obolibrary.org/obo/HP_0009492,Fragmentation of the epiphyses of the 2nd finger,http://purl.obolibrary.org/obo/UBERON_0004387,
http://purl.obolibrary.org/obo/HP_0009493,Irregular epiphyses of the 2nd finger,http://purl.obolibrary.org/obo/UBERON_0004387,
http://purl.obolibrary.org/obo/HP_0009494,Ivory epiphyses of the 2nd finger,http://purl.obolibrary.org/obo/UBERON_0004387,
http://purl.obolibrary.org/obo/HP_0009495,Pseudoepiphysis of the 2nd finger,http://purl.obolibrary.org/obo/UBERON_0003622,
http://purl.obolibrary.org/obo/HP_0009496,Small epiphyses of the 2nd finger,http://purl.obolibrary.org/obo/UBERON_0004387,
http://purl.obolibrary.org/obo/HP_0009497,Stippling of the epiphyses of the 2nd finger,http://purl.obolibrary.org/obo/UBERON_0004387,
http://purl.obolibrary.org/obo/HP_0009498,Triangular epiphyses of the 2nd finger,http://purl.obolibrary.org/obo/UBERON_0004387,
http://purl.obolibrary.org/obo/HP_0009499,Abnormality of the epiphysis of the distal phalanx of the 2nd finger,http://purl.obolibrary.org/obo/UBERON_0004387,
http://purl.obolibrary.org/obo/HP_0009500,Abnormality of the epiphysis of the middle phalanx of the 2nd finger,http://purl.obolibrary.org/obo/UBERON_0004387,
http://purl.obolibrary.org/obo/HP_0009501,Abnormality of the epiphysis of the proximal phalanx of the 2nd finger,http://purl.obolibrary.org/obo/UBERON_0004387,
http://purl.obolibrary.org/obo/HP_0009502,Absent epiphysis of the distal phalanx of the 2nd finger,http://purl.obolibrary.org/obo/UBERON_0004387,
http://purl.obolibrary.org/obo/HP_0009503,Bracket epiphysis of the distal phalanx of the 2nd finger,http://purl.obolibrary.org/obo/UBERON_0004387,
http://purl.obolibrary.org/obo/HP_0009504,Cone-shaped epiphysis of the distal phalanx of the 2nd finger,http://purl.obolibrary.org/obo/UBERON_0004387,
http://purl.obolibrary.org/obo/HP_0009505,Enlarged epiphysis of the distal phalanx of the 2nd finger,http://purl.obolibrary.org/obo/UBERON_0004387,
http://purl.obolibrary.org/obo/HP_0009506,Fragmentation of the epiphysis of the distal phalanx of the 2nd finger,http://purl.obolibrary.org/obo/UBERON_0004387,
http://purl.obolibrary.org/obo/HP_0009507,Irregular epiphysis of the distal phalanx of the 2nd finger,http://purl.obolibrary.org/obo/UBERON_0004387,
http://purl.obolibrary.org/obo/HP_0009508,Ivory epiphysis of the distal phalanx of the 2nd finger,http://purl.obolibrary.org/obo/UBERON_0004387,
http://purl.obolibrary.org/obo/HP_0009509,Pseudoepiphysis of the distal phalanx of the 2nd finger,http://purl.obolibrary.org/obo/UBERON_0004311,
http://purl.obolibrary.org/obo/HP_0009510,Small epiphysis of the distal phalanx of the 2nd finger,http://purl.obolibrary.org/obo/UBERON_0004387,
http://purl.obolibrary.org/obo/HP_0009511,Stippling of the epiphysis of the distal phalanx of the 2nd finger,http://purl.obolibrary.org/obo/UBERON_0004387,
http://purl.obolibrary.org/obo/HP_0009512,Triangular epiphysis of the distal phalanx of the 2nd finger,http://purl.obolibrary.org/obo/UBERON_0004387,
http://purl.obolibrary.org/obo/HP_0009513,Absent epiphysis of the middle phalanx of the 2nd finger,http://purl.obolibrary.org/obo/UBERON_0004387,
http://purl.obolibrary.org/obo/HP_0009514,Bracket epiphysis of the middle phalanx of the 2nd finger,http://purl.obolibrary.org/obo/UBERON_0004387,
http://purl.obolibrary.org/obo/HP_0009515,Cone-shaped epiphysis of the middle phalanx of the 2nd finger,http://purl.obolibrary.org/obo/UBERON_0004387,
http://purl.obolibrary.org/obo/HP_0009516,Enlarged epiphysis of the middle phalanx of the 2nd finger,http://purl.obolibrary.org/obo/UBERON_0004387,
http://purl.obolibrary.org/obo/HP_0009517,Fragmentation of the epiphysis of the middle phalanx of the 2nd finger,http://purl.obolibrary.org/obo/UBERON_0004387,
http://purl.obolibrary.org/obo/HP_0009518,Irregular epiphysis of the middle phalanx of the 2nd finger,http://purl.obolibrary.org/obo/UBERON_0004387,
http://purl.obolibrary.org/obo/HP_0009519,Ivory epiphysis of the middle phalanx of the 2nd finger,http://purl.obolibrary.org/obo/UBERON_0004387,
http://purl.obolibrary.org/obo/HP_0009520,Pseudoepiphysis of the middle phalanx of the 2nd finger,http://purl.obolibrary.org/obo/UBERON_0004320,
http://purl.obolibrary.org/obo/HP_0009521,Small epiphysis of the middle phalanx of the 2nd finger,http://purl.obolibrary.org/obo/UBERON_0004387,
http://purl.obolibrary.org/obo/HP_0009522,Stippling of the epiphysis of the middle phalanx of the 2nd finger,http://purl.obolibrary.org/obo/UBERON_0004387,
http://purl.obolibrary.org/obo/HP_0009523,Triangular epiphysis of the middle phalanx of the 2nd finger,http://purl.obolibrary.org/obo/UBERON_0004387,
http://purl.obolibrary.org/obo/HP_0009524,Absent epiphysis of the proximal phalanx of the 2nd finger,http://purl.obolibrary.org/obo/UBERON_0004387,
http://purl.obolibrary.org/obo/HP_0009525,Bracket epiphysis of the proximal phalanx of the 2nd finger,http://purl.obolibrary.org/obo/UBERON_0004387,
http://purl.obolibrary.org/obo/HP_0009526,Cone-shaped epiphysis of the proximal phalanx of the 2nd finger,http://purl.obolibrary.org/obo/UBERON_0004387,
http://purl.obolibrary.org/obo/HP_0009527,Enlarged epiphysis of the proximal phalanx of the 2nd finger,http://purl.obolibrary.org/obo/UBERON_0004387,
http://purl.obolibrary.org/obo/HP_0009528,Fragmentation of the epiphysis of the proximal phalanx of the 2nd finger,http://purl.obolibrary.org/obo/UBERON_0004387,
http://purl.obolibrary.org/obo/HP_0009529,Irregular epiphysis of the proximal phalanx of the 2nd finger,http://purl.obolibrary.org/obo/UBERON_0004387,
http://purl.obolibrary.org/obo/HP_0009530,Ivory epiphysis of the proximal phalanx of the 2nd finger,http://purl.obolibrary.org/obo/UBERON_0004387,
http://purl.obolibrary.org/obo/HP_0009531,Pseudoepiphysis of the proximal phalanx of the 2nd finger,http://purl.obolibrary.org/obo/UBERON_0004328,
http://purl.obolibrary.org/obo/HP_0009532,Small epiphysis of the proximal phalanx of the 2nd finger,http://purl.obolibrary.org/obo/UBERON_0004387,
http://purl.obolibrary.org/obo/HP_0009533,Stippling of the epiphysis of the proximal phalanx of the 2nd finger,http://purl.obolibrary.org/obo/UBERON_0004387,
http://purl.obolibrary.org/obo/HP_0009534,Triangular epiphysis of the proximal phalanx of the 2nd finger,http://purl.obolibrary.org/obo/UBERON_0004387,
http://purl.obolibrary.org/obo/HP_0009535,Aplasia of the 2nd finger,http://purl.obolibrary.org/obo/UBERON_0003622,
http://purl.obolibrary.org/obo/HP_0009536,Short 2nd finger,http://purl.obolibrary.org/obo/UBERON_0003622,
http://purl.obolibrary.org/obo/HP_0009537,Flexion contracture of the 2nd finger,http://purl.obolibrary.org/obo/UBERON_0000982,
http://purl.obolibrary.org/obo/HP_0009538,Contracture of the distal interphalangeal joint of the 2nd finger,http://purl.obolibrary.org/obo/UBERON_0000043,
http://purl.obolibrary.org/obo/HP_0009539,Contracture of the metacarpophalangeal joint of the 2nd finger,http://purl.obolibrary.org/obo/UBERON_0003695,
http://purl.obolibrary.org/obo/HP_0009540,Contracture of the proximal interphalangeal joint of the 2nd finger,http://purl.obolibrary.org/obo/UBERON_0009767,
http://purl.obolibrary.org/obo/HP_0009541,Abnormality of the phalanges of the 2nd finger,http://purl.obolibrary.org/obo/UBERON_0003636,
http://purl.obolibrary.org/obo/HP_0009542,Abnormality of the distal phalanx of the 2nd finger,http://purl.obolibrary.org/obo/UBERON_0004311,
http://purl.obolibrary.org/obo/HP_0009543,Abnormality of the middle phalanx of the 2nd finger,http://purl.obolibrary.org/obo/UBERON_0004320,
http://purl.obolibrary.org/obo/HP_0009544,Abnormality of the proximal phalanx of the 2nd finger,http://purl.obolibrary.org/obo/UBERON_0004328,
http://purl.obolibrary.org/obo/HP_0009545,Symphalangism of the 2nd finger,http://purl.obolibrary.org/obo/UBERON_0003636,
http://purl.obolibrary.org/obo/HP_0009546,Triangular shaped phalanges of the 2nd finger,http://purl.obolibrary.org/obo/UBERON_0003636,
http://purl.obolibrary.org/obo/HP_0009547,Broad phalanges of the 2nd finger,http://purl.obolibrary.org/obo/UBERON_0003636,
http://purl.obolibrary.org/obo/HP_0009548,Bullet-shaped phalanges of the 2nd finger,http://purl.obolibrary.org/obo/UBERON_0003636,
http://purl.obolibrary.org/obo/HP_0009549,Curved phalanges of the 2nd finger,http://purl.obolibrary.org/obo/UBERON_0003636,
http://purl.obolibrary.org/obo/HP_0009550,Osteolytic defects of the phalanges of the 2nd finger,http://purl.obolibrary.org/obo/UBERON_0003636,
http://purl.obolibrary.org/obo/HP_0009551,Patchy sclerosis of 2nd finger phalanx,http://purl.obolibrary.org/obo/UBERON_0003636,
http://purl.obolibrary.org/obo/HP_0009552,Aplasia/Hypoplasia of the phalanges of the 2nd finger,http://purl.obolibrary.org/obo/UBERON_0003636,
http://purl.obolibrary.org/obo/HP_0009553,Abnormality of the hairline,http://purl.obolibrary.org/obo/UBERON_0004104,
http://purl.obolibrary.org/obo/HP_0009555,Hypoplasia of the pharynx,http://purl.obolibrary.org/obo/UBERON_0001042,
http://purl.obolibrary.org/obo/HP_0009556,Absent tibia,http://purl.obolibrary.org/obo/UBERON_0000979,
http://purl.obolibrary.org/obo/HP_0009557,Aplasia/Hypoplasia of the distal phalanx of the 2nd finger,http://purl.obolibrary.org/obo/UBERON_0004311,
http://purl.obolibrary.org/obo/HP_0009558,Broad distal phalanx of the 2nd finger,http://purl.obolibrary.org/obo/UBERON_0004311,
http://purl.obolibrary.org/obo/HP_0009559,Bullet-shaped distal phalanx of the 2nd finger,http://purl.obolibrary.org/obo/UBERON_0004311,
http://purl.obolibrary.org/obo/HP_0009560,Curved distal phalanx of the 2nd finger,http://purl.obolibrary.org/obo/UBERON_0004311,
http://purl.obolibrary.org/obo/HP_0009561,Osteolytic defects of the distal phalanx of the 2nd finger,http://purl.obolibrary.org/obo/UBERON_0004311,
http://purl.obolibrary.org/obo/HP_0009562,Patchy sclerosis of the distal phalanx of the 2nd finger,http://purl.obolibrary.org/obo/UBERON_0004311,
http://purl.obolibrary.org/obo/HP_0009563,Distal/middle symphalangism of 2nd finger,http://purl.obolibrary.org/obo/UBERON_0004320,
http://purl.obolibrary.org/obo/HP_0009563,Distal/middle symphalangism of 2nd finger,http://purl.obolibrary.org/obo/UBERON_0004311,
http://purl.obolibrary.org/obo/HP_0009564,Triangular shaped distal phalanx of the 2nd finger,http://purl.obolibrary.org/obo/UBERON_0004311,
http://purl.obolibrary.org/obo/HP_0009565,Aplasia of the distal phalanx of the 2nd finger,http://purl.obolibrary.org/obo/UBERON_0004311,
http://purl.obolibrary.org/obo/HP_0009566,Short distal phalanx of the 2nd finger,http://purl.obolibrary.org/obo/UBERON_0004311,
http://purl.obolibrary.org/obo/HP_0009568,Aplasia/Hypoplasia of the middle phalanx of the 2nd finger,http://purl.obolibrary.org/obo/UBERON_0004320,
http://purl.obolibrary.org/obo/HP_0009569,Broad middle phalanx of the 2nd finger,http://purl.obolibrary.org/obo/UBERON_0004320,
http://purl.obolibrary.org/obo/HP_0009570,Bullet-shaped middle phalanx of the 2nd finger,http://purl.obolibrary.org/obo/UBERON_0004320,
http://purl.obolibrary.org/obo/HP_0009571,Curved middle phalanx of the 2nd finger,http://purl.obolibrary.org/obo/UBERON_0004320,
http://purl.obolibrary.org/obo/HP_0009572,Osteolytic defects of the middle phalanx of the 2nd finger,http://purl.obolibrary.org/obo/UBERON_0004320,
http://purl.obolibrary.org/obo/HP_0009573,Patchy sclerosis of the middle phalanx of the 2nd finger,http://purl.obolibrary.org/obo/UBERON_0004320,
http://purl.obolibrary.org/obo/HP_0009574,Symphalangism of middle phalanx of 2nd finger,http://purl.obolibrary.org/obo/UBERON_0004328,
http://purl.obolibrary.org/obo/HP_0009574,Symphalangism of middle phalanx of 2nd finger,http://purl.obolibrary.org/obo/UBERON_0004320,
http://purl.obolibrary.org/obo/HP_0009575,Triangular shaped middle phalanx of the 2nd finger,http://purl.obolibrary.org/obo/UBERON_0004320,
http://purl.obolibrary.org/obo/HP_0009576,Absent middle phalanx of 2nd finger,http://purl.obolibrary.org/obo/UBERON_0004320,
http://purl.obolibrary.org/obo/HP_0009577,Short middle phalanx of the 2nd finger,http://purl.obolibrary.org/obo/UBERON_0004320,
http://purl.obolibrary.org/obo/HP_0009579,Proximal/middle symphalangism of the 2nd finger,http://purl.obolibrary.org/obo/UBERON_0004320,
http://purl.obolibrary.org/obo/HP_0009579,Proximal/middle symphalangism of the 2nd finger,http://purl.obolibrary.org/obo/UBERON_0004328,
http://purl.obolibrary.org/obo/HP_0009580,Aplasia/Hypoplasia of the proximal phalanx of the 2nd finger,http://purl.obolibrary.org/obo/UBERON_0004328,
http://purl.obolibrary.org/obo/HP_0009581,Broad proximal phalanx of the 2nd finger,http://purl.obolibrary.org/obo/UBERON_0004328,
http://purl.obolibrary.org/obo/HP_0009582,Bullet-shaped proximal phalanx of the 2nd finger,http://purl.obolibrary.org/obo/UBERON_0004328,
http://purl.obolibrary.org/obo/HP_0009583,Curved proximal phalanx of the 2nd finger,http://purl.obolibrary.org/obo/UBERON_0004328,
http://purl.obolibrary.org/obo/HP_0009584,Osteolytic defects of the proximal phalanx of the 2nd finger,http://purl.obolibrary.org/obo/UBERON_0004328,
http://purl.obolibrary.org/obo/HP_0009585,Patchy sclerosis of the proximal phalanx of the 2nd finger,http://purl.obolibrary.org/obo/UBERON_0004328,
http://purl.obolibrary.org/obo/HP_0009586,Symphalangism affecting the proximal phalanx of the 2nd finger,http://purl.obolibrary.org/obo/UBERON_0004328,
http://purl.obolibrary.org/obo/HP_0009587,Triangular shaped proximal phalanx of the 2nd finger,http://purl.obolibrary.org/obo/UBERON_0004328,
http://purl.obolibrary.org/obo/HP_0009591,Abnormal vestibulocochlear nerve morphology,http://purl.obolibrary.org/obo/UBERON_0001648,
http://purl.obolibrary.org/obo/HP_0009594,Retinal hamartoma,http://purl.obolibrary.org/obo/UBERON_0000966,
http://purl.obolibrary.org/obo/HP_0009596,Aplasia of the proximal phalanx of the 2nd finger,http://purl.obolibrary.org/obo/UBERON_0004328,
http://purl.obolibrary.org/obo/HP_0009597,Short proximal phalanx of the 2nd finger,http://purl.obolibrary.org/obo/UBERON_0004328,
http://purl.obolibrary.org/obo/HP_0009598,Symphalangism of the proximal phalanx of the 2nd finger with the 2nd metacarpal,http://purl.obolibrary.org/obo/UBERON_0003646,
http://purl.obolibrary.org/obo/HP_0009598,Symphalangism of the proximal phalanx of the 2nd finger with the 2nd metacarpal,http://purl.obolibrary.org/obo/UBERON_0004328,
http://purl.obolibrary.org/obo/HP_0009599,Abnormality of thumb epiphysis,http://purl.obolibrary.org/obo/UBERON_0004387,
http://purl.obolibrary.org/obo/HP_0009600,Thumb contracture,http://purl.obolibrary.org/obo/UBERON_0000982,
http://purl.obolibrary.org/obo/HP_0009601,Aplasia/Hypoplasia of the thumb,http://purl.obolibrary.org/obo/UBERON_0001463,
http://purl.obolibrary.org/obo/HP_0009602,Abnormality of thumb phalanx,http://purl.obolibrary.org/obo/UBERON_0003620,
http://purl.obolibrary.org/obo/HP_0009603,Deviation of the thumb,http://purl.obolibrary.org/obo/UBERON_0001463,
http://purl.obolibrary.org/obo/HP_0009606,Complete duplication of distal phalanx of the thumb,http://purl.obolibrary.org/obo/UBERON_0004337,
http://purl.obolibrary.org/obo/HP_0009608,Complete duplication of proximal phalanx of the thumb,http://purl.obolibrary.org/obo/UBERON_0004338,
http://purl.obolibrary.org/obo/HP_0009611,Bifid distal phalanx of the thumb,http://purl.obolibrary.org/obo/UBERON_0004337,
http://purl.obolibrary.org/obo/HP_0009615,Complete duplication of the first metacarpal,http://purl.obolibrary.org/obo/UBERON_0003645,
http://purl.obolibrary.org/obo/HP_0009616,Bifid first metacarpal,http://purl.obolibrary.org/obo/UBERON_0003645,
http://purl.obolibrary.org/obo/HP_0009617,Abnormality of the distal phalanx of the thumb,http://purl.obolibrary.org/obo/UBERON_0004337,
http://purl.obolibrary.org/obo/HP_0009618,Abnormality of the proximal phalanx of the thumb,http://purl.obolibrary.org/obo/UBERON_0003620,
http://purl.obolibrary.org/obo/HP_0009623,Proximal placement of thumb,http://purl.obolibrary.org/obo/UBERON_0001463,
http://purl.obolibrary.org/obo/HP_0009624,Carpometacarpal thumb joint contracture,http://purl.obolibrary.org/obo/UBERON_0000043,
http://purl.obolibrary.org/obo/HP_0009625,Metacarpophalangeal thumb joint contracture,http://purl.obolibrary.org/obo/UBERON_0000043,
http://purl.obolibrary.org/obo/HP_0009626,Interphalangeal thumb joint contracture,http://purl.obolibrary.org/obo/UBERON_0000043,
http://purl.obolibrary.org/obo/HP_0009629,Aplasia/Hypoplasia of the proximal phalanx of the thumb,http://purl.obolibrary.org/obo/UBERON_0004338,
http://purl.obolibrary.org/obo/HP_0009630,Broad proximal phalanx of the thumb,http://purl.obolibrary.org/obo/UBERON_0004338,
http://purl.obolibrary.org/obo/HP_0009631,Bullet-shaped proximal phalanx of the thumb,http://purl.obolibrary.org/obo/UBERON_0004338,
http://purl.obolibrary.org/obo/HP_0009632,Curved proximal phalanx of the thumb,http://purl.obolibrary.org/obo/UBERON_0004338,
http://purl.obolibrary.org/obo/HP_0009633,Osteolytic defect of the proximal phalanx of the thumb,http://purl.obolibrary.org/obo/UBERON_0004338,
http://purl.obolibrary.org/obo/HP_0009634,Patchy sclerosis of the proximal phalanx of the thumb,http://purl.obolibrary.org/obo/UBERON_0004338,
http://purl.obolibrary.org/obo/HP_0009635,Synostosis of thumb phalanx,http://purl.obolibrary.org/obo/UBERON_0003620,
http://purl.obolibrary.org/obo/HP_0009637,Absent proximal phalanx of thumb,http://purl.obolibrary.org/obo/UBERON_0004338,
http://purl.obolibrary.org/obo/HP_0009638,Short proximal phalanx of thumb,http://purl.obolibrary.org/obo/UBERON_0004338,
http://purl.obolibrary.org/obo/HP_0009640,Synostosis of the proximal phalanx of the thumb with the 1st metacarpal,http://purl.obolibrary.org/obo/UBERON_0003645,
http://purl.obolibrary.org/obo/HP_0009640,Synostosis of the proximal phalanx of the thumb with the 1st metacarpal,http://purl.obolibrary.org/obo/UBERON_0004338,
http://purl.obolibrary.org/obo/HP_0009642,Broad distal phalanx of the thumb,http://purl.obolibrary.org/obo/UBERON_0004337,
http://purl.obolibrary.org/obo/HP_0009643,Bullet-shaped distal phalanx of the thumb,http://purl.obolibrary.org/obo/UBERON_0004337,
http://purl.obolibrary.org/obo/HP_0009644,Curved distal phalanx of the thumb,http://purl.obolibrary.org/obo/UBERON_0004337,
http://purl.obolibrary.org/obo/HP_0009645,Osteolytic defect of the distal phalanx of the thumb,http://purl.obolibrary.org/obo/UBERON_0004337,
http://purl.obolibrary.org/obo/HP_0009646,Patchy sclerosis of the distal phalanx of the thumb,http://purl.obolibrary.org/obo/UBERON_0004337,
http://purl.obolibrary.org/obo/HP_0009649,Aplasia of the distal phalanx of the thumb,http://purl.obolibrary.org/obo/UBERON_0004337,
http://purl.obolibrary.org/obo/HP_0009650,Short distal phalanx of the thumb,http://purl.obolibrary.org/obo/UBERON_0004337,
http://purl.obolibrary.org/obo/HP_0009652,Bullet-shaped thumb phalanx,http://purl.obolibrary.org/obo/UBERON_0003620,
http://purl.obolibrary.org/obo/HP_0009653,Curved thumb phalanx,http://purl.obolibrary.org/obo/UBERON_0003620,
http://purl.obolibrary.org/obo/HP_0009654,Osteolytic defect of thumb phalanx,http://purl.obolibrary.org/obo/UBERON_0003620,
http://purl.obolibrary.org/obo/HP_0009655,Patchy sclerosis of thumb phalanx,http://purl.obolibrary.org/obo/UBERON_0003620,
http://purl.obolibrary.org/obo/HP_0009658,Aplasia/Hypoplasia of the phalanges of the thumb,http://purl.obolibrary.org/obo/UBERON_0003620,
http://purl.obolibrary.org/obo/HP_0009659,Partial absence of thumb,http://purl.obolibrary.org/obo/UBERON_0003620,
http://purl.obolibrary.org/obo/HP_0009660,Short phalanx of the thumb,http://purl.obolibrary.org/obo/UBERON_0003620,
http://purl.obolibrary.org/obo/HP_0009662,Abnormality of the epiphysis of the distal phalanx of the thumb,http://purl.obolibrary.org/obo/UBERON_0004387,
http://purl.obolibrary.org/obo/HP_0009663,Abnormality of the epiphysis of the proximal phalanx of the thumb,http://purl.obolibrary.org/obo/UBERON_0004387,
http://purl.obolibrary.org/obo/HP_0009664,Absent epiphysis of the proximal phalanx of the thumb,http://purl.obolibrary.org/obo/UBERON_0004387,
http://purl.obolibrary.org/obo/HP_0009665,Bracket epiphysis of the proximal phalanx of the thumb,http://purl.obolibrary.org/obo/UBERON_0004387,
http://purl.obolibrary.org/obo/HP_0009666,Cone-shaped epiphysis of the proximal phalanx of the thumb,http://purl.obolibrary.org/obo/UBERON_0004387,
http://purl.obolibrary.org/obo/HP_0009667,Enlarged epiphysis of the proximal phalanx of the thumb,http://purl.obolibrary.org/obo/UBERON_0004387,
http://purl.obolibrary.org/obo/HP_0009668,Fragmentation of the epiphysis of the proximal phalanx of the thumb,http://purl.obolibrary.org/obo/UBERON_0004387,
http://purl.obolibrary.org/obo/HP_0009669,Irregular epiphysis of the proximal phalanx of the thumb,http://purl.obolibrary.org/obo/UBERON_0004387,
http://purl.obolibrary.org/obo/HP_0009670,Ivory epiphysis of the proximal phalanx of the thumb,http://purl.obolibrary.org/obo/UBERON_0004387,
http://purl.obolibrary.org/obo/HP_0009671,Pseudoepiphysis of the proximal phalanx of the thumb,http://purl.obolibrary.org/obo/UBERON_0004338,
http://purl.obolibrary.org/obo/HP_0009672,Small epiphysis of the proximal phalanx of the thumb,http://purl.obolibrary.org/obo/UBERON_0004387,
http://purl.obolibrary.org/obo/HP_0009673,Stippling of the epiphysis of the proximal phalanx of the thumb,http://purl.obolibrary.org/obo/UBERON_0004387,
http://purl.obolibrary.org/obo/HP_0009674,Triangular epiphysis of the proximal phalanx of the thumb,http://purl.obolibrary.org/obo/UBERON_0004387,
http://purl.obolibrary.org/obo/HP_0009675,Absent epiphysis of the distal phalanx of the thumb,http://purl.obolibrary.org/obo/UBERON_0004387,
http://purl.obolibrary.org/obo/HP_0009676,Bracket epiphysis of the distal phalanx of the thumb,http://purl.obolibrary.org/obo/UBERON_0004387,
http://purl.obolibrary.org/obo/HP_0009677,Cone-shaped epiphysis of the distal phalanx of the thumb,http://purl.obolibrary.org/obo/UBERON_0004387,
http://purl.obolibrary.org/obo/HP_0009678,Enlarged epiphysis of the distal phalanx of the thumb,http://purl.obolibrary.org/obo/UBERON_0004387,
http://purl.obolibrary.org/obo/HP_0009679,Fragmentation of the epiphysis of the distal phalanx of the thumb,http://purl.obolibrary.org/obo/UBERON_0004387,
http://purl.obolibrary.org/obo/HP_0009680,Irregular epiphysis of the distal phalanx of the thumb,http://purl.obolibrary.org/obo/UBERON_0004387,
http://purl.obolibrary.org/obo/HP_0009681,Ivory epiphysis of the distal phalanx of the thumb,http://purl.obolibrary.org/obo/UBERON_0004387,
http://purl.obolibrary.org/obo/HP_0009682,Pseudoepiphysis of the distal phalanx of the thumb,http://purl.obolibrary.org/obo/UBERON_0004337,
http://purl.obolibrary.org/obo/HP_0009683,Small epiphysis of the distal phalanx of the thumb,http://purl.obolibrary.org/obo/UBERON_0004387,
http://purl.obolibrary.org/obo/HP_0009684,Stippling of the epiphysis of the distal phalanx of the thumb,http://purl.obolibrary.org/obo/UBERON_0004387,
http://purl.obolibrary.org/obo/HP_0009685,Triangular epiphysis of the distal phalanx of the thumb,http://purl.obolibrary.org/obo/UBERON_0004387,
http://purl.obolibrary.org/obo/HP_0009686,Absent epiphyses of the thumb,http://purl.obolibrary.org/obo/UBERON_0001463,
http://purl.obolibrary.org/obo/HP_0009687,Bracket epiphyses of the thumb,http://purl.obolibrary.org/obo/UBERON_0004387,
http://purl.obolibrary.org/obo/HP_0009688,Cone-shaped epiphysis of the thumb,http://purl.obolibrary.org/obo/UBERON_0004387,
http://purl.obolibrary.org/obo/HP_0009689,Enlarged thumb epiphysis,http://purl.obolibrary.org/obo/UBERON_0004387,
http://purl.obolibrary.org/obo/HP_0009690,Fragmentation of thumb epiphysis,http://purl.obolibrary.org/obo/UBERON_0004387,
http://purl.obolibrary.org/obo/HP_0009691,Irregular thumb epiphysis,http://purl.obolibrary.org/obo/UBERON_0004387,
http://purl.obolibrary.org/obo/HP_0009692,Ivory epiphysis of the thumb,http://purl.obolibrary.org/obo/UBERON_0004387,
http://purl.obolibrary.org/obo/HP_0009693,Pseudoepiphysis of the thumb,http://purl.obolibrary.org/obo/UBERON_0003620,
http://purl.obolibrary.org/obo/HP_0009694,Small thumb epiphysis,http://purl.obolibrary.org/obo/UBERON_0004387,
http://purl.obolibrary.org/obo/HP_0009695,Stippling of thumb epiphysis,http://purl.obolibrary.org/obo/UBERON_0004387,
http://purl.obolibrary.org/obo/HP_0009696,Triangular epiphyses of the thumb,http://purl.obolibrary.org/obo/UBERON_0004387,
http://purl.obolibrary.org/obo/HP_0009697,Contracture of the distal interphalangeal joint of the fingers,http://purl.obolibrary.org/obo/UBERON_0009768,
http://purl.obolibrary.org/obo/HP_0009699,Osteolytic defects of the hand bones,http://purl.obolibrary.org/obo/UBERON_0001442,
http://purl.obolibrary.org/obo/HP_0009700,Finger symphalangism,http://purl.obolibrary.org/obo/UBERON_0004249,
http://purl.obolibrary.org/obo/HP_0009701,Metacarpal synostosis,http://purl.obolibrary.org/obo/UBERON_0002374,
http://purl.obolibrary.org/obo/HP_0009702,Carpal synostosis,http://purl.obolibrary.org/obo/UBERON_0001435,
http://purl.obolibrary.org/obo/HP_0009703,Synostosis involving the 1st metacarpal,http://purl.obolibrary.org/obo/UBERON_0003645,
http://purl.obolibrary.org/obo/HP_0009714,Abnormal epididymis morphology,http://purl.obolibrary.org/obo/UBERON_0001301,
http://purl.obolibrary.org/obo/HP_0009720,Adenoma sebaceum,http://purl.obolibrary.org/obo/UBERON_0001456,
http://purl.obolibrary.org/obo/HP_0009723,Abnormal subungual morphology,http://purl.obolibrary.org/obo/UBERON_0004105,
http://purl.obolibrary.org/obo/HP_0009729,Cardiac rhabdomyoma,http://purl.obolibrary.org/obo/UBERON_0000948,
http://purl.obolibrary.org/obo/HP_0009731,Cerebral hamartoma,http://purl.obolibrary.org/obo/UBERON_0001893,
http://purl.obolibrary.org/obo/HP_0009734,Optic nerve glioma,http://purl.obolibrary.org/obo/UBERON_0000941,
http://purl.obolibrary.org/obo/HP_0009735,Spinal neurofibroma,http://purl.obolibrary.org/obo/UBERON_0001130,
http://purl.obolibrary.org/obo/HP_0009736,Tibial pseudarthrosis,http://purl.obolibrary.org/obo/UBERON_0000979,
http://purl.obolibrary.org/obo/HP_0009738,Abnormal antihelix morphology,http://purl.obolibrary.org/obo/UBERON_0016466,
http://purl.obolibrary.org/obo/HP_0009739,Hypoplasia of the antihelix,http://purl.obolibrary.org/obo/UBERON_0016466,
http://purl.obolibrary.org/obo/HP_0009740,Aplasia of the parotid gland,http://purl.obolibrary.org/obo/UBERON_0001831,
http://purl.obolibrary.org/obo/HP_0009741,Nephrosclerosis,http://purl.obolibrary.org/obo/UBERON_0001637,
http://purl.obolibrary.org/obo/HP_0009742,Stiff shoulders,http://purl.obolibrary.org/obo/UBERON_0001467,
http://purl.obolibrary.org/obo/HP_0009744,Abnormal spinal dura mater morphology,http://purl.obolibrary.org/obo/UBERON_0002093,
http://purl.obolibrary.org/obo/HP_0009746,Thick nasal septum,http://purl.obolibrary.org/obo/UBERON_0001706,
http://purl.obolibrary.org/obo/HP_0009748,Large earlobe,http://purl.obolibrary.org/obo/UBERON_0001847,
http://purl.obolibrary.org/obo/HP_0009751,Aplasia of the pectoralis major muscle,http://purl.obolibrary.org/obo/UBERON_0002381,
http://purl.obolibrary.org/obo/HP_0009752,Cleft in skull base,http://purl.obolibrary.org/obo/UBERON_0002517,
http://purl.obolibrary.org/obo/HP_0009754,Fibrous syngnathia,http://purl.obolibrary.org/obo/UBERON_0004103,
http://purl.obolibrary.org/obo/HP_0009759,Neck pterygia,http://purl.obolibrary.org/obo/UBERON_0000974,
http://purl.obolibrary.org/obo/HP_0009762,Facial wrinkling,http://purl.obolibrary.org/obo/UBERON_0001456,
http://purl.obolibrary.org/obo/HP_0009765,Low hanging columella,http://purl.obolibrary.org/obo/UBERON_0008341,
http://purl.obolibrary.org/obo/HP_0009767,Aplasia/Hypoplasia of the phalanges of the hand,http://purl.obolibrary.org/obo/UBERON_0001436,
http://purl.obolibrary.org/obo/HP_0009768,Broad phalanges of the hand,http://purl.obolibrary.org/obo/UBERON_0001436,
http://purl.obolibrary.org/obo/HP_0009769,Bullet-shaped phalanges of the hand,http://purl.obolibrary.org/obo/UBERON_0001436,
http://purl.obolibrary.org/obo/HP_0009770,Curved phalanges of the hand,http://purl.obolibrary.org/obo/UBERON_0001436,
http://purl.obolibrary.org/obo/HP_0009771,Osteolytic defects of the phalanges of the hand,http://purl.obolibrary.org/obo/UBERON_0001436,
http://purl.obolibrary.org/obo/HP_0009772,Patchy sclerosis of finger phalanx,http://purl.obolibrary.org/obo/UBERON_0001436,
http://purl.obolibrary.org/obo/HP_0009773,Symphalangism affecting the phalanges of the hand,http://purl.obolibrary.org/obo/UBERON_0001436,
http://purl.obolibrary.org/obo/HP_0009774,Triangular shaped phalanges of the hand,http://purl.obolibrary.org/obo/UBERON_0001436,
http://purl.obolibrary.org/obo/HP_0009777,Absent thumb,http://purl.obolibrary.org/obo/UBERON_0001463,
http://purl.obolibrary.org/obo/HP_0009778,Short thumb,http://purl.obolibrary.org/obo/UBERON_0001463,
http://purl.obolibrary.org/obo/HP_0009779,3-4 toe syndactyly,http://purl.obolibrary.org/obo/UBERON_0003634,
http://purl.obolibrary.org/obo/HP_0009779,3-4 toe syndactyly,http://purl.obolibrary.org/obo/UBERON_0003633,
http://purl.obolibrary.org/obo/HP_0009782,Aplasia/Hypoplasia of the biceps,http://purl.obolibrary.org/obo/UBERON_0001507,
http://purl.obolibrary.org/obo/HP_0009783,Biceps aplasia,http://purl.obolibrary.org/obo/UBERON_0001507,
http://purl.obolibrary.org/obo/HP_0009784,Aplasia/Hypoplasia of the triceps,http://purl.obolibrary.org/obo/UBERON_0001509,
http://purl.obolibrary.org/obo/HP_0009785,Triceps aplasia,http://purl.obolibrary.org/obo/UBERON_0001509,
http://purl.obolibrary.org/obo/HP_0009786,Aplasia/Hypoplasia of the musculature of the thigh,http://purl.obolibrary.org/obo/UBERON_0004463,
http://purl.obolibrary.org/obo/HP_0009787,Aplasia/Hypoplasia of the quadriceps,http://purl.obolibrary.org/obo/UBERON_0001377,
http://purl.obolibrary.org/obo/HP_0009788,Quadriceps aplasia,http://purl.obolibrary.org/obo/UBERON_0001377,
http://purl.obolibrary.org/obo/HP_0009791,Bifid sacrum,http://purl.obolibrary.org/obo/UBERON_0003690,
http://purl.obolibrary.org/obo/HP_0009799,Supernumerary spleens,http://purl.obolibrary.org/obo/UBERON_0002106,
http://purl.obolibrary.org/obo/HP_0009802,Aplasia of the phalanges of the hand,http://purl.obolibrary.org/obo/UBERON_0001436,
http://purl.obolibrary.org/obo/HP_0009803,Short phalanx of finger,http://purl.obolibrary.org/obo/UBERON_0001436,
http://purl.obolibrary.org/obo/HP_0009804,Tooth agenesis,http://purl.obolibrary.org/obo/UBERON_0001091,
http://purl.obolibrary.org/obo/HP_0009808,Anomaly of the upper limb diaphyses,http://purl.obolibrary.org/obo/UBERON_0004769,
http://purl.obolibrary.org/obo/HP_0009809,Abnormal upper limb metaphysis morphology,http://purl.obolibrary.org/obo/UBERON_0001438,
http://purl.obolibrary.org/obo/HP_0009810,Abnormality of upper limb joint,http://purl.obolibrary.org/obo/UBERON_0000982,
http://purl.obolibrary.org/obo/HP_0009811,Abnormality of the elbow,http://purl.obolibrary.org/obo/UBERON_0001461,
http://purl.obolibrary.org/obo/HP_0009812,Amelia involving the upper limbs,http://purl.obolibrary.org/obo/UBERON_0010708,
http://purl.obolibrary.org/obo/HP_0009813,Upper limb phocomelia,http://purl.obolibrary.org/obo/UBERON_0010708,
http://purl.obolibrary.org/obo/HP_0009814,Upper limb peromelia,http://purl.obolibrary.org/obo/UBERON_0010708,
http://purl.obolibrary.org/obo/HP_0009815,Aplasia/hypoplasia of the extremities,http://purl.obolibrary.org/obo/UBERON_0002091,
http://purl.obolibrary.org/obo/HP_0009816,Lower limb undergrowth,http://purl.obolibrary.org/obo/UBERON_0012476,
http://purl.obolibrary.org/obo/HP_0009817,Aplasia involving bones of the lower limbs,http://purl.obolibrary.org/obo/UBERON_0012476,
http://purl.obolibrary.org/obo/HP_0009818,Amelia involving the lower limbs,http://purl.obolibrary.org/obo/UBERON_0010709,
http://purl.obolibrary.org/obo/HP_0009819,Lower limb phocomelia,http://purl.obolibrary.org/obo/UBERON_0010709,
http://purl.obolibrary.org/obo/HP_0009820,Lower limb peromelia,http://purl.obolibrary.org/obo/UBERON_0010709,
http://purl.obolibrary.org/obo/HP_0009821,Forearm undergrowth,http://purl.obolibrary.org/obo/UBERON_0003466,
http://purl.obolibrary.org/obo/HP_0009822,Aplasia involving forearm bones,http://purl.obolibrary.org/obo/UBERON_0003466,
http://purl.obolibrary.org/obo/HP_0009823,Aplasia involving bones of the upper limbs,http://purl.obolibrary.org/obo/UBERON_0012475,
http://purl.obolibrary.org/obo/HP_0009824,Upper limb undergrowth,http://purl.obolibrary.org/obo/UBERON_0012475,
http://purl.obolibrary.org/obo/HP_0009825,Aplasia involving bones of the extremities,http://purl.obolibrary.org/obo/UBERON_0002091,
http://purl.obolibrary.org/obo/HP_0009826,Limb undergrowth,http://purl.obolibrary.org/obo/UBERON_0002091,
http://purl.obolibrary.org/obo/HP_0009828,Peromelia,http://purl.obolibrary.org/obo/UBERON_0002470,
http://purl.obolibrary.org/obo/HP_0009832,Abnormal distal phalanx morphology of finger,http://purl.obolibrary.org/obo/UBERON_0003865,
http://purl.obolibrary.org/obo/HP_0009833,Abnormal middle phalanx morphology of the hand,http://purl.obolibrary.org/obo/UBERON_0003864,
http://purl.obolibrary.org/obo/HP_0009834,Abnormal proximal phalanx morphology of the hand,http://purl.obolibrary.org/obo/UBERON_0002234,
http://purl.obolibrary.org/obo/HP_0009835,Aplasia/Hypoplasia of the distal phalanges of the hand,http://purl.obolibrary.org/obo/UBERON_0003865,
http://purl.obolibrary.org/obo/HP_0009836,Broad distal phalanx of finger,http://purl.obolibrary.org/obo/UBERON_0003865,
http://purl.obolibrary.org/obo/HP_0009837,Bullet-shaped distal phalanges of the hand,http://purl.obolibrary.org/obo/UBERON_0003865,
http://purl.obolibrary.org/obo/HP_0009838,Curved distal phalanges of the hand,http://purl.obolibrary.org/obo/UBERON_0003865,
http://purl.obolibrary.org/obo/HP_0009839,Osteolytic defects of the distal phalanges of the hand,http://purl.obolibrary.org/obo/UBERON_0003865,
http://purl.obolibrary.org/obo/HP_0009840,Patchy sclerosis of distal phalanx of finger,http://purl.obolibrary.org/obo/UBERON_0003865,
http://purl.obolibrary.org/obo/HP_0009843,Aplasia/Hypoplasia of the middle phalanges of the hand,http://purl.obolibrary.org/obo/UBERON_0003864,
http://purl.obolibrary.org/obo/HP_0009844,Broad middle phalanx of finger,http://purl.obolibrary.org/obo/UBERON_0003864,
http://purl.obolibrary.org/obo/HP_0009845,Bullet-shaped middle phalanges of the hand,http://purl.obolibrary.org/obo/UBERON_0003864,
http://purl.obolibrary.org/obo/HP_0009846,Curved middle phalanges of the hand,http://purl.obolibrary.org/obo/UBERON_0003864,
http://purl.obolibrary.org/obo/HP_0009847,Osteolytic defects of the middle phalanges of the hand,http://purl.obolibrary.org/obo/UBERON_0003864,
http://purl.obolibrary.org/obo/HP_0009848,Patchy sclerosis of middle phalanx of finger,http://purl.obolibrary.org/obo/UBERON_0003864,
http://purl.obolibrary.org/obo/HP_0009850,Triangular shaped middle phalanges of the hand,http://purl.obolibrary.org/obo/UBERON_0003864,
http://purl.obolibrary.org/obo/HP_0009851,Aplasia/Hypoplasia of the proximal phalanges of the hand,http://purl.obolibrary.org/obo/UBERON_0002234,
http://purl.obolibrary.org/obo/HP_0009852,Broad proximal phalanges of the hand,http://purl.obolibrary.org/obo/UBERON_0002234,
http://purl.obolibrary.org/obo/HP_0009853,Bullet-shaped proximal phalanges of the hand,http://purl.obolibrary.org/obo/UBERON_0002234,
http://purl.obolibrary.org/obo/HP_0009854,Curved proximal phalanges of the hand,http://purl.obolibrary.org/obo/UBERON_0002234,
http://purl.obolibrary.org/obo/HP_0009856,Patchy sclerosis of proximal phalanx of finger,http://purl.obolibrary.org/obo/UBERON_0002234,
http://purl.obolibrary.org/obo/HP_0009875,Triangular shaped distal phalanges of the hand,http://purl.obolibrary.org/obo/UBERON_0003865,
http://purl.obolibrary.org/obo/HP_0009881,Aplasia of the distal phalanges of the hand,http://purl.obolibrary.org/obo/UBERON_0003865,
http://purl.obolibrary.org/obo/HP_0009882,Short distal phalanx of finger,http://purl.obolibrary.org/obo/UBERON_0003865,
http://purl.obolibrary.org/obo/HP_0009884,Tapered distal phalanges of finger,http://purl.obolibrary.org/obo/UBERON_0003865,
http://purl.obolibrary.org/obo/HP_0009887,Abnormality of hair pigmentation,http://purl.obolibrary.org/obo/UBERON_0001037,
http://purl.obolibrary.org/obo/HP_0009889,Localized hirsutism,http://purl.obolibrary.org/obo/UBERON_0001037,
http://purl.obolibrary.org/obo/HP_0009891,Underdeveloped supraorbital ridges,http://purl.obolibrary.org/obo/UBERON_0011576,
http://purl.obolibrary.org/obo/HP_0009892,Anotia,http://purl.obolibrary.org/obo/UBERON_0001691,
http://purl.obolibrary.org/obo/HP_0009893,Telangiectasia of the ear,http://purl.obolibrary.org/obo/UBERON_0001690,
http://purl.obolibrary.org/obo/HP_0009894,Thickened ears,http://purl.obolibrary.org/obo/UBERON_0001691,
http://purl.obolibrary.org/obo/HP_0009895,Abnormality of the crus of the helix,http://purl.obolibrary.org/obo/UBERON_0004106,
http://purl.obolibrary.org/obo/HP_0009896,Abnormal antitragus morphology,http://purl.obolibrary.org/obo/UBERON_0016467,
http://purl.obolibrary.org/obo/HP_0009898,Underdeveloped crus of the helix,http://purl.obolibrary.org/obo/UBERON_0004106,
http://purl.obolibrary.org/obo/HP_0009899,Prominent crus of helix,http://purl.obolibrary.org/obo/UBERON_0004106,
http://purl.obolibrary.org/obo/HP_0009902,Cleft helix,http://purl.obolibrary.org/obo/UBERON_0002488,
http://purl.obolibrary.org/obo/HP_0009904,Prominent ear helix,http://purl.obolibrary.org/obo/UBERON_0002488,
http://purl.obolibrary.org/obo/HP_0009905,Thin ear helix,http://purl.obolibrary.org/obo/UBERON_0002488,
http://purl.obolibrary.org/obo/HP_0009906,Aplasia/Hypoplasia of the earlobes,http://purl.obolibrary.org/obo/UBERON_0001847,
http://purl.obolibrary.org/obo/HP_0009910,Aplasia of the middle ear ossicles,http://purl.obolibrary.org/obo/UBERON_0001686,
http://purl.obolibrary.org/obo/HP_0009911,Abnormal temporal bone morphology,http://purl.obolibrary.org/obo/UBERON_0001678,
http://purl.obolibrary.org/obo/HP_0009912,Abnormal tragus morphology,http://purl.obolibrary.org/obo/UBERON_0010887,
http://purl.obolibrary.org/obo/HP_0009913,Aplasia/Hypoplasia of the tragus,http://purl.obolibrary.org/obo/UBERON_0010887,
http://purl.obolibrary.org/obo/HP_0009915,Corneal asymmetry,http://purl.obolibrary.org/obo/UBERON_0000964,
http://purl.obolibrary.org/obo/HP_0009918,Ectopia pupillae,http://purl.obolibrary.org/obo/UBERON_0001771,
http://purl.obolibrary.org/obo/HP_0009924,Aplasia/Hypoplasia involving the nose,http://purl.obolibrary.org/obo/UBERON_0000004,
http://purl.obolibrary.org/obo/HP_0009927,Aplasia of the nose,http://purl.obolibrary.org/obo/UBERON_0000004,
http://purl.obolibrary.org/obo/HP_0009928,Thick nasal alae,http://purl.obolibrary.org/obo/UBERON_0006906,
http://purl.obolibrary.org/obo/HP_0009929,Abnormal columella morphology,http://purl.obolibrary.org/obo/UBERON_0008341,
http://purl.obolibrary.org/obo/HP_0009930,Asymmetry of the nares,http://purl.obolibrary.org/obo/UBERON_0005928,
http://purl.obolibrary.org/obo/HP_0009931,Enlarged naris,http://purl.obolibrary.org/obo/UBERON_0005928,
http://purl.obolibrary.org/obo/HP_0009932,Single naris,http://purl.obolibrary.org/obo/UBERON_0005928,
http://purl.obolibrary.org/obo/HP_0009933,Narrow naris,http://purl.obolibrary.org/obo/UBERON_0005928,
http://purl.obolibrary.org/obo/HP_0009934,Supernumerary naris,http://purl.obolibrary.org/obo/UBERON_0005928,
http://purl.obolibrary.org/obo/HP_0009935,Aplasia/Hypoplasia of the nasal septum,http://purl.obolibrary.org/obo/UBERON_0001706,
http://purl.obolibrary.org/obo/HP_0009936,Narrow nasal septum,http://purl.obolibrary.org/obo/UBERON_0001706,
http://purl.obolibrary.org/obo/HP_0009937,Facial hirsutism,http://purl.obolibrary.org/obo/UBERON_0010171,
http://purl.obolibrary.org/obo/HP_0009938,Sunken cheeks,http://purl.obolibrary.org/obo/UBERON_0001567,
http://purl.obolibrary.org/obo/HP_0009939,Mandibular aplasia,http://purl.obolibrary.org/obo/UBERON_0001684,
http://purl.obolibrary.org/obo/HP_0009940,Asymmetry of the mandible,http://purl.obolibrary.org/obo/UBERON_0001684,
http://purl.obolibrary.org/obo/HP_0009941,Asymmetry of the mouth,http://purl.obolibrary.org/obo/UBERON_0000165,
http://purl.obolibrary.org/obo/HP_0009943,Complete duplication of thumb phalanx,http://purl.obolibrary.org/obo/UBERON_0003620,
http://purl.obolibrary.org/obo/HP_0009944,Partial duplication of thumb phalanx,http://purl.obolibrary.org/obo/UBERON_0003620,
http://purl.obolibrary.org/obo/HP_0009946,Polydactyly affecting the 2nd finger,http://purl.obolibrary.org/obo/UBERON_0003622,
http://purl.obolibrary.org/obo/HP_0009950,Complete duplication of the distal phalanx of the 2nd finger,http://purl.obolibrary.org/obo/UBERON_0004311,
http://purl.obolibrary.org/obo/HP_0009952,Complete duplication of the middle phalanx of the 2nd finger,http://purl.obolibrary.org/obo/UBERON_0004320,
http://purl.obolibrary.org/obo/HP_0009954,Complete duplication of the proximal phalanx of the 2nd finger,http://purl.obolibrary.org/obo/UBERON_0004328,
http://purl.obolibrary.org/obo/HP_0009957,Complete duplication of the phalanges of the 2nd finger,http://purl.obolibrary.org/obo/UBERON_0003636,
http://purl.obolibrary.org/obo/HP_0009958,Polydactyly affecting the 3rd finger,http://purl.obolibrary.org/obo/UBERON_0003623,
http://purl.obolibrary.org/obo/HP_0009960,Complete duplication of the phalanges of the 3rd finger,http://purl.obolibrary.org/obo/UBERON_0003637,
http://purl.obolibrary.org/obo/HP_0009965,Complete duplication of the distal phalanx of the 3rd finger,http://purl.obolibrary.org/obo/UBERON_0004312,
http://purl.obolibrary.org/obo/HP_0009966,Complete duplication of the middle phalanx of the 3rd finger,http://purl.obolibrary.org/obo/UBERON_0004321,
http://purl.obolibrary.org/obo/HP_0009967,Complete duplication of the proximal phalanx of the 3rd finger,http://purl.obolibrary.org/obo/UBERON_0004329,
http://purl.obolibrary.org/obo/HP_0009971,Polydactyly affecting the 4th finger,http://purl.obolibrary.org/obo/UBERON_0003624,
http://purl.obolibrary.org/obo/HP_0009973,Complete duplication of the phalanges of the 4th finger,http://purl.obolibrary.org/obo/UBERON_0003638,
http://purl.obolibrary.org/obo/HP_0009978,Complete duplication of the distal phalanx of the 4th finger,http://purl.obolibrary.org/obo/UBERON_0004313,
http://purl.obolibrary.org/obo/HP_0009979,Complete duplication of the middle phalanx of the 4th finger,http://purl.obolibrary.org/obo/UBERON_0004322,
http://purl.obolibrary.org/obo/HP_0009980,Complete duplication of the proximal phalanx of the 4th finger,http://purl.obolibrary.org/obo/UBERON_0004330,
http://purl.obolibrary.org/obo/HP_0009986,Complete duplication of the phalanges of the 5th finger,http://purl.obolibrary.org/obo/UBERON_0003639,
http://purl.obolibrary.org/obo/HP_0009991,Complete duplication of the distal phalanx of the 5th finger,http://purl.obolibrary.org/obo/UBERON_0004314,
http://purl.obolibrary.org/obo/HP_0009992,Complete duplication of the middle phalanx of the 5th finger,http://purl.obolibrary.org/obo/UBERON_0004323,
http://purl.obolibrary.org/obo/HP_0009993,Complete duplication of the proximal phalanx of the 5th finger,http://purl.obolibrary.org/obo/UBERON_0004331,
http://purl.obolibrary.org/obo/HP_0009998,Complete duplication of phalanx of hand,http://purl.obolibrary.org/obo/UBERON_0001436,
http://purl.obolibrary.org/obo/HP_0010000,Complete duplication of the proximal phalanges of the hand,http://purl.obolibrary.org/obo/UBERON_0002234,
http://purl.obolibrary.org/obo/HP_0010001,Complete duplication of the distal phalanges of the hand,http://purl.obolibrary.org/obo/UBERON_0003865,
http://purl.obolibrary.org/obo/HP_0010002,Complete duplication of the middle phalanges of the hand,http://purl.obolibrary.org/obo/UBERON_0003864,
http://purl.obolibrary.org/obo/HP_0010009,Abnormal 1st metacarpal morphology,http://purl.obolibrary.org/obo/UBERON_0003645,
http://purl.obolibrary.org/obo/HP_0010010,Abnormal 2nd metacarpal morphology,http://purl.obolibrary.org/obo/UBERON_0003646,
http://purl.obolibrary.org/obo/HP_0010011,Abnormal 3rd metacarpal morphology,http://purl.obolibrary.org/obo/UBERON_0003647,
http://purl.obolibrary.org/obo/HP_0010012,Abnormal 4th metacarpal morphology,http://purl.obolibrary.org/obo/UBERON_0003648,
http://purl.obolibrary.org/obo/HP_0010013,Abnormal 5th metacarpal morphology,http://purl.obolibrary.org/obo/UBERON_0003649,
http://purl.obolibrary.org/obo/HP_0010014,Abnormality of the epiphysis of the 1st metacarpal,http://purl.obolibrary.org/obo/UBERON_0004391,
http://purl.obolibrary.org/obo/HP_0010015,Absent epiphysis of the 1st metacarpal,http://purl.obolibrary.org/obo/UBERON_0004391,
http://purl.obolibrary.org/obo/HP_0010016,Bracket epiphysis of the 1st metacarpal,http://purl.obolibrary.org/obo/UBERON_0004391,
http://purl.obolibrary.org/obo/HP_0010017,Cone-shaped epiphysis of the 1st metacarpal,http://purl.obolibrary.org/obo/UBERON_0004391,
http://purl.obolibrary.org/obo/HP_0010018,Enlarged epiphysis of the 1st metacarpal,http://purl.obolibrary.org/obo/UBERON_0004391,
http://purl.obolibrary.org/obo/HP_0010019,Fragmentation of the epiphysis of the 1st metacarpal,http://purl.obolibrary.org/obo/UBERON_0004391,
http://purl.obolibrary.org/obo/HP_0010020,Irregular epiphysis of the 1st metacarpal,http://purl.obolibrary.org/obo/UBERON_0004391,
http://purl.obolibrary.org/obo/HP_0010021,Ivory epiphysis of the 1st metacarpal,http://purl.obolibrary.org/obo/UBERON_0004391,
http://purl.obolibrary.org/obo/HP_0010022,Pseudoepiphysis of the 1st metacarpal,http://purl.obolibrary.org/obo/UBERON_0004391,
http://purl.obolibrary.org/obo/HP_0010023,Small epiphysis of the 1st metacarpal,http://purl.obolibrary.org/obo/UBERON_0004391,
http://purl.obolibrary.org/obo/HP_0010024,Epiphyseal stippling of the first metacarpal,http://purl.obolibrary.org/obo/UBERON_0004391,
http://purl.obolibrary.org/obo/HP_0010025,Triangular epiphysis of the 1st metacarpal,http://purl.obolibrary.org/obo/UBERON_0004391,
http://purl.obolibrary.org/obo/HP_0010026,Aplasia/Hypoplasia of the 1st metacarpal,http://purl.obolibrary.org/obo/UBERON_0003645,
http://purl.obolibrary.org/obo/HP_0010027,Broad 1st metacarpal,http://purl.obolibrary.org/obo/UBERON_0003645,
http://purl.obolibrary.org/obo/HP_0010028,Bullet-shaped 1st metacarpal,http://purl.obolibrary.org/obo/UBERON_0003645,
http://purl.obolibrary.org/obo/HP_0010029,Curved 1st metacarpal,http://purl.obolibrary.org/obo/UBERON_0003645,
http://purl.obolibrary.org/obo/HP_0010030,Osteolytic defects of the 1st metacarpal,http://purl.obolibrary.org/obo/UBERON_0003645,
http://purl.obolibrary.org/obo/HP_0010031,Patchy sclerosis of the 1st metacarpal,http://purl.obolibrary.org/obo/UBERON_0003645,
http://purl.obolibrary.org/obo/HP_0010034,Short 1st metacarpal,http://purl.obolibrary.org/obo/UBERON_0003645,
http://purl.obolibrary.org/obo/HP_0010035,Aplasia of the 1st metacarpal,http://purl.obolibrary.org/obo/UBERON_0003645,
http://purl.obolibrary.org/obo/HP_0010036,Aplasia/Hypoplasia of the 2nd metacarpal,http://purl.obolibrary.org/obo/UBERON_0003646,
http://purl.obolibrary.org/obo/HP_0010037,Aplasia of the 2nd metacarpal,http://purl.obolibrary.org/obo/UBERON_0003646,
http://purl.obolibrary.org/obo/HP_0010038,Short 2nd metacarpal,http://purl.obolibrary.org/obo/UBERON_0003646,
http://purl.obolibrary.org/obo/HP_0010039,Aplasia/Hypoplasia of the 3rd metacarpal,http://purl.obolibrary.org/obo/UBERON_0003647,
http://purl.obolibrary.org/obo/HP_0010040,Aplasia of the 3rd metacarpal,http://purl.obolibrary.org/obo/UBERON_0003647,
http://purl.obolibrary.org/obo/HP_0010041,Short 3rd metacarpal,http://purl.obolibrary.org/obo/UBERON_0003647,
http://purl.obolibrary.org/obo/HP_0010042,Aplasia/Hypoplasia of the 4th metacarpal,http://purl.obolibrary.org/obo/UBERON_0003648,
http://purl.obolibrary.org/obo/HP_0010043,Aplasia of the 4th metacarpal,http://purl.obolibrary.org/obo/UBERON_0003648,
http://purl.obolibrary.org/obo/HP_0010044,Short 4th metacarpal,http://purl.obolibrary.org/obo/UBERON_0003648,
http://purl.obolibrary.org/obo/HP_0010045,Aplasia/Hypoplasia of the 5th metacarpal,http://purl.obolibrary.org/obo/UBERON_0003649,
http://purl.obolibrary.org/obo/HP_0010046,Aplasia of the 5th metacarpal,http://purl.obolibrary.org/obo/UBERON_0003649,
http://purl.obolibrary.org/obo/HP_0010047,Short 5th metacarpal,http://purl.obolibrary.org/obo/UBERON_0003649,
http://purl.obolibrary.org/obo/HP_0010048,Aplasia of metacarpal bones,http://purl.obolibrary.org/obo/UBERON_0002374,
http://purl.obolibrary.org/obo/HP_0010049,Short metacarpal,http://purl.obolibrary.org/obo/UBERON_0002374,
http://purl.obolibrary.org/obo/HP_0010051,Deviation of the hallux,http://purl.obolibrary.org/obo/UBERON_0003631,
http://purl.obolibrary.org/obo/HP_0010052,Abnormal morphology of the proximal phalanx of the hallux,http://purl.obolibrary.org/obo/UBERON_0004332,
http://purl.obolibrary.org/obo/HP_0010053,Abnormality of the distal phalanx of the hallux,http://purl.obolibrary.org/obo/UBERON_0004315,
http://purl.obolibrary.org/obo/HP_0010054,Abnormality of the first metatarsal bone,http://purl.obolibrary.org/obo/UBERON_0003650,
http://purl.obolibrary.org/obo/HP_0010055,Broad hallux,http://purl.obolibrary.org/obo/UBERON_0003631,
http://purl.obolibrary.org/obo/HP_0010056,Abnormality of the epiphyses of the hallux,http://purl.obolibrary.org/obo/UBERON_0001437,
http://purl.obolibrary.org/obo/HP_0010057,Abnormal hallux phalanx morphology,http://purl.obolibrary.org/obo/UBERON_0003640,
http://purl.obolibrary.org/obo/HP_0010058,Aplasia/Hypoplasia of the phalanges of the hallux,http://purl.obolibrary.org/obo/UBERON_0003640,
http://purl.obolibrary.org/obo/HP_0010059,Broad hallux phalanx,http://purl.obolibrary.org/obo/UBERON_0003640,
http://purl.obolibrary.org/obo/HP_0010060,Bullet-shaped hallux phalanx,http://purl.obolibrary.org/obo/UBERON_0003640,
http://purl.obolibrary.org/obo/HP_0010061,Curved hallux phalanx,http://purl.obolibrary.org/obo/UBERON_0003640,
http://purl.obolibrary.org/obo/HP_0010062,Osteolytic defects of the phalanges of the hallux,http://purl.obolibrary.org/obo/UBERON_0003640,
http://purl.obolibrary.org/obo/HP_0010063,Patchy sclerosis of hallux phalanx,http://purl.obolibrary.org/obo/UBERON_0003640,
http://purl.obolibrary.org/obo/HP_0010064,Symphalangism affecting the phalanges of the hallux,http://purl.obolibrary.org/obo/UBERON_0003640,
http://purl.obolibrary.org/obo/HP_0010065,Triangular shaped phalanges of the hallux,http://purl.obolibrary.org/obo/UBERON_0003640,
http://purl.obolibrary.org/obo/HP_0010067,Aplasia/hypoplasia of the 1st metatarsal,http://purl.obolibrary.org/obo/UBERON_0003650,
http://purl.obolibrary.org/obo/HP_0010068,Broad first metatarsal,http://purl.obolibrary.org/obo/UBERON_0003650,
http://purl.obolibrary.org/obo/HP_0010069,Bullet-shaped 1st metatarsal,http://purl.obolibrary.org/obo/UBERON_0003650,
http://purl.obolibrary.org/obo/HP_0010070,Curved 1st metatarsal,http://purl.obolibrary.org/obo/UBERON_0003650,
http://purl.obolibrary.org/obo/HP_0010071,Osteolytic defects of the 1st metatarsal,http://purl.obolibrary.org/obo/UBERON_0003650,
http://purl.obolibrary.org/obo/HP_0010072,Patchy sclerosis of the 1st metatarsal,http://purl.obolibrary.org/obo/UBERON_0003650,
http://purl.obolibrary.org/obo/HP_0010073,Synostosis involving the 1st metatarsal,http://purl.obolibrary.org/obo/UBERON_0003650,
http://purl.obolibrary.org/obo/HP_0010074,Triangular shaped 1st metatarsal,http://purl.obolibrary.org/obo/UBERON_0003650,
http://purl.obolibrary.org/obo/HP_0010076,Aplasia/Hypoplasia of the distal phalanx of the hallux,http://purl.obolibrary.org/obo/UBERON_0004315,
http://purl.obolibrary.org/obo/HP_0010077,Broad distal phalanx of the hallux,http://purl.obolibrary.org/obo/UBERON_0004315,
http://purl.obolibrary.org/obo/HP_0010078,Bullet-shaped distal phalanx of the hallux,http://purl.obolibrary.org/obo/UBERON_0004315,
http://purl.obolibrary.org/obo/HP_0010079,Curved distal phalanx of the hallux,http://purl.obolibrary.org/obo/UBERON_0004315,
http://purl.obolibrary.org/obo/HP_0010080,Osteolytic defects of the distal phalanx of the hallux,http://purl.obolibrary.org/obo/UBERON_0004315,
http://purl.obolibrary.org/obo/HP_0010081,Patchy sclerosis of the distal phalanx of the hallux,http://purl.obolibrary.org/obo/UBERON_0004315,
http://purl.obolibrary.org/obo/HP_0010082,Symphalangism affecting the distal phalanx of the hallux,http://purl.obolibrary.org/obo/UBERON_0004315,
http://purl.obolibrary.org/obo/HP_0010083,Triangular shaped distal phalanx of the hallux,http://purl.obolibrary.org/obo/UBERON_0004315,
http://purl.obolibrary.org/obo/HP_0010085,Aplasia/Hypoplasia of the proximal phalanx of the hallux,http://purl.obolibrary.org/obo/UBERON_0004332,
http://purl.obolibrary.org/obo/HP_0010086,Broad proximal phalanx of the hallux,http://purl.obolibrary.org/obo/UBERON_0004332,
http://purl.obolibrary.org/obo/HP_0010087,Bullet-shaped proximal phalanx of the hallux,http://purl.obolibrary.org/obo/UBERON_0004332,
http://purl.obolibrary.org/obo/HP_0010088,Curved proximal phalanx of the hallux,http://purl.obolibrary.org/obo/UBERON_0004332,
http://purl.obolibrary.org/obo/HP_0010089,Osteolytic defects of the proximal phalanx of the hallux,http://purl.obolibrary.org/obo/UBERON_0004332,
http://purl.obolibrary.org/obo/HP_0010090,Patchy sclerosis of the proximal phalanx of the hallux,http://purl.obolibrary.org/obo/UBERON_0004332,
http://purl.obolibrary.org/obo/HP_0010091,Symphalangism affecting the proximal phalanx of the hallux,http://purl.obolibrary.org/obo/UBERON_0004332,
http://purl.obolibrary.org/obo/HP_0010092,Triangular shaped proximal phalanx of the hallux,http://purl.obolibrary.org/obo/UBERON_0004332,
http://purl.obolibrary.org/obo/HP_0010094,Complete duplication of the proximal phalanx of the hallux,http://purl.obolibrary.org/obo/UBERON_0004332,
http://purl.obolibrary.org/obo/HP_0010096,Complete duplication of the distal phalanx of the hallux,http://purl.obolibrary.org/obo/UBERON_0004315,
http://purl.obolibrary.org/obo/HP_0010098,Complete duplication of the 1st metatarsal,http://purl.obolibrary.org/obo/UBERON_0003650,
http://purl.obolibrary.org/obo/HP_0010100,Complete duplication of hallux phalanx,http://purl.obolibrary.org/obo/UBERON_0003640,
http://purl.obolibrary.org/obo/HP_0010102,Aplasia of the distal phalanx of the hallux,http://purl.obolibrary.org/obo/UBERON_0004315,
http://purl.obolibrary.org/obo/HP_0010103,Short distal phalanx of hallux,http://purl.obolibrary.org/obo/UBERON_0004315,
http://purl.obolibrary.org/obo/HP_0010104,Absent first metatarsal,http://purl.obolibrary.org/obo/UBERON_0003650,
http://purl.obolibrary.org/obo/HP_0010105,Short first metatarsal,http://purl.obolibrary.org/obo/UBERON_0003650,
http://purl.obolibrary.org/obo/HP_0010106,Aplasia of the proximal phalanx of the hallux,http://purl.obolibrary.org/obo/UBERON_0004332,
http://purl.obolibrary.org/obo/HP_0010107,Short proximal phalanx of hallux,http://purl.obolibrary.org/obo/UBERON_0004332,
http://purl.obolibrary.org/obo/HP_0010109,Short hallux,http://purl.obolibrary.org/obo/UBERON_0003631,
http://purl.obolibrary.org/obo/HP_0010110,Aplasia of the phalanges of the hallux,http://purl.obolibrary.org/obo/UBERON_0003640,
http://purl.obolibrary.org/obo/HP_0010111,Short phalanx of hallux,http://purl.obolibrary.org/obo/UBERON_0003640,
http://purl.obolibrary.org/obo/HP_0010112,Mesoaxial foot polydactyly,http://purl.obolibrary.org/obo/UBERON_0019242,
http://purl.obolibrary.org/obo/HP_0010113,Absent hallux epiphysis,http://purl.obolibrary.org/obo/UBERON_0001437,
http://purl.obolibrary.org/obo/HP_0010114,Bracket epiphyses of the hallux,http://purl.obolibrary.org/obo/UBERON_0001437,
http://purl.obolibrary.org/obo/HP_0010115,Cone-shaped epiphyses of the hallux,http://purl.obolibrary.org/obo/UBERON_0001437,
http://purl.obolibrary.org/obo/HP_0010116,Enlarged epiphyses of the hallux,http://purl.obolibrary.org/obo/UBERON_0001437,
http://purl.obolibrary.org/obo/HP_0010117,Fragmentation of the epiphyses of the hallux,http://purl.obolibrary.org/obo/UBERON_0001437,
http://purl.obolibrary.org/obo/HP_0010118,Irregular epiphyses of the hallux,http://purl.obolibrary.org/obo/UBERON_0001437,
http://purl.obolibrary.org/obo/HP_0010119,Ivory epiphyses of the hallux,http://purl.obolibrary.org/obo/UBERON_0001437,
http://purl.obolibrary.org/obo/HP_0010120,Pseudoepiphyses of the hallux,http://purl.obolibrary.org/obo/UBERON_0003640,
http://purl.obolibrary.org/obo/HP_0010121,Small epiphyses of the hallux,http://purl.obolibrary.org/obo/UBERON_0001437,
http://purl.obolibrary.org/obo/HP_0010122,Stippling of the epiphyses of the hallux,http://purl.obolibrary.org/obo/UBERON_0001437,
http://purl.obolibrary.org/obo/HP_0010123,Triangular epiphyses of the hallux,http://purl.obolibrary.org/obo/UBERON_0001437,
http://purl.obolibrary.org/obo/HP_0010124,Abnormality of the epiphysis of the distal phalanx of the hallux,http://purl.obolibrary.org/obo/UBERON_0001437,
http://purl.obolibrary.org/obo/HP_0010125,Abnormality of the epiphysis of the 1st metatarsal,http://purl.obolibrary.org/obo/UBERON_0004395,
http://purl.obolibrary.org/obo/HP_0010126,Abnormality of the epiphysis of the proximal phalanx of the hallux,http://purl.obolibrary.org/obo/UBERON_0001437,
http://purl.obolibrary.org/obo/HP_0010127,Absent epiphysis of the proximal phalanx of the hallux,http://purl.obolibrary.org/obo/UBERON_0001437,
http://purl.obolibrary.org/obo/HP_0010128,Bracket epiphysis of the proximal phalanx of the hallux,http://purl.obolibrary.org/obo/UBERON_0001437,
http://purl.obolibrary.org/obo/HP_0010129,Cone-shaped epiphysis of the proximal phalanx of the hallux,http://purl.obolibrary.org/obo/UBERON_0001437,
http://purl.obolibrary.org/obo/HP_0010130,Enlarged epiphysis of the proximal phalanx of the hallux,http://purl.obolibrary.org/obo/UBERON_0001437,
http://purl.obolibrary.org/obo/HP_0010131,Fragmentation of the epiphysis of the proximal phalanx of the hallux,http://purl.obolibrary.org/obo/UBERON_0001437,
http://purl.obolibrary.org/obo/HP_0010132,Irregular epiphysis of the proximal phalanx of the hallux,http://purl.obolibrary.org/obo/UBERON_0001437,
http://purl.obolibrary.org/obo/HP_0010133,Ivory epiphysis of the proximal phalanx of the hallux,http://purl.obolibrary.org/obo/UBERON_0001437,
http://purl.obolibrary.org/obo/HP_0010134,Pseudoepiphysis of the proximal phalanx of the hallux,http://purl.obolibrary.org/obo/UBERON_0004332,
http://purl.obolibrary.org/obo/HP_0010135,Small epiphysis of the proximal phalanx of the hallux,http://purl.obolibrary.org/obo/UBERON_0001437,
http://purl.obolibrary.org/obo/HP_0010136,Stippling of the epiphysis of the proximal phalanx of the hallux,http://purl.obolibrary.org/obo/UBERON_0001437,
http://purl.obolibrary.org/obo/HP_0010137,Triangular epiphysis of the proximal phalanx of the hallux,http://purl.obolibrary.org/obo/UBERON_0001437,
http://purl.obolibrary.org/obo/HP_0010138,Absent epiphysis of the distal phalanx of the hallux,http://purl.obolibrary.org/obo/UBERON_0001437,
http://purl.obolibrary.org/obo/HP_0010139,Bracket epiphysis of the distal phalanx of the hallux,http://purl.obolibrary.org/obo/UBERON_0001437,
http://purl.obolibrary.org/obo/HP_0010140,Cone-shaped epiphysis of the distal phalanx of the hallux,http://purl.obolibrary.org/obo/UBERON_0001437,
http://purl.obolibrary.org/obo/HP_0010141,Enlarged epiphysis of the distal phalanx of the hallux,http://purl.obolibrary.org/obo/UBERON_0001437,
http://purl.obolibrary.org/obo/HP_0010142,Fragmentation of the epiphysis of the distal phalanx of the hallux,http://purl.obolibrary.org/obo/UBERON_0001437,
http://purl.obolibrary.org/obo/HP_0010143,Irregular epiphysis of the distal phalanx of the hallux,http://purl.obolibrary.org/obo/UBERON_0001437,
http://purl.obolibrary.org/obo/HP_0010144,Ivory epiphysis of the distal phalanx of the hallux,http://purl.obolibrary.org/obo/UBERON_0001437,
http://purl.obolibrary.org/obo/HP_0010145,Pseudoepiphysis of the distal phalanx of the hallux,http://purl.obolibrary.org/obo/UBERON_0004315,
http://purl.obolibrary.org/obo/HP_0010146,Small epiphysis of the distal phalanx of the hallux,http://purl.obolibrary.org/obo/UBERON_0001437,
http://purl.obolibrary.org/obo/HP_0010147,Stippling of the epiphysis of the distal phalanx of the hallux,http://purl.obolibrary.org/obo/UBERON_0001437,
http://purl.obolibrary.org/obo/HP_0010148,Triangular epiphysis of the distal phalanx of the hallux,http://purl.obolibrary.org/obo/UBERON_0001437,
http://purl.obolibrary.org/obo/HP_0010149,Absent epiphysis of the 1st metatarsal,http://purl.obolibrary.org/obo/UBERON_0004395,
http://purl.obolibrary.org/obo/HP_0010150,Bracket epiphysis of the 1st metatarsal,http://purl.obolibrary.org/obo/UBERON_0004395,
http://purl.obolibrary.org/obo/HP_0010151,Cone-shaped epiphysis of the 1st metatarsal,http://purl.obolibrary.org/obo/UBERON_0004395,
http://purl.obolibrary.org/obo/HP_0010152,Enlarged epiphysis of the 1st metatarsal,http://purl.obolibrary.org/obo/UBERON_0004395,
http://purl.obolibrary.org/obo/HP_0010153,Fragmentation of the epiphysis of the 1st metatarsal,http://purl.obolibrary.org/obo/UBERON_0004395,
http://purl.obolibrary.org/obo/HP_0010154,Irregular epiphysis of the 1st metatarsal,http://purl.obolibrary.org/obo/UBERON_0004395,
http://purl.obolibrary.org/obo/HP_0010155,Ivory epiphysis of the 1st metatarsal,http://purl.obolibrary.org/obo/UBERON_0004395,
http://purl.obolibrary.org/obo/HP_0010156,Pseudoepiphysis of the 1st metatarsal,http://purl.obolibrary.org/obo/UBERON_0004395,
http://purl.obolibrary.org/obo/HP_0010157,Small epiphysis of the 1st metatarsal,http://purl.obolibrary.org/obo/UBERON_0004395,
http://purl.obolibrary.org/obo/HP_0010158,Stippling of the epiphysis of the 1st metatarsal,http://purl.obolibrary.org/obo/UBERON_0004395,
http://purl.obolibrary.org/obo/HP_0010159,Triangular epiphysis of the 1st metatarsal,http://purl.obolibrary.org/obo/UBERON_0004395,
http://purl.obolibrary.org/obo/HP_0010160,Abnormal toe epiphysis morphology,http://purl.obolibrary.org/obo/UBERON_0001437,
http://purl.obolibrary.org/obo/HP_0010161,Abnormal toe phalanx morphology,http://purl.obolibrary.org/obo/UBERON_0001449,
http://purl.obolibrary.org/obo/HP_0010162,Absent epiphyses of the toes,http://purl.obolibrary.org/obo/UBERON_0001437,
http://purl.obolibrary.org/obo/HP_0010163,Bracket epiphyses of the toes,http://purl.obolibrary.org/obo/UBERON_0001437,
http://purl.obolibrary.org/obo/HP_0010164,Cone-shaped epiphyses of the toes,http://purl.obolibrary.org/obo/UBERON_0001437,
http://purl.obolibrary.org/obo/HP_0010165,Enlarged epiphyses of the toes,http://purl.obolibrary.org/obo/UBERON_0001437,
http://purl.obolibrary.org/obo/HP_0010166,Fragmentation of the epiphyses of the toes,http://purl.obolibrary.org/obo/UBERON_0001437,
http://purl.obolibrary.org/obo/HP_0010167,Irregular epiphyses of the toes,http://purl.obolibrary.org/obo/UBERON_0001437,
http://purl.obolibrary.org/obo/HP_0010168,Ivory epiphyses of the toes,http://purl.obolibrary.org/obo/UBERON_0001437,
http://purl.obolibrary.org/obo/HP_0010169,Pseudoepiphyses of the toes,http://purl.obolibrary.org/obo/UBERON_0001449,
http://purl.obolibrary.org/obo/HP_0010170,Small epiphyses of the toes,http://purl.obolibrary.org/obo/UBERON_0001437,
http://purl.obolibrary.org/obo/HP_0010171,Epiphyseal stippling of toe phalanges,http://purl.obolibrary.org/obo/UBERON_0001437,
http://purl.obolibrary.org/obo/HP_0010172,Triangular epiphyses of the toes,http://purl.obolibrary.org/obo/UBERON_0001437,
http://purl.obolibrary.org/obo/HP_0010173,Aplasia/Hypoplasia of the phalanges of the toes,http://purl.obolibrary.org/obo/UBERON_0001449,
http://purl.obolibrary.org/obo/HP_0010174,Broad phalanx of the toes,http://purl.obolibrary.org/obo/UBERON_0001449,
http://purl.obolibrary.org/obo/HP_0010175,Bullet-shaped toe phalanx,http://purl.obolibrary.org/obo/UBERON_0001449,
http://purl.obolibrary.org/obo/HP_0010176,Curved toe phalanx,http://purl.obolibrary.org/obo/UBERON_0001449,
http://purl.obolibrary.org/obo/HP_0010177,Osteolytic defects of the phalanges of the toes,http://purl.obolibrary.org/obo/UBERON_0001449,
http://purl.obolibrary.org/obo/HP_0010179,Symphalangism affecting the phalanges of the toes,http://purl.obolibrary.org/obo/UBERON_0001449,
http://purl.obolibrary.org/obo/HP_0010180,Triangular shaped phalanges of the toes,http://purl.obolibrary.org/obo/UBERON_0001449,
http://purl.obolibrary.org/obo/HP_0010181,Duplication of phalanx of toe,http://purl.obolibrary.org/obo/UBERON_0001449,
http://purl.obolibrary.org/obo/HP_0010182,Abnormality of the distal phalanges of the toes,http://purl.obolibrary.org/obo/UBERON_0003867,
http://purl.obolibrary.org/obo/HP_0010183,Abnormality of the middle phalanges of the toes,http://purl.obolibrary.org/obo/UBERON_0003866,
http://purl.obolibrary.org/obo/HP_0010184,Abnormality of toe proximal phalanx,http://purl.obolibrary.org/obo/UBERON_0003868,
http://purl.obolibrary.org/obo/HP_0010185,Aplasia/Hypoplasia of the distal phalanges of the toes,http://purl.obolibrary.org/obo/UBERON_0003867,
http://purl.obolibrary.org/obo/HP_0010186,Broad distal phalanx of the toes,http://purl.obolibrary.org/obo/UBERON_0003867,
http://purl.obolibrary.org/obo/HP_0010187,Bullet-shaped distal toe phalanx,http://purl.obolibrary.org/obo/UBERON_0003867,
http://purl.obolibrary.org/obo/HP_0010188,Curved distal toe phalanx,http://purl.obolibrary.org/obo/UBERON_0003867,
http://purl.obolibrary.org/obo/HP_0010189,Osteolytic defects of the distal phalanges of the toes,http://purl.obolibrary.org/obo/UBERON_0003867,
http://purl.obolibrary.org/obo/HP_0010190,Patchy sclerosis of distal toe phalanx,http://purl.obolibrary.org/obo/UBERON_0003867,
http://purl.obolibrary.org/obo/HP_0010191,Symphalangism affecting the distal phalanges of the toes,http://purl.obolibrary.org/obo/UBERON_0003867,
http://purl.obolibrary.org/obo/HP_0010192,Triangular shaped distal phalanges of the toes,http://purl.obolibrary.org/obo/UBERON_0003867,
http://purl.obolibrary.org/obo/HP_0010193,Duplication of distal phalanx of toe,http://purl.obolibrary.org/obo/UBERON_0003867,
http://purl.obolibrary.org/obo/HP_0010194,Aplasia/Hypoplasia of the middle phalanges of the toes,http://purl.obolibrary.org/obo/UBERON_0003866,
http://purl.obolibrary.org/obo/HP_0010195,Broad middle phalanges of the toes,http://purl.obolibrary.org/obo/UBERON_0003866,
http://purl.obolibrary.org/obo/HP_0010196,Bullet-shaped middle toe phalanx,http://purl.obolibrary.org/obo/UBERON_0003866,
http://purl.obolibrary.org/obo/HP_0010197,Curved middle toe phalanx,http://purl.obolibrary.org/obo/UBERON_0003866,
http://purl.obolibrary.org/obo/HP_0010198,Osteolytic defects of the middle phalanges of the toes,http://purl.obolibrary.org/obo/UBERON_0003866,
http://purl.obolibrary.org/obo/HP_0010199,Patchy sclerosis of middle toe phalanx,http://purl.obolibrary.org/obo/UBERON_0003866,
http://purl.obolibrary.org/obo/HP_0010200,Symphalangism affecting the middle phalanges of the toes,http://purl.obolibrary.org/obo/UBERON_0003866,
http://purl.obolibrary.org/obo/HP_0010201,Triangular shaped middle phalanges of the toes,http://purl.obolibrary.org/obo/UBERON_0003866,
http://purl.obolibrary.org/obo/HP_0010202,Duplication of middle phalanx of toe,http://purl.obolibrary.org/obo/UBERON_0003866,
http://purl.obolibrary.org/obo/HP_0010203,Aplasia/hypoplasia of proximal toe phalanx,http://purl.obolibrary.org/obo/UBERON_0003868,
http://purl.obolibrary.org/obo/HP_0010204,Broad proximal phalanx of toe,http://purl.obolibrary.org/obo/UBERON_0003868,
http://purl.obolibrary.org/obo/HP_0010205,Bullet-shaped proximal toe phalanx,http://purl.obolibrary.org/obo/UBERON_0003868,
http://purl.obolibrary.org/obo/HP_0010206,Curved proximal toe phalanx,http://purl.obolibrary.org/obo/UBERON_0003868,
http://purl.obolibrary.org/obo/HP_0010207,Osteolytic defect of the proximal toe phalanx,http://purl.obolibrary.org/obo/UBERON_0003868,
http://purl.obolibrary.org/obo/HP_0010208,Patchy sclerosis of proximal toe phalanx,http://purl.obolibrary.org/obo/UBERON_0003868,
http://purl.obolibrary.org/obo/HP_0010209,Symphalangism affecting the proximal phalanges of the toes,http://purl.obolibrary.org/obo/UBERON_0003868,
http://purl.obolibrary.org/obo/HP_0010210,Triangular shaped proximal phalanges of the toes,http://purl.obolibrary.org/obo/UBERON_0003868,
http://purl.obolibrary.org/obo/HP_0010211,Duplication of proximal phalanx of toe,http://purl.obolibrary.org/obo/UBERON_0003868,
http://purl.obolibrary.org/obo/HP_0010212,Flexion contracture of the hallux,http://purl.obolibrary.org/obo/UBERON_0000982,
http://purl.obolibrary.org/obo/HP_0010213,Contracture of the tarsometatarsal joint of the hallux,http://purl.obolibrary.org/obo/UBERON_0011118,
http://purl.obolibrary.org/obo/HP_0010214,Contracture of the interphalangeal joint of the hallux,http://purl.obolibrary.org/obo/UBERON_0006658,
http://purl.obolibrary.org/obo/HP_0010215,Contractures of the metatarsophalangeal joint of the hallux,http://purl.obolibrary.org/obo/UBERON_0000043,
http://purl.obolibrary.org/obo/HP_0010220,Abnormality of the epiphysis of the 2nd metacarpal,http://purl.obolibrary.org/obo/UBERON_0001437,
http://purl.obolibrary.org/obo/HP_0010222,Abnormal 3rd metacarpal epiphysis morphology,http://purl.obolibrary.org/obo/UBERON_0004390,
http://purl.obolibrary.org/obo/HP_0010224,Abnormal 4th metacarpal epiphysis morphology,http://purl.obolibrary.org/obo/UBERON_0001437,
http://purl.obolibrary.org/obo/HP_0010226,Abnormal 5th metacarpal epiphysis morphology,http://purl.obolibrary.org/obo/UBERON_0004390,
http://purl.obolibrary.org/obo/HP_0010228,Absent epiphyses of the phalanges of the hand,http://purl.obolibrary.org/obo/UBERON_0004387,
http://purl.obolibrary.org/obo/HP_0010229,Bracket epiphyses of the phalanges of the hand,http://purl.obolibrary.org/obo/UBERON_0004387,
http://purl.obolibrary.org/obo/HP_0010230,Cone-shaped epiphyses of the phalanges of the hand,http://purl.obolibrary.org/obo/UBERON_0004387,
http://purl.obolibrary.org/obo/HP_0010231,Enlarged epiphyses of the phalanges of the hand,http://purl.obolibrary.org/obo/UBERON_0004387,
http://purl.obolibrary.org/obo/HP_0010232,Fragmentation of the epiphyses of the phalanges of the hand,http://purl.obolibrary.org/obo/UBERON_0004387,
http://purl.obolibrary.org/obo/HP_0010233,Irregular epiphyses of the phalanges of the hand,http://purl.obolibrary.org/obo/UBERON_0004387,
http://purl.obolibrary.org/obo/HP_0010234,Ivory epiphyses of the phalanges of the hand,http://purl.obolibrary.org/obo/UBERON_0004387,
http://purl.obolibrary.org/obo/HP_0010235,Pseudoepiphyses of the phalanges of the hand,http://purl.obolibrary.org/obo/UBERON_0001436,
http://purl.obolibrary.org/obo/HP_0010236,Small epiphyses of the phalanges of the hand,http://purl.obolibrary.org/obo/UBERON_0004387,
http://purl.obolibrary.org/obo/HP_0010237,Epiphyseal stippling of finger phalanges,http://purl.obolibrary.org/obo/UBERON_0004387,
http://purl.obolibrary.org/obo/HP_0010238,Triangular epiphyses of the phalanges of the hand,http://purl.obolibrary.org/obo/UBERON_0004387,
http://purl.obolibrary.org/obo/HP_0010239,Aplasia of the middle phalanx of the hand,http://purl.obolibrary.org/obo/UBERON_0003864,
http://purl.obolibrary.org/obo/HP_0010241,Short proximal phalanx of finger,http://purl.obolibrary.org/obo/UBERON_0002234,
http://purl.obolibrary.org/obo/HP_0010242,Aplasia of the proximal phalanges of the hand,http://purl.obolibrary.org/obo/UBERON_0002234,
http://purl.obolibrary.org/obo/HP_0010243,Abnormality of the epiphyses of the distal phalanx of finger,http://purl.obolibrary.org/obo/UBERON_0004387,
http://purl.obolibrary.org/obo/HP_0010244,Abnormality of the epiphyses of the middle phalanges of the hand,http://purl.obolibrary.org/obo/UBERON_0004387,
http://purl.obolibrary.org/obo/HP_0010245,Abnormality of the epiphyses of the proximal phalanges of the hand,http://purl.obolibrary.org/obo/UBERON_0004387,
http://purl.obolibrary.org/obo/HP_0010246,Absent epiphyses of the distal phalanges of the hand,http://purl.obolibrary.org/obo/UBERON_0004387,
http://purl.obolibrary.org/obo/HP_0010247,Bracket epiphyses of the distal phalanges of the hand,http://purl.obolibrary.org/obo/UBERON_0004387,
http://purl.obolibrary.org/obo/HP_0010248,Cone-shaped epiphyses of the distal phalanges of the hand,http://purl.obolibrary.org/obo/UBERON_0004387,
http://purl.obolibrary.org/obo/HP_0010249,Enlarged epiphyses of the distal phalanges of the hand,http://purl.obolibrary.org/obo/UBERON_0004387,
http://purl.obolibrary.org/obo/HP_0010250,Fragmentation of the epiphyses of the distal phalanges of the hand,http://purl.obolibrary.org/obo/UBERON_0004387,
http://purl.obolibrary.org/obo/HP_0010251,Irregular epiphyses of the distal phalanges of the hand,http://purl.obolibrary.org/obo/UBERON_0004387,
http://purl.obolibrary.org/obo/HP_0010252,Ivory epiphyses of the distal phalanges of the hand,http://purl.obolibrary.org/obo/UBERON_0004387,
http://purl.obolibrary.org/obo/HP_0010253,Pseudoepiphyses of the distal phalanges of the hand,http://purl.obolibrary.org/obo/UBERON_0003865,
http://purl.obolibrary.org/obo/HP_0010254,Small epiphyses of the distal phalanges of the hand,http://purl.obolibrary.org/obo/UBERON_0004387,
http://purl.obolibrary.org/obo/HP_0010255,Stippling of the epiphyses of the distal phalanges of the hand,http://purl.obolibrary.org/obo/UBERON_0004387,
http://purl.obolibrary.org/obo/HP_0010256,Triangular epiphyses of the distal phalanges of the hand,http://purl.obolibrary.org/obo/UBERON_0004387,
http://purl.obolibrary.org/obo/HP_0010257,Absent epiphyses of the middle phalanges of the hand,http://purl.obolibrary.org/obo/UBERON_0003864,
http://purl.obolibrary.org/obo/HP_0010257,Absent epiphyses of the middle phalanges of the hand,http://purl.obolibrary.org/obo/UBERON_0004387,
http://purl.obolibrary.org/obo/HP_0010258,Bracket epiphyses of the middle phalanges of the hand,http://purl.obolibrary.org/obo/UBERON_0004387,
http://purl.obolibrary.org/obo/HP_0010259,Cone-shaped epiphyses of the middle phalanges of the hand,http://purl.obolibrary.org/obo/UBERON_0004387,
http://purl.obolibrary.org/obo/HP_0010260,Enlarged epiphyses of the middle phalanges of the hand,http://purl.obolibrary.org/obo/UBERON_0004387,
http://purl.obolibrary.org/obo/HP_0010261,Fragmentation of the epiphyses of the middle phalanges of the hand,http://purl.obolibrary.org/obo/UBERON_0004387,
http://purl.obolibrary.org/obo/HP_0010262,Irregular epiphyses of the middle phalanges of the hand,http://purl.obolibrary.org/obo/UBERON_0004387,
http://purl.obolibrary.org/obo/HP_0010263,Ivory epiphyses of the middle phalanges of the hand,http://purl.obolibrary.org/obo/UBERON_0004387,
http://purl.obolibrary.org/obo/HP_0010264,Pseudoepiphyses of the middle phalanges of the hand,http://purl.obolibrary.org/obo/UBERON_0003864,
http://purl.obolibrary.org/obo/HP_0010265,Small epiphyses of the middle phalanges of the hand,http://purl.obolibrary.org/obo/UBERON_0004387,
http://purl.obolibrary.org/obo/HP_0010266,Stippling of the epiphyses of the middle phalanges of the hand,http://purl.obolibrary.org/obo/UBERON_0004387,
http://purl.obolibrary.org/obo/HP_0010267,Triangular epiphyses of the middle phalanges of the hand,http://purl.obolibrary.org/obo/UBERON_0004387,
http://purl.obolibrary.org/obo/HP_0010268,Absent epiphyses of the proximal phalanges of the hand,http://purl.obolibrary.org/obo/UBERON_0004387,
http://purl.obolibrary.org/obo/HP_0010269,Bracket epiphyses of the proximal phalanges of the hand,http://purl.obolibrary.org/obo/UBERON_0004387,
http://purl.obolibrary.org/obo/HP_0010270,Cone-shaped epiphyses of the proximal phalanges of the hand,http://purl.obolibrary.org/obo/UBERON_0004387,
http://purl.obolibrary.org/obo/HP_0010271,Enlarged epiphyses of the proximal phalanges of the hand,http://purl.obolibrary.org/obo/UBERON_0004387,
http://purl.obolibrary.org/obo/HP_0010272,Fragmentation of the epiphyses of the proximal phalanges of the hand,http://purl.obolibrary.org/obo/UBERON_0002234,
http://purl.obolibrary.org/obo/HP_0010273,Irregular epiphyses of the proximal phalanges of the hand,http://purl.obolibrary.org/obo/UBERON_0004387,
http://purl.obolibrary.org/obo/HP_0010274,Ivory epiphyses of the proximal phalanges of the hand,http://purl.obolibrary.org/obo/UBERON_0004387,
http://purl.obolibrary.org/obo/HP_0010275,Pseudoepiphyses of the proximal phalanges of the hand,http://purl.obolibrary.org/obo/UBERON_0002234,
http://purl.obolibrary.org/obo/HP_0010276,Small epiphyses of the proximal phalanges of the hand,http://purl.obolibrary.org/obo/UBERON_0004387,
http://purl.obolibrary.org/obo/HP_0010277,Stippling of the epiphyses of the proximal phalanges of the hand,http://purl.obolibrary.org/obo/UBERON_0004387,
http://purl.obolibrary.org/obo/HP_0010278,Triangular epiphyses of the proximal phalanges of the hand,http://purl.obolibrary.org/obo/UBERON_0004387,
http://purl.obolibrary.org/obo/HP_0010280,Stomatitis,http://purl.obolibrary.org/obo/UBERON_0003729,
http://purl.obolibrary.org/obo/HP_0010281,Cleft lower lip,http://purl.obolibrary.org/obo/UBERON_0001835,
http://purl.obolibrary.org/obo/HP_0010282,Thin lower lip vermilion,http://purl.obolibrary.org/obo/UBERON_0001835,
http://purl.obolibrary.org/obo/HP_0010286,Abnormal salivary gland morphology,http://purl.obolibrary.org/obo/UBERON_0001044,
http://purl.obolibrary.org/obo/HP_0010287,Abnormality of the submandibular glands,http://purl.obolibrary.org/obo/UBERON_0001736,
http://purl.obolibrary.org/obo/HP_0010288,Abnormality of the sublingual glands,http://purl.obolibrary.org/obo/UBERON_0001832,
http://purl.obolibrary.org/obo/HP_0010289,Cleft maxillary alveolar ridge,http://purl.obolibrary.org/obo/UBERON_0004103,
http://purl.obolibrary.org/obo/HP_0010290,Short hard palate,http://purl.obolibrary.org/obo/UBERON_0003216,
http://purl.obolibrary.org/obo/HP_0010292,Absent uvula,http://purl.obolibrary.org/obo/UBERON_0001734,
http://purl.obolibrary.org/obo/HP_0010293,Aplasia/Hypoplasia of the uvula,http://purl.obolibrary.org/obo/UBERON_0001734,
http://purl.obolibrary.org/obo/HP_0010294,Palate fistula,http://purl.obolibrary.org/obo/UBERON_0001716,
http://purl.obolibrary.org/obo/HP_0010295,Aplasia/Hypoplasia of the tongue,http://purl.obolibrary.org/obo/UBERON_0001723,
http://purl.obolibrary.org/obo/HP_0010297,Bifid tongue,http://purl.obolibrary.org/obo/UBERON_0001723,
http://purl.obolibrary.org/obo/HP_0010298,Smooth tongue,http://purl.obolibrary.org/obo/UBERON_0001723,
http://purl.obolibrary.org/obo/HP_0010299,Abnormal dentin morphology,http://purl.obolibrary.org/obo/UBERON_0001751,
http://purl.obolibrary.org/obo/HP_0010301,Spinal dysraphism,http://purl.obolibrary.org/obo/UBERON_0010358,
http://purl.obolibrary.org/obo/HP_0010303,Abnormal spinal meningeal morphology,http://purl.obolibrary.org/obo/UBERON_0003292,
http://purl.obolibrary.org/obo/HP_0010305,Absence of the sacrum,http://purl.obolibrary.org/obo/UBERON_0003690,
http://purl.obolibrary.org/obo/HP_0010306,Short thorax,http://purl.obolibrary.org/obo/UBERON_0001443,
http://purl.obolibrary.org/obo/HP_0010308,Asternia,http://purl.obolibrary.org/obo/UBERON_0000975,
http://purl.obolibrary.org/obo/HP_0010309,Bifid sternum,http://purl.obolibrary.org/obo/UBERON_0000975,
http://purl.obolibrary.org/obo/HP_0010311,Aplasia/Hypoplasia of the breasts,http://purl.obolibrary.org/obo/UBERON_0000310,
http://purl.obolibrary.org/obo/HP_0010312,Asymmetry of the breasts,http://purl.obolibrary.org/obo/UBERON_0000310,
http://purl.obolibrary.org/obo/HP_0010313,Breast hypertrophy,http://purl.obolibrary.org/obo/UBERON_0000310,
http://purl.obolibrary.org/obo/HP_0010315,Aplasia/Hypoplasia of the diaphragm,http://purl.obolibrary.org/obo/UBERON_0001103,
http://purl.obolibrary.org/obo/HP_0010317,Scapular aplasia,http://purl.obolibrary.org/obo/UBERON_0006849,
http://purl.obolibrary.org/obo/HP_0010318,Aplasia/Hypoplasia of the abdominal wall musculature,http://purl.obolibrary.org/obo/UBERON_0001015,
http://purl.obolibrary.org/obo/HP_0010319,Abnormal second toe morphology,http://purl.obolibrary.org/obo/UBERON_0003632,
http://purl.obolibrary.org/obo/HP_0010320,Abnormal third toe morphology,http://purl.obolibrary.org/obo/UBERON_0003633,
http://purl.obolibrary.org/obo/HP_0010321,Abnormal fourth toe morphology,http://purl.obolibrary.org/obo/UBERON_0003634,
http://purl.obolibrary.org/obo/HP_0010322,Abnormal fifth toe morphology,http://purl.obolibrary.org/obo/UBERON_0003635,
http://purl.obolibrary.org/obo/HP_0010323,Abnormality of the epiphyses of the 2nd toe,http://purl.obolibrary.org/obo/UBERON_0001437,
http://purl.obolibrary.org/obo/HP_0010324,Abnormal morphology of phalanx of the 2nd toe,http://purl.obolibrary.org/obo/UBERON_0003641,
http://purl.obolibrary.org/obo/HP_0010325,Aplasia/Hypoplasia of the 2nd toe,http://purl.obolibrary.org/obo/UBERON_0003632,
http://purl.obolibrary.org/obo/HP_0010326,Deviation of the 2nd toe,http://purl.obolibrary.org/obo/UBERON_0003632,
http://purl.obolibrary.org/obo/HP_0010327,Flexion contracture of the 2nd toe,http://purl.obolibrary.org/obo/UBERON_0000982,
http://purl.obolibrary.org/obo/HP_0010328,Polydactyly affecting the 2nd toe,http://purl.obolibrary.org/obo/UBERON_0003632,
http://purl.obolibrary.org/obo/HP_0010329,Abnormality of the epiphyses of the 3rd toe,http://purl.obolibrary.org/obo/UBERON_0001437,
http://purl.obolibrary.org/obo/HP_0010330,Abnormality of the phalanges of the 3rd toe,http://purl.obolibrary.org/obo/UBERON_0003642,
http://purl.obolibrary.org/obo/HP_0010331,Aplasia/Hypoplasia of the 3rd toe,http://purl.obolibrary.org/obo/UBERON_0003633,
http://purl.obolibrary.org/obo/HP_0010332,Deviation of the 3rd toe,http://purl.obolibrary.org/obo/UBERON_0003633,
http://purl.obolibrary.org/obo/HP_0010333,Flexion contracture of 3rd toe,http://purl.obolibrary.org/obo/UBERON_0000982,
http://purl.obolibrary.org/obo/HP_0010334,Polydactyly affecting the 3rd toe,http://purl.obolibrary.org/obo/UBERON_0003633,
http://purl.obolibrary.org/obo/HP_0010335,Abnormality of the epiphyses of the 4th toe,http://purl.obolibrary.org/obo/UBERON_0001437,
http://purl.obolibrary.org/obo/HP_0010336,Abnormality of the phalanges of the 4th toe,http://purl.obolibrary.org/obo/UBERON_0003862,
http://purl.obolibrary.org/obo/HP_0010337,Aplasia/Hypoplasia of the 4th toe,http://purl.obolibrary.org/obo/UBERON_0003634,
http://purl.obolibrary.org/obo/HP_0010338,Deviation of the 4th toe,http://purl.obolibrary.org/obo/UBERON_0003634,
http://purl.obolibrary.org/obo/HP_0010339,Flexion contracture of the 4th toe,http://purl.obolibrary.org/obo/UBERON_0000982,
http://purl.obolibrary.org/obo/HP_0010340,Polydactyly affecting the 4th toe,http://purl.obolibrary.org/obo/UBERON_0003634,
http://purl.obolibrary.org/obo/HP_0010341,Abnormality of the epiphyses of the 5th toe,http://purl.obolibrary.org/obo/UBERON_0001437,
http://purl.obolibrary.org/obo/HP_0010342,Abnormality of the phalanges of the 5th toe,http://purl.obolibrary.org/obo/UBERON_0003863,
http://purl.obolibrary.org/obo/HP_0010343,Aplasia/Hypoplasia of the 5th toe,http://purl.obolibrary.org/obo/UBERON_0003635,
http://purl.obolibrary.org/obo/HP_0010344,Deviation of the 5th toe,http://purl.obolibrary.org/obo/UBERON_0003635,
http://purl.obolibrary.org/obo/HP_0010345,Flexion contracture of the 5th toe,http://purl.obolibrary.org/obo/UBERON_0000982,
http://purl.obolibrary.org/obo/HP_0010347,Aplasia/Hypoplasia of the phalanges of the 2nd toe,http://purl.obolibrary.org/obo/UBERON_0003641,
http://purl.obolibrary.org/obo/HP_0010348,Broad phalanges of the 2nd toe,http://purl.obolibrary.org/obo/UBERON_0003641,
http://purl.obolibrary.org/obo/HP_0010349,Bullet-shaped 2nd toe phalanx,http://purl.obolibrary.org/obo/UBERON_0003641,
http://purl.obolibrary.org/obo/HP_0010350,Curved 2nd toe phalanx,http://purl.obolibrary.org/obo/UBERON_0003641,
http://purl.obolibrary.org/obo/HP_0010351,Osteolytic defects of the phalanges of the 2nd toe,http://purl.obolibrary.org/obo/UBERON_0003641,
http://purl.obolibrary.org/obo/HP_0010352,Patchy sclerosis of 2nd toe phalanx,http://purl.obolibrary.org/obo/UBERON_0003641,
http://purl.obolibrary.org/obo/HP_0010353,Second toe symphalangism,http://purl.obolibrary.org/obo/UBERON_0003641,
http://purl.obolibrary.org/obo/HP_0010354,Triangular shaped phalanges of the 2nd toe,http://purl.obolibrary.org/obo/UBERON_0003641,
http://purl.obolibrary.org/obo/HP_0010356,Abnormality of the distal phalanx of the 2nd toe,http://purl.obolibrary.org/obo/UBERON_0004316,
http://purl.obolibrary.org/obo/HP_0010357,Abnormality of the middle phalanx of the 2nd toe,http://purl.obolibrary.org/obo/UBERON_0004324,
http://purl.obolibrary.org/obo/HP_0010358,Abnormal morphology of the proximal phalanx of the 2nd toe,http://purl.obolibrary.org/obo/UBERON_0004333,
http://purl.obolibrary.org/obo/HP_0010359,Aplasia/Hypoplasia of the phalanges of the 3rd toe,http://purl.obolibrary.org/obo/UBERON_0003642,
http://purl.obolibrary.org/obo/HP_0010360,Broad phalanges of the 3rd toe,http://purl.obolibrary.org/obo/UBERON_0003642,
http://purl.obolibrary.org/obo/HP_0010361,Bullet-shaped 3rd toe phalanx,http://purl.obolibrary.org/obo/UBERON_0003642,
http://purl.obolibrary.org/obo/HP_0010362,Curved 3rd toe phalanx,http://purl.obolibrary.org/obo/UBERON_0003642,
http://purl.obolibrary.org/obo/HP_0010363,Osteolytic defects of the phalanges of the 3rd toe,http://purl.obolibrary.org/obo/UBERON_0003642,
http://purl.obolibrary.org/obo/HP_0010364,Patchy sclerosis of 3rd toe phalanx,http://purl.obolibrary.org/obo/UBERON_0003642,
http://purl.obolibrary.org/obo/HP_0010365,Symphalangism affecting the phalanges of the 3rd toe,http://purl.obolibrary.org/obo/UBERON_0003642,
http://purl.obolibrary.org/obo/HP_0010366,Triangular shaped phalanges of the 3rd toe,http://purl.obolibrary.org/obo/UBERON_0004334,
http://purl.obolibrary.org/obo/HP_0010367,Duplication of phalanx of the 3rd toe,http://purl.obolibrary.org/obo/UBERON_0003642,
http://purl.obolibrary.org/obo/HP_0010368,Abnormality of the distal phalanx of the 3rd toe,http://purl.obolibrary.org/obo/UBERON_0004317,
http://purl.obolibrary.org/obo/HP_0010369,Abnormality of the middle phalanx of the 3rd toe,http://purl.obolibrary.org/obo/UBERON_0004325,
http://purl.obolibrary.org/obo/HP_0010370,Abnormal morphology of the proximal phalanx of the 3rd toe,http://purl.obolibrary.org/obo/UBERON_0004334,
http://purl.obolibrary.org/obo/HP_0010371,Aplasia/Hypoplasia of the phalanges of the 4th toe,http://purl.obolibrary.org/obo/UBERON_0003862,
http://purl.obolibrary.org/obo/HP_0010372,Broad phalanges of the 4th toe,http://purl.obolibrary.org/obo/UBERON_0003862,
http://purl.obolibrary.org/obo/HP_0010373,Bullet-shaped 4th toe phalanx,http://purl.obolibrary.org/obo/UBERON_0003862,
http://purl.obolibrary.org/obo/HP_0010374,Curved 4th toe phalanx,http://purl.obolibrary.org/obo/UBERON_0003862,
http://purl.obolibrary.org/obo/HP_0010375,Osteolytic defects of the phalanges of the 4th toe,http://purl.obolibrary.org/obo/UBERON_0003862,
http://purl.obolibrary.org/obo/HP_0010376,Patchy sclerosis of 4th toe phalanx,http://purl.obolibrary.org/obo/UBERON_0003862,
http://purl.obolibrary.org/obo/HP_0010377,Symphalangism affecting the phalanges of the 4th toe,http://purl.obolibrary.org/obo/UBERON_0003862,
http://purl.obolibrary.org/obo/HP_0010378,Triangular shaped phalanges of the 4th toe,http://purl.obolibrary.org/obo/UBERON_0003862,
http://purl.obolibrary.org/obo/HP_0010379,Duplication of phalanx of the 4th toe,http://purl.obolibrary.org/obo/UBERON_0003862,
http://purl.obolibrary.org/obo/HP_0010380,Abnormality of the distal phalanx of the 4th toe,http://purl.obolibrary.org/obo/UBERON_0004318,
http://purl.obolibrary.org/obo/HP_0010381,Abnormality of the middle phalanx of the 4th toe,http://purl.obolibrary.org/obo/UBERON_0004326,
http://purl.obolibrary.org/obo/HP_0010382,Abnormal morphology of the proximal phalanx of the 4th toe,http://purl.obolibrary.org/obo/UBERON_0004335,
http://purl.obolibrary.org/obo/HP_0010383,Aplasia/Hypoplasia of the phalanges of the 5th toe,http://purl.obolibrary.org/obo/UBERON_0003863,
http://purl.obolibrary.org/obo/HP_0010384,Broad phalanges of the 5th toe,http://purl.obolibrary.org/obo/UBERON_0003863,
http://purl.obolibrary.org/obo/HP_0010385,Bullet-shaped 5th toe phalanx,http://purl.obolibrary.org/obo/UBERON_0003863,
http://purl.obolibrary.org/obo/HP_0010386,Curved 5th toe phalanx,http://purl.obolibrary.org/obo/UBERON_0003863,
http://purl.obolibrary.org/obo/HP_0010387,Osteolytic defects of the phalanges of the 5th toe,http://purl.obolibrary.org/obo/UBERON_0003863,
http://purl.obolibrary.org/obo/HP_0010388,Patchy sclerosis of 5th toe phalanx,http://purl.obolibrary.org/obo/UBERON_0003863,
http://purl.obolibrary.org/obo/HP_0010389,Symphalangism affecting the phalanges of the 5th toe,http://purl.obolibrary.org/obo/UBERON_0003863,
http://purl.obolibrary.org/obo/HP_0010390,Triangular shaped phalanges of the 5th toe,http://purl.obolibrary.org/obo/UBERON_0003863,
http://purl.obolibrary.org/obo/HP_0010391,Duplication of the phalanges of the 5th toe,http://purl.obolibrary.org/obo/UBERON_0003863,
http://purl.obolibrary.org/obo/HP_0010392,Abnormality of the distal phalanx of the 5th toe,http://purl.obolibrary.org/obo/UBERON_0004319,
http://purl.obolibrary.org/obo/HP_0010393,Abnormality of the middle phalanx of the 5th toe,http://purl.obolibrary.org/obo/UBERON_0004327,
http://purl.obolibrary.org/obo/HP_0010394,Abnormal morphology of the proximal phalanx of the 5th toe,http://purl.obolibrary.org/obo/UBERON_0004336,
http://purl.obolibrary.org/obo/HP_0010395,Aplasia/hypoplasia of the proximal phalanx of the 2nd toe,http://purl.obolibrary.org/obo/UBERON_0004333,
http://purl.obolibrary.org/obo/HP_0010396,Broad proximal phalanx of the 2nd toe,http://purl.obolibrary.org/obo/UBERON_0004333,
http://purl.obolibrary.org/obo/HP_0010397,Bullet-shaped proximal phalanx of the 2nd toe,http://purl.obolibrary.org/obo/UBERON_0004333,
http://purl.obolibrary.org/obo/HP_0010398,Curved proximal phalanx of the 2nd toe,http://purl.obolibrary.org/obo/UBERON_0004333,
http://purl.obolibrary.org/obo/HP_0010399,Osteolytic defects of the proximal phalanx of the 2nd toe,http://purl.obolibrary.org/obo/UBERON_0004333,
http://purl.obolibrary.org/obo/HP_0010400,Patchy sclerosis of the proximal phalanx of the 2nd toe,http://purl.obolibrary.org/obo/UBERON_0004333,
http://purl.obolibrary.org/obo/HP_0010401,Symphalangism affecting the proximal phalanx of the 2nd toe,http://purl.obolibrary.org/obo/UBERON_0004333,
http://purl.obolibrary.org/obo/HP_0010402,Triangular shaped proximal phalanx of the 2nd toe,http://purl.obolibrary.org/obo/UBERON_0004333,
http://purl.obolibrary.org/obo/HP_0010404,Aplasia/Hypoplasia of the middle phalanx of the 2nd toe,http://purl.obolibrary.org/obo/UBERON_0004324,
http://purl.obolibrary.org/obo/HP_0010405,Broad middle phalanx of the 2nd toe,http://purl.obolibrary.org/obo/UBERON_0004324,
http://purl.obolibrary.org/obo/HP_0010406,Bullet-shaped middle phalanx of the 2nd toe,http://purl.obolibrary.org/obo/UBERON_0004324,
http://purl.obolibrary.org/obo/HP_0010407,Curved middle phalanx of the 2nd toe,http://purl.obolibrary.org/obo/UBERON_0004324,
http://purl.obolibrary.org/obo/HP_0010408,Osteolytic defects of the middle phalanx of the 2nd toe,http://purl.obolibrary.org/obo/UBERON_0004324,
http://purl.obolibrary.org/obo/HP_0010409,Patchy sclerosis of the middle phalanx of the 2nd toe,http://purl.obolibrary.org/obo/UBERON_0004324,
http://purl.obolibrary.org/obo/HP_0010410,Symphalangism affecting the middle phalanx of the 2nd toe,http://purl.obolibrary.org/obo/UBERON_0004324,
http://purl.obolibrary.org/obo/HP_0010411,Triangular shaped middle phalanx of the 2nd toe,http://purl.obolibrary.org/obo/UBERON_0004324,
http://purl.obolibrary.org/obo/HP_0010413,Aplasia/Hypoplasia of the distal phalanx of the 2nd toe,http://purl.obolibrary.org/obo/UBERON_0004316,
http://purl.obolibrary.org/obo/HP_0010414,Broad distal phalanx of the 2nd toe,http://purl.obolibrary.org/obo/UBERON_0004316,
http://purl.obolibrary.org/obo/HP_0010415,Bullet-shaped distal phalanx of the 2nd toe,http://purl.obolibrary.org/obo/UBERON_0004316,
http://purl.obolibrary.org/obo/HP_0010416,Curved distal phalanx of the 2nd toe,http://purl.obolibrary.org/obo/UBERON_0004316,
http://purl.obolibrary.org/obo/HP_0010417,Osteolytic defects of the distal phalanx of the 2nd toe,http://purl.obolibrary.org/obo/UBERON_0004316,
http://purl.obolibrary.org/obo/HP_0010418,Patchy sclerosis of the distal phalanx of the 2nd toe,http://purl.obolibrary.org/obo/UBERON_0004316,
http://purl.obolibrary.org/obo/HP_0010419,Symphalangism affecting the distal phalanx of the 2nd toe,http://purl.obolibrary.org/obo/UBERON_0004316,
http://purl.obolibrary.org/obo/HP_0010419,Symphalangism affecting the distal phalanx of the 2nd toe,http://purl.obolibrary.org/obo/UBERON_0003641,
http://purl.obolibrary.org/obo/HP_0010420,Triangular shaped distal phalanx of the 2nd toe,http://purl.obolibrary.org/obo/UBERON_0004316,
http://purl.obolibrary.org/obo/HP_0010422,Complete duplication of the proximal phalanx of the 2nd toe,http://purl.obolibrary.org/obo/UBERON_0004333,
http://purl.obolibrary.org/obo/HP_0010424,Complete duplication of the distal phalanx of the 2nd toe,http://purl.obolibrary.org/obo/UBERON_0004316,
http://purl.obolibrary.org/obo/HP_0010426,Complete duplication of the middle phalanx of the 2nd toe,http://purl.obolibrary.org/obo/UBERON_0004324,
http://purl.obolibrary.org/obo/HP_0010429,Complete duplication of the phalanges of the 2nd toe,http://purl.obolibrary.org/obo/UBERON_0003641,
http://purl.obolibrary.org/obo/HP_0010430,Aplasia of the phalanges of the 2nd toe,http://purl.obolibrary.org/obo/UBERON_0003641,
http://purl.obolibrary.org/obo/HP_0010431,Short phalanx of the 2nd toe,http://purl.obolibrary.org/obo/UBERON_0003641,
http://purl.obolibrary.org/obo/HP_0010432,Absent distal phalanx of the 2nd toe,http://purl.obolibrary.org/obo/UBERON_0004316,
http://purl.obolibrary.org/obo/HP_0010433,Short distal phalanx of the 2nd toe,http://purl.obolibrary.org/obo/UBERON_0004316,
http://purl.obolibrary.org/obo/HP_0010434,Aplasia of the middle phalanx of the 2nd toe,http://purl.obolibrary.org/obo/UBERON_0004324,
http://purl.obolibrary.org/obo/HP_0010435,Short middle phalanx of the 2nd toe,http://purl.obolibrary.org/obo/UBERON_0004324,
http://purl.obolibrary.org/obo/HP_0010436,Aplasia of the proximal phalanx of the 2nd toe,http://purl.obolibrary.org/obo/UBERON_0004333,
http://purl.obolibrary.org/obo/HP_0010437,Short proximal phalanx of the 2nd toe,http://purl.obolibrary.org/obo/UBERON_0004333,
http://purl.obolibrary.org/obo/HP_0010438,Abnormal ventricular septum morphology,http://purl.obolibrary.org/obo/UBERON_0002094,
http://purl.obolibrary.org/obo/HP_0010442,Polydactyly,http://purl.obolibrary.org/obo/UBERON_0002544,
http://purl.obolibrary.org/obo/HP_0010443,Bifid femur,http://purl.obolibrary.org/obo/UBERON_0000981,
http://purl.obolibrary.org/obo/HP_0010444,Pulmonic regurgitation,http://purl.obolibrary.org/obo/UBERON_0002146,
http://purl.obolibrary.org/obo/HP_0010446,Tricuspid stenosis,http://purl.obolibrary.org/obo/UBERON_0002134,
http://purl.obolibrary.org/obo/HP_0010447,Anal fistula,http://purl.obolibrary.org/obo/UBERON_0001245,
http://purl.obolibrary.org/obo/HP_0010448,Colonic atresia,http://purl.obolibrary.org/obo/UBERON_0001155,
http://purl.obolibrary.org/obo/HP_0010450,Esophageal stenosis,http://purl.obolibrary.org/obo/UBERON_0011566,
http://purl.obolibrary.org/obo/HP_0010451,Aplasia/Hypoplasia of the spleen,http://purl.obolibrary.org/obo/UBERON_0002106,
http://purl.obolibrary.org/obo/HP_0010452,Ectopia of the spleen,http://purl.obolibrary.org/obo/UBERON_0002106,
http://purl.obolibrary.org/obo/HP_0010453,Pelvic bone asymmetry,http://purl.obolibrary.org/obo/UBERON_0007830,
http://purl.obolibrary.org/obo/HP_0010456,Abnormal greater sciatic notch morphology,http://purl.obolibrary.org/obo/UBERON_0014411,
http://purl.obolibrary.org/obo/HP_0010458,Female pseudohermaphroditism,http://purl.obolibrary.org/obo/UBERON_0000468,
http://purl.obolibrary.org/obo/HP_0010460,Abnormality of the female genitalia,http://purl.obolibrary.org/obo/UBERON_0000474,
http://purl.obolibrary.org/obo/HP_0010461,Abnormality of the male genitalia,http://purl.obolibrary.org/obo/UBERON_0000079,
http://purl.obolibrary.org/obo/HP_0010462,Aplasia/Hypoplasia of the ovary,http://purl.obolibrary.org/obo/UBERON_0000992,
http://purl.obolibrary.org/obo/HP_0010463,Aplasia of the ovary,http://purl.obolibrary.org/obo/UBERON_0000992,
http://purl.obolibrary.org/obo/HP_0010468,Aplasia/Hypoplasia of the testes,http://purl.obolibrary.org/obo/UBERON_0000473,
http://purl.obolibrary.org/obo/HP_0010470,Supernumerary testes,http://purl.obolibrary.org/obo/UBERON_0000473,
http://purl.obolibrary.org/obo/HP_0010471,Oligosacchariduria,http://purl.obolibrary.org/obo/UBERON_0001088,
http://purl.obolibrary.org/obo/HP_0010472,Abnormal circulating porphyrin concentration,http://purl.obolibrary.org/obo/UBERON_0000178,
http://purl.obolibrary.org/obo/HP_0010473,Porphyrinuria,http://purl.obolibrary.org/obo/UBERON_0001088,
http://purl.obolibrary.org/obo/HP_0010476,Aplasia/Hypoplasia of the bladder,http://purl.obolibrary.org/obo/UBERON_0001255,
http://purl.obolibrary.org/obo/HP_0010477,Aplasia of the bladder,http://purl.obolibrary.org/obo/UBERON_0001255,
http://purl.obolibrary.org/obo/HP_0010478,Abnormality of the urachus,http://purl.obolibrary.org/obo/UBERON_0002068,
http://purl.obolibrary.org/obo/HP_0010479,Patent urachus,http://purl.obolibrary.org/obo/UBERON_0002068,
http://purl.obolibrary.org/obo/HP_0010480,Urethral fistula,http://purl.obolibrary.org/obo/UBERON_0000057,
http://purl.obolibrary.org/obo/HP_0010484,Hypertrophy of the upper limb,http://purl.obolibrary.org/obo/UBERON_0010708,
http://purl.obolibrary.org/obo/HP_0010486,Abnormality of the hypothenar eminence,http://purl.obolibrary.org/obo/UBERON_0017717,
http://purl.obolibrary.org/obo/HP_0010487,Small hypothenar eminence,http://purl.obolibrary.org/obo/UBERON_0017717,
http://purl.obolibrary.org/obo/HP_0010488,Aplasia/Hypoplasia of the palmar creases,http://purl.obolibrary.org/obo/UBERON_0019246,
http://purl.obolibrary.org/obo/HP_0010489,Absent palmar crease,http://purl.obolibrary.org/obo/UBERON_0019246,
http://purl.obolibrary.org/obo/HP_0010490,Abnormality of the palmar creases,http://purl.obolibrary.org/obo/UBERON_0019246,
http://purl.obolibrary.org/obo/HP_0010493,Long metacarpals,http://purl.obolibrary.org/obo/UBERON_0002374,
http://purl.obolibrary.org/obo/HP_0010496,Hypertrophy of the lower limb,http://purl.obolibrary.org/obo/UBERON_0000978,
http://purl.obolibrary.org/obo/HP_0010499,Patellar subluxation,http://purl.obolibrary.org/obo/UBERON_0002446,
http://purl.obolibrary.org/obo/HP_0010502,Fibular bowing,http://purl.obolibrary.org/obo/UBERON_0001446,
http://purl.obolibrary.org/obo/HP_0010503,Fibular duplication,http://purl.obolibrary.org/obo/UBERON_0001446,
http://purl.obolibrary.org/obo/HP_0010504,Increased length of the tibia,http://purl.obolibrary.org/obo/UBERON_0000979,
http://purl.obolibrary.org/obo/HP_0010507,Foot asymmetry,http://purl.obolibrary.org/obo/UBERON_0002387,
http://purl.obolibrary.org/obo/HP_0010509,Aplasia of the tarsal bones,http://purl.obolibrary.org/obo/UBERON_0001447,
http://purl.obolibrary.org/obo/HP_0010510,Hypermobility of toe joints,http://purl.obolibrary.org/obo/UBERON_0000982,
http://purl.obolibrary.org/obo/HP_0010511,Long toe,http://purl.obolibrary.org/obo/UBERON_0001466,
http://purl.obolibrary.org/obo/HP_0010512,Adrenal calcification,http://purl.obolibrary.org/obo/UBERON_0002369,
http://purl.obolibrary.org/obo/HP_0010513,Pituitary calcification,http://purl.obolibrary.org/obo/UBERON_0000007,
http://purl.obolibrary.org/obo/HP_0010514,Hyperpituitarism,http://purl.obolibrary.org/obo/UBERON_0000007,
http://purl.obolibrary.org/obo/HP_0010515,Aplasia/Hypoplasia of the thymus,http://purl.obolibrary.org/obo/UBERON_0002370,
http://purl.obolibrary.org/obo/HP_0010516,Thymus hyperplasia,http://purl.obolibrary.org/obo/UBERON_0002370,
http://purl.obolibrary.org/obo/HP_0010517,Ectopic thymus tissue,http://purl.obolibrary.org/obo/UBERON_0000479,
http://purl.obolibrary.org/obo/HP_0010537,Wide cranial sutures,http://purl.obolibrary.org/obo/UBERON_0003685,
http://purl.obolibrary.org/obo/HP_0010538,Small sella turcica,http://purl.obolibrary.org/obo/UBERON_0003689,
http://purl.obolibrary.org/obo/HP_0010539,Thin calvarium,http://purl.obolibrary.org/obo/UBERON_0004339,
http://purl.obolibrary.org/obo/HP_0010557,Overlapping fingers,http://purl.obolibrary.org/obo/UBERON_0002389,
http://purl.obolibrary.org/obo/HP_0010558,Abnormality of the clivus,http://purl.obolibrary.org/obo/UBERON_0004108,
http://purl.obolibrary.org/obo/HP_0010559,Vertical clivus,http://purl.obolibrary.org/obo/UBERON_0004108,
http://purl.obolibrary.org/obo/HP_0010560,Undulate clavicles,http://purl.obolibrary.org/obo/UBERON_0001105,
http://purl.obolibrary.org/obo/HP_0010561,Undulate ribs,http://purl.obolibrary.org/obo/UBERON_0002228,
http://purl.obolibrary.org/obo/HP_0010564,Bifid epiglottis,http://purl.obolibrary.org/obo/UBERON_0000388,
http://purl.obolibrary.org/obo/HP_0010565,Aplasia/Hypoplasia of the Epiglottis,http://purl.obolibrary.org/obo/UBERON_0000388,
http://purl.obolibrary.org/obo/HP_0010568,Hamartoma of the eye,http://purl.obolibrary.org/obo/UBERON_0010230,
http://purl.obolibrary.org/obo/HP_0010569,Elevated circulating 7-dehydrocholesterol concentration,http://purl.obolibrary.org/obo/UBERON_0000178,
http://purl.obolibrary.org/obo/HP_0010571,Elevated circulating phytanic acid concentration,http://purl.obolibrary.org/obo/UBERON_0000178,
http://purl.obolibrary.org/obo/HP_0010574,Abnormality of the epiphysis of the femoral head,http://purl.obolibrary.org/obo/UBERON_0001437,
http://purl.obolibrary.org/obo/HP_0010575,Dysplasia of the femoral head,http://purl.obolibrary.org/obo/UBERON_0006767,
http://purl.obolibrary.org/obo/HP_0010576,Intracranial cystic lesion,http://purl.obolibrary.org/obo/UBERON_0003128,
http://purl.obolibrary.org/obo/HP_0010577,Absent epiphyses,http://purl.obolibrary.org/obo/UBERON_0001437,
http://purl.obolibrary.org/obo/HP_0010578,Bracket epiphyses,http://purl.obolibrary.org/obo/UBERON_0001437,
http://purl.obolibrary.org/obo/HP_0010579,Cone-shaped epiphysis,http://purl.obolibrary.org/obo/UBERON_0001437,
http://purl.obolibrary.org/obo/HP_0010580,Enlarged epiphyses,http://purl.obolibrary.org/obo/UBERON_0001437,
http://purl.obolibrary.org/obo/HP_0010582,Irregular epiphyses,http://purl.obolibrary.org/obo/UBERON_0001437,
http://purl.obolibrary.org/obo/HP_0010583,Ivory epiphyses,http://purl.obolibrary.org/obo/UBERON_0001437,
http://purl.obolibrary.org/obo/HP_0010585,Small epiphyses,http://purl.obolibrary.org/obo/UBERON_0001437,
http://purl.obolibrary.org/obo/HP_0010587,Triangular epiphysis,http://purl.obolibrary.org/obo/UBERON_0001437,
http://purl.obolibrary.org/obo/HP_0010590,Abnormality of the distal femoral epiphysis,http://purl.obolibrary.org/obo/UBERON_0004406,
http://purl.obolibrary.org/obo/HP_0010591,Abnormality of the proximal tibial epiphysis,http://purl.obolibrary.org/obo/UBERON_0008772,
http://purl.obolibrary.org/obo/HP_0010592,Abnormality of the distal tibial epiphysis,http://purl.obolibrary.org/obo/UBERON_0004405,
http://purl.obolibrary.org/obo/HP_0010593,Abnormal fibular epiphysis morphology,http://purl.obolibrary.org/obo/UBERON_0004388,
http://purl.obolibrary.org/obo/HP_0010594,Abnormality of the proximal fibular epiphysis,http://purl.obolibrary.org/obo/UBERON_0008775,
http://purl.obolibrary.org/obo/HP_0010595,Abnormality of the distal fibular epiphysis,http://purl.obolibrary.org/obo/UBERON_0004410,
http://purl.obolibrary.org/obo/HP_0010596,Abnormality of the proximal radial epiphysis,http://purl.obolibrary.org/obo/UBERON_0004413,
http://purl.obolibrary.org/obo/HP_0010597,Abnormality of the distal radial epiphysis,http://purl.obolibrary.org/obo/UBERON_0004407,
http://purl.obolibrary.org/obo/HP_0010598,Abnormality of the proximal humeral epiphysis,http://purl.obolibrary.org/obo/UBERON_0004411,
http://purl.obolibrary.org/obo/HP_0010599,Abnormality of the distal humeral epiphysis,http://purl.obolibrary.org/obo/UBERON_0004404,
http://purl.obolibrary.org/obo/HP_0010600,Abnormal distal ulnar epiphysis morphology,http://purl.obolibrary.org/obo/UBERON_0004408,
http://purl.obolibrary.org/obo/HP_0010601,Abnormal proximal ulnar epiphysis morphology,http://purl.obolibrary.org/obo/UBERON_0006822,
http://purl.obolibrary.org/obo/HP_0010604,Cyst of the eyelid,http://purl.obolibrary.org/obo/UBERON_0001711,
http://purl.obolibrary.org/obo/HP_0010620,Malar prominence,http://purl.obolibrary.org/obo/UBERON_0002500,
http://purl.obolibrary.org/obo/HP_0010621,Cutaneous syndactyly of toes,http://purl.obolibrary.org/obo/UBERON_0001466,
http://purl.obolibrary.org/obo/HP_0010625,Anterior pituitary dysgenesis,http://purl.obolibrary.org/obo/UBERON_0002196,
http://purl.obolibrary.org/obo/HP_0010626,Anterior pituitary agenesis,http://purl.obolibrary.org/obo/UBERON_0002196,
http://purl.obolibrary.org/obo/HP_0010627,Anterior pituitary hypoplasia,http://purl.obolibrary.org/obo/UBERON_0002196,
http://purl.obolibrary.org/obo/HP_0010628,Facial palsy,http://purl.obolibrary.org/obo/UBERON_0001577,
http://purl.obolibrary.org/obo/HP_0010629,Abnormal morphology of the cortex of the humerus,http://purl.obolibrary.org/obo/UBERON_0004109,
http://purl.obolibrary.org/obo/HP_0010630,Abnormal metatarsal epiphysis morphology,http://purl.obolibrary.org/obo/UBERON_0004389,
http://purl.obolibrary.org/obo/HP_0010631,Abnormality of the epiphyses of the feet,http://purl.obolibrary.org/obo/UBERON_0001437,
http://purl.obolibrary.org/obo/HP_0010637,Conjunctival amyloidosis,http://purl.obolibrary.org/obo/UBERON_0001811,
http://purl.obolibrary.org/obo/HP_0010638,Elevated alkaline phosphatase of hepatic origin,http://purl.obolibrary.org/obo/UBERON_0002107,
http://purl.obolibrary.org/obo/HP_0010639,Elevated alkaline phosphatase of bone origin,http://purl.obolibrary.org/obo/UBERON_0001474,
http://purl.obolibrary.org/obo/HP_0010640,Abnormal nasal cavity morphology,http://purl.obolibrary.org/obo/UBERON_0001707,
http://purl.obolibrary.org/obo/HP_0010641,Abnormality of the midnasal cavity,http://purl.obolibrary.org/obo/UBERON_0004110,
http://purl.obolibrary.org/obo/HP_0010643,Midnasal atresia,http://purl.obolibrary.org/obo/UBERON_0004110,
http://purl.obolibrary.org/obo/HP_0010644,Midnasal stenosis,http://purl.obolibrary.org/obo/UBERON_0004110,
http://purl.obolibrary.org/obo/HP_0010645,Aplasia of the distal phalanges of the toes,http://purl.obolibrary.org/obo/UBERON_0003867,
http://purl.obolibrary.org/obo/HP_0010647,Abnormal elasticity of skin,http://purl.obolibrary.org/obo/UBERON_0002097,
http://purl.obolibrary.org/obo/HP_0010648,Dermal translucency,http://purl.obolibrary.org/obo/UBERON_0002097,
http://purl.obolibrary.org/obo/HP_0010649,Flat nasal alae,http://purl.obolibrary.org/obo/UBERON_0006906,
http://purl.obolibrary.org/obo/HP_0010650,Hypoplasia of the premaxilla,http://purl.obolibrary.org/obo/UBERON_0002244,
http://purl.obolibrary.org/obo/HP_0010651,Abnormal meningeal morphology,http://purl.obolibrary.org/obo/UBERON_0002360,
http://purl.obolibrary.org/obo/HP_0010652,Abnormal dura mater morphology,http://purl.obolibrary.org/obo/UBERON_0002363,
http://purl.obolibrary.org/obo/HP_0010653,Abnormality of the falx cerebri,http://purl.obolibrary.org/obo/UBERON_0006059,
http://purl.obolibrary.org/obo/HP_0010654,Aplasia of the falx cerebri,http://purl.obolibrary.org/obo/UBERON_0006059,
http://purl.obolibrary.org/obo/HP_0010655,Epiphyseal stippling,http://purl.obolibrary.org/obo/UBERON_0001437,
http://purl.obolibrary.org/obo/HP_0010656,Abnormal epiphyseal ossification,http://purl.obolibrary.org/obo/UBERON_0001437,
http://purl.obolibrary.org/obo/HP_0010660,Abnormal hand bone ossification,http://purl.obolibrary.org/obo/UBERON_0001442,
http://purl.obolibrary.org/obo/HP_0010661,Absence of the third cerebral ventricle,http://purl.obolibrary.org/obo/UBERON_0002286,
http://purl.obolibrary.org/obo/HP_0010662,Abnormal diencephalon morphology,http://purl.obolibrary.org/obo/UBERON_0001894,
http://purl.obolibrary.org/obo/HP_0010663,Abnormal thalamus morphology,http://purl.obolibrary.org/obo/UBERON_0004703,
http://purl.obolibrary.org/obo/HP_0010664,Fusion of the left and right thalami,http://purl.obolibrary.org/obo/UBERON_0013684,
http://purl.obolibrary.org/obo/HP_0010664,Fusion of the left and right thalami,http://purl.obolibrary.org/obo/UBERON_0013683,
http://purl.obolibrary.org/obo/HP_0010666,Hypoplasia of the anterior nasal spine,http://purl.obolibrary.org/obo/UBERON_0035139,
http://purl.obolibrary.org/obo/HP_0010667,Aplasia of the maxilla,http://purl.obolibrary.org/obo/UBERON_0002397,
http://purl.obolibrary.org/obo/HP_0010668,Abnormal zygomatic bone morphology,http://purl.obolibrary.org/obo/UBERON_0001683,
http://purl.obolibrary.org/obo/HP_0010669,Hypoplasia of the zygomatic bone,http://purl.obolibrary.org/obo/UBERON_0001683,
http://purl.obolibrary.org/obo/HP_0010672,Abnormality of the third metatarsal bone,http://purl.obolibrary.org/obo/UBERON_0003652,
http://purl.obolibrary.org/obo/HP_0010674,Abnormal curvature of the vertebral column,http://purl.obolibrary.org/obo/UBERON_0001130,
http://purl.obolibrary.org/obo/HP_0010675,Abnormal foot bone ossification,http://purl.obolibrary.org/obo/UBERON_0001445,
http://purl.obolibrary.org/obo/HP_0010679,Elevated tissue non-specific alkaline phosphatase,http://purl.obolibrary.org/obo/UBERON_0000479,
http://purl.obolibrary.org/obo/HP_0010680,Elevated alkaline phosphatase of renal origin,http://purl.obolibrary.org/obo/UBERON_0002113,
http://purl.obolibrary.org/obo/HP_0010683,Low tissue non-specific alkaline phosphatase,http://purl.obolibrary.org/obo/UBERON_0000479,
http://purl.obolibrary.org/obo/HP_0010684,Low alkaline phosphatase of bone origin,http://purl.obolibrary.org/obo/UBERON_0001474,
http://purl.obolibrary.org/obo/HP_0010685,Low alkaline phosphatase of renal origin,http://purl.obolibrary.org/obo/UBERON_0002113,
http://purl.obolibrary.org/obo/HP_0010686,Low alkaline phosphatase of hepatic origin,http://purl.obolibrary.org/obo/UBERON_0002107,
http://purl.obolibrary.org/obo/HP_0010701,Abnormal circulating immunoglobulin concentration,http://purl.obolibrary.org/obo/UBERON_0000178,
http://purl.obolibrary.org/obo/HP_0010702,Increased circulating immunoglobulin concentration,http://purl.obolibrary.org/obo/UBERON_0000178,
http://purl.obolibrary.org/obo/HP_0010704,1-2 finger cutaneous syndactyly,http://purl.obolibrary.org/obo/UBERON_0003622,
http://purl.obolibrary.org/obo/HP_0010704,1-2 finger cutaneous syndactyly,http://purl.obolibrary.org/obo/UBERON_0001463,
http://purl.obolibrary.org/obo/HP_0010705,4-5 finger cutaneous syndactyly,http://purl.obolibrary.org/obo/UBERON_0003624,
http://purl.obolibrary.org/obo/HP_0010705,4-5 finger cutaneous syndactyly,http://purl.obolibrary.org/obo/UBERON_0003625,
http://purl.obolibrary.org/obo/HP_0010711,1-2 toe syndactyly,http://purl.obolibrary.org/obo/UBERON_0003632,
http://purl.obolibrary.org/obo/HP_0010711,1-2 toe syndactyly,http://purl.obolibrary.org/obo/UBERON_0003631,
http://purl.obolibrary.org/obo/HP_0010719,Abnormality of hair texture,http://purl.obolibrary.org/obo/UBERON_0001037,
http://purl.obolibrary.org/obo/HP_0010720,Abnormal hair pattern,http://purl.obolibrary.org/obo/UBERON_0001037,
http://purl.obolibrary.org/obo/HP_0010721,Abnormal hair whorl,http://purl.obolibrary.org/obo/UBERON_0014381,
http://purl.obolibrary.org/obo/HP_0010722,Asymmetry of the ears,http://purl.obolibrary.org/obo/UBERON_0001690,
http://purl.obolibrary.org/obo/HP_0010728,Aplasia of the retina,http://purl.obolibrary.org/obo/UBERON_0000966,
http://purl.obolibrary.org/obo/HP_0010730,Double eyebrow,http://purl.obolibrary.org/obo/UBERON_0010163,
http://purl.obolibrary.org/obo/HP_0010741,Pedal edema,http://purl.obolibrary.org/obo/UBERON_0000978,
http://purl.obolibrary.org/obo/HP_0010742,Edema of the upper limbs,http://purl.obolibrary.org/obo/UBERON_0010708,
http://purl.obolibrary.org/obo/HP_0010743,Short metatarsal,http://purl.obolibrary.org/obo/UBERON_0001448,
http://purl.obolibrary.org/obo/HP_0010744,Absent metatarsal bone,http://purl.obolibrary.org/obo/UBERON_0001448,
http://purl.obolibrary.org/obo/HP_0010745,Aplasia of the phalanges of the toes,http://purl.obolibrary.org/obo/UBERON_0001449,
http://purl.obolibrary.org/obo/HP_0010746,Hypoplasia of the phalanges of the toes,http://purl.obolibrary.org/obo/UBERON_0001449,
http://purl.obolibrary.org/obo/HP_0010748,Ectopic lacrimal punctum,http://purl.obolibrary.org/obo/UBERON_0010284,
http://purl.obolibrary.org/obo/HP_0010752,Cleft mandible,http://purl.obolibrary.org/obo/UBERON_0001684,
http://purl.obolibrary.org/obo/HP_0010754,Abnormality of the temporomandibular joint,http://purl.obolibrary.org/obo/UBERON_0003700,
http://purl.obolibrary.org/obo/HP_0010755,Asymmetry of the maxilla,http://purl.obolibrary.org/obo/UBERON_0002397,
http://purl.obolibrary.org/obo/HP_0010756,Aplasia/Hypoplasia of the premaxilla,http://purl.obolibrary.org/obo/UBERON_0002244,
http://purl.obolibrary.org/obo/HP_0010757,Aplasia of the premaxilla,http://purl.obolibrary.org/obo/UBERON_0002244,
http://purl.obolibrary.org/obo/HP_0010758,Abnormality of the premaxilla,http://purl.obolibrary.org/obo/UBERON_0002244,
http://purl.obolibrary.org/obo/HP_0010759,Prominence of the premaxilla,http://purl.obolibrary.org/obo/UBERON_0002244,
http://purl.obolibrary.org/obo/HP_0010760,Absent toe,http://purl.obolibrary.org/obo/UBERON_0001466,
http://purl.obolibrary.org/obo/HP_0010761,Broad columella,http://purl.obolibrary.org/obo/UBERON_0008341,
http://purl.obolibrary.org/obo/HP_0010764,Short eyelashes,http://purl.obolibrary.org/obo/UBERON_0001702,
http://purl.obolibrary.org/obo/HP_0010777,Bronchomegaly,http://purl.obolibrary.org/obo/UBERON_0002185,
http://purl.obolibrary.org/obo/HP_0010778,Tracheomegaly,http://purl.obolibrary.org/obo/UBERON_0003126,
http://purl.obolibrary.org/obo/HP_0010779,Large pelvis bone,http://purl.obolibrary.org/obo/UBERON_0007830,
http://purl.obolibrary.org/obo/HP_0010789,Abnormality of the Leydig cells,,http://purl.obolibrary.org/obo/CL_0000178
http://purl.obolibrary.org/obo/HP_0010790,Hypoplasia of the Leydig cells,,http://purl.obolibrary.org/obo/CL_0000178
http://purl.obolibrary.org/obo/HP_0010791,Hyperplasia of the Leydig cells,,http://purl.obolibrary.org/obo/CL_0000178
http://purl.obolibrary.org/obo/HP_0010793,Bifid nail,http://purl.obolibrary.org/obo/UBERON_0001705,
http://purl.obolibrary.org/obo/HP_0010795,Cerebellar glioma,http://purl.obolibrary.org/obo/UBERON_0002037,
http://purl.obolibrary.org/obo/HP_0010796,Brainstem glioma,http://purl.obolibrary.org/obo/UBERON_0002298,
http://purl.obolibrary.org/obo/HP_0010803,Everted upper lip vermilion,http://purl.obolibrary.org/obo/UBERON_0001834,
http://purl.obolibrary.org/obo/HP_0010808,Protruding tongue,http://purl.obolibrary.org/obo/UBERON_0001723,
http://purl.obolibrary.org/obo/HP_0010809,Broad uvula,http://purl.obolibrary.org/obo/UBERON_0001734,
http://purl.obolibrary.org/obo/HP_0010810,Long uvula,http://purl.obolibrary.org/obo/UBERON_0001734,
http://purl.obolibrary.org/obo/HP_0010811,Narrow uvula,http://purl.obolibrary.org/obo/UBERON_0001734,
http://purl.obolibrary.org/obo/HP_0010812,Short uvula,http://purl.obolibrary.org/obo/UBERON_0001734,
http://purl.obolibrary.org/obo/HP_0010813,Abnormal number of hair whorls,http://purl.obolibrary.org/obo/UBERON_0014381,
http://purl.obolibrary.org/obo/HP_0010814,Abnormal position of hair whorl,http://purl.obolibrary.org/obo/UBERON_0014381,
http://purl.obolibrary.org/obo/HP_0010824,Abnormal fifth cranial nerve morphology,http://purl.obolibrary.org/obo/UBERON_0001645,
http://purl.obolibrary.org/obo/HP_0010825,Abnormality of the eleventh cranial nerve,http://purl.obolibrary.org/obo/UBERON_0002019,
http://purl.obolibrary.org/obo/HP_0010826,Abnormality of the twelfth cranial nerve,http://purl.obolibrary.org/obo/UBERON_0001650,
http://purl.obolibrary.org/obo/HP_0010827,Abnormal seventh cranial physiology,http://purl.obolibrary.org/obo/UBERON_0001647,
http://purl.obolibrary.org/obo/HP_0010836,Abnormal circulating copper concentration,http://purl.obolibrary.org/obo/UBERON_0000178,
http://purl.obolibrary.org/obo/HP_0010837,Decreased circulating ceruloplasmin concentration,http://purl.obolibrary.org/obo/UBERON_0000178,
http://purl.obolibrary.org/obo/HP_0010839,Increased urinary copper concentration,http://purl.obolibrary.org/obo/UBERON_0001088,
http://purl.obolibrary.org/obo/HP_0010866,Abdominal wall defect,http://purl.obolibrary.org/obo/UBERON_0003697,
http://purl.obolibrary.org/obo/HP_0010876,Abnormal circulating protein concentration,http://purl.obolibrary.org/obo/UBERON_0000178,
http://purl.obolibrary.org/obo/HP_0010881,Abnormality of the umbilical cord,http://purl.obolibrary.org/obo/UBERON_0002331,
http://purl.obolibrary.org/obo/HP_0010882,Pulmonary valve atresia,http://purl.obolibrary.org/obo/UBERON_0002146,
http://purl.obolibrary.org/obo/HP_0010883,Aortic valve atresia,http://purl.obolibrary.org/obo/UBERON_0002137,
http://purl.obolibrary.org/obo/HP_0010892,Abnormal circulating branched chain amino acid concentration,http://purl.obolibrary.org/obo/UBERON_0000178,
http://purl.obolibrary.org/obo/HP_0010893,Abnormal circulating phenylalanine concentration,http://purl.obolibrary.org/obo/UBERON_0000178,
http://purl.obolibrary.org/obo/HP_0010894,Abnormal circulating serine family amino acid concentration,http://purl.obolibrary.org/obo/UBERON_0000178,
http://purl.obolibrary.org/obo/HP_0010895,Abnormal circulating glycine concentration,http://purl.obolibrary.org/obo/UBERON_0000178,
http://purl.obolibrary.org/obo/HP_0010896,Hypersarcosinemia,http://purl.obolibrary.org/obo/UBERON_0000178,
http://purl.obolibrary.org/obo/HP_0010897,Hypersarcosinuria,http://purl.obolibrary.org/obo/UBERON_0001088,
http://purl.obolibrary.org/obo/HP_0010898,Abnormal circulating sarcosine concentration,http://purl.obolibrary.org/obo/UBERON_0000178,
http://purl.obolibrary.org/obo/HP_0010899,Abnormal circulating aspartate family amino acid concentration,http://purl.obolibrary.org/obo/UBERON_0000178,
http://purl.obolibrary.org/obo/HP_0010900,Abnormal circulating threonine concentration,http://purl.obolibrary.org/obo/UBERON_0000178,
http://purl.obolibrary.org/obo/HP_0010901,Abnormal circulating methionine concentration,http://purl.obolibrary.org/obo/UBERON_0000178,
http://purl.obolibrary.org/obo/HP_0010902,Abnormal circulating glutamine family amino acid concentration,http://purl.obolibrary.org/obo/UBERON_0000178,
http://purl.obolibrary.org/obo/HP_0010903,Abnormal circulating glutamine concentration,http://purl.obolibrary.org/obo/UBERON_0000178,
http://purl.obolibrary.org/obo/HP_0010904,Abnormal circulating histidine concentration,http://purl.obolibrary.org/obo/UBERON_0000178,
http://purl.obolibrary.org/obo/HP_0010906,Hyperhistidinemia,http://purl.obolibrary.org/obo/UBERON_0000178,
http://purl.obolibrary.org/obo/HP_0010907,Abnormal circulating proline concentration,http://purl.obolibrary.org/obo/UBERON_0000178,
http://purl.obolibrary.org/obo/HP_0010908,Abnormal circulating lysine concentration,http://purl.obolibrary.org/obo/UBERON_0000178,
http://purl.obolibrary.org/obo/HP_0010909,Abnormal circulating arginine concentration,http://purl.obolibrary.org/obo/UBERON_0000178,
http://purl.obolibrary.org/obo/HP_0010910,Hypervalinemia,http://purl.obolibrary.org/obo/UBERON_0000178,
http://purl.obolibrary.org/obo/HP_0010911,Hyperleucinemia,http://purl.obolibrary.org/obo/UBERON_0000178,
http://purl.obolibrary.org/obo/HP_0010912,Abnormal circulating isoleucine concentration,http://purl.obolibrary.org/obo/UBERON_0000178,
http://purl.obolibrary.org/obo/HP_0010913,Hyperisoleucinemia,http://purl.obolibrary.org/obo/UBERON_0000178,
http://purl.obolibrary.org/obo/HP_0010914,Abnormal circulating valine concentration,http://purl.obolibrary.org/obo/UBERON_0000178,
http://purl.obolibrary.org/obo/HP_0010915,Abnormal circulating pyruvate family amino acid concentration,http://purl.obolibrary.org/obo/UBERON_0000178,
http://purl.obolibrary.org/obo/HP_0010916,Abnormal circulating alanine concentration,http://purl.obolibrary.org/obo/UBERON_0000178,
http://purl.obolibrary.org/obo/HP_0010917,Abnormal circulating tyrosine concentration,http://purl.obolibrary.org/obo/UBERON_0000178,
http://purl.obolibrary.org/obo/HP_0010918,Abnormal circulating cysteine concentration,http://purl.obolibrary.org/obo/UBERON_0000178,
http://purl.obolibrary.org/obo/HP_0010919,Abnormal circulating homocysteine concentration,http://purl.obolibrary.org/obo/UBERON_0000178,
http://purl.obolibrary.org/obo/HP_0010927,Abnormal blood inorganic cation concentration,http://purl.obolibrary.org/obo/UBERON_0000178,
http://purl.obolibrary.org/obo/HP_0010929,Abnormal blood cation concentration,http://purl.obolibrary.org/obo/UBERON_0000178,
http://purl.obolibrary.org/obo/HP_0010930,Abnormal blood monovalent inorganic cation concentration,http://purl.obolibrary.org/obo/UBERON_0000178,
http://purl.obolibrary.org/obo/HP_0010931,Abnormal blood sodium concentration,http://purl.obolibrary.org/obo/UBERON_0000178,
http://purl.obolibrary.org/obo/HP_0010932,Abnormal circulating nucleobase concentration,http://purl.obolibrary.org/obo/UBERON_0000178,
http://purl.obolibrary.org/obo/HP_0010933,Hyperxanthinemia,http://purl.obolibrary.org/obo/UBERON_0000178,
http://purl.obolibrary.org/obo/HP_0010934,Xanthinuria,http://purl.obolibrary.org/obo/UBERON_0001088,
http://purl.obolibrary.org/obo/HP_0010935,Abnormality of the upper urinary tract,http://purl.obolibrary.org/obo/UBERON_0011143,
http://purl.obolibrary.org/obo/HP_0010936,Abnormality of the lower urinary tract,http://purl.obolibrary.org/obo/UBERON_0001556,
http://purl.obolibrary.org/obo/HP_0010937,Abnormal nasal skeleton morphology,http://purl.obolibrary.org/obo/UBERON_0006813,
http://purl.obolibrary.org/obo/HP_0010938,Abnormal external nose morphology,http://purl.obolibrary.org/obo/UBERON_0007827,
http://purl.obolibrary.org/obo/HP_0010939,Abnormal nasal bone morphology,http://purl.obolibrary.org/obo/UBERON_0001681,
http://purl.obolibrary.org/obo/HP_0010940,Aplasia/Hypoplasia of the nasal bone,http://purl.obolibrary.org/obo/UBERON_0001681,
http://purl.obolibrary.org/obo/HP_0010941,Aplasia of the nasal bone,http://purl.obolibrary.org/obo/UBERON_0001681,
http://purl.obolibrary.org/obo/HP_0010944,Abnormal renal pelvis morphology,http://purl.obolibrary.org/obo/UBERON_0001224,
http://purl.obolibrary.org/obo/HP_0010945,Fetal pyelectasis,http://purl.obolibrary.org/obo/UBERON_0001224,
http://purl.obolibrary.org/obo/HP_0010946,Dilatation of the renal pelvis,http://purl.obolibrary.org/obo/UBERON_0001224,
http://purl.obolibrary.org/obo/HP_0010950,Abnormal fourth ventricle morphology,http://purl.obolibrary.org/obo/UBERON_0002422,
http://purl.obolibrary.org/obo/HP_0010951,Abnormal third ventricle morphology,http://purl.obolibrary.org/obo/UBERON_0002286,
http://purl.obolibrary.org/obo/HP_0010954,Hypoplastic right heart,http://purl.obolibrary.org/obo/UBERON_0001062,
http://purl.obolibrary.org/obo/HP_0010955,Dilatation of the bladder,http://purl.obolibrary.org/obo/UBERON_0001255,
http://purl.obolibrary.org/obo/HP_0010958,Bilateral renal agenesis,http://purl.obolibrary.org/obo/UBERON_0002113,
http://purl.obolibrary.org/obo/HP_0010964,Abnormal circulating long-chain fatty-acid concentration,http://purl.obolibrary.org/obo/UBERON_0000178,
http://purl.obolibrary.org/obo/HP_0010965,Abnormal circulating phytanic acid concentration,http://purl.obolibrary.org/obo/UBERON_0000178,
http://purl.obolibrary.org/obo/HP_0010966,Abnormal circulating fatty-acid anion concentration,http://purl.obolibrary.org/obo/UBERON_0000178,
http://purl.obolibrary.org/obo/HP_0010967,Abnormal circulating carnitine concentration,http://purl.obolibrary.org/obo/UBERON_0000178,
http://purl.obolibrary.org/obo/HP_0010974,Abnormal myeloid leukocyte morphology,,http://purl.obolibrary.org/obo/CL_0000766
http://purl.obolibrary.org/obo/HP_0010975,Abnormal B cell count,,http://purl.obolibrary.org/obo/CL_0000236
http://purl.obolibrary.org/obo/HP_0010976,Decreased total B cell count,,http://purl.obolibrary.org/obo/CL_0000236
http://purl.obolibrary.org/obo/HP_0010978,Abnormality of immune system physiology,http://purl.obolibrary.org/obo/UBERON_0002405,
http://purl.obolibrary.org/obo/HP_0010979,Abnormality of lipoprotein cholesterol concentration,http://purl.obolibrary.org/obo/UBERON_0000178,
http://purl.obolibrary.org/obo/HP_0010980,Hyperlipoproteinemia,http://purl.obolibrary.org/obo/UBERON_0000178,
http://purl.obolibrary.org/obo/HP_0010981,Hypolipoproteinemia,http://purl.obolibrary.org/obo/UBERON_0000178,
http://purl.obolibrary.org/obo/HP_0010991,Abnormal morphology of the abdominal musculature,http://purl.obolibrary.org/obo/UBERON_0002343,
http://purl.obolibrary.org/obo/HP_0010993,Abnormal cerebral subcortex morphology,http://purl.obolibrary.org/obo/UBERON_0000454,
http://purl.obolibrary.org/obo/HP_0010994,Abnormal corpus striatum morphology,http://purl.obolibrary.org/obo/UBERON_0002435,
http://purl.obolibrary.org/obo/HP_0010995,Abnormal circulating dicarboxylic acid concentration,http://purl.obolibrary.org/obo/UBERON_0000178,
http://purl.obolibrary.org/obo/HP_0010996,Abnormal circulating monocarboxylic acid concentration,http://purl.obolibrary.org/obo/UBERON_0000178,
http://purl.obolibrary.org/obo/HP_0010999,Aplasia of the optic tract,http://purl.obolibrary.org/obo/UBERON_0001908,
http://purl.obolibrary.org/obo/HP_0011000,Aplasia/Hypoplasia of the optic tract,http://purl.obolibrary.org/obo/UBERON_0001908,
http://purl.obolibrary.org/obo/HP_0011001,Increased bone mineral density,http://purl.obolibrary.org/obo/UBERON_0001474,
http://purl.obolibrary.org/obo/HP_0011002,Osteopetrosis,http://purl.obolibrary.org/obo/UBERON_0001474,
http://purl.obolibrary.org/obo/HP_0011004,Abnormal systemic arterial morphology,http://purl.obolibrary.org/obo/UBERON_0004571,
http://purl.obolibrary.org/obo/HP_0011006,Abnormal morphology of the musculature of the neck,http://purl.obolibrary.org/obo/UBERON_0004465,
http://purl.obolibrary.org/obo/HP_0011012,Abnormal circulating polysaccharide concentration,http://purl.obolibrary.org/obo/UBERON_0000178,
http://purl.obolibrary.org/obo/HP_0011013,Abnormal circulating carbohydrate concentration,http://purl.obolibrary.org/obo/UBERON_0000178,
http://purl.obolibrary.org/obo/HP_0011015,Abnormal blood glucose concentration,http://purl.obolibrary.org/obo/UBERON_0000178,
http://purl.obolibrary.org/obo/HP_0011022,Abnormal circulating unsaturated fatty acid concentration,http://purl.obolibrary.org/obo/UBERON_0000178,
http://purl.obolibrary.org/obo/HP_0011024,Abnormality of the gastrointestinal tract,http://purl.obolibrary.org/obo/UBERON_0005409,
http://purl.obolibrary.org/obo/HP_0011025,Abnormal cardiovascular system physiology,http://purl.obolibrary.org/obo/UBERON_0004535,
http://purl.obolibrary.org/obo/HP_0011026,Aplasia/Hypoplasia of the vagina,http://purl.obolibrary.org/obo/UBERON_0000996,
http://purl.obolibrary.org/obo/HP_0011027,Abnormal fallopian tube morphology,http://purl.obolibrary.org/obo/UBERON_0003889,
http://purl.obolibrary.org/obo/HP_0011029,Internal hemorrhage,http://purl.obolibrary.org/obo/UBERON_0000468,
http://purl.obolibrary.org/obo/HP_0011030,Abnormal blood transition element cation concentration,http://purl.obolibrary.org/obo/UBERON_0000178,
http://purl.obolibrary.org/obo/HP_0011031,Abnormality of iron homeostasis,http://purl.obolibrary.org/obo/UBERON_0000178,
http://purl.obolibrary.org/obo/HP_0011034,Amyloidosis,http://purl.obolibrary.org/obo/UBERON_0000479,
http://purl.obolibrary.org/obo/HP_0011035,Abnormal renal cortex morphology,http://purl.obolibrary.org/obo/UBERON_0001225,
http://purl.obolibrary.org/obo/HP_0011039,Abnormal helix morphology,http://purl.obolibrary.org/obo/UBERON_0002488,
http://purl.obolibrary.org/obo/HP_0011040,Abnormal intrahepatic bile duct morphology,http://purl.obolibrary.org/obo/UBERON_0003704,
http://purl.obolibrary.org/obo/HP_0011041,Aplasia/Hypoplasia of the cervical spine,http://purl.obolibrary.org/obo/UBERON_0006072,
http://purl.obolibrary.org/obo/HP_0011042,Abnormal circulating potassium concentration,http://purl.obolibrary.org/obo/UBERON_0000178,
http://purl.obolibrary.org/obo/HP_0011043,Abnormal circulating adrenocorticotropin concentration,http://purl.obolibrary.org/obo/UBERON_0000178,
http://purl.obolibrary.org/obo/HP_0011044,Abnormal number of permanent teeth,http://purl.obolibrary.org/obo/UBERON_0007774,
http://purl.obolibrary.org/obo/HP_0011045,Agenesis of permanent maxillary central incisor,http://purl.obolibrary.org/obo/UBERON_0016454,
http://purl.obolibrary.org/obo/HP_0011046,Agenesis of primary maxillary central incisor,http://purl.obolibrary.org/obo/UBERON_0018593,
http://purl.obolibrary.org/obo/HP_0011047,Agenesis of primary mandibular central incisor,http://purl.obolibrary.org/obo/UBERON_0018595,
http://purl.obolibrary.org/obo/HP_0011048,Agenesis of permanent mandibular central incisor,http://purl.obolibrary.org/obo/UBERON_0018568,
http://purl.obolibrary.org/obo/HP_0011049,Agenesis of primary maxillary lateral incisor,http://purl.obolibrary.org/obo/UBERON_0018594,
http://purl.obolibrary.org/obo/HP_0011050,Agenesis of permanent maxillary lateral incisor,http://purl.obolibrary.org/obo/UBERON_0016455,
http://purl.obolibrary.org/obo/HP_0011051,Agenesis of premolar,http://purl.obolibrary.org/obo/UBERON_0007120,
http://purl.obolibrary.org/obo/HP_0011052,Agenesis of maxillary premolar,http://purl.obolibrary.org/obo/UBERON_0016452,
http://purl.obolibrary.org/obo/HP_0011053,Agenesis of mandibular premolar,http://purl.obolibrary.org/obo/UBERON_0016453,
http://purl.obolibrary.org/obo/HP_0011054,Agenesis of molar,http://purl.obolibrary.org/obo/UBERON_0003655,
http://purl.obolibrary.org/obo/HP_0011055,Agenesis of permanent molar,http://purl.obolibrary.org/obo/UBERON_0013618,
http://purl.obolibrary.org/obo/HP_0011056,Agenesis of first permanent molar tooth,http://purl.obolibrary.org/obo/UBERON_0018608,
http://purl.obolibrary.org/obo/HP_0011057,Agenesis of second permanent molar,http://purl.obolibrary.org/obo/UBERON_0018607,
http://purl.obolibrary.org/obo/HP_0011061,Abnormality of dental structure,http://purl.obolibrary.org/obo/UBERON_0001091,
http://purl.obolibrary.org/obo/HP_0011062,Misalignment of incisors,http://purl.obolibrary.org/obo/UBERON_0001098,
http://purl.obolibrary.org/obo/HP_0011063,Abnormal incisor morphology,http://purl.obolibrary.org/obo/UBERON_0001098,
http://purl.obolibrary.org/obo/HP_0011064,Abnormal number of incisors,http://purl.obolibrary.org/obo/UBERON_0001098,
http://purl.obolibrary.org/obo/HP_0011065,Conical incisor,http://purl.obolibrary.org/obo/UBERON_0001098,
http://purl.obolibrary.org/obo/HP_0011069,Supernumerary tooth,http://purl.obolibrary.org/obo/UBERON_0001091,
http://purl.obolibrary.org/obo/HP_0011070,Abnormal molar morphology,http://purl.obolibrary.org/obo/UBERON_0003655,
http://purl.obolibrary.org/obo/HP_0011071,Abnormal permanent molar morphology,http://purl.obolibrary.org/obo/UBERON_0013618,
http://purl.obolibrary.org/obo/HP_0011072,Rootless teeth,http://purl.obolibrary.org/obo/UBERON_0003677,
http://purl.obolibrary.org/obo/HP_0011073,Abnormality of dental color,http://purl.obolibrary.org/obo/UBERON_0001091,
http://purl.obolibrary.org/obo/HP_0011074,Localized hypoplasia of dental enamel,http://purl.obolibrary.org/obo/UBERON_0001752,
http://purl.obolibrary.org/obo/HP_0011075,Green teeth,http://purl.obolibrary.org/obo/UBERON_0001091,
http://purl.obolibrary.org/obo/HP_0011076,Abnormality of premolar,http://purl.obolibrary.org/obo/UBERON_0007120,
http://purl.obolibrary.org/obo/HP_0011077,Abnormality of molar,http://purl.obolibrary.org/obo/UBERON_0003655,
http://purl.obolibrary.org/obo/HP_0011078,Abnormality of canine,http://purl.obolibrary.org/obo/UBERON_0003674,
http://purl.obolibrary.org/obo/HP_0011080,Abnormal premolar morphology,http://purl.obolibrary.org/obo/UBERON_0007120,
http://purl.obolibrary.org/obo/HP_0011081,Incisor macrodontia,http://purl.obolibrary.org/obo/UBERON_0001098,
http://purl.obolibrary.org/obo/HP_0011082,Conical primary incisor,http://purl.obolibrary.org/obo/UBERON_0016476,
http://purl.obolibrary.org/obo/HP_0011083,Conical maxillary incisor,http://purl.obolibrary.org/obo/UBERON_0003450,
http://purl.obolibrary.org/obo/HP_0011086,Dentinogenesis imperfecta of primary and permanent teeth,http://purl.obolibrary.org/obo/UBERON_0007774,
http://purl.obolibrary.org/obo/HP_0011086,Dentinogenesis imperfecta of primary and permanent teeth,http://purl.obolibrary.org/obo/UBERON_0007116,
http://purl.obolibrary.org/obo/HP_0011093,Molarization of premolar,http://purl.obolibrary.org/obo/UBERON_0007120,
http://purl.obolibrary.org/obo/HP_0011096,Peripheral demyelination,http://purl.obolibrary.org/obo/UBERON_0000010,
http://purl.obolibrary.org/obo/HP_0011100,Intestinal atresia,http://purl.obolibrary.org/obo/UBERON_0000160,
http://purl.obolibrary.org/obo/HP_0011102,Ileal atresia,http://purl.obolibrary.org/obo/UBERON_0002116,
http://purl.obolibrary.org/obo/HP_0011103,Abnormal left ventricular outflow tract morphology,http://purl.obolibrary.org/obo/UBERON_0005956,
http://purl.obolibrary.org/obo/HP_0011110,Recurrent tonsillitis,http://purl.obolibrary.org/obo/UBERON_0002372,
http://purl.obolibrary.org/obo/HP_0011119,Abnormal nasal dorsum morphology,http://purl.obolibrary.org/obo/UBERON_0016464,
http://purl.obolibrary.org/obo/HP_0011121,Abnormal skin morphology,http://purl.obolibrary.org/obo/UBERON_0002097,
http://purl.obolibrary.org/obo/HP_0011122,Abnormality of skin physiology,http://purl.obolibrary.org/obo/UBERON_0002097,
http://purl.obolibrary.org/obo/HP_0011123,Inflammatory abnormality of the skin,http://purl.obolibrary.org/obo/UBERON_0002097,
http://purl.obolibrary.org/obo/HP_0011124,Abnormal epidermal morphology,http://purl.obolibrary.org/obo/UBERON_0001003,
http://purl.obolibrary.org/obo/HP_0011128,Acute esophageal necrosis,http://purl.obolibrary.org/obo/UBERON_0001043,
http://purl.obolibrary.org/obo/HP_0011130,Abnormal renal calyx morphology,http://purl.obolibrary.org/obo/UBERON_0006517,
http://purl.obolibrary.org/obo/HP_0011135,Aplasia/Hypoplasia of the sweat glands,http://purl.obolibrary.org/obo/UBERON_0001820,
http://purl.obolibrary.org/obo/HP_0011136,Aplasia of the sweat glands,http://purl.obolibrary.org/obo/UBERON_0001820,
http://purl.obolibrary.org/obo/HP_0011138,Abnormal skin adnexa morphology,http://purl.obolibrary.org/obo/UBERON_0006003,
http://purl.obolibrary.org/obo/HP_0011139,Gastric duplication,http://purl.obolibrary.org/obo/UBERON_0000945,
http://purl.obolibrary.org/obo/HP_0011140,Gastrointestinal duplication,http://purl.obolibrary.org/obo/UBERON_0005409,
http://purl.obolibrary.org/obo/HP_0011217,Abnormal shape of the occiput,http://purl.obolibrary.org/obo/UBERON_0001676,
http://purl.obolibrary.org/obo/HP_0011218,Abnormal shape of the frontal region,http://purl.obolibrary.org/obo/UBERON_0001870,
http://purl.obolibrary.org/obo/HP_0011219,Short face,http://purl.obolibrary.org/obo/UBERON_0001456,
http://purl.obolibrary.org/obo/HP_0011224,Ablepharon,http://purl.obolibrary.org/obo/UBERON_0001711,
http://purl.obolibrary.org/obo/HP_0011226,Aplasia/Hypoplasia of the eyelid,http://purl.obolibrary.org/obo/UBERON_0001711,
http://purl.obolibrary.org/obo/HP_0011229,Broad eyebrow,http://purl.obolibrary.org/obo/UBERON_0010163,
http://purl.obolibrary.org/obo/HP_0011234,Absent antihelix,http://purl.obolibrary.org/obo/UBERON_0016466,
http://purl.obolibrary.org/obo/HP_0011248,Everted antitragus,http://purl.obolibrary.org/obo/UBERON_0016467,
http://purl.obolibrary.org/obo/HP_0011249,Absent antitragus,http://purl.obolibrary.org/obo/UBERON_0016467,
http://purl.obolibrary.org/obo/HP_0011250,Bifid antitragus,http://purl.obolibrary.org/obo/UBERON_0016467,
http://purl.obolibrary.org/obo/HP_0011251,Underdeveloped antitragus,http://purl.obolibrary.org/obo/UBERON_0016467,
http://purl.obolibrary.org/obo/HP_0011265,Cleft earlobe,http://purl.obolibrary.org/obo/UBERON_0001847,
http://purl.obolibrary.org/obo/HP_0011268,Absent tragus,http://purl.obolibrary.org/obo/UBERON_0010887,
http://purl.obolibrary.org/obo/HP_0011269,Bifid tragus,http://purl.obolibrary.org/obo/UBERON_0010887,
http://purl.obolibrary.org/obo/HP_0011270,Duplicated tragus,http://purl.obolibrary.org/obo/UBERON_0010887,
http://purl.obolibrary.org/obo/HP_0011271,Prominent tragus,http://purl.obolibrary.org/obo/UBERON_0010887,
http://purl.obolibrary.org/obo/HP_0011272,Underdeveloped tragus,http://purl.obolibrary.org/obo/UBERON_0010887,
http://purl.obolibrary.org/obo/HP_0011277,Abnormality of the urinary system physiology,http://purl.obolibrary.org/obo/UBERON_0001008,
http://purl.obolibrary.org/obo/HP_0011279,Abnormality of urine bicarbonate level,http://purl.obolibrary.org/obo/UBERON_0001088,
http://purl.obolibrary.org/obo/HP_0011280,Abnormality of urine calcium concentration,http://purl.obolibrary.org/obo/UBERON_0001088,
http://purl.obolibrary.org/obo/HP_0011281,Abnormality of urine catecholamine level,http://purl.obolibrary.org/obo/UBERON_0001088,
http://purl.obolibrary.org/obo/HP_0011282,Abnormal hindbrain morphology,http://purl.obolibrary.org/obo/UBERON_0002028,
http://purl.obolibrary.org/obo/HP_0011283,Abnormal metencephalon morphology,http://purl.obolibrary.org/obo/UBERON_0001895,
http://purl.obolibrary.org/obo/HP_0011297,Abnormal digit morphology,http://purl.obolibrary.org/obo/UBERON_0002544,
http://purl.obolibrary.org/obo/HP_0011300,Broad fingertip,http://purl.obolibrary.org/obo/UBERON_0009552,
http://purl.obolibrary.org/obo/HP_0011301,Absent foot,http://purl.obolibrary.org/obo/UBERON_0001445,
http://purl.obolibrary.org/obo/HP_0011302,Long palm,http://purl.obolibrary.org/obo/UBERON_0008878,
http://purl.obolibrary.org/obo/HP_0011304,Broad thumb,http://purl.obolibrary.org/obo/UBERON_0001463,
http://purl.obolibrary.org/obo/HP_0011308,Slender toe,http://purl.obolibrary.org/obo/UBERON_0001466,
http://purl.obolibrary.org/obo/HP_0011309,Tapered toe,http://purl.obolibrary.org/obo/UBERON_0001466,
http://purl.obolibrary.org/obo/HP_0011313,Narrow nail,http://purl.obolibrary.org/obo/UBERON_0001705,
http://purl.obolibrary.org/obo/HP_0011314,Abnormal long bone morphology,http://purl.obolibrary.org/obo/UBERON_0002495,
http://purl.obolibrary.org/obo/HP_0011323,Cleft of chin,http://purl.obolibrary.org/obo/UBERON_0008199,
http://purl.obolibrary.org/obo/HP_0011328,Abnormal fontanelle morphology,http://purl.obolibrary.org/obo/UBERON_0002221,
http://purl.obolibrary.org/obo/HP_0011329,Abnormality of cranial sutures,http://purl.obolibrary.org/obo/UBERON_0003685,
http://purl.obolibrary.org/obo/HP_0011337,Abnormality of mouth size,http://purl.obolibrary.org/obo/UBERON_0000165,
http://purl.obolibrary.org/obo/HP_0011338,Abnormality of mouth shape,http://purl.obolibrary.org/obo/UBERON_0000165,
http://purl.obolibrary.org/obo/HP_0011341,Long upper lip,http://purl.obolibrary.org/obo/UBERON_0001834,
http://purl.obolibrary.org/obo/HP_0011348,Abnormal sixth cranial nerve morphology,http://purl.obolibrary.org/obo/UBERON_0001646,
http://purl.obolibrary.org/obo/HP_0011359,Dry hair,http://purl.obolibrary.org/obo/UBERON_0001037,
http://purl.obolibrary.org/obo/HP_0011362,Abnormal hair quantity,http://purl.obolibrary.org/obo/UBERON_0001037,
http://purl.obolibrary.org/obo/HP_0011372,Aplasia of the inner ear,http://purl.obolibrary.org/obo/UBERON_0001846,
http://purl.obolibrary.org/obo/HP_0011373,Incomplete partition of the cochlea,http://purl.obolibrary.org/obo/UBERON_0001844,
http://purl.obolibrary.org/obo/HP_0011375,Cochlear aplasia,http://purl.obolibrary.org/obo/UBERON_0001844,
http://purl.obolibrary.org/obo/HP_0011376,Abnormal morphology of the vestibule of the inner ear,http://purl.obolibrary.org/obo/UBERON_0005236,
http://purl.obolibrary.org/obo/HP_0011377,Aplasia of the vestibule,http://purl.obolibrary.org/obo/UBERON_0005236,
http://purl.obolibrary.org/obo/HP_0011378,Hypoplasia of the vestibule of the inner ear,http://purl.obolibrary.org/obo/UBERON_0005236,
http://purl.obolibrary.org/obo/HP_0011379,Dilated vestibule of the inner ear,http://purl.obolibrary.org/obo/UBERON_0005236,
http://purl.obolibrary.org/obo/HP_0011380,Abnormal semicircular canal morphology,http://purl.obolibrary.org/obo/UBERON_0001840,
http://purl.obolibrary.org/obo/HP_0011381,Aplasia of the semicircular canal,http://purl.obolibrary.org/obo/UBERON_0001840,
http://purl.obolibrary.org/obo/HP_0011382,Hypoplasia of the semicircular canal,http://purl.obolibrary.org/obo/UBERON_0001840,
http://purl.obolibrary.org/obo/HP_0011383,Enlarged semicircular canal,http://purl.obolibrary.org/obo/UBERON_0001840,
http://purl.obolibrary.org/obo/HP_0011384,Abnormality of the internal auditory canal,http://purl.obolibrary.org/obo/UBERON_0011859,
http://purl.obolibrary.org/obo/HP_0011385,Absent internal auditory canal,http://purl.obolibrary.org/obo/UBERON_0011859,
http://purl.obolibrary.org/obo/HP_0011386,Narrow internal auditory canal,http://purl.obolibrary.org/obo/UBERON_0011859,
http://purl.obolibrary.org/obo/HP_0011387,Enlarged vestibular aqueduct,http://purl.obolibrary.org/obo/UBERON_0002279,
http://purl.obolibrary.org/obo/HP_0011388,Enlarged cochlear aqueduct,http://purl.obolibrary.org/obo/UBERON_0001855,
http://purl.obolibrary.org/obo/HP_0011389,Functional abnormality of the inner ear,http://purl.obolibrary.org/obo/UBERON_0001846,
http://purl.obolibrary.org/obo/HP_0011390,Abnormal inner ear morphology,http://purl.obolibrary.org/obo/UBERON_0001846,
http://purl.obolibrary.org/obo/HP_0011391,Abnormal inner ear nerve morphology,http://purl.obolibrary.org/obo/UBERON_0001021,
http://purl.obolibrary.org/obo/HP_0011392,Abnormality of the vestibular nerve,http://purl.obolibrary.org/obo/UBERON_0003723,
http://purl.obolibrary.org/obo/HP_0011393,Aplasia of the vestibular nerve.,http://purl.obolibrary.org/obo/UBERON_0003723,
http://purl.obolibrary.org/obo/HP_0011394,Hypoplasia of the vestibular nerve,http://purl.obolibrary.org/obo/UBERON_0003723,
http://purl.obolibrary.org/obo/HP_0011395,Aplasia/Hypoplasia of the cochlea,http://purl.obolibrary.org/obo/UBERON_0001844,
http://purl.obolibrary.org/obo/HP_0011396,Abnormality of the cochlear nerve,http://purl.obolibrary.org/obo/UBERON_0004727,
http://purl.obolibrary.org/obo/HP_0011397,Abnormality of the dorsal column of the spinal cord,http://purl.obolibrary.org/obo/UBERON_0005373,
http://purl.obolibrary.org/obo/HP_0011399,Tibialis anterior muscle atrophy,http://purl.obolibrary.org/obo/UBERON_0008230,
http://purl.obolibrary.org/obo/HP_0011403,Abnormal umbilical cord blood vessel morphology,http://purl.obolibrary.org/obo/UBERON_0010260,
http://purl.obolibrary.org/obo/HP_0011409,Abnormal placental membrane morphology,http://purl.obolibrary.org/obo/UBERON_0009002,
http://purl.obolibrary.org/obo/HP_0011415,Calcified placenta,http://purl.obolibrary.org/obo/UBERON_0001987,
http://purl.obolibrary.org/obo/HP_0011417,Long umbilical cord,http://purl.obolibrary.org/obo/UBERON_0002331,
http://purl.obolibrary.org/obo/HP_0011422,Abnormal blood chloride concentration,http://purl.obolibrary.org/obo/UBERON_0000178,
http://purl.obolibrary.org/obo/HP_0011423,Hyperchloremia,http://purl.obolibrary.org/obo/UBERON_0000178,
http://purl.obolibrary.org/obo/HP_0011424,Increased serum zinc,http://purl.obolibrary.org/obo/UBERON_0001977,
http://purl.obolibrary.org/obo/HP_0011441,Abnormal medulla oblongata morphology,http://purl.obolibrary.org/obo/UBERON_0001896,
http://purl.obolibrary.org/obo/HP_0011443,Abnormality of coordination,http://purl.obolibrary.org/obo/UBERON_0000468,
http://purl.obolibrary.org/obo/HP_0011448,Ankle clonus,http://purl.obolibrary.org/obo/UBERON_0004454,
http://purl.obolibrary.org/obo/HP_0011449,Knee clonus,http://purl.obolibrary.org/obo/UBERON_0001485,
http://purl.obolibrary.org/obo/HP_0011452,Functional abnormality of the middle ear,http://purl.obolibrary.org/obo/UBERON_0001756,
http://purl.obolibrary.org/obo/HP_0011453,Abnormal incus morphology,http://purl.obolibrary.org/obo/UBERON_0001688,
http://purl.obolibrary.org/obo/HP_0011454,Abnormal malleus morphology,http://purl.obolibrary.org/obo/UBERON_0001689,
http://purl.obolibrary.org/obo/HP_0011455,Absent malleus,http://purl.obolibrary.org/obo/UBERON_0001689,
http://purl.obolibrary.org/obo/HP_0011456,Absent stapes,http://purl.obolibrary.org/obo/UBERON_0001687,
http://purl.obolibrary.org/obo/HP_0011466,Aplasia/Hypoplasia of the gallbladder,http://purl.obolibrary.org/obo/UBERON_0002110,
http://purl.obolibrary.org/obo/HP_0011467,Absent gallbladder,http://purl.obolibrary.org/obo/UBERON_0002110,
http://purl.obolibrary.org/obo/HP_0011472,Abnormal small intestinal villus morphology,http://purl.obolibrary.org/obo/UBERON_0001213,
http://purl.obolibrary.org/obo/HP_0011473,Villous atrophy,http://purl.obolibrary.org/obo/UBERON_0001213,
http://purl.obolibrary.org/obo/HP_0011479,Abnormal lacrimal punctum morphology,http://purl.obolibrary.org/obo/UBERON_0010284,
http://purl.obolibrary.org/obo/HP_0011481,Abnormal lacrimal duct morphology,http://purl.obolibrary.org/obo/UBERON_0001850,
http://purl.obolibrary.org/obo/HP_0011482,Abnormal lacrimal gland morphology,http://purl.obolibrary.org/obo/UBERON_0001817,
http://purl.obolibrary.org/obo/HP_0011486,Abnormal corneal thickness,http://purl.obolibrary.org/obo/UBERON_0000964,
http://purl.obolibrary.org/obo/HP_0011487,Increased corneal thickness,http://purl.obolibrary.org/obo/UBERON_0000964,
http://purl.obolibrary.org/obo/HP_0011488,Abnormal corneal endothelium morphology,http://purl.obolibrary.org/obo/UBERON_0001985,
http://purl.obolibrary.org/obo/HP_0011489,Abnormal migration of corneal endothelium,http://purl.obolibrary.org/obo/UBERON_0001985,
http://purl.obolibrary.org/obo/HP_0011490,Abnormal Descemet membrane morphology,http://purl.obolibrary.org/obo/UBERON_0004367,
http://purl.obolibrary.org/obo/HP_0011492,Abnormal corneal stroma morphology,http://purl.obolibrary.org/obo/UBERON_0001777,
http://purl.obolibrary.org/obo/HP_0011495,Abnormal corneal epithelium morphology,http://purl.obolibrary.org/obo/UBERON_0001772,
http://purl.obolibrary.org/obo/HP_0011503,Aplasia of the fovea,http://purl.obolibrary.org/obo/UBERON_0001786,
http://purl.obolibrary.org/obo/HP_0011508,Macular hole,http://purl.obolibrary.org/obo/UBERON_0000054,
http://purl.obolibrary.org/obo/HP_0011509,Macular hyperpigmentation,http://purl.obolibrary.org/obo/UBERON_0000053,
http://purl.obolibrary.org/obo/HP_0011512,Hyperpigmentation of the fundus,http://purl.obolibrary.org/obo/UBERON_0003951,
http://purl.obolibrary.org/obo/HP_0011523,Iris cyst,http://purl.obolibrary.org/obo/UBERON_0001769,
http://purl.obolibrary.org/obo/HP_0011526,Abnormality of lens shape,http://purl.obolibrary.org/obo/UBERON_0000965,
http://purl.obolibrary.org/obo/HP_0011560,Mitral atresia,http://purl.obolibrary.org/obo/UBERON_0002135,
http://purl.obolibrary.org/obo/HP_0011573,Hypoplastic tricuspid valve,http://purl.obolibrary.org/obo/UBERON_0002134,
http://purl.obolibrary.org/obo/HP_0011574,Imperforate atrioventricular valve,http://purl.obolibrary.org/obo/UBERON_0002133,
http://purl.obolibrary.org/obo/HP_0011575,Imperforate tricuspid valve,http://purl.obolibrary.org/obo/UBERON_0002134,
http://purl.obolibrary.org/obo/HP_0011580,Short chordae tendineae of the mitral valve,http://purl.obolibrary.org/obo/UBERON_0014851,
http://purl.obolibrary.org/obo/HP_0011615,Abnormal pulmonary situs morphology,http://purl.obolibrary.org/obo/UBERON_0000170,
http://purl.obolibrary.org/obo/HP_0011629,Total absence of the pericardium,http://purl.obolibrary.org/obo/UBERON_0002407,
http://purl.obolibrary.org/obo/HP_0011642,Abnormal coronary sinus morphology,http://purl.obolibrary.org/obo/UBERON_0005438,
http://purl.obolibrary.org/obo/HP_0011645,Dilatation of the sinus of Valsalva,http://purl.obolibrary.org/obo/UBERON_0003707,
http://purl.obolibrary.org/obo/HP_0011662,Tricuspid atresia,http://purl.obolibrary.org/obo/UBERON_0002134,
http://purl.obolibrary.org/obo/HP_0011718,Abnormality of the pulmonary veins,http://purl.obolibrary.org/obo/UBERON_0002016,
http://purl.obolibrary.org/obo/HP_0011728,Elbow clonus,http://purl.obolibrary.org/obo/UBERON_0001490,
http://purl.obolibrary.org/obo/HP_0011729,Abnormality of joint mobility,http://purl.obolibrary.org/obo/UBERON_0000982,
http://purl.obolibrary.org/obo/HP_0011731,Abnormality of circulating cortisol level,http://purl.obolibrary.org/obo/UBERON_0000178,
http://purl.obolibrary.org/obo/HP_0011732,Abnormal adrenal morphology,http://purl.obolibrary.org/obo/UBERON_0002369,
http://purl.obolibrary.org/obo/HP_0011733,Abnormality of adrenal physiology,http://purl.obolibrary.org/obo/UBERON_0002369,
http://purl.obolibrary.org/obo/HP_0011742,Ectopic adrenal gland,http://purl.obolibrary.org/obo/UBERON_0002369,
http://purl.obolibrary.org/obo/HP_0011743,Adrenal gland agenesis,http://purl.obolibrary.org/obo/UBERON_0002369,
http://purl.obolibrary.org/obo/HP_0011747,Abnormality of the anterior pituitary,http://purl.obolibrary.org/obo/UBERON_0002196,
http://purl.obolibrary.org/obo/HP_0011751,Abnormal posterior pituitary morphogenesis,http://purl.obolibrary.org/obo/UBERON_0002198,
http://purl.obolibrary.org/obo/HP_0011753,Posterior pituitary dysgenesis,http://purl.obolibrary.org/obo/UBERON_0002198,
http://purl.obolibrary.org/obo/HP_0011755,Ectopic posterior pituitary,http://purl.obolibrary.org/obo/UBERON_0002198,
http://purl.obolibrary.org/obo/HP_0011756,Posterior pituitary agenesis,http://purl.obolibrary.org/obo/UBERON_0002198,
http://purl.obolibrary.org/obo/HP_0011757,Posterior pituitary hypoplasia,http://purl.obolibrary.org/obo/UBERON_0002198,
http://purl.obolibrary.org/obo/HP_0011766,Abnormal parathyroid morphology,http://purl.obolibrary.org/obo/UBERON_0001132,
http://purl.obolibrary.org/obo/HP_0011767,Abnormality of the parathyroid physiology,http://purl.obolibrary.org/obo/UBERON_0001132,
http://purl.obolibrary.org/obo/HP_0011768,Parathyroid dysgenesis,http://purl.obolibrary.org/obo/UBERON_0001132,
http://purl.obolibrary.org/obo/HP_0011769,Ectopic parathyroid,http://purl.obolibrary.org/obo/UBERON_0001132,
http://purl.obolibrary.org/obo/HP_0011772,Abnormal thyroid morphology,http://purl.obolibrary.org/obo/UBERON_0002046,
http://purl.obolibrary.org/obo/HP_0011788,Increased circulating free T3,http://purl.obolibrary.org/obo/UBERON_0000178,
http://purl.obolibrary.org/obo/HP_0011800,Midface retrusion,http://purl.obolibrary.org/obo/UBERON_0004089,
http://purl.obolibrary.org/obo/HP_0011802,Hamartoma of tongue,http://purl.obolibrary.org/obo/UBERON_0001723,
http://purl.obolibrary.org/obo/HP_0011803,Bifid nose,http://purl.obolibrary.org/obo/UBERON_0000004,
http://purl.obolibrary.org/obo/HP_0011804,Abnormal muscle physiology,http://purl.obolibrary.org/obo/UBERON_0001630,
http://purl.obolibrary.org/obo/HP_0011805,Abnormal skeletal muscle morphology,http://purl.obolibrary.org/obo/UBERON_0001630,
http://purl.obolibrary.org/obo/HP_0011808,Decreased patellar reflex,http://purl.obolibrary.org/obo/UBERON_0002446,
http://purl.obolibrary.org/obo/HP_0011814,Increased urinary hypoxanthine level,http://purl.obolibrary.org/obo/UBERON_0001088,
http://purl.obolibrary.org/obo/HP_0011819,Submucous cleft soft palate,http://purl.obolibrary.org/obo/UBERON_0003682,
http://purl.obolibrary.org/obo/HP_0011821,Abnormal facial skeleton morphology,http://purl.obolibrary.org/obo/UBERON_0011156,
http://purl.obolibrary.org/obo/HP_0011822,Broad chin,http://purl.obolibrary.org/obo/UBERON_0008199,
http://purl.obolibrary.org/obo/HP_0011830,Abnormal oral mucosa morphology,http://purl.obolibrary.org/obo/UBERON_0003729,
http://purl.obolibrary.org/obo/HP_0011835,Absent scaphoid,http://purl.obolibrary.org/obo/UBERON_0001427,
http://purl.obolibrary.org/obo/HP_0011836,Delayed talus ossification,http://purl.obolibrary.org/obo/UBERON_0002395,
http://purl.obolibrary.org/obo/HP_0011839,Abnormal T cell count,,http://purl.obolibrary.org/obo/CL_0000084
http://purl.obolibrary.org/obo/HP_0011840,Abnormality of T cell physiology,,http://purl.obolibrary.org/obo/CL_0000084
http://purl.obolibrary.org/obo/HP_0011842,Abnormal skeletal morphology,http://purl.obolibrary.org/obo/UBERON_0001434,
http://purl.obolibrary.org/obo/HP_0011843,Abnormal musculoskeletal physiology,http://purl.obolibrary.org/obo/UBERON_0002204,
http://purl.obolibrary.org/obo/HP_0011844,Abnormal appendicular skeleton morphology,http://purl.obolibrary.org/obo/UBERON_0002091,
http://purl.obolibrary.org/obo/HP_0011845,Short second metatarsal,http://purl.obolibrary.org/obo/UBERON_0003651,
http://purl.obolibrary.org/obo/HP_0011849,Abnormal bone ossification,http://purl.obolibrary.org/obo/UBERON_0001474,
http://purl.obolibrary.org/obo/HP_0011855,Pharyngeal edema,http://purl.obolibrary.org/obo/UBERON_0001042,
http://purl.obolibrary.org/obo/HP_0011862,Abnormal bone collagen fibril morphology,http://purl.obolibrary.org/obo/UBERON_0011863,
http://purl.obolibrary.org/obo/HP_0011863,Abnormal sternal ossification,http://purl.obolibrary.org/obo/UBERON_0000975,
http://purl.obolibrary.org/obo/HP_0011864,Elevated plasma pyrophosphate,http://purl.obolibrary.org/obo/UBERON_0001969,
http://purl.obolibrary.org/obo/HP_0011867,Abnormal iliac wing morphology,http://purl.obolibrary.org/obo/UBERON_0010746,
http://purl.obolibrary.org/obo/HP_0011869,Abnormal platelet function,,http://purl.obolibrary.org/obo/CL_0000233
http://purl.obolibrary.org/obo/HP_0011873,Abnormal platelet count,,http://purl.obolibrary.org/obo/CL_0000233
http://purl.obolibrary.org/obo/HP_0011875,Abnormal platelet morphology,,http://purl.obolibrary.org/obo/CL_0000233
http://purl.obolibrary.org/obo/HP_0011876,Abnormal platelet volume,,http://purl.obolibrary.org/obo/CL_0000233
http://purl.obolibrary.org/obo/HP_0011877,Increased mean platelet volume,,http://purl.obolibrary.org/obo/CL_0000233
http://purl.obolibrary.org/obo/HP_0011885,Hemorrhage of the eye,http://purl.obolibrary.org/obo/UBERON_0000019,
http://purl.obolibrary.org/obo/HP_0011887,Choroid hemorrhage,http://purl.obolibrary.org/obo/UBERON_0001776,
http://purl.obolibrary.org/obo/HP_0011893,Abnormal leukocyte count,,http://purl.obolibrary.org/obo/CL_0000738
http://purl.obolibrary.org/obo/HP_0011911,Abnormal metacarpophalangeal joint morphology,http://purl.obolibrary.org/obo/UBERON_0003695,
http://purl.obolibrary.org/obo/HP_0011912,Abnormality of the glenoid fossa,http://purl.obolibrary.org/obo/UBERON_0006657,
http://purl.obolibrary.org/obo/HP_0011915,Cardiovascular calcification,http://purl.obolibrary.org/obo/UBERON_0004535,
http://purl.obolibrary.org/obo/HP_0011917,Short 5th toe,http://purl.obolibrary.org/obo/UBERON_0003635,
http://purl.obolibrary.org/obo/HP_0011918,Clinodactyly of the 4th toe,http://purl.obolibrary.org/obo/UBERON_0003634,
http://purl.obolibrary.org/obo/HP_0011926,Proximal placement of hallux,http://purl.obolibrary.org/obo/UBERON_0003631,
http://purl.obolibrary.org/obo/HP_0011927,Short digit,http://purl.obolibrary.org/obo/UBERON_0002544,
http://purl.obolibrary.org/obo/HP_0011928,Short proximal phalanx of toe,http://purl.obolibrary.org/obo/UBERON_0003868,
http://purl.obolibrary.org/obo/HP_0011931,Abnormal cerebellar peduncle morphology,http://purl.obolibrary.org/obo/UBERON_0007416,
http://purl.obolibrary.org/obo/HP_0011932,Abnormal superior cerebellar peduncle morphology,http://purl.obolibrary.org/obo/UBERON_0007709,
http://purl.obolibrary.org/obo/HP_0011933,Elongated superior cerebellar peduncle,http://purl.obolibrary.org/obo/UBERON_0007709,
http://purl.obolibrary.org/obo/HP_0011935,Decreased urinary urate,http://purl.obolibrary.org/obo/UBERON_0001088,
http://purl.obolibrary.org/obo/HP_0011937,Hypoplastic fifth toenail,http://purl.obolibrary.org/obo/UBERON_0011282,
http://purl.obolibrary.org/obo/HP_0011943,Increased urinary thiosulfate,http://purl.obolibrary.org/obo/UBERON_0001088,
http://purl.obolibrary.org/obo/HP_0011957,Abnormal pectoral muscle morphology,http://purl.obolibrary.org/obo/UBERON_0001495,
http://purl.obolibrary.org/obo/HP_0011958,Retinal perforation,http://purl.obolibrary.org/obo/UBERON_0000966,
http://purl.obolibrary.org/obo/HP_0011960,Substantia nigra gliosis,http://purl.obolibrary.org/obo/UBERON_0002038,
http://purl.obolibrary.org/obo/HP_0011965,Abnormal circulating citrulline concentration,http://purl.obolibrary.org/obo/UBERON_0000178,
http://purl.obolibrary.org/obo/HP_0011966,Elevated plasma citrulline,http://purl.obolibrary.org/obo/UBERON_0001969,
http://purl.obolibrary.org/obo/HP_0011967,Decreased circulating copper concentration,http://purl.obolibrary.org/obo/UBERON_0000178,
http://purl.obolibrary.org/obo/HP_0011969,Elevated circulating luteinizing hormone level,http://purl.obolibrary.org/obo/UBERON_0000178,
http://purl.obolibrary.org/obo/HP_0011976,Elevated urinary catecholamine level,http://purl.obolibrary.org/obo/UBERON_0001088,
http://purl.obolibrary.org/obo/HP_0011977,Elevated urinary homovanillic acid,http://purl.obolibrary.org/obo/UBERON_0001088,
http://purl.obolibrary.org/obo/HP_0011978,Elevated urinary vanillylmandelic acid,http://purl.obolibrary.org/obo/UBERON_0001088,
http://purl.obolibrary.org/obo/HP_0011979,Elevated urinary dopamine level,http://purl.obolibrary.org/obo/UBERON_0001088,
http://purl.obolibrary.org/obo/HP_0011984,Atretic gallbladder,http://purl.obolibrary.org/obo/UBERON_0002110,
http://purl.obolibrary.org/obo/HP_0011990,Abnormal neutrophil physiology,,http://purl.obolibrary.org/obo/CL_0000775
http://purl.obolibrary.org/obo/HP_0011991,Abnormal total neutrophil count,,http://purl.obolibrary.org/obo/CL_0000775
http://purl.obolibrary.org/obo/HP_0011992,Abnormal neutrophil morphology,,http://purl.obolibrary.org/obo/CL_0000775
http://purl.obolibrary.org/obo/HP_0011994,Abnormal atrial septum morphology,http://purl.obolibrary.org/obo/UBERON_0002085,
http://purl.obolibrary.org/obo/HP_0012023,Galactosuria,http://purl.obolibrary.org/obo/UBERON_0001088,
http://purl.obolibrary.org/obo/HP_0012024,Hypergalactosemia,http://purl.obolibrary.org/obo/UBERON_0000178,
http://purl.obolibrary.org/obo/HP_0012025,Abnormal circulating ornithine concentration,http://purl.obolibrary.org/obo/UBERON_0000178,
http://purl.obolibrary.org/obo/HP_0012026,Hyperornithinemia,http://purl.obolibrary.org/obo/UBERON_0000178,
http://purl.obolibrary.org/obo/HP_0012027,Laryngeal edema,http://purl.obolibrary.org/obo/UBERON_0001737,
http://purl.obolibrary.org/obo/HP_0012029,Abnormal urine hormone level,http://purl.obolibrary.org/obo/UBERON_0001088,
http://purl.obolibrary.org/obo/HP_0012030,Increased urinary cortisol level,http://purl.obolibrary.org/obo/UBERON_0001088,
http://purl.obolibrary.org/obo/HP_0012037,Pectoralis amyotrophy,http://purl.obolibrary.org/obo/UBERON_0001495,
http://purl.obolibrary.org/obo/HP_0012040,Corneal stromal edema,http://purl.obolibrary.org/obo/UBERON_0001777,
http://purl.obolibrary.org/obo/HP_0012046,Areflexia of upper limbs,http://purl.obolibrary.org/obo/UBERON_0010708,
http://purl.obolibrary.org/obo/HP_0012052,Low serum calcitriol,http://purl.obolibrary.org/obo/UBERON_0000178,
http://purl.obolibrary.org/obo/HP_0012053,Decreased circulating calcifediol concentration,http://purl.obolibrary.org/obo/UBERON_0000178,
http://purl.obolibrary.org/obo/HP_0012066,Increased urinary disaccharide excretion,http://purl.obolibrary.org/obo/UBERON_0001088,
http://purl.obolibrary.org/obo/HP_0012067,Glycopeptiduria,http://purl.obolibrary.org/obo/UBERON_0001088,
http://purl.obolibrary.org/obo/HP_0012069,Keratan sulfate excretion in urine,http://purl.obolibrary.org/obo/UBERON_0001088,
http://purl.obolibrary.org/obo/HP_0012070,Chondroitin sulfate excretion in urine,http://purl.obolibrary.org/obo/UBERON_0001088,
http://purl.obolibrary.org/obo/HP_0012071,Abnormal circulating acylcarnitine concentration,http://purl.obolibrary.org/obo/UBERON_0000178,
http://purl.obolibrary.org/obo/HP_0012073,Abnormal urinary acylglycine profile,http://purl.obolibrary.org/obo/UBERON_0001088,
http://purl.obolibrary.org/obo/HP_0012081,Enlarged cerebellum,http://purl.obolibrary.org/obo/UBERON_0002037,
http://purl.obolibrary.org/obo/HP_0012084,Abnormality of skeletal muscle fiber size,,http://purl.obolibrary.org/obo/CL_0008002
http://purl.obolibrary.org/obo/HP_0012085,Pyuria,,http://purl.obolibrary.org/obo/CL_0000775
http://purl.obolibrary.org/obo/HP_0012086,Abnormal urinary color,http://purl.obolibrary.org/obo/UBERON_0001088,
http://purl.obolibrary.org/obo/HP_0012090,Abnormal pancreas morphology,http://purl.obolibrary.org/obo/UBERON_0001264,
http://purl.obolibrary.org/obo/HP_0012091,Abnormality of pancreas physiology,http://purl.obolibrary.org/obo/UBERON_0001264,
http://purl.obolibrary.org/obo/HP_0012092,Abnormality of exocrine pancreas physiology,http://purl.obolibrary.org/obo/UBERON_0000017,
http://purl.obolibrary.org/obo/HP_0012093,Abnormality of endocrine pancreas physiology,http://purl.obolibrary.org/obo/UBERON_0000016,
http://purl.obolibrary.org/obo/HP_0012094,Abnormal pancreas size,http://purl.obolibrary.org/obo/UBERON_0001264,
http://purl.obolibrary.org/obo/HP_0012099,Abnormality of circulating catecholamine level,http://purl.obolibrary.org/obo/UBERON_0000178,
http://purl.obolibrary.org/obo/HP_0012100,Abnormal circulating creatinine concentration,http://purl.obolibrary.org/obo/UBERON_0000178,
http://purl.obolibrary.org/obo/HP_0012101,Decreased serum creatinine,http://purl.obolibrary.org/obo/UBERON_0000178,
http://purl.obolibrary.org/obo/HP_0012107,Increased fibular diameter,http://purl.obolibrary.org/obo/UBERON_0001446,
http://purl.obolibrary.org/obo/HP_0012110,Hypoplasia of the pons,http://purl.obolibrary.org/obo/UBERON_0000988,
http://purl.obolibrary.org/obo/HP_0012111,Abnormality of circulating glucocorticoid level,http://purl.obolibrary.org/obo/UBERON_0000178,
http://purl.obolibrary.org/obo/HP_0012112,Abnormal circulating corticosterone level,http://purl.obolibrary.org/obo/UBERON_0000178,
http://purl.obolibrary.org/obo/HP_0012113,Abnormal circulating creatine concentration,http://purl.obolibrary.org/obo/UBERON_0000178,
http://purl.obolibrary.org/obo/HP_0012115,Hepatitis,http://purl.obolibrary.org/obo/UBERON_0002107,
http://purl.obolibrary.org/obo/HP_0012116,Abnormal circulating albumin concentration,http://purl.obolibrary.org/obo/UBERON_0000178,
http://purl.obolibrary.org/obo/HP_0012117,Hyperalbuminemia,http://purl.obolibrary.org/obo/UBERON_0000178,
http://purl.obolibrary.org/obo/HP_0012120,Methylmalonic aciduria,http://purl.obolibrary.org/obo/UBERON_0001088,
http://purl.obolibrary.org/obo/HP_0012127,Uraciluria,http://purl.obolibrary.org/obo/UBERON_0001088,
http://purl.obolibrary.org/obo/HP_0012128,Basal ganglia necrosis,http://purl.obolibrary.org/obo/UBERON_0002420,
http://purl.obolibrary.org/obo/HP_0012130,Abnormal erythroid lineage cell morphology,,http://purl.obolibrary.org/obo/CL_0000764
http://purl.obolibrary.org/obo/HP_0012131,Abnormal number of erythroid precursors,,http://purl.obolibrary.org/obo/CL_0000038
http://purl.obolibrary.org/obo/HP_0012132,Erythroid hyperplasia,,http://purl.obolibrary.org/obo/CL_0000038
http://purl.obolibrary.org/obo/HP_0012133,Erythroid hypoplasia,,http://purl.obolibrary.org/obo/CL_0000038
http://purl.obolibrary.org/obo/HP_0012135,Abnormal granulocytopoietic cell morphology,,http://purl.obolibrary.org/obo/CL_0002191
http://purl.obolibrary.org/obo/HP_0012137,Abnormal number of granulocyte precursors,,http://purl.obolibrary.org/obo/CL_0002191
http://purl.obolibrary.org/obo/HP_0012138,Granulocytic hyperplasia,,http://purl.obolibrary.org/obo/CL_0002191
http://purl.obolibrary.org/obo/HP_0012139,Granulocytic hypoplasia,,http://purl.obolibrary.org/obo/CL_0002191
http://purl.obolibrary.org/obo/HP_0012143,Abnormal megakaryocyte morphology,,http://purl.obolibrary.org/obo/CL_0000556
http://purl.obolibrary.org/obo/HP_0012144,Abnormal monocyte morphology,,http://purl.obolibrary.org/obo/CL_0000576
http://purl.obolibrary.org/obo/HP_0012146,Abnormality of von Willebrand factor,http://purl.obolibrary.org/obo/UBERON_0000178,
http://purl.obolibrary.org/obo/HP_0012153,Hypotriglyceridemia,http://purl.obolibrary.org/obo/UBERON_0000178,
http://purl.obolibrary.org/obo/HP_0012165,Oligodactyly,http://purl.obolibrary.org/obo/UBERON_0002544,
http://purl.obolibrary.org/obo/HP_0012176,Abnormal natural killer cell morphology,,http://purl.obolibrary.org/obo/CL_0000623
http://purl.obolibrary.org/obo/HP_0012177,Abnormal natural killer cell physiology,,http://purl.obolibrary.org/obo/CL_0000623
http://purl.obolibrary.org/obo/HP_0012184,Increased HDL cholesterol concentration,http://purl.obolibrary.org/obo/UBERON_0000178,
http://purl.obolibrary.org/obo/HP_0012187,Increased erythrocyte protoporphyrin concentration,,http://purl.obolibrary.org/obo/CL_0000232
http://purl.obolibrary.org/obo/HP_0012202,Increased serum bile acid concentration,http://purl.obolibrary.org/obo/UBERON_0000178,
http://purl.obolibrary.org/obo/HP_0012210,Abnormal renal morphology,http://purl.obolibrary.org/obo/UBERON_0002113,
http://purl.obolibrary.org/obo/HP_0012211,Abnormal renal physiology,http://purl.obolibrary.org/obo/UBERON_0002113,
http://purl.obolibrary.org/obo/HP_0012217,Increased urinary porphobilinogen,http://purl.obolibrary.org/obo/UBERON_0001088,
http://purl.obolibrary.org/obo/HP_0012234,Absence of circulating granulocytes,,http://purl.obolibrary.org/obo/CL_0000094
http://purl.obolibrary.org/obo/HP_0012236,Elevated sweat chloride,http://purl.obolibrary.org/obo/UBERON_0001089,
http://purl.obolibrary.org/obo/HP_0012237,Urocanic aciduria,http://purl.obolibrary.org/obo/UBERON_0001088,
http://purl.obolibrary.org/obo/HP_0012238,Increased circulating chylomicron concentration,http://purl.obolibrary.org/obo/UBERON_0000178,
http://purl.obolibrary.org/obo/HP_0012241,Levator palpebrae superioris atrophy,http://purl.obolibrary.org/obo/UBERON_0001604,
http://purl.obolibrary.org/obo/HP_0012242,Superior rectus atrophy,http://purl.obolibrary.org/obo/UBERON_0006533,
http://purl.obolibrary.org/obo/HP_0012243,Abnormal reproductive system morphology,http://purl.obolibrary.org/obo/UBERON_0000990,
http://purl.obolibrary.org/obo/HP_0012252,Abnormal respiratory system morphology,http://purl.obolibrary.org/obo/UBERON_0001004,
http://purl.obolibrary.org/obo/HP_0012253,Abnormal respiratory epithelium morphology,http://purl.obolibrary.org/obo/UBERON_0004807,
http://purl.obolibrary.org/obo/HP_0012261,Abnormal respiratory motile cilium physiology,,http://purl.obolibrary.org/obo/CL_0002368
http://purl.obolibrary.org/obo/HP_0012269,Abnormal muscle glycogen content,http://purl.obolibrary.org/obo/UBERON_0001630,
http://purl.obolibrary.org/obo/HP_0012270,Decreased muscle glycogen content,http://purl.obolibrary.org/obo/UBERON_0001630,
http://purl.obolibrary.org/obo/HP_0012277,Hypoglycinemia,http://purl.obolibrary.org/obo/UBERON_0000178,
http://purl.obolibrary.org/obo/HP_0012278,Abnormal circulating serine concentration,http://purl.obolibrary.org/obo/UBERON_0000178,
http://purl.obolibrary.org/obo/HP_0012279,Hyposerinemia,http://purl.obolibrary.org/obo/UBERON_0000178,
http://purl.obolibrary.org/obo/HP_0012284,Small proximal tibial epiphyses,http://purl.obolibrary.org/obo/UBERON_0008772,
http://purl.obolibrary.org/obo/HP_0012285,Abnormal hypothalamus physiology,http://purl.obolibrary.org/obo/UBERON_0001898,
http://purl.obolibrary.org/obo/HP_0012286,Abnormal hypothalamus morphology,http://purl.obolibrary.org/obo/UBERON_0001898,
http://purl.obolibrary.org/obo/HP_0012292,Fusion of gums,http://purl.obolibrary.org/obo/UBERON_0011601,
http://purl.obolibrary.org/obo/HP_0012292,Fusion of gums,http://purl.obolibrary.org/obo/UBERON_0011602,
http://purl.obolibrary.org/obo/HP_0012293,Abnormal genital pigmentation,http://purl.obolibrary.org/obo/UBERON_0004176,
http://purl.obolibrary.org/obo/HP_0012294,Abnormal occipital bone morphology,http://purl.obolibrary.org/obo/UBERON_0001676,
http://purl.obolibrary.org/obo/HP_0012295,Slender middle phalanx of finger,http://purl.obolibrary.org/obo/UBERON_0003864,
http://purl.obolibrary.org/obo/HP_0012296,Slender distal phalanx of finger,http://purl.obolibrary.org/obo/UBERON_0003865,
http://purl.obolibrary.org/obo/HP_0012297,Slender proximal phalanx of finger,http://purl.obolibrary.org/obo/UBERON_0002234,
http://purl.obolibrary.org/obo/HP_0012298,Long middle phalanx of finger,http://purl.obolibrary.org/obo/UBERON_0003864,
http://purl.obolibrary.org/obo/HP_0012299,Long distal phalanx of finger,http://purl.obolibrary.org/obo/UBERON_0003865,
http://purl.obolibrary.org/obo/HP_0012300,Ureteral agenesis,http://purl.obolibrary.org/obo/UBERON_0000056,
http://purl.obolibrary.org/obo/HP_0012303,Abnormal aortic arch morphology,http://purl.obolibrary.org/obo/UBERON_0001508,
http://purl.obolibrary.org/obo/HP_0012304,Hypoplastic aortic arch,http://purl.obolibrary.org/obo/UBERON_0001508,
http://purl.obolibrary.org/obo/HP_0012306,Abnormal rib ossification,http://purl.obolibrary.org/obo/UBERON_0002228,
http://purl.obolibrary.org/obo/HP_0012310,Abnormal monocyte count,,http://purl.obolibrary.org/obo/CL_0000576
http://purl.obolibrary.org/obo/HP_0012311,Increased total monocyte count,,http://purl.obolibrary.org/obo/CL_0000576
http://purl.obolibrary.org/obo/HP_0012312,Decreased total monocyte count,,http://purl.obolibrary.org/obo/CL_0000576
http://purl.obolibrary.org/obo/HP_0012319,Absent pigmentation of the abdomen,http://purl.obolibrary.org/obo/UBERON_0001416,
http://purl.obolibrary.org/obo/HP_0012320,Absent pigmentation of the limbs,http://purl.obolibrary.org/obo/UBERON_0001419,
http://purl.obolibrary.org/obo/HP_0012321,D-2-hydroxyglutaric aciduria,http://purl.obolibrary.org/obo/UBERON_0001088,
http://purl.obolibrary.org/obo/HP_0012326,Abnormal celiac artery morphology,http://purl.obolibrary.org/obo/UBERON_0001640,
http://purl.obolibrary.org/obo/HP_0012331,Abnormal autonomic nervous system morphology,http://purl.obolibrary.org/obo/UBERON_0002410,
http://purl.obolibrary.org/obo/HP_0012332,Abnormal autonomic nervous system physiology,http://purl.obolibrary.org/obo/UBERON_0002410,
http://purl.obolibrary.org/obo/HP_0012343,Decreased circulating ferritin concentration,http://purl.obolibrary.org/obo/UBERON_0001977,
http://purl.obolibrary.org/obo/HP_0012364,Decreased urinary potassium,http://purl.obolibrary.org/obo/UBERON_0001088,
http://purl.obolibrary.org/obo/HP_0012365,Hypophosphaturia,http://purl.obolibrary.org/obo/UBERON_0001088,
http://purl.obolibrary.org/obo/HP_0012368,Flat face,http://purl.obolibrary.org/obo/UBERON_0001456,
http://purl.obolibrary.org/obo/HP_0012370,Prominence of the zygomatic bone,http://purl.obolibrary.org/obo/UBERON_0001683,
http://purl.obolibrary.org/obo/HP_0012371,Hyperplasia of midface,http://purl.obolibrary.org/obo/UBERON_0004089,
http://purl.obolibrary.org/obo/HP_0012372,Abnormal eye morphology,http://purl.obolibrary.org/obo/UBERON_0000019,
http://purl.obolibrary.org/obo/HP_0012373,Abnormal eye physiology,http://purl.obolibrary.org/obo/UBERON_0000019,
http://purl.obolibrary.org/obo/HP_0012391,Hyporeflexia of upper limbs,http://purl.obolibrary.org/obo/UBERON_0010708,
http://purl.obolibrary.org/obo/HP_0012392,Jaw hyporeflexia,http://purl.obolibrary.org/obo/UBERON_0011648,
http://purl.obolibrary.org/obo/HP_0012401,Abnormal urine alpha-ketoglutarate concentration,http://purl.obolibrary.org/obo/UBERON_0001088,
http://purl.obolibrary.org/obo/HP_0012402,Increased urine alpha-ketoglutarate concentration,http://purl.obolibrary.org/obo/UBERON_0001088,
http://purl.obolibrary.org/obo/HP_0012403,Decreased urine alpha-ketoglutarate concentration,http://purl.obolibrary.org/obo/UBERON_0001088,
http://purl.obolibrary.org/obo/HP_0012404,Abnormal urine citrate concentration,http://purl.obolibrary.org/obo/UBERON_0001088,
http://purl.obolibrary.org/obo/HP_0012405,Hypocitraturia,http://purl.obolibrary.org/obo/UBERON_0001088,
http://purl.obolibrary.org/obo/HP_0012406,Hypercitraturia,http://purl.obolibrary.org/obo/UBERON_0001088,
http://purl.obolibrary.org/obo/HP_0012415,Abnormal blood gas level,http://purl.obolibrary.org/obo/UBERON_0000178,
http://purl.obolibrary.org/obo/HP_0012416,Hypercapnia,http://purl.obolibrary.org/obo/UBERON_0000178,
http://purl.obolibrary.org/obo/HP_0012417,Hypocapnia,http://purl.obolibrary.org/obo/UBERON_0000178,
http://purl.obolibrary.org/obo/HP_0012418,Hypoxemia,http://purl.obolibrary.org/obo/UBERON_0000178,
http://purl.obolibrary.org/obo/HP_0012419,Hyperoxemia,http://purl.obolibrary.org/obo/UBERON_0000178,
http://purl.obolibrary.org/obo/HP_0012421,Congenital absence of foreskin,http://purl.obolibrary.org/obo/UBERON_0001332,
http://purl.obolibrary.org/obo/HP_0012424,Chorioretinitis,http://purl.obolibrary.org/obo/UBERON_0000966,
http://purl.obolibrary.org/obo/HP_0012424,Chorioretinitis,http://purl.obolibrary.org/obo/UBERON_0001776,
http://purl.obolibrary.org/obo/HP_0012428,Prominent calcaneus,http://purl.obolibrary.org/obo/UBERON_0001450,
http://purl.obolibrary.org/obo/HP_0012429,Aplasia/Hypoplasia of the cerebral white matter,http://purl.obolibrary.org/obo/UBERON_0002437,
http://purl.obolibrary.org/obo/HP_0012430,Cerebral white matter hypoplasia,http://purl.obolibrary.org/obo/UBERON_0002437,
http://purl.obolibrary.org/obo/HP_0012437,Abnormal gallbladder morphology,http://purl.obolibrary.org/obo/UBERON_0002110,
http://purl.obolibrary.org/obo/HP_0012438,Abnormal gallbladder physiology,http://purl.obolibrary.org/obo/UBERON_0002110,
http://purl.obolibrary.org/obo/HP_0012439,Abnormal biliary tract physiology,http://purl.obolibrary.org/obo/UBERON_0001173,
http://purl.obolibrary.org/obo/HP_0012440,Abnormal biliary tract morphology,http://purl.obolibrary.org/obo/UBERON_0001173,
http://purl.obolibrary.org/obo/HP_0012443,Abnormal brain morphology,http://purl.obolibrary.org/obo/UBERON_0000955,
http://purl.obolibrary.org/obo/HP_0012444,Brain atrophy,http://purl.obolibrary.org/obo/UBERON_0000955,
http://purl.obolibrary.org/obo/HP_0012446,Decreased CSF 5-methyltetrahydrofolate concentration,http://purl.obolibrary.org/obo/UBERON_0001359,
http://purl.obolibrary.org/obo/HP_0012456,Medial arterial calcification,http://purl.obolibrary.org/obo/UBERON_0007239,
http://purl.obolibrary.org/obo/HP_0012465,Elevated hepatic iron concentration,http://purl.obolibrary.org/obo/UBERON_0002107,
http://purl.obolibrary.org/obo/HP_0012480,Abnormal cerebral vein morphology,http://purl.obolibrary.org/obo/UBERON_0001663,
http://purl.obolibrary.org/obo/HP_0012486,Myelitis,http://purl.obolibrary.org/obo/UBERON_0002240,
http://purl.obolibrary.org/obo/HP_0012490,Panniculitis,http://purl.obolibrary.org/obo/UBERON_0001013,
http://purl.obolibrary.org/obo/HP_0012492,Cerebral artery stenosis,http://purl.obolibrary.org/obo/UBERON_0004449,
http://purl.obolibrary.org/obo/HP_0012501,Abnormal brainstem white matter morphology,http://purl.obolibrary.org/obo/UBERON_0014891,
http://purl.obolibrary.org/obo/HP_0012502,Abnormality of the internal capsule,http://purl.obolibrary.org/obo/UBERON_0001887,
http://purl.obolibrary.org/obo/HP_0012503,Abnormal pituitary gland morphology,http://purl.obolibrary.org/obo/UBERON_0000007,
http://purl.obolibrary.org/obo/HP_0012504,Abnormal size of pituitary gland,http://purl.obolibrary.org/obo/UBERON_0000007,
http://purl.obolibrary.org/obo/HP_0012505,Enlarged pituitary gland,http://purl.obolibrary.org/obo/UBERON_0000007,
http://purl.obolibrary.org/obo/HP_0012506,Small pituitary gland,http://purl.obolibrary.org/obo/UBERON_0000007,
http://purl.obolibrary.org/obo/HP_0012507,Weakness of orbicularis oculi muscle,http://purl.obolibrary.org/obo/UBERON_0001578,
http://purl.obolibrary.org/obo/HP_0012515,Hip flexor weakness,http://purl.obolibrary.org/obo/UBERON_0000366,
http://purl.obolibrary.org/obo/HP_0012518,Abnormal circle of Willis morphology,http://purl.obolibrary.org/obo/UBERON_0003709,
http://purl.obolibrary.org/obo/HP_0012524,Abnormal platelet shape,,http://purl.obolibrary.org/obo/CL_0000233
http://purl.obolibrary.org/obo/HP_0012553,Hypoplastic thumbnail,http://purl.obolibrary.org/obo/UBERON_0011273,
http://purl.obolibrary.org/obo/HP_0012554,Absent thumbnail,http://purl.obolibrary.org/obo/UBERON_0011273,
http://purl.obolibrary.org/obo/HP_0012555,Absent nail of hallux,http://purl.obolibrary.org/obo/UBERON_0011278,
http://purl.obolibrary.org/obo/HP_0012556,Hyperbeta-alaninemia,http://purl.obolibrary.org/obo/UBERON_0000178,
http://purl.obolibrary.org/obo/HP_0012568,Lower eyelid edema,http://purl.obolibrary.org/obo/UBERON_0001713,
http://purl.obolibrary.org/obo/HP_0012574,Mesangial hypercellularity,http://purl.obolibrary.org/obo/UBERON_0002319,
http://purl.obolibrary.org/obo/HP_0012575,Abnormal nephron morphology,http://purl.obolibrary.org/obo/UBERON_0001285,
http://purl.obolibrary.org/obo/HP_0012585,Renal atrophy,http://purl.obolibrary.org/obo/UBERON_0002113,
http://purl.obolibrary.org/obo/HP_0012586,Bilateral renal atrophy,http://purl.obolibrary.org/obo/UBERON_0002113,
http://purl.obolibrary.org/obo/HP_0012592,Albuminuria,http://purl.obolibrary.org/obo/UBERON_0001088,
http://purl.obolibrary.org/obo/HP_0012598,Abnormal urine potassium concentration,http://purl.obolibrary.org/obo/UBERON_0001088,
http://purl.obolibrary.org/obo/HP_0012599,Abnormal urine phosphate concentration,http://purl.obolibrary.org/obo/UBERON_0001088,
http://purl.obolibrary.org/obo/HP_0012600,Abnormal urine chloride concentration,http://purl.obolibrary.org/obo/UBERON_0001088,
http://purl.obolibrary.org/obo/HP_0012601,Hypochloriduria,http://purl.obolibrary.org/obo/UBERON_0001088,
http://purl.obolibrary.org/obo/HP_0012603,Abnormal urine sodium concentration,http://purl.obolibrary.org/obo/UBERON_0001088,
http://purl.obolibrary.org/obo/HP_0012604,Hyponatriuria,http://purl.obolibrary.org/obo/UBERON_0001088,
http://purl.obolibrary.org/obo/HP_0012605,Hypernatriuria,http://purl.obolibrary.org/obo/UBERON_0001088,
http://purl.obolibrary.org/obo/HP_0012607,Abnormal urine magnesium concentration,http://purl.obolibrary.org/obo/UBERON_0001088,
http://purl.obolibrary.org/obo/HP_0012608,Hypermagnesiuria,http://purl.obolibrary.org/obo/UBERON_0001088,
http://purl.obolibrary.org/obo/HP_0012609,Hypomagnesiuria,http://purl.obolibrary.org/obo/UBERON_0001088,
http://purl.obolibrary.org/obo/HP_0012610,Abnormality of urinary uric acid level,http://purl.obolibrary.org/obo/UBERON_0001088,
http://purl.obolibrary.org/obo/HP_0012612,Abnormal urinary sulfate concentration,http://purl.obolibrary.org/obo/UBERON_0001088,
http://purl.obolibrary.org/obo/HP_0012613,Increased urinary sulfate,http://purl.obolibrary.org/obo/UBERON_0001088,
http://purl.obolibrary.org/obo/HP_0012618,Urachal cyst,http://purl.obolibrary.org/obo/UBERON_0002068,
http://purl.obolibrary.org/obo/HP_0012620,Cloacal abnormality,http://purl.obolibrary.org/obo/UBERON_0000163,
http://purl.obolibrary.org/obo/HP_0012628,Abnormal suspensory ligament of lens morphology,http://purl.obolibrary.org/obo/UBERON_0006762,
http://purl.obolibrary.org/obo/HP_0012638,Abnormal nervous system physiology,http://purl.obolibrary.org/obo/UBERON_0001016,
http://purl.obolibrary.org/obo/HP_0012639,Abnormal nervous system morphology,http://purl.obolibrary.org/obo/UBERON_0001016,
http://purl.obolibrary.org/obo/HP_0012643,Foveal hypopigmentation,http://purl.obolibrary.org/obo/UBERON_0001786,
http://purl.obolibrary.org/obo/HP_0012645,Enlarged peripheral nerve,http://purl.obolibrary.org/obo/UBERON_0001021,
http://purl.obolibrary.org/obo/HP_0012654,Abnormal CSF dopamine concentration,http://purl.obolibrary.org/obo/UBERON_0001359,
http://purl.obolibrary.org/obo/HP_0012655,Elevated CSF dopamine concentration,http://purl.obolibrary.org/obo/UBERON_0001359,
http://purl.obolibrary.org/obo/HP_0012656,Reduced CSF dopamine concentration,http://purl.obolibrary.org/obo/UBERON_0001359,
http://purl.obolibrary.org/obo/HP_0012675,Iron accumulation in brain,http://purl.obolibrary.org/obo/UBERON_0000955,
http://purl.obolibrary.org/obo/HP_0012676,Copper accumulation in brain,http://purl.obolibrary.org/obo/UBERON_0000955,
http://purl.obolibrary.org/obo/HP_0012678,Iron accumulation in substantia nigra,http://purl.obolibrary.org/obo/UBERON_0002038,
http://purl.obolibrary.org/obo/HP_0012680,Abnormality of the pineal gland,http://purl.obolibrary.org/obo/UBERON_0001905,
http://purl.obolibrary.org/obo/HP_0012681,Abnormal pineal morphology,http://purl.obolibrary.org/obo/UBERON_0001905,
http://purl.obolibrary.org/obo/HP_0012682,Pineal gland calcification,http://purl.obolibrary.org/obo/UBERON_0001905,
http://purl.obolibrary.org/obo/HP_0012683,Pineal cyst,http://purl.obolibrary.org/obo/UBERON_0001905,
http://purl.obolibrary.org/obo/HP_0012684,Abnormal pineal volume,http://purl.obolibrary.org/obo/UBERON_0001905,
http://purl.obolibrary.org/obo/HP_0012685,Decreased pineal volume,http://purl.obolibrary.org/obo/UBERON_0001905,
http://purl.obolibrary.org/obo/HP_0012686,Increased pineal volume,http://purl.obolibrary.org/obo/UBERON_0001905,
http://purl.obolibrary.org/obo/HP_0012687,Agenesis of pineal gland,http://purl.obolibrary.org/obo/UBERON_0001905,
http://purl.obolibrary.org/obo/HP_0012688,Abnormality of pineal physiology,http://purl.obolibrary.org/obo/UBERON_0001905,
http://purl.obolibrary.org/obo/HP_0012693,Abnormal thalamic size,http://purl.obolibrary.org/obo/UBERON_0004703,
http://purl.obolibrary.org/obo/HP_0012694,Enlarged thalamic volume,http://purl.obolibrary.org/obo/UBERON_0004703,
http://purl.obolibrary.org/obo/HP_0012695,Decreased thalamic volume,http://purl.obolibrary.org/obo/UBERON_0004703,
http://purl.obolibrary.org/obo/HP_0012697,Small basal ganglia,http://purl.obolibrary.org/obo/UBERON_0002420,
http://purl.obolibrary.org/obo/HP_0012698,Cerebellar gliosis,http://purl.obolibrary.org/obo/UBERON_0002037,
http://purl.obolibrary.org/obo/HP_0012699,Anomaly of lower limb diaphyses,http://purl.obolibrary.org/obo/UBERON_0004769,
http://purl.obolibrary.org/obo/HP_0012700,Abnormal large intestine physiology,http://purl.obolibrary.org/obo/UBERON_0000059,
http://purl.obolibrary.org/obo/HP_0012703,Abnormal subarachnoid space morphology,http://purl.obolibrary.org/obo/UBERON_0000315,
http://purl.obolibrary.org/obo/HP_0012704,Widened subarachnoid space,http://purl.obolibrary.org/obo/UBERON_0000315,
http://purl.obolibrary.org/obo/HP_0012718,Abnormal gastrointestinal tract morphology,http://purl.obolibrary.org/obo/UBERON_0005409,
http://purl.obolibrary.org/obo/HP_0012719,Functional abnormality of the gastrointestinal tract,http://purl.obolibrary.org/obo/UBERON_0005409,
http://purl.obolibrary.org/obo/HP_0012721,Venous malformation,http://purl.obolibrary.org/obo/UBERON_0001638,
http://purl.obolibrary.org/obo/HP_0012724,Upper eyelid edema,http://purl.obolibrary.org/obo/UBERON_0001712,
http://purl.obolibrary.org/obo/HP_0012727,Thoracic aortic aneurysm,http://purl.obolibrary.org/obo/UBERON_0001515,
http://purl.obolibrary.org/obo/HP_0012728,Fusiform descending thoracic aortic aneurysm,http://purl.obolibrary.org/obo/UBERON_0002345,
http://purl.obolibrary.org/obo/HP_0012729,Saccular descending thoracic aortic aneurysm,http://purl.obolibrary.org/obo/UBERON_0002345,
http://purl.obolibrary.org/obo/HP_0012731,Ectopic anterior pituitary gland,http://purl.obolibrary.org/obo/UBERON_0002196,
http://purl.obolibrary.org/obo/HP_0012738,Agenesis of canine,http://purl.obolibrary.org/obo/UBERON_0003674,
http://purl.obolibrary.org/obo/HP_0012742,Thin fingernail,http://purl.obolibrary.org/obo/UBERON_0009565,
http://purl.obolibrary.org/obo/HP_0012743,Abdominal obesity,http://purl.obolibrary.org/obo/UBERON_0000916,
http://purl.obolibrary.org/obo/HP_0012744,Femoral aplasia,http://purl.obolibrary.org/obo/UBERON_0000981,
http://purl.obolibrary.org/obo/HP_0012745,Short palpebral fissure,http://purl.obolibrary.org/obo/UBERON_0001819,
http://purl.obolibrary.org/obo/HP_0012746,Thin toenail,http://purl.obolibrary.org/obo/UBERON_0009567,
http://purl.obolibrary.org/obo/HP_0012754,CNS hypermyelination,http://purl.obolibrary.org/obo/UBERON_0000345,
http://purl.obolibrary.org/obo/HP_0012757,Abnormal neuron morphology,,http://purl.obolibrary.org/obo/CL_0000540
http://purl.obolibrary.org/obo/HP_0012761,Absent mastoid,http://purl.obolibrary.org/obo/UBERON_0011220,
http://purl.obolibrary.org/obo/HP_0012762,Cerebral white matter atrophy,http://purl.obolibrary.org/obo/UBERON_0002437,
http://purl.obolibrary.org/obo/HP_0012767,Abnormal placental size,http://purl.obolibrary.org/obo/UBERON_0001987,
http://purl.obolibrary.org/obo/HP_0012776,Abnormal ciliary body morphology,http://purl.obolibrary.org/obo/UBERON_0001775,
http://purl.obolibrary.org/obo/HP_0012785,Flexion contracture of finger,http://purl.obolibrary.org/obo/UBERON_0000043,
http://purl.obolibrary.org/obo/HP_0012789,Hypoplasia of the calcaneus,http://purl.obolibrary.org/obo/UBERON_0001450,
http://purl.obolibrary.org/obo/HP_0012791,Abnormal humeral ossification,http://purl.obolibrary.org/obo/UBERON_0000976,
http://purl.obolibrary.org/obo/HP_0012792,Absent ossification of thoracic vertebral bodies,http://purl.obolibrary.org/obo/UBERON_0016491,
http://purl.obolibrary.org/obo/HP_0012795,Abnormal optic disc morphology,http://purl.obolibrary.org/obo/UBERON_0001783,
http://purl.obolibrary.org/obo/HP_0012801,Narrow jaw,http://purl.obolibrary.org/obo/UBERON_0001684,
http://purl.obolibrary.org/obo/HP_0012802,Broad jaw,http://purl.obolibrary.org/obo/UBERON_0001684,
http://purl.obolibrary.org/obo/HP_0012814,Bilateral breast hypoplasia,http://purl.obolibrary.org/obo/UBERON_0000310,
http://purl.obolibrary.org/obo/HP_0012815,Hypoplastic female external genitalia,http://purl.obolibrary.org/obo/UBERON_0005056,
http://purl.obolibrary.org/obo/HP_0012819,Myocarditis,http://purl.obolibrary.org/obo/UBERON_0002349,
http://purl.obolibrary.org/obo/HP_0012820,Bilateral vocal cord paralysis,http://purl.obolibrary.org/obo/UBERON_0003706,
http://purl.obolibrary.org/obo/HP_0012848,Small intestinal stenosis,http://purl.obolibrary.org/obo/UBERON_0002108,
http://purl.obolibrary.org/obo/HP_0012849,Small intestinal bleeding,http://purl.obolibrary.org/obo/UBERON_0002108,
http://purl.obolibrary.org/obo/HP_0012851,Colonic stenosis,http://purl.obolibrary.org/obo/UBERON_0001155,
http://purl.obolibrary.org/obo/HP_0012862,Abnormal germ cell morphology,,http://purl.obolibrary.org/obo/CL_0000586
http://purl.obolibrary.org/obo/HP_0012863,Abnormal male germ cell morphology,,http://purl.obolibrary.org/obo/CL_0000015
http://purl.obolibrary.org/obo/HP_0012864,Abnormal sperm morphology,,http://purl.obolibrary.org/obo/CL_0000019
http://purl.obolibrary.org/obo/HP_0012874,Abnormal male reproductive system physiology,http://purl.obolibrary.org/obo/UBERON_0000079,
http://purl.obolibrary.org/obo/HP_0012880,Abnormal labia minora morphology,http://purl.obolibrary.org/obo/UBERON_0004014,
http://purl.obolibrary.org/obo/HP_0012881,Abnormal labia majora morphology,http://purl.obolibrary.org/obo/UBERON_0004085,
http://purl.obolibrary.org/obo/HP_0012882,Hyperplastic labia majora,http://purl.obolibrary.org/obo/UBERON_0004085,
http://purl.obolibrary.org/obo/HP_0012888,Abnormal uterine cervix morphology,http://purl.obolibrary.org/obo/UBERON_0000002,
http://purl.obolibrary.org/obo/HP_0012890,Posteriorly placed anus,http://purl.obolibrary.org/obo/UBERON_0001245,
http://purl.obolibrary.org/obo/HP_0012892,Facial muscle hypertrophy,http://purl.obolibrary.org/obo/UBERON_0001577,
http://purl.obolibrary.org/obo/HP_0012893,Neck muscle hypertrophy,http://purl.obolibrary.org/obo/UBERON_0002377,
http://purl.obolibrary.org/obo/HP_0012895,Scapular muscle hypertrophy,http://purl.obolibrary.org/obo/UBERON_0034908,
http://purl.obolibrary.org/obo/HP_0020006,Ciliary body coloboma,http://purl.obolibrary.org/obo/UBERON_0001775,
http://purl.obolibrary.org/obo/HP_0020047,Abnormal myeloid cell morphology,,http://purl.obolibrary.org/obo/CL_0000763
http://purl.obolibrary.org/obo/HP_0020054,Abnormal erythrocyte physiology,,http://purl.obolibrary.org/obo/CL_0000232
http://purl.obolibrary.org/obo/HP_0020064,Abnormal total eosinophil count,,http://purl.obolibrary.org/obo/CL_0000771
http://purl.obolibrary.org/obo/HP_0020110,Bone fracture,http://purl.obolibrary.org/obo/UBERON_0001474,
http://purl.obolibrary.org/obo/HP_0020111,Abnormal regulatory T cell proportion,,http://purl.obolibrary.org/obo/CL_0000000
http://purl.obolibrary.org/obo/HP_0020112,Increased proportion of regulatory T cells,,http://purl.obolibrary.org/obo/CL_0000000
http://purl.obolibrary.org/obo/HP_0020113,Decreased proportion of regulatory T cells,,http://purl.obolibrary.org/obo/CL_0000000
http://purl.obolibrary.org/obo/HP_0020128,Aplasia of the olfactory tract,http://purl.obolibrary.org/obo/UBERON_0002265,
http://purl.obolibrary.org/obo/HP_0020149,Elevated circulating succinate,http://purl.obolibrary.org/obo/UBERON_0000178,
http://purl.obolibrary.org/obo/HP_0020158,Increased circulating adrenic acid concentration,http://purl.obolibrary.org/obo/UBERON_0000178,
http://purl.obolibrary.org/obo/HP_0020177,Abnormal CD8-positive TEMRA T cell proportion,,http://purl.obolibrary.org/obo/CL_0000084
http://purl.obolibrary.org/obo/HP_0020222,Hypohomocysteinemia,http://purl.obolibrary.org/obo/UBERON_0000178,
http://purl.obolibrary.org/obo/HP_0025004,Hallux rigidus,http://purl.obolibrary.org/obo/UBERON_0007750,
http://purl.obolibrary.org/obo/HP_0025015,Abnormal vascular morphology,http://purl.obolibrary.org/obo/UBERON_0007798,
http://purl.obolibrary.org/obo/HP_0025016,Abnormal capillary morphology,http://purl.obolibrary.org/obo/UBERON_0001982,
http://purl.obolibrary.org/obo/HP_0025018,Abnormal capillary physiology,http://purl.obolibrary.org/obo/UBERON_0001982,
http://purl.obolibrary.org/obo/HP_0025023,Rectal atresia,http://purl.obolibrary.org/obo/UBERON_0001052,
http://purl.obolibrary.org/obo/HP_0025028,Abnormal enteric nervous system morphology,http://purl.obolibrary.org/obo/UBERON_0002005,
http://purl.obolibrary.org/obo/HP_0025029,Abnormal enteric neuron morphology,,http://purl.obolibrary.org/obo/CL_0007011
http://purl.obolibrary.org/obo/HP_0025030,Enteric neuronal degeneration,,http://purl.obolibrary.org/obo/CL_0007011
http://purl.obolibrary.org/obo/HP_0025031,Abnormality of the digestive system,http://purl.obolibrary.org/obo/UBERON_0001007,
http://purl.obolibrary.org/obo/HP_0025032,Abnormality of digestive system physiology,http://purl.obolibrary.org/obo/UBERON_0001007,
http://purl.obolibrary.org/obo/HP_0025033,Abnormal digestive system morphology,http://purl.obolibrary.org/obo/UBERON_0001007,
http://purl.obolibrary.org/obo/HP_0025034,Abnormal morphology of erythroid progenitor cell,,http://purl.obolibrary.org/obo/CL_0000038
http://purl.obolibrary.org/obo/HP_0025035,Abnormal proerythroblast morphology,,http://purl.obolibrary.org/obo/CL_0000547
http://purl.obolibrary.org/obo/HP_0025037,Hypothalamic gliosis,http://purl.obolibrary.org/obo/UBERON_0001898,
http://purl.obolibrary.org/obo/HP_0025038,Intratesticular abscess,http://purl.obolibrary.org/obo/UBERON_0000473,
http://purl.obolibrary.org/obo/HP_0025039,Basal ganglia edema,http://purl.obolibrary.org/obo/UBERON_0002420,
http://purl.obolibrary.org/obo/HP_0025040,Thalamic edema,http://purl.obolibrary.org/obo/UBERON_0004703,
http://purl.obolibrary.org/obo/HP_0025041,Thalamic calcification,http://purl.obolibrary.org/obo/UBERON_0004703,
http://purl.obolibrary.org/obo/HP_0025044,Lung abscess,http://purl.obolibrary.org/obo/UBERON_0002048,
http://purl.obolibrary.org/obo/HP_0025057,Abnormal olfactory lobe morphology,http://purl.obolibrary.org/obo/UBERON_0005366,
http://purl.obolibrary.org/obo/HP_0025058,Hypothalamic atrophy,http://purl.obolibrary.org/obo/UBERON_0001898,
http://purl.obolibrary.org/obo/HP_0025059,Splenic abscess,http://purl.obolibrary.org/obo/UBERON_0002106,
http://purl.obolibrary.org/obo/HP_0025079,Pancreatic abscess,http://purl.obolibrary.org/obo/UBERON_0001264,
http://purl.obolibrary.org/obo/HP_0025098,Dysgenesis of the hypothalamus,http://purl.obolibrary.org/obo/UBERON_0001898,
http://purl.obolibrary.org/obo/HP_0025099,Dysgenesis of the thalamus,http://purl.obolibrary.org/obo/UBERON_0004703,
http://purl.obolibrary.org/obo/HP_0025100,Abnormal hippocampus morphology,http://purl.obolibrary.org/obo/UBERON_0002421,
http://purl.obolibrary.org/obo/HP_0025101,Dysgenesis of the hippocampus,http://purl.obolibrary.org/obo/UBERON_0002421,
http://purl.obolibrary.org/obo/HP_0025102,Dysgenesis of the basal ganglia,http://purl.obolibrary.org/obo/UBERON_0002420,
http://purl.obolibrary.org/obo/HP_0025130,Decreased small intestinal mucosa lactase level,http://purl.obolibrary.org/obo/UBERON_0001204,
http://purl.obolibrary.org/obo/HP_0025132,Abnormal circulating estrogen level,http://purl.obolibrary.org/obo/UBERON_0001977,
http://purl.obolibrary.org/obo/HP_0025133,Abnormal serum estradiol,http://purl.obolibrary.org/obo/UBERON_0001977,
http://purl.obolibrary.org/obo/HP_0025134,Increased serum estradiol,http://purl.obolibrary.org/obo/UBERON_0001977,
http://purl.obolibrary.org/obo/HP_0025141,Gingival calcification,http://purl.obolibrary.org/obo/UBERON_0001828,
http://purl.obolibrary.org/obo/HP_0025146,Foveal degeneration,http://purl.obolibrary.org/obo/UBERON_0001786,
http://purl.obolibrary.org/obo/HP_0025155,Abnormal hepatobiliary system physiology,http://purl.obolibrary.org/obo/UBERON_0002423,
http://purl.obolibrary.org/obo/HP_0025163,Abnormal optic chiasm morphology,http://purl.obolibrary.org/obo/UBERON_0000959,
http://purl.obolibrary.org/obo/HP_0025270,Abnormal esophagus physiology,http://purl.obolibrary.org/obo/UBERON_0001043,
http://purl.obolibrary.org/obo/HP_0025321,Copper accumulation in liver,http://purl.obolibrary.org/obo/UBERON_0002107,
http://purl.obolibrary.org/obo/HP_0025323,Abnormal arterial physiology,http://purl.obolibrary.org/obo/UBERON_0001637,
http://purl.obolibrary.org/obo/HP_0025348,Abnormal corneal limbus morphology,http://purl.obolibrary.org/obo/UBERON_0006761,
http://purl.obolibrary.org/obo/HP_0025349,Limbal edema,http://purl.obolibrary.org/obo/UBERON_0006761,
http://purl.obolibrary.org/obo/HP_0025354,Abnormal cellular phenotype,,http://purl.obolibrary.org/obo/CL_0000000
http://purl.obolibrary.org/obo/HP_0025376,Hyperglutaminuria,http://purl.obolibrary.org/obo/UBERON_0001088,
http://purl.obolibrary.org/obo/HP_0025408,Abnormal spleen morphology,http://purl.obolibrary.org/obo/UBERON_0002106,
http://purl.obolibrary.org/obo/HP_0025409,Abnormal spleen physiology,http://purl.obolibrary.org/obo/UBERON_0002106,
http://purl.obolibrary.org/obo/HP_0025418,Renal cortical necrosis,http://purl.obolibrary.org/obo/UBERON_0001225,
http://purl.obolibrary.org/obo/HP_0025423,Abnormal larynx morphology,http://purl.obolibrary.org/obo/UBERON_0001737,
http://purl.obolibrary.org/obo/HP_0025424,Abnormal larynx physiology,http://purl.obolibrary.org/obo/UBERON_0001737,
http://purl.obolibrary.org/obo/HP_0025426,Abnormal bronchus morphology,http://purl.obolibrary.org/obo/UBERON_0002185,
http://purl.obolibrary.org/obo/HP_0025427,Abnormal bronchus physiology,http://purl.obolibrary.org/obo/UBERON_0002185,
http://purl.obolibrary.org/obo/HP_0025439,Pharyngitis,http://purl.obolibrary.org/obo/UBERON_0001042,
http://purl.obolibrary.org/obo/HP_0025441,Achilles tendon calcification,http://purl.obolibrary.org/obo/UBERON_0003701,
http://purl.obolibrary.org/obo/HP_0025454,Abnormal CSF metabolite concentration,http://purl.obolibrary.org/obo/UBERON_0001359,
http://purl.obolibrary.org/obo/HP_0025456,Abnormal CSF protein concentration,http://purl.obolibrary.org/obo/UBERON_0001359,
http://purl.obolibrary.org/obo/HP_0025457,Decreased CSF protein concentration,http://purl.obolibrary.org/obo/UBERON_0001359,
http://purl.obolibrary.org/obo/HP_0025458,Decreased CSF albumin concentration,http://purl.obolibrary.org/obo/UBERON_0001359,
http://purl.obolibrary.org/obo/HP_0025461,Abnormal cell morphology,,http://purl.obolibrary.org/obo/CL_0000000
http://purl.obolibrary.org/obo/HP_0025477,Periarticular calcification,http://purl.obolibrary.org/obo/UBERON_0000982,
http://purl.obolibrary.org/obo/HP_0025487,Abnormal bladder morphology,http://purl.obolibrary.org/obo/UBERON_0001255,
http://purl.obolibrary.org/obo/HP_0025489,Bladder duplication,http://purl.obolibrary.org/obo/UBERON_0001255,
http://purl.obolibrary.org/obo/HP_0025491,Venous stenosis,http://purl.obolibrary.org/obo/UBERON_0001638,
http://purl.obolibrary.org/obo/HP_0025522,Elongated chordae tendinae of the mitral valve,http://purl.obolibrary.org/obo/UBERON_0014851,
http://purl.obolibrary.org/obo/HP_0025523,Abnormal morphology of the chordae tendinae of the mitral valve,http://purl.obolibrary.org/obo/UBERON_0014851,
http://purl.obolibrary.org/obo/HP_0025538,Palmar edema,http://purl.obolibrary.org/obo/UBERON_0008878,
http://purl.obolibrary.org/obo/HP_0025550,Elevated circulating ribitol concentration,http://purl.obolibrary.org/obo/UBERON_0000178,
http://purl.obolibrary.org/obo/HP_0025575,Abnormal superior vena cava morphology,http://purl.obolibrary.org/obo/UBERON_0001585,
http://purl.obolibrary.org/obo/HP_0025576,Abnormal inferior vena cava morphology,http://purl.obolibrary.org/obo/UBERON_0001072,
http://purl.obolibrary.org/obo/HP_0025579,Abnormal left atrium morphology,http://purl.obolibrary.org/obo/UBERON_0002079,
http://purl.obolibrary.org/obo/HP_0025580,Abnormal right atrium morphology,http://purl.obolibrary.org/obo/UBERON_0002078,
http://purl.obolibrary.org/obo/HP_0025620,Abnormal CD4+ central memory T cell proportion,,http://purl.obolibrary.org/obo/CL_0000084
http://purl.obolibrary.org/obo/HP_0025623,Abnormal CD4+ effector memory T cell proportion,,http://purl.obolibrary.org/obo/CL_0000084
http://purl.obolibrary.org/obo/HP_0025624,Decreased CD4+ effector memory T cell proportion,,http://purl.obolibrary.org/obo/CL_0000084
http://purl.obolibrary.org/obo/HP_0025625,Increased CD4+ effector memory T cell proportion,,http://purl.obolibrary.org/obo/CL_0000084
http://purl.obolibrary.org/obo/HP_0025633,Abnormal ureter morphology,http://purl.obolibrary.org/obo/UBERON_0000056,
http://purl.obolibrary.org/obo/HP_0025634,Abnormal ureter physiology,http://purl.obolibrary.org/obo/UBERON_0000056,
http://purl.obolibrary.org/obo/HP_0025641,Elevated circulating glycolate concentration,http://purl.obolibrary.org/obo/UBERON_0000178,
http://purl.obolibrary.org/obo/HP_0030008,Cervical agenesis,http://purl.obolibrary.org/obo/UBERON_0000002,
http://purl.obolibrary.org/obo/HP_0030012,Abnormal female reproductive system physiology,http://purl.obolibrary.org/obo/UBERON_0000474,
http://purl.obolibrary.org/obo/HP_0030027,Abnormal nasal cartilage morphology,http://purl.obolibrary.org/obo/UBERON_0001823,
http://purl.obolibrary.org/obo/HP_0030028,Absent nasal cartilage,http://purl.obolibrary.org/obo/UBERON_0003407,
http://purl.obolibrary.org/obo/HP_0030037,Bifid ureter,http://purl.obolibrary.org/obo/UBERON_0000056,
http://purl.obolibrary.org/obo/HP_0030039,Fused thoracic vertebrae,http://purl.obolibrary.org/obo/UBERON_0002347,
http://purl.obolibrary.org/obo/HP_0030040,Fused lumbar vertebrae,http://purl.obolibrary.org/obo/UBERON_0002414,
http://purl.obolibrary.org/obo/HP_0030044,Flexion contracture of digit,http://purl.obolibrary.org/obo/UBERON_0000043,
http://purl.obolibrary.org/obo/HP_0030047,Abnormal lateral ventricle morphology,http://purl.obolibrary.org/obo/UBERON_0002285,
http://purl.obolibrary.org/obo/HP_0030049,Brain abscess,http://purl.obolibrary.org/obo/UBERON_0000955,
http://purl.obolibrary.org/obo/HP_0030053,Stiff skin,http://purl.obolibrary.org/obo/UBERON_0002097,
http://purl.obolibrary.org/obo/HP_0030084,Clinodactyly,http://purl.obolibrary.org/obo/UBERON_0002544,
http://purl.obolibrary.org/obo/HP_0030085,Abnormal CSF lactate concentration,http://purl.obolibrary.org/obo/UBERON_0001359,
http://purl.obolibrary.org/obo/HP_0030086,Reduced CSF lactate,http://purl.obolibrary.org/obo/UBERON_0001359,
http://purl.obolibrary.org/obo/HP_0030087,Abnormal circulating testosterone concentration,http://purl.obolibrary.org/obo/UBERON_0000178,
http://purl.obolibrary.org/obo/HP_0030088,Increased serum testosterone level,http://purl.obolibrary.org/obo/UBERON_0000178,
http://purl.obolibrary.org/obo/HP_0030089,Abnormal muscle fiber protein expression,,http://purl.obolibrary.org/obo/CL_0008002
http://purl.obolibrary.org/obo/HP_0030126,Abnormal endometrium morphology,http://purl.obolibrary.org/obo/UBERON_0001295,
http://purl.obolibrary.org/obo/HP_0030146,Abnormal liver parenchyma morphology,http://purl.obolibrary.org/obo/UBERON_0001280,
http://purl.obolibrary.org/obo/HP_0030151,Cholangitis,http://purl.obolibrary.org/obo/UBERON_0001173,
http://purl.obolibrary.org/obo/HP_0030154,Gallbladder perforation,http://purl.obolibrary.org/obo/UBERON_0002110,
http://purl.obolibrary.org/obo/HP_0030162,Glomerulomegaly,http://purl.obolibrary.org/obo/UBERON_0000074,
http://purl.obolibrary.org/obo/HP_0030163,Abnormal vascular physiology,http://purl.obolibrary.org/obo/UBERON_0007798,
http://purl.obolibrary.org/obo/HP_0030173,Peripheral hypermyelination,http://purl.obolibrary.org/obo/UBERON_0000345,
http://purl.obolibrary.org/obo/HP_0030174,Increased peripheral myelin thickness,http://purl.obolibrary.org/obo/UBERON_0000347,
http://purl.obolibrary.org/obo/HP_0030241,Hypoplasia of deltoid muscle,http://purl.obolibrary.org/obo/UBERON_0001476,
http://purl.obolibrary.org/obo/HP_0030242,Portal vein thrombosis,http://purl.obolibrary.org/obo/UBERON_0002017,
http://purl.obolibrary.org/obo/HP_0030243,Hepatic vein thrombosis,http://purl.obolibrary.org/obo/UBERON_0001143,
http://purl.obolibrary.org/obo/HP_0030261,Absent penis,http://purl.obolibrary.org/obo/UBERON_0000989,
http://purl.obolibrary.org/obo/HP_0030262,Narrow penis,http://purl.obolibrary.org/obo/UBERON_0000989,
http://purl.obolibrary.org/obo/HP_0030265,Wide penis,http://purl.obolibrary.org/obo/UBERON_0000989,
http://purl.obolibrary.org/obo/HP_0030277,Abnormal vertebral pedicle morphology,http://purl.obolibrary.org/obo/UBERON_0001078,
http://purl.obolibrary.org/obo/HP_0030278,Hypoplastic vertebral pedicle,http://purl.obolibrary.org/obo/UBERON_0001078,
http://purl.obolibrary.org/obo/HP_0030281,Cervical C3/C4 vertebral fusion,http://purl.obolibrary.org/obo/UBERON_0004613,
http://purl.obolibrary.org/obo/HP_0030281,Cervical C3/C4 vertebral fusion,http://purl.obolibrary.org/obo/UBERON_0004612,
http://purl.obolibrary.org/obo/HP_0030285,Splayed superior cerebellar peduncle,http://purl.obolibrary.org/obo/UBERON_0007709,
http://purl.obolibrary.org/obo/HP_0030286,Atrophic superior cerebellar peduncle,http://purl.obolibrary.org/obo/UBERON_0007709,
http://purl.obolibrary.org/obo/HP_0030290,Unossified sacrum,http://purl.obolibrary.org/obo/UBERON_0003690,
http://purl.obolibrary.org/obo/HP_0030291,Lower-limb metaphyseal irregularity,http://purl.obolibrary.org/obo/UBERON_0001438,
http://purl.obolibrary.org/obo/HP_0030292,Tibial metaphyseal irregularity,http://purl.obolibrary.org/obo/UBERON_0013750,
http://purl.obolibrary.org/obo/HP_0030293,Fibular metaphyseal irregularity,http://purl.obolibrary.org/obo/UBERON_0016928,
http://purl.obolibrary.org/obo/HP_0030301,Abnormality of the anterior commissure,http://purl.obolibrary.org/obo/UBERON_0000935,
http://purl.obolibrary.org/obo/HP_0030305,Decreased number of vertebrae,http://purl.obolibrary.org/obo/UBERON_0002412,
http://purl.obolibrary.org/obo/HP_0030313,Abnormal periosteum morphology,http://purl.obolibrary.org/obo/UBERON_0002515,
http://purl.obolibrary.org/obo/HP_0030320,Increased intervertebral space,http://purl.obolibrary.org/obo/UBERON_0001066,
http://purl.obolibrary.org/obo/HP_0030321,Abnormal vertebral artery morphology,http://purl.obolibrary.org/obo/UBERON_0001535,
http://purl.obolibrary.org/obo/HP_0030326,Abnormal macrophage count,,http://purl.obolibrary.org/obo/CL_0000235
http://purl.obolibrary.org/obo/HP_0030333,Abnormal alpha-beta T cell morphology,,http://purl.obolibrary.org/obo/CL_0000789
http://purl.obolibrary.org/obo/HP_0030338,Abnormal circulating gonadotropin concentration,http://purl.obolibrary.org/obo/UBERON_0000178,
http://purl.obolibrary.org/obo/HP_0030339,Decreased circulating gonadotropin concentration,http://purl.obolibrary.org/obo/UBERON_0000178,
http://purl.obolibrary.org/obo/HP_0030344,Decreased circulating luteinizing hormone level,http://purl.obolibrary.org/obo/UBERON_0000178,
http://purl.obolibrary.org/obo/HP_0030345,Abnormal circulating luteinizing hormone concentration,http://purl.obolibrary.org/obo/UBERON_0000178,
http://purl.obolibrary.org/obo/HP_0030347,Abnormal circulating androgen level,http://purl.obolibrary.org/obo/UBERON_0000178,
http://purl.obolibrary.org/obo/HP_0030348,Increased circulating androgen concentration,http://purl.obolibrary.org/obo/UBERON_0000178,
http://purl.obolibrary.org/obo/HP_0030349,Decreased circulating androgen concentration,http://purl.obolibrary.org/obo/UBERON_0000178,
http://purl.obolibrary.org/obo/HP_0030370,Abnormal naive B cell proportion,,http://purl.obolibrary.org/obo/CL_0000236
http://purl.obolibrary.org/obo/HP_0030371,Increased naive B cell proportion,,http://purl.obolibrary.org/obo/CL_0000236
http://purl.obolibrary.org/obo/HP_0030372,Decreased naive B cell proportion,,http://purl.obolibrary.org/obo/CL_0000236
http://purl.obolibrary.org/obo/HP_0030373,Abnormal memory B cell proportion,,http://purl.obolibrary.org/obo/CL_0000236
http://purl.obolibrary.org/obo/HP_0030374,Decreased proportion of memory B cells,,http://purl.obolibrary.org/obo/CL_0000236
http://purl.obolibrary.org/obo/HP_0030375,Increased proportion of memory B cells,,http://purl.obolibrary.org/obo/CL_0000236
http://purl.obolibrary.org/obo/HP_0030376,Abnormal immature B cell proportion,,http://purl.obolibrary.org/obo/CL_0000236
http://purl.obolibrary.org/obo/HP_0030377,Increased immature B cell proportion,,http://purl.obolibrary.org/obo/CL_0000236
http://purl.obolibrary.org/obo/HP_0030378,Decreased immature B cell proportion,,http://purl.obolibrary.org/obo/CL_0000236
http://purl.obolibrary.org/obo/HP_0030379,Abnormal transitional B cell proportion,,http://purl.obolibrary.org/obo/CL_0000236
http://purl.obolibrary.org/obo/HP_0030380,Decreased transitional B cell proportion,,http://purl.obolibrary.org/obo/CL_0000236
http://purl.obolibrary.org/obo/HP_0030381,Increased transitional B cell proportion,,http://purl.obolibrary.org/obo/CL_0000236
http://purl.obolibrary.org/obo/HP_0030383,Abnormal proportion of marginal zone B cells,,http://purl.obolibrary.org/obo/CL_0000236
http://purl.obolibrary.org/obo/HP_0030384,Decreased proportion of marginal zone B cells,,http://purl.obolibrary.org/obo/CL_0000236
http://purl.obolibrary.org/obo/HP_0030385,Increased proportion of marginal zone B cells,,http://purl.obolibrary.org/obo/CL_0000236
http://purl.obolibrary.org/obo/HP_0030386,Abnormal class-switched memory B cell proportion,,http://purl.obolibrary.org/obo/CL_0000236
http://purl.obolibrary.org/obo/HP_0030387,Increased class-switched memory B cell proportion,,http://purl.obolibrary.org/obo/CL_0000236
http://purl.obolibrary.org/obo/HP_0030388,Decreased class-switched memory B cell proportion,,http://purl.obolibrary.org/obo/CL_0000236
http://purl.obolibrary.org/obo/HP_0030423,Splenic cyst,http://purl.obolibrary.org/obo/UBERON_0002106,
http://purl.obolibrary.org/obo/HP_0030451,Mesenteric cyst,http://purl.obolibrary.org/obo/UBERON_0002095,
http://purl.obolibrary.org/obo/HP_0030493,Abnormality of foveal pigmentation,http://purl.obolibrary.org/obo/UBERON_0001786,
http://purl.obolibrary.org/obo/HP_0030654,Umbilical cord cyst,http://purl.obolibrary.org/obo/UBERON_0002331,
http://purl.obolibrary.org/obo/HP_0030669,Abnormal ocular adnexa morphology,http://purl.obolibrary.org/obo/UBERON_0035639,
http://purl.obolibrary.org/obo/HP_0030670,Hamartoma of the orbital region,http://purl.obolibrary.org/obo/UBERON_0004088,
http://purl.obolibrary.org/obo/HP_0030671,Abnormal common tendinous ring morphology,http://purl.obolibrary.org/obo/UBERON_0014796,
http://purl.obolibrary.org/obo/HP_0030680,Abnormal cardiovascular system morphology,http://purl.obolibrary.org/obo/UBERON_0004535,
http://purl.obolibrary.org/obo/HP_0030681,Abnormal morphology of myocardial trabeculae,http://purl.obolibrary.org/obo/UBERON_0004124,
http://purl.obolibrary.org/obo/HP_0030683,Vaginitis,http://purl.obolibrary.org/obo/UBERON_0000996,
http://purl.obolibrary.org/obo/HP_0030687,Abnormal glucagon level,http://purl.obolibrary.org/obo/UBERON_0000178,
http://purl.obolibrary.org/obo/HP_0030688,Increased glucagon level,http://purl.obolibrary.org/obo/UBERON_0000178,
http://purl.obolibrary.org/obo/HP_0030689,Decreased glucagon level,http://purl.obolibrary.org/obo/UBERON_0000178,
http://purl.obolibrary.org/obo/HP_0030715,Bronchial atresia,http://purl.obolibrary.org/obo/UBERON_0002185,
http://purl.obolibrary.org/obo/HP_0030718,Right atrial enlargement,http://purl.obolibrary.org/obo/UBERON_0002078,
http://purl.obolibrary.org/obo/HP_0030722,Ectopic liver,http://purl.obolibrary.org/obo/UBERON_0002107,
http://purl.obolibrary.org/obo/HP_0030724,Central nervous system cyst,http://purl.obolibrary.org/obo/UBERON_0001017,
http://purl.obolibrary.org/obo/HP_0030735,Ureterovesical junction obstruction,http://purl.obolibrary.org/obo/UBERON_0009973,
http://purl.obolibrary.org/obo/HP_0030806,Fast-growing nails,http://purl.obolibrary.org/obo/UBERON_0001705,
http://purl.obolibrary.org/obo/HP_0030807,Abnormal nail growth,http://purl.obolibrary.org/obo/UBERON_0001705,
http://purl.obolibrary.org/obo/HP_0030812,Enlarged tonsils,http://purl.obolibrary.org/obo/UBERON_0002372,
http://purl.obolibrary.org/obo/HP_0030813,Absent tonsils,http://purl.obolibrary.org/obo/UBERON_0002372,
http://purl.obolibrary.org/obo/HP_0030823,Scleral thickening,http://purl.obolibrary.org/obo/UBERON_0001773,
http://purl.obolibrary.org/obo/HP_0030843,Cardiac amyloidosis,http://purl.obolibrary.org/obo/UBERON_0000948,
http://purl.obolibrary.org/obo/HP_0030846,Abnormality of venous physiology,http://purl.obolibrary.org/obo/UBERON_0001638,
http://purl.obolibrary.org/obo/HP_0030870,Abnormality of spinal facet joint,http://purl.obolibrary.org/obo/UBERON_0001067,
http://purl.obolibrary.org/obo/HP_0030871,Facet joint arthrosis,http://purl.obolibrary.org/obo/UBERON_0001067,
http://purl.obolibrary.org/obo/HP_0030912,Duplicated clitoris,http://purl.obolibrary.org/obo/UBERON_0002411,
http://purl.obolibrary.org/obo/HP_0030914,Abnormal peristalsis,http://purl.obolibrary.org/obo/UBERON_0001555,
http://purl.obolibrary.org/obo/HP_0030935,Abnormal intestinal smooth muscle morphology,http://purl.obolibrary.org/obo/UBERON_2005273,
http://purl.obolibrary.org/obo/HP_0030958,Membranous ventricular septal aneurysm,http://purl.obolibrary.org/obo/UBERON_0004666,
http://purl.obolibrary.org/obo/HP_0030962,Abnormal morphology of the great vessels,http://purl.obolibrary.org/obo/UBERON_0013768,
http://purl.obolibrary.org/obo/HP_0030964,Abnormal aortic physiology,http://purl.obolibrary.org/obo/UBERON_0000947,
http://purl.obolibrary.org/obo/HP_0030966,Abnormal pulmonary artery morphology,http://purl.obolibrary.org/obo/UBERON_0002012,
http://purl.obolibrary.org/obo/HP_0030968,Abnormal pulmonary vein morphology,http://purl.obolibrary.org/obo/UBERON_0002016,
http://purl.obolibrary.org/obo/HP_0030969,Abnormal pulmonary vein physiology,http://purl.obolibrary.org/obo/UBERON_0002016,
http://purl.obolibrary.org/obo/HP_0030972,Abnormal systemic blood pressure,http://purl.obolibrary.org/obo/UBERON_0000178,
http://purl.obolibrary.org/obo/HP_0030984,Abnormal serum bile acid concentration,http://purl.obolibrary.org/obo/UBERON_0000178,
http://purl.obolibrary.org/obo/HP_0030985,Decreased serum bile acid concentration,http://purl.obolibrary.org/obo/UBERON_0000178,
http://purl.obolibrary.org/obo/HP_0031051,Tarsal sclerosis,http://purl.obolibrary.org/obo/UBERON_0001447,
http://purl.obolibrary.org/obo/HP_0031065,Abnormal ovarian morphology,http://purl.obolibrary.org/obo/UBERON_0000992,
http://purl.obolibrary.org/obo/HP_0031066,Abnormal ovarian physiology,http://purl.obolibrary.org/obo/UBERON_0000992,
http://purl.obolibrary.org/obo/HP_0031071,Abnormal endocrine morphology,http://purl.obolibrary.org/obo/UBERON_0000949,
http://purl.obolibrary.org/obo/HP_0031072,Abnormal endocrine physiology,http://purl.obolibrary.org/obo/UBERON_0000949,
http://purl.obolibrary.org/obo/HP_0031093,Abnormal breast morphology,http://purl.obolibrary.org/obo/UBERON_0000310,
http://purl.obolibrary.org/obo/HP_0031094,Abnormal breast physiology,http://purl.obolibrary.org/obo/UBERON_0000310,
http://purl.obolibrary.org/obo/HP_0031095,Abnormal humerus morphology,http://purl.obolibrary.org/obo/UBERON_0000976,
http://purl.obolibrary.org/obo/HP_0031105,Abnormal uterus morphology,http://purl.obolibrary.org/obo/UBERON_0000995,
http://purl.obolibrary.org/obo/HP_0031137,Storage in hepatocytes,,http://purl.obolibrary.org/obo/CL_0000182
http://purl.obolibrary.org/obo/HP_0031210,Abnormal circulating hyaluronic acid concentration,http://purl.obolibrary.org/obo/UBERON_0000178,
http://purl.obolibrary.org/obo/HP_0031211,Elevated cholesterol ester level,http://purl.obolibrary.org/obo/UBERON_0000178,
http://purl.obolibrary.org/obo/HP_0031212,Abnormal circulating progesterone level,http://purl.obolibrary.org/obo/UBERON_0000178,
http://purl.obolibrary.org/obo/HP_0031216,Increased circulating progesterone,http://purl.obolibrary.org/obo/UBERON_0001977,
http://purl.obolibrary.org/obo/HP_0031242,Decreased circulating chylomicron concentration,http://purl.obolibrary.org/obo/UBERON_0000178,
http://purl.obolibrary.org/obo/HP_0031243,Decreased VLDL cholesterol concentration,http://purl.obolibrary.org/obo/UBERON_0000178,
http://purl.obolibrary.org/obo/HP_0031278,Abnormal thoracic duct morphology,http://purl.obolibrary.org/obo/UBERON_0001631,
http://purl.obolibrary.org/obo/HP_0031281,Sialadenitis,http://purl.obolibrary.org/obo/UBERON_0001044,
http://purl.obolibrary.org/obo/HP_0031295,Left atrial enlargement,http://purl.obolibrary.org/obo/UBERON_0002079,
http://purl.obolibrary.org/obo/HP_0031303,Femoral arterial calcification,http://purl.obolibrary.org/obo/UBERON_0002060,
http://purl.obolibrary.org/obo/HP_0031304,Iliac arterial calcification,http://purl.obolibrary.org/obo/UBERON_0005609,
http://purl.obolibrary.org/obo/HP_0031305,Tibial arterial calcification,http://purl.obolibrary.org/obo/UBERON_0007610,
http://purl.obolibrary.org/obo/HP_0031307,Internal carotid artery calcification,http://purl.obolibrary.org/obo/UBERON_0001532,
http://purl.obolibrary.org/obo/HP_0031308,Vertebral artery calcification,http://purl.obolibrary.org/obo/UBERON_0001535,
http://purl.obolibrary.org/obo/HP_0031309,Cerebral artery calcification,http://purl.obolibrary.org/obo/UBERON_0004449,
http://purl.obolibrary.org/obo/HP_0031310,Basilar artery calcification,http://purl.obolibrary.org/obo/UBERON_0001633,
http://purl.obolibrary.org/obo/HP_0031311,Middle cerebral artery calcification,http://purl.obolibrary.org/obo/UBERON_0001627,
http://purl.obolibrary.org/obo/HP_0031313,Abdominal aortic calcification,http://purl.obolibrary.org/obo/UBERON_0001516,
http://purl.obolibrary.org/obo/HP_0031314,Carotid artery calcification,http://purl.obolibrary.org/obo/UBERON_0005396,
http://purl.obolibrary.org/obo/HP_0031315,External carotid artery calcification,http://purl.obolibrary.org/obo/UBERON_0001070,
http://purl.obolibrary.org/obo/HP_0031392,Abnormal CD4+ T cell subset proportion,,http://purl.obolibrary.org/obo/CL_0000084
http://purl.obolibrary.org/obo/HP_0031393,Abnormal CD8+ T cell proportion,,http://purl.obolibrary.org/obo/CL_0000084
http://purl.obolibrary.org/obo/HP_0031396,Abnormal naive T cell proportion,,http://purl.obolibrary.org/obo/CL_0000084
http://purl.obolibrary.org/obo/HP_0031397,Decreased proportion of naive T cells,,http://purl.obolibrary.org/obo/CL_0000084
http://purl.obolibrary.org/obo/HP_0031398,Increased proportion of naive T cells,,http://purl.obolibrary.org/obo/CL_0000084
http://purl.obolibrary.org/obo/HP_0031414,High serum calcifediol,http://purl.obolibrary.org/obo/UBERON_0000178,
http://purl.obolibrary.org/obo/HP_0031415,High serum calcitriol,http://purl.obolibrary.org/obo/UBERON_0000178,
http://purl.obolibrary.org/obo/HP_0031442,Abnormal tricuspid chordae tendinae morphology,http://purl.obolibrary.org/obo/UBERON_0014852,
http://purl.obolibrary.org/obo/HP_0031481,Abnormal mitral valve physiology,http://purl.obolibrary.org/obo/UBERON_0002135,
http://purl.obolibrary.org/obo/HP_0031490,Hemangioma of the lip,http://purl.obolibrary.org/obo/UBERON_0001833,
http://purl.obolibrary.org/obo/HP_0031508,Abnormal circulating thyroid hormone concentration,http://purl.obolibrary.org/obo/UBERON_0000178,
http://purl.obolibrary.org/obo/HP_0031509,Dry nipple,http://purl.obolibrary.org/obo/UBERON_0000014,
http://purl.obolibrary.org/obo/HP_0031514,Increased proportion of exhausted T cells,,http://purl.obolibrary.org/obo/CL_0000084
http://purl.obolibrary.org/obo/HP_0031567,Abnormal aortic valve cusp morphology,http://purl.obolibrary.org/obo/UBERON_0005990,
http://purl.obolibrary.org/obo/HP_0031604,Agenesis of the carotid canal,http://purl.obolibrary.org/obo/UBERON_0006668,
http://purl.obolibrary.org/obo/HP_0031605,Abnormality of fundus pigmentation,http://purl.obolibrary.org/obo/UBERON_0003951,
http://purl.obolibrary.org/obo/HP_0031611,Sub-inner limiting membrane hemorrhage,http://purl.obolibrary.org/obo/UBERON_0001794,
http://purl.obolibrary.org/obo/HP_0031627,Globus pallidus calcification,http://purl.obolibrary.org/obo/UBERON_0001875,
http://purl.obolibrary.org/obo/HP_0031643,Fusiform ascending tubular aorta aneurysm,http://purl.obolibrary.org/obo/UBERON_0001496,
http://purl.obolibrary.org/obo/HP_0031644,Fusiform abdominal aortic aneurysm,http://purl.obolibrary.org/obo/UBERON_0001516,
http://purl.obolibrary.org/obo/HP_0031645,Saccular abdominal aortic aneurysm,http://purl.obolibrary.org/obo/UBERON_0001516,
http://purl.obolibrary.org/obo/HP_0031646,Fusiform aortic arch aneurysm,http://purl.obolibrary.org/obo/UBERON_0001508,
http://purl.obolibrary.org/obo/HP_0031647,Saccular aortic arch aneurysm,http://purl.obolibrary.org/obo/UBERON_0001508,
http://purl.obolibrary.org/obo/HP_0031650,Abnormal atrioventricular valve physiology,http://purl.obolibrary.org/obo/UBERON_0002133,
http://purl.obolibrary.org/obo/HP_0031651,Abnormal tricuspid valve physiology,http://purl.obolibrary.org/obo/UBERON_0002134,
http://purl.obolibrary.org/obo/HP_0031652,Abnormal aortic valve physiology,http://purl.obolibrary.org/obo/UBERON_0002137,
http://purl.obolibrary.org/obo/HP_0031653,Abnormal heart valve physiology,http://purl.obolibrary.org/obo/UBERON_0000946,
http://purl.obolibrary.org/obo/HP_0031685,Abnormal stool composition,http://purl.obolibrary.org/obo/UBERON_0001988,
http://purl.obolibrary.org/obo/HP_0031703,Abnormal ear morphology,http://purl.obolibrary.org/obo/UBERON_0001690,
http://purl.obolibrary.org/obo/HP_0031704,Abnormal ear physiology,http://purl.obolibrary.org/obo/UBERON_0001690,
http://purl.obolibrary.org/obo/HP_0031711,Asymmetric abdominal aortic aneurysm,http://purl.obolibrary.org/obo/UBERON_0001516,
http://purl.obolibrary.org/obo/HP_0031783,Absent coronary sinus,http://purl.obolibrary.org/obo/UBERON_0005438,
http://purl.obolibrary.org/obo/HP_0031793,Increased serum leptin,http://purl.obolibrary.org/obo/UBERON_0000178,
http://purl.obolibrary.org/obo/HP_0031794,Decreased circulating glycerol level,http://purl.obolibrary.org/obo/UBERON_0000178,
http://purl.obolibrary.org/obo/HP_0031795,Abnormal circulating glycerol level,http://purl.obolibrary.org/obo/UBERON_0000178,
http://purl.obolibrary.org/obo/HP_0031801,Vocal cord dysfunction,http://purl.obolibrary.org/obo/UBERON_0003706,
http://purl.obolibrary.org/obo/HP_0031803,Fundus hemorrhage,http://purl.obolibrary.org/obo/UBERON_0003951,
http://purl.obolibrary.org/obo/HP_0031806,Abnormal total basophil count,,http://purl.obolibrary.org/obo/CL_0000767
http://purl.obolibrary.org/obo/HP_0031807,Increased total basophil count,,http://purl.obolibrary.org/obo/CL_0000767
http://purl.obolibrary.org/obo/HP_0031808,Decreased total basophil count,,http://purl.obolibrary.org/obo/CL_0000767
http://purl.obolibrary.org/obo/HP_0031815,Abnormal oral physiology,http://purl.obolibrary.org/obo/UBERON_0000165,
http://purl.obolibrary.org/obo/HP_0031816,Abnormal oral morphology,http://purl.obolibrary.org/obo/UBERON_0000165,
http://purl.obolibrary.org/obo/HP_0031831,Decreased serum zinc,http://purl.obolibrary.org/obo/UBERON_0001977,
http://purl.obolibrary.org/obo/HP_0031842,Lymphangiectasis,http://purl.obolibrary.org/obo/UBERON_0001473,
http://purl.obolibrary.org/obo/HP_0031879,Abnormal eyelid physiology,http://purl.obolibrary.org/obo/UBERON_0001711,
http://purl.obolibrary.org/obo/HP_0031886,Abnormal LDL cholesterol concentration,http://purl.obolibrary.org/obo/UBERON_0000178,
http://purl.obolibrary.org/obo/HP_0031887,Abnormal chylomicron concentration,http://purl.obolibrary.org/obo/UBERON_0000178,
http://purl.obolibrary.org/obo/HP_0031888,Abnormal HDL cholesterol concentration,http://purl.obolibrary.org/obo/UBERON_0000178,
http://purl.obolibrary.org/obo/HP_0031889,Abnormal VLDL cholesterol concentration,http://purl.obolibrary.org/obo/UBERON_0000178,
http://purl.obolibrary.org/obo/HP_0031891,Decreased total eosinophil count,,http://purl.obolibrary.org/obo/CL_0000771
http://purl.obolibrary.org/obo/HP_0031910,Abnormal cranial nerve physiology,http://purl.obolibrary.org/obo/UBERON_0001785,
http://purl.obolibrary.org/obo/HP_0031941,Abnormal portal venous system morphology,http://purl.obolibrary.org/obo/UBERON_0002017,
http://purl.obolibrary.org/obo/HP_0031942,Congenital absence of portal vein,http://purl.obolibrary.org/obo/UBERON_0002017,
http://purl.obolibrary.org/obo/HP_0031945,"Elevated circulating N,N-dimethylglycine concentration",http://purl.obolibrary.org/obo/UBERON_0000178,
http://purl.obolibrary.org/obo/HP_0031969,Reduced blood urea nitrogen,http://purl.obolibrary.org/obo/UBERON_0000178,
http://purl.obolibrary.org/obo/HP_0031970,Abnormal blood urea nitrogen concentration,http://purl.obolibrary.org/obo/UBERON_0000178,
http://purl.obolibrary.org/obo/HP_0031982,Abnormal putamen morphology,http://purl.obolibrary.org/obo/UBERON_0001874,
http://purl.obolibrary.org/obo/HP_0032039,Abnormality of the ocular adnexa,http://purl.obolibrary.org/obo/UBERON_0035639,
http://purl.obolibrary.org/obo/HP_0032040,Abnormal ocular adnexa physiology,http://purl.obolibrary.org/obo/UBERON_0035639,
http://purl.obolibrary.org/obo/HP_0032045,Hypoplastic carotid canal,http://purl.obolibrary.org/obo/UBERON_0006668,
http://purl.obolibrary.org/obo/HP_0032073,Aplasia of the fallopian tube,http://purl.obolibrary.org/obo/UBERON_0003889,
http://purl.obolibrary.org/obo/HP_0032077,Male urethral meatus stenosis,http://purl.obolibrary.org/obo/UBERON_0012241,
http://purl.obolibrary.org/obo/HP_0032096,Abnormal manganese concentration,http://purl.obolibrary.org/obo/UBERON_0000178,
http://purl.obolibrary.org/obo/HP_0032097,Hypermanganesemia,http://purl.obolibrary.org/obo/UBERON_0000178,
http://purl.obolibrary.org/obo/HP_0032098,Hypomanganesemia,http://purl.obolibrary.org/obo/UBERON_0000178,
http://purl.obolibrary.org/obo/HP_0032120,Abnormal peripheral nervous system physiology,http://purl.obolibrary.org/obo/UBERON_0000010,
http://purl.obolibrary.org/obo/HP_0032124,Abnormal unswitched memory B cell proportion,,http://purl.obolibrary.org/obo/CL_0000236
http://purl.obolibrary.org/obo/HP_0032125,Increased unswitched memory B cell proportion,,http://purl.obolibrary.org/obo/CL_0000000
http://purl.obolibrary.org/obo/HP_0032126,Decreased unswitched memory B cell proportion,,http://purl.obolibrary.org/obo/CL_0000236
http://purl.obolibrary.org/obo/HP_0032127,Abnormal plasmablast proportion,,http://purl.obolibrary.org/obo/CL_0000236
http://purl.obolibrary.org/obo/HP_0032128,Increased proportion of plasmablasts,,http://purl.obolibrary.org/obo/CL_0000236
http://purl.obolibrary.org/obo/HP_0032129,Decreased proportion of plasmablasts,,http://purl.obolibrary.org/obo/CL_0000236
http://purl.obolibrary.org/obo/HP_0032153,Joint subluxation,http://purl.obolibrary.org/obo/UBERON_0000982,
http://purl.obolibrary.org/obo/HP_0032164,Increased blood folate concentration,http://purl.obolibrary.org/obo/UBERON_0000178,
http://purl.obolibrary.org/obo/HP_0032180,Abnormal circulating metabolite concentration,http://purl.obolibrary.org/obo/UBERON_0000178,
http://purl.obolibrary.org/obo/HP_0032182,Abnormal memory T cell proportion,,http://purl.obolibrary.org/obo/CL_0000084
http://purl.obolibrary.org/obo/HP_0032183,Decreased memory T cell proportion,,http://purl.obolibrary.org/obo/CL_0000084
http://purl.obolibrary.org/obo/HP_0032184,Increased memory T cell proportion,,http://purl.obolibrary.org/obo/CL_0000236
http://purl.obolibrary.org/obo/HP_0032205,Increased circulating galectin-3 level,http://purl.obolibrary.org/obo/UBERON_0000178,
http://purl.obolibrary.org/obo/HP_0032209,Abnormal circulating free T3 concentration,http://purl.obolibrary.org/obo/UBERON_0000178,
http://purl.obolibrary.org/obo/HP_0032210,Decreased circulating free T3,http://purl.obolibrary.org/obo/UBERON_0000178,
http://purl.obolibrary.org/obo/HP_0032218,Decreased proportion of CD4-positive T cells,,http://purl.obolibrary.org/obo/CL_0000084
http://purl.obolibrary.org/obo/HP_0032219,Increased proportion of CD4-positive T cells,,http://purl.obolibrary.org/obo/CL_0000084
http://purl.obolibrary.org/obo/HP_0032254,Increased circulating copper concentration,http://purl.obolibrary.org/obo/UBERON_0000178,
http://purl.obolibrary.org/obo/HP_0032273,Increased circulating N-acetylaspartic acid concentration,http://purl.obolibrary.org/obo/UBERON_0000178,
http://purl.obolibrary.org/obo/HP_0032314,Abnormal areolar morphology,http://purl.obolibrary.org/obo/UBERON_0002032,
http://purl.obolibrary.org/obo/HP_0032345,Elevated cancer Ag 19-9 level,http://purl.obolibrary.org/obo/UBERON_0000178,
http://purl.obolibrary.org/obo/HP_0032351,Phenylalaninuria,http://purl.obolibrary.org/obo/UBERON_0001088,
http://purl.obolibrary.org/obo/HP_0032362,Increased circulating corticosterone level,http://purl.obolibrary.org/obo/UBERON_0000178,
http://purl.obolibrary.org/obo/HP_0032363,Decreased circulating corticosterone level,http://purl.obolibrary.org/obo/UBERON_0000178,
http://purl.obolibrary.org/obo/HP_0032368,Acidemia,http://purl.obolibrary.org/obo/UBERON_0000178,
http://purl.obolibrary.org/obo/HP_0032369,Alkalemia,http://purl.obolibrary.org/obo/UBERON_0000178,
http://purl.obolibrary.org/obo/HP_0032445,Pulmonary cyst,http://purl.obolibrary.org/obo/UBERON_0002048,
http://purl.obolibrary.org/obo/HP_0032453,Abnormal lip pigmentation,http://purl.obolibrary.org/obo/UBERON_0001833,
http://purl.obolibrary.org/obo/HP_0032464,Ureteral hypoplasia,http://purl.obolibrary.org/obo/UBERON_0000056,
http://purl.obolibrary.org/obo/HP_0032466,Aplasia of the olfactory bulb,http://purl.obolibrary.org/obo/UBERON_0002264,
http://purl.obolibrary.org/obo/HP_0032491,Increased circulating argininosuccinic acid,http://purl.obolibrary.org/obo/UBERON_0000178,
http://purl.obolibrary.org/obo/HP_0032572,Abnormal urinary nucleobase concentration,http://purl.obolibrary.org/obo/UBERON_0001088,
http://purl.obolibrary.org/obo/HP_0032599,Abnormal renal tubular epithelial morphology,,http://purl.obolibrary.org/obo/CL_0000066
http://purl.obolibrary.org/obo/HP_0032618,Renal necrosis,http://purl.obolibrary.org/obo/UBERON_0008987,
http://purl.obolibrary.org/obo/HP_0032620,Intrarenal abscess,http://purl.obolibrary.org/obo/UBERON_0002113,
http://purl.obolibrary.org/obo/HP_0032622,Tubular luminal dilatation,http://purl.obolibrary.org/obo/UBERON_0009773,
http://purl.obolibrary.org/obo/HP_0032632,Renal papillary necrosis,http://purl.obolibrary.org/obo/UBERON_0001228,
http://purl.obolibrary.org/obo/HP_0033042,Abnormal chorion morphology,http://purl.obolibrary.org/obo/UBERON_0003124,
http://purl.obolibrary.org/obo/HP_0033045,Bipedal edema,http://purl.obolibrary.org/obo/UBERON_0000978,
http://purl.obolibrary.org/obo/HP_0033083,Increased circulating farnesol concentration,http://purl.obolibrary.org/obo/UBERON_0000178,
http://purl.obolibrary.org/obo/HP_0033091,Tyrosinuria,http://purl.obolibrary.org/obo/UBERON_0001088,
http://purl.obolibrary.org/obo/HP_0033100,Increased proteinogenic amino acid level in urine,http://purl.obolibrary.org/obo/UBERON_0001088,
http://purl.obolibrary.org/obo/HP_0033107,Abnormal circulating proteinogenic amino acid concentration,http://purl.obolibrary.org/obo/UBERON_0000178,
http://purl.obolibrary.org/obo/HP_0033108,Abnormal circulating proteinogenic amino acid derivative concentration,http://purl.obolibrary.org/obo/UBERON_0000178,
http://purl.obolibrary.org/obo/HP_0033109,Abnormal circulating non-proteinogenic amino acid concentration,http://purl.obolibrary.org/obo/UBERON_0000178,
http://purl.obolibrary.org/obo/HP_0033110,Elevated circulating alpha-aminobutyric acid concentration,http://purl.obolibrary.org/obo/UBERON_0000178,
http://purl.obolibrary.org/obo/HP_0033117,Duodenitis,http://purl.obolibrary.org/obo/UBERON_0002114,
http://purl.obolibrary.org/obo/HP_0033124,Increased serum sorbitol concentration,http://purl.obolibrary.org/obo/UBERON_0000178,
http://purl.obolibrary.org/obo/HP_0033139,Elevated circulating uracil concentration,http://purl.obolibrary.org/obo/UBERON_0000178,
http://purl.obolibrary.org/obo/HP_0033142,Long nasal bridge,http://purl.obolibrary.org/obo/UBERON_0001681,
http://purl.obolibrary.org/obo/HP_0033143,Jejunitis,http://purl.obolibrary.org/obo/UBERON_0002115,
http://purl.obolibrary.org/obo/HP_0033146,Elevated circulating methylsuccinic acid concentration,http://purl.obolibrary.org/obo/UBERON_0000178,
http://purl.obolibrary.org/obo/HP_0033147,Abnormal circulating short-chain fatty-acid concentration,http://purl.obolibrary.org/obo/UBERON_0000178,
http://purl.obolibrary.org/obo/HP_0033148,Increased circulating isovaleric acid concentration,http://purl.obolibrary.org/obo/UBERON_0000178,
http://purl.obolibrary.org/obo/HP_0033151,Abnormal pharynx morphology,http://purl.obolibrary.org/obo/UBERON_0001042,
http://purl.obolibrary.org/obo/HP_0033152,Abnormal pharynx physiology,http://purl.obolibrary.org/obo/UBERON_0001042,
http://purl.obolibrary.org/obo/HP_0033153,Elevated circulating dodecenoylcarnitine concentration,http://purl.obolibrary.org/obo/UBERON_0000178,
http://purl.obolibrary.org/obo/HP_0033155,Elevated circulating L-alloisoleucine concentration,http://purl.obolibrary.org/obo/UBERON_0000178,
http://purl.obolibrary.org/obo/HP_0033157,Elevated circulating 3-methylhistidine concentration,http://purl.obolibrary.org/obo/UBERON_0000178,
http://purl.obolibrary.org/obo/HP_0033175,Elevated circulating 5-oxoproline concentration,http://purl.obolibrary.org/obo/UBERON_0000178,
http://purl.obolibrary.org/obo/HP_0033177,Elevated circulating suberic acid concentration,http://purl.obolibrary.org/obo/UBERON_0000178,
http://purl.obolibrary.org/obo/HP_0033301,Elevated circulating 1-methylhistidine concentration,http://purl.obolibrary.org/obo/UBERON_0000178,
http://purl.obolibrary.org/obo/HP_0033302,Elevated circulating 4-hydroxyphenylacetic acid concentration,http://purl.obolibrary.org/obo/UBERON_0000178,
http://purl.obolibrary.org/obo/HP_0033324,Elevated circulating homovanillic acid concentration,http://purl.obolibrary.org/obo/UBERON_0000178,
http://purl.obolibrary.org/obo/HP_0033325,Elevated circulating sebacic acid concentration,http://purl.obolibrary.org/obo/UBERON_0000178,
http://purl.obolibrary.org/obo/HP_0033340,Increased circulating guanosine concentration,http://purl.obolibrary.org/obo/UBERON_0000178,
http://purl.obolibrary.org/obo/HP_0033341,Elevated circulating sitosterol concentration,http://purl.obolibrary.org/obo/UBERON_0000178,
http://purl.obolibrary.org/obo/HP_0033356,Elevated circulating o-phosphoserine concentration,http://purl.obolibrary.org/obo/UBERON_0000178,
http://purl.obolibrary.org/obo/HP_0033380,Nasal chondritis,http://purl.obolibrary.org/obo/UBERON_0003407,
http://purl.obolibrary.org/obo/HP_0033387,Elevated circulating pyridinoline concentration,http://purl.obolibrary.org/obo/UBERON_0000178,
http://purl.obolibrary.org/obo/HP_0033405,Abnormal circulating organic amino compound concentration,http://purl.obolibrary.org/obo/UBERON_0000178,
http://purl.obolibrary.org/obo/HP_0033417,Elevated circulating hydroxybutyric acid concentration,http://purl.obolibrary.org/obo/UBERON_0000178,
http://purl.obolibrary.org/obo/HP_0033419,Elevated circulating 3-hydroxybutyric acid concentration,http://purl.obolibrary.org/obo/UBERON_0000178,
http://purl.obolibrary.org/obo/HP_0033435,Abnormal circulating keto acid concentration,http://purl.obolibrary.org/obo/UBERON_0000178,
http://purl.obolibrary.org/obo/HP_0033437,Elevated circulating 4-methyl-2-oxopentanoic acid concentration,http://purl.obolibrary.org/obo/UBERON_0000178,
http://purl.obolibrary.org/obo/HP_0033445,Reduced circulating acylcarnitine concentration,http://purl.obolibrary.org/obo/UBERON_0000178,
http://purl.obolibrary.org/obo/HP_0033479,Abnormal circulating bilirubin concentration,http://purl.obolibrary.org/obo/UBERON_0000178,
http://purl.obolibrary.org/obo/HP_0033480,Hypobilirubinemia,http://purl.obolibrary.org/obo/UBERON_0000178,
http://purl.obolibrary.org/obo/HP_0033504,Elevated circulating fumarate concentration,http://purl.obolibrary.org/obo/UBERON_0000178,
http://purl.obolibrary.org/obo/HP_0033538,Aortic annulus calcification,http://purl.obolibrary.org/obo/UBERON_0005991,
http://purl.obolibrary.org/obo/HP_0033631,Spondylitis,http://purl.obolibrary.org/obo/UBERON_0001130,
http://purl.obolibrary.org/obo/HP_0033641,Aortic valve leaflet calcification,http://purl.obolibrary.org/obo/UBERON_0011742,
http://purl.obolibrary.org/obo/HP_0033642,Mitral valve leaflet calcification,http://purl.obolibrary.org/obo/UBERON_0007151,
http://purl.obolibrary.org/obo/HP_0033643,Increased circulating very long-chain fatty acid concentration,http://purl.obolibrary.org/obo/UBERON_0000178,
http://purl.obolibrary.org/obo/HP_0034025,Abnormal circulating GABA concentration,http://purl.obolibrary.org/obo/UBERON_0000178,
http://purl.obolibrary.org/obo/HP_0034203,Decreased iduronate sulfatase level,http://purl.obolibrary.org/obo/UBERON_0000178,
http://purl.obolibrary.org/obo/HP_0034221,Abnormal temporal lobe morphology,http://purl.obolibrary.org/obo/UBERON_0001871,
http://purl.obolibrary.org/obo/HP_0034276,Elevated circulating thymidine concentration,http://purl.obolibrary.org/obo/UBERON_0000178,
http://purl.obolibrary.org/obo/HP_0034277,Elevated circulating deoxyuridine concentration,http://purl.obolibrary.org/obo/UBERON_0000178,
http://purl.obolibrary.org/obo/HP_0034278,Multinucleated erythroblast,,http://purl.obolibrary.org/obo/CL_0000765
http://purl.obolibrary.org/obo/HP_0034290,Elevated circulating tiglylglycine concentration,http://purl.obolibrary.org/obo/UBERON_0000178,
http://purl.obolibrary.org/obo/HP_0034291,Elevated circulating creatine concentration,http://purl.obolibrary.org/obo/UBERON_0000178,
http://purl.obolibrary.org/obo/HP_0034292,Reduced circulating creatine concentration,http://purl.obolibrary.org/obo/UBERON_0000178,
http://purl.obolibrary.org/obo/HP_0034297,Elevated circulating tetracosanoic acid concentration,http://purl.obolibrary.org/obo/UBERON_0000178,
http://purl.obolibrary.org/obo/HP_0034298,Elevated circulating hexacosanoic acid concentration,http://purl.obolibrary.org/obo/UBERON_0000178,
http://purl.obolibrary.org/obo/HP_0034321,Elevated circulating guanidinoacetic acid concentration,http://purl.obolibrary.org/obo/UBERON_0000178,
http://purl.obolibrary.org/obo/HP_0034333,Increased circulating hypoxanthine concentration,http://purl.obolibrary.org/obo/UBERON_0000178,
http://purl.obolibrary.org/obo/HP_0034383,Elevated circulating biliverdin concentration,http://purl.obolibrary.org/obo/UBERON_0000178,
http://purl.obolibrary.org/obo/HP_0034438,Balanitis,http://purl.obolibrary.org/obo/UBERON_0001299,
http://purl.obolibrary.org/obo/HP_0034441,Decreased circulating aspartic acid concentration,http://purl.obolibrary.org/obo/UBERON_0000178,
http://purl.obolibrary.org/obo/HP_0034453,Hypoplastic umbilicus,http://purl.obolibrary.org/obo/UBERON_0007118,
http://purl.obolibrary.org/obo/HP_0034455,Increased CSF taurine concentration,http://purl.obolibrary.org/obo/UBERON_0001359,
http://purl.obolibrary.org/obo/HP_0034456,Elevated circulating glutathione concentration,http://purl.obolibrary.org/obo/UBERON_0000178,
http://purl.obolibrary.org/obo/HP_0034460,Increased CSF uracil concentration,http://purl.obolibrary.org/obo/UBERON_0001359,
http://purl.obolibrary.org/obo/HP_0034479,Enlarged epididymis,http://purl.obolibrary.org/obo/UBERON_0001301,
http://purl.obolibrary.org/obo/HP_0034500,Glenoid fracture,http://purl.obolibrary.org/obo/UBERON_0006657,
http://purl.obolibrary.org/obo/HP_0034548,Portal vein hypoplasia,http://purl.obolibrary.org/obo/UBERON_0002017,
http://purl.obolibrary.org/obo/HP_0034592,Elevated circulating beta-aminoisobutyric acid concentration,http://purl.obolibrary.org/obo/UBERON_0000178,
http://purl.obolibrary.org/obo/HP_0034593,Elevated circulating dihydrouracil concentration,http://purl.obolibrary.org/obo/UBERON_0000178,
http://purl.obolibrary.org/obo/HP_0034594,Elevated circulating dihydrothymine concentration,http://purl.obolibrary.org/obo/UBERON_0000178,
http://purl.obolibrary.org/obo/HP_0034606,Elevated circulating porphyrin concentration,http://purl.obolibrary.org/obo/UBERON_0000178,
http://purl.obolibrary.org/obo/HP_0034611,Elevated circulating arabinitol concentration,http://purl.obolibrary.org/obo/UBERON_0000178,
http://purl.obolibrary.org/obo/HP_0034614,Elevated circulating erythritol concentration,http://purl.obolibrary.org/obo/UBERON_0000178,
http://purl.obolibrary.org/obo/HP_0034616,Abnormal circulating coenzyme concentration,http://purl.obolibrary.org/obo/UBERON_0000178,
http://purl.obolibrary.org/obo/HP_0034617,Elevated circulating S-adenosyl methionine concentration,http://purl.obolibrary.org/obo/UBERON_0000178,
http://purl.obolibrary.org/obo/HP_0034669,Abnormal knee morphology,http://purl.obolibrary.org/obo/UBERON_0001465,
http://purl.obolibrary.org/obo/HP_0034670,Abnormal knee physiology,http://purl.obolibrary.org/obo/UBERON_0001465,
http://purl.obolibrary.org/obo/HP_0034673,Abnormal ankle morphology,http://purl.obolibrary.org/obo/UBERON_0004454,
http://purl.obolibrary.org/obo/HP_0034674,Abnormal ankle physiology,http://purl.obolibrary.org/obo/UBERON_0004454,
http://purl.obolibrary.org/obo/HP_0034730,Elevated circulating S-adenosyl-L-homocysteine concentration,http://purl.obolibrary.org/obo/UBERON_0000178,
http://purl.obolibrary.org/obo/HP_0034731,Elevated circulating S-adenosyl-L-methionine concentration,http://purl.obolibrary.org/obo/UBERON_0000178,
http://purl.obolibrary.org/obo/HP_0034736,Elevated circulating alpha-oxoadipic acid concentration,http://purl.obolibrary.org/obo/UBERON_0000178,
http://purl.obolibrary.org/obo/HP_0034741,Elevated circulating homoarginine concentration,http://purl.obolibrary.org/obo/UBERON_0000178,
http://purl.obolibrary.org/obo/HP_0034745,Elevated circulating S-sulfocysteine concentration,http://purl.obolibrary.org/obo/UBERON_0000178,
http://purl.obolibrary.org/obo/HP_0034869,Reduced erythrocyte free porphyrin concentration,http://purl.obolibrary.org/obo/UBERON_0000178,
http://purl.obolibrary.org/obo/HP_0034870,Reduced circulating urocanic acid concentration,http://purl.obolibrary.org/obo/UBERON_0000178,
http://purl.obolibrary.org/obo/HP_0034915,Abnormal anus morphology,http://purl.obolibrary.org/obo/UBERON_0001245,
http://purl.obolibrary.org/obo/HP_0034916,Abnormal anus physiology,http://purl.obolibrary.org/obo/UBERON_0001245,
http://purl.obolibrary.org/obo/HP_0034934,Abnormal circulating 7-dehydrocholesterol concentration,http://purl.obolibrary.org/obo/UBERON_0000178,
http://purl.obolibrary.org/obo/HP_0034935,Decreased circulating 7-dehydrocholesterol concentration,http://purl.obolibrary.org/obo/UBERON_0000178,
http://purl.obolibrary.org/obo/HP_0034936,Elevated circulating lathosterol concentration,http://purl.obolibrary.org/obo/UBERON_0000178,
http://purl.obolibrary.org/obo/HP_0034938,Decreased circulating sialic acid concentration,http://purl.obolibrary.org/obo/UBERON_0000178,
http://purl.obolibrary.org/obo/HP_0035030,Elevated circulating carnitine concentration,http://purl.obolibrary.org/obo/UBERON_0000178,
http://purl.obolibrary.org/obo/HP_0040004,Abnormality of corneal shape,http://purl.obolibrary.org/obo/UBERON_0000964,
http://purl.obolibrary.org/obo/HP_0040007,Absent pigmentation of chest,http://purl.obolibrary.org/obo/UBERON_0001868,
http://purl.obolibrary.org/obo/HP_0040008,Aplasia of facial bones,http://purl.obolibrary.org/obo/UBERON_0003462,
http://purl.obolibrary.org/obo/HP_0040010,Small posterior fossa,http://purl.obolibrary.org/obo/UBERON_0008788,
http://purl.obolibrary.org/obo/HP_0040011,Flat posterior fossa,http://purl.obolibrary.org/obo/UBERON_0008788,
http://purl.obolibrary.org/obo/HP_0040016,Prominent coccyx,http://purl.obolibrary.org/obo/UBERON_0001350,
http://purl.obolibrary.org/obo/HP_0040017,Protruding coccyx,http://purl.obolibrary.org/obo/UBERON_0001350,
http://purl.obolibrary.org/obo/HP_0040018,Clinodactyly of hallux,http://purl.obolibrary.org/obo/UBERON_0003631,
http://purl.obolibrary.org/obo/HP_0040019,Finger clinodactyly,http://purl.obolibrary.org/obo/UBERON_0002389,
http://purl.obolibrary.org/obo/HP_0040022,Clinodactyly of the 2nd finger,http://purl.obolibrary.org/obo/UBERON_0003622,
http://purl.obolibrary.org/obo/HP_0040023,Clinodactyly of the thumb,http://purl.obolibrary.org/obo/UBERON_0001463,
http://purl.obolibrary.org/obo/HP_0040024,Clinodactyly of the 3rd finger,http://purl.obolibrary.org/obo/UBERON_0003623,
http://purl.obolibrary.org/obo/HP_0040025,Clinodactyly of the 4th finger,http://purl.obolibrary.org/obo/UBERON_0003624,
http://purl.obolibrary.org/obo/HP_0040030,Chorioretinal hypopigmentation,http://purl.obolibrary.org/obo/UBERON_0000966,
http://purl.obolibrary.org/obo/HP_0040030,Chorioretinal hypopigmentation,http://purl.obolibrary.org/obo/UBERON_0001776,
http://purl.obolibrary.org/obo/HP_0040031,Chorioretinal hyperpigmentation,http://purl.obolibrary.org/obo/UBERON_0000966,
http://purl.obolibrary.org/obo/HP_0040031,Chorioretinal hyperpigmentation,http://purl.obolibrary.org/obo/UBERON_0001776,
http://purl.obolibrary.org/obo/HP_0040032,Hypoplasia of the upper eyelids,http://purl.obolibrary.org/obo/UBERON_0001712,
http://purl.obolibrary.org/obo/HP_0040033,Aplasia/Hypoplasia of the fifth metatarsal bone,http://purl.obolibrary.org/obo/UBERON_0003654,
http://purl.obolibrary.org/obo/HP_0040034,Abnormality of the second metatarsal bone,http://purl.obolibrary.org/obo/UBERON_0003651,
http://purl.obolibrary.org/obo/HP_0040035,Abnormality of the fourth metatarsal bone,http://purl.obolibrary.org/obo/UBERON_0003653,
http://purl.obolibrary.org/obo/HP_0040036,Onychogryphosis of fingernail,http://purl.obolibrary.org/obo/UBERON_0009565,
http://purl.obolibrary.org/obo/HP_0040039,Onycholysis of fingernails,http://purl.obolibrary.org/obo/UBERON_0009565,
http://purl.obolibrary.org/obo/HP_0040039,Onycholysis of fingernails,http://purl.obolibrary.org/obo/UBERON_0005273,
http://purl.obolibrary.org/obo/HP_0040040,Toenail onycholysis,http://purl.obolibrary.org/obo/UBERON_0009567,
http://purl.obolibrary.org/obo/HP_0040040,Toenail onycholysis,http://purl.obolibrary.org/obo/UBERON_0005273,
http://purl.obolibrary.org/obo/HP_0040042,Aplasia of the eccrine sweat glands,http://purl.obolibrary.org/obo/UBERON_0000423,
http://purl.obolibrary.org/obo/HP_0040043,Hypoplasia of the eccrine sweat glands,http://purl.obolibrary.org/obo/UBERON_0000423,
http://purl.obolibrary.org/obo/HP_0040044,Hypoplasia of the diaphragm,http://purl.obolibrary.org/obo/UBERON_0001103,
http://purl.obolibrary.org/obo/HP_0040049,Macular edema,http://purl.obolibrary.org/obo/UBERON_0000053,
http://purl.obolibrary.org/obo/HP_0040050,Sparse upper eyelashes,http://purl.obolibrary.org/obo/UBERON_0019254,
http://purl.obolibrary.org/obo/HP_0040051,Abnormality of upper eyelashes,http://purl.obolibrary.org/obo/UBERON_0019254,
http://purl.obolibrary.org/obo/HP_0040052,Abnormality of lower eyelashes,http://purl.obolibrary.org/obo/UBERON_0019255,
http://purl.obolibrary.org/obo/HP_0040053,Long lower eyelashes,http://purl.obolibrary.org/obo/UBERON_0019255,
http://purl.obolibrary.org/obo/HP_0040054,Short upper eyelashes,http://purl.obolibrary.org/obo/UBERON_0019254,
http://purl.obolibrary.org/obo/HP_0040055,Short lower eyelashes,http://purl.obolibrary.org/obo/UBERON_0019255,
http://purl.obolibrary.org/obo/HP_0040056,Absent upper eyelashes,http://purl.obolibrary.org/obo/UBERON_0019254,
http://purl.obolibrary.org/obo/HP_0040057,Abnormal nasal hair morphology,http://purl.obolibrary.org/obo/UBERON_0011931,
http://purl.obolibrary.org/obo/HP_0040059,Calcification of ribs,http://purl.obolibrary.org/obo/UBERON_0002228,
http://purl.obolibrary.org/obo/HP_0040061,Osteosclerosis of the radius,http://purl.obolibrary.org/obo/UBERON_0001423,
http://purl.obolibrary.org/obo/HP_0040062,Slender radius,http://purl.obolibrary.org/obo/UBERON_0001423,
http://purl.obolibrary.org/obo/HP_0040064,Abnormality of limbs,http://purl.obolibrary.org/obo/UBERON_0002101,
http://purl.obolibrary.org/obo/HP_0040068,Abnormality of limb bone,http://purl.obolibrary.org/obo/UBERON_0002428,
http://purl.obolibrary.org/obo/HP_0040069,Abnormal lower limb bone morphology,http://purl.obolibrary.org/obo/UBERON_0010742,
http://purl.obolibrary.org/obo/HP_0040070,Abnormal upper limb bone morphology,http://purl.obolibrary.org/obo/UBERON_0010741,
http://purl.obolibrary.org/obo/HP_0040071,Abnormal morphology of ulna,http://purl.obolibrary.org/obo/UBERON_0001424,
http://purl.obolibrary.org/obo/HP_0040072,Abnormal forearm bone morphology,http://purl.obolibrary.org/obo/UBERON_0003466,
http://purl.obolibrary.org/obo/HP_0040075,Hypopituitarism,http://purl.obolibrary.org/obo/UBERON_0000007,
http://purl.obolibrary.org/obo/HP_0040081,Abnormal circulating creatine kinase concentration,http://purl.obolibrary.org/obo/UBERON_0000178,
http://purl.obolibrary.org/obo/HP_0040084,Abnormal circulating renin concentration,http://purl.obolibrary.org/obo/UBERON_0000178,
http://purl.obolibrary.org/obo/HP_0040085,Abnormal circulating aldosterone concentration,http://purl.obolibrary.org/obo/UBERON_0000178,
http://purl.obolibrary.org/obo/HP_0040087,Abnormal blood folate concentration,http://purl.obolibrary.org/obo/UBERON_0000178,
http://purl.obolibrary.org/obo/HP_0040088,Abnormal lymphocyte count,,http://purl.obolibrary.org/obo/CL_0000542
http://purl.obolibrary.org/obo/HP_0040089,Abnormal total natural killer cell count,,http://purl.obolibrary.org/obo/CL_0000623
http://purl.obolibrary.org/obo/HP_0040090,Abnormal tympanic membrane morphology,http://purl.obolibrary.org/obo/UBERON_0002364,
http://purl.obolibrary.org/obo/HP_0040117,Atresia of the Eustachian tube,http://purl.obolibrary.org/obo/UBERON_0002393,
http://purl.obolibrary.org/obo/HP_0040118,Stenosis of the Eustachian tube,http://purl.obolibrary.org/obo/UBERON_0002393,
http://purl.obolibrary.org/obo/HP_0040126,Abnormal circulating vitamin B12 concentration,http://purl.obolibrary.org/obo/UBERON_0000178,
http://purl.obolibrary.org/obo/HP_0040130,Abnormal circulating iron concentration,http://purl.obolibrary.org/obo/UBERON_0001977,
http://purl.obolibrary.org/obo/HP_0040133,Abnormal circulating ferritin concentration,http://purl.obolibrary.org/obo/UBERON_0001977,
http://purl.obolibrary.org/obo/HP_0040134,Abnormal hepatic iron concentration,http://purl.obolibrary.org/obo/UBERON_0002107,
http://purl.obolibrary.org/obo/HP_0040140,Degeneration of the striatum,http://purl.obolibrary.org/obo/UBERON_0002435,
http://purl.obolibrary.org/obo/HP_0040144,L-2-hydroxyglutaric aciduria,http://purl.obolibrary.org/obo/UBERON_0001088,
http://purl.obolibrary.org/obo/HP_0040146,D-2-hydroxyglutaric acidemia,http://purl.obolibrary.org/obo/UBERON_0000178,
http://purl.obolibrary.org/obo/HP_0040147,L-2-hydroxyglutaric acidemia,http://purl.obolibrary.org/obo/UBERON_0000178,
http://purl.obolibrary.org/obo/HP_0040155,Elevated urinary 3-hydroxybutyric acid,http://purl.obolibrary.org/obo/UBERON_0001088,
http://purl.obolibrary.org/obo/HP_0040156,Elevated urinary carboxylic acid,http://purl.obolibrary.org/obo/UBERON_0001088,
http://purl.obolibrary.org/obo/HP_0040157,Abnormal intermamillary distance,http://purl.obolibrary.org/obo/UBERON_0013771,
http://purl.obolibrary.org/obo/HP_0040158,Short intermamillary distance,http://purl.obolibrary.org/obo/UBERON_0013771,
http://purl.obolibrary.org/obo/HP_0040163,Abnormal pelvis bone morphology,http://purl.obolibrary.org/obo/UBERON_0007830,
http://purl.obolibrary.org/obo/HP_0040165,Periostitis,http://purl.obolibrary.org/obo/UBERON_0002515,
http://purl.obolibrary.org/obo/HP_0040171,Decreased serum testosterone concentration,http://purl.obolibrary.org/obo/UBERON_0000178,
http://purl.obolibrary.org/obo/HP_0040172,Abnormality of occipitofrontalis muscle,http://purl.obolibrary.org/obo/UBERON_0010946,
http://purl.obolibrary.org/obo/HP_0040173,Abnormality of the tongue muscle,http://purl.obolibrary.org/obo/UBERON_0000378,
http://purl.obolibrary.org/obo/HP_0040174,Abnormality of extrinsic muscle of tongue,http://purl.obolibrary.org/obo/UBERON_0001575,
http://purl.obolibrary.org/obo/HP_0040176,Abnormal circulating phospholipid concentration,http://purl.obolibrary.org/obo/UBERON_0000178,
http://purl.obolibrary.org/obo/HP_0040184,Oral bleeding,http://purl.obolibrary.org/obo/UBERON_0000167,
http://purl.obolibrary.org/obo/HP_0040191,Rectus femoris muscle atrophy,http://purl.obolibrary.org/obo/UBERON_0001378,
http://purl.obolibrary.org/obo/HP_0040194,Increased head circumference,http://purl.obolibrary.org/obo/UBERON_0000033,
http://purl.obolibrary.org/obo/HP_0040195,Decreased head circumference,http://purl.obolibrary.org/obo/UBERON_0000033,
http://purl.obolibrary.org/obo/HP_0040203,Abnormal CSF neopterin concentration,http://purl.obolibrary.org/obo/UBERON_0001359,
http://purl.obolibrary.org/obo/HP_0040204,Elevated CSF neopterin level,http://purl.obolibrary.org/obo/UBERON_0001359,
http://purl.obolibrary.org/obo/HP_0040205,Decreased CSF neopterin level,http://purl.obolibrary.org/obo/UBERON_0001359,
http://purl.obolibrary.org/obo/HP_0040206,Abnormal circulating neopterin concentration,http://purl.obolibrary.org/obo/UBERON_0000178,
http://purl.obolibrary.org/obo/HP_0040207,Abnormal CSF pterin concentration,http://purl.obolibrary.org/obo/UBERON_0001359,
http://purl.obolibrary.org/obo/HP_0040208,Elevated CSF biopterin level,http://purl.obolibrary.org/obo/UBERON_0001359,
http://purl.obolibrary.org/obo/HP_0040209,Decreased CSF biopterin level,http://purl.obolibrary.org/obo/UBERON_0001359,
http://purl.obolibrary.org/obo/HP_0040210,Abnormal circulating biopterin concentration,http://purl.obolibrary.org/obo/UBERON_0000178,
http://purl.obolibrary.org/obo/HP_0040211,Abnormal skin morphology of the palm,http://purl.obolibrary.org/obo/UBERON_0002097,
http://purl.obolibrary.org/obo/HP_0040214,Abnormal circulating insulin concentration,http://purl.obolibrary.org/obo/UBERON_0000178,
http://purl.obolibrary.org/obo/HP_0040216,Hypoinsulinemia,http://purl.obolibrary.org/obo/UBERON_0000178,
http://purl.obolibrary.org/obo/HP_0040218,Reduced total natural killer cell count,,http://purl.obolibrary.org/obo/CL_0000623
http://purl.obolibrary.org/obo/HP_0040219,Absent natural killer cells,,http://purl.obolibrary.org/obo/CL_0000623
http://purl.obolibrary.org/obo/HP_0040220,Abnormal size of the dental root,http://purl.obolibrary.org/obo/UBERON_0003677,
http://purl.obolibrary.org/obo/HP_0040221,Hypoplasia of the dental root,http://purl.obolibrary.org/obo/UBERON_0003677,
http://purl.obolibrary.org/obo/HP_0040223,Pulmonary hemorrhage,http://purl.obolibrary.org/obo/UBERON_0002048,
http://purl.obolibrary.org/obo/HP_0040242,Muscle hemorrhage,http://purl.obolibrary.org/obo/UBERON_0001015,
http://purl.obolibrary.org/obo/HP_0040252,Abnormal size of the clitoris,http://purl.obolibrary.org/obo/UBERON_0002411,
http://purl.obolibrary.org/obo/HP_0040253,Increased size of the clitoris,http://purl.obolibrary.org/obo/UBERON_0002411,
http://purl.obolibrary.org/obo/HP_0040254,Decreased size of the clitoris,http://purl.obolibrary.org/obo/UBERON_0002411,
http://purl.obolibrary.org/obo/HP_0040255,Aplasia/Hypoplasia of the clitoris,http://purl.obolibrary.org/obo/UBERON_0002411,
http://purl.obolibrary.org/obo/HP_0040256,Aplastic/Hypoplastic nasopharyngeal adenoids,http://purl.obolibrary.org/obo/UBERON_0001732,
http://purl.obolibrary.org/obo/HP_0040257,Abnormal size of nasopharyngeal adenoids,http://purl.obolibrary.org/obo/UBERON_0001732,
http://purl.obolibrary.org/obo/HP_0040258,Hypoplastic nasopharyngeal adenoids,http://purl.obolibrary.org/obo/UBERON_0001732,
http://purl.obolibrary.org/obo/HP_0040259,Aplastic nasopharyngeal adenoids,http://purl.obolibrary.org/obo/UBERON_0001732,
http://purl.obolibrary.org/obo/HP_0040260,Decreased size of nasopharyngeal adenoids,http://purl.obolibrary.org/obo/UBERON_0001732,
http://purl.obolibrary.org/obo/HP_0040261,Increased size of nasopharyngeal adenoids,http://purl.obolibrary.org/obo/UBERON_0001732,
http://purl.obolibrary.org/obo/HP_0040265,Upper limb muscle hypertrophy,http://purl.obolibrary.org/obo/UBERON_0004481,
http://purl.obolibrary.org/obo/HP_0040286,Abnormal axial muscle morphology,http://purl.obolibrary.org/obo/UBERON_0003897,
http://purl.obolibrary.org/obo/HP_0040287,Axial muscle atrophy,http://purl.obolibrary.org/obo/UBERON_0003897,
http://purl.obolibrary.org/obo/HP_0040291,Skeletal muscle steatosis,http://purl.obolibrary.org/obo/UBERON_0018254,
http://purl.obolibrary.org/obo/HP_0040294,Duplicated tongue,http://purl.obolibrary.org/obo/UBERON_0001723,
http://purl.obolibrary.org/obo/HP_0040295,Duplication of the upper lip,http://purl.obolibrary.org/obo/UBERON_0001834,
http://purl.obolibrary.org/obo/HP_0040296,Abnormal location of the eyebrow,http://purl.obolibrary.org/obo/UBERON_0010163,
http://purl.obolibrary.org/obo/HP_0040298,Hyperplasia of the endometrium,http://purl.obolibrary.org/obo/UBERON_0001295,
http://purl.obolibrary.org/obo/HP_0040301,Increased urinary glycerol,http://purl.obolibrary.org/obo/UBERON_0001088,
http://purl.obolibrary.org/obo/HP_0040302,Hyperglycerolemia,http://purl.obolibrary.org/obo/UBERON_0000178,
http://purl.obolibrary.org/obo/HP_0040303,Decreased circulating iron concentration,http://purl.obolibrary.org/obo/UBERON_0001977,
http://purl.obolibrary.org/obo/HP_0040304,Duplication of the sella turcica,http://purl.obolibrary.org/obo/UBERON_0003689,
http://purl.obolibrary.org/obo/HP_0040309,Increased size of the mandible,http://purl.obolibrary.org/obo/UBERON_0001684,
http://purl.obolibrary.org/obo/HP_0040315,Tongue edema,http://purl.obolibrary.org/obo/UBERON_0001723,
http://purl.obolibrary.org/obo/HP_0040317,Blue urine,http://purl.obolibrary.org/obo/UBERON_0001088,
http://purl.obolibrary.org/obo/HP_0040318,Red urine,http://purl.obolibrary.org/obo/UBERON_0001088,
http://purl.obolibrary.org/obo/HP_0040326,Hypoplasia of the olfactory bulb,http://purl.obolibrary.org/obo/UBERON_0002264,
http://purl.obolibrary.org/obo/HP_0040327,Abnormal morphology of the olfactory bulb,http://purl.obolibrary.org/obo/UBERON_0002264,
http://purl.obolibrary.org/obo/HP_0040425,Abnormal urinary hypoxanthine level,http://purl.obolibrary.org/obo/UBERON_0001088,
http://purl.obolibrary.org/obo/HP_0040426,Decreased urinary hypoxanthine level,http://purl.obolibrary.org/obo/UBERON_0001088,
http://purl.obolibrary.org/obo/HP_0041044,Low neutrophil alkaline phosphatase,,http://purl.obolibrary.org/obo/CL_0000775
http://purl.obolibrary.org/obo/HP_0041050,Renal tubular cyst,http://purl.obolibrary.org/obo/UBERON_0009773,
http://purl.obolibrary.org/obo/HP_0041052,Agenesis of putamen,http://purl.obolibrary.org/obo/UBERON_0001874,
http://purl.obolibrary.org/obo/HP_0041055,Fractured humerus,http://purl.obolibrary.org/obo/UBERON_0000976,
http://purl.obolibrary.org/obo/HP_0041061,Fractured calcaneus,http://purl.obolibrary.org/obo/UBERON_0001450,
http://purl.obolibrary.org/obo/HP_0041073,Fractured thoracic vertebra,http://purl.obolibrary.org/obo/UBERON_0002347,
http://purl.obolibrary.org/obo/HP_0041076,Abnormal immunoglobulin level in body fluid,http://purl.obolibrary.org/obo/UBERON_0006314,
http://purl.obolibrary.org/obo/HP_0041077,Increased immunoglobulin level in body fluid,http://purl.obolibrary.org/obo/UBERON_0006314,
http://purl.obolibrary.org/obo/HP_0041078,Decreased immunoglobulin level in body fluid,http://purl.obolibrary.org/obo/UBERON_0006314,
http://purl.obolibrary.org/obo/HP_0041080,Abnormal proportion of exhausted T cells,,http://purl.obolibrary.org/obo/CL_0000084
http://purl.obolibrary.org/obo/HP_0041081,Fractured lower leg,http://purl.obolibrary.org/obo/UBERON_0004251,
http://purl.obolibrary.org/obo/HP_0041082,Fractured skull,http://purl.obolibrary.org/obo/UBERON_0003129,
http://purl.obolibrary.org/obo/HP_0041083,Fractured phalanx,http://purl.obolibrary.org/obo/UBERON_0003221,
http://purl.obolibrary.org/obo/HP_0041084,Compression-fractured thoracic vertebra,http://purl.obolibrary.org/obo/UBERON_0002347,
http://purl.obolibrary.org/obo/HP_0041085,Compression-fractured vertebra,http://purl.obolibrary.org/obo/UBERON_0002412,
http://purl.obolibrary.org/obo/HP_0041086,Compression-fractured cervical vertebra,http://purl.obolibrary.org/obo/UBERON_0002413,
http://purl.obolibrary.org/obo/HP_0041087,Compression-fractured lumbar vertebra,http://purl.obolibrary.org/obo/UBERON_0002414,
http://purl.obolibrary.org/obo/HP_0041088,Avulsion fractured humerus,http://purl.obolibrary.org/obo/UBERON_0000976,
http://purl.obolibrary.org/obo/HP_0041089,Avulsion fractured tibia,http://purl.obolibrary.org/obo/UBERON_0000979,
http://purl.obolibrary.org/obo/HP_0041091,Avulsion fractured epiphysis of femur,http://purl.obolibrary.org/obo/UBERON_0004384,
http://purl.obolibrary.org/obo/HP_0041114,Fractured metaphysis of femur,http://purl.obolibrary.org/obo/UBERON_0006865,
http://purl.obolibrary.org/obo/HP_0041115,Fractured right clavicle,http://purl.obolibrary.org/obo/UBERON_0008255,
http://purl.obolibrary.org/obo/HP_0041116,Fractured left clavicle,http://purl.obolibrary.org/obo/UBERON_0008256,
http://purl.obolibrary.org/obo/HP_0041117,Fractured lower limb segment,http://purl.obolibrary.org/obo/UBERON_0008784,
http://purl.obolibrary.org/obo/HP_0041118,Fractured upper limb segment,http://purl.obolibrary.org/obo/UBERON_0008785,
http://purl.obolibrary.org/obo/HP_0041119,Fractured metacarpus skeleton,http://purl.obolibrary.org/obo/UBERON_0010544,
http://purl.obolibrary.org/obo/HP_0041121,Fractured epiphysis of fifth metacarpal bone,http://purl.obolibrary.org/obo/UBERON_0011104,
http://purl.obolibrary.org/obo/HP_0041143,Fractured tibia,http://purl.obolibrary.org/obo/UBERON_0000979,
http://purl.obolibrary.org/obo/HP_0041144,Fractured clavicle bone,http://purl.obolibrary.org/obo/UBERON_0001105,
http://purl.obolibrary.org/obo/HP_0041145,Fractured acetabular part of hip bone,http://purl.obolibrary.org/obo/UBERON_0001269,
http://purl.obolibrary.org/obo/HP_0041146,Fractured coccyx,http://purl.obolibrary.org/obo/UBERON_0001350,
http://purl.obolibrary.org/obo/HP_0041147,Fractured epiphysis,http://purl.obolibrary.org/obo/UBERON_0001437,
http://purl.obolibrary.org/obo/HP_0041149,Fractured navicular bone of pes,http://purl.obolibrary.org/obo/UBERON_0001451,
http://purl.obolibrary.org/obo/HP_0041150,Fractured cuboid bone,http://purl.obolibrary.org/obo/UBERON_0001455,
http://purl.obolibrary.org/obo/HP_0041152,Fractured sternoclavicular joint,http://purl.obolibrary.org/obo/UBERON_0001469,
http://purl.obolibrary.org/obo/HP_0041153,Fractured ankle,http://purl.obolibrary.org/obo/UBERON_0001488,
http://purl.obolibrary.org/obo/HP_0041155,Fractured mandible,http://purl.obolibrary.org/obo/UBERON_0001684,
http://purl.obolibrary.org/obo/HP_0041156,Fractured orbit of skull,http://purl.obolibrary.org/obo/UBERON_0001697,
http://purl.obolibrary.org/obo/HP_0041157,Fractured larynx,http://purl.obolibrary.org/obo/UBERON_0001737,
http://purl.obolibrary.org/obo/HP_0041159,Fractured rib,http://purl.obolibrary.org/obo/UBERON_0002228,
http://purl.obolibrary.org/obo/HP_0041162,Metatarsal fracture,http://purl.obolibrary.org/obo/UBERON_0001445,
http://purl.obolibrary.org/obo/HP_0041163,Fractured manual digit,http://purl.obolibrary.org/obo/UBERON_0002389,
http://purl.obolibrary.org/obo/HP_0041164,Fractured talus,http://purl.obolibrary.org/obo/UBERON_0002395,
http://purl.obolibrary.org/obo/HP_0041165,Fractured maxilla,http://purl.obolibrary.org/obo/UBERON_0002397,
http://purl.obolibrary.org/obo/HP_0041166,Fractured vertebra,http://purl.obolibrary.org/obo/UBERON_0002412,
http://purl.obolibrary.org/obo/HP_0041167,Fractured cervical vertebra,http://purl.obolibrary.org/obo/UBERON_0002413,
http://purl.obolibrary.org/obo/HP_0041168,Fractured lumbar vertebra,http://purl.obolibrary.org/obo/UBERON_0002414,
http://purl.obolibrary.org/obo/HP_0041172,Fractured fused sacrum,http://purl.obolibrary.org/obo/UBERON_0003690,
http://purl.obolibrary.org/obo/HP_0041173,Fractured metacarpophalangeal joint,http://purl.obolibrary.org/obo/UBERON_0003695,
http://purl.obolibrary.org/obo/HP_0041174,Fractured distal finger phalanx,http://purl.obolibrary.org/obo/UBERON_0003865,
http://purl.obolibrary.org/obo/HP_0041175,Fractured middle phalanx of pes,http://purl.obolibrary.org/obo/UBERON_0003866,
http://purl.obolibrary.org/obo/HP_0041176,Fractured distal phalanx of manual digit 2,http://purl.obolibrary.org/obo/UBERON_0004311,
http://purl.obolibrary.org/obo/HP_0041177,Fractured distal phalanx of manual digit 3,http://purl.obolibrary.org/obo/UBERON_0004312,
http://purl.obolibrary.org/obo/HP_0041178,Fractured distal phalanx of manual digit 4,http://purl.obolibrary.org/obo/UBERON_0004313,
http://purl.obolibrary.org/obo/HP_0041179,Fractured distal phalanx of manual digit 5,http://purl.obolibrary.org/obo/UBERON_0004314,
http://purl.obolibrary.org/obo/HP_0041180,Fractured distal phalanx of pedal digit 1,http://purl.obolibrary.org/obo/UBERON_0004315,
http://purl.obolibrary.org/obo/HP_0041181,Fractured distal phalanx of pedal digit 3,http://purl.obolibrary.org/obo/UBERON_0004317,
http://purl.obolibrary.org/obo/HP_0041182,Fractured middle phalanx of manual digit 2,http://purl.obolibrary.org/obo/UBERON_0004320,
http://purl.obolibrary.org/obo/HP_0041183,Fractured middle phalanx of manual digit 3,http://purl.obolibrary.org/obo/UBERON_0004321,
http://purl.obolibrary.org/obo/HP_0041184,Fractured middle phalanx of manual digit 4,http://purl.obolibrary.org/obo/UBERON_0004322,
http://purl.obolibrary.org/obo/HP_0041185,Fractured middle phalanx of manual digit 5,http://purl.obolibrary.org/obo/UBERON_0004323,
http://purl.obolibrary.org/obo/HP_0041186,Fractured middle phalanx of pedal digit 3,http://purl.obolibrary.org/obo/UBERON_0004325,
http://purl.obolibrary.org/obo/HP_0041187,Fractured proximal phalanx of pedal digit 1,http://purl.obolibrary.org/obo/UBERON_0004332,
http://purl.obolibrary.org/obo/HP_0041188,Fractured proximal phalanx of manual digit 1,http://purl.obolibrary.org/obo/UBERON_0004338,
http://purl.obolibrary.org/obo/HP_0041189,Fractured epiphysis of femur,http://purl.obolibrary.org/obo/UBERON_0004384,
http://purl.obolibrary.org/obo/HP_0041190,Fractured epiphysis of second metacarpal bone,http://purl.obolibrary.org/obo/UBERON_0004392,
http://purl.obolibrary.org/obo/HP_0041191,Fractured epiphysis of third metacarpal bone,http://purl.obolibrary.org/obo/UBERON_0004393,
http://purl.obolibrary.org/obo/HP_0041192,Fractured epiphysis of fourth metacarpal bone,http://purl.obolibrary.org/obo/UBERON_0004394,
http://purl.obolibrary.org/obo/HP_0041193,Fractured epiphysis of first metatarsal bone,http://purl.obolibrary.org/obo/UBERON_0004395,
http://purl.obolibrary.org/obo/HP_0041194,Fractured epiphysis of second metatarsal bone,http://purl.obolibrary.org/obo/UBERON_0004396,
http://purl.obolibrary.org/obo/HP_0041195,Fractured epiphysis of third metatarsal bone,http://purl.obolibrary.org/obo/UBERON_0004397,
http://purl.obolibrary.org/obo/HP_0041196,Fractured distal epiphysis of radius,http://purl.obolibrary.org/obo/UBERON_0004407,
http://purl.obolibrary.org/obo/HP_0041197,Fractured proximal epiphysis of first metacarpal bone,http://purl.obolibrary.org/obo/UBERON_0004422,
http://purl.obolibrary.org/obo/HP_0041198,Fractured proximal epiphysis of middle phalanx of manual digit 3,http://purl.obolibrary.org/obo/UBERON_0004437,
http://purl.obolibrary.org/obo/HP_0041199,Fractured interphalangeal joint,http://purl.obolibrary.org/obo/UBERON_0006658,
http://purl.obolibrary.org/obo/HP_0041200,Fractured sternal end of clavicle,http://purl.obolibrary.org/obo/UBERON_0006805,
http://purl.obolibrary.org/obo/HP_0041209,Fractured epiphysis of middle phalanx of manus,http://purl.obolibrary.org/obo/UBERON_0011978,
http://purl.obolibrary.org/obo/HP_0041210,Fractured lateral malleolus of fibula,http://purl.obolibrary.org/obo/UBERON_0012291,
http://purl.obolibrary.org/obo/HP_0041211,Fractured proximal phalanx of digit 2,http://purl.obolibrary.org/obo/UBERON_0014502,
http://purl.obolibrary.org/obo/HP_0041212,Fractured proximal phalanx of digit 3,http://purl.obolibrary.org/obo/UBERON_0014503,
http://purl.obolibrary.org/obo/HP_0041213,Fractured proximal phalanx of digit 4,http://purl.obolibrary.org/obo/UBERON_0014504,
http://purl.obolibrary.org/obo/HP_0041214,Fractured proximal phalanx of digit 5,http://purl.obolibrary.org/obo/UBERON_0014505,
http://purl.obolibrary.org/obo/HP_0041215,Fractured fused metatarsal bones 2-4,http://purl.obolibrary.org/obo/UBERON_0014763,
http://purl.obolibrary.org/obo/HP_0041216,Fractured distal epiphysis of distal phalanx of manual digit 1,http://purl.obolibrary.org/obo/UBERON_0014881,
http://purl.obolibrary.org/obo/HP_0041218,Fractured distal phalanx,http://purl.obolibrary.org/obo/UBERON_0004300,
http://purl.obolibrary.org/obo/HP_0041219,Fractured elbow,http://purl.obolibrary.org/obo/UBERON_0001461,
http://purl.obolibrary.org/obo/HP_0041220,Fractured facial bone,http://purl.obolibrary.org/obo/UBERON_0003462,
http://purl.obolibrary.org/obo/HP_0041221,Fractured head of femur,http://purl.obolibrary.org/obo/UBERON_0006767,
http://purl.obolibrary.org/obo/HP_0041222,Fractured fibula,http://purl.obolibrary.org/obo/UBERON_0001446,
http://purl.obolibrary.org/obo/HP_0041223,Fractured metatarsal bone of digit 5,http://purl.obolibrary.org/obo/UBERON_0003654,
http://purl.obolibrary.org/obo/HP_0041224,Fractured manual digit bone,http://purl.obolibrary.org/obo/UBERON_0004249,
http://purl.obolibrary.org/obo/HP_0041225,Fractured 1st metacarpal,http://purl.obolibrary.org/obo/UBERON_0003645,
http://purl.obolibrary.org/obo/HP_0041226,Fractured distal tarsal bone,http://purl.obolibrary.org/obo/UBERON_0010721,
http://purl.obolibrary.org/obo/HP_0041227,Fractured distal tarsal bone 2,http://purl.obolibrary.org/obo/UBERON_0001453,
http://purl.obolibrary.org/obo/HP_0041228,Fractured distal tarsal bone 3,http://purl.obolibrary.org/obo/UBERON_0001454,
http://purl.obolibrary.org/obo/HP_0041230,Fractured metatarsal bone of digit 4,http://purl.obolibrary.org/obo/UBERON_0003653,
http://purl.obolibrary.org/obo/HP_0041231,Fractured metatarsal bone of digit 1,http://purl.obolibrary.org/obo/UBERON_0003650,
http://purl.obolibrary.org/obo/HP_0041233,Fractured ilium,http://purl.obolibrary.org/obo/UBERON_0001273,
http://purl.obolibrary.org/obo/HP_0041234,Fractured bone of jaw,http://purl.obolibrary.org/obo/UBERON_0012360,
http://purl.obolibrary.org/obo/HP_0041235,Fractured hindlimb bone,http://purl.obolibrary.org/obo/UBERON_0003464,
http://purl.obolibrary.org/obo/HP_0041236,Fractured middle finger phalanx,http://purl.obolibrary.org/obo/UBERON_0003864,
http://purl.obolibrary.org/obo/HP_0041237,Fractured patella,http://purl.obolibrary.org/obo/UBERON_0002446,
http://purl.obolibrary.org/obo/HP_0041239,Fractured thumb phalanx,http://purl.obolibrary.org/obo/UBERON_0003620,
http://purl.obolibrary.org/obo/HP_0041240,Fractured phalanx of pes,http://purl.obolibrary.org/obo/UBERON_0001449,
http://purl.obolibrary.org/obo/HP_0041241,Fractured finger phalanx,http://purl.obolibrary.org/obo/UBERON_0001436,
http://purl.obolibrary.org/obo/HP_0041243,Fractured proximal finger phalanx,http://purl.obolibrary.org/obo/UBERON_0002234,
http://purl.obolibrary.org/obo/HP_0041244,Fractured scapula,http://purl.obolibrary.org/obo/UBERON_0006849,
http://purl.obolibrary.org/obo/HP_0041245,Fractured shoulder bone,http://purl.obolibrary.org/obo/UBERON_0003461,
http://purl.obolibrary.org/obo/HP_0041246,Fractured sternum,http://purl.obolibrary.org/obo/UBERON_0000975,
http://purl.obolibrary.org/obo/HP_0041247,Fractured tarsal bone,http://purl.obolibrary.org/obo/UBERON_0001447,
http://purl.obolibrary.org/obo/HP_0041248,Fractured carpal bone,http://purl.obolibrary.org/obo/UBERON_0001435,
http://purl.obolibrary.org/obo/HP_0041249,Fractured nose,http://purl.obolibrary.org/obo/UBERON_0000004,
http://purl.obolibrary.org/obo/HP_0045001,Abnormal ossification of the trapezium,http://purl.obolibrary.org/obo/UBERON_0001430,
http://purl.obolibrary.org/obo/HP_0045002,Absent ossification of the trapezium,http://purl.obolibrary.org/obo/UBERON_0001430,
http://purl.obolibrary.org/obo/HP_0045003,Abnormal ossification of the scaphoid,http://purl.obolibrary.org/obo/UBERON_0001427,
http://purl.obolibrary.org/obo/HP_0045004,Abnormal ossification of the trapezoid bone,http://purl.obolibrary.org/obo/UBERON_0001431,
http://purl.obolibrary.org/obo/HP_0045006,Aplasia of lymphatic vessels,http://purl.obolibrary.org/obo/UBERON_0001473,
http://purl.obolibrary.org/obo/HP_0045007,Abnormal substantia nigra morphology,http://purl.obolibrary.org/obo/UBERON_0002038,
http://purl.obolibrary.org/obo/HP_0045008,Abnormal shape of the radius,http://purl.obolibrary.org/obo/UBERON_0001423,
http://purl.obolibrary.org/obo/HP_0045010,Abnormal peripheral nerve morphology by anatomical site,http://purl.obolibrary.org/obo/UBERON_0001021,
http://purl.obolibrary.org/obo/HP_0045011,Decreased urine bicarbonate concentration,http://purl.obolibrary.org/obo/UBERON_0001088,
http://purl.obolibrary.org/obo/HP_0045012,Decreased urinary catecholamine concentration,http://purl.obolibrary.org/obo/UBERON_0001088,
http://purl.obolibrary.org/obo/HP_0045014,Hypolipidemia,http://purl.obolibrary.org/obo/UBERON_0000178,
http://purl.obolibrary.org/obo/HP_0045025,Narrow palpebral fissure,http://purl.obolibrary.org/obo/UBERON_0001819,
http://purl.obolibrary.org/obo/HP_0045026,Abnormal mediastinum morphology,http://purl.obolibrary.org/obo/UBERON_0003728,
http://purl.obolibrary.org/obo/HP_0045027,Abnormality of the thoracic cavity,http://purl.obolibrary.org/obo/UBERON_0002224,
http://purl.obolibrary.org/obo/HP_0045034,Elevated urinary 3-aminoisobutyric acid,http://purl.obolibrary.org/obo/UBERON_0001088,
http://purl.obolibrary.org/obo/HP_0045035,Decreased urinary copper concentration,http://purl.obolibrary.org/obo/UBERON_0001088,
http://purl.obolibrary.org/obo/HP_0045036,Abnormal urinary copper concentration,http://purl.obolibrary.org/obo/UBERON_0001088,
http://purl.obolibrary.org/obo/HP_0045037,Abnormality of jaw muscles,http://purl.obolibrary.org/obo/UBERON_0011648,
http://purl.obolibrary.org/obo/HP_0045045,Elevated circulating acylcarnitine concentration,http://purl.obolibrary.org/obo/UBERON_0000178,
http://purl.obolibrary.org/obo/HP_0045052,Abnormality of the brachial nerve plexus,http://purl.obolibrary.org/obo/UBERON_0001814,
http://purl.obolibrary.org/obo/HP_0045053,Abnormality of the lumbosacral nerve plexus,http://purl.obolibrary.org/obo/UBERON_0001815,
http://purl.obolibrary.org/obo/HP_0045054,Brachial plexus neuropathy,http://purl.obolibrary.org/obo/UBERON_0001814,
http://purl.obolibrary.org/obo/HP_0045056,Abnormal circulating alpha-fetoprotein concentration,http://purl.obolibrary.org/obo/UBERON_0000178,
http://purl.obolibrary.org/obo/HP_0045057,Decreased circulating alpha-fetoprotein concentration,http://purl.obolibrary.org/obo/UBERON_0000479,
http://purl.obolibrary.org/obo/HP_0045058,Abnormality of the testis size,http://purl.obolibrary.org/obo/UBERON_0000473,
http://purl.obolibrary.org/obo/HP_0045061,Decreased carnitine level in liver,http://purl.obolibrary.org/obo/UBERON_0002107,
http://purl.obolibrary.org/obo/HP_0045073,Serositis,http://purl.obolibrary.org/obo/UBERON_0000042,
http://purl.obolibrary.org/obo/HP_0045074,Thin eyebrow,http://purl.obolibrary.org/obo/UBERON_0010163,
http://purl.obolibrary.org/obo/HP_0045075,Sparse eyebrow,http://purl.obolibrary.org/obo/UBERON_0010163,
http://purl.obolibrary.org/obo/HP_0045079,Distal femoral metaphyseal irregularity,http://purl.obolibrary.org/obo/UBERON_0006864,
http://purl.obolibrary.org/obo/HP_0045085,Atrophy of masseter muscle,http://purl.obolibrary.org/obo/UBERON_0001597,
http://purl.obolibrary.org/obo/HP_0045086,Knee joint hypermobility,http://purl.obolibrary.org/obo/UBERON_0001485,
http://purl.obolibrary.org/obo/HP_0045087,Hip joint hypermobility,http://purl.obolibrary.org/obo/UBERON_0001486,
http://purl.obolibrary.org/obo/HP_0046508,Abnormal cervical spine morphology,http://purl.obolibrary.org/obo/UBERON_0002413,
http://purl.obolibrary.org/obo/HP_0100015,Stahl ear,http://purl.obolibrary.org/obo/UBERON_0004106,
http://purl.obolibrary.org/obo/HP_0100016,Abnormal mesentery morphology,http://purl.obolibrary.org/obo/UBERON_0002095,
http://purl.obolibrary.org/obo/HP_0100026,Arteriovenous malformation,http://purl.obolibrary.org/obo/UBERON_0001638,
http://purl.obolibrary.org/obo/HP_0100026,Arteriovenous malformation,http://purl.obolibrary.org/obo/UBERON_0001637,
http://purl.obolibrary.org/obo/HP_0100028,Ectopic thyroid,http://purl.obolibrary.org/obo/UBERON_0002046,
http://purl.obolibrary.org/obo/HP_0100037,Abnormality of the scalp hair,http://purl.obolibrary.org/obo/UBERON_0016446,
http://purl.obolibrary.org/obo/HP_0100040,Broad 2nd toe,http://purl.obolibrary.org/obo/UBERON_0003632,
http://purl.obolibrary.org/obo/HP_0100041,Broad 3rd toe,http://purl.obolibrary.org/obo/UBERON_0003633,
http://purl.obolibrary.org/obo/HP_0100042,Broad 4th toe,http://purl.obolibrary.org/obo/UBERON_0003634,
http://purl.obolibrary.org/obo/HP_0100043,Broad 5th toe,http://purl.obolibrary.org/obo/UBERON_0003635,
http://purl.obolibrary.org/obo/HP_0100044,Absent epiphyses of the 2nd toe,http://purl.obolibrary.org/obo/UBERON_0001437,
http://purl.obolibrary.org/obo/HP_0100045,Bracket epiphyses of the 2nd toe,http://purl.obolibrary.org/obo/UBERON_0001437,
http://purl.obolibrary.org/obo/HP_0100046,Cone-shaped epiphyses of the 2nd toe,http://purl.obolibrary.org/obo/UBERON_0001437,
http://purl.obolibrary.org/obo/HP_0100047,Enlarged epiphyses of the 2nd toe,http://purl.obolibrary.org/obo/UBERON_0001437,
http://purl.obolibrary.org/obo/HP_0100048,Fragmentation of the epiphyses of the 2nd toe,http://purl.obolibrary.org/obo/UBERON_0001437,
http://purl.obolibrary.org/obo/HP_0100049,Irregular epiphyses of the 2nd toe,http://purl.obolibrary.org/obo/UBERON_0001437,
http://purl.obolibrary.org/obo/HP_0100050,Ivory epiphyses of the 2nd toe,http://purl.obolibrary.org/obo/UBERON_0001437,
http://purl.obolibrary.org/obo/HP_0100051,Pseudoepiphyses of the 2nd toe,http://purl.obolibrary.org/obo/UBERON_0003632,
http://purl.obolibrary.org/obo/HP_0100052,Small epiphyses of the 2nd toe,http://purl.obolibrary.org/obo/UBERON_0001437,
http://purl.obolibrary.org/obo/HP_0100053,Stippling of the epiphyses of the 2nd toe,http://purl.obolibrary.org/obo/UBERON_0001437,
http://purl.obolibrary.org/obo/HP_0100054,Triangular epiphyses of the 2nd toe,http://purl.obolibrary.org/obo/UBERON_0001437,
http://purl.obolibrary.org/obo/HP_0100055,Absent epiphyses of the 3rd toe,http://purl.obolibrary.org/obo/UBERON_0001437,
http://purl.obolibrary.org/obo/HP_0100056,Bracket epiphyses of the 3rd toe,http://purl.obolibrary.org/obo/UBERON_0001437,
http://purl.obolibrary.org/obo/HP_0100057,Cone-shaped epiphyses of the 3rd toe,http://purl.obolibrary.org/obo/UBERON_0001437,
http://purl.obolibrary.org/obo/HP_0100058,Enlarged epiphyses of the 3rd toe,http://purl.obolibrary.org/obo/UBERON_0001437,
http://purl.obolibrary.org/obo/HP_0100059,Fragmentation of the epiphyses of the 3rd toe,http://purl.obolibrary.org/obo/UBERON_0001437,
http://purl.obolibrary.org/obo/HP_0100060,Irregular epiphyses of the 3rd toe,http://purl.obolibrary.org/obo/UBERON_0001437,
http://purl.obolibrary.org/obo/HP_0100061,Ivory epiphyses of the 3rd toe,http://purl.obolibrary.org/obo/UBERON_0001437,
http://purl.obolibrary.org/obo/HP_0100062,Pseudoepiphyses of the 3rd toe,http://purl.obolibrary.org/obo/UBERON_0003633,
http://purl.obolibrary.org/obo/HP_0100063,Small epiphyses of the 3rd toe,http://purl.obolibrary.org/obo/UBERON_0001437,
http://purl.obolibrary.org/obo/HP_0100064,Stippling of the epiphyses of the 3rd toe,http://purl.obolibrary.org/obo/UBERON_0001437,
http://purl.obolibrary.org/obo/HP_0100065,Triangular epiphyses of the 3rd toe,http://purl.obolibrary.org/obo/UBERON_0001437,
http://purl.obolibrary.org/obo/HP_0100066,Absent epiphyses of the 4th toe,http://purl.obolibrary.org/obo/UBERON_0001437,
http://purl.obolibrary.org/obo/HP_0100067,Bracket epiphyses of the 4th toe,http://purl.obolibrary.org/obo/UBERON_0001437,
http://purl.obolibrary.org/obo/HP_0100068,Cone-shaped epiphyses of the 4th toe,http://purl.obolibrary.org/obo/UBERON_0001437,
http://purl.obolibrary.org/obo/HP_0100069,Enlarged epiphyses of the 4th toe,http://purl.obolibrary.org/obo/UBERON_0001437,
http://purl.obolibrary.org/obo/HP_0100070,Fragmentation of the epiphyses of the 4th toe,http://purl.obolibrary.org/obo/UBERON_0001437,
http://purl.obolibrary.org/obo/HP_0100071,Irregular epiphyses of the 4th toe,http://purl.obolibrary.org/obo/UBERON_0001437,
http://purl.obolibrary.org/obo/HP_0100072,Ivory epiphyses of the 4th toe,http://purl.obolibrary.org/obo/UBERON_0001437,
http://purl.obolibrary.org/obo/HP_0100073,Pseudoepiphyses of the 4th toe,http://purl.obolibrary.org/obo/UBERON_0003634,
http://purl.obolibrary.org/obo/HP_0100074,Small epiphyses of the 4th toe,http://purl.obolibrary.org/obo/UBERON_0001437,
http://purl.obolibrary.org/obo/HP_0100075,Stippling of the epiphyses of the 4th toe,http://purl.obolibrary.org/obo/UBERON_0001437,
http://purl.obolibrary.org/obo/HP_0100076,Triangular epiphyses of the 4th toe,http://purl.obolibrary.org/obo/UBERON_0001437,
http://purl.obolibrary.org/obo/HP_0100077,Absent epiphyses of the 5th toe,http://purl.obolibrary.org/obo/UBERON_0001437,
http://purl.obolibrary.org/obo/HP_0100078,Bracket epiphyses of the 5th toe,http://purl.obolibrary.org/obo/UBERON_0001437,
http://purl.obolibrary.org/obo/HP_0100079,Cone-shaped epiphyses of the 5th toe,http://purl.obolibrary.org/obo/UBERON_0001437,
http://purl.obolibrary.org/obo/HP_0100080,Enlarged epiphyses of the 5th toe,http://purl.obolibrary.org/obo/UBERON_0001437,
http://purl.obolibrary.org/obo/HP_0100081,Fragmentation of the epiphyses of the 5th toe,http://purl.obolibrary.org/obo/UBERON_0001437,
http://purl.obolibrary.org/obo/HP_0100082,Irregular epiphyses of the 5th toe,http://purl.obolibrary.org/obo/UBERON_0001437,
http://purl.obolibrary.org/obo/HP_0100083,Ivory epiphyses of the 5th toe,http://purl.obolibrary.org/obo/UBERON_0001437,
http://purl.obolibrary.org/obo/HP_0100084,Pseudoepiphyses of the 5th toe,http://purl.obolibrary.org/obo/UBERON_0003635,
http://purl.obolibrary.org/obo/HP_0100085,Small epiphyses of the 5th toe,http://purl.obolibrary.org/obo/UBERON_0001437,
http://purl.obolibrary.org/obo/HP_0100086,Stippling of the epiphyses of the 5th toe,http://purl.obolibrary.org/obo/UBERON_0001437,
http://purl.obolibrary.org/obo/HP_0100087,Triangular epiphyses of the 5th toe,http://purl.obolibrary.org/obo/UBERON_0001437,
http://purl.obolibrary.org/obo/HP_0100088,Abnormality of the epiphysis of the distal phalanx of the 2nd toe,http://purl.obolibrary.org/obo/UBERON_0001437,
http://purl.obolibrary.org/obo/HP_0100089,Abnormality of the epiphysis of the middle phalanx of the 2nd toe,http://purl.obolibrary.org/obo/UBERON_0001437,
http://purl.obolibrary.org/obo/HP_0100090,Abnormality of the epiphysis of the proximal phalanx of the 2nd toe,http://purl.obolibrary.org/obo/UBERON_0001437,
http://purl.obolibrary.org/obo/HP_0100091,Abnormality of the epiphysis of the distal phalanx of the 3rd toe,http://purl.obolibrary.org/obo/UBERON_0001437,
http://purl.obolibrary.org/obo/HP_0100092,Abnormality of the epiphysis of the middle phalanx of the 3rd toe,http://purl.obolibrary.org/obo/UBERON_0001437,
http://purl.obolibrary.org/obo/HP_0100093,Abnormality of the epiphysis of the proximal phalanx of the 3rd toe,http://purl.obolibrary.org/obo/UBERON_0001437,
http://purl.obolibrary.org/obo/HP_0100094,Abnormality of the epiphysis of the distal phalanx of the 4th toe,http://purl.obolibrary.org/obo/UBERON_0001437,
http://purl.obolibrary.org/obo/HP_0100095,Abnormality of the epiphysis of the middle phalanx of the 4th toe,http://purl.obolibrary.org/obo/UBERON_0001437,
http://purl.obolibrary.org/obo/HP_0100096,Abnormality of the epiphysis of the proximal phalanx of the 4th toe,http://purl.obolibrary.org/obo/UBERON_0001437,
http://purl.obolibrary.org/obo/HP_0100097,Abnormality of the epiphysis of the distal phalanx of the 5th toe,http://purl.obolibrary.org/obo/UBERON_0001437,
http://purl.obolibrary.org/obo/HP_0100098,Abnormality of the epiphysis of the middle phalanx of the 5th toe,http://purl.obolibrary.org/obo/UBERON_0001437,
http://purl.obolibrary.org/obo/HP_0100099,Abnormality of the epiphysis of the proximal phalanx of the 5th toe,http://purl.obolibrary.org/obo/UBERON_0001437,
http://purl.obolibrary.org/obo/HP_0100100,Absent epiphysis of the distal phalanx of the 2nd toe,http://purl.obolibrary.org/obo/UBERON_0001437,
http://purl.obolibrary.org/obo/HP_0100101,Bracket epiphysis of the distal phalanx of the 2nd toe,http://purl.obolibrary.org/obo/UBERON_0001437,
http://purl.obolibrary.org/obo/HP_0100102,Cone-shaped epiphysis of the distal phalanx of the 2nd toe,http://purl.obolibrary.org/obo/UBERON_0001437,
http://purl.obolibrary.org/obo/HP_0100103,Enlarged epiphysis of the distal phalanx of the 2nd toe,http://purl.obolibrary.org/obo/UBERON_0001437,
http://purl.obolibrary.org/obo/HP_0100104,Fragmentation of the epiphysis of the distal phalanx of the 2nd toe,http://purl.obolibrary.org/obo/UBERON_0001437,
http://purl.obolibrary.org/obo/HP_0100105,Irregular epiphysis of the distal phalanx of the 2nd toe,http://purl.obolibrary.org/obo/UBERON_0001437,
http://purl.obolibrary.org/obo/HP_0100106,Ivory epiphysis of the distal phalanx of the 2nd toe,http://purl.obolibrary.org/obo/UBERON_0001437,
http://purl.obolibrary.org/obo/HP_0100107,Pseudoepiphysis of the distal phalanx of the 2nd toe,http://purl.obolibrary.org/obo/UBERON_0004316,
http://purl.obolibrary.org/obo/HP_0100108,Small epiphysis of the distal phalanx of the 2nd toe,http://purl.obolibrary.org/obo/UBERON_0001437,
http://purl.obolibrary.org/obo/HP_0100109,Stippling of the epiphysis of the distal phalanx of the 2nd toe,http://purl.obolibrary.org/obo/UBERON_0001437,
http://purl.obolibrary.org/obo/HP_0100110,Triangular epiphysis of the distal phalanx of the 2nd toe,http://purl.obolibrary.org/obo/UBERON_0001437,
http://purl.obolibrary.org/obo/HP_0100111,Absent epiphysis of the middle phalanx of the 2nd toe,http://purl.obolibrary.org/obo/UBERON_0001437,
http://purl.obolibrary.org/obo/HP_0100112,Bracket epiphysis of the middle phalanx of the 2nd toe,http://purl.obolibrary.org/obo/UBERON_0001437,
http://purl.obolibrary.org/obo/HP_0100113,Cone-shaped epiphysis of the middle phalanx of the 2nd toe,http://purl.obolibrary.org/obo/UBERON_0001437,
http://purl.obolibrary.org/obo/HP_0100114,Enlarged epiphysis of the middle phalanx of the 2nd toe,http://purl.obolibrary.org/obo/UBERON_0001437,
http://purl.obolibrary.org/obo/HP_0100115,Fragmentation of the epiphysis of the middle phalanx of the 2nd toe,http://purl.obolibrary.org/obo/UBERON_0001437,
http://purl.obolibrary.org/obo/HP_0100116,Irregular epiphysis of the middle phalanx of the 2nd toe,http://purl.obolibrary.org/obo/UBERON_0001437,
http://purl.obolibrary.org/obo/HP_0100117,Ivory epiphysis of the middle phalanx of the 2nd toe,http://purl.obolibrary.org/obo/UBERON_0001437,
http://purl.obolibrary.org/obo/HP_0100118,Pseudoepiphysis of the middle phalanx of the 2nd toe,http://purl.obolibrary.org/obo/UBERON_0004324,
http://purl.obolibrary.org/obo/HP_0100119,Small epiphysis of the middle phalanx of the 2nd toe,http://purl.obolibrary.org/obo/UBERON_0001437,
http://purl.obolibrary.org/obo/HP_0100120,Stippling of the epiphysis of the middle phalanx of the 2nd toe,http://purl.obolibrary.org/obo/UBERON_0001437,
http://purl.obolibrary.org/obo/HP_0100121,Triangular epiphysis of the middle phalanx of the 2nd toe,http://purl.obolibrary.org/obo/UBERON_0001437,
http://purl.obolibrary.org/obo/HP_0100122,Absent epiphysis of the proximal phalanx of the 2nd toe,http://purl.obolibrary.org/obo/UBERON_0001437,
http://purl.obolibrary.org/obo/HP_0100123,Bracket epiphysis of the proximal phalanx of the 2nd toe,http://purl.obolibrary.org/obo/UBERON_0001437,
http://purl.obolibrary.org/obo/HP_0100124,Cone-shaped epiphysis of the proximal phalanx of the 2nd toe,http://purl.obolibrary.org/obo/UBERON_0001437,
http://purl.obolibrary.org/obo/HP_0100125,Enlarged epiphysis of the proximal phalanx of the 2nd toe,http://purl.obolibrary.org/obo/UBERON_0001437,
http://purl.obolibrary.org/obo/HP_0100126,Fragmentation of the epiphysis of the proximal phalanx of the 2nd toe,http://purl.obolibrary.org/obo/UBERON_0001437,
http://purl.obolibrary.org/obo/HP_0100127,Irregular epiphysis of the proximal phalanx of the 2nd toe,http://purl.obolibrary.org/obo/UBERON_0001437,
http://purl.obolibrary.org/obo/HP_0100128,Ivory epiphysis of the proximal phalanx of the 2nd toe,http://purl.obolibrary.org/obo/UBERON_0001437,
http://purl.obolibrary.org/obo/HP_0100129,Pseudoepiphysis of the proximal phalanx of the 2nd toe,http://purl.obolibrary.org/obo/UBERON_0004333,
http://purl.obolibrary.org/obo/HP_0100130,Small epiphysis of the proximal phalanx of the 2nd toe,http://purl.obolibrary.org/obo/UBERON_0001437,
http://purl.obolibrary.org/obo/HP_0100131,Stippling of the epiphysis of the proximal phalanx of the 2nd toe,http://purl.obolibrary.org/obo/UBERON_0001437,
http://purl.obolibrary.org/obo/HP_0100132,Triangular epiphysis of the proximal phalanx of the 2nd toe,http://purl.obolibrary.org/obo/UBERON_0001437,
http://purl.obolibrary.org/obo/HP_0100133,Abnormality of the pubic hair,http://purl.obolibrary.org/obo/UBERON_0013698,
http://purl.obolibrary.org/obo/HP_0100134,Abnormality of the axillary hair,http://purl.obolibrary.org/obo/UBERON_0013699,
http://purl.obolibrary.org/obo/HP_0100135,Absent epiphysis of the distal phalanx of the 3rd toe,http://purl.obolibrary.org/obo/UBERON_0001437,
http://purl.obolibrary.org/obo/HP_0100136,Bracket epiphysis of the distal phalanx of the 3rd toe,http://purl.obolibrary.org/obo/UBERON_0001437,
http://purl.obolibrary.org/obo/HP_0100137,Cone-shaped epiphysis of the distal phalanx of the 3rd toe,http://purl.obolibrary.org/obo/UBERON_0001437,
http://purl.obolibrary.org/obo/HP_0100138,Enlarged epiphysis of the distal phalanx of the 3rd toe,http://purl.obolibrary.org/obo/UBERON_0001437,
http://purl.obolibrary.org/obo/HP_0100139,Fragmentation of the epiphysis of the distal phalanx of the 3rd toe,http://purl.obolibrary.org/obo/UBERON_0001437,
http://purl.obolibrary.org/obo/HP_0100140,Irregular epiphysis of the distal phalanx of the 3rd toe,http://purl.obolibrary.org/obo/UBERON_0001437,
http://purl.obolibrary.org/obo/HP_0100141,Ivory epiphysis of the distal phalanx of the 3rd toe,http://purl.obolibrary.org/obo/UBERON_0001437,
http://purl.obolibrary.org/obo/HP_0100142,Pseudoepiphysis of the distal phalanx of the 3rd toe,http://purl.obolibrary.org/obo/UBERON_0004317,
http://purl.obolibrary.org/obo/HP_0100143,Small epiphysis of the distal phalanx of the 3rd toe,http://purl.obolibrary.org/obo/UBERON_0001437,
http://purl.obolibrary.org/obo/HP_0100144,Stippling of the epiphysis of the distal phalanx of the 3rd toe,http://purl.obolibrary.org/obo/UBERON_0001437,
http://purl.obolibrary.org/obo/HP_0100145,Triangular epiphysis of the distal phalanx of the 3rd toe,http://purl.obolibrary.org/obo/UBERON_0001437,
http://purl.obolibrary.org/obo/HP_0100146,Absent epiphysis of the middle phalanx of the 3rd toe,http://purl.obolibrary.org/obo/UBERON_0001437,
http://purl.obolibrary.org/obo/HP_0100147,Bracket epiphysis of the middle phalanx of the 3rd toe,http://purl.obolibrary.org/obo/UBERON_0001437,
http://purl.obolibrary.org/obo/HP_0100148,Cone-shaped epiphysis of the middle phalanx of the 3rd toe,http://purl.obolibrary.org/obo/UBERON_0001437,
http://purl.obolibrary.org/obo/HP_0100149,Enlarged epiphysis of the middle phalanx of the 3rd toe,http://purl.obolibrary.org/obo/UBERON_0001437,
http://purl.obolibrary.org/obo/HP_0100150,Fragmentation of the epiphysis of the middle phalanx of the 3rd toe,http://purl.obolibrary.org/obo/UBERON_0001437,
http://purl.obolibrary.org/obo/HP_0100151,Irregular epiphysis of the middle phalanx of the 3rd toe,http://purl.obolibrary.org/obo/UBERON_0001437,
http://purl.obolibrary.org/obo/HP_0100152,Ivory epiphysis of the middle phalanx of the 3rd toe,http://purl.obolibrary.org/obo/UBERON_0001437,
http://purl.obolibrary.org/obo/HP_0100153,Pseudoepiphysis of the middle phalanx of the 3rd toe,http://purl.obolibrary.org/obo/UBERON_0004325,
http://purl.obolibrary.org/obo/HP_0100154,Small epiphysis of the middle phalanx of the 3rd toe,http://purl.obolibrary.org/obo/UBERON_0001437,
http://purl.obolibrary.org/obo/HP_0100155,Stippling of the epiphysis of the middle phalanx of the 3rd toe,http://purl.obolibrary.org/obo/UBERON_0001437,
http://purl.obolibrary.org/obo/HP_0100156,Triangular epiphysis of the middle phalanx of the 3rd toe,http://purl.obolibrary.org/obo/UBERON_0001437,
http://purl.obolibrary.org/obo/HP_0100157,Absent epiphysis of the proximal phalanx of the 3rd toe,http://purl.obolibrary.org/obo/UBERON_0001437,
http://purl.obolibrary.org/obo/HP_0100158,Bracket epiphysis of the proximal phalanx of the 3rd toe,http://purl.obolibrary.org/obo/UBERON_0001437,
http://purl.obolibrary.org/obo/HP_0100159,Cone-shaped epiphysis of the proximal phalanx of the 3rd toe,http://purl.obolibrary.org/obo/UBERON_0001437,
http://purl.obolibrary.org/obo/HP_0100160,Enlarged epiphysis of the proximal phalanx of the 3rd toe,http://purl.obolibrary.org/obo/UBERON_0001437,
http://purl.obolibrary.org/obo/HP_0100161,Fragmentation of the epiphysis of the proximal phalanx of the 3rd toe,http://purl.obolibrary.org/obo/UBERON_0001437,
http://purl.obolibrary.org/obo/HP_0100162,Irregular epiphysis of the proximal phalanx of the 3rd toe,http://purl.obolibrary.org/obo/UBERON_0001437,
http://purl.obolibrary.org/obo/HP_0100163,Ivory epiphysis of the proximal phalanx of the 3rd toe,http://purl.obolibrary.org/obo/UBERON_0001437,
http://purl.obolibrary.org/obo/HP_0100164,Pseudoepiphysis of the proximal phalanx of the 3rd toe,http://purl.obolibrary.org/obo/UBERON_0004334,
http://purl.obolibrary.org/obo/HP_0100165,Small epiphysis of the proximal phalanx of the 3rd toe,http://purl.obolibrary.org/obo/UBERON_0001437,
http://purl.obolibrary.org/obo/HP_0100166,Stippling of the epiphysis of the proximal phalanx of the 3rd toe,http://purl.obolibrary.org/obo/UBERON_0001437,
http://purl.obolibrary.org/obo/HP_0100167,Triangular epiphysis of the proximal phalanx of the 3rd toe,http://purl.obolibrary.org/obo/UBERON_0001437,
http://purl.obolibrary.org/obo/HP_0100168,Fragmented epiphyses,http://purl.obolibrary.org/obo/UBERON_0001437,
http://purl.obolibrary.org/obo/HP_0100169,Absent epiphysis of the distal phalanx of the 4th toe,http://purl.obolibrary.org/obo/UBERON_0001437,
http://purl.obolibrary.org/obo/HP_0100170,Bracket epiphysis of the distal phalanx of the 4th toe,http://purl.obolibrary.org/obo/UBERON_0001437,
http://purl.obolibrary.org/obo/HP_0100171,Cone-shaped epiphysis of the distal phalanx of the 4th toe,http://purl.obolibrary.org/obo/UBERON_0001437,
http://purl.obolibrary.org/obo/HP_0100172,Enlarged epiphysis of the distal phalanx of the 4th toe,http://purl.obolibrary.org/obo/UBERON_0001437,
http://purl.obolibrary.org/obo/HP_0100173,Fragmentation of the epiphysis of the distal phalanx of the 4th toe,http://purl.obolibrary.org/obo/UBERON_0001437,
http://purl.obolibrary.org/obo/HP_0100174,Irregular epiphysis of the distal phalanx of the 4th toe,http://purl.obolibrary.org/obo/UBERON_0001437,
http://purl.obolibrary.org/obo/HP_0100175,Ivory epiphysis of the distal phalanx of the 4th toe,http://purl.obolibrary.org/obo/UBERON_0001437,
http://purl.obolibrary.org/obo/HP_0100176,Pseudoepiphysis of the distal phalanx of the 4th toe,http://purl.obolibrary.org/obo/UBERON_0004318,
http://purl.obolibrary.org/obo/HP_0100177,Small epiphysis of the distal phalanx of the 4th toe,http://purl.obolibrary.org/obo/UBERON_0001437,
http://purl.obolibrary.org/obo/HP_0100178,Stippling of the epiphysis of the distal phalanx of the 4th toe,http://purl.obolibrary.org/obo/UBERON_0001437,
http://purl.obolibrary.org/obo/HP_0100179,Triangular epiphysis of the distal phalanx of the 4th toe,http://purl.obolibrary.org/obo/UBERON_0001437,
http://purl.obolibrary.org/obo/HP_0100180,Absent epiphysis of the middle phalanx of the 4th toe,http://purl.obolibrary.org/obo/UBERON_0001437,
http://purl.obolibrary.org/obo/HP_0100181,Bracket epiphysis of the middle phalanx of the 4th toe,http://purl.obolibrary.org/obo/UBERON_0001437,
http://purl.obolibrary.org/obo/HP_0100182,Cone-shaped epiphysis of the middle phalanx of the 4th toe,http://purl.obolibrary.org/obo/UBERON_0001437,
http://purl.obolibrary.org/obo/HP_0100183,Enlarged epiphysis of the middle phalanx of the 4th toe,http://purl.obolibrary.org/obo/UBERON_0001437,
http://purl.obolibrary.org/obo/HP_0100184,Fragmentation of the epiphysis of the middle phalanx of the 4th toe,http://purl.obolibrary.org/obo/UBERON_0001437,
http://purl.obolibrary.org/obo/HP_0100185,Irregular epiphysis of the middle phalanx of the 4th toe,http://purl.obolibrary.org/obo/UBERON_0001437,
http://purl.obolibrary.org/obo/HP_0100186,Ivory epiphysis of the middle phalanx of the 4th toe,http://purl.obolibrary.org/obo/UBERON_0001437,
http://purl.obolibrary.org/obo/HP_0100187,Pseudoepiphysis of the middle phalanx of the 4th toe,http://purl.obolibrary.org/obo/UBERON_0004326,
http://purl.obolibrary.org/obo/HP_0100188,Small epiphysis of the middle phalanx of the 4th toe,http://purl.obolibrary.org/obo/UBERON_0001437,
http://purl.obolibrary.org/obo/HP_0100189,Stippling of the epiphysis of the middle phalanx of the 4th toe,http://purl.obolibrary.org/obo/UBERON_0001437,
http://purl.obolibrary.org/obo/HP_0100190,Triangular epiphysis of the middle phalanx of the 4th toe,http://purl.obolibrary.org/obo/UBERON_0001437,
http://purl.obolibrary.org/obo/HP_0100191,Absent epiphysis of the proximal phalanx of the 4th toe,http://purl.obolibrary.org/obo/UBERON_0001437,
http://purl.obolibrary.org/obo/HP_0100192,Bracket epiphysis of the proximal phalanx of the 4th toe,http://purl.obolibrary.org/obo/UBERON_0001437,
http://purl.obolibrary.org/obo/HP_0100193,Cone-shaped epiphysis of the proximal phalanx of the 4th toe,http://purl.obolibrary.org/obo/UBERON_0001437,
http://purl.obolibrary.org/obo/HP_0100194,Enlarged epiphysis of the proximal phalanx of the 4th toe,http://purl.obolibrary.org/obo/UBERON_0001437,
http://purl.obolibrary.org/obo/HP_0100195,Fragmentation of the epiphysis of the proximal phalanx of the 4th toe,http://purl.obolibrary.org/obo/UBERON_0001437,
http://purl.obolibrary.org/obo/HP_0100196,Irregular epiphysis of the proximal phalanx of the 4th toe,http://purl.obolibrary.org/obo/UBERON_0001437,
http://purl.obolibrary.org/obo/HP_0100197,Ivory epiphysis of the proximal phalanx of the 4th toe,http://purl.obolibrary.org/obo/UBERON_0001437,
http://purl.obolibrary.org/obo/HP_0100198,Pseudoepiphysis of the proximal phalanx of the 4th toe,http://purl.obolibrary.org/obo/UBERON_0004335,
http://purl.obolibrary.org/obo/HP_0100199,Small epiphysis of the proximal phalanx of the 4th toe,http://purl.obolibrary.org/obo/UBERON_0001437,
http://purl.obolibrary.org/obo/HP_0100200,Stippling of the epiphysis of the proximal phalanx of the 4th toe,http://purl.obolibrary.org/obo/UBERON_0001437,
http://purl.obolibrary.org/obo/HP_0100201,Triangular epiphysis of the proximal phalanx of the 4th toe,http://purl.obolibrary.org/obo/UBERON_0001437,
http://purl.obolibrary.org/obo/HP_0100202,Absent epiphysis of the distal phalanx of the 5th toe,http://purl.obolibrary.org/obo/UBERON_0001437,
http://purl.obolibrary.org/obo/HP_0100203,Bracket epiphysis of the distal phalanx of the 5th toe,http://purl.obolibrary.org/obo/UBERON_0001437,
http://purl.obolibrary.org/obo/HP_0100204,Cone-shaped epiphysis of the distal phalanx of the 5th toe,http://purl.obolibrary.org/obo/UBERON_0001437,
http://purl.obolibrary.org/obo/HP_0100205,Enlarged epiphysis of the distal phalanx of the 5th toe,http://purl.obolibrary.org/obo/UBERON_0001437,
http://purl.obolibrary.org/obo/HP_0100206,Fragmentation of the epiphysis of the distal phalanx of the 5th toe,http://purl.obolibrary.org/obo/UBERON_0001437,
http://purl.obolibrary.org/obo/HP_0100207,Irregular epiphysis of the distal phalanx of the 5th toe,http://purl.obolibrary.org/obo/UBERON_0001437,
http://purl.obolibrary.org/obo/HP_0100208,Ivory epiphysis of the distal phalanx of the 5th toe,http://purl.obolibrary.org/obo/UBERON_0001437,
http://purl.obolibrary.org/obo/HP_0100209,Pseudoepiphysis of the distal phalanx of the 5th toe,http://purl.obolibrary.org/obo/UBERON_0004319,
http://purl.obolibrary.org/obo/HP_0100210,Small epiphysis of the distal phalanx of the 5th toe,http://purl.obolibrary.org/obo/UBERON_0001437,
http://purl.obolibrary.org/obo/HP_0100211,Stippling of the epiphysis of the distal phalanx of the 5th toe,http://purl.obolibrary.org/obo/UBERON_0001437,
http://purl.obolibrary.org/obo/HP_0100212,Triangular epiphysis of the distal phalanx of the 5th toe,http://purl.obolibrary.org/obo/UBERON_0001437,
http://purl.obolibrary.org/obo/HP_0100213,Absent epiphysis of the middle phalanx of the 5th toe,http://purl.obolibrary.org/obo/UBERON_0001437,
http://purl.obolibrary.org/obo/HP_0100214,Bracket epiphysis of the middle phalanx of the 5th toe,http://purl.obolibrary.org/obo/UBERON_0001437,
http://purl.obolibrary.org/obo/HP_0100215,Cone-shaped epiphysis of the middle phalanx of the 5th toe,http://purl.obolibrary.org/obo/UBERON_0001437,
http://purl.obolibrary.org/obo/HP_0100216,Enlarged epiphysis of the middle phalanx of the 5th toe,http://purl.obolibrary.org/obo/UBERON_0001437,
http://purl.obolibrary.org/obo/HP_0100217,Fragmentation of the epiphysis of the middle phalanx of the 5th toe,http://purl.obolibrary.org/obo/UBERON_0001437,
http://purl.obolibrary.org/obo/HP_0100218,Irregular epiphysis of the middle phalanx of the 5th toe,http://purl.obolibrary.org/obo/UBERON_0001437,
http://purl.obolibrary.org/obo/HP_0100219,Ivory epiphysis of the middle phalanx of the 5th toe,http://purl.obolibrary.org/obo/UBERON_0001437,
http://purl.obolibrary.org/obo/HP_0100220,Pseudoepiphysis of the middle phalanx of the 5th toe,http://purl.obolibrary.org/obo/UBERON_0004327,
http://purl.obolibrary.org/obo/HP_0100221,Small epiphysis of the middle phalanx of the 5th toe,http://purl.obolibrary.org/obo/UBERON_0001437,
http://purl.obolibrary.org/obo/HP_0100222,Stippling of the epiphysis of the middle phalanx of the 5th toe,http://purl.obolibrary.org/obo/UBERON_0001437,
http://purl.obolibrary.org/obo/HP_0100223,Triangular epiphysis of the middle phalanx of the 5th toe,http://purl.obolibrary.org/obo/UBERON_0001437,
http://purl.obolibrary.org/obo/HP_0100224,Absent epiphysis of the proximal phalanx of the 5th toe,http://purl.obolibrary.org/obo/UBERON_0001437,
http://purl.obolibrary.org/obo/HP_0100225,Bracket epiphysis of the proximal phalanx of the 5th toe,http://purl.obolibrary.org/obo/UBERON_0001437,
http://purl.obolibrary.org/obo/HP_0100226,Cone-shaped epiphysis of the proximal phalanx of the 5th toe,http://purl.obolibrary.org/obo/UBERON_0001437,
http://purl.obolibrary.org/obo/HP_0100227,Enlarged epiphysis of the proximal phalanx of the 5th toe,http://purl.obolibrary.org/obo/UBERON_0001437,
http://purl.obolibrary.org/obo/HP_0100228,Fragmentation of the epiphysis of the proximal phalanx of the 5th toe,http://purl.obolibrary.org/obo/UBERON_0001437,
http://purl.obolibrary.org/obo/HP_0100229,Irregular epiphysis of the proximal phalanx of the 5th toe,http://purl.obolibrary.org/obo/UBERON_0001437,
http://purl.obolibrary.org/obo/HP_0100230,Ivory epiphysis of the proximal phalanx of the 5th toe,http://purl.obolibrary.org/obo/UBERON_0001437,
http://purl.obolibrary.org/obo/HP_0100231,Pseudoepiphysis of the proximal phalanx of the 5th toe,http://purl.obolibrary.org/obo/UBERON_0004336,
http://purl.obolibrary.org/obo/HP_0100232,Small epiphysis of the proximal phalanx of the 5th toe,http://purl.obolibrary.org/obo/UBERON_0001437,
http://purl.obolibrary.org/obo/HP_0100233,Stippling of the epiphysis of the proximal phalanx of the 5th toe,http://purl.obolibrary.org/obo/UBERON_0001437,
http://purl.obolibrary.org/obo/HP_0100234,Triangular epiphysis of the proximal phalanx of the 5th toe,http://purl.obolibrary.org/obo/UBERON_0001437,
http://purl.obolibrary.org/obo/HP_0100235,Synostosis involving bones of the toes,http://purl.obolibrary.org/obo/UBERON_0004248,
http://purl.obolibrary.org/obo/HP_0100238,Synostosis involving bones of the upper limbs,http://purl.obolibrary.org/obo/UBERON_0012475,
http://purl.obolibrary.org/obo/HP_0100240,Synostosis of joints,http://purl.obolibrary.org/obo/UBERON_0000982,
http://purl.obolibrary.org/obo/HP_0100249,Calcification of muscles,http://purl.obolibrary.org/obo/UBERON_0001015,
http://purl.obolibrary.org/obo/HP_0100250,Meningeal calcification,http://purl.obolibrary.org/obo/UBERON_0010743,
http://purl.obolibrary.org/obo/HP_0100253,Abnormality of the medullary cavity of the long bones,http://purl.obolibrary.org/obo/UBERON_0016413,
http://purl.obolibrary.org/obo/HP_0100254,Stenosis of the medullary cavity of the long bones,http://purl.obolibrary.org/obo/UBERON_0016413,
http://purl.obolibrary.org/obo/HP_0100255,Metaphyseal dysplasia,http://purl.obolibrary.org/obo/UBERON_0001438,
http://purl.obolibrary.org/obo/HP_0100260,Mesoaxial polydactyly,http://purl.obolibrary.org/obo/UBERON_0019222,
http://purl.obolibrary.org/obo/HP_0100261,Abnormal tendon morphology,http://purl.obolibrary.org/obo/UBERON_0000043,
http://purl.obolibrary.org/obo/HP_0100262,Synostosis involving digits,http://purl.obolibrary.org/obo/UBERON_0001474,
http://purl.obolibrary.org/obo/HP_0100292,Amyloidosis of peripheral nerves,http://purl.obolibrary.org/obo/UBERON_0001021,
http://purl.obolibrary.org/obo/HP_0100293,Hypertrophied muscle fibers,,http://purl.obolibrary.org/obo/CL_0000188
http://purl.obolibrary.org/obo/HP_0100295,Muscle fiber atrophy,,http://purl.obolibrary.org/obo/CL_0000188
http://purl.obolibrary.org/obo/HP_0100299,Muscle fiber inclusion bodies,,http://purl.obolibrary.org/obo/CL_0000187
http://purl.obolibrary.org/obo/HP_0100321,Abnormal dentate nucleus morphology,http://purl.obolibrary.org/obo/UBERON_0002132,
http://purl.obolibrary.org/obo/HP_0100339,Abnormality of the os naviculare pedis,http://purl.obolibrary.org/obo/UBERON_0001451,
http://purl.obolibrary.org/obo/HP_0100340,Fibular deviation of the 4th toe,http://purl.obolibrary.org/obo/UBERON_0003634,
http://purl.obolibrary.org/obo/HP_0100342,Fibular deviation of the 3rd toe,http://purl.obolibrary.org/obo/UBERON_0003633,
http://purl.obolibrary.org/obo/HP_0100344,Fibular deviation of the 2nd toe,http://purl.obolibrary.org/obo/UBERON_0003632,
http://purl.obolibrary.org/obo/HP_0100346,Fibular deviation of the 5th toe,http://purl.obolibrary.org/obo/UBERON_0003635,
http://purl.obolibrary.org/obo/HP_0100348,Contracture of the proximal interphalangeal joint of the 2nd toe,http://purl.obolibrary.org/obo/UBERON_0009767,
http://purl.obolibrary.org/obo/HP_0100349,Contracture of the proximal interphalangeal joint of the 3rd toe,http://purl.obolibrary.org/obo/UBERON_0009767,
http://purl.obolibrary.org/obo/HP_0100350,Contracture of the proximal interphalangeal joint of the 4th toe,http://purl.obolibrary.org/obo/UBERON_0009767,
http://purl.obolibrary.org/obo/HP_0100351,Contractures of the proximal interphalangeal joint of the 5th toe,http://purl.obolibrary.org/obo/UBERON_0009767,
http://purl.obolibrary.org/obo/HP_0100352,Contracture of the distal interphalangeal joint of the 2nd toe,http://purl.obolibrary.org/obo/UBERON_0000043,
http://purl.obolibrary.org/obo/HP_0100353,Contracture of the distal interphalangeal joint of the 3rd toe,http://purl.obolibrary.org/obo/UBERON_0000043,
http://purl.obolibrary.org/obo/HP_0100354,Contracture of the distal interphalangeal joint of the 4th toe,http://purl.obolibrary.org/obo/UBERON_0000043,
http://purl.obolibrary.org/obo/HP_0100355,Contractures of the distal interphalangeal joint of the 5th toe,http://purl.obolibrary.org/obo/UBERON_0000043,
http://purl.obolibrary.org/obo/HP_0100356,Contracture of the metatarsophalangeal joint of the 2nd toe,http://purl.obolibrary.org/obo/UBERON_0000043,
http://purl.obolibrary.org/obo/HP_0100357,Contracture of the metatarsophalangeal joint of the 3rd toe,http://purl.obolibrary.org/obo/UBERON_0000043,
http://purl.obolibrary.org/obo/HP_0100358,Contracture of the metatarsophalangeal joint of the 4th toe,http://purl.obolibrary.org/obo/UBERON_0000043,
http://purl.obolibrary.org/obo/HP_0100359,Contracture of the metatarsophalangeal joint of the 5th toe,http://purl.obolibrary.org/obo/UBERON_0000043,
http://purl.obolibrary.org/obo/HP_0100360,Upper-limb joint contracture,http://purl.obolibrary.org/obo/UBERON_0000043,
http://purl.obolibrary.org/obo/HP_0100362,Aplasia of the phalanges of the 3rd toe,http://purl.obolibrary.org/obo/UBERON_0003642,
http://purl.obolibrary.org/obo/HP_0100363,Aplasia of the phalanges of the 4th toe,http://purl.obolibrary.org/obo/UBERON_0003862,
http://purl.obolibrary.org/obo/HP_0100364,Aplasia of the phalanges of the 5th toe,http://purl.obolibrary.org/obo/UBERON_0003863,
http://purl.obolibrary.org/obo/HP_0100366,Short phalanx of the 3rd toe,http://purl.obolibrary.org/obo/UBERON_0003642,
http://purl.obolibrary.org/obo/HP_0100367,Short phalanx of the 4th toe,http://purl.obolibrary.org/obo/UBERON_0003862,
http://purl.obolibrary.org/obo/HP_0100368,Short phalanx of the 5th toe,http://purl.obolibrary.org/obo/UBERON_0003863,
http://purl.obolibrary.org/obo/HP_0100369,Aplasia/Hypoplasia of the distal phalanx of the 3rd toe,http://purl.obolibrary.org/obo/UBERON_0004317,
http://purl.obolibrary.org/obo/HP_0100370,Aplasia/Hypoplasia of the distal phalanx of the 4th toe,http://purl.obolibrary.org/obo/UBERON_0004318,
http://purl.obolibrary.org/obo/HP_0100371,Aplasia/Hypoplasia of the distal phalanx of the 5th toe,http://purl.obolibrary.org/obo/UBERON_0004319,
http://purl.obolibrary.org/obo/HP_0100372,Aplasia/Hypoplasia of the middle phalanx of the 3rd toe,http://purl.obolibrary.org/obo/UBERON_0004325,
http://purl.obolibrary.org/obo/HP_0100373,Aplasia/Hypoplasia of the middle phalanx of the 4th toe,http://purl.obolibrary.org/obo/UBERON_0004326,
http://purl.obolibrary.org/obo/HP_0100374,Aplasia/Hypoplasia of the middle phalanx of the 5th toe,http://purl.obolibrary.org/obo/UBERON_0004327,
http://purl.obolibrary.org/obo/HP_0100375,Aplasia/hypoplasia of the proximal phalanx of the 3rd toe,http://purl.obolibrary.org/obo/UBERON_0004334,
http://purl.obolibrary.org/obo/HP_0100376,Aplasia/hypoplasia of the proximal phalanx of the 4th toe,http://purl.obolibrary.org/obo/UBERON_0004335,
http://purl.obolibrary.org/obo/HP_0100377,Aplasia/hypoplasia of the proximal phalanx of the 5th toe,http://purl.obolibrary.org/obo/UBERON_0004336,
http://purl.obolibrary.org/obo/HP_0100378,Absent distal phalanx of the 3rd toe,http://purl.obolibrary.org/obo/UBERON_0004317,
http://purl.obolibrary.org/obo/HP_0100379,Aplasia of the distal phalanx of the 4th toe,http://purl.obolibrary.org/obo/UBERON_0004318,
http://purl.obolibrary.org/obo/HP_0100380,Aplasia of the distal phalanx of the 5th toe,http://purl.obolibrary.org/obo/UBERON_0004319,
http://purl.obolibrary.org/obo/HP_0100381,Absent middle phalanx of the 3rd toe,http://purl.obolibrary.org/obo/UBERON_0004325,
http://purl.obolibrary.org/obo/HP_0100382,Aplasia of the middle phalanx of the 4th toe,http://purl.obolibrary.org/obo/UBERON_0004326,
http://purl.obolibrary.org/obo/HP_0100383,Aplasia of the middle phalanx of the 5th toe,http://purl.obolibrary.org/obo/UBERON_0004327,
http://purl.obolibrary.org/obo/HP_0100384,Absent proximal phalanx of the 3rd toe,http://purl.obolibrary.org/obo/UBERON_0004334,
http://purl.obolibrary.org/obo/HP_0100385,Aplasia of the proximal phalanx of the 4th toe,http://purl.obolibrary.org/obo/UBERON_0004335,
http://purl.obolibrary.org/obo/HP_0100386,Aplasia of the proximal phalanx of the 5th toe,http://purl.obolibrary.org/obo/UBERON_0004336,
http://purl.obolibrary.org/obo/HP_0100387,Aplasia of the middle phalanges of the toes,http://purl.obolibrary.org/obo/UBERON_0003866,
http://purl.obolibrary.org/obo/HP_0100388,Aplasia of the proximal phalanges of the toes,http://purl.obolibrary.org/obo/UBERON_0003868,
http://purl.obolibrary.org/obo/HP_0100389,Short distal phalanx of the 3rd toe,http://purl.obolibrary.org/obo/UBERON_0004317,
http://purl.obolibrary.org/obo/HP_0100390,Short distal phalanx of the 4th toe,http://purl.obolibrary.org/obo/UBERON_0004318,
http://purl.obolibrary.org/obo/HP_0100391,Short distal phalanx of the 5th toe,http://purl.obolibrary.org/obo/UBERON_0004319,
http://purl.obolibrary.org/obo/HP_0100392,Short middle phalanx of the 3rd toe,http://purl.obolibrary.org/obo/UBERON_0004325,
http://purl.obolibrary.org/obo/HP_0100393,Short middle phalanx of the 4th toe,http://purl.obolibrary.org/obo/UBERON_0004326,
http://purl.obolibrary.org/obo/HP_0100394,Short middle phalanx of the 5th toe,http://purl.obolibrary.org/obo/UBERON_0004327,
http://purl.obolibrary.org/obo/HP_0100395,Short proximal phalanx of the 3rd toe,http://purl.obolibrary.org/obo/UBERON_0004334,
http://purl.obolibrary.org/obo/HP_0100396,Short proximal phalanx of the 4th toe,http://purl.obolibrary.org/obo/UBERON_0004335,
http://purl.obolibrary.org/obo/HP_0100397,Short proximal phalanx of the 5th toe,http://purl.obolibrary.org/obo/UBERON_0004336,
http://purl.obolibrary.org/obo/HP_0100407,Complete duplication of the distal phalanx of the 3rd toe,http://purl.obolibrary.org/obo/UBERON_0004317,
http://purl.obolibrary.org/obo/HP_0100408,Complete duplication of the distal phalanx of the 4th toe,http://purl.obolibrary.org/obo/UBERON_0004318,
http://purl.obolibrary.org/obo/HP_0100409,Complete duplication of the distal phalanx of the 5th toe,http://purl.obolibrary.org/obo/UBERON_0004319,
http://purl.obolibrary.org/obo/HP_0100410,Complete duplication of the middle phalanx of the 3rd toe,http://purl.obolibrary.org/obo/UBERON_0004325,
http://purl.obolibrary.org/obo/HP_0100411,Complete duplication of the middle phalanx of the 4th toe,http://purl.obolibrary.org/obo/UBERON_0004326,
http://purl.obolibrary.org/obo/HP_0100413,Complete duplication of the proximal phalanx of the 3rd toe,http://purl.obolibrary.org/obo/UBERON_0004334,
http://purl.obolibrary.org/obo/HP_0100415,Complete duplication of the proximal phalanx of the 5th toe,http://purl.obolibrary.org/obo/UBERON_0004336,
http://purl.obolibrary.org/obo/HP_0100425,Broad middle phalanx of the 3rd toe,http://purl.obolibrary.org/obo/UBERON_0004325,
http://purl.obolibrary.org/obo/HP_0100426,Broad middle phalanx of the 4th toe,http://purl.obolibrary.org/obo/UBERON_0004326,
http://purl.obolibrary.org/obo/HP_0100427,Broad middle phalanx of the 5th toe,http://purl.obolibrary.org/obo/UBERON_0004327,
http://purl.obolibrary.org/obo/HP_0100428,Broad proximal phalanx of the 3rd toe,http://purl.obolibrary.org/obo/UBERON_0004334,
http://purl.obolibrary.org/obo/HP_0100429,Broad proximal phalanx of the 4th toe,http://purl.obolibrary.org/obo/UBERON_0004335,
http://purl.obolibrary.org/obo/HP_0100430,Broad proximal phalanx of the 5th toe,http://purl.obolibrary.org/obo/UBERON_0004336,
http://purl.obolibrary.org/obo/HP_0100431,Broad distal phalanx of the 3rd toe,http://purl.obolibrary.org/obo/UBERON_0004317,
http://purl.obolibrary.org/obo/HP_0100432,Broad distal phalanx of the 4th toe,http://purl.obolibrary.org/obo/UBERON_0004318,
http://purl.obolibrary.org/obo/HP_0100433,Broad distal phalanx of the 5th toe,http://purl.obolibrary.org/obo/UBERON_0004319,
http://purl.obolibrary.org/obo/HP_0100443,Curved middle phalanx of the 3rd toe,http://purl.obolibrary.org/obo/UBERON_0004325,
http://purl.obolibrary.org/obo/HP_0100444,Curved middle phalanx of the 4th toe,http://purl.obolibrary.org/obo/UBERON_0004326,
http://purl.obolibrary.org/obo/HP_0100445,Curved middle phalanx of the 5th toe,http://purl.obolibrary.org/obo/UBERON_0004327,
http://purl.obolibrary.org/obo/HP_0100446,Curved proximal phalanx of the 3rd toe,http://purl.obolibrary.org/obo/UBERON_0004334,
http://purl.obolibrary.org/obo/HP_0100447,Curved proximal phalanx of the 4th toe,http://purl.obolibrary.org/obo/UBERON_0004335,
http://purl.obolibrary.org/obo/HP_0100448,Curved proximal phalanx of the 5th toe,http://purl.obolibrary.org/obo/UBERON_0004336,
http://purl.obolibrary.org/obo/HP_0100449,Curved distal phalanx of the 3rd toe,http://purl.obolibrary.org/obo/UBERON_0004317,
http://purl.obolibrary.org/obo/HP_0100450,Curved distal phalanx of the 4th toe,http://purl.obolibrary.org/obo/UBERON_0004318,
http://purl.obolibrary.org/obo/HP_0100451,Curved distal phalanx of the 5th toe,http://purl.obolibrary.org/obo/UBERON_0004319,
http://purl.obolibrary.org/obo/HP_0100461,Patchy sclerosis of the middle phalanx of the 3rd toe,http://purl.obolibrary.org/obo/UBERON_0004325,
http://purl.obolibrary.org/obo/HP_0100462,Patchy sclerosis of the middle phalanx of the 4th toe,http://purl.obolibrary.org/obo/UBERON_0004326,
http://purl.obolibrary.org/obo/HP_0100463,Patchy sclerosis of the middle phalanx of the 5th toe,http://purl.obolibrary.org/obo/UBERON_0004327,
http://purl.obolibrary.org/obo/HP_0100464,Patchy sclerosis of the proximal phalanx of the 3rd toe,http://purl.obolibrary.org/obo/UBERON_0004334,
http://purl.obolibrary.org/obo/HP_0100465,Patchy sclerosis of the proximal phalanx of the 4th toe,http://purl.obolibrary.org/obo/UBERON_0004335,
http://purl.obolibrary.org/obo/HP_0100466,Patchy sclerosis of the proximal phalanx of the 5th toe,http://purl.obolibrary.org/obo/UBERON_0004336,
http://purl.obolibrary.org/obo/HP_0100467,Patchy sclerosis of the distal phalanx of the 3rd toe,http://purl.obolibrary.org/obo/UBERON_0004317,
http://purl.obolibrary.org/obo/HP_0100468,Patchy sclerosis of the distal phalanx of the 4th toe,http://purl.obolibrary.org/obo/UBERON_0004318,
http://purl.obolibrary.org/obo/HP_0100469,Patchy sclerosis of the distal phalanx of the 5th toe,http://purl.obolibrary.org/obo/UBERON_0004319,
http://purl.obolibrary.org/obo/HP_0100491,Abnormality of lower limb joint,http://purl.obolibrary.org/obo/UBERON_0003840,
http://purl.obolibrary.org/obo/HP_0100493,Hypoammonemia,http://purl.obolibrary.org/obo/UBERON_0000178,
http://purl.obolibrary.org/obo/HP_0100494,Abnormal mast cell morphology,,http://purl.obolibrary.org/obo/CL_0000097
http://purl.obolibrary.org/obo/HP_0100495,Mastocytosis,,http://purl.obolibrary.org/obo/CL_0000097
http://purl.obolibrary.org/obo/HP_0100498,Deviation of toes,http://purl.obolibrary.org/obo/UBERON_0001466,
http://purl.obolibrary.org/obo/HP_0100500,Fibular deviation of toes,http://purl.obolibrary.org/obo/UBERON_0001466,
http://purl.obolibrary.org/obo/HP_0100507,Reduced blood folate concentration,http://purl.obolibrary.org/obo/UBERON_0000178,
http://purl.obolibrary.org/obo/HP_0100523,Liver abscess,http://purl.obolibrary.org/obo/UBERON_0002107,
http://purl.obolibrary.org/obo/HP_0100524,Limb duplication,http://purl.obolibrary.org/obo/UBERON_0010707,
http://purl.obolibrary.org/obo/HP_0100525,Urachus fistula,http://purl.obolibrary.org/obo/UBERON_0002068,
http://purl.obolibrary.org/obo/HP_0100529,Abnormal blood phosphate concentration,http://purl.obolibrary.org/obo/UBERON_0000178,
http://purl.obolibrary.org/obo/HP_0100533,Inflammatory abnormality of the eye,http://purl.obolibrary.org/obo/UBERON_0010230,
http://purl.obolibrary.org/obo/HP_0100536,Abnormal fascia morphology,http://purl.obolibrary.org/obo/UBERON_0008982,
http://purl.obolibrary.org/obo/HP_0100537,Fasciitis,http://purl.obolibrary.org/obo/UBERON_0008982,
http://purl.obolibrary.org/obo/HP_0100539,Periorbital edema,http://purl.obolibrary.org/obo/UBERON_0004090,
http://purl.obolibrary.org/obo/HP_0100540,Palpebral edema,http://purl.obolibrary.org/obo/UBERON_0001711,
http://purl.obolibrary.org/obo/HP_0100542,Abnormal localization of kidney,http://purl.obolibrary.org/obo/UBERON_0002113,
http://purl.obolibrary.org/obo/HP_0100545,Arterial stenosis,http://purl.obolibrary.org/obo/UBERON_0001637,
http://purl.obolibrary.org/obo/HP_0100546,Carotid artery stenosis,http://purl.obolibrary.org/obo/UBERON_0005396,
http://purl.obolibrary.org/obo/HP_0100547,Abnormal forebrain morphology,http://purl.obolibrary.org/obo/UBERON_0001890,
http://purl.obolibrary.org/obo/HP_0100553,Hemihypertrophy of lower limb,http://purl.obolibrary.org/obo/UBERON_0010709,
http://purl.obolibrary.org/obo/HP_0100554,Hemihypertrophy of upper limb,http://purl.obolibrary.org/obo/UBERON_0010708,
http://purl.obolibrary.org/obo/HP_0100556,Hemiatrophy,http://purl.obolibrary.org/obo/UBERON_0010707,
http://purl.obolibrary.org/obo/HP_0100557,Hemiatrophy of lower limb,http://purl.obolibrary.org/obo/UBERON_0010709,
http://purl.obolibrary.org/obo/HP_0100558,Hemiatrophy of upper limb,http://purl.obolibrary.org/obo/UBERON_0010708,
http://purl.obolibrary.org/obo/HP_0100559,Lower limb asymmetry,http://purl.obolibrary.org/obo/UBERON_0010709,
http://purl.obolibrary.org/obo/HP_0100560,Upper limb asymmetry,http://purl.obolibrary.org/obo/UBERON_0010708,
http://purl.obolibrary.org/obo/HP_0100569,Abnormally ossified vertebrae,http://purl.obolibrary.org/obo/UBERON_0002412,
http://purl.obolibrary.org/obo/HP_0100577,Urinary bladder inflammation,http://purl.obolibrary.org/obo/UBERON_0001255,
http://purl.obolibrary.org/obo/HP_0100579,Mucosal telangiectasiae,http://purl.obolibrary.org/obo/UBERON_0000344,
http://purl.obolibrary.org/obo/HP_0100583,Corneal perforation,http://purl.obolibrary.org/obo/UBERON_0000964,
http://purl.obolibrary.org/obo/HP_0100584,Endocarditis,http://purl.obolibrary.org/obo/UBERON_0002165,
http://purl.obolibrary.org/obo/HP_0100587,Abnormal preputium morphology,http://purl.obolibrary.org/obo/UBERON_0001332,
http://purl.obolibrary.org/obo/HP_0100589,Urogenital fistula,http://purl.obolibrary.org/obo/UBERON_0004122,
http://purl.obolibrary.org/obo/HP_0100590,Rectal fistula,http://purl.obolibrary.org/obo/UBERON_0001052,
http://purl.obolibrary.org/obo/HP_0100592,Peritoneal abscess,http://purl.obolibrary.org/obo/UBERON_0002358,
http://purl.obolibrary.org/obo/HP_0100593,Calcification of cartilage,http://purl.obolibrary.org/obo/UBERON_0007844,
http://purl.obolibrary.org/obo/HP_0100596,Absent nares,http://purl.obolibrary.org/obo/UBERON_0005928,
http://purl.obolibrary.org/obo/HP_0100598,Pulmonary edema,http://purl.obolibrary.org/obo/UBERON_0002048,
http://purl.obolibrary.org/obo/HP_0100614,Myositis,http://purl.obolibrary.org/obo/UBERON_0001015,
http://purl.obolibrary.org/obo/HP_0100623,Abnormal corpus cavernosum morphology,http://purl.obolibrary.org/obo/UBERON_0006609,
http://purl.obolibrary.org/obo/HP_0100625,Enlarged thorax,http://purl.obolibrary.org/obo/UBERON_0001443,
http://purl.obolibrary.org/obo/HP_0100627,Displacement of the urethral meatus,http://purl.obolibrary.org/obo/UBERON_0012240,
http://purl.obolibrary.org/obo/HP_0100640,Laryngeal cyst,http://purl.obolibrary.org/obo/UBERON_0001737,
http://purl.obolibrary.org/obo/HP_0100643,Abnormality of nail color,http://purl.obolibrary.org/obo/UBERON_0001705,
http://purl.obolibrary.org/obo/HP_0100646,Thyroiditis,http://purl.obolibrary.org/obo/UBERON_0002046,
http://purl.obolibrary.org/obo/HP_0100653,Optic neuritis,http://purl.obolibrary.org/obo/UBERON_0000941,
http://purl.obolibrary.org/obo/HP_0100659,Abnormal cerebral vascular morphology,http://purl.obolibrary.org/obo/UBERON_0002049,
http://purl.obolibrary.org/obo/HP_0100662,Chondritis,http://purl.obolibrary.org/obo/UBERON_0007844,
http://purl.obolibrary.org/obo/HP_0100668,Intestinal duplication,http://purl.obolibrary.org/obo/UBERON_0000160,
http://purl.obolibrary.org/obo/HP_0100669,Abnormal pigmentation of the oral mucosa,http://purl.obolibrary.org/obo/UBERON_0003729,
http://purl.obolibrary.org/obo/HP_0100671,Abnormal trabecular bone morphology,http://purl.obolibrary.org/obo/UBERON_0008867,
http://purl.obolibrary.org/obo/HP_0100672,Vaginal hernia,http://purl.obolibrary.org/obo/UBERON_0000996,
http://purl.obolibrary.org/obo/HP_0100681,Esophageal duplication,http://purl.obolibrary.org/obo/UBERON_0001043,
http://purl.obolibrary.org/obo/HP_0100682,Tracheal atresia,http://purl.obolibrary.org/obo/UBERON_0003126,
http://purl.obolibrary.org/obo/HP_0100689,Decreased corneal thickness,http://purl.obolibrary.org/obo/UBERON_0000964,
http://purl.obolibrary.org/obo/HP_0100691,Abnormality of the curvature of the cornea,http://purl.obolibrary.org/obo/UBERON_0000964,
http://purl.obolibrary.org/obo/HP_0100694,Tibial torsion,http://purl.obolibrary.org/obo/UBERON_0000979,
http://purl.obolibrary.org/obo/HP_0100699,Scarring,http://purl.obolibrary.org/obo/UBERON_0000468,
http://purl.obolibrary.org/obo/HP_0100700,Abnormal arachnoid mater morphology,http://purl.obolibrary.org/obo/UBERON_0002362,
http://purl.obolibrary.org/obo/HP_0100701,Abnormal pia mater,http://purl.obolibrary.org/obo/UBERON_0002361,
http://purl.obolibrary.org/obo/HP_0100705,Abnormal glial cell morphology,,http://purl.obolibrary.org/obo/CL_0000125
http://purl.obolibrary.org/obo/HP_0100706,Abnormal oligodendroglia morphology,,http://purl.obolibrary.org/obo/CL_0000128
http://purl.obolibrary.org/obo/HP_0100707,Abnormal astrocyte morphology,,http://purl.obolibrary.org/obo/CL_0000127
http://purl.obolibrary.org/obo/HP_0100708,Abnormal microglia morphology,,http://purl.obolibrary.org/obo/CL_0000129
http://purl.obolibrary.org/obo/HP_0100709,Reduction of oligodendroglia,,http://purl.obolibrary.org/obo/CL_0000128
http://purl.obolibrary.org/obo/HP_0100711,Abnormal thoracic spine morphology,http://purl.obolibrary.org/obo/UBERON_0006073,
http://purl.obolibrary.org/obo/HP_0100712,Abnormal lumbar spine morphology,http://purl.obolibrary.org/obo/UBERON_0006074,
http://purl.obolibrary.org/obo/HP_0100717,Abnormal cementum morphology,http://purl.obolibrary.org/obo/UBERON_0001753,
http://purl.obolibrary.org/obo/HP_0100719,Lens coloboma,http://purl.obolibrary.org/obo/UBERON_0000965,
http://purl.obolibrary.org/obo/HP_0100729,Large face,http://purl.obolibrary.org/obo/UBERON_0001456,
http://purl.obolibrary.org/obo/HP_0100734,Abnormal vertebral epiphysis morphology,http://purl.obolibrary.org/obo/UBERON_0001437,
http://purl.obolibrary.org/obo/HP_0100736,Abnormal soft palate morphology,http://purl.obolibrary.org/obo/UBERON_0001733,
http://purl.obolibrary.org/obo/HP_0100737,Abnormal hard palate morphology,http://purl.obolibrary.org/obo/UBERON_0003216,
http://purl.obolibrary.org/obo/HP_0100744,Abnormality of the humeroradial joint,http://purl.obolibrary.org/obo/UBERON_0011111,
http://purl.obolibrary.org/obo/HP_0100745,Abnormality of the humeroulnar joint,http://purl.obolibrary.org/obo/UBERON_0011110,
http://purl.obolibrary.org/obo/HP_0100748,Muscular edema,http://purl.obolibrary.org/obo/UBERON_0001630,
http://purl.obolibrary.org/obo/HP_0100763,Abnormality of the lymphatic system,http://purl.obolibrary.org/obo/UBERON_0006558,
http://purl.obolibrary.org/obo/HP_0100765,Abnormality of the tonsils,http://purl.obolibrary.org/obo/UBERON_0002372,
http://purl.obolibrary.org/obo/HP_0100766,Abnormal lymphatic vessel morphology,http://purl.obolibrary.org/obo/UBERON_0001473,
http://purl.obolibrary.org/obo/HP_0100767,Abnormal placenta morphology,http://purl.obolibrary.org/obo/UBERON_0001987,
http://purl.obolibrary.org/obo/HP_0100770,Hyperperistalsis,http://purl.obolibrary.org/obo/UBERON_0001555,
http://purl.obolibrary.org/obo/HP_0100771,Hypoperistalsis,http://purl.obolibrary.org/obo/UBERON_0001555,
http://purl.obolibrary.org/obo/HP_0100774,Hyperostosis,http://purl.obolibrary.org/obo/UBERON_0001474,
http://purl.obolibrary.org/obo/HP_0100780,Conjunctival hamartoma,http://purl.obolibrary.org/obo/UBERON_0001811,
http://purl.obolibrary.org/obo/HP_0100781,Abnormal sacroiliac joint morphology,http://purl.obolibrary.org/obo/UBERON_0001365,
http://purl.obolibrary.org/obo/HP_0100783,Breast aplasia,http://purl.obolibrary.org/obo/UBERON_0000310,
http://purl.obolibrary.org/obo/HP_0100788,Fused lips,http://purl.obolibrary.org/obo/UBERON_0001833,
http://purl.obolibrary.org/obo/HP_0100795,Abnormally straight spine,http://purl.obolibrary.org/obo/UBERON_0001130,
http://purl.obolibrary.org/obo/HP_0100797,Toenail dysplasia,http://purl.obolibrary.org/obo/UBERON_0009567,
http://purl.obolibrary.org/obo/HP_0100800,Aplasia/Hypoplasia of the pancreas,http://purl.obolibrary.org/obo/UBERON_0001264,
http://purl.obolibrary.org/obo/HP_0100801,Pancreatic aplasia,http://purl.obolibrary.org/obo/UBERON_0001264,
http://purl.obolibrary.org/obo/HP_0100807,Long fingers,http://purl.obolibrary.org/obo/UBERON_0002389,
http://purl.obolibrary.org/obo/HP_0100811,Aplasia/Hypoplasia of the colon,http://purl.obolibrary.org/obo/UBERON_0001155,
http://purl.obolibrary.org/obo/HP_0100816,Lip hyperpigmentation,http://purl.obolibrary.org/obo/UBERON_0001833,
http://purl.obolibrary.org/obo/HP_0100819,Intestinal fistula,http://purl.obolibrary.org/obo/UBERON_0000160,
http://purl.obolibrary.org/obo/HP_0100827,Increased total lymphocyte count,,http://purl.obolibrary.org/obo/CL_0000542
http://purl.obolibrary.org/obo/HP_0100828,Increased total T cell count,,http://purl.obolibrary.org/obo/CL_0000084
http://purl.obolibrary.org/obo/HP_0100839,Hepatic agenesis,http://purl.obolibrary.org/obo/UBERON_0002107,
http://purl.obolibrary.org/obo/HP_0100840,Aplasia/Hypoplasia of the eyebrow,http://purl.obolibrary.org/obo/UBERON_0010163,
http://purl.obolibrary.org/obo/HP_0100853,Hypoplastic areola,http://purl.obolibrary.org/obo/UBERON_0002032,
http://purl.obolibrary.org/obo/HP_0100854,Aplasia of the musculature,http://purl.obolibrary.org/obo/UBERON_0001630,
http://purl.obolibrary.org/obo/HP_0100855,Triceps hypoplasia,http://purl.obolibrary.org/obo/UBERON_0001509,
http://purl.obolibrary.org/obo/HP_0100856,Poorly ossified vertebrae,http://purl.obolibrary.org/obo/UBERON_0002412,
http://purl.obolibrary.org/obo/HP_0100857,Flat sella turcica,http://purl.obolibrary.org/obo/UBERON_0003689,
http://purl.obolibrary.org/obo/HP_0100858,Dilatation of celiac artery,http://purl.obolibrary.org/obo/UBERON_0001640,
http://purl.obolibrary.org/obo/HP_0100859,Dilatation of superior mesenteric artery,http://purl.obolibrary.org/obo/UBERON_0001182,
http://purl.obolibrary.org/obo/HP_0100860,Dilatation of Inferior mesenteric artery,http://purl.obolibrary.org/obo/UBERON_0001183,
http://purl.obolibrary.org/obo/HP_0100861,Sclerotic vertebral body,http://purl.obolibrary.org/obo/UBERON_0001075,
http://purl.obolibrary.org/obo/HP_0100862,Aplasia of the femoral head,http://purl.obolibrary.org/obo/UBERON_0006767,
http://purl.obolibrary.org/obo/HP_0100863,Aplasia of the femoral neck,http://purl.obolibrary.org/obo/UBERON_0007119,
http://purl.obolibrary.org/obo/HP_0100864,Short femoral neck,http://purl.obolibrary.org/obo/UBERON_0007119,
http://purl.obolibrary.org/obo/HP_0100865,Broad ischia,http://purl.obolibrary.org/obo/UBERON_0001274,
http://purl.obolibrary.org/obo/HP_0100866,Short iliac bones,http://purl.obolibrary.org/obo/UBERON_0001273,
http://purl.obolibrary.org/obo/HP_0100867,Duodenal stenosis,http://purl.obolibrary.org/obo/UBERON_0002114,
http://purl.obolibrary.org/obo/HP_0100869,Palmar telangiectasia,http://purl.obolibrary.org/obo/UBERON_0013777,
http://purl.obolibrary.org/obo/HP_0100870,Plantar telangiectasia,http://purl.obolibrary.org/obo/UBERON_0013778,
http://purl.obolibrary.org/obo/HP_0100871,Abnormal palm morphology,http://purl.obolibrary.org/obo/UBERON_0008878,
http://purl.obolibrary.org/obo/HP_0100872,Abnormality of the plantar skin of foot,http://purl.obolibrary.org/obo/UBERON_0008338,
http://purl.obolibrary.org/obo/HP_0100878,Enlarged uterus,http://purl.obolibrary.org/obo/UBERON_0000995,
http://purl.obolibrary.org/obo/HP_0100879,Enlarged ovaries,http://purl.obolibrary.org/obo/UBERON_0000992,
http://purl.obolibrary.org/obo/HP_0100886,Abnormality of globe location,http://purl.obolibrary.org/obo/UBERON_0010230,
http://purl.obolibrary.org/obo/HP_0100887,Abnormality of globe size,http://purl.obolibrary.org/obo/UBERON_0010230,
http://purl.obolibrary.org/obo/HP_0100889,Abnormal ductus choledochus morphology,http://purl.obolibrary.org/obo/UBERON_0001174,
http://purl.obolibrary.org/obo/HP_0100891,Bifid xiphoid process,http://purl.obolibrary.org/obo/UBERON_0002207,
http://purl.obolibrary.org/obo/HP_0100892,Abnormality of the xiphoid process,http://purl.obolibrary.org/obo/UBERON_0002207,
http://purl.obolibrary.org/obo/HP_0100893,Prominent xiphoid process,http://purl.obolibrary.org/obo/UBERON_0002207,
http://purl.obolibrary.org/obo/HP_0100894,Broad xiphoid process,http://purl.obolibrary.org/obo/UBERON_0002207,
http://purl.obolibrary.org/obo/HP_0100899,Sclerosis of finger phalanx,http://purl.obolibrary.org/obo/UBERON_0001436,
http://purl.obolibrary.org/obo/HP_0100900,Sclerosis of the distal phalanx of the 2nd finger,http://purl.obolibrary.org/obo/UBERON_0004311,
http://purl.obolibrary.org/obo/HP_0100901,Sclerosis of the distal phalanx of the 3rd finger,http://purl.obolibrary.org/obo/UBERON_0004312,
http://purl.obolibrary.org/obo/HP_0100902,Sclerosis of the distal phalanx of the 4th finger,http://purl.obolibrary.org/obo/UBERON_0004313,
http://purl.obolibrary.org/obo/HP_0100903,Sclerosis of the distal phalanx of the 5th finger,http://purl.obolibrary.org/obo/UBERON_0004314,
http://purl.obolibrary.org/obo/HP_0100904,Sclerosis of the middle phalanx of the 2nd finger,http://purl.obolibrary.org/obo/UBERON_0004320,
http://purl.obolibrary.org/obo/HP_0100905,Sclerosis of the middle phalanx of the 3rd finger,http://purl.obolibrary.org/obo/UBERON_0004321,
http://purl.obolibrary.org/obo/HP_0100906,Sclerosis of the middle phalanx of the 4th finger,http://purl.obolibrary.org/obo/UBERON_0004322,
http://purl.obolibrary.org/obo/HP_0100907,Sclerosis of the middle phalanx of the 5th finger,http://purl.obolibrary.org/obo/UBERON_0004323,
http://purl.obolibrary.org/obo/HP_0100908,Sclerosis of the proximal phalanx of the 2nd finger,http://purl.obolibrary.org/obo/UBERON_0004328,
http://purl.obolibrary.org/obo/HP_0100909,Sclerosis of the proximal phalanx of the 3rd finger,http://purl.obolibrary.org/obo/UBERON_0004329,
http://purl.obolibrary.org/obo/HP_0100910,Sclerosis of the proximal phalanx of the 4th finger,http://purl.obolibrary.org/obo/UBERON_0004330,
http://purl.obolibrary.org/obo/HP_0100911,Sclerosis of the proximal phalanx of the 5th finger,http://purl.obolibrary.org/obo/UBERON_0004331,
http://purl.obolibrary.org/obo/HP_0100912,Sclerosis of the distal phalanx of the thumb,http://purl.obolibrary.org/obo/UBERON_0004337,
http://purl.obolibrary.org/obo/HP_0100913,Sclerosis of the proximal phalanx of the thumb,http://purl.obolibrary.org/obo/UBERON_0004338,
http://purl.obolibrary.org/obo/HP_0100914,Sclerosis of the 1st metacarpal,http://purl.obolibrary.org/obo/UBERON_0003645,
http://purl.obolibrary.org/obo/HP_0100915,Sclerosis of distal finger phalanx,http://purl.obolibrary.org/obo/UBERON_0003865,
http://purl.obolibrary.org/obo/HP_0100916,Sclerosis of middle finger phalanx,http://purl.obolibrary.org/obo/UBERON_0003864,
http://purl.obolibrary.org/obo/HP_0100917,Sclerosis of proximal finger phalanx,http://purl.obolibrary.org/obo/UBERON_0002234,
http://purl.obolibrary.org/obo/HP_0100918,Sclerosis of 2nd finger phalanx,http://purl.obolibrary.org/obo/UBERON_0003636,
http://purl.obolibrary.org/obo/HP_0100919,Sclerosis of 3rd finger phalanx,http://purl.obolibrary.org/obo/UBERON_0003637,
http://purl.obolibrary.org/obo/HP_0100920,Sclerosis of 4th finger phalanx,http://purl.obolibrary.org/obo/UBERON_0003638,
http://purl.obolibrary.org/obo/HP_0100921,Sclerosis of 5th finger phalanx,http://purl.obolibrary.org/obo/UBERON_0003639,
http://purl.obolibrary.org/obo/HP_0100922,Sclerosis of thumb phalanx,http://purl.obolibrary.org/obo/UBERON_0003620,
http://purl.obolibrary.org/obo/HP_0100923,Clavicular sclerosis,http://purl.obolibrary.org/obo/UBERON_0001105,
http://purl.obolibrary.org/obo/HP_0100924,Sclerosis of toe phalanx,http://purl.obolibrary.org/obo/UBERON_0001449,
http://purl.obolibrary.org/obo/HP_0100925,Sclerosis of foot bone,http://purl.obolibrary.org/obo/UBERON_0001445,
http://purl.obolibrary.org/obo/HP_0100926,Sclerosis of 2nd toe phalanx,http://purl.obolibrary.org/obo/UBERON_0003641,
http://purl.obolibrary.org/obo/HP_0100927,Sclerosis of 3rd toe phalanx,http://purl.obolibrary.org/obo/UBERON_0003642,
http://purl.obolibrary.org/obo/HP_0100928,Sclerosis of 4th toe phalanx,http://purl.obolibrary.org/obo/UBERON_0003862,
http://purl.obolibrary.org/obo/HP_0100929,Sclerosis of 5th toe phalanx,http://purl.obolibrary.org/obo/UBERON_0003863,
http://purl.obolibrary.org/obo/HP_0100930,Sclerosis of hallux phalanx,http://purl.obolibrary.org/obo/UBERON_0003640,
http://purl.obolibrary.org/obo/HP_0100931,Sclerosis of the proximal phalanx of the 2nd toe,http://purl.obolibrary.org/obo/UBERON_0004333,
http://purl.obolibrary.org/obo/HP_0100932,Sclerosis of the proximal phalanx of the 3rd toe,http://purl.obolibrary.org/obo/UBERON_0004334,
http://purl.obolibrary.org/obo/HP_0100933,Sclerosis of the proximal phalanx of the 4th toe,http://purl.obolibrary.org/obo/UBERON_0004335,
http://purl.obolibrary.org/obo/HP_0100934,Sclerosis of the proximal phalanx of the 5th toe,http://purl.obolibrary.org/obo/UBERON_0004336,
http://purl.obolibrary.org/obo/HP_0100935,Sclerosis of the middle phalanx of the 2nd toe,http://purl.obolibrary.org/obo/UBERON_0004324,
http://purl.obolibrary.org/obo/HP_0100936,Sclerosis of the middle phalanx of the 3rd toe,http://purl.obolibrary.org/obo/UBERON_0004325,
http://purl.obolibrary.org/obo/HP_0100937,Sclerosis of the middle phalanx of the 4th toe,http://purl.obolibrary.org/obo/UBERON_0004326,
http://purl.obolibrary.org/obo/HP_0100938,Sclerosis of the middle phalanx of the 5th toe,http://purl.obolibrary.org/obo/UBERON_0004327,
http://purl.obolibrary.org/obo/HP_0100939,Sclerosis of the distal phalanx of the 2nd toe,http://purl.obolibrary.org/obo/UBERON_0004316,
http://purl.obolibrary.org/obo/HP_0100940,Sclerosis of the distal phalanx of the 3rd toe,http://purl.obolibrary.org/obo/UBERON_0004317,
http://purl.obolibrary.org/obo/HP_0100941,Sclerosis of the distal phalanx of the 4th toe,http://purl.obolibrary.org/obo/UBERON_0004318,
http://purl.obolibrary.org/obo/HP_0100942,Sclerosis of the distal phalanx of the 5th toe,http://purl.obolibrary.org/obo/UBERON_0004319,
http://purl.obolibrary.org/obo/HP_0100943,Sclerosis of the proximal phalanx of the hallux,http://purl.obolibrary.org/obo/UBERON_0004332,
http://purl.obolibrary.org/obo/HP_0100944,Sclerosis of the distal phalanx of the hallux,http://purl.obolibrary.org/obo/UBERON_0004315,
http://purl.obolibrary.org/obo/HP_0100945,Sclerosis of the 1st metatarsal,http://purl.obolibrary.org/obo/UBERON_0003650,
http://purl.obolibrary.org/obo/HP_0100946,Sclerosis of proximal toe phalanx,http://purl.obolibrary.org/obo/UBERON_0003868,
http://purl.obolibrary.org/obo/HP_0100947,Sclerosis of middle toe phalanx,http://purl.obolibrary.org/obo/UBERON_0003866,
http://purl.obolibrary.org/obo/HP_0100948,Sclerosis of distal toe phalanx,http://purl.obolibrary.org/obo/UBERON_0003867,
http://purl.obolibrary.org/obo/HP_0100954,Open operculum,http://purl.obolibrary.org/obo/UBERON_0010262,
http://purl.obolibrary.org/obo/HP_0100957,Abnormal renal medulla morphology,http://purl.obolibrary.org/obo/UBERON_0000362,
http://purl.obolibrary.org/obo/HP_0100961,Enlarged hippocampus,http://purl.obolibrary.org/obo/UBERON_0002421,
http://purl.obolibrary.org/obo/HP_0200003,Splayed epiphyses,http://purl.obolibrary.org/obo/UBERON_0001437,
http://purl.obolibrary.org/obo/HP_0200005,Abnormal shape of the palpebral fissure,http://purl.obolibrary.org/obo/UBERON_0001819,
http://purl.obolibrary.org/obo/HP_0200007,Abnormal size of the palpebral fissures,http://purl.obolibrary.org/obo/UBERON_0001819,
http://purl.obolibrary.org/obo/HP_0200011,Abnormal length of corpus callosum,http://purl.obolibrary.org/obo/UBERON_0002336,
http://purl.obolibrary.org/obo/HP_0200012,Short corpus callosum,http://purl.obolibrary.org/obo/UBERON_0002336,
http://purl.obolibrary.org/obo/HP_0200017,Cerebral white matter agenesis,http://purl.obolibrary.org/obo/UBERON_0002437,
http://purl.obolibrary.org/obo/HP_0200021,Down-sloping shoulders,http://purl.obolibrary.org/obo/UBERON_0001467,
http://purl.obolibrary.org/obo/HP_0200040,Epidermoid cyst,http://purl.obolibrary.org/obo/UBERON_0002097,
http://purl.obolibrary.org/obo/HP_0200049,Upper limb hypertonia,http://purl.obolibrary.org/obo/UBERON_0001499,
http://purl.obolibrary.org/obo/HP_0200053,Hemihypotrophy of lower limb,http://purl.obolibrary.org/obo/UBERON_0000978,
http://purl.obolibrary.org/obo/HP_0200055,Small hand,http://purl.obolibrary.org/obo/UBERON_0002398,
http://purl.obolibrary.org/obo/HP_0200064,Asymmetry of iris pigmentation,http://purl.obolibrary.org/obo/UBERON_0001769,
http://purl.obolibrary.org/obo/HP_0200065,Chorioretinal degeneration,http://purl.obolibrary.org/obo/UBERON_0000966,
http://purl.obolibrary.org/obo/HP_0200065,Chorioretinal degeneration,http://purl.obolibrary.org/obo/UBERON_0001776,
http://purl.obolibrary.org/obo/HP_0200098,Absent skin pigmentation,http://purl.obolibrary.org/obo/UBERON_0002097,
http://purl.obolibrary.org/obo/HP_0200104,Absent fifth fingernail,http://purl.obolibrary.org/obo/UBERON_0011277,
http://purl.obolibrary.org/obo/HP_0200105,Absent fifth toenail,http://purl.obolibrary.org/obo/UBERON_0011282,
http://purl.obolibrary.org/obo/HP_0200147,Neuronal loss in basal ganglia,,http://purl.obolibrary.org/obo/CL_0000540
http://purl.obolibrary.org/obo/HP_0200153,Agenesis of lateral incisor,http://purl.obolibrary.org/obo/UBERON_0018552,
http://purl.obolibrary.org/obo/HP_0200154,Agenesis of mandibular lateral incisor,http://purl.obolibrary.org/obo/UBERON_0018602,
http://purl.obolibrary.org/obo/HP_0200158,Agenesis of permanent mandibular lateral incisor,http://purl.obolibrary.org/obo/UBERON_0018570,
http://purl.obolibrary.org/obo/HP_0200159,Agenesis of primary mandibular lateral incisor,http://purl.obolibrary.org/obo/UBERON_0018596,
http://purl.obolibrary.org/obo/HP_0200160,Agenesis of maxillary incisor,http://purl.obolibrary.org/obo/UBERON_0003450,
http://purl.obolibrary.org/obo/HP_0200161,Agenesis of mandibular incisor,http://purl.obolibrary.org/obo/UBERON_0003451,
http://purl.obolibrary.org/obo/HP_0400000,Tall chin,http://purl.obolibrary.org/obo/UBERON_0008199,
http://purl.obolibrary.org/obo/HP_0400002,Extra concha fold,http://purl.obolibrary.org/obo/UBERON_0006203,
http://purl.obolibrary.org/obo/HP_0400004,Long ear,http://purl.obolibrary.org/obo/UBERON_0001691,
http://purl.obolibrary.org/obo/HP_0400005,Short ear,http://purl.obolibrary.org/obo/UBERON_0001691,
http://purl.obolibrary.org/obo/HP_0410000,Abnormal vomer morphology,http://purl.obolibrary.org/obo/UBERON_0002396,
http://purl.obolibrary.org/obo/HP_0410005,Cleft hard palate,http://purl.obolibrary.org/obo/UBERON_0003216,
http://purl.obolibrary.org/obo/HP_0410006,Abnormality of ophthalmic artery,http://purl.obolibrary.org/obo/UBERON_0001619,
http://purl.obolibrary.org/obo/HP_0410008,Abnormality of the peripheral nervous system,http://purl.obolibrary.org/obo/UBERON_0000010,
http://purl.obolibrary.org/obo/HP_0410009,Abnormality of the somatic nervous system,http://purl.obolibrary.org/obo/UBERON_0000012,
http://purl.obolibrary.org/obo/HP_0410010,Abnormality of somatic nerve plexus,http://purl.obolibrary.org/obo/UBERON_0001813,
http://purl.obolibrary.org/obo/HP_0410011,Abnormality of masticatory muscle,http://purl.obolibrary.org/obo/UBERON_0003681,
http://purl.obolibrary.org/obo/HP_0410012,Abnormal mouth floor morphology,http://purl.obolibrary.org/obo/UBERON_0003679,
http://purl.obolibrary.org/obo/HP_0410014,Abnormal ganglion morphology,http://purl.obolibrary.org/obo/UBERON_0000045,
http://purl.obolibrary.org/obo/HP_0410015,Abnormal peripheral nervous system ganglion morphology,http://purl.obolibrary.org/obo/UBERON_0003338,
http://purl.obolibrary.org/obo/HP_0410016,Abnormal cranial ganglion morphology,http://purl.obolibrary.org/obo/UBERON_0001714,
http://purl.obolibrary.org/obo/HP_0410026,Abnormal periodontium morphology,http://purl.obolibrary.org/obo/UBERON_0001758,
http://purl.obolibrary.org/obo/HP_0410030,Cleft lip,http://purl.obolibrary.org/obo/UBERON_0001833,
http://purl.obolibrary.org/obo/HP_0410042,Abnormal liver morphology,http://purl.obolibrary.org/obo/UBERON_0002107,
http://purl.obolibrary.org/obo/HP_0410043,Abnormal neural tube morphology,http://purl.obolibrary.org/obo/UBERON_0001049,
http://purl.obolibrary.org/obo/HP_0410050,"Decreased level of 1,5 anhydroglucitol in serum",http://purl.obolibrary.org/obo/UBERON_0001977,
http://purl.obolibrary.org/obo/HP_0410051,Increased level of 3-hydroxy-3-methylglutaric acid in urine,http://purl.obolibrary.org/obo/UBERON_0001088,
http://purl.obolibrary.org/obo/HP_0410052,Increased level of allantoin in serum,http://purl.obolibrary.org/obo/UBERON_0001977,
http://purl.obolibrary.org/obo/HP_0410053,Elevated circulating gamma-aminobutyric acid concentration,http://purl.obolibrary.org/obo/UBERON_0001977,
http://purl.obolibrary.org/obo/HP_0410054,Decreased circulating GABA concentration,http://purl.obolibrary.org/obo/UBERON_0001977,
http://purl.obolibrary.org/obo/HP_0410055,Decreased level of erythritol in urine,http://purl.obolibrary.org/obo/UBERON_0001088,
http://purl.obolibrary.org/obo/HP_0410056,Decreased CSF erythritol concentration,http://purl.obolibrary.org/obo/UBERON_0001359,
http://purl.obolibrary.org/obo/HP_0410057,Increased level of D-threitol in plasma,http://purl.obolibrary.org/obo/UBERON_0001969,
http://purl.obolibrary.org/obo/HP_0410058,Increased CSF D-threitol concentration,http://purl.obolibrary.org/obo/UBERON_0001359,
http://purl.obolibrary.org/obo/HP_0410059,Increased level of D-threitol in urine,http://purl.obolibrary.org/obo/UBERON_0001088,
http://purl.obolibrary.org/obo/HP_0410060,Decreased level of D-mannose in urine,http://purl.obolibrary.org/obo/UBERON_0001088,
http://purl.obolibrary.org/obo/HP_0410061,Increased level of galactitol in plasma,http://purl.obolibrary.org/obo/UBERON_0001969,
http://purl.obolibrary.org/obo/HP_0410062,Increased level of galactitol in urine,http://purl.obolibrary.org/obo/UBERON_0001088,
http://purl.obolibrary.org/obo/HP_0410063,Increased level of galactonate in red blood cells,,http://purl.obolibrary.org/obo/CL_0000232
http://purl.obolibrary.org/obo/HP_0410064,Increased level of galactitol in red blood cells,,http://purl.obolibrary.org/obo/CL_0000232
http://purl.obolibrary.org/obo/HP_0410065,Increased level of hippuric acid in blood,http://purl.obolibrary.org/obo/UBERON_0000178,
http://purl.obolibrary.org/obo/HP_0410066,Increased level of hippuric acid in urine,http://purl.obolibrary.org/obo/UBERON_0001088,
http://purl.obolibrary.org/obo/HP_0410067,Increased level of L-fucose in urine,http://purl.obolibrary.org/obo/UBERON_0001088,
http://purl.obolibrary.org/obo/HP_0410069,Increased level of propylene glycol in blood,http://purl.obolibrary.org/obo/UBERON_0000178,
http://purl.obolibrary.org/obo/HP_0410070,Increased level of ribitol in urine,http://purl.obolibrary.org/obo/UBERON_0001088,
http://purl.obolibrary.org/obo/HP_0410071,Increased CSF ribitol concentration,http://purl.obolibrary.org/obo/UBERON_0001359,
http://purl.obolibrary.org/obo/HP_0410072,Increased level of ribose in urine,http://purl.obolibrary.org/obo/UBERON_0001088,
http://purl.obolibrary.org/obo/HP_0410073,Increased CSF ribose concentration,http://purl.obolibrary.org/obo/UBERON_0001359,
http://purl.obolibrary.org/obo/HP_0410074,Increased level of xylitol in urine,http://purl.obolibrary.org/obo/UBERON_0001088,
http://purl.obolibrary.org/obo/HP_0410075,Increased CSF xylitol concentration,http://purl.obolibrary.org/obo/UBERON_0001359,
http://purl.obolibrary.org/obo/HP_0410132,Increased level of L-pyroglutamic acid in urine,http://purl.obolibrary.org/obo/UBERON_0001088,
http://purl.obolibrary.org/obo/HP_0410153,Increased level of methylsuccinic acid in urine,http://purl.obolibrary.org/obo/UBERON_0001088,
http://purl.obolibrary.org/obo/HP_0410154,Increased level of myristic acid in serum,http://purl.obolibrary.org/obo/UBERON_0001977,
http://purl.obolibrary.org/obo/HP_0410156,Increased level of N-acetylneuraminic acid in urine,http://purl.obolibrary.org/obo/UBERON_0001088,
http://purl.obolibrary.org/obo/HP_0410157,Increased level of N-acetylneuraminic acid in fibroblasts,,http://purl.obolibrary.org/obo/CL_0000057
http://purl.obolibrary.org/obo/HP_0410167,Abnormal morphology of the chest musculature,http://purl.obolibrary.org/obo/UBERON_0002426,
http://purl.obolibrary.org/obo/HP_0410168,Abnormality of the back musculature,http://purl.obolibrary.org/obo/UBERON_0002324,
http://purl.obolibrary.org/obo/HP_0410169,Abnormal morphology of the shoulder musculature,http://purl.obolibrary.org/obo/UBERON_0004476,
http://purl.obolibrary.org/obo/HP_0410170,Hippocampal atrophy,http://purl.obolibrary.org/obo/UBERON_0002421,
http://purl.obolibrary.org/obo/HP_0410171,Increased cotinine level,http://purl.obolibrary.org/obo/UBERON_0000178,
http://purl.obolibrary.org/obo/HP_0410175,Hyperketonemia,http://purl.obolibrary.org/obo/UBERON_0000178,
http://purl.obolibrary.org/obo/HP_0410177,Abnormal glucose-6-phosphate dehydrogenase level in blood,http://purl.obolibrary.org/obo/UBERON_0000178,
http://purl.obolibrary.org/obo/HP_0410178,Increased glucose-6-phosphate dehydrogenase level in blood,http://purl.obolibrary.org/obo/UBERON_0000178,
http://purl.obolibrary.org/obo/HP_0410179,Decreased glucose-6-phosphate dehydrogenase level in blood,http://purl.obolibrary.org/obo/UBERON_0000178,
http://purl.obolibrary.org/obo/HP_0410183,Abnormal glucose-6-phosphate dehydrogenase level in leukocytes,,http://purl.obolibrary.org/obo/CL_0000738
http://purl.obolibrary.org/obo/HP_0410184,Abnormal glucose-6-phosphate dehydrogenase level in red blood cells,,http://purl.obolibrary.org/obo/CL_0000232
http://purl.obolibrary.org/obo/HP_0410185,Abnormal glucose-6-phosphate dehydrogenase level in tissue,http://purl.obolibrary.org/obo/UBERON_0000479,
http://purl.obolibrary.org/obo/HP_0410186,Increased glucose-6-phosphate dehydrogenase level in tissue,http://purl.obolibrary.org/obo/UBERON_0000479,
http://purl.obolibrary.org/obo/HP_0410187,Decreased glucose-6-phosphate dehydrogenase level in tissue,http://purl.obolibrary.org/obo/UBERON_0000479,
http://purl.obolibrary.org/obo/HP_0410188,Decreased glucose-6-phosphate dehydrogenase level in red blood cells,,http://purl.obolibrary.org/obo/CL_0000232
http://purl.obolibrary.org/obo/HP_0410189,Increased glucose-6-phosphate dehydrogenase level in red blood cells,,http://purl.obolibrary.org/obo/CL_0000232
http://purl.obolibrary.org/obo/HP_0410190,Decreased glucose-6-phosphate dehydrogenase level in leukocytes,,http://purl.obolibrary.org/obo/CL_0000738
http://purl.obolibrary.org/obo/HP_0410191,Increased glucose-6-phosphate dehydrogenase level in leukocytes,,http://purl.obolibrary.org/obo/CL_0000738
http://purl.obolibrary.org/obo/HP_0410193,Abnormal circulating UDP glucose-4-epimerase concentration,http://purl.obolibrary.org/obo/UBERON_0001969,
http://purl.obolibrary.org/obo/HP_0410194,Increased circulating UDP glucose-4-epimerase concentration,http://purl.obolibrary.org/obo/UBERON_0001969,
http://purl.obolibrary.org/obo/HP_0410195,Decreased circulating UDP glucose-4-epimerase concentration,http://purl.obolibrary.org/obo/UBERON_0001969,
http://purl.obolibrary.org/obo/HP_0410196,Abnormal erythrocyte UDP glucose-4-epimerase concentration,,http://purl.obolibrary.org/obo/CL_0000232
http://purl.obolibrary.org/obo/HP_0410197,Increased erythrocyte UDP glucose-4-epimerase concentration,,http://purl.obolibrary.org/obo/CL_0000232
http://purl.obolibrary.org/obo/HP_0410198,Decreased erythrocyte UDP glucose-4-epimerase concentration,,http://purl.obolibrary.org/obo/CL_0000232
http://purl.obolibrary.org/obo/HP_0410199,Increased CSF urate concentration,http://purl.obolibrary.org/obo/UBERON_0001359,
http://purl.obolibrary.org/obo/HP_0410205,Abnormal circulating nicotinurate concentration,http://purl.obolibrary.org/obo/UBERON_0000178,
http://purl.obolibrary.org/obo/HP_0410206,Increased circulating nicotinurate level,http://purl.obolibrary.org/obo/UBERON_0000178,
http://purl.obolibrary.org/obo/HP_0410209,Folate deficiency in CSF,http://purl.obolibrary.org/obo/UBERON_0001359,
http://purl.obolibrary.org/obo/HP_0410211,Abnormal blood gas level in cord blood,http://purl.obolibrary.org/obo/UBERON_0012168,
http://purl.obolibrary.org/obo/HP_0410212,Hyperoxemia in cord blood,http://purl.obolibrary.org/obo/UBERON_0012168,
http://purl.obolibrary.org/obo/HP_0410213,Hypoxemia in cord blood,http://purl.obolibrary.org/obo/UBERON_0012168,
http://purl.obolibrary.org/obo/HP_0410214,Hypercapnia in cord blood,http://purl.obolibrary.org/obo/UBERON_0012168,
http://purl.obolibrary.org/obo/HP_0410215,Hypocapnia in cord blood,http://purl.obolibrary.org/obo/UBERON_0012168,
http://purl.obolibrary.org/obo/HP_0410240,Abnormal circulating IgA concentration,http://purl.obolibrary.org/obo/UBERON_0000178,
http://purl.obolibrary.org/obo/HP_0410241,Abnormal circulating IgE concentration,http://purl.obolibrary.org/obo/UBERON_0000178,
http://purl.obolibrary.org/obo/HP_0410242,Abnormal circulating IgG concentration,http://purl.obolibrary.org/obo/UBERON_0000178,
http://purl.obolibrary.org/obo/HP_0410243,Abnormal circulating IgM concentration,http://purl.obolibrary.org/obo/UBERON_0000178,
http://purl.obolibrary.org/obo/HP_0410244,Abnormal circulating IgD concentration,http://purl.obolibrary.org/obo/UBERON_0000178,
http://purl.obolibrary.org/obo/HP_0410245,Decreased circulating IgD concentration,http://purl.obolibrary.org/obo/UBERON_0000178,
http://purl.obolibrary.org/obo/HP_0410246,Increased circulating IgD concentration,http://purl.obolibrary.org/obo/UBERON_0000178,
http://purl.obolibrary.org/obo/HP_0410259,Hepatopulmonary fusion,http://purl.obolibrary.org/obo/UBERON_0002048,
http://purl.obolibrary.org/obo/HP_0410259,Hepatopulmonary fusion,http://purl.obolibrary.org/obo/UBERON_0002107,
http://purl.obolibrary.org/obo/HP_0410260,Asymmetrical gluteal crease,http://purl.obolibrary.org/obo/UBERON_0036014,
http://purl.obolibrary.org/obo/HP_0410272,Vulvar hemangioma,http://purl.obolibrary.org/obo/UBERON_0005056,
http://purl.obolibrary.org/obo/HP_0410278,Pituitary gland cyst,http://purl.obolibrary.org/obo/UBERON_0000007,
http://purl.obolibrary.org/obo/HP_0410279,Atrophic pituitary gland,http://purl.obolibrary.org/obo/UBERON_0000007,
http://purl.obolibrary.org/obo/HP_0410282,Abnormal circulating amylase concentration,http://purl.obolibrary.org/obo/UBERON_0000178,
http://purl.obolibrary.org/obo/HP_0410287,Intrathoracic hemangioma,http://purl.obolibrary.org/obo/UBERON_0001443,
http://purl.obolibrary.org/obo/HP_0410288,Hyperamylasemia,http://purl.obolibrary.org/obo/UBERON_0000178,
http://purl.obolibrary.org/obo/HP_0410289,Hypoamylasemia,http://purl.obolibrary.org/obo/UBERON_0000178,
http://purl.obolibrary.org/obo/HP_0410309,Alpha-aminoadipic aciduria,http://purl.obolibrary.org/obo/UBERON_0001088,
http://purl.obolibrary.org/obo/HP_0410310,Abnormality of neutrophil morphology in CSF,,http://purl.obolibrary.org/obo/CL_0000775
http://purl.obolibrary.org/obo/HP_0410313,Abnormal urinary 1-methylhistidine concentration,http://purl.obolibrary.org/obo/UBERON_0001088,
http://purl.obolibrary.org/obo/HP_0410314,Decreased urinary 1-methylhistidine,http://purl.obolibrary.org/obo/UBERON_0001088,
http://purl.obolibrary.org/obo/HP_0410315,Increased urinary 1-methylhistidine,http://purl.obolibrary.org/obo/UBERON_0001088,
http://purl.obolibrary.org/obo/HP_0410316,Abnormal urinary 3-methylhistidine level,http://purl.obolibrary.org/obo/UBERON_0001088,
http://purl.obolibrary.org/obo/HP_0410317,Increased urinary 3-methylhistidine,http://purl.obolibrary.org/obo/UBERON_0001088,
http://purl.obolibrary.org/obo/HP_0410318,Decreased urinary 3-methylhistidine,http://purl.obolibrary.org/obo/UBERON_0001088,
http://purl.obolibrary.org/obo/HP_0410341,Abnormal circulating heparan sulfate level,http://purl.obolibrary.org/obo/UBERON_0000178,
http://purl.obolibrary.org/obo/HP_0410342,Increased circulating heparan sulfate level,http://purl.obolibrary.org/obo/UBERON_0000178,
http://purl.obolibrary.org/obo/HP_0410343,Decreased circulating heparan sulfate level,http://purl.obolibrary.org/obo/UBERON_0000178,
http://purl.obolibrary.org/obo/HP_0410373,Abnormal naive CD4-positive T cell proportion,,http://purl.obolibrary.org/obo/CL_0000084
http://purl.obolibrary.org/obo/HP_0410375,Increased naive CD4-positive T cell proportion,,http://purl.obolibrary.org/obo/CL_0000084
http://purl.obolibrary.org/obo/HP_0410378,Decreased naive CD4-positive T cell proportion,,http://purl.obolibrary.org/obo/CL_0000084
http://purl.obolibrary.org/obo/HP_0410379,Abnormal CD4+ memory T cell proportion,,http://purl.obolibrary.org/obo/CL_0000084
http://purl.obolibrary.org/obo/HP_0410380,Abnormal CD8+ memory T cell proportion,,http://purl.obolibrary.org/obo/CL_0000084
http://purl.obolibrary.org/obo/HP_0410383,Abnormal effector memory CD8+ T cell proportion,,http://purl.obolibrary.org/obo/CL_0000084
http://purl.obolibrary.org/obo/HP_0410384,Abnormal central memory CD8+ T cell proportion,,http://purl.obolibrary.org/obo/CL_0000084
http://purl.obolibrary.org/obo/HP_0410385,Decreased CD8+ memory T cell proportion,,http://purl.obolibrary.org/obo/CL_0000084
http://purl.obolibrary.org/obo/HP_0410386,Decreased proportion of CD4-positive memory T cells,,http://purl.obolibrary.org/obo/CL_0000084
http://purl.obolibrary.org/obo/HP_0410389,Decreased central memory CD8+ T cell proportion,,http://purl.obolibrary.org/obo/CL_0000084
http://purl.obolibrary.org/obo/HP_0410390,Decreased effector memory CD8+ T cell proportion,,http://purl.obolibrary.org/obo/CL_0000084
http://purl.obolibrary.org/obo/HP_0410391,Increased CD4+ memory T cell proportion,,http://purl.obolibrary.org/obo/CL_0000084
http://purl.obolibrary.org/obo/HP_0410392,Increased CD8+ memory T cell proportion,,http://purl.obolibrary.org/obo/CL_0000084
http://purl.obolibrary.org/obo/HP_0410395,Increased effector memory CD8+ T cell proportion,,http://purl.obolibrary.org/obo/CL_0000084
http://purl.obolibrary.org/obo/HP_0410396,Increased central memory CD8+ T cell proportion,,http://purl.obolibrary.org/obo/CL_0000084
http://purl.obolibrary.org/obo/HP_0410400,Absent sebaceous glands,http://purl.obolibrary.org/obo/UBERON_0001821,
http://purl.obolibrary.org/obo/HP_0430000,Abnormal frontal bone morphology,http://purl.obolibrary.org/obo/UBERON_0000209,
http://purl.obolibrary.org/obo/HP_0430002,Abnormal lacrimal bone morphology,http://purl.obolibrary.org/obo/UBERON_0001680,
http://purl.obolibrary.org/obo/HP_0430003,Abnormal palatine bone morphology,http://purl.obolibrary.org/obo/UBERON_0001682,
http://purl.obolibrary.org/obo/HP_0430005,Abnormal ethmoid bone morphology,http://purl.obolibrary.org/obo/UBERON_0001679,
http://purl.obolibrary.org/obo/HP_0430006,Ectopic cilia of eyelid,http://purl.obolibrary.org/obo/UBERON_0001702,
http://purl.obolibrary.org/obo/HP_0430008,Accessory eyelid,http://purl.obolibrary.org/obo/UBERON_0001711,
http://purl.obolibrary.org/obo/HP_0430009,Hypoplasia of eyelid,http://purl.obolibrary.org/obo/UBERON_0001711,
http://purl.obolibrary.org/obo/HP_0430011,Defect of palpebral conjunctiva,http://purl.obolibrary.org/obo/UBERON_0001812,
http://purl.obolibrary.org/obo/HP_0430013,Absent palatine bone ossification,http://purl.obolibrary.org/obo/UBERON_0001682,
http://purl.obolibrary.org/obo/HP_0430015,Abnormal morphology of musculature of pharynx,http://purl.obolibrary.org/obo/UBERON_0004467,
http://purl.obolibrary.org/obo/HP_0430017,Abnormality of uvular muscle,http://purl.obolibrary.org/obo/UBERON_0010235,
http://purl.obolibrary.org/obo/HP_0430018,Abnormality of nasal musculature,http://purl.obolibrary.org/obo/UBERON_0008522,
http://purl.obolibrary.org/obo/HP_0430022,Abnormality of the sphenoid sinus,http://purl.obolibrary.org/obo/UBERON_0001724,
http://purl.obolibrary.org/obo/HP_0430023,Abnormality of the maxillary sinus,http://purl.obolibrary.org/obo/UBERON_0001764,
http://purl.obolibrary.org/obo/HP_0430028,Hyperplasia of the maxilla,http://purl.obolibrary.org/obo/UBERON_0002397,
http://purl.obolibrary.org/obo/HP_0430029,Hyperplasia of the premaxilla,http://purl.obolibrary.org/obo/UBERON_0002244,
http://purl.obolibrary.org/obo/HP_0430071,Abnormal circulating organic compound concentration,http://purl.obolibrary.org/obo/UBERON_0000178,
http://purl.obolibrary.org/obo/HP_0430072,Abnormal circulating beta-carotene concentration,http://purl.obolibrary.org/obo/UBERON_0000178,
http://purl.obolibrary.org/obo/HP_0430073,Decreased circulating beta-carotene concentration,http://purl.obolibrary.org/obo/UBERON_0000178,
http://purl.obolibrary.org/obo/HP_0430074,Increased circulating beta-carotene concentration,http://purl.obolibrary.org/obo/UBERON_0000178,
http://purl.obolibrary.org/obo/HP_0500006,Urethritis,http://purl.obolibrary.org/obo/UBERON_0000057,
http://purl.obolibrary.org/obo/HP_0500012,Abnormal gonadotropin-releasing hormone concentration,http://purl.obolibrary.org/obo/UBERON_0000178,
http://purl.obolibrary.org/obo/HP_0500022,Abnormal circulating dehydroepiandrosterone concentration,http://purl.obolibrary.org/obo/UBERON_0000178,
http://purl.obolibrary.org/obo/HP_0500023,Shoulder muscle aplasia,http://purl.obolibrary.org/obo/UBERON_0004476,
http://purl.obolibrary.org/obo/HP_0500024,Aplasia of the musculature of the pelvis,http://purl.obolibrary.org/obo/UBERON_0001325,
http://purl.obolibrary.org/obo/HP_0500026,Hypoplasia of the musculature of the pelvis,http://purl.obolibrary.org/obo/UBERON_0001325,
http://purl.obolibrary.org/obo/HP_0500027,Aplastic colon,http://purl.obolibrary.org/obo/UBERON_0001155,
http://purl.obolibrary.org/obo/HP_0500030,Abnormal hepatic glycogen storage,http://purl.obolibrary.org/obo/UBERON_0002107,
http://purl.obolibrary.org/obo/HP_0500031,Sclerosis of the carpal bones,http://purl.obolibrary.org/obo/UBERON_0001435,
http://purl.obolibrary.org/obo/HP_0500034,Nasolacrimal sac obstruction,http://purl.obolibrary.org/obo/UBERON_0001351,
http://purl.obolibrary.org/obo/HP_0500035,Nasolacrimal sac granuloma,http://purl.obolibrary.org/obo/UBERON_0001351,
http://purl.obolibrary.org/obo/HP_0500117,Abnormal CSF urate concentration,http://purl.obolibrary.org/obo/UBERON_0001359,
http://purl.obolibrary.org/obo/HP_0500132,Hypovalinemia,http://purl.obolibrary.org/obo/UBERON_0000178,
http://purl.obolibrary.org/obo/HP_0500133,Hypotyrosinemia,http://purl.obolibrary.org/obo/UBERON_0000178,
http://purl.obolibrary.org/obo/HP_0500134,Hypertryptophanemia,http://purl.obolibrary.org/obo/UBERON_0000178,
http://purl.obolibrary.org/obo/HP_0500135,Hypotryptophanemia,http://purl.obolibrary.org/obo/UBERON_0000178,
http://purl.obolibrary.org/obo/HP_0500136,Hypothreoninemia,http://purl.obolibrary.org/obo/UBERON_0000178,
http://purl.obolibrary.org/obo/HP_0500138,Hyperserinemia,http://purl.obolibrary.org/obo/UBERON_0000178,
http://purl.obolibrary.org/obo/HP_0500139,Hypoprolinemia,http://purl.obolibrary.org/obo/UBERON_0000178,
http://purl.obolibrary.org/obo/HP_0500140,Decreased circulating hydroxyproline concentration,http://purl.obolibrary.org/obo/UBERON_0000178,
http://purl.obolibrary.org/obo/HP_0500141,Hypophenylalaninemia,http://purl.obolibrary.org/obo/UBERON_0000178,
http://purl.obolibrary.org/obo/HP_0500142,Hypolysinemia,http://purl.obolibrary.org/obo/UBERON_0000178,
http://purl.obolibrary.org/obo/HP_0500143,Hypoleucinemia,http://purl.obolibrary.org/obo/UBERON_0000178,
http://purl.obolibrary.org/obo/HP_0500144,Hypoisoleucinemia,http://purl.obolibrary.org/obo/UBERON_0000178,
http://purl.obolibrary.org/obo/HP_0500145,Hypohistidinemia,http://purl.obolibrary.org/obo/UBERON_0000178,
http://purl.obolibrary.org/obo/HP_0500147,Hypoglutaminemia,http://purl.obolibrary.org/obo/UBERON_0000178,
http://purl.obolibrary.org/obo/HP_0500148,Abnormal circulating glutamate concentration,http://purl.obolibrary.org/obo/UBERON_0000178,
http://purl.obolibrary.org/obo/HP_0500149,Hyperglutamatemia,http://purl.obolibrary.org/obo/UBERON_0000178,
http://purl.obolibrary.org/obo/HP_0500150,Hypoglutamatemia,http://purl.obolibrary.org/obo/UBERON_0000178,
http://purl.obolibrary.org/obo/HP_0500151,Hypercystinemia,http://purl.obolibrary.org/obo/UBERON_0000178,
http://purl.obolibrary.org/obo/HP_0500152,Hypocystinemia,http://purl.obolibrary.org/obo/UBERON_0000178,
http://purl.obolibrary.org/obo/HP_0500153,Hyperargininemia,http://purl.obolibrary.org/obo/UBERON_0000178,
http://purl.obolibrary.org/obo/HP_0500154,Hypoalaninemia,http://purl.obolibrary.org/obo/UBERON_0000178,
http://purl.obolibrary.org/obo/HP_0500155,Abnormal circulating asparagine concentration,http://purl.obolibrary.org/obo/UBERON_0000178,
http://purl.obolibrary.org/obo/HP_0500156,Hyperasparaginemia,http://purl.obolibrary.org/obo/UBERON_0000178,
http://purl.obolibrary.org/obo/HP_0500157,Hypoasparaginemia,http://purl.obolibrary.org/obo/UBERON_0000178,
http://purl.obolibrary.org/obo/HP_0500158,Abnormal circulating aspartic acid concentration,http://purl.obolibrary.org/obo/UBERON_0000178,
http://purl.obolibrary.org/obo/HP_0500159,Increased circulating aspartic acid concentration,http://purl.obolibrary.org/obo/UBERON_0000178,
http://purl.obolibrary.org/obo/HP_0500160,Abnormal circulating carnosine concentration,http://purl.obolibrary.org/obo/UBERON_0000178,
http://purl.obolibrary.org/obo/HP_0500161,Increased circulating carnosine concentration,http://purl.obolibrary.org/obo/UBERON_0000178,
http://purl.obolibrary.org/obo/HP_0500162,Decreased circulating carnosine concentration,http://purl.obolibrary.org/obo/UBERON_0000178,
http://purl.obolibrary.org/obo/HP_0500163,Hypoornithinemia,http://purl.obolibrary.org/obo/UBERON_0000178,
http://purl.obolibrary.org/obo/HP_0500164,Abnormal blood carbon dioxide level,http://purl.obolibrary.org/obo/UBERON_0000178,
http://purl.obolibrary.org/obo/HP_0500165,Abnormal blood oxygen level,http://purl.obolibrary.org/obo/UBERON_0000178,
http://purl.obolibrary.org/obo/HP_0500166,Abnormal circulating gastrin concentration,http://purl.obolibrary.org/obo/UBERON_0000178,
http://purl.obolibrary.org/obo/HP_0500167,Hypergastrinemia,http://purl.obolibrary.org/obo/UBERON_0000178,
http://purl.obolibrary.org/obo/HP_0500180,Abnormal circulating amino sulfonic acid concentration,http://purl.obolibrary.org/obo/UBERON_0000178,
http://purl.obolibrary.org/obo/HP_0500181,Hypertaurinemia,http://purl.obolibrary.org/obo/UBERON_0000178,
http://purl.obolibrary.org/obo/HP_0500182,Hypotaurinemia,http://purl.obolibrary.org/obo/UBERON_0000178,
http://purl.obolibrary.org/obo/HP_0500183,Abnormal CSF carboxylic acid concentration,http://purl.obolibrary.org/obo/UBERON_0001359,
http://purl.obolibrary.org/obo/HP_0500184,Abnormal CSF amino acid concentration,http://purl.obolibrary.org/obo/UBERON_0001359,
http://purl.obolibrary.org/obo/HP_0500185,Abnormal CSF branched chain amino acid concentration,http://purl.obolibrary.org/obo/UBERON_0001359,
http://purl.obolibrary.org/obo/HP_0500186,Abnormal CSF valine concentration,http://purl.obolibrary.org/obo/UBERON_0001359,
http://purl.obolibrary.org/obo/HP_0500187,Increased CSF valine concentration,http://purl.obolibrary.org/obo/UBERON_0001359,
http://purl.obolibrary.org/obo/HP_0500188,Decreased CSF valine concentration,http://purl.obolibrary.org/obo/UBERON_0001359,
http://purl.obolibrary.org/obo/HP_0500189,Abnormal CSF leucine concentration,http://purl.obolibrary.org/obo/UBERON_0001359,
http://purl.obolibrary.org/obo/HP_0500190,Decreased CSF leucine concentration,http://purl.obolibrary.org/obo/UBERON_0001359,
http://purl.obolibrary.org/obo/HP_0500191,Increased CSF leucine concentration,http://purl.obolibrary.org/obo/UBERON_0001359,
http://purl.obolibrary.org/obo/HP_0500192,Abnormal CSF isoleucine concentration,http://purl.obolibrary.org/obo/UBERON_0001359,
http://purl.obolibrary.org/obo/HP_0500193,Increased CSF isoleucine concentration,http://purl.obolibrary.org/obo/UBERON_0001359,
http://purl.obolibrary.org/obo/HP_0500194,Decreased CSF isoleucine concentration,http://purl.obolibrary.org/obo/UBERON_0001359,
http://purl.obolibrary.org/obo/HP_0500195,Abnormal CSF glutamine family amino acid concentration,http://purl.obolibrary.org/obo/UBERON_0001359,
http://purl.obolibrary.org/obo/HP_0500196,Abnormal CSF glutamine concentration,http://purl.obolibrary.org/obo/UBERON_0001359,
http://purl.obolibrary.org/obo/HP_0500197,Increased CSF glutamine concentration,http://purl.obolibrary.org/obo/UBERON_0001359,
http://purl.obolibrary.org/obo/HP_0500198,Decreased CSF glutamine concentration,http://purl.obolibrary.org/obo/UBERON_0001359,
http://purl.obolibrary.org/obo/HP_0500199,Abnormal CSF glutamate concentration,http://purl.obolibrary.org/obo/UBERON_0001359,
http://purl.obolibrary.org/obo/HP_0500200,Increased CSF glutamate concentration,http://purl.obolibrary.org/obo/UBERON_0001359,
http://purl.obolibrary.org/obo/HP_0500201,Decreased CSF glutamate concentration,http://purl.obolibrary.org/obo/UBERON_0001359,
http://purl.obolibrary.org/obo/HP_0500202,Abnormal CSF arginine concentration,http://purl.obolibrary.org/obo/UBERON_0001359,
http://purl.obolibrary.org/obo/HP_0500203,Increased CSF arginine concentration,http://purl.obolibrary.org/obo/UBERON_0001359,
http://purl.obolibrary.org/obo/HP_0500204,Decreased CSF arginine concentration,http://purl.obolibrary.org/obo/UBERON_0001359,
http://purl.obolibrary.org/obo/HP_0500205,Abnormal CSF aspartate family amino acid concentration,http://purl.obolibrary.org/obo/UBERON_0001359,
http://purl.obolibrary.org/obo/HP_0500206,Abnormal CSF lysine concentration,http://purl.obolibrary.org/obo/UBERON_0001359,
http://purl.obolibrary.org/obo/HP_0500207,Decreased CSF lysine concentration,http://purl.obolibrary.org/obo/UBERON_0001359,
http://purl.obolibrary.org/obo/HP_0500208,Increased CSF lysine concentration,http://purl.obolibrary.org/obo/UBERON_0001359,
http://purl.obolibrary.org/obo/HP_0500209,Abnormal CSF methionine concentration,http://purl.obolibrary.org/obo/UBERON_0001359,
http://purl.obolibrary.org/obo/HP_0500210,Increased CSF methionine concentration,http://purl.obolibrary.org/obo/UBERON_0001359,
http://purl.obolibrary.org/obo/HP_0500211,Abnormal CSF threonine concentration,http://purl.obolibrary.org/obo/UBERON_0001359,
http://purl.obolibrary.org/obo/HP_0500212,Increased CSF threonine concentration,http://purl.obolibrary.org/obo/UBERON_0001359,
http://purl.obolibrary.org/obo/HP_0500213,Decreased CSF threonine concentration,http://purl.obolibrary.org/obo/UBERON_0001359,
http://purl.obolibrary.org/obo/HP_0500214,Abnormal CSF aromatic amino acid concentration,http://purl.obolibrary.org/obo/UBERON_0001359,
http://purl.obolibrary.org/obo/HP_0500215,Abnormal CSF phenylalanine concentration,http://purl.obolibrary.org/obo/UBERON_0001359,
http://purl.obolibrary.org/obo/HP_0500218,Abnormal CSF tryptophan concentration,http://purl.obolibrary.org/obo/UBERON_0001359,
http://purl.obolibrary.org/obo/HP_0500219,Abnormal CSF tyrosine concentration,http://purl.obolibrary.org/obo/UBERON_0001359,
http://purl.obolibrary.org/obo/HP_0500220,Increased CSF tyrosine concentration,http://purl.obolibrary.org/obo/UBERON_0001359,
http://purl.obolibrary.org/obo/HP_0500221,Decreased CSF tyrosine concentration,http://purl.obolibrary.org/obo/UBERON_0001359,
http://purl.obolibrary.org/obo/HP_0500222,Increased CSF tryptophan concentration,http://purl.obolibrary.org/obo/UBERON_0001359,
http://purl.obolibrary.org/obo/HP_0500223,Increased CSF phenylalanine concentration,http://purl.obolibrary.org/obo/UBERON_0001359,
http://purl.obolibrary.org/obo/HP_0500224,Decreased CSF phenylalanine concentration,http://purl.obolibrary.org/obo/UBERON_0001359,
http://purl.obolibrary.org/obo/HP_0500225,Abnormal CSF serine family amino acid concentration,http://purl.obolibrary.org/obo/UBERON_0001359,
http://purl.obolibrary.org/obo/HP_0500226,Abnormal CSF serine concentration,http://purl.obolibrary.org/obo/UBERON_0001359,
http://purl.obolibrary.org/obo/HP_0500227,Increased CSF serine concentration,http://purl.obolibrary.org/obo/UBERON_0001359,
http://purl.obolibrary.org/obo/HP_0500228,Decreased CSF serine concentration,http://purl.obolibrary.org/obo/UBERON_0001359,
http://purl.obolibrary.org/obo/HP_0500229,Abnormal CSF glycine concentration,http://purl.obolibrary.org/obo/UBERON_0001359,
http://purl.obolibrary.org/obo/HP_0500230,Increased CSF glycine concentration,http://purl.obolibrary.org/obo/UBERON_0001359,
http://purl.obolibrary.org/obo/HP_0500231,Abnormal CSF pyruvate family amino acid concentration,http://purl.obolibrary.org/obo/UBERON_0001359,
http://purl.obolibrary.org/obo/HP_0500232,Abnormal CSF alanine concentration,http://purl.obolibrary.org/obo/UBERON_0001359,
http://purl.obolibrary.org/obo/HP_0500233,Increased CSF alanine concentration,http://purl.obolibrary.org/obo/UBERON_0001359,
http://purl.obolibrary.org/obo/HP_0500234,Decreased CSF alanine concentration,http://purl.obolibrary.org/obo/UBERON_0001359,
http://purl.obolibrary.org/obo/HP_0500235,Abnormal CSF histidine concentration,http://purl.obolibrary.org/obo/UBERON_0001359,
http://purl.obolibrary.org/obo/HP_0500236,Increased CSF histidine concentration,http://purl.obolibrary.org/obo/UBERON_0001359,
http://purl.obolibrary.org/obo/HP_0500237,Decreased CSF histidine concentration,http://purl.obolibrary.org/obo/UBERON_0001359,
http://purl.obolibrary.org/obo/HP_0500238,Abnormal CSF albumin concentration,http://purl.obolibrary.org/obo/UBERON_0001359,
http://purl.obolibrary.org/obo/HP_0500239,Increased CSF albumin concentration,http://purl.obolibrary.org/obo/UBERON_0001359,
http://purl.obolibrary.org/obo/HP_0500240,Abnormal CSF carnosine concentration,http://purl.obolibrary.org/obo/UBERON_0001359,
http://purl.obolibrary.org/obo/HP_0500241,Abnormal CSF homocarnosine concentration,http://purl.obolibrary.org/obo/UBERON_0001359,
http://purl.obolibrary.org/obo/HP_0500242,Increased CSF homocarnosine concentration,http://purl.obolibrary.org/obo/UBERON_0001359,
http://purl.obolibrary.org/obo/HP_0500243,Abnormal CSF ornithine concentration,http://purl.obolibrary.org/obo/UBERON_0001359,
http://purl.obolibrary.org/obo/HP_0500244,Increased CSF ornithine concentration,http://purl.obolibrary.org/obo/UBERON_0001359,
http://purl.obolibrary.org/obo/HP_0500245,Abnormal CSF citrulline concentration,http://purl.obolibrary.org/obo/UBERON_0001359,
http://purl.obolibrary.org/obo/HP_0500246,Increased CSF citrulline concentration,http://purl.obolibrary.org/obo/UBERON_0001359,
http://purl.obolibrary.org/obo/HP_0500247,Abnormal CSF alpha-aminobutyrate concentration,http://purl.obolibrary.org/obo/UBERON_0001359,
http://purl.obolibrary.org/obo/HP_0500248,Increased CSF alpha-aminobutyrate concentration,http://purl.obolibrary.org/obo/UBERON_0001359,
http://purl.obolibrary.org/obo/HP_0500249,Abnormal circulating ethanolamine concentration,http://purl.obolibrary.org/obo/UBERON_0000178,
http://purl.obolibrary.org/obo/HP_0500250,Increased circulating ethanolamine concentration,http://purl.obolibrary.org/obo/UBERON_0000178,
http://purl.obolibrary.org/obo/HP_0500251,Abnormal urine sebacic acid concentration,http://purl.obolibrary.org/obo/UBERON_0001088,
http://purl.obolibrary.org/obo/HP_0500252,Increased urine sebacic acid concentration,http://purl.obolibrary.org/obo/UBERON_0001088,
http://purl.obolibrary.org/obo/HP_0500253,Increased level of gamma-aminobutyric acid in urine,http://purl.obolibrary.org/obo/UBERON_0001088,
http://purl.obolibrary.org/obo/HP_0500254,Abnormal urine hexanoylglycine concentration,http://purl.obolibrary.org/obo/UBERON_0001088,
http://purl.obolibrary.org/obo/HP_0500256,Abnormal urine isobutyrylglycine concentration,http://purl.obolibrary.org/obo/UBERON_0001088,
http://purl.obolibrary.org/obo/HP_0500257,Increased urine isobutyrylglycine concentration,http://purl.obolibrary.org/obo/UBERON_0001088,
http://purl.obolibrary.org/obo/HP_0500258,Abnormal carbon dioxide level in cord blood,http://purl.obolibrary.org/obo/UBERON_0012168,
http://purl.obolibrary.org/obo/HP_0500259,Abnormal oxygen level in cord blood,http://purl.obolibrary.org/obo/UBERON_0012168,
http://purl.obolibrary.org/obo/HP_0500262,Atrichia,,http://purl.obolibrary.org/obo/CL_0002559
http://purl.obolibrary.org/obo/HP_0500265,Increased CD8+ TEMRA T cell proportion,,http://purl.obolibrary.org/obo/CL_0000084
http://purl.obolibrary.org/obo/HP_0500266,Decreased CD8+ TEMRA T cell proportion,,http://purl.obolibrary.org/obo/CL_0000084
http://purl.obolibrary.org/obo/HP_0500270,Increased gamma-delta T cell proportion,,http://purl.obolibrary.org/obo/CL_0000084
http://purl.obolibrary.org/obo/HP_0500271,Decreased gamma-delta T cell proportion,,http://purl.obolibrary.org/obo/CL_0000084
http://purl.obolibrary.org/obo/HP_0500273,Increased proportion of immature gamma-delta T cells,,http://purl.obolibrary.org/obo/CL_0000084
http://purl.obolibrary.org/obo/HP_0500274,Decreased proportion of immature gamma-delta T cells,,http://purl.obolibrary.org/obo/CL_0000084
http://purl.obolibrary.org/obo/HP_3000002,Abnormal inner ear epithelium morphology,http://purl.obolibrary.org/obo/UBERON_0006937,
http://purl.obolibrary.org/obo/HP_3000003,Abnormal mandibular ramus morphology,http://purl.obolibrary.org/obo/UBERON_0000401,
http://purl.obolibrary.org/obo/HP_3000004,Abnormal frontalis muscle physiology,http://purl.obolibrary.org/obo/UBERON_0010952,
http://purl.obolibrary.org/obo/HP_3000005,Abnormality of masseter muscle,http://purl.obolibrary.org/obo/UBERON_0001597,
http://purl.obolibrary.org/obo/HP_3000006,Abnormality of medial pterygoid muscle,http://purl.obolibrary.org/obo/UBERON_0006718,
http://purl.obolibrary.org/obo/HP_3000007,Abnormality of mentalis muscle,http://purl.obolibrary.org/obo/UBERON_0008596,
http://purl.obolibrary.org/obo/HP_3000008,Abnormality of mylohyoid muscle,http://purl.obolibrary.org/obo/UBERON_0001564,
http://purl.obolibrary.org/obo/HP_3000009,Abnormality of nasalis muscle,http://purl.obolibrary.org/obo/UBERON_0010953,
http://purl.obolibrary.org/obo/HP_3000010,Abnormality of orbicularis oris muscle,http://purl.obolibrary.org/obo/UBERON_0010933,
http://purl.obolibrary.org/obo/HP_3000011,Abnormality of palatoglossus muscle,http://purl.obolibrary.org/obo/UBERON_0001574,
http://purl.obolibrary.org/obo/HP_3000012,Abnormality of palatopharyngeus muscle,http://purl.obolibrary.org/obo/UBERON_0010234,
http://purl.obolibrary.org/obo/HP_3000013,Abnormal platysma muscle morphology,http://purl.obolibrary.org/obo/UBERON_0005467,
http://purl.obolibrary.org/obo/HP_3000014,Abnormality of procerus muscle,http://purl.obolibrary.org/obo/UBERON_0008588,
http://purl.obolibrary.org/obo/HP_3000015,Abnormality of risorius muscle,http://purl.obolibrary.org/obo/UBERON_0008598,
http://purl.obolibrary.org/obo/HP_3000016,Abnormality of styloglossus muscle,http://purl.obolibrary.org/obo/UBERON_0001573,
http://purl.obolibrary.org/obo/HP_3000017,Abnormality of temporalis muscle,http://purl.obolibrary.org/obo/UBERON_0001598,
http://purl.obolibrary.org/obo/HP_3000018,Abnormality of zygomaticus major muscle,http://purl.obolibrary.org/obo/UBERON_0008593,
http://purl.obolibrary.org/obo/HP_3000019,Abnormal buccal mucosa morphology,http://purl.obolibrary.org/obo/UBERON_0006956,
http://purl.obolibrary.org/obo/HP_3000019,Abnormal buccal mucosa morphology,http://purl.obolibrary.org/obo/UBERON_0003729,
http://purl.obolibrary.org/obo/HP_3000020,Abnormality of zygomaticus minor muscle,http://purl.obolibrary.org/obo/UBERON_0008594,
http://purl.obolibrary.org/obo/HP_3000021,Abnormal buccal fat pad morphology,http://purl.obolibrary.org/obo/UBERON_0012167,
http://purl.obolibrary.org/obo/HP_3000022,Abnormal external ear cartilage morphology,http://purl.obolibrary.org/obo/UBERON_0001867,
http://purl.obolibrary.org/obo/HP_3000023,Abnormality of angular artery,http://purl.obolibrary.org/obo/UBERON_0010408,
http://purl.obolibrary.org/obo/HP_3000024,Abnormal facial artery morphology,http://purl.obolibrary.org/obo/UBERON_0001612,
http://purl.obolibrary.org/obo/HP_3000025,Abnormality of ciliary ganglion,http://purl.obolibrary.org/obo/UBERON_0002058,
http://purl.obolibrary.org/obo/HP_3000027,Abnormality of buccinator muscle,http://purl.obolibrary.org/obo/UBERON_0001582,
http://purl.obolibrary.org/obo/HP_3000028,Abnormality of depressor anguli oris muscle,http://purl.obolibrary.org/obo/UBERON_0008597,
http://purl.obolibrary.org/obo/HP_3000029,Abnormality of depressor labii inferioris,http://purl.obolibrary.org/obo/UBERON_0001581,
http://purl.obolibrary.org/obo/HP_3000030,Abnormal morphology of bony orbit of skull,http://purl.obolibrary.org/obo/UBERON_0001697,
http://purl.obolibrary.org/obo/HP_3000031,Abnormality of anterior ethmoidal artery,http://purl.obolibrary.org/obo/UBERON_0012318,
http://purl.obolibrary.org/obo/HP_3000032,Abnormality of central retinal artery,http://purl.obolibrary.org/obo/UBERON_0001620,
http://purl.obolibrary.org/obo/HP_3000033,Abnormal nasopharyngeal adenoid morphology,http://purl.obolibrary.org/obo/UBERON_0001732,
http://purl.obolibrary.org/obo/HP_3000034,Abnormality nasal septum cartilage morphology,http://purl.obolibrary.org/obo/UBERON_0003407,
http://purl.obolibrary.org/obo/HP_3000035,Abnormality of cervical plexus,http://purl.obolibrary.org/obo/UBERON_0003725,
http://purl.obolibrary.org/obo/HP_3000036,Abnormal head blood vessel morphology,http://purl.obolibrary.org/obo/UBERON_0003496,
http://purl.obolibrary.org/obo/HP_3000037,Abnormal neck blood vessel morphology,http://purl.obolibrary.org/obo/UBERON_0003502,
http://purl.obolibrary.org/obo/HP_3000038,Abnormal cricoid cartilage morphology,http://purl.obolibrary.org/obo/UBERON_0002375,
http://purl.obolibrary.org/obo/HP_3000039,Abnormality of dorsal nasal artery,http://purl.obolibrary.org/obo/UBERON_0001623,
http://purl.obolibrary.org/obo/HP_3000040,Abnormality of ethmoid sinus,http://purl.obolibrary.org/obo/UBERON_0002453,
http://purl.obolibrary.org/obo/HP_3000041,Abnormality of external carotid artery,http://purl.obolibrary.org/obo/UBERON_0001070,
http://purl.obolibrary.org/obo/HP_3000042,Abnormal jugular vein morphology,http://purl.obolibrary.org/obo/UBERON_0004711,
http://purl.obolibrary.org/obo/HP_3000043,Abnormal facial vein morphology,http://purl.obolibrary.org/obo/UBERON_0001653,
http://purl.obolibrary.org/obo/HP_3000044,Abnormality of frontal process of maxilla,http://purl.obolibrary.org/obo/UBERON_0013767,
http://purl.obolibrary.org/obo/HP_3000045,Abnormality of genioglossus muscle,http://purl.obolibrary.org/obo/UBERON_0001571,
http://purl.obolibrary.org/obo/HP_3000046,Abnormal geniohyoid muscle morphology,http://purl.obolibrary.org/obo/UBERON_0001565,
http://purl.obolibrary.org/obo/HP_3000047,Abnormal glossopharyngeal nerve morphology,http://purl.obolibrary.org/obo/UBERON_0001649,
http://purl.obolibrary.org/obo/HP_3000048,Abnormal great auricular nerve morphology,http://purl.obolibrary.org/obo/UBERON_0008833,
http://purl.obolibrary.org/obo/HP_3000049,Abnormal greater palatine artery morphology,http://purl.obolibrary.org/obo/UBERON_0006664,
http://purl.obolibrary.org/obo/HP_3000050,Abnormal odontoid tissue morphology,http://purl.obolibrary.org/obo/UBERON_0010365,
http://purl.obolibrary.org/obo/HP_3000051,Abnormal hyoglossus muscle morphology,http://purl.obolibrary.org/obo/UBERON_0001572,
http://purl.obolibrary.org/obo/HP_3000052,Abnormal hyoid bone morphology,http://purl.obolibrary.org/obo/UBERON_0001685,
http://purl.obolibrary.org/obo/HP_3000053,Abnormal hypopharynx morphology,http://purl.obolibrary.org/obo/UBERON_0001051,
http://purl.obolibrary.org/obo/HP_3000054,Abnormal inferior alveolar artery morphology,http://purl.obolibrary.org/obo/UBERON_0014693,
http://purl.obolibrary.org/obo/HP_3000055,Abnormality of inferior alveolar nerve,http://purl.obolibrary.org/obo/UBERON_0018405,
http://purl.obolibrary.org/obo/HP_3000056,Abnormality of artery of lower lip,http://purl.obolibrary.org/obo/UBERON_0003471,
http://purl.obolibrary.org/obo/HP_3000057,Abnormality of inferior oblique extraocular muscle,http://purl.obolibrary.org/obo/UBERON_0006320,
http://purl.obolibrary.org/obo/HP_3000058,Abnormality of inferior rectus extraocular muscle,http://purl.obolibrary.org/obo/UBERON_0006322,
http://purl.obolibrary.org/obo/HP_3000059,Abnormal inferior thyroid vein morphology,http://purl.obolibrary.org/obo/UBERON_0007156,
http://purl.obolibrary.org/obo/HP_3000060,Abnormal infraorbital artery morphology,http://purl.obolibrary.org/obo/UBERON_0004646,
http://purl.obolibrary.org/obo/HP_3000061,Abnormality of infra-orbital nerve,http://purl.obolibrary.org/obo/UBERON_0018408,
http://purl.obolibrary.org/obo/HP_3000062,Abnormal internal carotid artery morphology,http://purl.obolibrary.org/obo/UBERON_0001532,
http://purl.obolibrary.org/obo/HP_3000063,Abnormality of internal jugular vein,http://purl.obolibrary.org/obo/UBERON_0001586,
http://purl.obolibrary.org/obo/HP_3000064,Abnormality of intrinsic muscle of tongue,http://purl.obolibrary.org/obo/UBERON_0001576,
http://purl.obolibrary.org/obo/HP_3000065,Abnormal lacrimal artery morphology,http://purl.obolibrary.org/obo/UBERON_0001622,
http://purl.obolibrary.org/obo/HP_3000066,Abnormal lacrimal sac morphology,http://purl.obolibrary.org/obo/UBERON_0001351,
http://purl.obolibrary.org/obo/HP_3000067,Abnormal lateral cricoarytenoid muscle morphology,http://purl.obolibrary.org/obo/UBERON_0008573,
http://purl.obolibrary.org/obo/HP_3000068,Abnormality of lateral pterygoid muscle,http://purl.obolibrary.org/obo/UBERON_0006719,
http://purl.obolibrary.org/obo/HP_3000069,Abnormality of lateral rectus extra-ocular muscle,http://purl.obolibrary.org/obo/UBERON_0001603,
http://purl.obolibrary.org/obo/HP_3000070,Abnormality of levator anguli oris,http://purl.obolibrary.org/obo/UBERON_0008595,
http://purl.obolibrary.org/obo/HP_3000071,Abnormality of levator labii superioris,http://purl.obolibrary.org/obo/UBERON_0001580,
http://purl.obolibrary.org/obo/HP_3000072,Abnormal levator palpebrae superioris morphology,http://purl.obolibrary.org/obo/UBERON_0001604,
http://purl.obolibrary.org/obo/HP_3000073,Abnormality of levator veli palatini muscle,http://purl.obolibrary.org/obo/UBERON_0008585,
http://purl.obolibrary.org/obo/HP_3000074,Abnormal lingual artery morphology,http://purl.obolibrary.org/obo/UBERON_0001610,
http://purl.obolibrary.org/obo/HP_3000075,Abnormal lingual nerve morphology,http://purl.obolibrary.org/obo/UBERON_0003721,
http://purl.obolibrary.org/obo/HP_3000076,Abnormality of lingual tonsil,http://purl.obolibrary.org/obo/UBERON_0007250,
http://purl.obolibrary.org/obo/HP_3000077,Abnormal mandible condylar process morphology,http://purl.obolibrary.org/obo/UBERON_0004657,
http://purl.obolibrary.org/obo/HP_3000078,Abnormal mandible coronoid process morphology,http://purl.obolibrary.org/obo/UBERON_0004660,
http://purl.obolibrary.org/obo/HP_3000079,Abnormal mandibular symphysis morphology,http://purl.obolibrary.org/obo/UBERON_0006606,
http://purl.obolibrary.org/obo/HP_4000066,Abnormal iliac artery morphology,http://purl.obolibrary.org/obo/UBERON_0005609,
http://purl.obolibrary.org/obo/HP_4000095,Elevated circulating thymine concentration,http://purl.obolibrary.org/obo/UBERON_0000178,
http://purl.obolibrary.org/obo/HP_4000104,Curved dental root,http://purl.obolibrary.org/obo/UBERON_0003677,
http://purl.obolibrary.org/obo/HP_4000213,Elevated circulating hyaluronic acid concentration,http://purl.obolibrary.org/obo/UBERON_0000178,
http://purl.obolibrary.org/obo/HP_6000234,Elevated circulating dihydroxyphenylacetic acid concentration,http://purl.obolibrary.org/obo/UBERON_0000178,
http://purl.obolibrary.org/obo/HP_6000267,Elevated circulating methionine sulfoxide concentration,http://purl.obolibrary.org/obo/UBERON_0000178,
http://purl.obolibrary.org/obo/HP_6000268,Elevated circulating pipecolic acid concentration,http://purl.obolibrary.org/obo/UBERON_0000178,
http://purl.obolibrary.org/obo/HP_6000271,Elevated circulating glycylproline concentration,http://purl.obolibrary.org/obo/UBERON_0000178,
http://purl.obolibrary.org/obo/HP_6000278,Elevated circulating 2-aminoadipic acid concentration,http://purl.obolibrary.org/obo/UBERON_0000178,
