subject,object,predicate,source
http://purl.obolibrary.org/obo/HP_0000003,http://purl.obolibrary.org/obo/UBERON_0002113,https://purl.humanatlas.io/vocab/hp#part_of,https://purl.humanatlas.io/vocab/hp
http://purl.obolibrary.org/obo/HP_0000003,http://purl.obolibrary.org/obo/UBERON_0002113,https://purl.humanatlas.io/vocab/hp#characteristic_of_part_of,https://purl.humanatlas.io/vocab/hp
http://purl.obolibrary.org/obo/HP_0000003,http://purl.obolibrary.org/obo/UBERON_0011143,https://purl.humanatlas.io/vocab/hp#characteristic_of_part_of,https://purl.humanatlas.io/vocab/hp
http://purl.obolibrary.org/obo/HP_0000003,http://purl.obolibrary.org/obo/UBERON_0001008,https://purl.humanatlas.io/vocab/hp#characteristic_of_part_of,https://purl.humanatlas.io/vocab/hp
http://purl.obolibrary.org/obo/HP_0000009,http://purl.obolibrary.org/obo/UBERON_0001255,https://purl.humanatlas.io/vocab/hp#characteristic_of,https://purl.humanatlas.io/vocab/hp
http://purl.obolibrary.org/obo/HP_0000009,http://purl.obolibrary.org/obo/UBERON_0001255,https://purl.humanatlas.io/vocab/hp#characteristic_of_part_of,https://purl.humanatlas.io/vocab/hp
http://purl.obolibrary.org/obo/HP_0000009,http://purl.obolibrary.org/obo/UBERON_0001556,https://purl.humanatlas.io/vocab/hp#characteristic_of_part_of,https://purl.humanatlas.io/vocab/hp
http://purl.obolibrary.org/obo/HP_0000009,http://purl.obolibrary.org/obo/UBERON_0001008,https://purl.humanatlas.io/vocab/hp#characteristic_of_part_of,https://purl.humanatlas.io/vocab/hp
http://purl.obolibrary.org/obo/HP_0000010,http://purl.obolibrary.org/obo/UBERON_0001008,https://purl.humanatlas.io/vocab/hp#characteristic_of,https://purl.humanatlas.io/vocab/hp
http://purl.obolibrary.org/obo/HP_0000010,http://purl.obolibrary.org/obo/UBERON_0001008,https://purl.humanatlas.io/vocab/hp#characteristic_of_part_of,https://purl.humanatlas.io/vocab/hp
http://purl.obolibrary.org/obo/HP_0000011,http://purl.obolibrary.org/obo/UBERON_0001255,https://purl.humanatlas.io/vocab/hp#characteristic_of,https://purl.humanatlas.io/vocab/hp
http://purl.obolibrary.org/obo/HP_0000011,http://purl.obolibrary.org/obo/UBERON_0001255,https://purl.humanatlas.io/vocab/hp#characteristic_of_part_of,https://purl.humanatlas.io/vocab/hp
http://purl.obolibrary.org/obo/HP_0000011,http://purl.obolibrary.org/obo/UBERON_0001556,https://purl.humanatlas.io/vocab/hp#characteristic_of_part_of,https://purl.humanatlas.io/vocab/hp
http://purl.obolibrary.org/obo/HP_0000011,http://purl.obolibrary.org/obo/UBERON_0001008,https://purl.humanatlas.io/vocab/hp#characteristic_of_part_of,https://purl.humanatlas.io/vocab/hp
http://purl.obolibrary.org/obo/HP_0000012,http://purl.obolibrary.org/obo/UBERON_0001255,https://purl.humanatlas.io/vocab/hp#characteristic_of,https://purl.humanatlas.io/vocab/hp
http://purl.obolibrary.org/obo/HP_0000012,http://purl.obolibrary.org/obo/UBERON_0001255,https://purl.humanatlas.io/vocab/hp#characteristic_of_part_of,https://purl.humanatlas.io/vocab/hp
http://purl.obolibrary.org/obo/HP_0000012,http://purl.obolibrary.org/obo/UBERON_0001556,https://purl.humanatlas.io/vocab/hp#characteristic_of_part_of,https://purl.humanatlas.io/vocab/hp
http://purl.obolibrary.org/obo/HP_0000012,http://purl.obolibrary.org/obo/UBERON_0001008,https://purl.humanatlas.io/vocab/hp#characteristic_of_part_of,https://purl.humanatlas.io/vocab/hp
http://purl.obolibrary.org/obo/HP_0000014,http://purl.obolibrary.org/obo/UBERON_0001255,https://purl.humanatlas.io/vocab/hp#characteristic_of_part_of,https://purl.humanatlas.io/vocab/hp
http://purl.obolibrary.org/obo/HP_0000014,http://purl.obolibrary.org/obo/UBERON_0001556,https://purl.humanatlas.io/vocab/hp#characteristic_of_part_of,https://purl.humanatlas.io/vocab/hp
http://purl.obolibrary.org/obo/HP_0000014,http://purl.obolibrary.org/obo/UBERON_0001008,https://purl.humanatlas.io/vocab/hp#characteristic_of_part_of,https://purl.humanatlas.io/vocab/hp
http://purl.obolibrary.org/obo/HP_0000015,http://purl.obolibrary.org/obo/UBERON_0001256,https://purl.humanatlas.io/vocab/hp#part_of,https://purl.humanatlas.io/vocab/hp
http://purl.obolibrary.org/obo/HP_0000015,http://purl.obolibrary.org/obo/UBERON_0001255,https://purl.humanatlas.io/vocab/hp#characteristic_of,https://purl.humanatlas.io/vocab/hp
http://purl.obolibrary.org/obo/HP_0000015,http://purl.obolibrary.org/obo/UBERON_0001255,https://purl.humanatlas.io/vocab/hp#characteristic_of_part_of,https://purl.humanatlas.io/vocab/hp
http://purl.obolibrary.org/obo/HP_0000015,http://purl.obolibrary.org/obo/UBERON_0001556,https://purl.humanatlas.io/vocab/hp#characteristic_of_part_of,https://purl.humanatlas.io/vocab/hp
http://purl.obolibrary.org/obo/HP_0000015,http://purl.obolibrary.org/obo/UBERON_0001008,https://purl.humanatlas.io/vocab/hp#characteristic_of_part_of,https://purl.humanatlas.io/vocab/hp
http://purl.obolibrary.org/obo/HP_0000016,http://purl.obolibrary.org/obo/UBERON_0001255,https://purl.humanatlas.io/vocab/hp#characteristic_of,https://purl.humanatlas.io/vocab/hp
http://purl.obolibrary.org/obo/HP_0000016,http://purl.obolibrary.org/obo/UBERON_0001255,https://purl.humanatlas.io/vocab/hp#characteristic_of_part_of,https://purl.humanatlas.io/vocab/hp
http://purl.obolibrary.org/obo/HP_0000016,http://purl.obolibrary.org/obo/UBERON_0001556,https://purl.humanatlas.io/vocab/hp#characteristic_of_part_of,https://purl.humanatlas.io/vocab/hp
http://purl.obolibrary.org/obo/HP_0000016,http://purl.obolibrary.org/obo/UBERON_0001008,https://purl.humanatlas.io/vocab/hp#characteristic_of_part_of,https://purl.humanatlas.io/vocab/hp
http://purl.obolibrary.org/obo/HP_0000017,http://purl.obolibrary.org/obo/UBERON_0001255,https://purl.humanatlas.io/vocab/hp#characteristic_of,https://purl.humanatlas.io/vocab/hp
http://purl.obolibrary.org/obo/HP_0000017,http://purl.obolibrary.org/obo/UBERON_0001255,https://purl.humanatlas.io/vocab/hp#characteristic_of_part_of,https://purl.humanatlas.io/vocab/hp
http://purl.obolibrary.org/obo/HP_0000017,http://purl.obolibrary.org/obo/UBERON_0001556,https://purl.humanatlas.io/vocab/hp#characteristic_of_part_of,https://purl.humanatlas.io/vocab/hp
http://purl.obolibrary.org/obo/HP_0000017,http://purl.obolibrary.org/obo/UBERON_0001008,https://purl.humanatlas.io/vocab/hp#characteristic_of_part_of,https://purl.humanatlas.io/vocab/hp
http://purl.obolibrary.org/obo/HP_0000019,http://purl.obolibrary.org/obo/UBERON_0001255,https://purl.humanatlas.io/vocab/hp#characteristic_of,https://purl.humanatlas.io/vocab/hp
http://purl.obolibrary.org/obo/HP_0000019,http://purl.obolibrary.org/obo/UBERON_0001255,https://purl.humanatlas.io/vocab/hp#characteristic_of_part_of,https://purl.humanatlas.io/vocab/hp
http://purl.obolibrary.org/obo/HP_0000019,http://purl.obolibrary.org/obo/UBERON_0001556,https://purl.humanatlas.io/vocab/hp#characteristic_of_part_of,https://purl.humanatlas.io/vocab/hp
http://purl.obolibrary.org/obo/HP_0000019,http://purl.obolibrary.org/obo/UBERON_0001008,https://purl.humanatlas.io/vocab/hp#characteristic_of_part_of,https://purl.humanatlas.io/vocab/hp
http://purl.obolibrary.org/obo/HP_0000020,http://purl.obolibrary.org/obo/UBERON_0001255,https://purl.humanatlas.io/vocab/hp#characteristic_of,https://purl.humanatlas.io/vocab/hp
http://purl.obolibrary.org/obo/HP_0000020,http://purl.obolibrary.org/obo/UBERON_0001255,https://purl.humanatlas.io/vocab/hp#characteristic_of_part_of,https://purl.humanatlas.io/vocab/hp
http://purl.obolibrary.org/obo/HP_0000020,http://purl.obolibrary.org/obo/UBERON_0001556,https://purl.humanatlas.io/vocab/hp#characteristic_of_part_of,https://purl.humanatlas.io/vocab/hp
http://purl.obolibrary.org/obo/HP_0000020,http://purl.obolibrary.org/obo/UBERON_0001008,https://purl.humanatlas.io/vocab/hp#characteristic_of_part_of,https://purl.humanatlas.io/vocab/hp
http://purl.obolibrary.org/obo/HP_0000021,http://purl.obolibrary.org/obo/UBERON_0001556,https://purl.humanatlas.io/vocab/hp#characteristic_of,https://purl.humanatlas.io/vocab/hp
http://purl.obolibrary.org/obo/HP_0000021,http://purl.obolibrary.org/obo/UBERON_0001255,https://purl.humanatlas.io/vocab/hp#characteristic_of,https://purl.humanatlas.io/vocab/hp
http://purl.obolibrary.org/obo/HP_0000021,http://purl.obolibrary.org/obo/UBERON_0001255,https://purl.humanatlas.io/vocab/hp#characteristic_of_part_of,https://purl.humanatlas.io/vocab/hp
http://purl.obolibrary.org/obo/HP_0000021,http://purl.obolibrary.org/obo/UBERON_0001556,https://purl.humanatlas.io/vocab/hp#characteristic_of_part_of,https://purl.humanatlas.io/vocab/hp
http://purl.obolibrary.org/obo/HP_0000021,http://purl.obolibrary.org/obo/UBERON_0001008,https://purl.humanatlas.io/vocab/hp#characteristic_of_part_of,https://purl.humanatlas.io/vocab/hp
http://purl.obolibrary.org/obo/HP_0000039,http://purl.obolibrary.org/obo/UBERON_0001556,https://purl.humanatlas.io/vocab/hp#characteristic_of_part_of,https://purl.humanatlas.io/vocab/hp
http://purl.obolibrary.org/obo/HP_0000039,http://purl.obolibrary.org/obo/UBERON_0001008,https://purl.humanatlas.io/vocab/hp#characteristic_of_part_of,https://purl.humanatlas.io/vocab/hp
http://purl.obolibrary.org/obo/HP_0000047,http://purl.obolibrary.org/obo/UBERON_0001556,https://purl.humanatlas.io/vocab/hp#characteristic_of_part_of,https://purl.humanatlas.io/vocab/hp
http://purl.obolibrary.org/obo/HP_0000047,http://purl.obolibrary.org/obo/UBERON_0001008,https://purl.humanatlas.io/vocab/hp#characteristic_of_part_of,https://purl.humanatlas.io/vocab/hp
http://purl.obolibrary.org/obo/HP_0000051,http://purl.obolibrary.org/obo/UBERON_0001556,https://purl.humanatlas.io/vocab/hp#characteristic_of_part_of,https://purl.humanatlas.io/vocab/hp
http://purl.obolibrary.org/obo/HP_0000051,http://purl.obolibrary.org/obo/UBERON_0001008,https://purl.humanatlas.io/vocab/hp#characteristic_of_part_of,https://purl.humanatlas.io/vocab/hp
http://purl.obolibrary.org/obo/HP_0000052,http://purl.obolibrary.org/obo/UBERON_0001556,https://purl.humanatlas.io/vocab/hp#characteristic_of_part_of,https://purl.humanatlas.io/vocab/hp
http://purl.obolibrary.org/obo/HP_0000052,http://purl.obolibrary.org/obo/UBERON_0001008,https://purl.humanatlas.io/vocab/hp#characteristic_of_part_of,https://purl.humanatlas.io/vocab/hp
http://purl.obolibrary.org/obo/HP_0000067,http://purl.obolibrary.org/obo/UBERON_0001556,https://purl.humanatlas.io/vocab/hp#characteristic_of_part_of,https://purl.humanatlas.io/vocab/hp
http://purl.obolibrary.org/obo/HP_0000067,http://purl.obolibrary.org/obo/UBERON_0001008,https://purl.humanatlas.io/vocab/hp#characteristic_of_part_of,https://purl.humanatlas.io/vocab/hp
http://purl.obolibrary.org/obo/HP_0000068,http://purl.obolibrary.org/obo/UBERON_0001556,https://purl.humanatlas.io/vocab/hp#characteristic_of_part_of,https://purl.humanatlas.io/vocab/hp
http://purl.obolibrary.org/obo/HP_0000068,http://purl.obolibrary.org/obo/UBERON_0001008,https://purl.humanatlas.io/vocab/hp#characteristic_of_part_of,https://purl.humanatlas.io/vocab/hp
http://purl.obolibrary.org/obo/HP_0000069,http://purl.obolibrary.org/obo/UBERON_0000056,https://purl.humanatlas.io/vocab/hp#characteristic_of_part_of,https://purl.humanatlas.io/vocab/hp
http://purl.obolibrary.org/obo/HP_0000069,http://purl.obolibrary.org/obo/UBERON_0011143,https://purl.humanatlas.io/vocab/hp#characteristic_of_part_of,https://purl.humanatlas.io/vocab/hp
http://purl.obolibrary.org/obo/HP_0000069,http://purl.obolibrary.org/obo/UBERON_0001008,https://purl.humanatlas.io/vocab/hp#characteristic_of_part_of,https://purl.humanatlas.io/vocab/hp
http://purl.obolibrary.org/obo/HP_0000070,http://purl.obolibrary.org/obo/UBERON_0000056,https://purl.humanatlas.io/vocab/hp#characteristic_of_part_of,https://purl.humanatlas.io/vocab/hp
http://purl.obolibrary.org/obo/HP_0000070,http://purl.obolibrary.org/obo/UBERON_0011143,https://purl.humanatlas.io/vocab/hp#characteristic_of_part_of,https://purl.humanatlas.io/vocab/hp
http://purl.obolibrary.org/obo/HP_0000070,http://purl.obolibrary.org/obo/UBERON_0001008,https://purl.humanatlas.io/vocab/hp#characteristic_of_part_of,https://purl.humanatlas.io/vocab/hp
http://purl.obolibrary.org/obo/HP_0000071,http://purl.obolibrary.org/obo/UBERON_0000056,https://purl.humanatlas.io/vocab/hp#characteristic_of_part_of,https://purl.humanatlas.io/vocab/hp
http://purl.obolibrary.org/obo/HP_0000071,http://purl.obolibrary.org/obo/UBERON_0000056,https://purl.humanatlas.io/vocab/hp#characteristic_of,https://purl.humanatlas.io/vocab/hp
http://purl.obolibrary.org/obo/HP_0000071,http://purl.obolibrary.org/obo/UBERON_0011143,https://purl.humanatlas.io/vocab/hp#characteristic_of_part_of,https://purl.humanatlas.io/vocab/hp
http://purl.obolibrary.org/obo/HP_0000071,http://purl.obolibrary.org/obo/UBERON_0001008,https://purl.humanatlas.io/vocab/hp#characteristic_of_part_of,https://purl.humanatlas.io/vocab/hp
http://purl.obolibrary.org/obo/HP_0000072,http://purl.obolibrary.org/obo/UBERON_0000056,https://purl.humanatlas.io/vocab/hp#characteristic_of,https://purl.humanatlas.io/vocab/hp
http://purl.obolibrary.org/obo/HP_0000072,http://purl.obolibrary.org/obo/UBERON_0000056,https://purl.humanatlas.io/vocab/hp#characteristic_of_part_of,https://purl.humanatlas.io/vocab/hp
http://purl.obolibrary.org/obo/HP_0000072,http://purl.obolibrary.org/obo/UBERON_0011143,https://purl.humanatlas.io/vocab/hp#characteristic_of_part_of,https://purl.humanatlas.io/vocab/hp
http://purl.obolibrary.org/obo/HP_0000072,http://purl.obolibrary.org/obo/UBERON_0001008,https://purl.humanatlas.io/vocab/hp#characteristic_of_part_of,https://purl.humanatlas.io/vocab/hp
http://purl.obolibrary.org/obo/HP_0000073,http://purl.obolibrary.org/obo/UBERON_0000056,https://purl.humanatlas.io/vocab/hp#towards,https://purl.humanatlas.io/vocab/hp
http://purl.obolibrary.org/obo/HP_0000073,http://purl.obolibrary.org/obo/UBERON_0000056,https://purl.humanatlas.io/vocab/hp#characteristic_of_part_of,https://purl.humanatlas.io/vocab/hp
http://purl.obolibrary.org/obo/HP_0000073,http://purl.obolibrary.org/obo/UBERON_0011143,https://purl.humanatlas.io/vocab/hp#characteristic_of_part_of,https://purl.humanatlas.io/vocab/hp
http://purl.obolibrary.org/obo/HP_0000073,http://purl.obolibrary.org/obo/UBERON_0001008,https://purl.humanatlas.io/vocab/hp#characteristic_of_part_of,https://purl.humanatlas.io/vocab/hp
http://purl.obolibrary.org/obo/HP_0000074,http://purl.obolibrary.org/obo/UBERON_0000056,https://purl.humanatlas.io/vocab/hp#characteristic_of_part_of,https://purl.humanatlas.io/vocab/hp
http://purl.obolibrary.org/obo/HP_0000074,http://purl.obolibrary.org/obo/UBERON_0000056,https://purl.humanatlas.io/vocab/hp#characteristic_of,https://purl.humanatlas.io/vocab/hp
http://purl.obolibrary.org/obo/HP_0000074,http://purl.obolibrary.org/obo/UBERON_0011143,https://purl.humanatlas.io/vocab/hp#characteristic_of_part_of,https://purl.humanatlas.io/vocab/hp
http://purl.obolibrary.org/obo/HP_0000074,http://purl.obolibrary.org/obo/UBERON_0001008,https://purl.humanatlas.io/vocab/hp#characteristic_of_part_of,https://purl.humanatlas.io/vocab/hp
http://purl.obolibrary.org/obo/HP_0000075,http://purl.obolibrary.org/obo/UBERON_0002113,https://purl.humanatlas.io/vocab/hp#towards,https://purl.humanatlas.io/vocab/hp
http://purl.obolibrary.org/obo/HP_0000075,http://purl.obolibrary.org/obo/UBERON_0002113,https://purl.humanatlas.io/vocab/hp#characteristic_of_part_of,https://purl.humanatlas.io/vocab/hp
http://purl.obolibrary.org/obo/HP_0000075,http://purl.obolibrary.org/obo/UBERON_0011143,https://purl.humanatlas.io/vocab/hp#characteristic_of_part_of,https://purl.humanatlas.io/vocab/hp
http://purl.obolibrary.org/obo/HP_0000075,http://purl.obolibrary.org/obo/UBERON_0001008,https://purl.humanatlas.io/vocab/hp#characteristic_of_part_of,https://purl.humanatlas.io/vocab/hp
http://purl.obolibrary.org/obo/HP_0000076,http://purl.obolibrary.org/obo/UBERON_0001255,https://purl.humanatlas.io/vocab/hp#characteristic_of,https://purl.humanatlas.io/vocab/hp
http://purl.obolibrary.org/obo/HP_0000076,http://purl.obolibrary.org/obo/UBERON_0001255,https://purl.humanatlas.io/vocab/hp#characteristic_of_part_of,https://purl.humanatlas.io/vocab/hp
http://purl.obolibrary.org/obo/HP_0000076,http://purl.obolibrary.org/obo/UBERON_0001556,https://purl.humanatlas.io/vocab/hp#characteristic_of_part_of,https://purl.humanatlas.io/vocab/hp
http://purl.obolibrary.org/obo/HP_0000076,http://purl.obolibrary.org/obo/UBERON_0001008,https://purl.humanatlas.io/vocab/hp#characteristic_of_part_of,https://purl.humanatlas.io/vocab/hp
http://purl.obolibrary.org/obo/HP_0000076,http://purl.obolibrary.org/obo/UBERON_0000056,https://purl.humanatlas.io/vocab/hp#characteristic_of_part_of,https://purl.humanatlas.io/vocab/hp
http://purl.obolibrary.org/obo/HP_0000076,http://purl.obolibrary.org/obo/UBERON_0011143,https://purl.humanatlas.io/vocab/hp#characteristic_of_part_of,https://purl.humanatlas.io/vocab/hp
http://purl.obolibrary.org/obo/HP_0000077,http://purl.obolibrary.org/obo/UBERON_0002113,https://purl.humanatlas.io/vocab/hp#characteristic_of_part_of,https://purl.humanatlas.io/vocab/hp
http://purl.obolibrary.org/obo/HP_0000077,http://purl.obolibrary.org/obo/UBERON_0011143,https://purl.humanatlas.io/vocab/hp#characteristic_of_part_of,https://purl.humanatlas.io/vocab/hp
http://purl.obolibrary.org/obo/HP_0000077,http://purl.obolibrary.org/obo/UBERON_0001008,https://purl.humanatlas.io/vocab/hp#characteristic_of_part_of,https://purl.humanatlas.io/vocab/hp
http://purl.obolibrary.org/obo/HP_0000079,http://purl.obolibrary.org/obo/UBERON_0001008,https://purl.humanatlas.io/vocab/hp#characteristic_of_part_of,https://purl.humanatlas.io/vocab/hp
http://purl.obolibrary.org/obo/HP_0000081,http://purl.obolibrary.org/obo/UBERON_0004100,https://purl.humanatlas.io/vocab/hp#towards,https://purl.humanatlas.io/vocab/hp
http://purl.obolibrary.org/obo/HP_0000081,http://purl.obolibrary.org/obo/UBERON_0004100,https://purl.humanatlas.io/vocab/hp#characteristic_of_part_of,https://purl.humanatlas.io/vocab/hp
http://purl.obolibrary.org/obo/HP_0000081,http://purl.obolibrary.org/obo/UBERON_0002113,https://purl.humanatlas.io/vocab/hp#characteristic_of_part_of,https://purl.humanatlas.io/vocab/hp
http://purl.obolibrary.org/obo/HP_0000081,http://purl.obolibrary.org/obo/UBERON_0011143,https://purl.humanatlas.io/vocab/hp#characteristic_of_part_of,https://purl.humanatlas.io/vocab/hp
http://purl.obolibrary.org/obo/HP_0000081,http://purl.obolibrary.org/obo/UBERON_0001008,https://purl.humanatlas.io/vocab/hp#characteristic_of_part_of,https://purl.humanatlas.io/vocab/hp
http://purl.obolibrary.org/obo/HP_0000083,http://purl.obolibrary.org/obo/UBERON_0002113,https://purl.humanatlas.io/vocab/hp#characteristic_of,https://purl.humanatlas.io/vocab/hp
http://purl.obolibrary.org/obo/HP_0000083,http://purl.obolibrary.org/obo/UBERON_0002113,https://purl.humanatlas.io/vocab/hp#characteristic_of_part_of,https://purl.humanatlas.io/vocab/hp
http://purl.obolibrary.org/obo/HP_0000083,http://purl.obolibrary.org/obo/UBERON_0011143,https://purl.humanatlas.io/vocab/hp#characteristic_of_part_of,https://purl.humanatlas.io/vocab/hp
http://purl.obolibrary.org/obo/HP_0000083,http://purl.obolibrary.org/obo/UBERON_0001008,https://purl.humanatlas.io/vocab/hp#characteristic_of_part_of,https://purl.humanatlas.io/vocab/hp
http://purl.obolibrary.org/obo/HP_0000083,http://purl.obolibrary.org/obo/UBERON_0001008,https://purl.humanatlas.io/vocab/hp#characteristic_of,https://purl.humanatlas.io/vocab/hp
http://purl.obolibrary.org/obo/HP_0000085,http://purl.obolibrary.org/obo/UBERON_0002113,https://purl.humanatlas.io/vocab/hp#characteristic_of,https://purl.humanatlas.io/vocab/hp
http://purl.obolibrary.org/obo/HP_0000085,http://purl.obolibrary.org/obo/UBERON_0002113,https://purl.humanatlas.io/vocab/hp#characteristic_of_part_of,https://purl.humanatlas.io/vocab/hp
http://purl.obolibrary.org/obo/HP_0000085,http://purl.obolibrary.org/obo/UBERON_0011143,https://purl.humanatlas.io/vocab/hp#characteristic_of_part_of,https://purl.humanatlas.io/vocab/hp
http://purl.obolibrary.org/obo/HP_0000085,http://purl.obolibrary.org/obo/UBERON_0001008,https://purl.humanatlas.io/vocab/hp#characteristic_of_part_of,https://purl.humanatlas.io/vocab/hp
http://purl.obolibrary.org/obo/HP_0000086,http://purl.obolibrary.org/obo/UBERON_0002113,https://purl.humanatlas.io/vocab/hp#characteristic_of,https://purl.humanatlas.io/vocab/hp
http://purl.obolibrary.org/obo/HP_0000086,http://purl.obolibrary.org/obo/UBERON_0002113,https://purl.humanatlas.io/vocab/hp#characteristic_of_part_of,https://purl.humanatlas.io/vocab/hp
http://purl.obolibrary.org/obo/HP_0000086,http://purl.obolibrary.org/obo/UBERON_0011143,https://purl.humanatlas.io/vocab/hp#characteristic_of_part_of,https://purl.humanatlas.io/vocab/hp
http://purl.obolibrary.org/obo/HP_0000086,http://purl.obolibrary.org/obo/UBERON_0001008,https://purl.humanatlas.io/vocab/hp#characteristic_of_part_of,https://purl.humanatlas.io/vocab/hp
http://purl.obolibrary.org/obo/HP_0000089,http://purl.obolibrary.org/obo/UBERON_0002113,https://purl.humanatlas.io/vocab/hp#characteristic_of,https://purl.humanatlas.io/vocab/hp
http://purl.obolibrary.org/obo/HP_0000089,http://purl.obolibrary.org/obo/UBERON_0002113,https://purl.humanatlas.io/vocab/hp#characteristic_of_part_of,https://purl.humanatlas.io/vocab/hp
http://purl.obolibrary.org/obo/HP_0000089,http://purl.obolibrary.org/obo/UBERON_0011143,https://purl.humanatlas.io/vocab/hp#characteristic_of_part_of,https://purl.humanatlas.io/vocab/hp
http://purl.obolibrary.org/obo/HP_0000089,http://purl.obolibrary.org/obo/UBERON_0001008,https://purl.humanatlas.io/vocab/hp#characteristic_of_part_of,https://purl.humanatlas.io/vocab/hp
http://purl.obolibrary.org/obo/HP_0000090,http://purl.obolibrary.org/obo/UBERON_0000362,https://purl.humanatlas.io/vocab/hp#characteristic_of,https://purl.humanatlas.io/vocab/hp
http://purl.obolibrary.org/obo/HP_0000090,http://purl.obolibrary.org/obo/UBERON_0002113,https://purl.humanatlas.io/vocab/hp#characteristic_of_part_of,https://purl.humanatlas.io/vocab/hp
http://purl.obolibrary.org/obo/HP_0000090,http://purl.obolibrary.org/obo/UBERON_0011143,https://purl.humanatlas.io/vocab/hp#characteristic_of_part_of,https://purl.humanatlas.io/vocab/hp
http://purl.obolibrary.org/obo/HP_0000090,http://purl.obolibrary.org/obo/UBERON_0001008,https://purl.humanatlas.io/vocab/hp#characteristic_of_part_of,https://purl.humanatlas.io/vocab/hp
http://purl.obolibrary.org/obo/HP_0000091,http://purl.obolibrary.org/obo/UBERON_0001231,https://purl.humanatlas.io/vocab/hp#characteristic_of_part_of,https://purl.humanatlas.io/vocab/hp
http://purl.obolibrary.org/obo/HP_0000091,http://purl.obolibrary.org/obo/UBERON_0001285,https://purl.humanatlas.io/vocab/hp#characteristic_of_part_of,https://purl.humanatlas.io/vocab/hp
http://purl.obolibrary.org/obo/HP_0000091,http://purl.obolibrary.org/obo/UBERON_0002113,https://purl.humanatlas.io/vocab/hp#characteristic_of_part_of,https://purl.humanatlas.io/vocab/hp
http://purl.obolibrary.org/obo/HP_0000091,http://purl.obolibrary.org/obo/UBERON_0011143,https://purl.humanatlas.io/vocab/hp#characteristic_of_part_of,https://purl.humanatlas.io/vocab/hp
http://purl.obolibrary.org/obo/HP_0000091,http://purl.obolibrary.org/obo/UBERON_0001008,https://purl.humanatlas.io/vocab/hp#characteristic_of_part_of,https://purl.humanatlas.io/vocab/hp
http://purl.obolibrary.org/obo/HP_0000092,http://purl.obolibrary.org/obo/UBERON_0001231,https://purl.humanatlas.io/vocab/hp#characteristic_of,https://purl.humanatlas.io/vocab/hp
http://purl.obolibrary.org/obo/HP_0000092,http://purl.obolibrary.org/obo/UBERON_0001231,https://purl.humanatlas.io/vocab/hp#part_of,https://purl.humanatlas.io/vocab/hp
http://purl.obolibrary.org/obo/HP_0000092,http://purl.obolibrary.org/obo/UBERON_0001231,https://purl.humanatlas.io/vocab/hp#characteristic_of_part_of,https://purl.humanatlas.io/vocab/hp
http://purl.obolibrary.org/obo/HP_0000092,http://purl.obolibrary.org/obo/UBERON_0001285,https://purl.humanatlas.io/vocab/hp#characteristic_of_part_of,https://purl.humanatlas.io/vocab/hp
http://purl.obolibrary.org/obo/HP_0000092,http://purl.obolibrary.org/obo/UBERON_0002113,https://purl.humanatlas.io/vocab/hp#characteristic_of_part_of,https://purl.humanatlas.io/vocab/hp
http://purl.obolibrary.org/obo/HP_0000092,http://purl.obolibrary.org/obo/UBERON_0011143,https://purl.humanatlas.io/vocab/hp#characteristic_of_part_of,https://purl.humanatlas.io/vocab/hp
http://purl.obolibrary.org/obo/HP_0000092,http://purl.obolibrary.org/obo/UBERON_0001008,https://purl.humanatlas.io/vocab/hp#characteristic_of_part_of,https://purl.humanatlas.io/vocab/hp
http://purl.obolibrary.org/obo/HP_0000093,http://purl.obolibrary.org/obo/UBERON_0001008,https://purl.humanatlas.io/vocab/hp#characteristic_of,https://purl.humanatlas.io/vocab/hp
http://purl.obolibrary.org/obo/HP_0000093,http://purl.obolibrary.org/obo/UBERON_0001008,https://purl.humanatlas.io/vocab/hp#characteristic_of_part_of,https://purl.humanatlas.io/vocab/hp
http://purl.obolibrary.org/obo/HP_0000095,http://purl.obolibrary.org/obo/UBERON_0000074,https://purl.humanatlas.io/vocab/hp#characteristic_of_part_of,https://purl.humanatlas.io/vocab/hp
http://purl.obolibrary.org/obo/HP_0000095,http://purl.obolibrary.org/obo/UBERON_0001225,https://purl.humanatlas.io/vocab/hp#characteristic_of,https://purl.humanatlas.io/vocab/hp
http://purl.obolibrary.org/obo/HP_0000095,http://purl.obolibrary.org/obo/UBERON_0002113,https://purl.humanatlas.io/vocab/hp#characteristic_of_part_of,https://purl.humanatlas.io/vocab/hp
http://purl.obolibrary.org/obo/HP_0000095,http://purl.obolibrary.org/obo/UBERON_0011143,https://purl.humanatlas.io/vocab/hp#characteristic_of_part_of,https://purl.humanatlas.io/vocab/hp
http://purl.obolibrary.org/obo/HP_0000095,http://purl.obolibrary.org/obo/UBERON_0001008,https://purl.humanatlas.io/vocab/hp#characteristic_of_part_of,https://purl.humanatlas.io/vocab/hp
http://purl.obolibrary.org/obo/HP_0000095,http://purl.obolibrary.org/obo/UBERON_0001285,https://purl.humanatlas.io/vocab/hp#characteristic_of_part_of,https://purl.humanatlas.io/vocab/hp
http://purl.obolibrary.org/obo/HP_0000096,http://purl.obolibrary.org/obo/UBERON_0000074,https://purl.humanatlas.io/vocab/hp#occurs_in,https://purl.humanatlas.io/vocab/hp
http://purl.obolibrary.org/obo/HP_0000096,http://purl.obolibrary.org/obo/UBERON_0000074,https://purl.humanatlas.io/vocab/hp#characteristic_of_part_of,https://purl.humanatlas.io/vocab/hp
http://purl.obolibrary.org/obo/HP_0000096,http://purl.obolibrary.org/obo/UBERON_0001225,https://purl.humanatlas.io/vocab/hp#characteristic_of,https://purl.humanatlas.io/vocab/hp
http://purl.obolibrary.org/obo/HP_0000096,http://purl.obolibrary.org/obo/UBERON_0002113,https://purl.humanatlas.io/vocab/hp#characteristic_of_part_of,https://purl.humanatlas.io/vocab/hp
http://purl.obolibrary.org/obo/HP_0000096,http://purl.obolibrary.org/obo/UBERON_0011143,https://purl.humanatlas.io/vocab/hp#characteristic_of_part_of,https://purl.humanatlas.io/vocab/hp
http://purl.obolibrary.org/obo/HP_0000096,http://purl.obolibrary.org/obo/UBERON_0001008,https://purl.humanatlas.io/vocab/hp#characteristic_of_part_of,https://purl.humanatlas.io/vocab/hp
http://purl.obolibrary.org/obo/HP_0000096,http://purl.obolibrary.org/obo/UBERON_0001285,https://purl.humanatlas.io/vocab/hp#characteristic_of_part_of,https://purl.humanatlas.io/vocab/hp
http://purl.obolibrary.org/obo/HP_0000097,http://purl.obolibrary.org/obo/UBERON_0000074,https://purl.humanatlas.io/vocab/hp#occurs_in,https://purl.humanatlas.io/vocab/hp
http://purl.obolibrary.org/obo/HP_0000097,http://purl.obolibrary.org/obo/UBERON_0000074,https://purl.humanatlas.io/vocab/hp#characteristic_of_part_of,https://purl.humanatlas.io/vocab/hp
http://purl.obolibrary.org/obo/HP_0000097,http://purl.obolibrary.org/obo/UBERON_0001225,https://purl.humanatlas.io/vocab/hp#characteristic_of,https://purl.humanatlas.io/vocab/hp
http://purl.obolibrary.org/obo/HP_0000097,http://purl.obolibrary.org/obo/UBERON_0002113,https://purl.humanatlas.io/vocab/hp#characteristic_of_part_of,https://purl.humanatlas.io/vocab/hp
http://purl.obolibrary.org/obo/HP_0000097,http://purl.obolibrary.org/obo/UBERON_0011143,https://purl.humanatlas.io/vocab/hp#characteristic_of_part_of,https://purl.humanatlas.io/vocab/hp
http://purl.obolibrary.org/obo/HP_0000097,http://purl.obolibrary.org/obo/UBERON_0001008,https://purl.humanatlas.io/vocab/hp#characteristic_of_part_of,https://purl.humanatlas.io/vocab/hp
http://purl.obolibrary.org/obo/HP_0000097,http://purl.obolibrary.org/obo/UBERON_0001285,https://purl.humanatlas.io/vocab/hp#characteristic_of_part_of,https://purl.humanatlas.io/vocab/hp
http://purl.obolibrary.org/obo/HP_0000099,http://purl.obolibrary.org/obo/UBERON_0000074,https://purl.humanatlas.io/vocab/hp#characteristic_of_part_of,https://purl.humanatlas.io/vocab/hp
http://purl.obolibrary.org/obo/HP_0000099,http://purl.obolibrary.org/obo/UBERON_0001225,https://purl.humanatlas.io/vocab/hp#characteristic_of,https://purl.humanatlas.io/vocab/hp
http://purl.obolibrary.org/obo/HP_0000099,http://purl.obolibrary.org/obo/UBERON_0002113,https://purl.humanatlas.io/vocab/hp#characteristic_of_part_of,https://purl.humanatlas.io/vocab/hp
http://purl.obolibrary.org/obo/HP_0000099,http://purl.obolibrary.org/obo/UBERON_0011143,https://purl.humanatlas.io/vocab/hp#characteristic_of_part_of,https://purl.humanatlas.io/vocab/hp
http://purl.obolibrary.org/obo/HP_0000099,http://purl.obolibrary.org/obo/UBERON_0001008,https://purl.humanatlas.io/vocab/hp#characteristic_of_part_of,https://purl.humanatlas.io/vocab/hp
http://purl.obolibrary.org/obo/HP_0000099,http://purl.obolibrary.org/obo/UBERON_0001285,https://purl.humanatlas.io/vocab/hp#characteristic_of_part_of,https://purl.humanatlas.io/vocab/hp
http://purl.obolibrary.org/obo/HP_0000099,http://purl.obolibrary.org/obo/UBERON_0002113,https://purl.humanatlas.io/vocab/hp#occurs_in,https://purl.humanatlas.io/vocab/hp
http://purl.obolibrary.org/obo/HP_0000099,http://purl.obolibrary.org/obo/UBERON_0002113,https://purl.humanatlas.io/vocab/hp#characteristic_of,https://purl.humanatlas.io/vocab/hp
http://purl.obolibrary.org/obo/HP_0000099,http://purl.obolibrary.org/obo/UBERON_0001008,https://purl.humanatlas.io/vocab/hp#characteristic_of,https://purl.humanatlas.io/vocab/hp
http://purl.obolibrary.org/obo/HP_0000100,http://purl.obolibrary.org/obo/UBERON_0002113,https://purl.humanatlas.io/vocab/hp#characteristic_of,https://purl.humanatlas.io/vocab/hp
http://purl.obolibrary.org/obo/HP_0000100,http://purl.obolibrary.org/obo/UBERON_0002113,https://purl.humanatlas.io/vocab/hp#characteristic_of_part_of,https://purl.humanatlas.io/vocab/hp
http://purl.obolibrary.org/obo/HP_0000100,http://purl.obolibrary.org/obo/UBERON_0011143,https://purl.humanatlas.io/vocab/hp#characteristic_of_part_of,https://purl.humanatlas.io/vocab/hp
http://purl.obolibrary.org/obo/HP_0000100,http://purl.obolibrary.org/obo/UBERON_0001008,https://purl.humanatlas.io/vocab/hp#characteristic_of_part_of,https://purl.humanatlas.io/vocab/hp
http://purl.obolibrary.org/obo/HP_0000100,http://purl.obolibrary.org/obo/UBERON_0001008,https://purl.humanatlas.io/vocab/hp#characteristic_of,https://purl.humanatlas.io/vocab/hp
http://purl.obolibrary.org/obo/HP_0000103,http://purl.obolibrary.org/obo/UBERON_0002113,https://purl.humanatlas.io/vocab/hp#characteristic_of,https://purl.humanatlas.io/vocab/hp
http://purl.obolibrary.org/obo/HP_0000103,http://purl.obolibrary.org/obo/UBERON_0002113,https://purl.humanatlas.io/vocab/hp#characteristic_of_part_of,https://purl.humanatlas.io/vocab/hp
http://purl.obolibrary.org/obo/HP_0000103,http://purl.obolibrary.org/obo/UBERON_0011143,https://purl.humanatlas.io/vocab/hp#characteristic_of_part_of,https://purl.humanatlas.io/vocab/hp
http://purl.obolibrary.org/obo/HP_0000103,http://purl.obolibrary.org/obo/UBERON_0001008,https://purl.humanatlas.io/vocab/hp#characteristic_of_part_of,https://purl.humanatlas.io/vocab/hp
http://purl.obolibrary.org/obo/HP_0000103,http://purl.obolibrary.org/obo/UBERON_0001008,https://purl.humanatlas.io/vocab/hp#characteristic_of,https://purl.humanatlas.io/vocab/hp
http://purl.obolibrary.org/obo/HP_0000104,http://purl.obolibrary.org/obo/UBERON_0002113,https://purl.humanatlas.io/vocab/hp#characteristic_of,https://purl.humanatlas.io/vocab/hp
http://purl.obolibrary.org/obo/HP_0000104,http://purl.obolibrary.org/obo/UBERON_0002113,https://purl.humanatlas.io/vocab/hp#characteristic_of_part_of,https://purl.humanatlas.io/vocab/hp
http://purl.obolibrary.org/obo/HP_0000104,http://purl.obolibrary.org/obo/UBERON_0011143,https://purl.humanatlas.io/vocab/hp#characteristic_of_part_of,https://purl.humanatlas.io/vocab/hp
http://purl.obolibrary.org/obo/HP_0000104,http://purl.obolibrary.org/obo/UBERON_0001008,https://purl.humanatlas.io/vocab/hp#characteristic_of_part_of,https://purl.humanatlas.io/vocab/hp
http://purl.obolibrary.org/obo/HP_0000105,http://purl.obolibrary.org/obo/UBERON_0002113,https://purl.humanatlas.io/vocab/hp#characteristic_of,https://purl.humanatlas.io/vocab/hp
http://purl.obolibrary.org/obo/HP_0000105,http://purl.obolibrary.org/obo/UBERON_0002113,https://purl.humanatlas.io/vocab/hp#characteristic_of_part_of,https://purl.humanatlas.io/vocab/hp
http://purl.obolibrary.org/obo/HP_0000105,http://purl.obolibrary.org/obo/UBERON_0011143,https://purl.humanatlas.io/vocab/hp#characteristic_of_part_of,https://purl.humanatlas.io/vocab/hp
http://purl.obolibrary.org/obo/HP_0000105,http://purl.obolibrary.org/obo/UBERON_0001008,https://purl.humanatlas.io/vocab/hp#characteristic_of_part_of,https://purl.humanatlas.io/vocab/hp
http://purl.obolibrary.org/obo/HP_0000107,http://purl.obolibrary.org/obo/UBERON_0002113,https://purl.humanatlas.io/vocab/hp#part_of,https://purl.humanatlas.io/vocab/hp
http://purl.obolibrary.org/obo/HP_0000107,http://purl.obolibrary.org/obo/UBERON_0002113,https://purl.humanatlas.io/vocab/hp#characteristic_of_part_of,https://purl.humanatlas.io/vocab/hp
http://purl.obolibrary.org/obo/HP_0000107,http://purl.obolibrary.org/obo/UBERON_0011143,https://purl.humanatlas.io/vocab/hp#characteristic_of_part_of,https://purl.humanatlas.io/vocab/hp
http://purl.obolibrary.org/obo/HP_0000107,http://purl.obolibrary.org/obo/UBERON_0001008,https://purl.humanatlas.io/vocab/hp#characteristic_of_part_of,https://purl.humanatlas.io/vocab/hp
http://purl.obolibrary.org/obo/HP_0000108,http://purl.obolibrary.org/obo/UBERON_0002113,https://purl.humanatlas.io/vocab/hp#part_of,https://purl.humanatlas.io/vocab/hp
http://purl.obolibrary.org/obo/HP_0000108,http://purl.obolibrary.org/obo/UBERON_0002113,https://purl.humanatlas.io/vocab/hp#characteristic_of_part_of,https://purl.humanatlas.io/vocab/hp
http://purl.obolibrary.org/obo/HP_0000108,http://purl.obolibrary.org/obo/UBERON_0011143,https://purl.humanatlas.io/vocab/hp#characteristic_of_part_of,https://purl.humanatlas.io/vocab/hp
http://purl.obolibrary.org/obo/HP_0000108,http://purl.obolibrary.org/obo/UBERON_0001008,https://purl.humanatlas.io/vocab/hp#characteristic_of_part_of,https://purl.humanatlas.io/vocab/hp
http://purl.obolibrary.org/obo/HP_0000108,http://purl.obolibrary.org/obo/UBERON_0001225,https://purl.humanatlas.io/vocab/hp#characteristic_of,https://purl.humanatlas.io/vocab/hp
http://purl.obolibrary.org/obo/HP_0000108,http://purl.obolibrary.org/obo/UBERON_0000362,https://purl.humanatlas.io/vocab/hp#characteristic_of,https://purl.humanatlas.io/vocab/hp
http://purl.obolibrary.org/obo/HP_0000110,http://purl.obolibrary.org/obo/UBERON_0002113,https://purl.humanatlas.io/vocab/hp#characteristic_of,https://purl.humanatlas.io/vocab/hp
http://purl.obolibrary.org/obo/HP_0000110,http://purl.obolibrary.org/obo/UBERON_0002113,https://purl.humanatlas.io/vocab/hp#characteristic_of_part_of,https://purl.humanatlas.io/vocab/hp
http://purl.obolibrary.org/obo/HP_0000110,http://purl.obolibrary.org/obo/UBERON_0011143,https://purl.humanatlas.io/vocab/hp#characteristic_of_part_of,https://purl.humanatlas.io/vocab/hp
http://purl.obolibrary.org/obo/HP_0000110,http://purl.obolibrary.org/obo/UBERON_0001008,https://purl.humanatlas.io/vocab/hp#characteristic_of_part_of,https://purl.humanatlas.io/vocab/hp
http://purl.obolibrary.org/obo/HP_0000111,http://purl.obolibrary.org/obo/UBERON_0000074,https://purl.humanatlas.io/vocab/hp#characteristic_of_part_of,https://purl.humanatlas.io/vocab/hp
http://purl.obolibrary.org/obo/HP_0000111,http://purl.obolibrary.org/obo/UBERON_0001225,https://purl.humanatlas.io/vocab/hp#characteristic_of,https://purl.humanatlas.io/vocab/hp
http://purl.obolibrary.org/obo/HP_0000111,http://purl.obolibrary.org/obo/UBERON_0002113,https://purl.humanatlas.io/vocab/hp#characteristic_of_part_of,https://purl.humanatlas.io/vocab/hp
http://purl.obolibrary.org/obo/HP_0000111,http://purl.obolibrary.org/obo/UBERON_0011143,https://purl.humanatlas.io/vocab/hp#characteristic_of_part_of,https://purl.humanatlas.io/vocab/hp
http://purl.obolibrary.org/obo/HP_0000111,http://purl.obolibrary.org/obo/UBERON_0001008,https://purl.humanatlas.io/vocab/hp#characteristic_of_part_of,https://purl.humanatlas.io/vocab/hp
http://purl.obolibrary.org/obo/HP_0000111,http://purl.obolibrary.org/obo/UBERON_0001285,https://purl.humanatlas.io/vocab/hp#characteristic_of_part_of,https://purl.humanatlas.io/vocab/hp
http://purl.obolibrary.org/obo/HP_0000112,http://purl.obolibrary.org/obo/UBERON_0002113,https://purl.humanatlas.io/vocab/hp#characteristic_of,https://purl.humanatlas.io/vocab/hp
http://purl.obolibrary.org/obo/HP_0000112,http://purl.obolibrary.org/obo/UBERON_0002113,https://purl.humanatlas.io/vocab/hp#characteristic_of_part_of,https://purl.humanatlas.io/vocab/hp
http://purl.obolibrary.org/obo/HP_0000112,http://purl.obolibrary.org/obo/UBERON_0011143,https://purl.humanatlas.io/vocab/hp#characteristic_of_part_of,https://purl.humanatlas.io/vocab/hp
http://purl.obolibrary.org/obo/HP_0000112,http://purl.obolibrary.org/obo/UBERON_0001008,https://purl.humanatlas.io/vocab/hp#characteristic_of_part_of,https://purl.humanatlas.io/vocab/hp
http://purl.obolibrary.org/obo/HP_0000112,http://purl.obolibrary.org/obo/UBERON_0001008,https://purl.humanatlas.io/vocab/hp#characteristic_of,https://purl.humanatlas.io/vocab/hp
http://purl.obolibrary.org/obo/HP_0000113,http://purl.obolibrary.org/obo/UBERON_0002113,https://purl.humanatlas.io/vocab/hp#characteristic_of,https://purl.humanatlas.io/vocab/hp
http://purl.obolibrary.org/obo/HP_0000113,http://purl.obolibrary.org/obo/UBERON_0002113,https://purl.humanatlas.io/vocab/hp#part_of,https://purl.humanatlas.io/vocab/hp
http://purl.obolibrary.org/obo/HP_0000113,http://purl.obolibrary.org/obo/UBERON_0002113,https://purl.humanatlas.io/vocab/hp#characteristic_of_part_of,https://purl.humanatlas.io/vocab/hp
http://purl.obolibrary.org/obo/HP_0000113,http://purl.obolibrary.org/obo/UBERON_0011143,https://purl.humanatlas.io/vocab/hp#characteristic_of_part_of,https://purl.humanatlas.io/vocab/hp
http://purl.obolibrary.org/obo/HP_0000113,http://purl.obolibrary.org/obo/UBERON_0001008,https://purl.humanatlas.io/vocab/hp#characteristic_of_part_of,https://purl.humanatlas.io/vocab/hp
http://purl.obolibrary.org/obo/HP_0000114,http://purl.obolibrary.org/obo/UBERON_0001231,https://purl.humanatlas.io/vocab/hp#characteristic_of,https://purl.humanatlas.io/vocab/hp
http://purl.obolibrary.org/obo/HP_0000114,http://purl.obolibrary.org/obo/UBERON_0002113,https://purl.humanatlas.io/vocab/hp#characteristic_of,https://purl.humanatlas.io/vocab/hp
http://purl.obolibrary.org/obo/HP_0000114,http://purl.obolibrary.org/obo/UBERON_0002113,https://purl.humanatlas.io/vocab/hp#characteristic_of_part_of,https://purl.humanatlas.io/vocab/hp
http://purl.obolibrary.org/obo/HP_0000114,http://purl.obolibrary.org/obo/UBERON_0011143,https://purl.humanatlas.io/vocab/hp#characteristic_of_part_of,https://purl.humanatlas.io/vocab/hp
http://purl.obolibrary.org/obo/HP_0000114,http://purl.obolibrary.org/obo/UBERON_0001008,https://purl.humanatlas.io/vocab/hp#characteristic_of_part_of,https://purl.humanatlas.io/vocab/hp
http://purl.obolibrary.org/obo/HP_0000114,http://purl.obolibrary.org/obo/UBERON_0001008,https://purl.humanatlas.io/vocab/hp#characteristic_of,https://purl.humanatlas.io/vocab/hp
http://purl.obolibrary.org/obo/HP_0000117,http://purl.obolibrary.org/obo/UBERON_0001008,https://purl.humanatlas.io/vocab/hp#characteristic_of,https://purl.humanatlas.io/vocab/hp
http://purl.obolibrary.org/obo/HP_0000117,http://purl.obolibrary.org/obo/UBERON_0001008,https://purl.humanatlas.io/vocab/hp#characteristic_of_part_of,https://purl.humanatlas.io/vocab/hp
http://purl.obolibrary.org/obo/HP_0000121,http://purl.obolibrary.org/obo/UBERON_0002113,https://purl.humanatlas.io/vocab/hp#characteristic_of_part_of,https://purl.humanatlas.io/vocab/hp
http://purl.obolibrary.org/obo/HP_0000121,http://purl.obolibrary.org/obo/UBERON_0011143,https://purl.humanatlas.io/vocab/hp#characteristic_of_part_of,https://purl.humanatlas.io/vocab/hp
http://purl.obolibrary.org/obo/HP_0000121,http://purl.obolibrary.org/obo/UBERON_0001008,https://purl.humanatlas.io/vocab/hp#characteristic_of_part_of,https://purl.humanatlas.io/vocab/hp
http://purl.obolibrary.org/obo/HP_0000122,http://purl.obolibrary.org/obo/UBERON_0002113,https://purl.humanatlas.io/vocab/hp#characteristic_of,https://purl.humanatlas.io/vocab/hp
http://purl.obolibrary.org/obo/HP_0000122,http://purl.obolibrary.org/obo/UBERON_0002113,https://purl.humanatlas.io/vocab/hp#characteristic_of_part_of,https://purl.humanatlas.io/vocab/hp
http://purl.obolibrary.org/obo/HP_0000122,http://purl.obolibrary.org/obo/UBERON_0011143,https://purl.humanatlas.io/vocab/hp#characteristic_of_part_of,https://purl.humanatlas.io/vocab/hp
http://purl.obolibrary.org/obo/HP_0000122,http://purl.obolibrary.org/obo/UBERON_0001008,https://purl.humanatlas.io/vocab/hp#characteristic_of_part_of,https://purl.humanatlas.io/vocab/hp
http://purl.obolibrary.org/obo/HP_0000123,http://purl.obolibrary.org/obo/UBERON_0002113,https://purl.humanatlas.io/vocab/hp#occurs_in,https://purl.humanatlas.io/vocab/hp
http://purl.obolibrary.org/obo/HP_0000123,http://purl.obolibrary.org/obo/UBERON_0002113,https://purl.humanatlas.io/vocab/hp#characteristic_of,https://purl.humanatlas.io/vocab/hp
http://purl.obolibrary.org/obo/HP_0000123,http://purl.obolibrary.org/obo/UBERON_0002113,https://purl.humanatlas.io/vocab/hp#characteristic_of_part_of,https://purl.humanatlas.io/vocab/hp
http://purl.obolibrary.org/obo/HP_0000123,http://purl.obolibrary.org/obo/UBERON_0011143,https://purl.humanatlas.io/vocab/hp#characteristic_of_part_of,https://purl.humanatlas.io/vocab/hp
http://purl.obolibrary.org/obo/HP_0000123,http://purl.obolibrary.org/obo/UBERON_0001008,https://purl.humanatlas.io/vocab/hp#characteristic_of_part_of,https://purl.humanatlas.io/vocab/hp
http://purl.obolibrary.org/obo/HP_0000123,http://purl.obolibrary.org/obo/UBERON_0001008,https://purl.humanatlas.io/vocab/hp#characteristic_of,https://purl.humanatlas.io/vocab/hp
http://purl.obolibrary.org/obo/HP_0000124,http://purl.obolibrary.org/obo/UBERON_0001231,https://purl.humanatlas.io/vocab/hp#characteristic_of,https://purl.humanatlas.io/vocab/hp
http://purl.obolibrary.org/obo/HP_0000124,http://purl.obolibrary.org/obo/UBERON_0002113,https://purl.humanatlas.io/vocab/hp#characteristic_of,https://purl.humanatlas.io/vocab/hp
http://purl.obolibrary.org/obo/HP_0000124,http://purl.obolibrary.org/obo/UBERON_0002113,https://purl.humanatlas.io/vocab/hp#characteristic_of_part_of,https://purl.humanatlas.io/vocab/hp
http://purl.obolibrary.org/obo/HP_0000124,http://purl.obolibrary.org/obo/UBERON_0011143,https://purl.humanatlas.io/vocab/hp#characteristic_of_part_of,https://purl.humanatlas.io/vocab/hp
http://purl.obolibrary.org/obo/HP_0000124,http://purl.obolibrary.org/obo/UBERON_0001008,https://purl.humanatlas.io/vocab/hp#characteristic_of_part_of,https://purl.humanatlas.io/vocab/hp
http://purl.obolibrary.org/obo/HP_0000124,http://purl.obolibrary.org/obo/UBERON_0001008,https://purl.humanatlas.io/vocab/hp#characteristic_of,https://purl.humanatlas.io/vocab/hp
http://purl.obolibrary.org/obo/HP_0000125,http://purl.obolibrary.org/obo/UBERON_0002113,https://purl.humanatlas.io/vocab/hp#characteristic_of,https://purl.humanatlas.io/vocab/hp
http://purl.obolibrary.org/obo/HP_0000125,http://purl.obolibrary.org/obo/UBERON_0002113,https://purl.humanatlas.io/vocab/hp#characteristic_of_part_of,https://purl.humanatlas.io/vocab/hp
http://purl.obolibrary.org/obo/HP_0000125,http://purl.obolibrary.org/obo/UBERON_0011143,https://purl.humanatlas.io/vocab/hp#characteristic_of_part_of,https://purl.humanatlas.io/vocab/hp
http://purl.obolibrary.org/obo/HP_0000125,http://purl.obolibrary.org/obo/UBERON_0001008,https://purl.humanatlas.io/vocab/hp#characteristic_of_part_of,https://purl.humanatlas.io/vocab/hp
http://purl.obolibrary.org/obo/HP_0000126,http://purl.obolibrary.org/obo/UBERON_0001224,https://purl.humanatlas.io/vocab/hp#characteristic_of,https://purl.humanatlas.io/vocab/hp
http://purl.obolibrary.org/obo/HP_0000126,http://purl.obolibrary.org/obo/UBERON_0001224,https://purl.humanatlas.io/vocab/hp#characteristic_of_part_of,https://purl.humanatlas.io/vocab/hp
http://purl.obolibrary.org/obo/HP_0000126,http://purl.obolibrary.org/obo/UBERON_0002113,https://purl.humanatlas.io/vocab/hp#characteristic_of_part_of,https://purl.humanatlas.io/vocab/hp
http://purl.obolibrary.org/obo/HP_0000126,http://purl.obolibrary.org/obo/UBERON_0011143,https://purl.humanatlas.io/vocab/hp#characteristic_of_part_of,https://purl.humanatlas.io/vocab/hp
http://purl.obolibrary.org/obo/HP_0000126,http://purl.obolibrary.org/obo/UBERON_0001008,https://purl.humanatlas.io/vocab/hp#characteristic_of_part_of,https://purl.humanatlas.io/vocab/hp
http://purl.obolibrary.org/obo/HP_0000127,http://purl.obolibrary.org/obo/UBERON_0001008,https://purl.humanatlas.io/vocab/hp#characteristic_of,https://purl.humanatlas.io/vocab/hp
http://purl.obolibrary.org/obo/HP_0000127,http://purl.obolibrary.org/obo/UBERON_0001008,https://purl.humanatlas.io/vocab/hp#characteristic_of_part_of,https://purl.humanatlas.io/vocab/hp
http://purl.obolibrary.org/obo/HP_0000128,http://purl.obolibrary.org/obo/UBERON_0001008,https://purl.humanatlas.io/vocab/hp#characteristic_of,https://purl.humanatlas.io/vocab/hp
http://purl.obolibrary.org/obo/HP_0000128,http://purl.obolibrary.org/obo/UBERON_0001008,https://purl.humanatlas.io/vocab/hp#characteristic_of_part_of,https://purl.humanatlas.io/vocab/hp
http://purl.obolibrary.org/obo/HP_0000787,http://purl.obolibrary.org/obo/UBERON_0002113,https://purl.humanatlas.io/vocab/hp#characteristic_of_part_of,https://purl.humanatlas.io/vocab/hp
http://purl.obolibrary.org/obo/HP_0000787,http://purl.obolibrary.org/obo/UBERON_0011143,https://purl.humanatlas.io/vocab/hp#characteristic_of_part_of,https://purl.humanatlas.io/vocab/hp
http://purl.obolibrary.org/obo/HP_0000787,http://purl.obolibrary.org/obo/UBERON_0001008,https://purl.humanatlas.io/vocab/hp#characteristic_of_part_of,https://purl.humanatlas.io/vocab/hp
http://purl.obolibrary.org/obo/HP_0000790,http://purl.obolibrary.org/obo/UBERON_0002113,https://purl.humanatlas.io/vocab/hp#characteristic_of,https://purl.humanatlas.io/vocab/hp
http://purl.obolibrary.org/obo/HP_0000790,http://purl.obolibrary.org/obo/UBERON_0002113,https://purl.humanatlas.io/vocab/hp#characteristic_of_part_of,https://purl.humanatlas.io/vocab/hp
http://purl.obolibrary.org/obo/HP_0000790,http://purl.obolibrary.org/obo/UBERON_0011143,https://purl.humanatlas.io/vocab/hp#characteristic_of_part_of,https://purl.humanatlas.io/vocab/hp
http://purl.obolibrary.org/obo/HP_0000790,http://purl.obolibrary.org/obo/UBERON_0001008,https://purl.humanatlas.io/vocab/hp#characteristic_of_part_of,https://purl.humanatlas.io/vocab/hp
http://purl.obolibrary.org/obo/HP_0000790,http://purl.obolibrary.org/obo/UBERON_0001008,https://purl.humanatlas.io/vocab/hp#characteristic_of,https://purl.humanatlas.io/vocab/hp
http://purl.obolibrary.org/obo/HP_0000791,http://purl.obolibrary.org/obo/UBERON_0002113,https://purl.humanatlas.io/vocab/hp#characteristic_of_part_of,https://purl.humanatlas.io/vocab/hp
http://purl.obolibrary.org/obo/HP_0000791,http://purl.obolibrary.org/obo/UBERON_0011143,https://purl.humanatlas.io/vocab/hp#characteristic_of_part_of,https://purl.humanatlas.io/vocab/hp
http://purl.obolibrary.org/obo/HP_0000791,http://purl.obolibrary.org/obo/UBERON_0001008,https://purl.humanatlas.io/vocab/hp#characteristic_of_part_of,https://purl.humanatlas.io/vocab/hp
http://purl.obolibrary.org/obo/HP_0000793,http://purl.obolibrary.org/obo/UBERON_0000074,https://purl.humanatlas.io/vocab/hp#characteristic_of_part_of,https://purl.humanatlas.io/vocab/hp
http://purl.obolibrary.org/obo/HP_0000793,http://purl.obolibrary.org/obo/UBERON_0001225,https://purl.humanatlas.io/vocab/hp#characteristic_of,https://purl.humanatlas.io/vocab/hp
http://purl.obolibrary.org/obo/HP_0000793,http://purl.obolibrary.org/obo/UBERON_0002113,https://purl.humanatlas.io/vocab/hp#characteristic_of_part_of,https://purl.humanatlas.io/vocab/hp
http://purl.obolibrary.org/obo/HP_0000793,http://purl.obolibrary.org/obo/UBERON_0011143,https://purl.humanatlas.io/vocab/hp#characteristic_of_part_of,https://purl.humanatlas.io/vocab/hp
http://purl.obolibrary.org/obo/HP_0000793,http://purl.obolibrary.org/obo/UBERON_0001008,https://purl.humanatlas.io/vocab/hp#characteristic_of_part_of,https://purl.humanatlas.io/vocab/hp
http://purl.obolibrary.org/obo/HP_0000793,http://purl.obolibrary.org/obo/UBERON_0001285,https://purl.humanatlas.io/vocab/hp#characteristic_of_part_of,https://purl.humanatlas.io/vocab/hp
http://purl.obolibrary.org/obo/HP_0000793,http://purl.obolibrary.org/obo/UBERON_0002113,https://purl.humanatlas.io/vocab/hp#occurs_in,https://purl.humanatlas.io/vocab/hp
http://purl.obolibrary.org/obo/HP_0000793,http://purl.obolibrary.org/obo/UBERON_0002113,https://purl.humanatlas.io/vocab/hp#characteristic_of,https://purl.humanatlas.io/vocab/hp
http://purl.obolibrary.org/obo/HP_0000793,http://purl.obolibrary.org/obo/UBERON_0001008,https://purl.humanatlas.io/vocab/hp#characteristic_of,https://purl.humanatlas.io/vocab/hp
http://purl.obolibrary.org/obo/HP_0000794,http://purl.obolibrary.org/obo/UBERON_0000074,https://purl.humanatlas.io/vocab/hp#characteristic_of_part_of,https://purl.humanatlas.io/vocab/hp
http://purl.obolibrary.org/obo/HP_0000794,http://purl.obolibrary.org/obo/UBERON_0001225,https://purl.humanatlas.io/vocab/hp#characteristic_of,https://purl.humanatlas.io/vocab/hp
http://purl.obolibrary.org/obo/HP_0000794,http://purl.obolibrary.org/obo/UBERON_0002113,https://purl.humanatlas.io/vocab/hp#characteristic_of_part_of,https://purl.humanatlas.io/vocab/hp
http://purl.obolibrary.org/obo/HP_0000794,http://purl.obolibrary.org/obo/UBERON_0011143,https://purl.humanatlas.io/vocab/hp#characteristic_of_part_of,https://purl.humanatlas.io/vocab/hp
http://purl.obolibrary.org/obo/HP_0000794,http://purl.obolibrary.org/obo/UBERON_0001008,https://purl.humanatlas.io/vocab/hp#characteristic_of_part_of,https://purl.humanatlas.io/vocab/hp
http://purl.obolibrary.org/obo/HP_0000794,http://purl.obolibrary.org/obo/UBERON_0001285,https://purl.humanatlas.io/vocab/hp#characteristic_of_part_of,https://purl.humanatlas.io/vocab/hp
http://purl.obolibrary.org/obo/HP_0000795,http://purl.obolibrary.org/obo/UBERON_0001556,https://purl.humanatlas.io/vocab/hp#characteristic_of_part_of,https://purl.humanatlas.io/vocab/hp
http://purl.obolibrary.org/obo/HP_0000795,http://purl.obolibrary.org/obo/UBERON_0001008,https://purl.humanatlas.io/vocab/hp#characteristic_of_part_of,https://purl.humanatlas.io/vocab/hp
http://purl.obolibrary.org/obo/HP_0000796,http://purl.obolibrary.org/obo/UBERON_0001556,https://purl.humanatlas.io/vocab/hp#characteristic_of_part_of,https://purl.humanatlas.io/vocab/hp
http://purl.obolibrary.org/obo/HP_0000796,http://purl.obolibrary.org/obo/UBERON_0001008,https://purl.humanatlas.io/vocab/hp#characteristic_of_part_of,https://purl.humanatlas.io/vocab/hp
http://purl.obolibrary.org/obo/HP_0000799,http://purl.obolibrary.org/obo/UBERON_0002113,https://purl.humanatlas.io/vocab/hp#part_of,https://purl.humanatlas.io/vocab/hp
http://purl.obolibrary.org/obo/HP_0000799,http://purl.obolibrary.org/obo/UBERON_0002113,https://purl.humanatlas.io/vocab/hp#characteristic_of_part_of,https://purl.humanatlas.io/vocab/hp
http://purl.obolibrary.org/obo/HP_0000799,http://purl.obolibrary.org/obo/UBERON_0011143,https://purl.humanatlas.io/vocab/hp#characteristic_of_part_of,https://purl.humanatlas.io/vocab/hp
http://purl.obolibrary.org/obo/HP_0000799,http://purl.obolibrary.org/obo/UBERON_0001008,https://purl.humanatlas.io/vocab/hp#characteristic_of_part_of,https://purl.humanatlas.io/vocab/hp
http://purl.obolibrary.org/obo/HP_0000800,http://purl.obolibrary.org/obo/UBERON_0002113,https://purl.humanatlas.io/vocab/hp#part_of,https://purl.humanatlas.io/vocab/hp
http://purl.obolibrary.org/obo/HP_0000800,http://purl.obolibrary.org/obo/UBERON_0002113,https://purl.humanatlas.io/vocab/hp#characteristic_of_part_of,https://purl.humanatlas.io/vocab/hp
http://purl.obolibrary.org/obo/HP_0000800,http://purl.obolibrary.org/obo/UBERON_0011143,https://purl.humanatlas.io/vocab/hp#characteristic_of_part_of,https://purl.humanatlas.io/vocab/hp
http://purl.obolibrary.org/obo/HP_0000800,http://purl.obolibrary.org/obo/UBERON_0001008,https://purl.humanatlas.io/vocab/hp#characteristic_of_part_of,https://purl.humanatlas.io/vocab/hp
http://purl.obolibrary.org/obo/HP_0000803,http://purl.obolibrary.org/obo/UBERON_0001225,https://purl.humanatlas.io/vocab/hp#part_of,https://purl.humanatlas.io/vocab/hp
http://purl.obolibrary.org/obo/HP_0000803,http://purl.obolibrary.org/obo/UBERON_0002113,https://purl.humanatlas.io/vocab/hp#part_of,https://purl.humanatlas.io/vocab/hp
http://purl.obolibrary.org/obo/HP_0000803,http://purl.obolibrary.org/obo/UBERON_0002113,https://purl.humanatlas.io/vocab/hp#characteristic_of_part_of,https://purl.humanatlas.io/vocab/hp
http://purl.obolibrary.org/obo/HP_0000803,http://purl.obolibrary.org/obo/UBERON_0011143,https://purl.humanatlas.io/vocab/hp#characteristic_of_part_of,https://purl.humanatlas.io/vocab/hp
http://purl.obolibrary.org/obo/HP_0000803,http://purl.obolibrary.org/obo/UBERON_0001008,https://purl.humanatlas.io/vocab/hp#characteristic_of_part_of,https://purl.humanatlas.io/vocab/hp
http://purl.obolibrary.org/obo/HP_0000803,http://purl.obolibrary.org/obo/UBERON_0001225,https://purl.humanatlas.io/vocab/hp#characteristic_of,https://purl.humanatlas.io/vocab/hp
http://purl.obolibrary.org/obo/HP_0000804,http://purl.obolibrary.org/obo/UBERON_0002113,https://purl.humanatlas.io/vocab/hp#characteristic_of_part_of,https://purl.humanatlas.io/vocab/hp
http://purl.obolibrary.org/obo/HP_0000804,http://purl.obolibrary.org/obo/UBERON_0011143,https://purl.humanatlas.io/vocab/hp#characteristic_of_part_of,https://purl.humanatlas.io/vocab/hp
http://purl.obolibrary.org/obo/HP_0000804,http://purl.obolibrary.org/obo/UBERON_0001008,https://purl.humanatlas.io/vocab/hp#characteristic_of_part_of,https://purl.humanatlas.io/vocab/hp
http://purl.obolibrary.org/obo/HP_0000805,http://purl.obolibrary.org/obo/UBERON_0001255,https://purl.humanatlas.io/vocab/hp#characteristic_of,https://purl.humanatlas.io/vocab/hp
http://purl.obolibrary.org/obo/HP_0000805,http://purl.obolibrary.org/obo/UBERON_0001255,https://purl.humanatlas.io/vocab/hp#characteristic_of_part_of,https://purl.humanatlas.io/vocab/hp
http://purl.obolibrary.org/obo/HP_0000805,http://purl.obolibrary.org/obo/UBERON_0001556,https://purl.humanatlas.io/vocab/hp#characteristic_of_part_of,https://purl.humanatlas.io/vocab/hp
http://purl.obolibrary.org/obo/HP_0000805,http://purl.obolibrary.org/obo/UBERON_0001008,https://purl.humanatlas.io/vocab/hp#characteristic_of_part_of,https://purl.humanatlas.io/vocab/hp
http://purl.obolibrary.org/obo/HP_0000807,http://purl.obolibrary.org/obo/UBERON_0001556,https://purl.humanatlas.io/vocab/hp#characteristic_of_part_of,https://purl.humanatlas.io/vocab/hp
http://purl.obolibrary.org/obo/HP_0000807,http://purl.obolibrary.org/obo/UBERON_0001008,https://purl.humanatlas.io/vocab/hp#characteristic_of_part_of,https://purl.humanatlas.io/vocab/hp
http://purl.obolibrary.org/obo/HP_0000808,http://purl.obolibrary.org/obo/UBERON_0001556,https://purl.humanatlas.io/vocab/hp#characteristic_of_part_of,https://purl.humanatlas.io/vocab/hp
http://purl.obolibrary.org/obo/HP_0000808,http://purl.obolibrary.org/obo/UBERON_0001008,https://purl.humanatlas.io/vocab/hp#characteristic_of_part_of,https://purl.humanatlas.io/vocab/hp
http://purl.obolibrary.org/obo/HP_0000809,http://purl.obolibrary.org/obo/UBERON_0001008,https://purl.humanatlas.io/vocab/hp#characteristic_of_part_of,https://purl.humanatlas.io/vocab/hp
http://purl.obolibrary.org/obo/HP_0001586,http://purl.obolibrary.org/obo/UBERON_0001255,https://purl.humanatlas.io/vocab/hp#part_of,https://purl.humanatlas.io/vocab/hp
http://purl.obolibrary.org/obo/HP_0001586,http://purl.obolibrary.org/obo/UBERON_0001255,https://purl.humanatlas.io/vocab/hp#characteristic_of,https://purl.humanatlas.io/vocab/hp
http://purl.obolibrary.org/obo/HP_0001586,http://purl.obolibrary.org/obo/UBERON_0001255,https://purl.humanatlas.io/vocab/hp#characteristic_of_part_of,https://purl.humanatlas.io/vocab/hp
http://purl.obolibrary.org/obo/HP_0001586,http://purl.obolibrary.org/obo/UBERON_0001556,https://purl.humanatlas.io/vocab/hp#characteristic_of_part_of,https://purl.humanatlas.io/vocab/hp
http://purl.obolibrary.org/obo/HP_0001586,http://purl.obolibrary.org/obo/UBERON_0001008,https://purl.humanatlas.io/vocab/hp#characteristic_of_part_of,https://purl.humanatlas.io/vocab/hp
http://purl.obolibrary.org/obo/HP_0001917,http://purl.obolibrary.org/obo/UBERON_0002113,https://purl.humanatlas.io/vocab/hp#characteristic_of_part_of,https://purl.humanatlas.io/vocab/hp
http://purl.obolibrary.org/obo/HP_0001917,http://purl.obolibrary.org/obo/UBERON_0011143,https://purl.humanatlas.io/vocab/hp#characteristic_of_part_of,https://purl.humanatlas.io/vocab/hp
http://purl.obolibrary.org/obo/HP_0001917,http://purl.obolibrary.org/obo/UBERON_0001008,https://purl.humanatlas.io/vocab/hp#characteristic_of_part_of,https://purl.humanatlas.io/vocab/hp
http://purl.obolibrary.org/obo/HP_0001919,http://purl.obolibrary.org/obo/UBERON_0002113,https://purl.humanatlas.io/vocab/hp#characteristic_of,https://purl.humanatlas.io/vocab/hp
http://purl.obolibrary.org/obo/HP_0001919,http://purl.obolibrary.org/obo/UBERON_0002113,https://purl.humanatlas.io/vocab/hp#characteristic_of_part_of,https://purl.humanatlas.io/vocab/hp
http://purl.obolibrary.org/obo/HP_0001919,http://purl.obolibrary.org/obo/UBERON_0011143,https://purl.humanatlas.io/vocab/hp#characteristic_of_part_of,https://purl.humanatlas.io/vocab/hp
http://purl.obolibrary.org/obo/HP_0001919,http://purl.obolibrary.org/obo/UBERON_0001008,https://purl.humanatlas.io/vocab/hp#characteristic_of_part_of,https://purl.humanatlas.io/vocab/hp
http://purl.obolibrary.org/obo/HP_0001919,http://purl.obolibrary.org/obo/UBERON_0001008,https://purl.humanatlas.io/vocab/hp#characteristic_of,https://purl.humanatlas.io/vocab/hp
http://purl.obolibrary.org/obo/HP_0001920,http://purl.obolibrary.org/obo/UBERON_0002113,https://purl.humanatlas.io/vocab/hp#characteristic_of_part_of,https://purl.humanatlas.io/vocab/hp
http://purl.obolibrary.org/obo/HP_0001920,http://purl.obolibrary.org/obo/UBERON_0011143,https://purl.humanatlas.io/vocab/hp#characteristic_of_part_of,https://purl.humanatlas.io/vocab/hp
http://purl.obolibrary.org/obo/HP_0001920,http://purl.obolibrary.org/obo/UBERON_0001008,https://purl.humanatlas.io/vocab/hp#characteristic_of_part_of,https://purl.humanatlas.io/vocab/hp
http://purl.obolibrary.org/obo/HP_0001947,http://purl.obolibrary.org/obo/UBERON_0001231,https://purl.humanatlas.io/vocab/hp#characteristic_of,https://purl.humanatlas.io/vocab/hp
http://purl.obolibrary.org/obo/HP_0001947,http://purl.obolibrary.org/obo/UBERON_0002113,https://purl.humanatlas.io/vocab/hp#characteristic_of,https://purl.humanatlas.io/vocab/hp
http://purl.obolibrary.org/obo/HP_0001947,http://purl.obolibrary.org/obo/UBERON_0002113,https://purl.humanatlas.io/vocab/hp#characteristic_of_part_of,https://purl.humanatlas.io/vocab/hp
http://purl.obolibrary.org/obo/HP_0001947,http://purl.obolibrary.org/obo/UBERON_0011143,https://purl.humanatlas.io/vocab/hp#characteristic_of_part_of,https://purl.humanatlas.io/vocab/hp
http://purl.obolibrary.org/obo/HP_0001947,http://purl.obolibrary.org/obo/UBERON_0001008,https://purl.humanatlas.io/vocab/hp#characteristic_of_part_of,https://purl.humanatlas.io/vocab/hp
http://purl.obolibrary.org/obo/HP_0001947,http://purl.obolibrary.org/obo/UBERON_0001008,https://purl.humanatlas.io/vocab/hp#characteristic_of,https://purl.humanatlas.io/vocab/hp
http://purl.obolibrary.org/obo/HP_0001966,http://purl.obolibrary.org/obo/UBERON_0002319,https://purl.humanatlas.io/vocab/hp#characteristic_of_part_of,https://purl.humanatlas.io/vocab/hp
http://purl.obolibrary.org/obo/HP_0001966,http://purl.obolibrary.org/obo/UBERON_0000074,https://purl.humanatlas.io/vocab/hp#characteristic_of_part_of,https://purl.humanatlas.io/vocab/hp
http://purl.obolibrary.org/obo/HP_0001966,http://purl.obolibrary.org/obo/UBERON_0001225,https://purl.humanatlas.io/vocab/hp#characteristic_of,https://purl.humanatlas.io/vocab/hp
http://purl.obolibrary.org/obo/HP_0001966,http://purl.obolibrary.org/obo/UBERON_0002113,https://purl.humanatlas.io/vocab/hp#characteristic_of_part_of,https://purl.humanatlas.io/vocab/hp
http://purl.obolibrary.org/obo/HP_0001966,http://purl.obolibrary.org/obo/UBERON_0011143,https://purl.humanatlas.io/vocab/hp#characteristic_of_part_of,https://purl.humanatlas.io/vocab/hp
http://purl.obolibrary.org/obo/HP_0001966,http://purl.obolibrary.org/obo/UBERON_0001008,https://purl.humanatlas.io/vocab/hp#characteristic_of_part_of,https://purl.humanatlas.io/vocab/hp
http://purl.obolibrary.org/obo/HP_0001966,http://purl.obolibrary.org/obo/UBERON_0001285,https://purl.humanatlas.io/vocab/hp#characteristic_of_part_of,https://purl.humanatlas.io/vocab/hp
http://purl.obolibrary.org/obo/HP_0001967,http://purl.obolibrary.org/obo/UBERON_0002319,https://purl.humanatlas.io/vocab/hp#characteristic_of_part_of,https://purl.humanatlas.io/vocab/hp
http://purl.obolibrary.org/obo/HP_0001967,http://purl.obolibrary.org/obo/UBERON_0000074,https://purl.humanatlas.io/vocab/hp#characteristic_of_part_of,https://purl.humanatlas.io/vocab/hp
http://purl.obolibrary.org/obo/HP_0001967,http://purl.obolibrary.org/obo/UBERON_0001225,https://purl.humanatlas.io/vocab/hp#characteristic_of,https://purl.humanatlas.io/vocab/hp
http://purl.obolibrary.org/obo/HP_0001967,http://purl.obolibrary.org/obo/UBERON_0002113,https://purl.humanatlas.io/vocab/hp#characteristic_of_part_of,https://purl.humanatlas.io/vocab/hp
http://purl.obolibrary.org/obo/HP_0001967,http://purl.obolibrary.org/obo/UBERON_0011143,https://purl.humanatlas.io/vocab/hp#characteristic_of_part_of,https://purl.humanatlas.io/vocab/hp
http://purl.obolibrary.org/obo/HP_0001967,http://purl.obolibrary.org/obo/UBERON_0001008,https://purl.humanatlas.io/vocab/hp#characteristic_of_part_of,https://purl.humanatlas.io/vocab/hp
http://purl.obolibrary.org/obo/HP_0001967,http://purl.obolibrary.org/obo/UBERON_0001285,https://purl.humanatlas.io/vocab/hp#characteristic_of_part_of,https://purl.humanatlas.io/vocab/hp
http://purl.obolibrary.org/obo/HP_0001969,http://purl.obolibrary.org/obo/UBERON_0001231,https://purl.humanatlas.io/vocab/hp#characteristic_of_part_of,https://purl.humanatlas.io/vocab/hp
http://purl.obolibrary.org/obo/HP_0001969,http://purl.obolibrary.org/obo/UBERON_0001285,https://purl.humanatlas.io/vocab/hp#characteristic_of_part_of,https://purl.humanatlas.io/vocab/hp
http://purl.obolibrary.org/obo/HP_0001969,http://purl.obolibrary.org/obo/UBERON_0002113,https://purl.humanatlas.io/vocab/hp#characteristic_of_part_of,https://purl.humanatlas.io/vocab/hp
http://purl.obolibrary.org/obo/HP_0001969,http://purl.obolibrary.org/obo/UBERON_0011143,https://purl.humanatlas.io/vocab/hp#characteristic_of_part_of,https://purl.humanatlas.io/vocab/hp
http://purl.obolibrary.org/obo/HP_0001969,http://purl.obolibrary.org/obo/UBERON_0001008,https://purl.humanatlas.io/vocab/hp#characteristic_of_part_of,https://purl.humanatlas.io/vocab/hp
http://purl.obolibrary.org/obo/HP_0001970,http://purl.obolibrary.org/obo/UBERON_0001231,https://purl.humanatlas.io/vocab/hp#characteristic_of_part_of,https://purl.humanatlas.io/vocab/hp
http://purl.obolibrary.org/obo/HP_0001970,http://purl.obolibrary.org/obo/UBERON_0001285,https://purl.humanatlas.io/vocab/hp#characteristic_of_part_of,https://purl.humanatlas.io/vocab/hp
http://purl.obolibrary.org/obo/HP_0001970,http://purl.obolibrary.org/obo/UBERON_0002113,https://purl.humanatlas.io/vocab/hp#characteristic_of_part_of,https://purl.humanatlas.io/vocab/hp
http://purl.obolibrary.org/obo/HP_0001970,http://purl.obolibrary.org/obo/UBERON_0011143,https://purl.humanatlas.io/vocab/hp#characteristic_of_part_of,https://purl.humanatlas.io/vocab/hp
http://purl.obolibrary.org/obo/HP_0001970,http://purl.obolibrary.org/obo/UBERON_0001008,https://purl.humanatlas.io/vocab/hp#characteristic_of_part_of,https://purl.humanatlas.io/vocab/hp
http://purl.obolibrary.org/obo/HP_0001992,http://purl.obolibrary.org/obo/UBERON_0001008,https://purl.humanatlas.io/vocab/hp#characteristic_of,https://purl.humanatlas.io/vocab/hp
http://purl.obolibrary.org/obo/HP_0001992,http://purl.obolibrary.org/obo/UBERON_0001008,https://purl.humanatlas.io/vocab/hp#characteristic_of_part_of,https://purl.humanatlas.io/vocab/hp
http://purl.obolibrary.org/obo/HP_0001994,http://purl.obolibrary.org/obo/UBERON_0001231,https://purl.humanatlas.io/vocab/hp#characteristic_of,https://purl.humanatlas.io/vocab/hp
http://purl.obolibrary.org/obo/HP_0001994,http://purl.obolibrary.org/obo/UBERON_0002113,https://purl.humanatlas.io/vocab/hp#characteristic_of,https://purl.humanatlas.io/vocab/hp
http://purl.obolibrary.org/obo/HP_0001994,http://purl.obolibrary.org/obo/UBERON_0002113,https://purl.humanatlas.io/vocab/hp#characteristic_of_part_of,https://purl.humanatlas.io/vocab/hp
http://purl.obolibrary.org/obo/HP_0001994,http://purl.obolibrary.org/obo/UBERON_0011143,https://purl.humanatlas.io/vocab/hp#characteristic_of_part_of,https://purl.humanatlas.io/vocab/hp
http://purl.obolibrary.org/obo/HP_0001994,http://purl.obolibrary.org/obo/UBERON_0001008,https://purl.humanatlas.io/vocab/hp#characteristic_of_part_of,https://purl.humanatlas.io/vocab/hp
http://purl.obolibrary.org/obo/HP_0001994,http://purl.obolibrary.org/obo/UBERON_0001008,https://purl.humanatlas.io/vocab/hp#characteristic_of,https://purl.humanatlas.io/vocab/hp
http://purl.obolibrary.org/obo/HP_0002048,http://purl.obolibrary.org/obo/UBERON_0001225,https://purl.humanatlas.io/vocab/hp#characteristic_of,https://purl.humanatlas.io/vocab/hp
http://purl.obolibrary.org/obo/HP_0002048,http://purl.obolibrary.org/obo/UBERON_0002113,https://purl.humanatlas.io/vocab/hp#characteristic_of_part_of,https://purl.humanatlas.io/vocab/hp
http://purl.obolibrary.org/obo/HP_0002048,http://purl.obolibrary.org/obo/UBERON_0011143,https://purl.humanatlas.io/vocab/hp#characteristic_of_part_of,https://purl.humanatlas.io/vocab/hp
http://purl.obolibrary.org/obo/HP_0002048,http://purl.obolibrary.org/obo/UBERON_0001008,https://purl.humanatlas.io/vocab/hp#characteristic_of_part_of,https://purl.humanatlas.io/vocab/hp
http://purl.obolibrary.org/obo/HP_0002048,http://purl.obolibrary.org/obo/UBERON_0002113,https://purl.humanatlas.io/vocab/hp#characteristic_of,https://purl.humanatlas.io/vocab/hp
http://purl.obolibrary.org/obo/HP_0002049,http://purl.obolibrary.org/obo/UBERON_0001231,https://purl.humanatlas.io/vocab/hp#characteristic_of,https://purl.humanatlas.io/vocab/hp
http://purl.obolibrary.org/obo/HP_0002049,http://purl.obolibrary.org/obo/UBERON_0002113,https://purl.humanatlas.io/vocab/hp#characteristic_of,https://purl.humanatlas.io/vocab/hp
http://purl.obolibrary.org/obo/HP_0002049,http://purl.obolibrary.org/obo/UBERON_0002113,https://purl.humanatlas.io/vocab/hp#characteristic_of_part_of,https://purl.humanatlas.io/vocab/hp
http://purl.obolibrary.org/obo/HP_0002049,http://purl.obolibrary.org/obo/UBERON_0011143,https://purl.humanatlas.io/vocab/hp#characteristic_of_part_of,https://purl.humanatlas.io/vocab/hp
http://purl.obolibrary.org/obo/HP_0002049,http://purl.obolibrary.org/obo/UBERON_0001008,https://purl.humanatlas.io/vocab/hp#characteristic_of_part_of,https://purl.humanatlas.io/vocab/hp
http://purl.obolibrary.org/obo/HP_0002049,http://purl.obolibrary.org/obo/UBERON_0001008,https://purl.humanatlas.io/vocab/hp#characteristic_of,https://purl.humanatlas.io/vocab/hp
http://purl.obolibrary.org/obo/HP_0002150,http://purl.obolibrary.org/obo/UBERON_0001008,https://purl.humanatlas.io/vocab/hp#characteristic_of,https://purl.humanatlas.io/vocab/hp
http://purl.obolibrary.org/obo/HP_0002150,http://purl.obolibrary.org/obo/UBERON_0001008,https://purl.humanatlas.io/vocab/hp#characteristic_of_part_of,https://purl.humanatlas.io/vocab/hp
http://purl.obolibrary.org/obo/HP_0002156,http://purl.obolibrary.org/obo/UBERON_0001008,https://purl.humanatlas.io/vocab/hp#characteristic_of,https://purl.humanatlas.io/vocab/hp
http://purl.obolibrary.org/obo/HP_0002156,http://purl.obolibrary.org/obo/UBERON_0001008,https://purl.humanatlas.io/vocab/hp#characteristic_of_part_of,https://purl.humanatlas.io/vocab/hp
http://purl.obolibrary.org/obo/HP_0002159,http://purl.obolibrary.org/obo/UBERON_0001008,https://purl.humanatlas.io/vocab/hp#characteristic_of,https://purl.humanatlas.io/vocab/hp
http://purl.obolibrary.org/obo/HP_0002159,http://purl.obolibrary.org/obo/UBERON_0001008,https://purl.humanatlas.io/vocab/hp#characteristic_of_part_of,https://purl.humanatlas.io/vocab/hp
http://purl.obolibrary.org/obo/HP_0002667,http://purl.obolibrary.org/obo/UBERON_0002113,https://purl.humanatlas.io/vocab/hp#characteristic_of_part_of,https://purl.humanatlas.io/vocab/hp
http://purl.obolibrary.org/obo/HP_0002667,http://purl.obolibrary.org/obo/UBERON_0011143,https://purl.humanatlas.io/vocab/hp#characteristic_of_part_of,https://purl.humanatlas.io/vocab/hp
http://purl.obolibrary.org/obo/HP_0002667,http://purl.obolibrary.org/obo/UBERON_0001008,https://purl.humanatlas.io/vocab/hp#characteristic_of_part_of,https://purl.humanatlas.io/vocab/hp
http://purl.obolibrary.org/obo/HP_0002836,http://purl.obolibrary.org/obo/UBERON_0001255,https://purl.humanatlas.io/vocab/hp#characteristic_of,https://purl.humanatlas.io/vocab/hp
http://purl.obolibrary.org/obo/HP_0002836,http://purl.obolibrary.org/obo/UBERON_0001255,https://purl.humanatlas.io/vocab/hp#characteristic_of_part_of,https://purl.humanatlas.io/vocab/hp
http://purl.obolibrary.org/obo/HP_0002836,http://purl.obolibrary.org/obo/UBERON_0001556,https://purl.humanatlas.io/vocab/hp#characteristic_of_part_of,https://purl.humanatlas.io/vocab/hp
http://purl.obolibrary.org/obo/HP_0002836,http://purl.obolibrary.org/obo/UBERON_0001008,https://purl.humanatlas.io/vocab/hp#characteristic_of_part_of,https://purl.humanatlas.io/vocab/hp
http://purl.obolibrary.org/obo/HP_0002839,http://purl.obolibrary.org/obo/UBERON_0001255,https://purl.humanatlas.io/vocab/hp#characteristic_of,https://purl.humanatlas.io/vocab/hp
http://purl.obolibrary.org/obo/HP_0002839,http://purl.obolibrary.org/obo/UBERON_0001255,https://purl.humanatlas.io/vocab/hp#characteristic_of_part_of,https://purl.humanatlas.io/vocab/hp
http://purl.obolibrary.org/obo/HP_0002839,http://purl.obolibrary.org/obo/UBERON_0001556,https://purl.humanatlas.io/vocab/hp#characteristic_of_part_of,https://purl.humanatlas.io/vocab/hp
http://purl.obolibrary.org/obo/HP_0002839,http://purl.obolibrary.org/obo/UBERON_0001008,https://purl.humanatlas.io/vocab/hp#characteristic_of_part_of,https://purl.humanatlas.io/vocab/hp
http://purl.obolibrary.org/obo/HP_0002907,http://purl.obolibrary.org/obo/UBERON_0002113,https://purl.humanatlas.io/vocab/hp#characteristic_of,https://purl.humanatlas.io/vocab/hp
http://purl.obolibrary.org/obo/HP_0002907,http://purl.obolibrary.org/obo/UBERON_0002113,https://purl.humanatlas.io/vocab/hp#characteristic_of_part_of,https://purl.humanatlas.io/vocab/hp
http://purl.obolibrary.org/obo/HP_0002907,http://purl.obolibrary.org/obo/UBERON_0011143,https://purl.humanatlas.io/vocab/hp#characteristic_of_part_of,https://purl.humanatlas.io/vocab/hp
http://purl.obolibrary.org/obo/HP_0002907,http://purl.obolibrary.org/obo/UBERON_0001008,https://purl.humanatlas.io/vocab/hp#characteristic_of_part_of,https://purl.humanatlas.io/vocab/hp
http://purl.obolibrary.org/obo/HP_0002907,http://purl.obolibrary.org/obo/UBERON_0001008,https://purl.humanatlas.io/vocab/hp#characteristic_of,https://purl.humanatlas.io/vocab/hp
http://purl.obolibrary.org/obo/HP_0002909,http://purl.obolibrary.org/obo/UBERON_0001008,https://purl.humanatlas.io/vocab/hp#characteristic_of,https://purl.humanatlas.io/vocab/hp
http://purl.obolibrary.org/obo/HP_0002909,http://purl.obolibrary.org/obo/UBERON_0001008,https://purl.humanatlas.io/vocab/hp#characteristic_of_part_of,https://purl.humanatlas.io/vocab/hp
http://purl.obolibrary.org/obo/HP_0002913,http://purl.obolibrary.org/obo/UBERON_0001008,https://purl.humanatlas.io/vocab/hp#characteristic_of,https://purl.humanatlas.io/vocab/hp
http://purl.obolibrary.org/obo/HP_0002913,http://purl.obolibrary.org/obo/UBERON_0001008,https://purl.humanatlas.io/vocab/hp#characteristic_of_part_of,https://purl.humanatlas.io/vocab/hp
http://purl.obolibrary.org/obo/HP_0002914,http://purl.obolibrary.org/obo/UBERON_0001008,https://purl.humanatlas.io/vocab/hp#characteristic_of,https://purl.humanatlas.io/vocab/hp
http://purl.obolibrary.org/obo/HP_0002914,http://purl.obolibrary.org/obo/UBERON_0001008,https://purl.humanatlas.io/vocab/hp#characteristic_of_part_of,https://purl.humanatlas.io/vocab/hp
http://purl.obolibrary.org/obo/HP_0002919,http://purl.obolibrary.org/obo/UBERON_0001008,https://purl.humanatlas.io/vocab/hp#characteristic_of,https://purl.humanatlas.io/vocab/hp
http://purl.obolibrary.org/obo/HP_0002919,http://purl.obolibrary.org/obo/UBERON_0001008,https://purl.humanatlas.io/vocab/hp#characteristic_of_part_of,https://purl.humanatlas.io/vocab/hp
http://purl.obolibrary.org/obo/HP_0002927,http://purl.obolibrary.org/obo/UBERON_0001008,https://purl.humanatlas.io/vocab/hp#characteristic_of,https://purl.humanatlas.io/vocab/hp
http://purl.obolibrary.org/obo/HP_0002927,http://purl.obolibrary.org/obo/UBERON_0001008,https://purl.humanatlas.io/vocab/hp#characteristic_of_part_of,https://purl.humanatlas.io/vocab/hp
http://purl.obolibrary.org/obo/HP_0003076,http://purl.obolibrary.org/obo/UBERON_0001008,https://purl.humanatlas.io/vocab/hp#characteristic_of,https://purl.humanatlas.io/vocab/hp
http://purl.obolibrary.org/obo/HP_0003076,http://purl.obolibrary.org/obo/UBERON_0001008,https://purl.humanatlas.io/vocab/hp#characteristic_of_part_of,https://purl.humanatlas.io/vocab/hp
http://purl.obolibrary.org/obo/HP_0003080,http://purl.obolibrary.org/obo/UBERON_0001008,https://purl.humanatlas.io/vocab/hp#characteristic_of,https://purl.humanatlas.io/vocab/hp
http://purl.obolibrary.org/obo/HP_0003080,http://purl.obolibrary.org/obo/UBERON_0001008,https://purl.humanatlas.io/vocab/hp#characteristic_of_part_of,https://purl.humanatlas.io/vocab/hp
http://purl.obolibrary.org/obo/HP_0003081,http://purl.obolibrary.org/obo/UBERON_0001008,https://purl.humanatlas.io/vocab/hp#characteristic_of,https://purl.humanatlas.io/vocab/hp
http://purl.obolibrary.org/obo/HP_0003081,http://purl.obolibrary.org/obo/UBERON_0001008,https://purl.humanatlas.io/vocab/hp#characteristic_of_part_of,https://purl.humanatlas.io/vocab/hp
http://purl.obolibrary.org/obo/HP_0003108,http://purl.obolibrary.org/obo/UBERON_0001008,https://purl.humanatlas.io/vocab/hp#characteristic_of,https://purl.humanatlas.io/vocab/hp
http://purl.obolibrary.org/obo/HP_0003108,http://purl.obolibrary.org/obo/UBERON_0001008,https://purl.humanatlas.io/vocab/hp#characteristic_of_part_of,https://purl.humanatlas.io/vocab/hp
http://purl.obolibrary.org/obo/HP_0003109,http://purl.obolibrary.org/obo/UBERON_0001008,https://purl.humanatlas.io/vocab/hp#characteristic_of,https://purl.humanatlas.io/vocab/hp
http://purl.obolibrary.org/obo/HP_0003109,http://purl.obolibrary.org/obo/UBERON_0001008,https://purl.humanatlas.io/vocab/hp#characteristic_of_part_of,https://purl.humanatlas.io/vocab/hp
http://purl.obolibrary.org/obo/HP_0003110,http://purl.obolibrary.org/obo/UBERON_0001008,https://purl.humanatlas.io/vocab/hp#characteristic_of,https://purl.humanatlas.io/vocab/hp
http://purl.obolibrary.org/obo/HP_0003110,http://purl.obolibrary.org/obo/UBERON_0001008,https://purl.humanatlas.io/vocab/hp#characteristic_of_part_of,https://purl.humanatlas.io/vocab/hp
http://purl.obolibrary.org/obo/HP_0003126,http://purl.obolibrary.org/obo/UBERON_0001008,https://purl.humanatlas.io/vocab/hp#characteristic_of,https://purl.humanatlas.io/vocab/hp
http://purl.obolibrary.org/obo/HP_0003126,http://purl.obolibrary.org/obo/UBERON_0001008,https://purl.humanatlas.io/vocab/hp#characteristic_of_part_of,https://purl.humanatlas.io/vocab/hp
http://purl.obolibrary.org/obo/HP_0003127,http://purl.obolibrary.org/obo/UBERON_0001008,https://purl.humanatlas.io/vocab/hp#characteristic_of,https://purl.humanatlas.io/vocab/hp
http://purl.obolibrary.org/obo/HP_0003127,http://purl.obolibrary.org/obo/UBERON_0001008,https://purl.humanatlas.io/vocab/hp#characteristic_of_part_of,https://purl.humanatlas.io/vocab/hp
http://purl.obolibrary.org/obo/HP_0003131,http://purl.obolibrary.org/obo/UBERON_0001008,https://purl.humanatlas.io/vocab/hp#characteristic_of,https://purl.humanatlas.io/vocab/hp
http://purl.obolibrary.org/obo/HP_0003131,http://purl.obolibrary.org/obo/UBERON_0001008,https://purl.humanatlas.io/vocab/hp#characteristic_of_part_of,https://purl.humanatlas.io/vocab/hp
http://purl.obolibrary.org/obo/HP_0003137,http://purl.obolibrary.org/obo/UBERON_0001008,https://purl.humanatlas.io/vocab/hp#characteristic_of,https://purl.humanatlas.io/vocab/hp
http://purl.obolibrary.org/obo/HP_0003137,http://purl.obolibrary.org/obo/UBERON_0001008,https://purl.humanatlas.io/vocab/hp#characteristic_of_part_of,https://purl.humanatlas.io/vocab/hp
http://purl.obolibrary.org/obo/HP_0003149,http://purl.obolibrary.org/obo/UBERON_0001008,https://purl.humanatlas.io/vocab/hp#characteristic_of,https://purl.humanatlas.io/vocab/hp
http://purl.obolibrary.org/obo/HP_0003149,http://purl.obolibrary.org/obo/UBERON_0001008,https://purl.humanatlas.io/vocab/hp#characteristic_of_part_of,https://purl.humanatlas.io/vocab/hp
http://purl.obolibrary.org/obo/HP_0003150,http://purl.obolibrary.org/obo/UBERON_0001008,https://purl.humanatlas.io/vocab/hp#characteristic_of,https://purl.humanatlas.io/vocab/hp
http://purl.obolibrary.org/obo/HP_0003150,http://purl.obolibrary.org/obo/UBERON_0001008,https://purl.humanatlas.io/vocab/hp#characteristic_of_part_of,https://purl.humanatlas.io/vocab/hp
http://purl.obolibrary.org/obo/HP_0003153,http://purl.obolibrary.org/obo/UBERON_0001008,https://purl.humanatlas.io/vocab/hp#characteristic_of,https://purl.humanatlas.io/vocab/hp
http://purl.obolibrary.org/obo/HP_0003153,http://purl.obolibrary.org/obo/UBERON_0001008,https://purl.humanatlas.io/vocab/hp#characteristic_of_part_of,https://purl.humanatlas.io/vocab/hp
http://purl.obolibrary.org/obo/HP_0003158,http://purl.obolibrary.org/obo/UBERON_0001008,https://purl.humanatlas.io/vocab/hp#characteristic_of,https://purl.humanatlas.io/vocab/hp
http://purl.obolibrary.org/obo/HP_0003158,http://purl.obolibrary.org/obo/UBERON_0001008,https://purl.humanatlas.io/vocab/hp#characteristic_of_part_of,https://purl.humanatlas.io/vocab/hp
http://purl.obolibrary.org/obo/HP_0003159,http://purl.obolibrary.org/obo/UBERON_0001008,https://purl.humanatlas.io/vocab/hp#characteristic_of,https://purl.humanatlas.io/vocab/hp
http://purl.obolibrary.org/obo/HP_0003159,http://purl.obolibrary.org/obo/UBERON_0001008,https://purl.humanatlas.io/vocab/hp#characteristic_of_part_of,https://purl.humanatlas.io/vocab/hp
http://purl.obolibrary.org/obo/HP_0003161,http://purl.obolibrary.org/obo/UBERON_0001008,https://purl.humanatlas.io/vocab/hp#characteristic_of,https://purl.humanatlas.io/vocab/hp
http://purl.obolibrary.org/obo/HP_0003161,http://purl.obolibrary.org/obo/UBERON_0001008,https://purl.humanatlas.io/vocab/hp#characteristic_of_part_of,https://purl.humanatlas.io/vocab/hp
http://purl.obolibrary.org/obo/HP_0003163,http://purl.obolibrary.org/obo/UBERON_0001008,https://purl.humanatlas.io/vocab/hp#characteristic_of,https://purl.humanatlas.io/vocab/hp
http://purl.obolibrary.org/obo/HP_0003163,http://purl.obolibrary.org/obo/UBERON_0001008,https://purl.humanatlas.io/vocab/hp#characteristic_of_part_of,https://purl.humanatlas.io/vocab/hp
http://purl.obolibrary.org/obo/HP_0003166,http://purl.obolibrary.org/obo/UBERON_0001008,https://purl.humanatlas.io/vocab/hp#characteristic_of,https://purl.humanatlas.io/vocab/hp
http://purl.obolibrary.org/obo/HP_0003166,http://purl.obolibrary.org/obo/UBERON_0001008,https://purl.humanatlas.io/vocab/hp#characteristic_of_part_of,https://purl.humanatlas.io/vocab/hp
http://purl.obolibrary.org/obo/HP_0003167,http://purl.obolibrary.org/obo/UBERON_0001008,https://purl.humanatlas.io/vocab/hp#characteristic_of,https://purl.humanatlas.io/vocab/hp
http://purl.obolibrary.org/obo/HP_0003167,http://purl.obolibrary.org/obo/UBERON_0001008,https://purl.humanatlas.io/vocab/hp#characteristic_of_part_of,https://purl.humanatlas.io/vocab/hp
http://purl.obolibrary.org/obo/HP_0003168,http://purl.obolibrary.org/obo/UBERON_0001008,https://purl.humanatlas.io/vocab/hp#characteristic_of,https://purl.humanatlas.io/vocab/hp
http://purl.obolibrary.org/obo/HP_0003168,http://purl.obolibrary.org/obo/UBERON_0001008,https://purl.humanatlas.io/vocab/hp#characteristic_of_part_of,https://purl.humanatlas.io/vocab/hp
http://purl.obolibrary.org/obo/HP_0003215,http://purl.obolibrary.org/obo/UBERON_0001008,https://purl.humanatlas.io/vocab/hp#characteristic_of,https://purl.humanatlas.io/vocab/hp
http://purl.obolibrary.org/obo/HP_0003215,http://purl.obolibrary.org/obo/UBERON_0001008,https://purl.humanatlas.io/vocab/hp#characteristic_of_part_of,https://purl.humanatlas.io/vocab/hp
http://purl.obolibrary.org/obo/HP_0003218,http://purl.obolibrary.org/obo/UBERON_0001008,https://purl.humanatlas.io/vocab/hp#characteristic_of,https://purl.humanatlas.io/vocab/hp
http://purl.obolibrary.org/obo/HP_0003218,http://purl.obolibrary.org/obo/UBERON_0001008,https://purl.humanatlas.io/vocab/hp#characteristic_of_part_of,https://purl.humanatlas.io/vocab/hp
http://purl.obolibrary.org/obo/HP_0003219,http://purl.obolibrary.org/obo/UBERON_0001008,https://purl.humanatlas.io/vocab/hp#characteristic_of,https://purl.humanatlas.io/vocab/hp
http://purl.obolibrary.org/obo/HP_0003219,http://purl.obolibrary.org/obo/UBERON_0001008,https://purl.humanatlas.io/vocab/hp#characteristic_of_part_of,https://purl.humanatlas.io/vocab/hp
http://purl.obolibrary.org/obo/HP_0003239,http://purl.obolibrary.org/obo/UBERON_0001008,https://purl.humanatlas.io/vocab/hp#characteristic_of,https://purl.humanatlas.io/vocab/hp
http://purl.obolibrary.org/obo/HP_0003239,http://purl.obolibrary.org/obo/UBERON_0001008,https://purl.humanatlas.io/vocab/hp#characteristic_of_part_of,https://purl.humanatlas.io/vocab/hp
http://purl.obolibrary.org/obo/HP_0003244,http://purl.obolibrary.org/obo/UBERON_0001556,https://purl.humanatlas.io/vocab/hp#characteristic_of_part_of,https://purl.humanatlas.io/vocab/hp
http://purl.obolibrary.org/obo/HP_0003244,http://purl.obolibrary.org/obo/UBERON_0001008,https://purl.humanatlas.io/vocab/hp#characteristic_of_part_of,https://purl.humanatlas.io/vocab/hp
http://purl.obolibrary.org/obo/HP_0003268,http://purl.obolibrary.org/obo/UBERON_0001008,https://purl.humanatlas.io/vocab/hp#characteristic_of,https://purl.humanatlas.io/vocab/hp
http://purl.obolibrary.org/obo/HP_0003268,http://purl.obolibrary.org/obo/UBERON_0001008,https://purl.humanatlas.io/vocab/hp#characteristic_of_part_of,https://purl.humanatlas.io/vocab/hp
http://purl.obolibrary.org/obo/HP_0003296,http://purl.obolibrary.org/obo/UBERON_0001008,https://purl.humanatlas.io/vocab/hp#characteristic_of,https://purl.humanatlas.io/vocab/hp
http://purl.obolibrary.org/obo/HP_0003296,http://purl.obolibrary.org/obo/UBERON_0001008,https://purl.humanatlas.io/vocab/hp#characteristic_of_part_of,https://purl.humanatlas.io/vocab/hp
http://purl.obolibrary.org/obo/HP_0003297,http://purl.obolibrary.org/obo/UBERON_0001008,https://purl.humanatlas.io/vocab/hp#characteristic_of,https://purl.humanatlas.io/vocab/hp
http://purl.obolibrary.org/obo/HP_0003297,http://purl.obolibrary.org/obo/UBERON_0001008,https://purl.humanatlas.io/vocab/hp#characteristic_of_part_of,https://purl.humanatlas.io/vocab/hp
http://purl.obolibrary.org/obo/HP_0003344,http://purl.obolibrary.org/obo/UBERON_0001008,https://purl.humanatlas.io/vocab/hp#characteristic_of,https://purl.humanatlas.io/vocab/hp
http://purl.obolibrary.org/obo/HP_0003344,http://purl.obolibrary.org/obo/UBERON_0001008,https://purl.humanatlas.io/vocab/hp#characteristic_of_part_of,https://purl.humanatlas.io/vocab/hp
http://purl.obolibrary.org/obo/HP_0003345,http://purl.obolibrary.org/obo/UBERON_0001008,https://purl.humanatlas.io/vocab/hp#characteristic_of,https://purl.humanatlas.io/vocab/hp
http://purl.obolibrary.org/obo/HP_0003345,http://purl.obolibrary.org/obo/UBERON_0001008,https://purl.humanatlas.io/vocab/hp#characteristic_of_part_of,https://purl.humanatlas.io/vocab/hp
http://purl.obolibrary.org/obo/HP_0003355,http://purl.obolibrary.org/obo/UBERON_0001008,https://purl.humanatlas.io/vocab/hp#characteristic_of,https://purl.humanatlas.io/vocab/hp
http://purl.obolibrary.org/obo/HP_0003355,http://purl.obolibrary.org/obo/UBERON_0001008,https://purl.humanatlas.io/vocab/hp#characteristic_of_part_of,https://purl.humanatlas.io/vocab/hp
http://purl.obolibrary.org/obo/HP_0003359,http://purl.obolibrary.org/obo/UBERON_0001008,https://purl.humanatlas.io/vocab/hp#characteristic_of,https://purl.humanatlas.io/vocab/hp
http://purl.obolibrary.org/obo/HP_0003359,http://purl.obolibrary.org/obo/UBERON_0001008,https://purl.humanatlas.io/vocab/hp#characteristic_of_part_of,https://purl.humanatlas.io/vocab/hp
http://purl.obolibrary.org/obo/HP_0003361,http://purl.obolibrary.org/obo/UBERON_0001008,https://purl.humanatlas.io/vocab/hp#characteristic_of,https://purl.humanatlas.io/vocab/hp
http://purl.obolibrary.org/obo/HP_0003361,http://purl.obolibrary.org/obo/UBERON_0001008,https://purl.humanatlas.io/vocab/hp#characteristic_of_part_of,https://purl.humanatlas.io/vocab/hp
http://purl.obolibrary.org/obo/HP_0003456,http://purl.obolibrary.org/obo/UBERON_0001008,https://purl.humanatlas.io/vocab/hp#characteristic_of,https://purl.humanatlas.io/vocab/hp
http://purl.obolibrary.org/obo/HP_0003456,http://purl.obolibrary.org/obo/UBERON_0001008,https://purl.humanatlas.io/vocab/hp#characteristic_of_part_of,https://purl.humanatlas.io/vocab/hp
http://purl.obolibrary.org/obo/HP_0003461,http://purl.obolibrary.org/obo/UBERON_0001008,https://purl.humanatlas.io/vocab/hp#characteristic_of,https://purl.humanatlas.io/vocab/hp
http://purl.obolibrary.org/obo/HP_0003461,http://purl.obolibrary.org/obo/UBERON_0001008,https://purl.humanatlas.io/vocab/hp#characteristic_of_part_of,https://purl.humanatlas.io/vocab/hp
http://purl.obolibrary.org/obo/HP_0003491,http://purl.obolibrary.org/obo/UBERON_0001008,https://purl.humanatlas.io/vocab/hp#characteristic_of,https://purl.humanatlas.io/vocab/hp
http://purl.obolibrary.org/obo/HP_0003491,http://purl.obolibrary.org/obo/UBERON_0001008,https://purl.humanatlas.io/vocab/hp#characteristic_of_part_of,https://purl.humanatlas.io/vocab/hp
http://purl.obolibrary.org/obo/HP_0003513,http://purl.obolibrary.org/obo/UBERON_0001008,https://purl.humanatlas.io/vocab/hp#characteristic_of,https://purl.humanatlas.io/vocab/hp
http://purl.obolibrary.org/obo/HP_0003513,http://purl.obolibrary.org/obo/UBERON_0001008,https://purl.humanatlas.io/vocab/hp#characteristic_of_part_of,https://purl.humanatlas.io/vocab/hp
http://purl.obolibrary.org/obo/HP_0003526,http://purl.obolibrary.org/obo/UBERON_0001008,https://purl.humanatlas.io/vocab/hp#characteristic_of,https://purl.humanatlas.io/vocab/hp
http://purl.obolibrary.org/obo/HP_0003526,http://purl.obolibrary.org/obo/UBERON_0001008,https://purl.humanatlas.io/vocab/hp#characteristic_of_part_of,https://purl.humanatlas.io/vocab/hp
http://purl.obolibrary.org/obo/HP_0003527,http://purl.obolibrary.org/obo/UBERON_0001008,https://purl.humanatlas.io/vocab/hp#characteristic_of,https://purl.humanatlas.io/vocab/hp
http://purl.obolibrary.org/obo/HP_0003527,http://purl.obolibrary.org/obo/UBERON_0001008,https://purl.humanatlas.io/vocab/hp#characteristic_of_part_of,https://purl.humanatlas.io/vocab/hp
http://purl.obolibrary.org/obo/HP_0003529,http://purl.obolibrary.org/obo/UBERON_0001008,https://purl.humanatlas.io/vocab/hp#characteristic_of,https://purl.humanatlas.io/vocab/hp
http://purl.obolibrary.org/obo/HP_0003529,http://purl.obolibrary.org/obo/UBERON_0001008,https://purl.humanatlas.io/vocab/hp#characteristic_of_part_of,https://purl.humanatlas.io/vocab/hp
http://purl.obolibrary.org/obo/HP_0003532,http://purl.obolibrary.org/obo/UBERON_0001008,https://purl.humanatlas.io/vocab/hp#characteristic_of,https://purl.humanatlas.io/vocab/hp
http://purl.obolibrary.org/obo/HP_0003532,http://purl.obolibrary.org/obo/UBERON_0001008,https://purl.humanatlas.io/vocab/hp#characteristic_of_part_of,https://purl.humanatlas.io/vocab/hp
http://purl.obolibrary.org/obo/HP_0003535,http://purl.obolibrary.org/obo/UBERON_0001008,https://purl.humanatlas.io/vocab/hp#characteristic_of,https://purl.humanatlas.io/vocab/hp
http://purl.obolibrary.org/obo/HP_0003535,http://purl.obolibrary.org/obo/UBERON_0001008,https://purl.humanatlas.io/vocab/hp#characteristic_of_part_of,https://purl.humanatlas.io/vocab/hp
http://purl.obolibrary.org/obo/HP_0003541,http://purl.obolibrary.org/obo/UBERON_0001008,https://purl.humanatlas.io/vocab/hp#characteristic_of,https://purl.humanatlas.io/vocab/hp
http://purl.obolibrary.org/obo/HP_0003541,http://purl.obolibrary.org/obo/UBERON_0001008,https://purl.humanatlas.io/vocab/hp#characteristic_of_part_of,https://purl.humanatlas.io/vocab/hp
http://purl.obolibrary.org/obo/HP_0003606,http://purl.obolibrary.org/obo/UBERON_0001008,https://purl.humanatlas.io/vocab/hp#characteristic_of,https://purl.humanatlas.io/vocab/hp
http://purl.obolibrary.org/obo/HP_0003606,http://purl.obolibrary.org/obo/UBERON_0001008,https://purl.humanatlas.io/vocab/hp#characteristic_of_part_of,https://purl.humanatlas.io/vocab/hp
http://purl.obolibrary.org/obo/HP_0003607,http://purl.obolibrary.org/obo/UBERON_0001008,https://purl.humanatlas.io/vocab/hp#characteristic_of,https://purl.humanatlas.io/vocab/hp
http://purl.obolibrary.org/obo/HP_0003607,http://purl.obolibrary.org/obo/UBERON_0001008,https://purl.humanatlas.io/vocab/hp#characteristic_of_part_of,https://purl.humanatlas.io/vocab/hp
http://purl.obolibrary.org/obo/HP_0003614,http://purl.obolibrary.org/obo/UBERON_0001008,https://purl.humanatlas.io/vocab/hp#characteristic_of,https://purl.humanatlas.io/vocab/hp
http://purl.obolibrary.org/obo/HP_0003614,http://purl.obolibrary.org/obo/UBERON_0001008,https://purl.humanatlas.io/vocab/hp#characteristic_of_part_of,https://purl.humanatlas.io/vocab/hp
http://purl.obolibrary.org/obo/HP_0003639,http://purl.obolibrary.org/obo/UBERON_0001008,https://purl.humanatlas.io/vocab/hp#characteristic_of,https://purl.humanatlas.io/vocab/hp
http://purl.obolibrary.org/obo/HP_0003639,http://purl.obolibrary.org/obo/UBERON_0001008,https://purl.humanatlas.io/vocab/hp#characteristic_of_part_of,https://purl.humanatlas.io/vocab/hp
http://purl.obolibrary.org/obo/HP_0003641,http://purl.obolibrary.org/obo/UBERON_0001008,https://purl.humanatlas.io/vocab/hp#characteristic_of,https://purl.humanatlas.io/vocab/hp
http://purl.obolibrary.org/obo/HP_0003641,http://purl.obolibrary.org/obo/UBERON_0001008,https://purl.humanatlas.io/vocab/hp#characteristic_of_part_of,https://purl.humanatlas.io/vocab/hp
http://purl.obolibrary.org/obo/HP_0003646,http://purl.obolibrary.org/obo/UBERON_0001008,https://purl.humanatlas.io/vocab/hp#characteristic_of,https://purl.humanatlas.io/vocab/hp
http://purl.obolibrary.org/obo/HP_0003646,http://purl.obolibrary.org/obo/UBERON_0001008,https://purl.humanatlas.io/vocab/hp#characteristic_of_part_of,https://purl.humanatlas.io/vocab/hp
http://purl.obolibrary.org/obo/HP_0003648,http://purl.obolibrary.org/obo/UBERON_0001008,https://purl.humanatlas.io/vocab/hp#characteristic_of,https://purl.humanatlas.io/vocab/hp
http://purl.obolibrary.org/obo/HP_0003648,http://purl.obolibrary.org/obo/UBERON_0001008,https://purl.humanatlas.io/vocab/hp#characteristic_of_part_of,https://purl.humanatlas.io/vocab/hp
http://purl.obolibrary.org/obo/HP_0003652,http://purl.obolibrary.org/obo/UBERON_0001008,https://purl.humanatlas.io/vocab/hp#characteristic_of,https://purl.humanatlas.io/vocab/hp
http://purl.obolibrary.org/obo/HP_0003652,http://purl.obolibrary.org/obo/UBERON_0001008,https://purl.humanatlas.io/vocab/hp#characteristic_of_part_of,https://purl.humanatlas.io/vocab/hp
http://purl.obolibrary.org/obo/HP_0003774,http://purl.obolibrary.org/obo/UBERON_0002113,https://purl.humanatlas.io/vocab/hp#characteristic_of,https://purl.humanatlas.io/vocab/hp
http://purl.obolibrary.org/obo/HP_0003774,http://purl.obolibrary.org/obo/UBERON_0002113,https://purl.humanatlas.io/vocab/hp#characteristic_of_part_of,https://purl.humanatlas.io/vocab/hp
http://purl.obolibrary.org/obo/HP_0003774,http://purl.obolibrary.org/obo/UBERON_0011143,https://purl.humanatlas.io/vocab/hp#characteristic_of_part_of,https://purl.humanatlas.io/vocab/hp
http://purl.obolibrary.org/obo/HP_0003774,http://purl.obolibrary.org/obo/UBERON_0001008,https://purl.humanatlas.io/vocab/hp#characteristic_of_part_of,https://purl.humanatlas.io/vocab/hp
http://purl.obolibrary.org/obo/HP_0003774,http://purl.obolibrary.org/obo/UBERON_0001008,https://purl.humanatlas.io/vocab/hp#characteristic_of,https://purl.humanatlas.io/vocab/hp
http://purl.obolibrary.org/obo/HP_0004321,http://purl.obolibrary.org/obo/UBERON_0001255,https://purl.humanatlas.io/vocab/hp#part_of,https://purl.humanatlas.io/vocab/hp
http://purl.obolibrary.org/obo/HP_0004321,http://purl.obolibrary.org/obo/UBERON_0001255,https://purl.humanatlas.io/vocab/hp#characteristic_of,https://purl.humanatlas.io/vocab/hp
http://purl.obolibrary.org/obo/HP_0004321,http://purl.obolibrary.org/obo/UBERON_0001255,https://purl.humanatlas.io/vocab/hp#characteristic_of_part_of,https://purl.humanatlas.io/vocab/hp
http://purl.obolibrary.org/obo/HP_0004321,http://purl.obolibrary.org/obo/UBERON_0001556,https://purl.humanatlas.io/vocab/hp#characteristic_of_part_of,https://purl.humanatlas.io/vocab/hp
http://purl.obolibrary.org/obo/HP_0004321,http://purl.obolibrary.org/obo/UBERON_0001008,https://purl.humanatlas.io/vocab/hp#characteristic_of_part_of,https://purl.humanatlas.io/vocab/hp
http://purl.obolibrary.org/obo/HP_0004712,http://purl.obolibrary.org/obo/UBERON_0002113,https://purl.humanatlas.io/vocab/hp#characteristic_of,https://purl.humanatlas.io/vocab/hp
http://purl.obolibrary.org/obo/HP_0004712,http://purl.obolibrary.org/obo/UBERON_0002113,https://purl.humanatlas.io/vocab/hp#characteristic_of_part_of,https://purl.humanatlas.io/vocab/hp
http://purl.obolibrary.org/obo/HP_0004712,http://purl.obolibrary.org/obo/UBERON_0011143,https://purl.humanatlas.io/vocab/hp#characteristic_of_part_of,https://purl.humanatlas.io/vocab/hp
http://purl.obolibrary.org/obo/HP_0004712,http://purl.obolibrary.org/obo/UBERON_0001008,https://purl.humanatlas.io/vocab/hp#characteristic_of_part_of,https://purl.humanatlas.io/vocab/hp
http://purl.obolibrary.org/obo/HP_0004713,http://purl.obolibrary.org/obo/UBERON_0002113,https://purl.humanatlas.io/vocab/hp#characteristic_of,https://purl.humanatlas.io/vocab/hp
http://purl.obolibrary.org/obo/HP_0004713,http://purl.obolibrary.org/obo/UBERON_0002113,https://purl.humanatlas.io/vocab/hp#characteristic_of_part_of,https://purl.humanatlas.io/vocab/hp
http://purl.obolibrary.org/obo/HP_0004713,http://purl.obolibrary.org/obo/UBERON_0011143,https://purl.humanatlas.io/vocab/hp#characteristic_of_part_of,https://purl.humanatlas.io/vocab/hp
http://purl.obolibrary.org/obo/HP_0004713,http://purl.obolibrary.org/obo/UBERON_0001008,https://purl.humanatlas.io/vocab/hp#characteristic_of_part_of,https://purl.humanatlas.io/vocab/hp
http://purl.obolibrary.org/obo/HP_0004713,http://purl.obolibrary.org/obo/UBERON_0001008,https://purl.humanatlas.io/vocab/hp#characteristic_of,https://purl.humanatlas.io/vocab/hp
http://purl.obolibrary.org/obo/HP_0004717,http://purl.obolibrary.org/obo/UBERON_0002113,https://purl.humanatlas.io/vocab/hp#characteristic_of,https://purl.humanatlas.io/vocab/hp
http://purl.obolibrary.org/obo/HP_0004717,http://purl.obolibrary.org/obo/UBERON_0002113,https://purl.humanatlas.io/vocab/hp#characteristic_of_part_of,https://purl.humanatlas.io/vocab/hp
http://purl.obolibrary.org/obo/HP_0004717,http://purl.obolibrary.org/obo/UBERON_0011143,https://purl.humanatlas.io/vocab/hp#characteristic_of_part_of,https://purl.humanatlas.io/vocab/hp
http://purl.obolibrary.org/obo/HP_0004717,http://purl.obolibrary.org/obo/UBERON_0001008,https://purl.humanatlas.io/vocab/hp#characteristic_of_part_of,https://purl.humanatlas.io/vocab/hp
http://purl.obolibrary.org/obo/HP_0004719,http://purl.obolibrary.org/obo/UBERON_0002113,https://purl.humanatlas.io/vocab/hp#characteristic_of_part_of,https://purl.humanatlas.io/vocab/hp
http://purl.obolibrary.org/obo/HP_0004719,http://purl.obolibrary.org/obo/UBERON_0011143,https://purl.humanatlas.io/vocab/hp#characteristic_of_part_of,https://purl.humanatlas.io/vocab/hp
http://purl.obolibrary.org/obo/HP_0004719,http://purl.obolibrary.org/obo/UBERON_0001008,https://purl.humanatlas.io/vocab/hp#characteristic_of_part_of,https://purl.humanatlas.io/vocab/hp
http://purl.obolibrary.org/obo/HP_0004722,http://purl.obolibrary.org/obo/UBERON_0000074,https://purl.humanatlas.io/vocab/hp#characteristic_of_part_of,https://purl.humanatlas.io/vocab/hp
http://purl.obolibrary.org/obo/HP_0004722,http://purl.obolibrary.org/obo/UBERON_0001225,https://purl.humanatlas.io/vocab/hp#characteristic_of,https://purl.humanatlas.io/vocab/hp
http://purl.obolibrary.org/obo/HP_0004722,http://purl.obolibrary.org/obo/UBERON_0002113,https://purl.humanatlas.io/vocab/hp#characteristic_of_part_of,https://purl.humanatlas.io/vocab/hp
http://purl.obolibrary.org/obo/HP_0004722,http://purl.obolibrary.org/obo/UBERON_0011143,https://purl.humanatlas.io/vocab/hp#characteristic_of_part_of,https://purl.humanatlas.io/vocab/hp
http://purl.obolibrary.org/obo/HP_0004722,http://purl.obolibrary.org/obo/UBERON_0001008,https://purl.humanatlas.io/vocab/hp#characteristic_of_part_of,https://purl.humanatlas.io/vocab/hp
http://purl.obolibrary.org/obo/HP_0004722,http://purl.obolibrary.org/obo/UBERON_0001285,https://purl.humanatlas.io/vocab/hp#characteristic_of_part_of,https://purl.humanatlas.io/vocab/hp
http://purl.obolibrary.org/obo/HP_0004724,http://purl.obolibrary.org/obo/UBERON_0002113,https://purl.humanatlas.io/vocab/hp#characteristic_of_part_of,https://purl.humanatlas.io/vocab/hp
http://purl.obolibrary.org/obo/HP_0004724,http://purl.obolibrary.org/obo/UBERON_0011143,https://purl.humanatlas.io/vocab/hp#characteristic_of_part_of,https://purl.humanatlas.io/vocab/hp
http://purl.obolibrary.org/obo/HP_0004724,http://purl.obolibrary.org/obo/UBERON_0001008,https://purl.humanatlas.io/vocab/hp#characteristic_of_part_of,https://purl.humanatlas.io/vocab/hp
http://purl.obolibrary.org/obo/HP_0004727,http://purl.obolibrary.org/obo/UBERON_0001231,https://purl.humanatlas.io/vocab/hp#characteristic_of,https://purl.humanatlas.io/vocab/hp
http://purl.obolibrary.org/obo/HP_0004727,http://purl.obolibrary.org/obo/UBERON_0002113,https://purl.humanatlas.io/vocab/hp#characteristic_of,https://purl.humanatlas.io/vocab/hp
http://purl.obolibrary.org/obo/HP_0004727,http://purl.obolibrary.org/obo/UBERON_0002113,https://purl.humanatlas.io/vocab/hp#characteristic_of_part_of,https://purl.humanatlas.io/vocab/hp
http://purl.obolibrary.org/obo/HP_0004727,http://purl.obolibrary.org/obo/UBERON_0011143,https://purl.humanatlas.io/vocab/hp#characteristic_of_part_of,https://purl.humanatlas.io/vocab/hp
http://purl.obolibrary.org/obo/HP_0004727,http://purl.obolibrary.org/obo/UBERON_0001008,https://purl.humanatlas.io/vocab/hp#characteristic_of_part_of,https://purl.humanatlas.io/vocab/hp
http://purl.obolibrary.org/obo/HP_0004727,http://purl.obolibrary.org/obo/UBERON_0001008,https://purl.humanatlas.io/vocab/hp#characteristic_of,https://purl.humanatlas.io/vocab/hp
http://purl.obolibrary.org/obo/HP_0004729,http://purl.obolibrary.org/obo/UBERON_0001231,https://purl.humanatlas.io/vocab/hp#characteristic_of_part_of,https://purl.humanatlas.io/vocab/hp
http://purl.obolibrary.org/obo/HP_0004729,http://purl.obolibrary.org/obo/UBERON_0001285,https://purl.humanatlas.io/vocab/hp#characteristic_of_part_of,https://purl.humanatlas.io/vocab/hp
http://purl.obolibrary.org/obo/HP_0004729,http://purl.obolibrary.org/obo/UBERON_0002113,https://purl.humanatlas.io/vocab/hp#characteristic_of_part_of,https://purl.humanatlas.io/vocab/hp
http://purl.obolibrary.org/obo/HP_0004729,http://purl.obolibrary.org/obo/UBERON_0011143,https://purl.humanatlas.io/vocab/hp#characteristic_of_part_of,https://purl.humanatlas.io/vocab/hp
http://purl.obolibrary.org/obo/HP_0004729,http://purl.obolibrary.org/obo/UBERON_0001008,https://purl.humanatlas.io/vocab/hp#characteristic_of_part_of,https://purl.humanatlas.io/vocab/hp
http://purl.obolibrary.org/obo/HP_0004732,http://purl.obolibrary.org/obo/UBERON_0002113,https://purl.humanatlas.io/vocab/hp#characteristic_of,https://purl.humanatlas.io/vocab/hp
http://purl.obolibrary.org/obo/HP_0004732,http://purl.obolibrary.org/obo/UBERON_0002113,https://purl.humanatlas.io/vocab/hp#characteristic_of_part_of,https://purl.humanatlas.io/vocab/hp
http://purl.obolibrary.org/obo/HP_0004732,http://purl.obolibrary.org/obo/UBERON_0011143,https://purl.humanatlas.io/vocab/hp#characteristic_of_part_of,https://purl.humanatlas.io/vocab/hp
http://purl.obolibrary.org/obo/HP_0004732,http://purl.obolibrary.org/obo/UBERON_0001008,https://purl.humanatlas.io/vocab/hp#characteristic_of_part_of,https://purl.humanatlas.io/vocab/hp
http://purl.obolibrary.org/obo/HP_0004732,http://purl.obolibrary.org/obo/UBERON_0001008,https://purl.humanatlas.io/vocab/hp#characteristic_of,https://purl.humanatlas.io/vocab/hp
http://purl.obolibrary.org/obo/HP_0004734,http://purl.obolibrary.org/obo/UBERON_0001225,https://purl.humanatlas.io/vocab/hp#part_of,https://purl.humanatlas.io/vocab/hp
http://purl.obolibrary.org/obo/HP_0004734,http://purl.obolibrary.org/obo/UBERON_0002113,https://purl.humanatlas.io/vocab/hp#part_of,https://purl.humanatlas.io/vocab/hp
http://purl.obolibrary.org/obo/HP_0004734,http://purl.obolibrary.org/obo/UBERON_0002113,https://purl.humanatlas.io/vocab/hp#characteristic_of_part_of,https://purl.humanatlas.io/vocab/hp
http://purl.obolibrary.org/obo/HP_0004734,http://purl.obolibrary.org/obo/UBERON_0011143,https://purl.humanatlas.io/vocab/hp#characteristic_of_part_of,https://purl.humanatlas.io/vocab/hp
http://purl.obolibrary.org/obo/HP_0004734,http://purl.obolibrary.org/obo/UBERON_0001008,https://purl.humanatlas.io/vocab/hp#characteristic_of_part_of,https://purl.humanatlas.io/vocab/hp
http://purl.obolibrary.org/obo/HP_0004734,http://purl.obolibrary.org/obo/UBERON_0001225,https://purl.humanatlas.io/vocab/hp#characteristic_of,https://purl.humanatlas.io/vocab/hp
http://purl.obolibrary.org/obo/HP_0004736,http://purl.obolibrary.org/obo/UBERON_0002113,https://purl.humanatlas.io/vocab/hp#characteristic_of,https://purl.humanatlas.io/vocab/hp
http://purl.obolibrary.org/obo/HP_0004736,http://purl.obolibrary.org/obo/UBERON_0002113,https://purl.humanatlas.io/vocab/hp#characteristic_of_part_of,https://purl.humanatlas.io/vocab/hp
http://purl.obolibrary.org/obo/HP_0004736,http://purl.obolibrary.org/obo/UBERON_0011143,https://purl.humanatlas.io/vocab/hp#characteristic_of_part_of,https://purl.humanatlas.io/vocab/hp
http://purl.obolibrary.org/obo/HP_0004736,http://purl.obolibrary.org/obo/UBERON_0001008,https://purl.humanatlas.io/vocab/hp#characteristic_of_part_of,https://purl.humanatlas.io/vocab/hp
http://purl.obolibrary.org/obo/HP_0004737,http://purl.obolibrary.org/obo/UBERON_0000074,https://purl.humanatlas.io/vocab/hp#occurs_in,https://purl.humanatlas.io/vocab/hp
http://purl.obolibrary.org/obo/HP_0004737,http://purl.obolibrary.org/obo/UBERON_0000074,https://purl.humanatlas.io/vocab/hp#characteristic_of_part_of,https://purl.humanatlas.io/vocab/hp
http://purl.obolibrary.org/obo/HP_0004737,http://purl.obolibrary.org/obo/UBERON_0001225,https://purl.humanatlas.io/vocab/hp#characteristic_of,https://purl.humanatlas.io/vocab/hp
http://purl.obolibrary.org/obo/HP_0004737,http://purl.obolibrary.org/obo/UBERON_0002113,https://purl.humanatlas.io/vocab/hp#characteristic_of_part_of,https://purl.humanatlas.io/vocab/hp
http://purl.obolibrary.org/obo/HP_0004737,http://purl.obolibrary.org/obo/UBERON_0011143,https://purl.humanatlas.io/vocab/hp#characteristic_of_part_of,https://purl.humanatlas.io/vocab/hp
http://purl.obolibrary.org/obo/HP_0004737,http://purl.obolibrary.org/obo/UBERON_0001008,https://purl.humanatlas.io/vocab/hp#characteristic_of_part_of,https://purl.humanatlas.io/vocab/hp
http://purl.obolibrary.org/obo/HP_0004737,http://purl.obolibrary.org/obo/UBERON_0001285,https://purl.humanatlas.io/vocab/hp#characteristic_of_part_of,https://purl.humanatlas.io/vocab/hp
http://purl.obolibrary.org/obo/HP_0004742,http://purl.obolibrary.org/obo/UBERON_0004100,https://purl.humanatlas.io/vocab/hp#characteristic_of_part_of,https://purl.humanatlas.io/vocab/hp
http://purl.obolibrary.org/obo/HP_0004742,http://purl.obolibrary.org/obo/UBERON_0002113,https://purl.humanatlas.io/vocab/hp#characteristic_of_part_of,https://purl.humanatlas.io/vocab/hp
http://purl.obolibrary.org/obo/HP_0004742,http://purl.obolibrary.org/obo/UBERON_0011143,https://purl.humanatlas.io/vocab/hp#characteristic_of_part_of,https://purl.humanatlas.io/vocab/hp
http://purl.obolibrary.org/obo/HP_0004742,http://purl.obolibrary.org/obo/UBERON_0001008,https://purl.humanatlas.io/vocab/hp#characteristic_of_part_of,https://purl.humanatlas.io/vocab/hp
http://purl.obolibrary.org/obo/HP_0004743,http://purl.obolibrary.org/obo/UBERON_0001231,https://purl.humanatlas.io/vocab/hp#characteristic_of_part_of,https://purl.humanatlas.io/vocab/hp
http://purl.obolibrary.org/obo/HP_0004743,http://purl.obolibrary.org/obo/UBERON_0001285,https://purl.humanatlas.io/vocab/hp#characteristic_of_part_of,https://purl.humanatlas.io/vocab/hp
http://purl.obolibrary.org/obo/HP_0004743,http://purl.obolibrary.org/obo/UBERON_0002113,https://purl.humanatlas.io/vocab/hp#characteristic_of_part_of,https://purl.humanatlas.io/vocab/hp
http://purl.obolibrary.org/obo/HP_0004743,http://purl.obolibrary.org/obo/UBERON_0011143,https://purl.humanatlas.io/vocab/hp#characteristic_of_part_of,https://purl.humanatlas.io/vocab/hp
http://purl.obolibrary.org/obo/HP_0004743,http://purl.obolibrary.org/obo/UBERON_0001008,https://purl.humanatlas.io/vocab/hp#characteristic_of_part_of,https://purl.humanatlas.io/vocab/hp
http://purl.obolibrary.org/obo/HP_0004746,http://purl.obolibrary.org/obo/UBERON_0000074,https://purl.humanatlas.io/vocab/hp#characteristic_of_part_of,https://purl.humanatlas.io/vocab/hp
http://purl.obolibrary.org/obo/HP_0004746,http://purl.obolibrary.org/obo/UBERON_0001225,https://purl.humanatlas.io/vocab/hp#characteristic_of,https://purl.humanatlas.io/vocab/hp
http://purl.obolibrary.org/obo/HP_0004746,http://purl.obolibrary.org/obo/UBERON_0002113,https://purl.humanatlas.io/vocab/hp#characteristic_of_part_of,https://purl.humanatlas.io/vocab/hp
http://purl.obolibrary.org/obo/HP_0004746,http://purl.obolibrary.org/obo/UBERON_0011143,https://purl.humanatlas.io/vocab/hp#characteristic_of_part_of,https://purl.humanatlas.io/vocab/hp
http://purl.obolibrary.org/obo/HP_0004746,http://purl.obolibrary.org/obo/UBERON_0001008,https://purl.humanatlas.io/vocab/hp#characteristic_of_part_of,https://purl.humanatlas.io/vocab/hp
http://purl.obolibrary.org/obo/HP_0004746,http://purl.obolibrary.org/obo/UBERON_0001285,https://purl.humanatlas.io/vocab/hp#characteristic_of_part_of,https://purl.humanatlas.io/vocab/hp
http://purl.obolibrary.org/obo/HP_0004818,http://purl.obolibrary.org/obo/UBERON_0001008,https://purl.humanatlas.io/vocab/hp#characteristic_of,https://purl.humanatlas.io/vocab/hp
http://purl.obolibrary.org/obo/HP_0004818,http://purl.obolibrary.org/obo/UBERON_0001008,https://purl.humanatlas.io/vocab/hp#characteristic_of_part_of,https://purl.humanatlas.io/vocab/hp
http://purl.obolibrary.org/obo/HP_0004910,http://purl.obolibrary.org/obo/UBERON_0001231,https://purl.humanatlas.io/vocab/hp#characteristic_of,https://purl.humanatlas.io/vocab/hp
http://purl.obolibrary.org/obo/HP_0004910,http://purl.obolibrary.org/obo/UBERON_0002113,https://purl.humanatlas.io/vocab/hp#characteristic_of,https://purl.humanatlas.io/vocab/hp
http://purl.obolibrary.org/obo/HP_0004910,http://purl.obolibrary.org/obo/UBERON_0002113,https://purl.humanatlas.io/vocab/hp#characteristic_of_part_of,https://purl.humanatlas.io/vocab/hp
http://purl.obolibrary.org/obo/HP_0004910,http://purl.obolibrary.org/obo/UBERON_0011143,https://purl.humanatlas.io/vocab/hp#characteristic_of_part_of,https://purl.humanatlas.io/vocab/hp
http://purl.obolibrary.org/obo/HP_0004910,http://purl.obolibrary.org/obo/UBERON_0001008,https://purl.humanatlas.io/vocab/hp#characteristic_of_part_of,https://purl.humanatlas.io/vocab/hp
http://purl.obolibrary.org/obo/HP_0004910,http://purl.obolibrary.org/obo/UBERON_0001008,https://purl.humanatlas.io/vocab/hp#characteristic_of,https://purl.humanatlas.io/vocab/hp
http://purl.obolibrary.org/obo/HP_0004916,http://purl.obolibrary.org/obo/UBERON_0001231,https://purl.humanatlas.io/vocab/hp#characteristic_of,https://purl.humanatlas.io/vocab/hp
http://purl.obolibrary.org/obo/HP_0004916,http://purl.obolibrary.org/obo/UBERON_0002113,https://purl.humanatlas.io/vocab/hp#characteristic_of,https://purl.humanatlas.io/vocab/hp
http://purl.obolibrary.org/obo/HP_0004916,http://purl.obolibrary.org/obo/UBERON_0002113,https://purl.humanatlas.io/vocab/hp#characteristic_of_part_of,https://purl.humanatlas.io/vocab/hp
http://purl.obolibrary.org/obo/HP_0004916,http://purl.obolibrary.org/obo/UBERON_0011143,https://purl.humanatlas.io/vocab/hp#characteristic_of_part_of,https://purl.humanatlas.io/vocab/hp
http://purl.obolibrary.org/obo/HP_0004916,http://purl.obolibrary.org/obo/UBERON_0001008,https://purl.humanatlas.io/vocab/hp#characteristic_of_part_of,https://purl.humanatlas.io/vocab/hp
http://purl.obolibrary.org/obo/HP_0004916,http://purl.obolibrary.org/obo/UBERON_0001008,https://purl.humanatlas.io/vocab/hp#characteristic_of,https://purl.humanatlas.io/vocab/hp
http://purl.obolibrary.org/obo/HP_0005340,http://purl.obolibrary.org/obo/UBERON_0001255,https://purl.humanatlas.io/vocab/hp#characteristic_of,https://purl.humanatlas.io/vocab/hp
http://purl.obolibrary.org/obo/HP_0005340,http://purl.obolibrary.org/obo/UBERON_0001255,https://purl.humanatlas.io/vocab/hp#characteristic_of_part_of,https://purl.humanatlas.io/vocab/hp
http://purl.obolibrary.org/obo/HP_0005340,http://purl.obolibrary.org/obo/UBERON_0001556,https://purl.humanatlas.io/vocab/hp#characteristic_of_part_of,https://purl.humanatlas.io/vocab/hp
http://purl.obolibrary.org/obo/HP_0005340,http://purl.obolibrary.org/obo/UBERON_0001008,https://purl.humanatlas.io/vocab/hp#characteristic_of_part_of,https://purl.humanatlas.io/vocab/hp
http://purl.obolibrary.org/obo/HP_0005343,http://purl.obolibrary.org/obo/UBERON_0001255,https://purl.humanatlas.io/vocab/hp#characteristic_of,https://purl.humanatlas.io/vocab/hp
http://purl.obolibrary.org/obo/HP_0005343,http://purl.obolibrary.org/obo/UBERON_0001255,https://purl.humanatlas.io/vocab/hp#characteristic_of_part_of,https://purl.humanatlas.io/vocab/hp
http://purl.obolibrary.org/obo/HP_0005343,http://purl.obolibrary.org/obo/UBERON_0001556,https://purl.humanatlas.io/vocab/hp#characteristic_of_part_of,https://purl.humanatlas.io/vocab/hp
http://purl.obolibrary.org/obo/HP_0005343,http://purl.obolibrary.org/obo/UBERON_0001008,https://purl.humanatlas.io/vocab/hp#characteristic_of_part_of,https://purl.humanatlas.io/vocab/hp
http://purl.obolibrary.org/obo/HP_0005562,http://purl.obolibrary.org/obo/UBERON_0002113,https://purl.humanatlas.io/vocab/hp#part_of,https://purl.humanatlas.io/vocab/hp
http://purl.obolibrary.org/obo/HP_0005562,http://purl.obolibrary.org/obo/UBERON_0002113,https://purl.humanatlas.io/vocab/hp#characteristic_of_part_of,https://purl.humanatlas.io/vocab/hp
http://purl.obolibrary.org/obo/HP_0005562,http://purl.obolibrary.org/obo/UBERON_0011143,https://purl.humanatlas.io/vocab/hp#characteristic_of_part_of,https://purl.humanatlas.io/vocab/hp
http://purl.obolibrary.org/obo/HP_0005562,http://purl.obolibrary.org/obo/UBERON_0001008,https://purl.humanatlas.io/vocab/hp#characteristic_of_part_of,https://purl.humanatlas.io/vocab/hp
http://purl.obolibrary.org/obo/HP_0005563,http://purl.obolibrary.org/obo/UBERON_0001285,https://purl.humanatlas.io/vocab/hp#characteristic_of,https://purl.humanatlas.io/vocab/hp
http://purl.obolibrary.org/obo/HP_0005563,http://purl.obolibrary.org/obo/UBERON_0001285,https://purl.humanatlas.io/vocab/hp#characteristic_of_part_of,https://purl.humanatlas.io/vocab/hp
http://purl.obolibrary.org/obo/HP_0005563,http://purl.obolibrary.org/obo/UBERON_0002113,https://purl.humanatlas.io/vocab/hp#characteristic_of_part_of,https://purl.humanatlas.io/vocab/hp
http://purl.obolibrary.org/obo/HP_0005563,http://purl.obolibrary.org/obo/UBERON_0011143,https://purl.humanatlas.io/vocab/hp#characteristic_of_part_of,https://purl.humanatlas.io/vocab/hp
http://purl.obolibrary.org/obo/HP_0005563,http://purl.obolibrary.org/obo/UBERON_0001008,https://purl.humanatlas.io/vocab/hp#characteristic_of_part_of,https://purl.humanatlas.io/vocab/hp
http://purl.obolibrary.org/obo/HP_0005564,http://purl.obolibrary.org/obo/UBERON_0001225,https://purl.humanatlas.io/vocab/hp#characteristic_of,https://purl.humanatlas.io/vocab/hp
http://purl.obolibrary.org/obo/HP_0005564,http://purl.obolibrary.org/obo/UBERON_0002113,https://purl.humanatlas.io/vocab/hp#characteristic_of_part_of,https://purl.humanatlas.io/vocab/hp
http://purl.obolibrary.org/obo/HP_0005564,http://purl.obolibrary.org/obo/UBERON_0011143,https://purl.humanatlas.io/vocab/hp#characteristic_of_part_of,https://purl.humanatlas.io/vocab/hp
http://purl.obolibrary.org/obo/HP_0005564,http://purl.obolibrary.org/obo/UBERON_0001008,https://purl.humanatlas.io/vocab/hp#characteristic_of_part_of,https://purl.humanatlas.io/vocab/hp
http://purl.obolibrary.org/obo/HP_0005564,http://purl.obolibrary.org/obo/UBERON_0000362,https://purl.humanatlas.io/vocab/hp#characteristic_of,https://purl.humanatlas.io/vocab/hp
http://purl.obolibrary.org/obo/HP_0005565,http://purl.obolibrary.org/obo/UBERON_0001225,https://purl.humanatlas.io/vocab/hp#characteristic_of,https://purl.humanatlas.io/vocab/hp
http://purl.obolibrary.org/obo/HP_0005565,http://purl.obolibrary.org/obo/UBERON_0002113,https://purl.humanatlas.io/vocab/hp#characteristic_of_part_of,https://purl.humanatlas.io/vocab/hp
http://purl.obolibrary.org/obo/HP_0005565,http://purl.obolibrary.org/obo/UBERON_0011143,https://purl.humanatlas.io/vocab/hp#characteristic_of_part_of,https://purl.humanatlas.io/vocab/hp
http://purl.obolibrary.org/obo/HP_0005565,http://purl.obolibrary.org/obo/UBERON_0001008,https://purl.humanatlas.io/vocab/hp#characteristic_of_part_of,https://purl.humanatlas.io/vocab/hp
http://purl.obolibrary.org/obo/HP_0005565,http://purl.obolibrary.org/obo/UBERON_0000362,https://purl.humanatlas.io/vocab/hp#characteristic_of,https://purl.humanatlas.io/vocab/hp
http://purl.obolibrary.org/obo/HP_0005567,http://purl.obolibrary.org/obo/UBERON_0001008,https://purl.humanatlas.io/vocab/hp#characteristic_of,https://purl.humanatlas.io/vocab/hp
http://purl.obolibrary.org/obo/HP_0005567,http://purl.obolibrary.org/obo/UBERON_0001008,https://purl.humanatlas.io/vocab/hp#characteristic_of_part_of,https://purl.humanatlas.io/vocab/hp
http://purl.obolibrary.org/obo/HP_0005571,http://purl.obolibrary.org/obo/UBERON_0001231,https://purl.humanatlas.io/vocab/hp#characteristic_of,https://purl.humanatlas.io/vocab/hp
http://purl.obolibrary.org/obo/HP_0005571,http://purl.obolibrary.org/obo/UBERON_0002113,https://purl.humanatlas.io/vocab/hp#characteristic_of,https://purl.humanatlas.io/vocab/hp
http://purl.obolibrary.org/obo/HP_0005571,http://purl.obolibrary.org/obo/UBERON_0002113,https://purl.humanatlas.io/vocab/hp#characteristic_of_part_of,https://purl.humanatlas.io/vocab/hp
http://purl.obolibrary.org/obo/HP_0005571,http://purl.obolibrary.org/obo/UBERON_0011143,https://purl.humanatlas.io/vocab/hp#characteristic_of_part_of,https://purl.humanatlas.io/vocab/hp
http://purl.obolibrary.org/obo/HP_0005571,http://purl.obolibrary.org/obo/UBERON_0001008,https://purl.humanatlas.io/vocab/hp#characteristic_of_part_of,https://purl.humanatlas.io/vocab/hp
http://purl.obolibrary.org/obo/HP_0005571,http://purl.obolibrary.org/obo/UBERON_0001008,https://purl.humanatlas.io/vocab/hp#characteristic_of,https://purl.humanatlas.io/vocab/hp
http://purl.obolibrary.org/obo/HP_0005572,http://purl.obolibrary.org/obo/UBERON_0002113,https://purl.humanatlas.io/vocab/hp#characteristic_of,https://purl.humanatlas.io/vocab/hp
http://purl.obolibrary.org/obo/HP_0005572,http://purl.obolibrary.org/obo/UBERON_0002113,https://purl.humanatlas.io/vocab/hp#characteristic_of_part_of,https://purl.humanatlas.io/vocab/hp
http://purl.obolibrary.org/obo/HP_0005572,http://purl.obolibrary.org/obo/UBERON_0011143,https://purl.humanatlas.io/vocab/hp#characteristic_of_part_of,https://purl.humanatlas.io/vocab/hp
http://purl.obolibrary.org/obo/HP_0005572,http://purl.obolibrary.org/obo/UBERON_0001008,https://purl.humanatlas.io/vocab/hp#characteristic_of_part_of,https://purl.humanatlas.io/vocab/hp
http://purl.obolibrary.org/obo/HP_0005572,http://purl.obolibrary.org/obo/UBERON_0001008,https://purl.humanatlas.io/vocab/hp#characteristic_of,https://purl.humanatlas.io/vocab/hp
http://purl.obolibrary.org/obo/HP_0005574,http://purl.obolibrary.org/obo/UBERON_0001231,https://purl.humanatlas.io/vocab/hp#characteristic_of,https://purl.humanatlas.io/vocab/hp
http://purl.obolibrary.org/obo/HP_0005574,http://purl.obolibrary.org/obo/UBERON_0002113,https://purl.humanatlas.io/vocab/hp#characteristic_of,https://purl.humanatlas.io/vocab/hp
http://purl.obolibrary.org/obo/HP_0005574,http://purl.obolibrary.org/obo/UBERON_0002113,https://purl.humanatlas.io/vocab/hp#characteristic_of_part_of,https://purl.humanatlas.io/vocab/hp
http://purl.obolibrary.org/obo/HP_0005574,http://purl.obolibrary.org/obo/UBERON_0011143,https://purl.humanatlas.io/vocab/hp#characteristic_of_part_of,https://purl.humanatlas.io/vocab/hp
http://purl.obolibrary.org/obo/HP_0005574,http://purl.obolibrary.org/obo/UBERON_0001008,https://purl.humanatlas.io/vocab/hp#characteristic_of_part_of,https://purl.humanatlas.io/vocab/hp
http://purl.obolibrary.org/obo/HP_0005574,http://purl.obolibrary.org/obo/UBERON_0001008,https://purl.humanatlas.io/vocab/hp#characteristic_of,https://purl.humanatlas.io/vocab/hp
http://purl.obolibrary.org/obo/HP_0005575,http://purl.obolibrary.org/obo/UBERON_0002113,https://purl.humanatlas.io/vocab/hp#characteristic_of,https://purl.humanatlas.io/vocab/hp
http://purl.obolibrary.org/obo/HP_0005575,http://purl.obolibrary.org/obo/UBERON_0002113,https://purl.humanatlas.io/vocab/hp#characteristic_of_part_of,https://purl.humanatlas.io/vocab/hp
http://purl.obolibrary.org/obo/HP_0005575,http://purl.obolibrary.org/obo/UBERON_0011143,https://purl.humanatlas.io/vocab/hp#characteristic_of_part_of,https://purl.humanatlas.io/vocab/hp
http://purl.obolibrary.org/obo/HP_0005575,http://purl.obolibrary.org/obo/UBERON_0001008,https://purl.humanatlas.io/vocab/hp#characteristic_of_part_of,https://purl.humanatlas.io/vocab/hp
http://purl.obolibrary.org/obo/HP_0005575,http://purl.obolibrary.org/obo/UBERON_0001008,https://purl.humanatlas.io/vocab/hp#characteristic_of,https://purl.humanatlas.io/vocab/hp
http://purl.obolibrary.org/obo/HP_0005576,http://purl.obolibrary.org/obo/UBERON_0001231,https://purl.humanatlas.io/vocab/hp#characteristic_of_part_of,https://purl.humanatlas.io/vocab/hp
http://purl.obolibrary.org/obo/HP_0005576,http://purl.obolibrary.org/obo/UBERON_0001285,https://purl.humanatlas.io/vocab/hp#characteristic_of_part_of,https://purl.humanatlas.io/vocab/hp
http://purl.obolibrary.org/obo/HP_0005576,http://purl.obolibrary.org/obo/UBERON_0002113,https://purl.humanatlas.io/vocab/hp#characteristic_of_part_of,https://purl.humanatlas.io/vocab/hp
http://purl.obolibrary.org/obo/HP_0005576,http://purl.obolibrary.org/obo/UBERON_0011143,https://purl.humanatlas.io/vocab/hp#characteristic_of_part_of,https://purl.humanatlas.io/vocab/hp
http://purl.obolibrary.org/obo/HP_0005576,http://purl.obolibrary.org/obo/UBERON_0001008,https://purl.humanatlas.io/vocab/hp#characteristic_of_part_of,https://purl.humanatlas.io/vocab/hp
http://purl.obolibrary.org/obo/HP_0005579,http://purl.obolibrary.org/obo/UBERON_0001231,https://purl.humanatlas.io/vocab/hp#characteristic_of,https://purl.humanatlas.io/vocab/hp
http://purl.obolibrary.org/obo/HP_0005579,http://purl.obolibrary.org/obo/UBERON_0002113,https://purl.humanatlas.io/vocab/hp#characteristic_of,https://purl.humanatlas.io/vocab/hp
http://purl.obolibrary.org/obo/HP_0005579,http://purl.obolibrary.org/obo/UBERON_0002113,https://purl.humanatlas.io/vocab/hp#characteristic_of_part_of,https://purl.humanatlas.io/vocab/hp
http://purl.obolibrary.org/obo/HP_0005579,http://purl.obolibrary.org/obo/UBERON_0011143,https://purl.humanatlas.io/vocab/hp#characteristic_of_part_of,https://purl.humanatlas.io/vocab/hp
http://purl.obolibrary.org/obo/HP_0005579,http://purl.obolibrary.org/obo/UBERON_0001008,https://purl.humanatlas.io/vocab/hp#characteristic_of_part_of,https://purl.humanatlas.io/vocab/hp
http://purl.obolibrary.org/obo/HP_0005579,http://purl.obolibrary.org/obo/UBERON_0001008,https://purl.humanatlas.io/vocab/hp#characteristic_of,https://purl.humanatlas.io/vocab/hp
http://purl.obolibrary.org/obo/HP_0005580,http://purl.obolibrary.org/obo/UBERON_0001224,https://purl.humanatlas.io/vocab/hp#towards,https://purl.humanatlas.io/vocab/hp
http://purl.obolibrary.org/obo/HP_0005580,http://purl.obolibrary.org/obo/UBERON_0002113,https://purl.humanatlas.io/vocab/hp#towards,https://purl.humanatlas.io/vocab/hp
http://purl.obolibrary.org/obo/HP_0005580,http://purl.obolibrary.org/obo/UBERON_0002113,https://purl.humanatlas.io/vocab/hp#characteristic_of_part_of,https://purl.humanatlas.io/vocab/hp
http://purl.obolibrary.org/obo/HP_0005580,http://purl.obolibrary.org/obo/UBERON_0011143,https://purl.humanatlas.io/vocab/hp#characteristic_of_part_of,https://purl.humanatlas.io/vocab/hp
http://purl.obolibrary.org/obo/HP_0005580,http://purl.obolibrary.org/obo/UBERON_0001008,https://purl.humanatlas.io/vocab/hp#characteristic_of_part_of,https://purl.humanatlas.io/vocab/hp
http://purl.obolibrary.org/obo/HP_0005580,http://purl.obolibrary.org/obo/UBERON_0001224,https://purl.humanatlas.io/vocab/hp#characteristic_of_part_of,https://purl.humanatlas.io/vocab/hp
http://purl.obolibrary.org/obo/HP_0005583,http://purl.obolibrary.org/obo/UBERON_0001231,https://purl.humanatlas.io/vocab/hp#characteristic_of_part_of,https://purl.humanatlas.io/vocab/hp
http://purl.obolibrary.org/obo/HP_0005583,http://purl.obolibrary.org/obo/UBERON_0001285,https://purl.humanatlas.io/vocab/hp#characteristic_of_part_of,https://purl.humanatlas.io/vocab/hp
http://purl.obolibrary.org/obo/HP_0005583,http://purl.obolibrary.org/obo/UBERON_0002113,https://purl.humanatlas.io/vocab/hp#characteristic_of_part_of,https://purl.humanatlas.io/vocab/hp
http://purl.obolibrary.org/obo/HP_0005583,http://purl.obolibrary.org/obo/UBERON_0011143,https://purl.humanatlas.io/vocab/hp#characteristic_of_part_of,https://purl.humanatlas.io/vocab/hp
http://purl.obolibrary.org/obo/HP_0005583,http://purl.obolibrary.org/obo/UBERON_0001008,https://purl.humanatlas.io/vocab/hp#characteristic_of_part_of,https://purl.humanatlas.io/vocab/hp
http://purl.obolibrary.org/obo/HP_0005584,http://purl.obolibrary.org/obo/UBERON_0002113,https://purl.humanatlas.io/vocab/hp#characteristic_of_part_of,https://purl.humanatlas.io/vocab/hp
http://purl.obolibrary.org/obo/HP_0005584,http://purl.obolibrary.org/obo/UBERON_0011143,https://purl.humanatlas.io/vocab/hp#characteristic_of_part_of,https://purl.humanatlas.io/vocab/hp
http://purl.obolibrary.org/obo/HP_0005584,http://purl.obolibrary.org/obo/UBERON_0001008,https://purl.humanatlas.io/vocab/hp#characteristic_of_part_of,https://purl.humanatlas.io/vocab/hp
http://purl.obolibrary.org/obo/HP_0005932,http://purl.obolibrary.org/obo/UBERON_0001225,https://purl.humanatlas.io/vocab/hp#characteristic_of,https://purl.humanatlas.io/vocab/hp
http://purl.obolibrary.org/obo/HP_0005932,http://purl.obolibrary.org/obo/UBERON_0002113,https://purl.humanatlas.io/vocab/hp#characteristic_of_part_of,https://purl.humanatlas.io/vocab/hp
http://purl.obolibrary.org/obo/HP_0005932,http://purl.obolibrary.org/obo/UBERON_0011143,https://purl.humanatlas.io/vocab/hp#characteristic_of_part_of,https://purl.humanatlas.io/vocab/hp
http://purl.obolibrary.org/obo/HP_0005932,http://purl.obolibrary.org/obo/UBERON_0001008,https://purl.humanatlas.io/vocab/hp#characteristic_of_part_of,https://purl.humanatlas.io/vocab/hp
http://purl.obolibrary.org/obo/HP_0005932,http://purl.obolibrary.org/obo/UBERON_0000362,https://purl.humanatlas.io/vocab/hp#characteristic_of,https://purl.humanatlas.io/vocab/hp
http://purl.obolibrary.org/obo/HP_0005999,http://purl.obolibrary.org/obo/UBERON_0000056,https://purl.humanatlas.io/vocab/hp#characteristic_of,https://purl.humanatlas.io/vocab/hp
http://purl.obolibrary.org/obo/HP_0005999,http://purl.obolibrary.org/obo/UBERON_0000056,https://purl.humanatlas.io/vocab/hp#characteristic_of_part_of,https://purl.humanatlas.io/vocab/hp
http://purl.obolibrary.org/obo/HP_0005999,http://purl.obolibrary.org/obo/UBERON_0011143,https://purl.humanatlas.io/vocab/hp#characteristic_of_part_of,https://purl.humanatlas.io/vocab/hp
http://purl.obolibrary.org/obo/HP_0005999,http://purl.obolibrary.org/obo/UBERON_0001008,https://purl.humanatlas.io/vocab/hp#characteristic_of_part_of,https://purl.humanatlas.io/vocab/hp
http://purl.obolibrary.org/obo/HP_0006000,http://purl.obolibrary.org/obo/UBERON_0000056,https://purl.humanatlas.io/vocab/hp#characteristic_of,https://purl.humanatlas.io/vocab/hp
http://purl.obolibrary.org/obo/HP_0006000,http://purl.obolibrary.org/obo/UBERON_0000056,https://purl.humanatlas.io/vocab/hp#characteristic_of_part_of,https://purl.humanatlas.io/vocab/hp
http://purl.obolibrary.org/obo/HP_0006000,http://purl.obolibrary.org/obo/UBERON_0011143,https://purl.humanatlas.io/vocab/hp#characteristic_of_part_of,https://purl.humanatlas.io/vocab/hp
http://purl.obolibrary.org/obo/HP_0006000,http://purl.obolibrary.org/obo/UBERON_0001008,https://purl.humanatlas.io/vocab/hp#characteristic_of_part_of,https://purl.humanatlas.io/vocab/hp
http://purl.obolibrary.org/obo/HP_0006732,http://purl.obolibrary.org/obo/UBERON_0002113,https://purl.humanatlas.io/vocab/hp#characteristic_of_part_of,https://purl.humanatlas.io/vocab/hp
http://purl.obolibrary.org/obo/HP_0006732,http://purl.obolibrary.org/obo/UBERON_0011143,https://purl.humanatlas.io/vocab/hp#characteristic_of_part_of,https://purl.humanatlas.io/vocab/hp
http://purl.obolibrary.org/obo/HP_0006732,http://purl.obolibrary.org/obo/UBERON_0001008,https://purl.humanatlas.io/vocab/hp#characteristic_of_part_of,https://purl.humanatlas.io/vocab/hp
http://purl.obolibrary.org/obo/HP_0006735,http://purl.obolibrary.org/obo/UBERON_0002113,https://purl.humanatlas.io/vocab/hp#characteristic_of_part_of,https://purl.humanatlas.io/vocab/hp
http://purl.obolibrary.org/obo/HP_0006735,http://purl.obolibrary.org/obo/UBERON_0011143,https://purl.humanatlas.io/vocab/hp#characteristic_of_part_of,https://purl.humanatlas.io/vocab/hp
http://purl.obolibrary.org/obo/HP_0006735,http://purl.obolibrary.org/obo/UBERON_0001008,https://purl.humanatlas.io/vocab/hp#characteristic_of_part_of,https://purl.humanatlas.io/vocab/hp
http://purl.obolibrary.org/obo/HP_0006762,http://purl.obolibrary.org/obo/UBERON_0002113,https://purl.humanatlas.io/vocab/hp#characteristic_of_part_of,https://purl.humanatlas.io/vocab/hp
http://purl.obolibrary.org/obo/HP_0006762,http://purl.obolibrary.org/obo/UBERON_0011143,https://purl.humanatlas.io/vocab/hp#characteristic_of_part_of,https://purl.humanatlas.io/vocab/hp
http://purl.obolibrary.org/obo/HP_0006762,http://purl.obolibrary.org/obo/UBERON_0001008,https://purl.humanatlas.io/vocab/hp#characteristic_of_part_of,https://purl.humanatlas.io/vocab/hp
http://purl.obolibrary.org/obo/HP_0006766,http://purl.obolibrary.org/obo/UBERON_0002113,https://purl.humanatlas.io/vocab/hp#characteristic_of_part_of,https://purl.humanatlas.io/vocab/hp
http://purl.obolibrary.org/obo/HP_0006766,http://purl.obolibrary.org/obo/UBERON_0011143,https://purl.humanatlas.io/vocab/hp#characteristic_of_part_of,https://purl.humanatlas.io/vocab/hp
http://purl.obolibrary.org/obo/HP_0006766,http://purl.obolibrary.org/obo/UBERON_0001008,https://purl.humanatlas.io/vocab/hp#characteristic_of_part_of,https://purl.humanatlas.io/vocab/hp
http://purl.obolibrary.org/obo/HP_0006770,http://purl.obolibrary.org/obo/UBERON_0002113,https://purl.humanatlas.io/vocab/hp#characteristic_of_part_of,https://purl.humanatlas.io/vocab/hp
http://purl.obolibrary.org/obo/HP_0006770,http://purl.obolibrary.org/obo/UBERON_0011143,https://purl.humanatlas.io/vocab/hp#characteristic_of_part_of,https://purl.humanatlas.io/vocab/hp
http://purl.obolibrary.org/obo/HP_0006770,http://purl.obolibrary.org/obo/UBERON_0001008,https://purl.humanatlas.io/vocab/hp#characteristic_of_part_of,https://purl.humanatlas.io/vocab/hp
http://purl.obolibrary.org/obo/HP_0006772,http://purl.obolibrary.org/obo/UBERON_0002113,https://purl.humanatlas.io/vocab/hp#part_of,https://purl.humanatlas.io/vocab/hp
http://purl.obolibrary.org/obo/HP_0006772,http://purl.obolibrary.org/obo/UBERON_0002113,https://purl.humanatlas.io/vocab/hp#characteristic_of_part_of,https://purl.humanatlas.io/vocab/hp
http://purl.obolibrary.org/obo/HP_0006772,http://purl.obolibrary.org/obo/UBERON_0011143,https://purl.humanatlas.io/vocab/hp#characteristic_of_part_of,https://purl.humanatlas.io/vocab/hp
http://purl.obolibrary.org/obo/HP_0006772,http://purl.obolibrary.org/obo/UBERON_0001008,https://purl.humanatlas.io/vocab/hp#characteristic_of_part_of,https://purl.humanatlas.io/vocab/hp
http://purl.obolibrary.org/obo/HP_0008155,http://purl.obolibrary.org/obo/UBERON_0001008,https://purl.humanatlas.io/vocab/hp#characteristic_of,https://purl.humanatlas.io/vocab/hp
http://purl.obolibrary.org/obo/HP_0008155,http://purl.obolibrary.org/obo/UBERON_0001008,https://purl.humanatlas.io/vocab/hp#characteristic_of_part_of,https://purl.humanatlas.io/vocab/hp
http://purl.obolibrary.org/obo/HP_0008160,http://purl.obolibrary.org/obo/UBERON_0001008,https://purl.humanatlas.io/vocab/hp#characteristic_of,https://purl.humanatlas.io/vocab/hp
http://purl.obolibrary.org/obo/HP_0008160,http://purl.obolibrary.org/obo/UBERON_0001008,https://purl.humanatlas.io/vocab/hp#characteristic_of_part_of,https://purl.humanatlas.io/vocab/hp
http://purl.obolibrary.org/obo/HP_0008272,http://purl.obolibrary.org/obo/UBERON_0001231,https://purl.humanatlas.io/vocab/hp#characteristic_of,https://purl.humanatlas.io/vocab/hp
http://purl.obolibrary.org/obo/HP_0008272,http://purl.obolibrary.org/obo/UBERON_0002113,https://purl.humanatlas.io/vocab/hp#characteristic_of,https://purl.humanatlas.io/vocab/hp
http://purl.obolibrary.org/obo/HP_0008272,http://purl.obolibrary.org/obo/UBERON_0002113,https://purl.humanatlas.io/vocab/hp#characteristic_of_part_of,https://purl.humanatlas.io/vocab/hp
http://purl.obolibrary.org/obo/HP_0008272,http://purl.obolibrary.org/obo/UBERON_0011143,https://purl.humanatlas.io/vocab/hp#characteristic_of_part_of,https://purl.humanatlas.io/vocab/hp
http://purl.obolibrary.org/obo/HP_0008272,http://purl.obolibrary.org/obo/UBERON_0001008,https://purl.humanatlas.io/vocab/hp#characteristic_of_part_of,https://purl.humanatlas.io/vocab/hp
http://purl.obolibrary.org/obo/HP_0008272,http://purl.obolibrary.org/obo/UBERON_0001008,https://purl.humanatlas.io/vocab/hp#characteristic_of,https://purl.humanatlas.io/vocab/hp
http://purl.obolibrary.org/obo/HP_0008273,http://purl.obolibrary.org/obo/UBERON_0001008,https://purl.humanatlas.io/vocab/hp#characteristic_of,https://purl.humanatlas.io/vocab/hp
http://purl.obolibrary.org/obo/HP_0008273,http://purl.obolibrary.org/obo/UBERON_0001008,https://purl.humanatlas.io/vocab/hp#characteristic_of_part_of,https://purl.humanatlas.io/vocab/hp
http://purl.obolibrary.org/obo/HP_0008293,http://purl.obolibrary.org/obo/UBERON_0001008,https://purl.humanatlas.io/vocab/hp#characteristic_of,https://purl.humanatlas.io/vocab/hp
http://purl.obolibrary.org/obo/HP_0008293,http://purl.obolibrary.org/obo/UBERON_0001008,https://purl.humanatlas.io/vocab/hp#characteristic_of_part_of,https://purl.humanatlas.io/vocab/hp
http://purl.obolibrary.org/obo/HP_0008301,http://purl.obolibrary.org/obo/UBERON_0001008,https://purl.humanatlas.io/vocab/hp#characteristic_of,https://purl.humanatlas.io/vocab/hp
http://purl.obolibrary.org/obo/HP_0008301,http://purl.obolibrary.org/obo/UBERON_0001008,https://purl.humanatlas.io/vocab/hp#characteristic_of_part_of,https://purl.humanatlas.io/vocab/hp
http://purl.obolibrary.org/obo/HP_0008305,http://purl.obolibrary.org/obo/UBERON_0001008,https://purl.humanatlas.io/vocab/hp#characteristic_of,https://purl.humanatlas.io/vocab/hp
http://purl.obolibrary.org/obo/HP_0008305,http://purl.obolibrary.org/obo/UBERON_0001008,https://purl.humanatlas.io/vocab/hp#characteristic_of_part_of,https://purl.humanatlas.io/vocab/hp
http://purl.obolibrary.org/obo/HP_0008309,http://purl.obolibrary.org/obo/UBERON_0001008,https://purl.humanatlas.io/vocab/hp#characteristic_of,https://purl.humanatlas.io/vocab/hp
http://purl.obolibrary.org/obo/HP_0008309,http://purl.obolibrary.org/obo/UBERON_0001008,https://purl.humanatlas.io/vocab/hp#characteristic_of_part_of,https://purl.humanatlas.io/vocab/hp
http://purl.obolibrary.org/obo/HP_0008327,http://purl.obolibrary.org/obo/UBERON_0002113,https://purl.humanatlas.io/vocab/hp#characteristic_of_part_of,https://purl.humanatlas.io/vocab/hp
http://purl.obolibrary.org/obo/HP_0008327,http://purl.obolibrary.org/obo/UBERON_0011143,https://purl.humanatlas.io/vocab/hp#characteristic_of_part_of,https://purl.humanatlas.io/vocab/hp
http://purl.obolibrary.org/obo/HP_0008327,http://purl.obolibrary.org/obo/UBERON_0001008,https://purl.humanatlas.io/vocab/hp#characteristic_of_part_of,https://purl.humanatlas.io/vocab/hp
http://purl.obolibrary.org/obo/HP_0008336,http://purl.obolibrary.org/obo/UBERON_0001008,https://purl.humanatlas.io/vocab/hp#characteristic_of,https://purl.humanatlas.io/vocab/hp
http://purl.obolibrary.org/obo/HP_0008336,http://purl.obolibrary.org/obo/UBERON_0001008,https://purl.humanatlas.io/vocab/hp#characteristic_of_part_of,https://purl.humanatlas.io/vocab/hp
http://purl.obolibrary.org/obo/HP_0008339,http://purl.obolibrary.org/obo/UBERON_0001008,https://purl.humanatlas.io/vocab/hp#characteristic_of,https://purl.humanatlas.io/vocab/hp
http://purl.obolibrary.org/obo/HP_0008339,http://purl.obolibrary.org/obo/UBERON_0001008,https://purl.humanatlas.io/vocab/hp#characteristic_of_part_of,https://purl.humanatlas.io/vocab/hp
http://purl.obolibrary.org/obo/HP_0008341,http://purl.obolibrary.org/obo/UBERON_0001231,https://purl.humanatlas.io/vocab/hp#characteristic_of,https://purl.humanatlas.io/vocab/hp
http://purl.obolibrary.org/obo/HP_0008341,http://purl.obolibrary.org/obo/UBERON_0002113,https://purl.humanatlas.io/vocab/hp#characteristic_of,https://purl.humanatlas.io/vocab/hp
http://purl.obolibrary.org/obo/HP_0008341,http://purl.obolibrary.org/obo/UBERON_0002113,https://purl.humanatlas.io/vocab/hp#characteristic_of_part_of,https://purl.humanatlas.io/vocab/hp
http://purl.obolibrary.org/obo/HP_0008341,http://purl.obolibrary.org/obo/UBERON_0011143,https://purl.humanatlas.io/vocab/hp#characteristic_of_part_of,https://purl.humanatlas.io/vocab/hp
http://purl.obolibrary.org/obo/HP_0008341,http://purl.obolibrary.org/obo/UBERON_0001008,https://purl.humanatlas.io/vocab/hp#characteristic_of_part_of,https://purl.humanatlas.io/vocab/hp
http://purl.obolibrary.org/obo/HP_0008341,http://purl.obolibrary.org/obo/UBERON_0001008,https://purl.humanatlas.io/vocab/hp#characteristic_of,https://purl.humanatlas.io/vocab/hp
http://purl.obolibrary.org/obo/HP_0008353,http://purl.obolibrary.org/obo/UBERON_0001008,https://purl.humanatlas.io/vocab/hp#characteristic_of,https://purl.humanatlas.io/vocab/hp
http://purl.obolibrary.org/obo/HP_0008353,http://purl.obolibrary.org/obo/UBERON_0001008,https://purl.humanatlas.io/vocab/hp#characteristic_of_part_of,https://purl.humanatlas.io/vocab/hp
http://purl.obolibrary.org/obo/HP_0008631,http://purl.obolibrary.org/obo/UBERON_0000056,https://purl.humanatlas.io/vocab/hp#characteristic_of_part_of,https://purl.humanatlas.io/vocab/hp
http://purl.obolibrary.org/obo/HP_0008631,http://purl.obolibrary.org/obo/UBERON_0011143,https://purl.humanatlas.io/vocab/hp#characteristic_of_part_of,https://purl.humanatlas.io/vocab/hp
http://purl.obolibrary.org/obo/HP_0008631,http://purl.obolibrary.org/obo/UBERON_0001008,https://purl.humanatlas.io/vocab/hp#characteristic_of_part_of,https://purl.humanatlas.io/vocab/hp
http://purl.obolibrary.org/obo/HP_0008635,http://purl.obolibrary.org/obo/UBERON_0001255,https://purl.humanatlas.io/vocab/hp#characteristic_of,https://purl.humanatlas.io/vocab/hp
http://purl.obolibrary.org/obo/HP_0008635,http://purl.obolibrary.org/obo/UBERON_0001255,https://purl.humanatlas.io/vocab/hp#characteristic_of_part_of,https://purl.humanatlas.io/vocab/hp
http://purl.obolibrary.org/obo/HP_0008635,http://purl.obolibrary.org/obo/UBERON_0001556,https://purl.humanatlas.io/vocab/hp#characteristic_of_part_of,https://purl.humanatlas.io/vocab/hp
http://purl.obolibrary.org/obo/HP_0008635,http://purl.obolibrary.org/obo/UBERON_0001008,https://purl.humanatlas.io/vocab/hp#characteristic_of_part_of,https://purl.humanatlas.io/vocab/hp
http://purl.obolibrary.org/obo/HP_0008643,http://purl.obolibrary.org/obo/UBERON_0002113,https://purl.humanatlas.io/vocab/hp#characteristic_of_part_of,https://purl.humanatlas.io/vocab/hp
http://purl.obolibrary.org/obo/HP_0008643,http://purl.obolibrary.org/obo/UBERON_0011143,https://purl.humanatlas.io/vocab/hp#characteristic_of_part_of,https://purl.humanatlas.io/vocab/hp
http://purl.obolibrary.org/obo/HP_0008643,http://purl.obolibrary.org/obo/UBERON_0001008,https://purl.humanatlas.io/vocab/hp#characteristic_of_part_of,https://purl.humanatlas.io/vocab/hp
http://purl.obolibrary.org/obo/HP_0008651,http://purl.obolibrary.org/obo/UBERON_0002113,https://purl.humanatlas.io/vocab/hp#characteristic_of_part_of,https://purl.humanatlas.io/vocab/hp
http://purl.obolibrary.org/obo/HP_0008651,http://purl.obolibrary.org/obo/UBERON_0011143,https://purl.humanatlas.io/vocab/hp#characteristic_of_part_of,https://purl.humanatlas.io/vocab/hp
http://purl.obolibrary.org/obo/HP_0008651,http://purl.obolibrary.org/obo/UBERON_0001008,https://purl.humanatlas.io/vocab/hp#characteristic_of_part_of,https://purl.humanatlas.io/vocab/hp
http://purl.obolibrary.org/obo/HP_0008653,http://purl.obolibrary.org/obo/UBERON_0000074,https://purl.humanatlas.io/vocab/hp#characteristic_of_part_of,https://purl.humanatlas.io/vocab/hp
http://purl.obolibrary.org/obo/HP_0008653,http://purl.obolibrary.org/obo/UBERON_0001225,https://purl.humanatlas.io/vocab/hp#characteristic_of,https://purl.humanatlas.io/vocab/hp
http://purl.obolibrary.org/obo/HP_0008653,http://purl.obolibrary.org/obo/UBERON_0002113,https://purl.humanatlas.io/vocab/hp#characteristic_of_part_of,https://purl.humanatlas.io/vocab/hp
http://purl.obolibrary.org/obo/HP_0008653,http://purl.obolibrary.org/obo/UBERON_0011143,https://purl.humanatlas.io/vocab/hp#characteristic_of_part_of,https://purl.humanatlas.io/vocab/hp
http://purl.obolibrary.org/obo/HP_0008653,http://purl.obolibrary.org/obo/UBERON_0001008,https://purl.humanatlas.io/vocab/hp#characteristic_of_part_of,https://purl.humanatlas.io/vocab/hp
http://purl.obolibrary.org/obo/HP_0008653,http://purl.obolibrary.org/obo/UBERON_0001285,https://purl.humanatlas.io/vocab/hp#characteristic_of_part_of,https://purl.humanatlas.io/vocab/hp
http://purl.obolibrary.org/obo/HP_0008653,http://purl.obolibrary.org/obo/UBERON_0002113,https://purl.humanatlas.io/vocab/hp#occurs_in,https://purl.humanatlas.io/vocab/hp
http://purl.obolibrary.org/obo/HP_0008653,http://purl.obolibrary.org/obo/UBERON_0002113,https://purl.humanatlas.io/vocab/hp#characteristic_of,https://purl.humanatlas.io/vocab/hp
http://purl.obolibrary.org/obo/HP_0008653,http://purl.obolibrary.org/obo/UBERON_0001008,https://purl.humanatlas.io/vocab/hp#characteristic_of,https://purl.humanatlas.io/vocab/hp
http://purl.obolibrary.org/obo/HP_0008659,http://purl.obolibrary.org/obo/UBERON_0002113,https://purl.humanatlas.io/vocab/hp#part_of,https://purl.humanatlas.io/vocab/hp
http://purl.obolibrary.org/obo/HP_0008659,http://purl.obolibrary.org/obo/UBERON_0002113,https://purl.humanatlas.io/vocab/hp#characteristic_of_part_of,https://purl.humanatlas.io/vocab/hp
http://purl.obolibrary.org/obo/HP_0008659,http://purl.obolibrary.org/obo/UBERON_0011143,https://purl.humanatlas.io/vocab/hp#characteristic_of_part_of,https://purl.humanatlas.io/vocab/hp
http://purl.obolibrary.org/obo/HP_0008659,http://purl.obolibrary.org/obo/UBERON_0001008,https://purl.humanatlas.io/vocab/hp#characteristic_of_part_of,https://purl.humanatlas.io/vocab/hp
http://purl.obolibrary.org/obo/HP_0008659,http://purl.obolibrary.org/obo/UBERON_0000362,https://purl.humanatlas.io/vocab/hp#characteristic_of,https://purl.humanatlas.io/vocab/hp
http://purl.obolibrary.org/obo/HP_0008660,http://purl.obolibrary.org/obo/UBERON_0001231,https://purl.humanatlas.io/vocab/hp#characteristic_of_part_of,https://purl.humanatlas.io/vocab/hp
http://purl.obolibrary.org/obo/HP_0008660,http://purl.obolibrary.org/obo/UBERON_0001285,https://purl.humanatlas.io/vocab/hp#characteristic_of_part_of,https://purl.humanatlas.io/vocab/hp
http://purl.obolibrary.org/obo/HP_0008660,http://purl.obolibrary.org/obo/UBERON_0002113,https://purl.humanatlas.io/vocab/hp#characteristic_of_part_of,https://purl.humanatlas.io/vocab/hp
http://purl.obolibrary.org/obo/HP_0008660,http://purl.obolibrary.org/obo/UBERON_0011143,https://purl.humanatlas.io/vocab/hp#characteristic_of_part_of,https://purl.humanatlas.io/vocab/hp
http://purl.obolibrary.org/obo/HP_0008660,http://purl.obolibrary.org/obo/UBERON_0001008,https://purl.humanatlas.io/vocab/hp#characteristic_of_part_of,https://purl.humanatlas.io/vocab/hp
http://purl.obolibrary.org/obo/HP_0008661,http://purl.obolibrary.org/obo/UBERON_0001556,https://purl.humanatlas.io/vocab/hp#characteristic_of_part_of,https://purl.humanatlas.io/vocab/hp
http://purl.obolibrary.org/obo/HP_0008661,http://purl.obolibrary.org/obo/UBERON_0001008,https://purl.humanatlas.io/vocab/hp#characteristic_of_part_of,https://purl.humanatlas.io/vocab/hp
http://purl.obolibrary.org/obo/HP_0008663,http://purl.obolibrary.org/obo/UBERON_0002113,https://purl.humanatlas.io/vocab/hp#characteristic_of_part_of,https://purl.humanatlas.io/vocab/hp
http://purl.obolibrary.org/obo/HP_0008663,http://purl.obolibrary.org/obo/UBERON_0011143,https://purl.humanatlas.io/vocab/hp#characteristic_of_part_of,https://purl.humanatlas.io/vocab/hp
http://purl.obolibrary.org/obo/HP_0008663,http://purl.obolibrary.org/obo/UBERON_0001008,https://purl.humanatlas.io/vocab/hp#characteristic_of_part_of,https://purl.humanatlas.io/vocab/hp
http://purl.obolibrary.org/obo/HP_0008664,http://purl.obolibrary.org/obo/UBERON_0001556,https://purl.humanatlas.io/vocab/hp#characteristic_of_part_of,https://purl.humanatlas.io/vocab/hp
http://purl.obolibrary.org/obo/HP_0008664,http://purl.obolibrary.org/obo/UBERON_0001008,https://purl.humanatlas.io/vocab/hp#characteristic_of_part_of,https://purl.humanatlas.io/vocab/hp
http://purl.obolibrary.org/obo/HP_0008666,http://purl.obolibrary.org/obo/UBERON_0001231,https://purl.humanatlas.io/vocab/hp#characteristic_of,https://purl.humanatlas.io/vocab/hp
http://purl.obolibrary.org/obo/HP_0008666,http://purl.obolibrary.org/obo/UBERON_0002113,https://purl.humanatlas.io/vocab/hp#characteristic_of,https://purl.humanatlas.io/vocab/hp
http://purl.obolibrary.org/obo/HP_0008666,http://purl.obolibrary.org/obo/UBERON_0002113,https://purl.humanatlas.io/vocab/hp#characteristic_of_part_of,https://purl.humanatlas.io/vocab/hp
http://purl.obolibrary.org/obo/HP_0008666,http://purl.obolibrary.org/obo/UBERON_0011143,https://purl.humanatlas.io/vocab/hp#characteristic_of_part_of,https://purl.humanatlas.io/vocab/hp
http://purl.obolibrary.org/obo/HP_0008666,http://purl.obolibrary.org/obo/UBERON_0001008,https://purl.humanatlas.io/vocab/hp#characteristic_of_part_of,https://purl.humanatlas.io/vocab/hp
http://purl.obolibrary.org/obo/HP_0008666,http://purl.obolibrary.org/obo/UBERON_0001008,https://purl.humanatlas.io/vocab/hp#characteristic_of,https://purl.humanatlas.io/vocab/hp
http://purl.obolibrary.org/obo/HP_0008672,http://purl.obolibrary.org/obo/UBERON_0002113,https://purl.humanatlas.io/vocab/hp#characteristic_of_part_of,https://purl.humanatlas.io/vocab/hp
http://purl.obolibrary.org/obo/HP_0008672,http://purl.obolibrary.org/obo/UBERON_0011143,https://purl.humanatlas.io/vocab/hp#characteristic_of_part_of,https://purl.humanatlas.io/vocab/hp
http://purl.obolibrary.org/obo/HP_0008672,http://purl.obolibrary.org/obo/UBERON_0001008,https://purl.humanatlas.io/vocab/hp#characteristic_of_part_of,https://purl.humanatlas.io/vocab/hp
http://purl.obolibrary.org/obo/HP_0008676,http://purl.obolibrary.org/obo/UBERON_0000056,https://purl.humanatlas.io/vocab/hp#characteristic_of,https://purl.humanatlas.io/vocab/hp
http://purl.obolibrary.org/obo/HP_0008676,http://purl.obolibrary.org/obo/UBERON_0000056,https://purl.humanatlas.io/vocab/hp#characteristic_of_part_of,https://purl.humanatlas.io/vocab/hp
http://purl.obolibrary.org/obo/HP_0008676,http://purl.obolibrary.org/obo/UBERON_0011143,https://purl.humanatlas.io/vocab/hp#characteristic_of_part_of,https://purl.humanatlas.io/vocab/hp
http://purl.obolibrary.org/obo/HP_0008676,http://purl.obolibrary.org/obo/UBERON_0001008,https://purl.humanatlas.io/vocab/hp#characteristic_of_part_of,https://purl.humanatlas.io/vocab/hp
http://purl.obolibrary.org/obo/HP_0008677,http://purl.obolibrary.org/obo/UBERON_0002113,https://purl.humanatlas.io/vocab/hp#characteristic_of,https://purl.humanatlas.io/vocab/hp
http://purl.obolibrary.org/obo/HP_0008677,http://purl.obolibrary.org/obo/UBERON_0002113,https://purl.humanatlas.io/vocab/hp#characteristic_of_part_of,https://purl.humanatlas.io/vocab/hp
http://purl.obolibrary.org/obo/HP_0008677,http://purl.obolibrary.org/obo/UBERON_0011143,https://purl.humanatlas.io/vocab/hp#characteristic_of_part_of,https://purl.humanatlas.io/vocab/hp
http://purl.obolibrary.org/obo/HP_0008677,http://purl.obolibrary.org/obo/UBERON_0001008,https://purl.humanatlas.io/vocab/hp#characteristic_of_part_of,https://purl.humanatlas.io/vocab/hp
http://purl.obolibrary.org/obo/HP_0008677,http://purl.obolibrary.org/obo/UBERON_0001008,https://purl.humanatlas.io/vocab/hp#characteristic_of,https://purl.humanatlas.io/vocab/hp
http://purl.obolibrary.org/obo/HP_0008678,http://purl.obolibrary.org/obo/UBERON_0002113,https://purl.humanatlas.io/vocab/hp#characteristic_of,https://purl.humanatlas.io/vocab/hp
http://purl.obolibrary.org/obo/HP_0008678,http://purl.obolibrary.org/obo/UBERON_0002113,https://purl.humanatlas.io/vocab/hp#characteristic_of_part_of,https://purl.humanatlas.io/vocab/hp
http://purl.obolibrary.org/obo/HP_0008678,http://purl.obolibrary.org/obo/UBERON_0011143,https://purl.humanatlas.io/vocab/hp#characteristic_of_part_of,https://purl.humanatlas.io/vocab/hp
http://purl.obolibrary.org/obo/HP_0008678,http://purl.obolibrary.org/obo/UBERON_0001008,https://purl.humanatlas.io/vocab/hp#characteristic_of_part_of,https://purl.humanatlas.io/vocab/hp
http://purl.obolibrary.org/obo/HP_0008682,http://purl.obolibrary.org/obo/UBERON_0001231,https://purl.humanatlas.io/vocab/hp#characteristic_of_part_of,https://purl.humanatlas.io/vocab/hp
http://purl.obolibrary.org/obo/HP_0008682,http://purl.obolibrary.org/obo/UBERON_0001285,https://purl.humanatlas.io/vocab/hp#characteristic_of_part_of,https://purl.humanatlas.io/vocab/hp
http://purl.obolibrary.org/obo/HP_0008682,http://purl.obolibrary.org/obo/UBERON_0002113,https://purl.humanatlas.io/vocab/hp#characteristic_of_part_of,https://purl.humanatlas.io/vocab/hp
http://purl.obolibrary.org/obo/HP_0008682,http://purl.obolibrary.org/obo/UBERON_0011143,https://purl.humanatlas.io/vocab/hp#characteristic_of_part_of,https://purl.humanatlas.io/vocab/hp
http://purl.obolibrary.org/obo/HP_0008682,http://purl.obolibrary.org/obo/UBERON_0001008,https://purl.humanatlas.io/vocab/hp#characteristic_of_part_of,https://purl.humanatlas.io/vocab/hp
http://purl.obolibrary.org/obo/HP_0008691,http://purl.obolibrary.org/obo/UBERON_0001256,https://purl.humanatlas.io/vocab/hp#part_of,https://purl.humanatlas.io/vocab/hp
http://purl.obolibrary.org/obo/HP_0008691,http://purl.obolibrary.org/obo/UBERON_0001255,https://purl.humanatlas.io/vocab/hp#characteristic_of,https://purl.humanatlas.io/vocab/hp
http://purl.obolibrary.org/obo/HP_0008691,http://purl.obolibrary.org/obo/UBERON_0001255,https://purl.humanatlas.io/vocab/hp#characteristic_of_part_of,https://purl.humanatlas.io/vocab/hp
http://purl.obolibrary.org/obo/HP_0008691,http://purl.obolibrary.org/obo/UBERON_0001556,https://purl.humanatlas.io/vocab/hp#characteristic_of_part_of,https://purl.humanatlas.io/vocab/hp
http://purl.obolibrary.org/obo/HP_0008691,http://purl.obolibrary.org/obo/UBERON_0001008,https://purl.humanatlas.io/vocab/hp#characteristic_of_part_of,https://purl.humanatlas.io/vocab/hp
http://purl.obolibrary.org/obo/HP_0008695,http://purl.obolibrary.org/obo/UBERON_0002113,https://purl.humanatlas.io/vocab/hp#characteristic_of,https://purl.humanatlas.io/vocab/hp
http://purl.obolibrary.org/obo/HP_0008695,http://purl.obolibrary.org/obo/UBERON_0002113,https://purl.humanatlas.io/vocab/hp#characteristic_of_part_of,https://purl.humanatlas.io/vocab/hp
http://purl.obolibrary.org/obo/HP_0008695,http://purl.obolibrary.org/obo/UBERON_0011143,https://purl.humanatlas.io/vocab/hp#characteristic_of_part_of,https://purl.humanatlas.io/vocab/hp
http://purl.obolibrary.org/obo/HP_0008695,http://purl.obolibrary.org/obo/UBERON_0001008,https://purl.humanatlas.io/vocab/hp#characteristic_of_part_of,https://purl.humanatlas.io/vocab/hp
http://purl.obolibrary.org/obo/HP_0008695,http://purl.obolibrary.org/obo/UBERON_0001008,https://purl.humanatlas.io/vocab/hp#characteristic_of,https://purl.humanatlas.io/vocab/hp
http://purl.obolibrary.org/obo/HP_0008696,http://purl.obolibrary.org/obo/UBERON_0002113,https://purl.humanatlas.io/vocab/hp#part_of,https://purl.humanatlas.io/vocab/hp
http://purl.obolibrary.org/obo/HP_0008696,http://purl.obolibrary.org/obo/UBERON_0002113,https://purl.humanatlas.io/vocab/hp#characteristic_of_part_of,https://purl.humanatlas.io/vocab/hp
http://purl.obolibrary.org/obo/HP_0008696,http://purl.obolibrary.org/obo/UBERON_0011143,https://purl.humanatlas.io/vocab/hp#characteristic_of_part_of,https://purl.humanatlas.io/vocab/hp
http://purl.obolibrary.org/obo/HP_0008696,http://purl.obolibrary.org/obo/UBERON_0001008,https://purl.humanatlas.io/vocab/hp#characteristic_of_part_of,https://purl.humanatlas.io/vocab/hp
http://purl.obolibrary.org/obo/HP_0008705,http://purl.obolibrary.org/obo/UBERON_0000056,https://purl.humanatlas.io/vocab/hp#towards,https://purl.humanatlas.io/vocab/hp
http://purl.obolibrary.org/obo/HP_0008705,http://purl.obolibrary.org/obo/UBERON_0000056,https://purl.humanatlas.io/vocab/hp#characteristic_of_part_of,https://purl.humanatlas.io/vocab/hp
http://purl.obolibrary.org/obo/HP_0008705,http://purl.obolibrary.org/obo/UBERON_0011143,https://purl.humanatlas.io/vocab/hp#characteristic_of_part_of,https://purl.humanatlas.io/vocab/hp
http://purl.obolibrary.org/obo/HP_0008705,http://purl.obolibrary.org/obo/UBERON_0001008,https://purl.humanatlas.io/vocab/hp#characteristic_of_part_of,https://purl.humanatlas.io/vocab/hp
http://purl.obolibrary.org/obo/HP_0008706,http://purl.obolibrary.org/obo/UBERON_0001556,https://purl.humanatlas.io/vocab/hp#characteristic_of_part_of,https://purl.humanatlas.io/vocab/hp
http://purl.obolibrary.org/obo/HP_0008706,http://purl.obolibrary.org/obo/UBERON_0001008,https://purl.humanatlas.io/vocab/hp#characteristic_of_part_of,https://purl.humanatlas.io/vocab/hp
http://purl.obolibrary.org/obo/HP_0008714,http://purl.obolibrary.org/obo/UBERON_0000056,https://purl.humanatlas.io/vocab/hp#characteristic_of_part_of,https://purl.humanatlas.io/vocab/hp
http://purl.obolibrary.org/obo/HP_0008714,http://purl.obolibrary.org/obo/UBERON_0000056,https://purl.humanatlas.io/vocab/hp#characteristic_of,https://purl.humanatlas.io/vocab/hp
http://purl.obolibrary.org/obo/HP_0008714,http://purl.obolibrary.org/obo/UBERON_0011143,https://purl.humanatlas.io/vocab/hp#characteristic_of_part_of,https://purl.humanatlas.io/vocab/hp
http://purl.obolibrary.org/obo/HP_0008714,http://purl.obolibrary.org/obo/UBERON_0001008,https://purl.humanatlas.io/vocab/hp#characteristic_of_part_of,https://purl.humanatlas.io/vocab/hp
http://purl.obolibrary.org/obo/HP_0008716,http://purl.obolibrary.org/obo/UBERON_0001556,https://purl.humanatlas.io/vocab/hp#characteristic_of_part_of,https://purl.humanatlas.io/vocab/hp
http://purl.obolibrary.org/obo/HP_0008716,http://purl.obolibrary.org/obo/UBERON_0001008,https://purl.humanatlas.io/vocab/hp#characteristic_of_part_of,https://purl.humanatlas.io/vocab/hp
http://purl.obolibrary.org/obo/HP_0008717,http://purl.obolibrary.org/obo/UBERON_0002113,https://purl.humanatlas.io/vocab/hp#characteristic_of,https://purl.humanatlas.io/vocab/hp
http://purl.obolibrary.org/obo/HP_0008717,http://purl.obolibrary.org/obo/UBERON_0002113,https://purl.humanatlas.io/vocab/hp#characteristic_of_part_of,https://purl.humanatlas.io/vocab/hp
http://purl.obolibrary.org/obo/HP_0008717,http://purl.obolibrary.org/obo/UBERON_0011143,https://purl.humanatlas.io/vocab/hp#characteristic_of_part_of,https://purl.humanatlas.io/vocab/hp
http://purl.obolibrary.org/obo/HP_0008717,http://purl.obolibrary.org/obo/UBERON_0001008,https://purl.humanatlas.io/vocab/hp#characteristic_of_part_of,https://purl.humanatlas.io/vocab/hp
http://purl.obolibrary.org/obo/HP_0008718,http://purl.obolibrary.org/obo/UBERON_0002113,https://purl.humanatlas.io/vocab/hp#characteristic_of,https://purl.humanatlas.io/vocab/hp
http://purl.obolibrary.org/obo/HP_0008718,http://purl.obolibrary.org/obo/UBERON_0002113,https://purl.humanatlas.io/vocab/hp#characteristic_of_part_of,https://purl.humanatlas.io/vocab/hp
http://purl.obolibrary.org/obo/HP_0008718,http://purl.obolibrary.org/obo/UBERON_0011143,https://purl.humanatlas.io/vocab/hp#characteristic_of_part_of,https://purl.humanatlas.io/vocab/hp
http://purl.obolibrary.org/obo/HP_0008718,http://purl.obolibrary.org/obo/UBERON_0001008,https://purl.humanatlas.io/vocab/hp#characteristic_of_part_of,https://purl.humanatlas.io/vocab/hp
http://purl.obolibrary.org/obo/HP_0008722,http://purl.obolibrary.org/obo/UBERON_0001556,https://purl.humanatlas.io/vocab/hp#characteristic_of_part_of,https://purl.humanatlas.io/vocab/hp
http://purl.obolibrary.org/obo/HP_0008722,http://purl.obolibrary.org/obo/UBERON_0001008,https://purl.humanatlas.io/vocab/hp#characteristic_of_part_of,https://purl.humanatlas.io/vocab/hp
http://purl.obolibrary.org/obo/HP_0008738,http://purl.obolibrary.org/obo/UBERON_0002113,https://purl.humanatlas.io/vocab/hp#towards,https://purl.humanatlas.io/vocab/hp
http://purl.obolibrary.org/obo/HP_0008738,http://purl.obolibrary.org/obo/UBERON_0002113,https://purl.humanatlas.io/vocab/hp#characteristic_of_part_of,https://purl.humanatlas.io/vocab/hp
http://purl.obolibrary.org/obo/HP_0008738,http://purl.obolibrary.org/obo/UBERON_0011143,https://purl.humanatlas.io/vocab/hp#characteristic_of_part_of,https://purl.humanatlas.io/vocab/hp
http://purl.obolibrary.org/obo/HP_0008738,http://purl.obolibrary.org/obo/UBERON_0001008,https://purl.humanatlas.io/vocab/hp#characteristic_of_part_of,https://purl.humanatlas.io/vocab/hp
http://purl.obolibrary.org/obo/HP_0008743,http://purl.obolibrary.org/obo/UBERON_0001556,https://purl.humanatlas.io/vocab/hp#characteristic_of_part_of,https://purl.humanatlas.io/vocab/hp
http://purl.obolibrary.org/obo/HP_0008743,http://purl.obolibrary.org/obo/UBERON_0001008,https://purl.humanatlas.io/vocab/hp#characteristic_of_part_of,https://purl.humanatlas.io/vocab/hp
http://purl.obolibrary.org/obo/HP_0008776,http://purl.obolibrary.org/obo/UBERON_0002113,https://purl.humanatlas.io/vocab/hp#characteristic_of_part_of,https://purl.humanatlas.io/vocab/hp
http://purl.obolibrary.org/obo/HP_0008776,http://purl.obolibrary.org/obo/UBERON_0011143,https://purl.humanatlas.io/vocab/hp#characteristic_of_part_of,https://purl.humanatlas.io/vocab/hp
http://purl.obolibrary.org/obo/HP_0008776,http://purl.obolibrary.org/obo/UBERON_0001008,https://purl.humanatlas.io/vocab/hp#characteristic_of_part_of,https://purl.humanatlas.io/vocab/hp
http://purl.obolibrary.org/obo/HP_0009726,http://purl.obolibrary.org/obo/UBERON_0002113,https://purl.humanatlas.io/vocab/hp#characteristic_of_part_of,https://purl.humanatlas.io/vocab/hp
http://purl.obolibrary.org/obo/HP_0009726,http://purl.obolibrary.org/obo/UBERON_0011143,https://purl.humanatlas.io/vocab/hp#characteristic_of_part_of,https://purl.humanatlas.io/vocab/hp
http://purl.obolibrary.org/obo/HP_0009726,http://purl.obolibrary.org/obo/UBERON_0001008,https://purl.humanatlas.io/vocab/hp#characteristic_of_part_of,https://purl.humanatlas.io/vocab/hp
http://purl.obolibrary.org/obo/HP_0009741,http://purl.obolibrary.org/obo/UBERON_0002113,https://purl.humanatlas.io/vocab/hp#part_of,https://purl.humanatlas.io/vocab/hp
http://purl.obolibrary.org/obo/HP_0009741,http://purl.obolibrary.org/obo/UBERON_0002113,https://purl.humanatlas.io/vocab/hp#characteristic_of_part_of,https://purl.humanatlas.io/vocab/hp
http://purl.obolibrary.org/obo/HP_0009741,http://purl.obolibrary.org/obo/UBERON_0011143,https://purl.humanatlas.io/vocab/hp#characteristic_of_part_of,https://purl.humanatlas.io/vocab/hp
http://purl.obolibrary.org/obo/HP_0009741,http://purl.obolibrary.org/obo/UBERON_0001008,https://purl.humanatlas.io/vocab/hp#characteristic_of_part_of,https://purl.humanatlas.io/vocab/hp
http://purl.obolibrary.org/obo/HP_0010471,http://purl.obolibrary.org/obo/UBERON_0001008,https://purl.humanatlas.io/vocab/hp#characteristic_of,https://purl.humanatlas.io/vocab/hp
http://purl.obolibrary.org/obo/HP_0010471,http://purl.obolibrary.org/obo/UBERON_0001008,https://purl.humanatlas.io/vocab/hp#characteristic_of_part_of,https://purl.humanatlas.io/vocab/hp
http://purl.obolibrary.org/obo/HP_0010473,http://purl.obolibrary.org/obo/UBERON_0001008,https://purl.humanatlas.io/vocab/hp#characteristic_of,https://purl.humanatlas.io/vocab/hp
http://purl.obolibrary.org/obo/HP_0010473,http://purl.obolibrary.org/obo/UBERON_0001008,https://purl.humanatlas.io/vocab/hp#characteristic_of_part_of,https://purl.humanatlas.io/vocab/hp
http://purl.obolibrary.org/obo/HP_0010474,http://purl.obolibrary.org/obo/UBERON_0001255,https://purl.humanatlas.io/vocab/hp#characteristic_of,https://purl.humanatlas.io/vocab/hp
http://purl.obolibrary.org/obo/HP_0010474,http://purl.obolibrary.org/obo/UBERON_0001255,https://purl.humanatlas.io/vocab/hp#characteristic_of_part_of,https://purl.humanatlas.io/vocab/hp
http://purl.obolibrary.org/obo/HP_0010474,http://purl.obolibrary.org/obo/UBERON_0001556,https://purl.humanatlas.io/vocab/hp#characteristic_of_part_of,https://purl.humanatlas.io/vocab/hp
http://purl.obolibrary.org/obo/HP_0010474,http://purl.obolibrary.org/obo/UBERON_0001008,https://purl.humanatlas.io/vocab/hp#characteristic_of_part_of,https://purl.humanatlas.io/vocab/hp
http://purl.obolibrary.org/obo/HP_0010476,http://purl.obolibrary.org/obo/UBERON_0001255,https://purl.humanatlas.io/vocab/hp#characteristic_of,https://purl.humanatlas.io/vocab/hp
http://purl.obolibrary.org/obo/HP_0010476,http://purl.obolibrary.org/obo/UBERON_0001255,https://purl.humanatlas.io/vocab/hp#characteristic_of_part_of,https://purl.humanatlas.io/vocab/hp
http://purl.obolibrary.org/obo/HP_0010476,http://purl.obolibrary.org/obo/UBERON_0001556,https://purl.humanatlas.io/vocab/hp#characteristic_of_part_of,https://purl.humanatlas.io/vocab/hp
http://purl.obolibrary.org/obo/HP_0010476,http://purl.obolibrary.org/obo/UBERON_0001008,https://purl.humanatlas.io/vocab/hp#characteristic_of_part_of,https://purl.humanatlas.io/vocab/hp
http://purl.obolibrary.org/obo/HP_0010477,http://purl.obolibrary.org/obo/UBERON_0001255,https://purl.humanatlas.io/vocab/hp#characteristic_of,https://purl.humanatlas.io/vocab/hp
http://purl.obolibrary.org/obo/HP_0010477,http://purl.obolibrary.org/obo/UBERON_0001255,https://purl.humanatlas.io/vocab/hp#characteristic_of_part_of,https://purl.humanatlas.io/vocab/hp
http://purl.obolibrary.org/obo/HP_0010477,http://purl.obolibrary.org/obo/UBERON_0001556,https://purl.humanatlas.io/vocab/hp#characteristic_of_part_of,https://purl.humanatlas.io/vocab/hp
http://purl.obolibrary.org/obo/HP_0010477,http://purl.obolibrary.org/obo/UBERON_0001008,https://purl.humanatlas.io/vocab/hp#characteristic_of_part_of,https://purl.humanatlas.io/vocab/hp
http://purl.obolibrary.org/obo/HP_0010478,http://purl.obolibrary.org/obo/UBERON_0001255,https://purl.humanatlas.io/vocab/hp#characteristic_of,https://purl.humanatlas.io/vocab/hp
http://purl.obolibrary.org/obo/HP_0010478,http://purl.obolibrary.org/obo/UBERON_0001255,https://purl.humanatlas.io/vocab/hp#characteristic_of_part_of,https://purl.humanatlas.io/vocab/hp
http://purl.obolibrary.org/obo/HP_0010478,http://purl.obolibrary.org/obo/UBERON_0001556,https://purl.humanatlas.io/vocab/hp#characteristic_of_part_of,https://purl.humanatlas.io/vocab/hp
http://purl.obolibrary.org/obo/HP_0010478,http://purl.obolibrary.org/obo/UBERON_0001008,https://purl.humanatlas.io/vocab/hp#characteristic_of_part_of,https://purl.humanatlas.io/vocab/hp
http://purl.obolibrary.org/obo/HP_0010479,http://purl.obolibrary.org/obo/UBERON_0001255,https://purl.humanatlas.io/vocab/hp#characteristic_of,https://purl.humanatlas.io/vocab/hp
http://purl.obolibrary.org/obo/HP_0010479,http://purl.obolibrary.org/obo/UBERON_0001255,https://purl.humanatlas.io/vocab/hp#characteristic_of_part_of,https://purl.humanatlas.io/vocab/hp
http://purl.obolibrary.org/obo/HP_0010479,http://purl.obolibrary.org/obo/UBERON_0001556,https://purl.humanatlas.io/vocab/hp#characteristic_of_part_of,https://purl.humanatlas.io/vocab/hp
http://purl.obolibrary.org/obo/HP_0010479,http://purl.obolibrary.org/obo/UBERON_0001008,https://purl.humanatlas.io/vocab/hp#characteristic_of_part_of,https://purl.humanatlas.io/vocab/hp
http://purl.obolibrary.org/obo/HP_0010480,http://purl.obolibrary.org/obo/UBERON_0001556,https://purl.humanatlas.io/vocab/hp#characteristic_of_part_of,https://purl.humanatlas.io/vocab/hp
http://purl.obolibrary.org/obo/HP_0010480,http://purl.obolibrary.org/obo/UBERON_0001008,https://purl.humanatlas.io/vocab/hp#characteristic_of_part_of,https://purl.humanatlas.io/vocab/hp
http://purl.obolibrary.org/obo/HP_0010481,http://purl.obolibrary.org/obo/UBERON_0001556,https://purl.humanatlas.io/vocab/hp#characteristic_of_part_of,https://purl.humanatlas.io/vocab/hp
http://purl.obolibrary.org/obo/HP_0010481,http://purl.obolibrary.org/obo/UBERON_0001008,https://purl.humanatlas.io/vocab/hp#characteristic_of_part_of,https://purl.humanatlas.io/vocab/hp
http://purl.obolibrary.org/obo/HP_0010677,http://purl.obolibrary.org/obo/UBERON_0001255,https://purl.humanatlas.io/vocab/hp#characteristic_of,https://purl.humanatlas.io/vocab/hp
http://purl.obolibrary.org/obo/HP_0010677,http://purl.obolibrary.org/obo/UBERON_0001255,https://purl.humanatlas.io/vocab/hp#characteristic_of_part_of,https://purl.humanatlas.io/vocab/hp
http://purl.obolibrary.org/obo/HP_0010677,http://purl.obolibrary.org/obo/UBERON_0001556,https://purl.humanatlas.io/vocab/hp#characteristic_of_part_of,https://purl.humanatlas.io/vocab/hp
http://purl.obolibrary.org/obo/HP_0010677,http://purl.obolibrary.org/obo/UBERON_0001008,https://purl.humanatlas.io/vocab/hp#characteristic_of_part_of,https://purl.humanatlas.io/vocab/hp
http://purl.obolibrary.org/obo/HP_0010678,http://purl.obolibrary.org/obo/UBERON_0001255,https://purl.humanatlas.io/vocab/hp#characteristic_of,https://purl.humanatlas.io/vocab/hp
http://purl.obolibrary.org/obo/HP_0010678,http://purl.obolibrary.org/obo/UBERON_0001255,https://purl.humanatlas.io/vocab/hp#characteristic_of_part_of,https://purl.humanatlas.io/vocab/hp
http://purl.obolibrary.org/obo/HP_0010678,http://purl.obolibrary.org/obo/UBERON_0001556,https://purl.humanatlas.io/vocab/hp#characteristic_of_part_of,https://purl.humanatlas.io/vocab/hp
http://purl.obolibrary.org/obo/HP_0010678,http://purl.obolibrary.org/obo/UBERON_0001008,https://purl.humanatlas.io/vocab/hp#characteristic_of_part_of,https://purl.humanatlas.io/vocab/hp
http://purl.obolibrary.org/obo/HP_0010680,http://purl.obolibrary.org/obo/UBERON_0002113,https://purl.humanatlas.io/vocab/hp#part_of,https://purl.humanatlas.io/vocab/hp
http://purl.obolibrary.org/obo/HP_0010680,http://purl.obolibrary.org/obo/UBERON_0002113,https://purl.humanatlas.io/vocab/hp#characteristic_of,https://purl.humanatlas.io/vocab/hp
http://purl.obolibrary.org/obo/HP_0010680,http://purl.obolibrary.org/obo/UBERON_0002113,https://purl.humanatlas.io/vocab/hp#characteristic_of_part_of,https://purl.humanatlas.io/vocab/hp
http://purl.obolibrary.org/obo/HP_0010680,http://purl.obolibrary.org/obo/UBERON_0011143,https://purl.humanatlas.io/vocab/hp#characteristic_of_part_of,https://purl.humanatlas.io/vocab/hp
http://purl.obolibrary.org/obo/HP_0010680,http://purl.obolibrary.org/obo/UBERON_0001008,https://purl.humanatlas.io/vocab/hp#characteristic_of_part_of,https://purl.humanatlas.io/vocab/hp
http://purl.obolibrary.org/obo/HP_0010680,http://purl.obolibrary.org/obo/UBERON_0001008,https://purl.humanatlas.io/vocab/hp#characteristic_of,https://purl.humanatlas.io/vocab/hp
http://purl.obolibrary.org/obo/HP_0010685,http://purl.obolibrary.org/obo/UBERON_0002113,https://purl.humanatlas.io/vocab/hp#part_of,https://purl.humanatlas.io/vocab/hp
http://purl.obolibrary.org/obo/HP_0010685,http://purl.obolibrary.org/obo/UBERON_0002113,https://purl.humanatlas.io/vocab/hp#characteristic_of,https://purl.humanatlas.io/vocab/hp
http://purl.obolibrary.org/obo/HP_0010685,http://purl.obolibrary.org/obo/UBERON_0002113,https://purl.humanatlas.io/vocab/hp#characteristic_of_part_of,https://purl.humanatlas.io/vocab/hp
http://purl.obolibrary.org/obo/HP_0010685,http://purl.obolibrary.org/obo/UBERON_0011143,https://purl.humanatlas.io/vocab/hp#characteristic_of_part_of,https://purl.humanatlas.io/vocab/hp
http://purl.obolibrary.org/obo/HP_0010685,http://purl.obolibrary.org/obo/UBERON_0001008,https://purl.humanatlas.io/vocab/hp#characteristic_of_part_of,https://purl.humanatlas.io/vocab/hp
http://purl.obolibrary.org/obo/HP_0010685,http://purl.obolibrary.org/obo/UBERON_0001008,https://purl.humanatlas.io/vocab/hp#characteristic_of,https://purl.humanatlas.io/vocab/hp
http://purl.obolibrary.org/obo/HP_0010839,http://purl.obolibrary.org/obo/UBERON_0001008,https://purl.humanatlas.io/vocab/hp#characteristic_of,https://purl.humanatlas.io/vocab/hp
http://purl.obolibrary.org/obo/HP_0010839,http://purl.obolibrary.org/obo/UBERON_0001008,https://purl.humanatlas.io/vocab/hp#characteristic_of_part_of,https://purl.humanatlas.io/vocab/hp
http://purl.obolibrary.org/obo/HP_0010897,http://purl.obolibrary.org/obo/UBERON_0002113,https://purl.humanatlas.io/vocab/hp#produced_by,https://purl.humanatlas.io/vocab/hp
http://purl.obolibrary.org/obo/HP_0010897,http://purl.obolibrary.org/obo/UBERON_0001008,https://purl.humanatlas.io/vocab/hp#characteristic_of,https://purl.humanatlas.io/vocab/hp
http://purl.obolibrary.org/obo/HP_0010897,http://purl.obolibrary.org/obo/UBERON_0001008,https://purl.humanatlas.io/vocab/hp#characteristic_of_part_of,https://purl.humanatlas.io/vocab/hp
http://purl.obolibrary.org/obo/HP_0010934,http://purl.obolibrary.org/obo/UBERON_0001008,https://purl.humanatlas.io/vocab/hp#characteristic_of,https://purl.humanatlas.io/vocab/hp
http://purl.obolibrary.org/obo/HP_0010934,http://purl.obolibrary.org/obo/UBERON_0001008,https://purl.humanatlas.io/vocab/hp#characteristic_of_part_of,https://purl.humanatlas.io/vocab/hp
http://purl.obolibrary.org/obo/HP_0010935,http://purl.obolibrary.org/obo/UBERON_0011143,https://purl.humanatlas.io/vocab/hp#characteristic_of_part_of,https://purl.humanatlas.io/vocab/hp
http://purl.obolibrary.org/obo/HP_0010935,http://purl.obolibrary.org/obo/UBERON_0001008,https://purl.humanatlas.io/vocab/hp#characteristic_of_part_of,https://purl.humanatlas.io/vocab/hp
http://purl.obolibrary.org/obo/HP_0010936,http://purl.obolibrary.org/obo/UBERON_0001556,https://purl.humanatlas.io/vocab/hp#characteristic_of_part_of,https://purl.humanatlas.io/vocab/hp
http://purl.obolibrary.org/obo/HP_0010936,http://purl.obolibrary.org/obo/UBERON_0001008,https://purl.humanatlas.io/vocab/hp#characteristic_of_part_of,https://purl.humanatlas.io/vocab/hp
http://purl.obolibrary.org/obo/HP_0010944,http://purl.obolibrary.org/obo/UBERON_0001224,https://purl.humanatlas.io/vocab/hp#characteristic_of_part_of,https://purl.humanatlas.io/vocab/hp
http://purl.obolibrary.org/obo/HP_0010944,http://purl.obolibrary.org/obo/UBERON_0002113,https://purl.humanatlas.io/vocab/hp#characteristic_of_part_of,https://purl.humanatlas.io/vocab/hp
http://purl.obolibrary.org/obo/HP_0010944,http://purl.obolibrary.org/obo/UBERON_0011143,https://purl.humanatlas.io/vocab/hp#characteristic_of_part_of,https://purl.humanatlas.io/vocab/hp
http://purl.obolibrary.org/obo/HP_0010944,http://purl.obolibrary.org/obo/UBERON_0001008,https://purl.humanatlas.io/vocab/hp#characteristic_of_part_of,https://purl.humanatlas.io/vocab/hp
http://purl.obolibrary.org/obo/HP_0010945,http://purl.obolibrary.org/obo/UBERON_0001224,https://purl.humanatlas.io/vocab/hp#characteristic_of,https://purl.humanatlas.io/vocab/hp
http://purl.obolibrary.org/obo/HP_0010945,http://purl.obolibrary.org/obo/UBERON_0001224,https://purl.humanatlas.io/vocab/hp#characteristic_of_part_of,https://purl.humanatlas.io/vocab/hp
http://purl.obolibrary.org/obo/HP_0010945,http://purl.obolibrary.org/obo/UBERON_0002113,https://purl.humanatlas.io/vocab/hp#characteristic_of_part_of,https://purl.humanatlas.io/vocab/hp
http://purl.obolibrary.org/obo/HP_0010945,http://purl.obolibrary.org/obo/UBERON_0011143,https://purl.humanatlas.io/vocab/hp#characteristic_of_part_of,https://purl.humanatlas.io/vocab/hp
http://purl.obolibrary.org/obo/HP_0010945,http://purl.obolibrary.org/obo/UBERON_0001008,https://purl.humanatlas.io/vocab/hp#characteristic_of_part_of,https://purl.humanatlas.io/vocab/hp
http://purl.obolibrary.org/obo/HP_0010946,http://purl.obolibrary.org/obo/UBERON_0001224,https://purl.humanatlas.io/vocab/hp#characteristic_of,https://purl.humanatlas.io/vocab/hp
http://purl.obolibrary.org/obo/HP_0010946,http://purl.obolibrary.org/obo/UBERON_0001224,https://purl.humanatlas.io/vocab/hp#characteristic_of_part_of,https://purl.humanatlas.io/vocab/hp
http://purl.obolibrary.org/obo/HP_0010946,http://purl.obolibrary.org/obo/UBERON_0002113,https://purl.humanatlas.io/vocab/hp#characteristic_of_part_of,https://purl.humanatlas.io/vocab/hp
http://purl.obolibrary.org/obo/HP_0010946,http://purl.obolibrary.org/obo/UBERON_0011143,https://purl.humanatlas.io/vocab/hp#characteristic_of_part_of,https://purl.humanatlas.io/vocab/hp
http://purl.obolibrary.org/obo/HP_0010946,http://purl.obolibrary.org/obo/UBERON_0001008,https://purl.humanatlas.io/vocab/hp#characteristic_of_part_of,https://purl.humanatlas.io/vocab/hp
http://purl.obolibrary.org/obo/HP_0010955,http://purl.obolibrary.org/obo/UBERON_0001255,https://purl.humanatlas.io/vocab/hp#characteristic_of,https://purl.humanatlas.io/vocab/hp
http://purl.obolibrary.org/obo/HP_0010955,http://purl.obolibrary.org/obo/UBERON_0001255,https://purl.humanatlas.io/vocab/hp#characteristic_of_part_of,https://purl.humanatlas.io/vocab/hp
http://purl.obolibrary.org/obo/HP_0010955,http://purl.obolibrary.org/obo/UBERON_0001556,https://purl.humanatlas.io/vocab/hp#characteristic_of_part_of,https://purl.humanatlas.io/vocab/hp
http://purl.obolibrary.org/obo/HP_0010955,http://purl.obolibrary.org/obo/UBERON_0001008,https://purl.humanatlas.io/vocab/hp#characteristic_of_part_of,https://purl.humanatlas.io/vocab/hp
http://purl.obolibrary.org/obo/HP_0010956,http://purl.obolibrary.org/obo/UBERON_0001255,https://purl.humanatlas.io/vocab/hp#characteristic_of,https://purl.humanatlas.io/vocab/hp
http://purl.obolibrary.org/obo/HP_0010956,http://purl.obolibrary.org/obo/UBERON_0001255,https://purl.humanatlas.io/vocab/hp#characteristic_of_part_of,https://purl.humanatlas.io/vocab/hp
http://purl.obolibrary.org/obo/HP_0010956,http://purl.obolibrary.org/obo/UBERON_0001556,https://purl.humanatlas.io/vocab/hp#characteristic_of_part_of,https://purl.humanatlas.io/vocab/hp
http://purl.obolibrary.org/obo/HP_0010956,http://purl.obolibrary.org/obo/UBERON_0001008,https://purl.humanatlas.io/vocab/hp#characteristic_of_part_of,https://purl.humanatlas.io/vocab/hp
http://purl.obolibrary.org/obo/HP_0010957,http://purl.obolibrary.org/obo/UBERON_0001556,https://purl.humanatlas.io/vocab/hp#characteristic_of_part_of,https://purl.humanatlas.io/vocab/hp
http://purl.obolibrary.org/obo/HP_0010957,http://purl.obolibrary.org/obo/UBERON_0001008,https://purl.humanatlas.io/vocab/hp#characteristic_of_part_of,https://purl.humanatlas.io/vocab/hp
http://purl.obolibrary.org/obo/HP_0010958,http://purl.obolibrary.org/obo/UBERON_0002113,https://purl.humanatlas.io/vocab/hp#towards,https://purl.humanatlas.io/vocab/hp
http://purl.obolibrary.org/obo/HP_0010958,http://purl.obolibrary.org/obo/UBERON_0002113,https://purl.humanatlas.io/vocab/hp#characteristic_of,https://purl.humanatlas.io/vocab/hp
http://purl.obolibrary.org/obo/HP_0010958,http://purl.obolibrary.org/obo/UBERON_0002113,https://purl.humanatlas.io/vocab/hp#characteristic_of_part_of,https://purl.humanatlas.io/vocab/hp
http://purl.obolibrary.org/obo/HP_0010958,http://purl.obolibrary.org/obo/UBERON_0011143,https://purl.humanatlas.io/vocab/hp#characteristic_of_part_of,https://purl.humanatlas.io/vocab/hp
http://purl.obolibrary.org/obo/HP_0010958,http://purl.obolibrary.org/obo/UBERON_0001008,https://purl.humanatlas.io/vocab/hp#characteristic_of_part_of,https://purl.humanatlas.io/vocab/hp
http://purl.obolibrary.org/obo/HP_0010992,http://purl.obolibrary.org/obo/UBERON_0001255,https://purl.humanatlas.io/vocab/hp#characteristic_of,https://purl.humanatlas.io/vocab/hp
http://purl.obolibrary.org/obo/HP_0010992,http://purl.obolibrary.org/obo/UBERON_0001255,https://purl.humanatlas.io/vocab/hp#characteristic_of_part_of,https://purl.humanatlas.io/vocab/hp
http://purl.obolibrary.org/obo/HP_0010992,http://purl.obolibrary.org/obo/UBERON_0001556,https://purl.humanatlas.io/vocab/hp#characteristic_of_part_of,https://purl.humanatlas.io/vocab/hp
http://purl.obolibrary.org/obo/HP_0010992,http://purl.obolibrary.org/obo/UBERON_0001008,https://purl.humanatlas.io/vocab/hp#characteristic_of_part_of,https://purl.humanatlas.io/vocab/hp
http://purl.obolibrary.org/obo/HP_0011035,http://purl.obolibrary.org/obo/UBERON_0001225,https://purl.humanatlas.io/vocab/hp#characteristic_of,https://purl.humanatlas.io/vocab/hp
http://purl.obolibrary.org/obo/HP_0011035,http://purl.obolibrary.org/obo/UBERON_0002113,https://purl.humanatlas.io/vocab/hp#characteristic_of_part_of,https://purl.humanatlas.io/vocab/hp
http://purl.obolibrary.org/obo/HP_0011035,http://purl.obolibrary.org/obo/UBERON_0011143,https://purl.humanatlas.io/vocab/hp#characteristic_of_part_of,https://purl.humanatlas.io/vocab/hp
http://purl.obolibrary.org/obo/HP_0011035,http://purl.obolibrary.org/obo/UBERON_0001008,https://purl.humanatlas.io/vocab/hp#characteristic_of_part_of,https://purl.humanatlas.io/vocab/hp
http://purl.obolibrary.org/obo/HP_0011036,http://purl.obolibrary.org/obo/UBERON_0002113,https://purl.humanatlas.io/vocab/hp#characteristic_of,https://purl.humanatlas.io/vocab/hp
http://purl.obolibrary.org/obo/HP_0011036,http://purl.obolibrary.org/obo/UBERON_0002113,https://purl.humanatlas.io/vocab/hp#characteristic_of_part_of,https://purl.humanatlas.io/vocab/hp
http://purl.obolibrary.org/obo/HP_0011036,http://purl.obolibrary.org/obo/UBERON_0011143,https://purl.humanatlas.io/vocab/hp#characteristic_of_part_of,https://purl.humanatlas.io/vocab/hp
http://purl.obolibrary.org/obo/HP_0011036,http://purl.obolibrary.org/obo/UBERON_0001008,https://purl.humanatlas.io/vocab/hp#characteristic_of_part_of,https://purl.humanatlas.io/vocab/hp
http://purl.obolibrary.org/obo/HP_0011036,http://purl.obolibrary.org/obo/UBERON_0001008,https://purl.humanatlas.io/vocab/hp#characteristic_of,https://purl.humanatlas.io/vocab/hp
http://purl.obolibrary.org/obo/HP_0011037,http://purl.obolibrary.org/obo/UBERON_0002113,https://purl.humanatlas.io/vocab/hp#characteristic_of,https://purl.humanatlas.io/vocab/hp
http://purl.obolibrary.org/obo/HP_0011037,http://purl.obolibrary.org/obo/UBERON_0002113,https://purl.humanatlas.io/vocab/hp#characteristic_of_part_of,https://purl.humanatlas.io/vocab/hp
http://purl.obolibrary.org/obo/HP_0011037,http://purl.obolibrary.org/obo/UBERON_0011143,https://purl.humanatlas.io/vocab/hp#characteristic_of_part_of,https://purl.humanatlas.io/vocab/hp
http://purl.obolibrary.org/obo/HP_0011037,http://purl.obolibrary.org/obo/UBERON_0001008,https://purl.humanatlas.io/vocab/hp#characteristic_of_part_of,https://purl.humanatlas.io/vocab/hp
http://purl.obolibrary.org/obo/HP_0011037,http://purl.obolibrary.org/obo/UBERON_0001008,https://purl.humanatlas.io/vocab/hp#characteristic_of,https://purl.humanatlas.io/vocab/hp
http://purl.obolibrary.org/obo/HP_0011038,http://purl.obolibrary.org/obo/UBERON_0001231,https://purl.humanatlas.io/vocab/hp#characteristic_of,https://purl.humanatlas.io/vocab/hp
http://purl.obolibrary.org/obo/HP_0011038,http://purl.obolibrary.org/obo/UBERON_0002113,https://purl.humanatlas.io/vocab/hp#characteristic_of,https://purl.humanatlas.io/vocab/hp
http://purl.obolibrary.org/obo/HP_0011038,http://purl.obolibrary.org/obo/UBERON_0002113,https://purl.humanatlas.io/vocab/hp#characteristic_of_part_of,https://purl.humanatlas.io/vocab/hp
http://purl.obolibrary.org/obo/HP_0011038,http://purl.obolibrary.org/obo/UBERON_0011143,https://purl.humanatlas.io/vocab/hp#characteristic_of_part_of,https://purl.humanatlas.io/vocab/hp
http://purl.obolibrary.org/obo/HP_0011038,http://purl.obolibrary.org/obo/UBERON_0001008,https://purl.humanatlas.io/vocab/hp#characteristic_of_part_of,https://purl.humanatlas.io/vocab/hp
http://purl.obolibrary.org/obo/HP_0011038,http://purl.obolibrary.org/obo/UBERON_0001008,https://purl.humanatlas.io/vocab/hp#characteristic_of,https://purl.humanatlas.io/vocab/hp
http://purl.obolibrary.org/obo/HP_0011126,http://purl.obolibrary.org/obo/UBERON_0002113,https://purl.humanatlas.io/vocab/hp#characteristic_of_part_of,https://purl.humanatlas.io/vocab/hp
http://purl.obolibrary.org/obo/HP_0011126,http://purl.obolibrary.org/obo/UBERON_0011143,https://purl.humanatlas.io/vocab/hp#characteristic_of_part_of,https://purl.humanatlas.io/vocab/hp
http://purl.obolibrary.org/obo/HP_0011126,http://purl.obolibrary.org/obo/UBERON_0001008,https://purl.humanatlas.io/vocab/hp#characteristic_of_part_of,https://purl.humanatlas.io/vocab/hp
http://purl.obolibrary.org/obo/HP_0011129,http://purl.obolibrary.org/obo/UBERON_0001224,https://purl.humanatlas.io/vocab/hp#characteristic_of,https://purl.humanatlas.io/vocab/hp
http://purl.obolibrary.org/obo/HP_0011129,http://purl.obolibrary.org/obo/UBERON_0001224,https://purl.humanatlas.io/vocab/hp#characteristic_of_part_of,https://purl.humanatlas.io/vocab/hp
http://purl.obolibrary.org/obo/HP_0011129,http://purl.obolibrary.org/obo/UBERON_0002113,https://purl.humanatlas.io/vocab/hp#characteristic_of_part_of,https://purl.humanatlas.io/vocab/hp
http://purl.obolibrary.org/obo/HP_0011129,http://purl.obolibrary.org/obo/UBERON_0011143,https://purl.humanatlas.io/vocab/hp#characteristic_of_part_of,https://purl.humanatlas.io/vocab/hp
http://purl.obolibrary.org/obo/HP_0011129,http://purl.obolibrary.org/obo/UBERON_0001008,https://purl.humanatlas.io/vocab/hp#characteristic_of_part_of,https://purl.humanatlas.io/vocab/hp
http://purl.obolibrary.org/obo/HP_0011130,http://purl.obolibrary.org/obo/UBERON_0002113,https://purl.humanatlas.io/vocab/hp#characteristic_of_part_of,https://purl.humanatlas.io/vocab/hp
http://purl.obolibrary.org/obo/HP_0011130,http://purl.obolibrary.org/obo/UBERON_0011143,https://purl.humanatlas.io/vocab/hp#characteristic_of_part_of,https://purl.humanatlas.io/vocab/hp
http://purl.obolibrary.org/obo/HP_0011130,http://purl.obolibrary.org/obo/UBERON_0001008,https://purl.humanatlas.io/vocab/hp#characteristic_of_part_of,https://purl.humanatlas.io/vocab/hp
http://purl.obolibrary.org/obo/HP_0011277,http://purl.obolibrary.org/obo/UBERON_0001008,https://purl.humanatlas.io/vocab/hp#characteristic_of,https://purl.humanatlas.io/vocab/hp
http://purl.obolibrary.org/obo/HP_0011277,http://purl.obolibrary.org/obo/UBERON_0001008,https://purl.humanatlas.io/vocab/hp#characteristic_of_part_of,https://purl.humanatlas.io/vocab/hp
http://purl.obolibrary.org/obo/HP_0011279,http://purl.obolibrary.org/obo/UBERON_0001008,https://purl.humanatlas.io/vocab/hp#characteristic_of,https://purl.humanatlas.io/vocab/hp
http://purl.obolibrary.org/obo/HP_0011279,http://purl.obolibrary.org/obo/UBERON_0001008,https://purl.humanatlas.io/vocab/hp#characteristic_of_part_of,https://purl.humanatlas.io/vocab/hp
http://purl.obolibrary.org/obo/HP_0011280,http://purl.obolibrary.org/obo/UBERON_0001008,https://purl.humanatlas.io/vocab/hp#characteristic_of,https://purl.humanatlas.io/vocab/hp
http://purl.obolibrary.org/obo/HP_0011280,http://purl.obolibrary.org/obo/UBERON_0001008,https://purl.humanatlas.io/vocab/hp#characteristic_of_part_of,https://purl.humanatlas.io/vocab/hp
http://purl.obolibrary.org/obo/HP_0011281,http://purl.obolibrary.org/obo/UBERON_0001008,https://purl.humanatlas.io/vocab/hp#characteristic_of,https://purl.humanatlas.io/vocab/hp
http://purl.obolibrary.org/obo/HP_0011281,http://purl.obolibrary.org/obo/UBERON_0001008,https://purl.humanatlas.io/vocab/hp#characteristic_of_part_of,https://purl.humanatlas.io/vocab/hp
http://purl.obolibrary.org/obo/HP_0011794,http://purl.obolibrary.org/obo/UBERON_0002113,https://purl.humanatlas.io/vocab/hp#characteristic_of_part_of,https://purl.humanatlas.io/vocab/hp
http://purl.obolibrary.org/obo/HP_0011794,http://purl.obolibrary.org/obo/UBERON_0011143,https://purl.humanatlas.io/vocab/hp#characteristic_of_part_of,https://purl.humanatlas.io/vocab/hp
http://purl.obolibrary.org/obo/HP_0011794,http://purl.obolibrary.org/obo/UBERON_0001008,https://purl.humanatlas.io/vocab/hp#characteristic_of_part_of,https://purl.humanatlas.io/vocab/hp
http://purl.obolibrary.org/obo/HP_0011795,http://purl.obolibrary.org/obo/UBERON_0002113,https://purl.humanatlas.io/vocab/hp#characteristic_of_part_of,https://purl.humanatlas.io/vocab/hp
http://purl.obolibrary.org/obo/HP_0011795,http://purl.obolibrary.org/obo/UBERON_0011143,https://purl.humanatlas.io/vocab/hp#characteristic_of_part_of,https://purl.humanatlas.io/vocab/hp
http://purl.obolibrary.org/obo/HP_0011795,http://purl.obolibrary.org/obo/UBERON_0001008,https://purl.humanatlas.io/vocab/hp#characteristic_of_part_of,https://purl.humanatlas.io/vocab/hp
http://purl.obolibrary.org/obo/HP_0011796,http://purl.obolibrary.org/obo/UBERON_0002113,https://purl.humanatlas.io/vocab/hp#characteristic_of_part_of,https://purl.humanatlas.io/vocab/hp
http://purl.obolibrary.org/obo/HP_0011796,http://purl.obolibrary.org/obo/UBERON_0011143,https://purl.humanatlas.io/vocab/hp#characteristic_of_part_of,https://purl.humanatlas.io/vocab/hp
http://purl.obolibrary.org/obo/HP_0011796,http://purl.obolibrary.org/obo/UBERON_0001008,https://purl.humanatlas.io/vocab/hp#characteristic_of_part_of,https://purl.humanatlas.io/vocab/hp
http://purl.obolibrary.org/obo/HP_0011797,http://purl.obolibrary.org/obo/UBERON_0002113,https://purl.humanatlas.io/vocab/hp#characteristic_of_part_of,https://purl.humanatlas.io/vocab/hp
http://purl.obolibrary.org/obo/HP_0011797,http://purl.obolibrary.org/obo/UBERON_0011143,https://purl.humanatlas.io/vocab/hp#characteristic_of_part_of,https://purl.humanatlas.io/vocab/hp
http://purl.obolibrary.org/obo/HP_0011797,http://purl.obolibrary.org/obo/UBERON_0001008,https://purl.humanatlas.io/vocab/hp#characteristic_of_part_of,https://purl.humanatlas.io/vocab/hp
http://purl.obolibrary.org/obo/HP_0011798,http://purl.obolibrary.org/obo/UBERON_0002113,https://purl.humanatlas.io/vocab/hp#characteristic_of_part_of,https://purl.humanatlas.io/vocab/hp
http://purl.obolibrary.org/obo/HP_0011798,http://purl.obolibrary.org/obo/UBERON_0011143,https://purl.humanatlas.io/vocab/hp#characteristic_of_part_of,https://purl.humanatlas.io/vocab/hp
http://purl.obolibrary.org/obo/HP_0011798,http://purl.obolibrary.org/obo/UBERON_0001008,https://purl.humanatlas.io/vocab/hp#characteristic_of_part_of,https://purl.humanatlas.io/vocab/hp
http://purl.obolibrary.org/obo/HP_0011814,http://purl.obolibrary.org/obo/UBERON_0001008,https://purl.humanatlas.io/vocab/hp#characteristic_of,https://purl.humanatlas.io/vocab/hp
http://purl.obolibrary.org/obo/HP_0011814,http://purl.obolibrary.org/obo/UBERON_0001008,https://purl.humanatlas.io/vocab/hp#characteristic_of_part_of,https://purl.humanatlas.io/vocab/hp
http://purl.obolibrary.org/obo/HP_0011935,http://purl.obolibrary.org/obo/UBERON_0001008,https://purl.humanatlas.io/vocab/hp#characteristic_of,https://purl.humanatlas.io/vocab/hp
http://purl.obolibrary.org/obo/HP_0011935,http://purl.obolibrary.org/obo/UBERON_0001008,https://purl.humanatlas.io/vocab/hp#characteristic_of_part_of,https://purl.humanatlas.io/vocab/hp
http://purl.obolibrary.org/obo/HP_0011942,http://purl.obolibrary.org/obo/UBERON_0001008,https://purl.humanatlas.io/vocab/hp#characteristic_of,https://purl.humanatlas.io/vocab/hp
http://purl.obolibrary.org/obo/HP_0011942,http://purl.obolibrary.org/obo/UBERON_0001008,https://purl.humanatlas.io/vocab/hp#characteristic_of_part_of,https://purl.humanatlas.io/vocab/hp
http://purl.obolibrary.org/obo/HP_0011943,http://purl.obolibrary.org/obo/UBERON_0001008,https://purl.humanatlas.io/vocab/hp#characteristic_of,https://purl.humanatlas.io/vocab/hp
http://purl.obolibrary.org/obo/HP_0011943,http://purl.obolibrary.org/obo/UBERON_0001008,https://purl.humanatlas.io/vocab/hp#characteristic_of_part_of,https://purl.humanatlas.io/vocab/hp
http://purl.obolibrary.org/obo/HP_0011976,http://purl.obolibrary.org/obo/UBERON_0001008,https://purl.humanatlas.io/vocab/hp#characteristic_of,https://purl.humanatlas.io/vocab/hp
http://purl.obolibrary.org/obo/HP_0011976,http://purl.obolibrary.org/obo/UBERON_0001008,https://purl.humanatlas.io/vocab/hp#characteristic_of_part_of,https://purl.humanatlas.io/vocab/hp
http://purl.obolibrary.org/obo/HP_0011977,http://purl.obolibrary.org/obo/UBERON_0001008,https://purl.humanatlas.io/vocab/hp#characteristic_of,https://purl.humanatlas.io/vocab/hp
http://purl.obolibrary.org/obo/HP_0011977,http://purl.obolibrary.org/obo/UBERON_0001008,https://purl.humanatlas.io/vocab/hp#characteristic_of_part_of,https://purl.humanatlas.io/vocab/hp
http://purl.obolibrary.org/obo/HP_0011978,http://purl.obolibrary.org/obo/UBERON_0001008,https://purl.humanatlas.io/vocab/hp#characteristic_of,https://purl.humanatlas.io/vocab/hp
http://purl.obolibrary.org/obo/HP_0011978,http://purl.obolibrary.org/obo/UBERON_0001008,https://purl.humanatlas.io/vocab/hp#characteristic_of_part_of,https://purl.humanatlas.io/vocab/hp
http://purl.obolibrary.org/obo/HP_0011979,http://purl.obolibrary.org/obo/UBERON_0001008,https://purl.humanatlas.io/vocab/hp#characteristic_of,https://purl.humanatlas.io/vocab/hp
http://purl.obolibrary.org/obo/HP_0011979,http://purl.obolibrary.org/obo/UBERON_0001008,https://purl.humanatlas.io/vocab/hp#characteristic_of_part_of,https://purl.humanatlas.io/vocab/hp
http://purl.obolibrary.org/obo/HP_0012023,http://purl.obolibrary.org/obo/UBERON_0001008,https://purl.humanatlas.io/vocab/hp#characteristic_of,https://purl.humanatlas.io/vocab/hp
http://purl.obolibrary.org/obo/HP_0012023,http://purl.obolibrary.org/obo/UBERON_0001008,https://purl.humanatlas.io/vocab/hp#characteristic_of_part_of,https://purl.humanatlas.io/vocab/hp
http://purl.obolibrary.org/obo/HP_0012061,http://purl.obolibrary.org/obo/UBERON_0001008,https://purl.humanatlas.io/vocab/hp#characteristic_of,https://purl.humanatlas.io/vocab/hp
http://purl.obolibrary.org/obo/HP_0012061,http://purl.obolibrary.org/obo/UBERON_0001008,https://purl.humanatlas.io/vocab/hp#characteristic_of_part_of,https://purl.humanatlas.io/vocab/hp
http://purl.obolibrary.org/obo/HP_0012066,http://purl.obolibrary.org/obo/UBERON_0001008,https://purl.humanatlas.io/vocab/hp#characteristic_of,https://purl.humanatlas.io/vocab/hp
http://purl.obolibrary.org/obo/HP_0012066,http://purl.obolibrary.org/obo/UBERON_0001008,https://purl.humanatlas.io/vocab/hp#characteristic_of_part_of,https://purl.humanatlas.io/vocab/hp
http://purl.obolibrary.org/obo/HP_0012067,http://purl.obolibrary.org/obo/UBERON_0001008,https://purl.humanatlas.io/vocab/hp#characteristic_of,https://purl.humanatlas.io/vocab/hp
http://purl.obolibrary.org/obo/HP_0012067,http://purl.obolibrary.org/obo/UBERON_0001008,https://purl.humanatlas.io/vocab/hp#characteristic_of_part_of,https://purl.humanatlas.io/vocab/hp
http://purl.obolibrary.org/obo/HP_0012068,http://purl.obolibrary.org/obo/UBERON_0001008,https://purl.humanatlas.io/vocab/hp#characteristic_of,https://purl.humanatlas.io/vocab/hp
http://purl.obolibrary.org/obo/HP_0012068,http://purl.obolibrary.org/obo/UBERON_0001008,https://purl.humanatlas.io/vocab/hp#characteristic_of_part_of,https://purl.humanatlas.io/vocab/hp
http://purl.obolibrary.org/obo/HP_0012069,http://purl.obolibrary.org/obo/UBERON_0001008,https://purl.humanatlas.io/vocab/hp#characteristic_of,https://purl.humanatlas.io/vocab/hp
http://purl.obolibrary.org/obo/HP_0012069,http://purl.obolibrary.org/obo/UBERON_0001008,https://purl.humanatlas.io/vocab/hp#characteristic_of_part_of,https://purl.humanatlas.io/vocab/hp
http://purl.obolibrary.org/obo/HP_0012070,http://purl.obolibrary.org/obo/UBERON_0001008,https://purl.humanatlas.io/vocab/hp#characteristic_of,https://purl.humanatlas.io/vocab/hp
http://purl.obolibrary.org/obo/HP_0012070,http://purl.obolibrary.org/obo/UBERON_0001008,https://purl.humanatlas.io/vocab/hp#characteristic_of_part_of,https://purl.humanatlas.io/vocab/hp
http://purl.obolibrary.org/obo/HP_0012072,http://purl.obolibrary.org/obo/UBERON_0001008,https://purl.humanatlas.io/vocab/hp#characteristic_of,https://purl.humanatlas.io/vocab/hp
http://purl.obolibrary.org/obo/HP_0012072,http://purl.obolibrary.org/obo/UBERON_0001008,https://purl.humanatlas.io/vocab/hp#characteristic_of_part_of,https://purl.humanatlas.io/vocab/hp
http://purl.obolibrary.org/obo/HP_0012073,http://purl.obolibrary.org/obo/UBERON_0001008,https://purl.humanatlas.io/vocab/hp#characteristic_of,https://purl.humanatlas.io/vocab/hp
http://purl.obolibrary.org/obo/HP_0012073,http://purl.obolibrary.org/obo/UBERON_0001008,https://purl.humanatlas.io/vocab/hp#characteristic_of_part_of,https://purl.humanatlas.io/vocab/hp
http://purl.obolibrary.org/obo/HP_0012085,http://purl.obolibrary.org/obo/UBERON_0001008,https://purl.humanatlas.io/vocab/hp#characteristic_of,https://purl.humanatlas.io/vocab/hp
http://purl.obolibrary.org/obo/HP_0012085,http://purl.obolibrary.org/obo/UBERON_0001008,https://purl.humanatlas.io/vocab/hp#characteristic_of_part_of,https://purl.humanatlas.io/vocab/hp
http://purl.obolibrary.org/obo/HP_0012086,http://purl.obolibrary.org/obo/UBERON_0001008,https://purl.humanatlas.io/vocab/hp#characteristic_of,https://purl.humanatlas.io/vocab/hp
http://purl.obolibrary.org/obo/HP_0012086,http://purl.obolibrary.org/obo/UBERON_0001008,https://purl.humanatlas.io/vocab/hp#characteristic_of_part_of,https://purl.humanatlas.io/vocab/hp
http://purl.obolibrary.org/obo/HP_0012088,http://purl.obolibrary.org/obo/UBERON_0001008,https://purl.humanatlas.io/vocab/hp#characteristic_of,https://purl.humanatlas.io/vocab/hp
http://purl.obolibrary.org/obo/HP_0012088,http://purl.obolibrary.org/obo/UBERON_0001008,https://purl.humanatlas.io/vocab/hp#characteristic_of_part_of,https://purl.humanatlas.io/vocab/hp
http://purl.obolibrary.org/obo/HP_0012120,http://purl.obolibrary.org/obo/UBERON_0001008,https://purl.humanatlas.io/vocab/hp#characteristic_of,https://purl.humanatlas.io/vocab/hp
http://purl.obolibrary.org/obo/HP_0012120,http://purl.obolibrary.org/obo/UBERON_0001008,https://purl.humanatlas.io/vocab/hp#characteristic_of_part_of,https://purl.humanatlas.io/vocab/hp
http://purl.obolibrary.org/obo/HP_0012127,http://purl.obolibrary.org/obo/UBERON_0001008,https://purl.humanatlas.io/vocab/hp#characteristic_of,https://purl.humanatlas.io/vocab/hp
http://purl.obolibrary.org/obo/HP_0012127,http://purl.obolibrary.org/obo/UBERON_0001008,https://purl.humanatlas.io/vocab/hp#characteristic_of_part_of,https://purl.humanatlas.io/vocab/hp
http://purl.obolibrary.org/obo/HP_0012210,http://purl.obolibrary.org/obo/UBERON_0002113,https://purl.humanatlas.io/vocab/hp#characteristic_of_part_of,https://purl.humanatlas.io/vocab/hp
http://purl.obolibrary.org/obo/HP_0012210,http://purl.obolibrary.org/obo/UBERON_0011143,https://purl.humanatlas.io/vocab/hp#characteristic_of_part_of,https://purl.humanatlas.io/vocab/hp
http://purl.obolibrary.org/obo/HP_0012210,http://purl.obolibrary.org/obo/UBERON_0001008,https://purl.humanatlas.io/vocab/hp#characteristic_of_part_of,https://purl.humanatlas.io/vocab/hp
http://purl.obolibrary.org/obo/HP_0012211,http://purl.obolibrary.org/obo/UBERON_0002113,https://purl.humanatlas.io/vocab/hp#characteristic_of,https://purl.humanatlas.io/vocab/hp
http://purl.obolibrary.org/obo/HP_0012211,http://purl.obolibrary.org/obo/UBERON_0002113,https://purl.humanatlas.io/vocab/hp#characteristic_of_part_of,https://purl.humanatlas.io/vocab/hp
http://purl.obolibrary.org/obo/HP_0012211,http://purl.obolibrary.org/obo/UBERON_0011143,https://purl.humanatlas.io/vocab/hp#characteristic_of_part_of,https://purl.humanatlas.io/vocab/hp
http://purl.obolibrary.org/obo/HP_0012211,http://purl.obolibrary.org/obo/UBERON_0001008,https://purl.humanatlas.io/vocab/hp#characteristic_of_part_of,https://purl.humanatlas.io/vocab/hp
http://purl.obolibrary.org/obo/HP_0012211,http://purl.obolibrary.org/obo/UBERON_0001008,https://purl.humanatlas.io/vocab/hp#characteristic_of,https://purl.humanatlas.io/vocab/hp
http://purl.obolibrary.org/obo/HP_0012212,http://purl.obolibrary.org/obo/UBERON_0002113,https://purl.humanatlas.io/vocab/hp#characteristic_of,https://purl.humanatlas.io/vocab/hp
http://purl.obolibrary.org/obo/HP_0012212,http://purl.obolibrary.org/obo/UBERON_0002113,https://purl.humanatlas.io/vocab/hp#characteristic_of_part_of,https://purl.humanatlas.io/vocab/hp
http://purl.obolibrary.org/obo/HP_0012212,http://purl.obolibrary.org/obo/UBERON_0011143,https://purl.humanatlas.io/vocab/hp#characteristic_of_part_of,https://purl.humanatlas.io/vocab/hp
http://purl.obolibrary.org/obo/HP_0012212,http://purl.obolibrary.org/obo/UBERON_0001008,https://purl.humanatlas.io/vocab/hp#characteristic_of_part_of,https://purl.humanatlas.io/vocab/hp
http://purl.obolibrary.org/obo/HP_0012212,http://purl.obolibrary.org/obo/UBERON_0001008,https://purl.humanatlas.io/vocab/hp#characteristic_of,https://purl.humanatlas.io/vocab/hp
http://purl.obolibrary.org/obo/HP_0012213,http://purl.obolibrary.org/obo/UBERON_0002113,https://purl.humanatlas.io/vocab/hp#characteristic_of,https://purl.humanatlas.io/vocab/hp
http://purl.obolibrary.org/obo/HP_0012213,http://purl.obolibrary.org/obo/UBERON_0002113,https://purl.humanatlas.io/vocab/hp#characteristic_of_part_of,https://purl.humanatlas.io/vocab/hp
http://purl.obolibrary.org/obo/HP_0012213,http://purl.obolibrary.org/obo/UBERON_0011143,https://purl.humanatlas.io/vocab/hp#characteristic_of_part_of,https://purl.humanatlas.io/vocab/hp
http://purl.obolibrary.org/obo/HP_0012213,http://purl.obolibrary.org/obo/UBERON_0001008,https://purl.humanatlas.io/vocab/hp#characteristic_of_part_of,https://purl.humanatlas.io/vocab/hp
http://purl.obolibrary.org/obo/HP_0012213,http://purl.obolibrary.org/obo/UBERON_0001008,https://purl.humanatlas.io/vocab/hp#characteristic_of,https://purl.humanatlas.io/vocab/hp
http://purl.obolibrary.org/obo/HP_0012214,http://purl.obolibrary.org/obo/UBERON_0002113,https://purl.humanatlas.io/vocab/hp#characteristic_of,https://purl.humanatlas.io/vocab/hp
http://purl.obolibrary.org/obo/HP_0012214,http://purl.obolibrary.org/obo/UBERON_0002113,https://purl.humanatlas.io/vocab/hp#characteristic_of_part_of,https://purl.humanatlas.io/vocab/hp
http://purl.obolibrary.org/obo/HP_0012214,http://purl.obolibrary.org/obo/UBERON_0011143,https://purl.humanatlas.io/vocab/hp#characteristic_of_part_of,https://purl.humanatlas.io/vocab/hp
http://purl.obolibrary.org/obo/HP_0012214,http://purl.obolibrary.org/obo/UBERON_0001008,https://purl.humanatlas.io/vocab/hp#characteristic_of_part_of,https://purl.humanatlas.io/vocab/hp
http://purl.obolibrary.org/obo/HP_0012214,http://purl.obolibrary.org/obo/UBERON_0001008,https://purl.humanatlas.io/vocab/hp#characteristic_of,https://purl.humanatlas.io/vocab/hp
http://purl.obolibrary.org/obo/HP_0012217,http://purl.obolibrary.org/obo/UBERON_0001008,https://purl.humanatlas.io/vocab/hp#characteristic_of,https://purl.humanatlas.io/vocab/hp
http://purl.obolibrary.org/obo/HP_0012217,http://purl.obolibrary.org/obo/UBERON_0001008,https://purl.humanatlas.io/vocab/hp#characteristic_of_part_of,https://purl.humanatlas.io/vocab/hp
http://purl.obolibrary.org/obo/HP_0012227,http://purl.obolibrary.org/obo/UBERON_0001556,https://purl.humanatlas.io/vocab/hp#characteristic_of_part_of,https://purl.humanatlas.io/vocab/hp
http://purl.obolibrary.org/obo/HP_0012227,http://purl.obolibrary.org/obo/UBERON_0001008,https://purl.humanatlas.io/vocab/hp#characteristic_of_part_of,https://purl.humanatlas.io/vocab/hp
http://purl.obolibrary.org/obo/HP_0012237,http://purl.obolibrary.org/obo/UBERON_0001008,https://purl.humanatlas.io/vocab/hp#characteristic_of,https://purl.humanatlas.io/vocab/hp
http://purl.obolibrary.org/obo/HP_0012237,http://purl.obolibrary.org/obo/UBERON_0001008,https://purl.humanatlas.io/vocab/hp#characteristic_of_part_of,https://purl.humanatlas.io/vocab/hp
http://purl.obolibrary.org/obo/HP_0012300,http://purl.obolibrary.org/obo/UBERON_0000056,https://purl.humanatlas.io/vocab/hp#characteristic_of_part_of,https://purl.humanatlas.io/vocab/hp
http://purl.obolibrary.org/obo/HP_0012300,http://purl.obolibrary.org/obo/UBERON_0011143,https://purl.humanatlas.io/vocab/hp#characteristic_of_part_of,https://purl.humanatlas.io/vocab/hp
http://purl.obolibrary.org/obo/HP_0012300,http://purl.obolibrary.org/obo/UBERON_0001008,https://purl.humanatlas.io/vocab/hp#characteristic_of_part_of,https://purl.humanatlas.io/vocab/hp
http://purl.obolibrary.org/obo/HP_0012321,http://purl.obolibrary.org/obo/UBERON_0001008,https://purl.humanatlas.io/vocab/hp#characteristic_of,https://purl.humanatlas.io/vocab/hp
http://purl.obolibrary.org/obo/HP_0012321,http://purl.obolibrary.org/obo/UBERON_0001008,https://purl.humanatlas.io/vocab/hp#characteristic_of_part_of,https://purl.humanatlas.io/vocab/hp
http://purl.obolibrary.org/obo/HP_0012330,http://purl.obolibrary.org/obo/UBERON_0002113,https://purl.humanatlas.io/vocab/hp#occurs_in,https://purl.humanatlas.io/vocab/hp
http://purl.obolibrary.org/obo/HP_0012330,http://purl.obolibrary.org/obo/UBERON_0002113,https://purl.humanatlas.io/vocab/hp#characteristic_of,https://purl.humanatlas.io/vocab/hp
http://purl.obolibrary.org/obo/HP_0012330,http://purl.obolibrary.org/obo/UBERON_0002113,https://purl.humanatlas.io/vocab/hp#characteristic_of_part_of,https://purl.humanatlas.io/vocab/hp
http://purl.obolibrary.org/obo/HP_0012330,http://purl.obolibrary.org/obo/UBERON_0011143,https://purl.humanatlas.io/vocab/hp#characteristic_of_part_of,https://purl.humanatlas.io/vocab/hp
http://purl.obolibrary.org/obo/HP_0012330,http://purl.obolibrary.org/obo/UBERON_0001008,https://purl.humanatlas.io/vocab/hp#characteristic_of_part_of,https://purl.humanatlas.io/vocab/hp
http://purl.obolibrary.org/obo/HP_0012330,http://purl.obolibrary.org/obo/UBERON_0001008,https://purl.humanatlas.io/vocab/hp#characteristic_of,https://purl.humanatlas.io/vocab/hp
http://purl.obolibrary.org/obo/HP_0012364,http://purl.obolibrary.org/obo/UBERON_0001008,https://purl.humanatlas.io/vocab/hp#characteristic_of,https://purl.humanatlas.io/vocab/hp
http://purl.obolibrary.org/obo/HP_0012364,http://purl.obolibrary.org/obo/UBERON_0001008,https://purl.humanatlas.io/vocab/hp#characteristic_of_part_of,https://purl.humanatlas.io/vocab/hp
http://purl.obolibrary.org/obo/HP_0012365,http://purl.obolibrary.org/obo/UBERON_0001008,https://purl.humanatlas.io/vocab/hp#characteristic_of,https://purl.humanatlas.io/vocab/hp
http://purl.obolibrary.org/obo/HP_0012365,http://purl.obolibrary.org/obo/UBERON_0001008,https://purl.humanatlas.io/vocab/hp#characteristic_of_part_of,https://purl.humanatlas.io/vocab/hp
http://purl.obolibrary.org/obo/HP_0012401,http://purl.obolibrary.org/obo/UBERON_0001008,https://purl.humanatlas.io/vocab/hp#characteristic_of,https://purl.humanatlas.io/vocab/hp
http://purl.obolibrary.org/obo/HP_0012401,http://purl.obolibrary.org/obo/UBERON_0001008,https://purl.humanatlas.io/vocab/hp#characteristic_of_part_of,https://purl.humanatlas.io/vocab/hp
http://purl.obolibrary.org/obo/HP_0012402,http://purl.obolibrary.org/obo/UBERON_0001008,https://purl.humanatlas.io/vocab/hp#characteristic_of,https://purl.humanatlas.io/vocab/hp
http://purl.obolibrary.org/obo/HP_0012402,http://purl.obolibrary.org/obo/UBERON_0001008,https://purl.humanatlas.io/vocab/hp#characteristic_of_part_of,https://purl.humanatlas.io/vocab/hp
http://purl.obolibrary.org/obo/HP_0012403,http://purl.obolibrary.org/obo/UBERON_0001008,https://purl.humanatlas.io/vocab/hp#characteristic_of,https://purl.humanatlas.io/vocab/hp
http://purl.obolibrary.org/obo/HP_0012403,http://purl.obolibrary.org/obo/UBERON_0001008,https://purl.humanatlas.io/vocab/hp#characteristic_of_part_of,https://purl.humanatlas.io/vocab/hp
http://purl.obolibrary.org/obo/HP_0012404,http://purl.obolibrary.org/obo/UBERON_0001008,https://purl.humanatlas.io/vocab/hp#characteristic_of,https://purl.humanatlas.io/vocab/hp
http://purl.obolibrary.org/obo/HP_0012404,http://purl.obolibrary.org/obo/UBERON_0001008,https://purl.humanatlas.io/vocab/hp#characteristic_of_part_of,https://purl.humanatlas.io/vocab/hp
http://purl.obolibrary.org/obo/HP_0012405,http://purl.obolibrary.org/obo/UBERON_0001008,https://purl.humanatlas.io/vocab/hp#characteristic_of,https://purl.humanatlas.io/vocab/hp
http://purl.obolibrary.org/obo/HP_0012405,http://purl.obolibrary.org/obo/UBERON_0001008,https://purl.humanatlas.io/vocab/hp#characteristic_of_part_of,https://purl.humanatlas.io/vocab/hp
http://purl.obolibrary.org/obo/HP_0012406,http://purl.obolibrary.org/obo/UBERON_0001008,https://purl.humanatlas.io/vocab/hp#characteristic_of,https://purl.humanatlas.io/vocab/hp
http://purl.obolibrary.org/obo/HP_0012406,http://purl.obolibrary.org/obo/UBERON_0001008,https://purl.humanatlas.io/vocab/hp#characteristic_of_part_of,https://purl.humanatlas.io/vocab/hp
http://purl.obolibrary.org/obo/HP_0012408,http://purl.obolibrary.org/obo/UBERON_0002113,https://purl.humanatlas.io/vocab/hp#characteristic_of_part_of,https://purl.humanatlas.io/vocab/hp
http://purl.obolibrary.org/obo/HP_0012408,http://purl.obolibrary.org/obo/UBERON_0011143,https://purl.humanatlas.io/vocab/hp#characteristic_of_part_of,https://purl.humanatlas.io/vocab/hp
http://purl.obolibrary.org/obo/HP_0012408,http://purl.obolibrary.org/obo/UBERON_0001008,https://purl.humanatlas.io/vocab/hp#characteristic_of_part_of,https://purl.humanatlas.io/vocab/hp
http://purl.obolibrary.org/obo/HP_0012409,http://purl.obolibrary.org/obo/UBERON_0002113,https://purl.humanatlas.io/vocab/hp#characteristic_of_part_of,https://purl.humanatlas.io/vocab/hp
http://purl.obolibrary.org/obo/HP_0012409,http://purl.obolibrary.org/obo/UBERON_0011143,https://purl.humanatlas.io/vocab/hp#characteristic_of_part_of,https://purl.humanatlas.io/vocab/hp
http://purl.obolibrary.org/obo/HP_0012409,http://purl.obolibrary.org/obo/UBERON_0001008,https://purl.humanatlas.io/vocab/hp#characteristic_of_part_of,https://purl.humanatlas.io/vocab/hp
http://purl.obolibrary.org/obo/HP_0012461,http://purl.obolibrary.org/obo/UBERON_0001008,https://purl.humanatlas.io/vocab/hp#characteristic_of,https://purl.humanatlas.io/vocab/hp
http://purl.obolibrary.org/obo/HP_0012461,http://purl.obolibrary.org/obo/UBERON_0001008,https://purl.humanatlas.io/vocab/hp#characteristic_of_part_of,https://purl.humanatlas.io/vocab/hp
http://purl.obolibrary.org/obo/HP_0012543,http://purl.obolibrary.org/obo/UBERON_0001008,https://purl.humanatlas.io/vocab/hp#characteristic_of,https://purl.humanatlas.io/vocab/hp
http://purl.obolibrary.org/obo/HP_0012543,http://purl.obolibrary.org/obo/UBERON_0001008,https://purl.humanatlas.io/vocab/hp#characteristic_of_part_of,https://purl.humanatlas.io/vocab/hp
http://purl.obolibrary.org/obo/HP_0012571,http://purl.obolibrary.org/obo/UBERON_0000056,https://purl.humanatlas.io/vocab/hp#towards,https://purl.humanatlas.io/vocab/hp
http://purl.obolibrary.org/obo/HP_0012571,http://purl.obolibrary.org/obo/UBERON_0000056,https://purl.humanatlas.io/vocab/hp#characteristic_of_part_of,https://purl.humanatlas.io/vocab/hp
http://purl.obolibrary.org/obo/HP_0012571,http://purl.obolibrary.org/obo/UBERON_0011143,https://purl.humanatlas.io/vocab/hp#characteristic_of_part_of,https://purl.humanatlas.io/vocab/hp
http://purl.obolibrary.org/obo/HP_0012571,http://purl.obolibrary.org/obo/UBERON_0001008,https://purl.humanatlas.io/vocab/hp#characteristic_of_part_of,https://purl.humanatlas.io/vocab/hp
http://purl.obolibrary.org/obo/HP_0012572,http://purl.obolibrary.org/obo/UBERON_0000056,https://purl.humanatlas.io/vocab/hp#towards,https://purl.humanatlas.io/vocab/hp
http://purl.obolibrary.org/obo/HP_0012572,http://purl.obolibrary.org/obo/UBERON_0000056,https://purl.humanatlas.io/vocab/hp#characteristic_of_part_of,https://purl.humanatlas.io/vocab/hp
http://purl.obolibrary.org/obo/HP_0012572,http://purl.obolibrary.org/obo/UBERON_0011143,https://purl.humanatlas.io/vocab/hp#characteristic_of_part_of,https://purl.humanatlas.io/vocab/hp
http://purl.obolibrary.org/obo/HP_0012572,http://purl.obolibrary.org/obo/UBERON_0001008,https://purl.humanatlas.io/vocab/hp#characteristic_of_part_of,https://purl.humanatlas.io/vocab/hp
http://purl.obolibrary.org/obo/HP_0012573,http://purl.obolibrary.org/obo/UBERON_0001231,https://purl.humanatlas.io/vocab/hp#characteristic_of,https://purl.humanatlas.io/vocab/hp
http://purl.obolibrary.org/obo/HP_0012573,http://purl.obolibrary.org/obo/UBERON_0002113,https://purl.humanatlas.io/vocab/hp#characteristic_of,https://purl.humanatlas.io/vocab/hp
http://purl.obolibrary.org/obo/HP_0012573,http://purl.obolibrary.org/obo/UBERON_0002113,https://purl.humanatlas.io/vocab/hp#characteristic_of_part_of,https://purl.humanatlas.io/vocab/hp
http://purl.obolibrary.org/obo/HP_0012573,http://purl.obolibrary.org/obo/UBERON_0011143,https://purl.humanatlas.io/vocab/hp#characteristic_of_part_of,https://purl.humanatlas.io/vocab/hp
http://purl.obolibrary.org/obo/HP_0012573,http://purl.obolibrary.org/obo/UBERON_0001008,https://purl.humanatlas.io/vocab/hp#characteristic_of_part_of,https://purl.humanatlas.io/vocab/hp
http://purl.obolibrary.org/obo/HP_0012573,http://purl.obolibrary.org/obo/UBERON_0001008,https://purl.humanatlas.io/vocab/hp#characteristic_of,https://purl.humanatlas.io/vocab/hp
http://purl.obolibrary.org/obo/HP_0012574,http://purl.obolibrary.org/obo/UBERON_0002319,https://purl.humanatlas.io/vocab/hp#occurs_in,https://purl.humanatlas.io/vocab/hp
http://purl.obolibrary.org/obo/HP_0012574,http://purl.obolibrary.org/obo/UBERON_0002319,https://purl.humanatlas.io/vocab/hp#characteristic_of_part_of,https://purl.humanatlas.io/vocab/hp
http://purl.obolibrary.org/obo/HP_0012574,http://purl.obolibrary.org/obo/UBERON_0000074,https://purl.humanatlas.io/vocab/hp#characteristic_of_part_of,https://purl.humanatlas.io/vocab/hp
http://purl.obolibrary.org/obo/HP_0012574,http://purl.obolibrary.org/obo/UBERON_0001225,https://purl.humanatlas.io/vocab/hp#characteristic_of,https://purl.humanatlas.io/vocab/hp
http://purl.obolibrary.org/obo/HP_0012574,http://purl.obolibrary.org/obo/UBERON_0002113,https://purl.humanatlas.io/vocab/hp#characteristic_of_part_of,https://purl.humanatlas.io/vocab/hp
http://purl.obolibrary.org/obo/HP_0012574,http://purl.obolibrary.org/obo/UBERON_0011143,https://purl.humanatlas.io/vocab/hp#characteristic_of_part_of,https://purl.humanatlas.io/vocab/hp
http://purl.obolibrary.org/obo/HP_0012574,http://purl.obolibrary.org/obo/UBERON_0001008,https://purl.humanatlas.io/vocab/hp#characteristic_of_part_of,https://purl.humanatlas.io/vocab/hp
http://purl.obolibrary.org/obo/HP_0012574,http://purl.obolibrary.org/obo/UBERON_0001285,https://purl.humanatlas.io/vocab/hp#characteristic_of_part_of,https://purl.humanatlas.io/vocab/hp
http://purl.obolibrary.org/obo/HP_0012575,http://purl.obolibrary.org/obo/UBERON_0001285,https://purl.humanatlas.io/vocab/hp#characteristic_of_part_of,https://purl.humanatlas.io/vocab/hp
http://purl.obolibrary.org/obo/HP_0012575,http://purl.obolibrary.org/obo/UBERON_0002113,https://purl.humanatlas.io/vocab/hp#characteristic_of_part_of,https://purl.humanatlas.io/vocab/hp
http://purl.obolibrary.org/obo/HP_0012575,http://purl.obolibrary.org/obo/UBERON_0011143,https://purl.humanatlas.io/vocab/hp#characteristic_of_part_of,https://purl.humanatlas.io/vocab/hp
http://purl.obolibrary.org/obo/HP_0012575,http://purl.obolibrary.org/obo/UBERON_0001008,https://purl.humanatlas.io/vocab/hp#characteristic_of_part_of,https://purl.humanatlas.io/vocab/hp
http://purl.obolibrary.org/obo/HP_0012576,http://purl.obolibrary.org/obo/UBERON_0000074,https://purl.humanatlas.io/vocab/hp#characteristic_of_part_of,https://purl.humanatlas.io/vocab/hp
http://purl.obolibrary.org/obo/HP_0012576,http://purl.obolibrary.org/obo/UBERON_0001225,https://purl.humanatlas.io/vocab/hp#characteristic_of,https://purl.humanatlas.io/vocab/hp
http://purl.obolibrary.org/obo/HP_0012576,http://purl.obolibrary.org/obo/UBERON_0002113,https://purl.humanatlas.io/vocab/hp#characteristic_of_part_of,https://purl.humanatlas.io/vocab/hp
http://purl.obolibrary.org/obo/HP_0012576,http://purl.obolibrary.org/obo/UBERON_0011143,https://purl.humanatlas.io/vocab/hp#characteristic_of_part_of,https://purl.humanatlas.io/vocab/hp
http://purl.obolibrary.org/obo/HP_0012576,http://purl.obolibrary.org/obo/UBERON_0001008,https://purl.humanatlas.io/vocab/hp#characteristic_of_part_of,https://purl.humanatlas.io/vocab/hp
http://purl.obolibrary.org/obo/HP_0012576,http://purl.obolibrary.org/obo/UBERON_0001285,https://purl.humanatlas.io/vocab/hp#characteristic_of_part_of,https://purl.humanatlas.io/vocab/hp
http://purl.obolibrary.org/obo/HP_0012577,http://purl.obolibrary.org/obo/UBERON_0000074,https://purl.humanatlas.io/vocab/hp#characteristic_of_part_of,https://purl.humanatlas.io/vocab/hp
http://purl.obolibrary.org/obo/HP_0012577,http://purl.obolibrary.org/obo/UBERON_0001225,https://purl.humanatlas.io/vocab/hp#characteristic_of,https://purl.humanatlas.io/vocab/hp
http://purl.obolibrary.org/obo/HP_0012577,http://purl.obolibrary.org/obo/UBERON_0002113,https://purl.humanatlas.io/vocab/hp#characteristic_of_part_of,https://purl.humanatlas.io/vocab/hp
http://purl.obolibrary.org/obo/HP_0012577,http://purl.obolibrary.org/obo/UBERON_0011143,https://purl.humanatlas.io/vocab/hp#characteristic_of_part_of,https://purl.humanatlas.io/vocab/hp
http://purl.obolibrary.org/obo/HP_0012577,http://purl.obolibrary.org/obo/UBERON_0001008,https://purl.humanatlas.io/vocab/hp#characteristic_of_part_of,https://purl.humanatlas.io/vocab/hp
http://purl.obolibrary.org/obo/HP_0012577,http://purl.obolibrary.org/obo/UBERON_0001285,https://purl.humanatlas.io/vocab/hp#characteristic_of_part_of,https://purl.humanatlas.io/vocab/hp
http://purl.obolibrary.org/obo/HP_0012578,http://purl.obolibrary.org/obo/UBERON_0000074,https://purl.humanatlas.io/vocab/hp#characteristic_of_part_of,https://purl.humanatlas.io/vocab/hp
http://purl.obolibrary.org/obo/HP_0012578,http://purl.obolibrary.org/obo/UBERON_0001225,https://purl.humanatlas.io/vocab/hp#characteristic_of,https://purl.humanatlas.io/vocab/hp
http://purl.obolibrary.org/obo/HP_0012578,http://purl.obolibrary.org/obo/UBERON_0002113,https://purl.humanatlas.io/vocab/hp#characteristic_of_part_of,https://purl.humanatlas.io/vocab/hp
http://purl.obolibrary.org/obo/HP_0012578,http://purl.obolibrary.org/obo/UBERON_0011143,https://purl.humanatlas.io/vocab/hp#characteristic_of_part_of,https://purl.humanatlas.io/vocab/hp
http://purl.obolibrary.org/obo/HP_0012578,http://purl.obolibrary.org/obo/UBERON_0001008,https://purl.humanatlas.io/vocab/hp#characteristic_of_part_of,https://purl.humanatlas.io/vocab/hp
http://purl.obolibrary.org/obo/HP_0012578,http://purl.obolibrary.org/obo/UBERON_0001285,https://purl.humanatlas.io/vocab/hp#characteristic_of_part_of,https://purl.humanatlas.io/vocab/hp
http://purl.obolibrary.org/obo/HP_0012578,http://purl.obolibrary.org/obo/UBERON_0002113,https://purl.humanatlas.io/vocab/hp#occurs_in,https://purl.humanatlas.io/vocab/hp
http://purl.obolibrary.org/obo/HP_0012578,http://purl.obolibrary.org/obo/UBERON_0002113,https://purl.humanatlas.io/vocab/hp#characteristic_of,https://purl.humanatlas.io/vocab/hp
http://purl.obolibrary.org/obo/HP_0012578,http://purl.obolibrary.org/obo/UBERON_0001008,https://purl.humanatlas.io/vocab/hp#characteristic_of,https://purl.humanatlas.io/vocab/hp
http://purl.obolibrary.org/obo/HP_0012579,http://purl.obolibrary.org/obo/UBERON_0000074,https://purl.humanatlas.io/vocab/hp#characteristic_of_part_of,https://purl.humanatlas.io/vocab/hp
http://purl.obolibrary.org/obo/HP_0012579,http://purl.obolibrary.org/obo/UBERON_0001225,https://purl.humanatlas.io/vocab/hp#characteristic_of,https://purl.humanatlas.io/vocab/hp
http://purl.obolibrary.org/obo/HP_0012579,http://purl.obolibrary.org/obo/UBERON_0002113,https://purl.humanatlas.io/vocab/hp#characteristic_of_part_of,https://purl.humanatlas.io/vocab/hp
http://purl.obolibrary.org/obo/HP_0012579,http://purl.obolibrary.org/obo/UBERON_0011143,https://purl.humanatlas.io/vocab/hp#characteristic_of_part_of,https://purl.humanatlas.io/vocab/hp
http://purl.obolibrary.org/obo/HP_0012579,http://purl.obolibrary.org/obo/UBERON_0001008,https://purl.humanatlas.io/vocab/hp#characteristic_of_part_of,https://purl.humanatlas.io/vocab/hp
http://purl.obolibrary.org/obo/HP_0012579,http://purl.obolibrary.org/obo/UBERON_0001285,https://purl.humanatlas.io/vocab/hp#characteristic_of_part_of,https://purl.humanatlas.io/vocab/hp
http://purl.obolibrary.org/obo/HP_0012579,http://purl.obolibrary.org/obo/UBERON_0002113,https://purl.humanatlas.io/vocab/hp#occurs_in,https://purl.humanatlas.io/vocab/hp
http://purl.obolibrary.org/obo/HP_0012579,http://purl.obolibrary.org/obo/UBERON_0002113,https://purl.humanatlas.io/vocab/hp#characteristic_of,https://purl.humanatlas.io/vocab/hp
http://purl.obolibrary.org/obo/HP_0012579,http://purl.obolibrary.org/obo/UBERON_0001008,https://purl.humanatlas.io/vocab/hp#characteristic_of,https://purl.humanatlas.io/vocab/hp
http://purl.obolibrary.org/obo/HP_0012580,http://purl.obolibrary.org/obo/UBERON_0002113,https://purl.humanatlas.io/vocab/hp#characteristic_of_part_of,https://purl.humanatlas.io/vocab/hp
http://purl.obolibrary.org/obo/HP_0012580,http://purl.obolibrary.org/obo/UBERON_0011143,https://purl.humanatlas.io/vocab/hp#characteristic_of_part_of,https://purl.humanatlas.io/vocab/hp
http://purl.obolibrary.org/obo/HP_0012580,http://purl.obolibrary.org/obo/UBERON_0001008,https://purl.humanatlas.io/vocab/hp#characteristic_of_part_of,https://purl.humanatlas.io/vocab/hp
http://purl.obolibrary.org/obo/HP_0012581,http://purl.obolibrary.org/obo/UBERON_0002113,https://purl.humanatlas.io/vocab/hp#part_of,https://purl.humanatlas.io/vocab/hp
http://purl.obolibrary.org/obo/HP_0012581,http://purl.obolibrary.org/obo/UBERON_0002113,https://purl.humanatlas.io/vocab/hp#characteristic_of_part_of,https://purl.humanatlas.io/vocab/hp
http://purl.obolibrary.org/obo/HP_0012581,http://purl.obolibrary.org/obo/UBERON_0011143,https://purl.humanatlas.io/vocab/hp#characteristic_of_part_of,https://purl.humanatlas.io/vocab/hp
http://purl.obolibrary.org/obo/HP_0012581,http://purl.obolibrary.org/obo/UBERON_0001008,https://purl.humanatlas.io/vocab/hp#characteristic_of_part_of,https://purl.humanatlas.io/vocab/hp
http://purl.obolibrary.org/obo/HP_0012582,http://purl.obolibrary.org/obo/UBERON_0002113,https://purl.humanatlas.io/vocab/hp#characteristic_of,https://purl.humanatlas.io/vocab/hp
http://purl.obolibrary.org/obo/HP_0012582,http://purl.obolibrary.org/obo/UBERON_0002113,https://purl.humanatlas.io/vocab/hp#characteristic_of_part_of,https://purl.humanatlas.io/vocab/hp
http://purl.obolibrary.org/obo/HP_0012582,http://purl.obolibrary.org/obo/UBERON_0011143,https://purl.humanatlas.io/vocab/hp#characteristic_of_part_of,https://purl.humanatlas.io/vocab/hp
http://purl.obolibrary.org/obo/HP_0012582,http://purl.obolibrary.org/obo/UBERON_0001008,https://purl.humanatlas.io/vocab/hp#characteristic_of_part_of,https://purl.humanatlas.io/vocab/hp
http://purl.obolibrary.org/obo/HP_0012583,http://purl.obolibrary.org/obo/UBERON_0002113,https://purl.humanatlas.io/vocab/hp#characteristic_of,https://purl.humanatlas.io/vocab/hp
http://purl.obolibrary.org/obo/HP_0012583,http://purl.obolibrary.org/obo/UBERON_0002113,https://purl.humanatlas.io/vocab/hp#characteristic_of_part_of,https://purl.humanatlas.io/vocab/hp
http://purl.obolibrary.org/obo/HP_0012583,http://purl.obolibrary.org/obo/UBERON_0011143,https://purl.humanatlas.io/vocab/hp#characteristic_of_part_of,https://purl.humanatlas.io/vocab/hp
http://purl.obolibrary.org/obo/HP_0012583,http://purl.obolibrary.org/obo/UBERON_0001008,https://purl.humanatlas.io/vocab/hp#characteristic_of_part_of,https://purl.humanatlas.io/vocab/hp
http://purl.obolibrary.org/obo/HP_0012584,http://purl.obolibrary.org/obo/UBERON_0002113,https://purl.humanatlas.io/vocab/hp#characteristic_of,https://purl.humanatlas.io/vocab/hp
http://purl.obolibrary.org/obo/HP_0012584,http://purl.obolibrary.org/obo/UBERON_0002113,https://purl.humanatlas.io/vocab/hp#characteristic_of_part_of,https://purl.humanatlas.io/vocab/hp
http://purl.obolibrary.org/obo/HP_0012584,http://purl.obolibrary.org/obo/UBERON_0011143,https://purl.humanatlas.io/vocab/hp#characteristic_of_part_of,https://purl.humanatlas.io/vocab/hp
http://purl.obolibrary.org/obo/HP_0012584,http://purl.obolibrary.org/obo/UBERON_0001008,https://purl.humanatlas.io/vocab/hp#characteristic_of_part_of,https://purl.humanatlas.io/vocab/hp
http://purl.obolibrary.org/obo/HP_0012585,http://purl.obolibrary.org/obo/UBERON_0002113,https://purl.humanatlas.io/vocab/hp#characteristic_of,https://purl.humanatlas.io/vocab/hp
http://purl.obolibrary.org/obo/HP_0012585,http://purl.obolibrary.org/obo/UBERON_0002113,https://purl.humanatlas.io/vocab/hp#characteristic_of_part_of,https://purl.humanatlas.io/vocab/hp
http://purl.obolibrary.org/obo/HP_0012585,http://purl.obolibrary.org/obo/UBERON_0011143,https://purl.humanatlas.io/vocab/hp#characteristic_of_part_of,https://purl.humanatlas.io/vocab/hp
http://purl.obolibrary.org/obo/HP_0012585,http://purl.obolibrary.org/obo/UBERON_0001008,https://purl.humanatlas.io/vocab/hp#characteristic_of_part_of,https://purl.humanatlas.io/vocab/hp
http://purl.obolibrary.org/obo/HP_0012586,http://purl.obolibrary.org/obo/UBERON_0002113,https://purl.humanatlas.io/vocab/hp#characteristic_of,https://purl.humanatlas.io/vocab/hp
http://purl.obolibrary.org/obo/HP_0012586,http://purl.obolibrary.org/obo/UBERON_0002113,https://purl.humanatlas.io/vocab/hp#characteristic_of_part_of,https://purl.humanatlas.io/vocab/hp
http://purl.obolibrary.org/obo/HP_0012586,http://purl.obolibrary.org/obo/UBERON_0011143,https://purl.humanatlas.io/vocab/hp#characteristic_of_part_of,https://purl.humanatlas.io/vocab/hp
http://purl.obolibrary.org/obo/HP_0012586,http://purl.obolibrary.org/obo/UBERON_0001008,https://purl.humanatlas.io/vocab/hp#characteristic_of_part_of,https://purl.humanatlas.io/vocab/hp
http://purl.obolibrary.org/obo/HP_0012587,http://purl.obolibrary.org/obo/UBERON_0002113,https://purl.humanatlas.io/vocab/hp#characteristic_of,https://purl.humanatlas.io/vocab/hp
http://purl.obolibrary.org/obo/HP_0012587,http://purl.obolibrary.org/obo/UBERON_0002113,https://purl.humanatlas.io/vocab/hp#characteristic_of_part_of,https://purl.humanatlas.io/vocab/hp
http://purl.obolibrary.org/obo/HP_0012587,http://purl.obolibrary.org/obo/UBERON_0011143,https://purl.humanatlas.io/vocab/hp#characteristic_of_part_of,https://purl.humanatlas.io/vocab/hp
http://purl.obolibrary.org/obo/HP_0012587,http://purl.obolibrary.org/obo/UBERON_0001008,https://purl.humanatlas.io/vocab/hp#characteristic_of_part_of,https://purl.humanatlas.io/vocab/hp
http://purl.obolibrary.org/obo/HP_0012587,http://purl.obolibrary.org/obo/UBERON_0001008,https://purl.humanatlas.io/vocab/hp#characteristic_of,https://purl.humanatlas.io/vocab/hp
http://purl.obolibrary.org/obo/HP_0012588,http://purl.obolibrary.org/obo/UBERON_0002113,https://purl.humanatlas.io/vocab/hp#characteristic_of,https://purl.humanatlas.io/vocab/hp
http://purl.obolibrary.org/obo/HP_0012588,http://purl.obolibrary.org/obo/UBERON_0002113,https://purl.humanatlas.io/vocab/hp#characteristic_of_part_of,https://purl.humanatlas.io/vocab/hp
http://purl.obolibrary.org/obo/HP_0012588,http://purl.obolibrary.org/obo/UBERON_0011143,https://purl.humanatlas.io/vocab/hp#characteristic_of_part_of,https://purl.humanatlas.io/vocab/hp
http://purl.obolibrary.org/obo/HP_0012588,http://purl.obolibrary.org/obo/UBERON_0001008,https://purl.humanatlas.io/vocab/hp#characteristic_of_part_of,https://purl.humanatlas.io/vocab/hp
http://purl.obolibrary.org/obo/HP_0012588,http://purl.obolibrary.org/obo/UBERON_0001008,https://purl.humanatlas.io/vocab/hp#characteristic_of,https://purl.humanatlas.io/vocab/hp
http://purl.obolibrary.org/obo/HP_0012589,http://purl.obolibrary.org/obo/UBERON_0002113,https://purl.humanatlas.io/vocab/hp#characteristic_of,https://purl.humanatlas.io/vocab/hp
http://purl.obolibrary.org/obo/HP_0012589,http://purl.obolibrary.org/obo/UBERON_0002113,https://purl.humanatlas.io/vocab/hp#characteristic_of_part_of,https://purl.humanatlas.io/vocab/hp
http://purl.obolibrary.org/obo/HP_0012589,http://purl.obolibrary.org/obo/UBERON_0011143,https://purl.humanatlas.io/vocab/hp#characteristic_of_part_of,https://purl.humanatlas.io/vocab/hp
http://purl.obolibrary.org/obo/HP_0012589,http://purl.obolibrary.org/obo/UBERON_0001008,https://purl.humanatlas.io/vocab/hp#characteristic_of_part_of,https://purl.humanatlas.io/vocab/hp
http://purl.obolibrary.org/obo/HP_0012589,http://purl.obolibrary.org/obo/UBERON_0001008,https://purl.humanatlas.io/vocab/hp#characteristic_of,https://purl.humanatlas.io/vocab/hp
http://purl.obolibrary.org/obo/HP_0012590,http://purl.obolibrary.org/obo/UBERON_0002113,https://purl.humanatlas.io/vocab/hp#characteristic_of,https://purl.humanatlas.io/vocab/hp
http://purl.obolibrary.org/obo/HP_0012590,http://purl.obolibrary.org/obo/UBERON_0002113,https://purl.humanatlas.io/vocab/hp#characteristic_of_part_of,https://purl.humanatlas.io/vocab/hp
http://purl.obolibrary.org/obo/HP_0012590,http://purl.obolibrary.org/obo/UBERON_0011143,https://purl.humanatlas.io/vocab/hp#characteristic_of_part_of,https://purl.humanatlas.io/vocab/hp
http://purl.obolibrary.org/obo/HP_0012590,http://purl.obolibrary.org/obo/UBERON_0001008,https://purl.humanatlas.io/vocab/hp#characteristic_of_part_of,https://purl.humanatlas.io/vocab/hp
http://purl.obolibrary.org/obo/HP_0012590,http://purl.obolibrary.org/obo/UBERON_0001008,https://purl.humanatlas.io/vocab/hp#characteristic_of,https://purl.humanatlas.io/vocab/hp
http://purl.obolibrary.org/obo/HP_0012591,http://purl.obolibrary.org/obo/UBERON_0001008,https://purl.humanatlas.io/vocab/hp#characteristic_of,https://purl.humanatlas.io/vocab/hp
http://purl.obolibrary.org/obo/HP_0012591,http://purl.obolibrary.org/obo/UBERON_0001008,https://purl.humanatlas.io/vocab/hp#characteristic_of_part_of,https://purl.humanatlas.io/vocab/hp
http://purl.obolibrary.org/obo/HP_0012592,http://purl.obolibrary.org/obo/UBERON_0001008,https://purl.humanatlas.io/vocab/hp#characteristic_of,https://purl.humanatlas.io/vocab/hp
http://purl.obolibrary.org/obo/HP_0012592,http://purl.obolibrary.org/obo/UBERON_0001008,https://purl.humanatlas.io/vocab/hp#characteristic_of_part_of,https://purl.humanatlas.io/vocab/hp
http://purl.obolibrary.org/obo/HP_0012593,http://purl.obolibrary.org/obo/UBERON_0001008,https://purl.humanatlas.io/vocab/hp#characteristic_of,https://purl.humanatlas.io/vocab/hp
http://purl.obolibrary.org/obo/HP_0012593,http://purl.obolibrary.org/obo/UBERON_0001008,https://purl.humanatlas.io/vocab/hp#characteristic_of_part_of,https://purl.humanatlas.io/vocab/hp
http://purl.obolibrary.org/obo/HP_0012594,http://purl.obolibrary.org/obo/UBERON_0001008,https://purl.humanatlas.io/vocab/hp#characteristic_of,https://purl.humanatlas.io/vocab/hp
http://purl.obolibrary.org/obo/HP_0012594,http://purl.obolibrary.org/obo/UBERON_0001008,https://purl.humanatlas.io/vocab/hp#characteristic_of_part_of,https://purl.humanatlas.io/vocab/hp
http://purl.obolibrary.org/obo/HP_0012595,http://purl.obolibrary.org/obo/UBERON_0001008,https://purl.humanatlas.io/vocab/hp#characteristic_of,https://purl.humanatlas.io/vocab/hp
http://purl.obolibrary.org/obo/HP_0012595,http://purl.obolibrary.org/obo/UBERON_0001008,https://purl.humanatlas.io/vocab/hp#characteristic_of_part_of,https://purl.humanatlas.io/vocab/hp
http://purl.obolibrary.org/obo/HP_0012596,http://purl.obolibrary.org/obo/UBERON_0001008,https://purl.humanatlas.io/vocab/hp#characteristic_of,https://purl.humanatlas.io/vocab/hp
http://purl.obolibrary.org/obo/HP_0012596,http://purl.obolibrary.org/obo/UBERON_0001008,https://purl.humanatlas.io/vocab/hp#characteristic_of_part_of,https://purl.humanatlas.io/vocab/hp
http://purl.obolibrary.org/obo/HP_0012597,http://purl.obolibrary.org/obo/UBERON_0001008,https://purl.humanatlas.io/vocab/hp#characteristic_of,https://purl.humanatlas.io/vocab/hp
http://purl.obolibrary.org/obo/HP_0012597,http://purl.obolibrary.org/obo/UBERON_0001008,https://purl.humanatlas.io/vocab/hp#characteristic_of_part_of,https://purl.humanatlas.io/vocab/hp
http://purl.obolibrary.org/obo/HP_0012598,http://purl.obolibrary.org/obo/UBERON_0001008,https://purl.humanatlas.io/vocab/hp#characteristic_of,https://purl.humanatlas.io/vocab/hp
http://purl.obolibrary.org/obo/HP_0012598,http://purl.obolibrary.org/obo/UBERON_0001008,https://purl.humanatlas.io/vocab/hp#characteristic_of_part_of,https://purl.humanatlas.io/vocab/hp
http://purl.obolibrary.org/obo/HP_0012599,http://purl.obolibrary.org/obo/UBERON_0001008,https://purl.humanatlas.io/vocab/hp#characteristic_of,https://purl.humanatlas.io/vocab/hp
http://purl.obolibrary.org/obo/HP_0012599,http://purl.obolibrary.org/obo/UBERON_0001008,https://purl.humanatlas.io/vocab/hp#characteristic_of_part_of,https://purl.humanatlas.io/vocab/hp
http://purl.obolibrary.org/obo/HP_0012600,http://purl.obolibrary.org/obo/UBERON_0001008,https://purl.humanatlas.io/vocab/hp#characteristic_of,https://purl.humanatlas.io/vocab/hp
http://purl.obolibrary.org/obo/HP_0012600,http://purl.obolibrary.org/obo/UBERON_0001008,https://purl.humanatlas.io/vocab/hp#characteristic_of_part_of,https://purl.humanatlas.io/vocab/hp
http://purl.obolibrary.org/obo/HP_0012601,http://purl.obolibrary.org/obo/UBERON_0001008,https://purl.humanatlas.io/vocab/hp#characteristic_of,https://purl.humanatlas.io/vocab/hp
http://purl.obolibrary.org/obo/HP_0012601,http://purl.obolibrary.org/obo/UBERON_0001008,https://purl.humanatlas.io/vocab/hp#characteristic_of_part_of,https://purl.humanatlas.io/vocab/hp
http://purl.obolibrary.org/obo/HP_0012602,http://purl.obolibrary.org/obo/UBERON_0001008,https://purl.humanatlas.io/vocab/hp#characteristic_of,https://purl.humanatlas.io/vocab/hp
http://purl.obolibrary.org/obo/HP_0012602,http://purl.obolibrary.org/obo/UBERON_0001008,https://purl.humanatlas.io/vocab/hp#characteristic_of_part_of,https://purl.humanatlas.io/vocab/hp
http://purl.obolibrary.org/obo/HP_0012603,http://purl.obolibrary.org/obo/UBERON_0001008,https://purl.humanatlas.io/vocab/hp#characteristic_of,https://purl.humanatlas.io/vocab/hp
http://purl.obolibrary.org/obo/HP_0012603,http://purl.obolibrary.org/obo/UBERON_0001008,https://purl.humanatlas.io/vocab/hp#characteristic_of_part_of,https://purl.humanatlas.io/vocab/hp
http://purl.obolibrary.org/obo/HP_0012604,http://purl.obolibrary.org/obo/UBERON_0001008,https://purl.humanatlas.io/vocab/hp#characteristic_of,https://purl.humanatlas.io/vocab/hp
http://purl.obolibrary.org/obo/HP_0012604,http://purl.obolibrary.org/obo/UBERON_0001008,https://purl.humanatlas.io/vocab/hp#characteristic_of_part_of,https://purl.humanatlas.io/vocab/hp
http://purl.obolibrary.org/obo/HP_0012605,http://purl.obolibrary.org/obo/UBERON_0001008,https://purl.humanatlas.io/vocab/hp#characteristic_of,https://purl.humanatlas.io/vocab/hp
http://purl.obolibrary.org/obo/HP_0012605,http://purl.obolibrary.org/obo/UBERON_0001008,https://purl.humanatlas.io/vocab/hp#characteristic_of_part_of,https://purl.humanatlas.io/vocab/hp
http://purl.obolibrary.org/obo/HP_0012606,http://purl.obolibrary.org/obo/UBERON_0001008,https://purl.humanatlas.io/vocab/hp#characteristic_of,https://purl.humanatlas.io/vocab/hp
http://purl.obolibrary.org/obo/HP_0012606,http://purl.obolibrary.org/obo/UBERON_0001008,https://purl.humanatlas.io/vocab/hp#characteristic_of_part_of,https://purl.humanatlas.io/vocab/hp
http://purl.obolibrary.org/obo/HP_0012607,http://purl.obolibrary.org/obo/UBERON_0001008,https://purl.humanatlas.io/vocab/hp#characteristic_of,https://purl.humanatlas.io/vocab/hp
http://purl.obolibrary.org/obo/HP_0012607,http://purl.obolibrary.org/obo/UBERON_0001008,https://purl.humanatlas.io/vocab/hp#characteristic_of_part_of,https://purl.humanatlas.io/vocab/hp
http://purl.obolibrary.org/obo/HP_0012608,http://purl.obolibrary.org/obo/UBERON_0001008,https://purl.humanatlas.io/vocab/hp#characteristic_of,https://purl.humanatlas.io/vocab/hp
http://purl.obolibrary.org/obo/HP_0012608,http://purl.obolibrary.org/obo/UBERON_0001008,https://purl.humanatlas.io/vocab/hp#characteristic_of_part_of,https://purl.humanatlas.io/vocab/hp
http://purl.obolibrary.org/obo/HP_0012609,http://purl.obolibrary.org/obo/UBERON_0001008,https://purl.humanatlas.io/vocab/hp#characteristic_of,https://purl.humanatlas.io/vocab/hp
http://purl.obolibrary.org/obo/HP_0012609,http://purl.obolibrary.org/obo/UBERON_0001008,https://purl.humanatlas.io/vocab/hp#characteristic_of_part_of,https://purl.humanatlas.io/vocab/hp
http://purl.obolibrary.org/obo/HP_0012610,http://purl.obolibrary.org/obo/UBERON_0001008,https://purl.humanatlas.io/vocab/hp#characteristic_of,https://purl.humanatlas.io/vocab/hp
http://purl.obolibrary.org/obo/HP_0012610,http://purl.obolibrary.org/obo/UBERON_0001008,https://purl.humanatlas.io/vocab/hp#characteristic_of_part_of,https://purl.humanatlas.io/vocab/hp
http://purl.obolibrary.org/obo/HP_0012612,http://purl.obolibrary.org/obo/UBERON_0001008,https://purl.humanatlas.io/vocab/hp#characteristic_of,https://purl.humanatlas.io/vocab/hp
http://purl.obolibrary.org/obo/HP_0012612,http://purl.obolibrary.org/obo/UBERON_0001008,https://purl.humanatlas.io/vocab/hp#characteristic_of_part_of,https://purl.humanatlas.io/vocab/hp
http://purl.obolibrary.org/obo/HP_0012613,http://purl.obolibrary.org/obo/UBERON_0001008,https://purl.humanatlas.io/vocab/hp#characteristic_of,https://purl.humanatlas.io/vocab/hp
http://purl.obolibrary.org/obo/HP_0012613,http://purl.obolibrary.org/obo/UBERON_0001008,https://purl.humanatlas.io/vocab/hp#characteristic_of_part_of,https://purl.humanatlas.io/vocab/hp
http://purl.obolibrary.org/obo/HP_0012614,http://purl.obolibrary.org/obo/UBERON_0001008,https://purl.humanatlas.io/vocab/hp#characteristic_of,https://purl.humanatlas.io/vocab/hp
http://purl.obolibrary.org/obo/HP_0012614,http://purl.obolibrary.org/obo/UBERON_0001008,https://purl.humanatlas.io/vocab/hp#characteristic_of_part_of,https://purl.humanatlas.io/vocab/hp
http://purl.obolibrary.org/obo/HP_0012615,http://purl.obolibrary.org/obo/UBERON_0001008,https://purl.humanatlas.io/vocab/hp#characteristic_of,https://purl.humanatlas.io/vocab/hp
http://purl.obolibrary.org/obo/HP_0012615,http://purl.obolibrary.org/obo/UBERON_0001008,https://purl.humanatlas.io/vocab/hp#characteristic_of_part_of,https://purl.humanatlas.io/vocab/hp
http://purl.obolibrary.org/obo/HP_0012616,http://purl.obolibrary.org/obo/UBERON_0001008,https://purl.humanatlas.io/vocab/hp#characteristic_of,https://purl.humanatlas.io/vocab/hp
http://purl.obolibrary.org/obo/HP_0012616,http://purl.obolibrary.org/obo/UBERON_0001008,https://purl.humanatlas.io/vocab/hp#characteristic_of_part_of,https://purl.humanatlas.io/vocab/hp
http://purl.obolibrary.org/obo/HP_0012617,http://purl.obolibrary.org/obo/UBERON_0001008,https://purl.humanatlas.io/vocab/hp#characteristic_of,https://purl.humanatlas.io/vocab/hp
http://purl.obolibrary.org/obo/HP_0012617,http://purl.obolibrary.org/obo/UBERON_0001008,https://purl.humanatlas.io/vocab/hp#characteristic_of_part_of,https://purl.humanatlas.io/vocab/hp
http://purl.obolibrary.org/obo/HP_0012618,http://purl.obolibrary.org/obo/UBERON_0001255,https://purl.humanatlas.io/vocab/hp#characteristic_of,https://purl.humanatlas.io/vocab/hp
http://purl.obolibrary.org/obo/HP_0012618,http://purl.obolibrary.org/obo/UBERON_0001255,https://purl.humanatlas.io/vocab/hp#characteristic_of_part_of,https://purl.humanatlas.io/vocab/hp
http://purl.obolibrary.org/obo/HP_0012618,http://purl.obolibrary.org/obo/UBERON_0001556,https://purl.humanatlas.io/vocab/hp#characteristic_of_part_of,https://purl.humanatlas.io/vocab/hp
http://purl.obolibrary.org/obo/HP_0012618,http://purl.obolibrary.org/obo/UBERON_0001008,https://purl.humanatlas.io/vocab/hp#characteristic_of_part_of,https://purl.humanatlas.io/vocab/hp
http://purl.obolibrary.org/obo/HP_0012619,http://purl.obolibrary.org/obo/UBERON_0001256,https://purl.humanatlas.io/vocab/hp#part_of,https://purl.humanatlas.io/vocab/hp
http://purl.obolibrary.org/obo/HP_0012619,http://purl.obolibrary.org/obo/UBERON_0001255,https://purl.humanatlas.io/vocab/hp#characteristic_of,https://purl.humanatlas.io/vocab/hp
http://purl.obolibrary.org/obo/HP_0012619,http://purl.obolibrary.org/obo/UBERON_0001255,https://purl.humanatlas.io/vocab/hp#characteristic_of_part_of,https://purl.humanatlas.io/vocab/hp
http://purl.obolibrary.org/obo/HP_0012619,http://purl.obolibrary.org/obo/UBERON_0001556,https://purl.humanatlas.io/vocab/hp#characteristic_of_part_of,https://purl.humanatlas.io/vocab/hp
http://purl.obolibrary.org/obo/HP_0012619,http://purl.obolibrary.org/obo/UBERON_0001008,https://purl.humanatlas.io/vocab/hp#characteristic_of_part_of,https://purl.humanatlas.io/vocab/hp
http://purl.obolibrary.org/obo/HP_0012622,http://purl.obolibrary.org/obo/UBERON_0002113,https://purl.humanatlas.io/vocab/hp#characteristic_of,https://purl.humanatlas.io/vocab/hp
http://purl.obolibrary.org/obo/HP_0012622,http://purl.obolibrary.org/obo/UBERON_0002113,https://purl.humanatlas.io/vocab/hp#characteristic_of_part_of,https://purl.humanatlas.io/vocab/hp
http://purl.obolibrary.org/obo/HP_0012622,http://purl.obolibrary.org/obo/UBERON_0011143,https://purl.humanatlas.io/vocab/hp#characteristic_of_part_of,https://purl.humanatlas.io/vocab/hp
http://purl.obolibrary.org/obo/HP_0012622,http://purl.obolibrary.org/obo/UBERON_0001008,https://purl.humanatlas.io/vocab/hp#characteristic_of_part_of,https://purl.humanatlas.io/vocab/hp
http://purl.obolibrary.org/obo/HP_0012622,http://purl.obolibrary.org/obo/UBERON_0001008,https://purl.humanatlas.io/vocab/hp#characteristic_of,https://purl.humanatlas.io/vocab/hp
http://purl.obolibrary.org/obo/HP_0012623,http://purl.obolibrary.org/obo/UBERON_0002113,https://purl.humanatlas.io/vocab/hp#characteristic_of,https://purl.humanatlas.io/vocab/hp
http://purl.obolibrary.org/obo/HP_0012623,http://purl.obolibrary.org/obo/UBERON_0002113,https://purl.humanatlas.io/vocab/hp#characteristic_of_part_of,https://purl.humanatlas.io/vocab/hp
http://purl.obolibrary.org/obo/HP_0012623,http://purl.obolibrary.org/obo/UBERON_0011143,https://purl.humanatlas.io/vocab/hp#characteristic_of_part_of,https://purl.humanatlas.io/vocab/hp
http://purl.obolibrary.org/obo/HP_0012623,http://purl.obolibrary.org/obo/UBERON_0001008,https://purl.humanatlas.io/vocab/hp#characteristic_of_part_of,https://purl.humanatlas.io/vocab/hp
http://purl.obolibrary.org/obo/HP_0012623,http://purl.obolibrary.org/obo/UBERON_0001008,https://purl.humanatlas.io/vocab/hp#characteristic_of,https://purl.humanatlas.io/vocab/hp
http://purl.obolibrary.org/obo/HP_0012624,http://purl.obolibrary.org/obo/UBERON_0002113,https://purl.humanatlas.io/vocab/hp#characteristic_of,https://purl.humanatlas.io/vocab/hp
http://purl.obolibrary.org/obo/HP_0012624,http://purl.obolibrary.org/obo/UBERON_0002113,https://purl.humanatlas.io/vocab/hp#characteristic_of_part_of,https://purl.humanatlas.io/vocab/hp
http://purl.obolibrary.org/obo/HP_0012624,http://purl.obolibrary.org/obo/UBERON_0011143,https://purl.humanatlas.io/vocab/hp#characteristic_of_part_of,https://purl.humanatlas.io/vocab/hp
http://purl.obolibrary.org/obo/HP_0012624,http://purl.obolibrary.org/obo/UBERON_0001008,https://purl.humanatlas.io/vocab/hp#characteristic_of_part_of,https://purl.humanatlas.io/vocab/hp
http://purl.obolibrary.org/obo/HP_0012624,http://purl.obolibrary.org/obo/UBERON_0001008,https://purl.humanatlas.io/vocab/hp#characteristic_of,https://purl.humanatlas.io/vocab/hp
http://purl.obolibrary.org/obo/HP_0012625,http://purl.obolibrary.org/obo/UBERON_0002113,https://purl.humanatlas.io/vocab/hp#characteristic_of,https://purl.humanatlas.io/vocab/hp
http://purl.obolibrary.org/obo/HP_0012625,http://purl.obolibrary.org/obo/UBERON_0002113,https://purl.humanatlas.io/vocab/hp#characteristic_of_part_of,https://purl.humanatlas.io/vocab/hp
http://purl.obolibrary.org/obo/HP_0012625,http://purl.obolibrary.org/obo/UBERON_0011143,https://purl.humanatlas.io/vocab/hp#characteristic_of_part_of,https://purl.humanatlas.io/vocab/hp
http://purl.obolibrary.org/obo/HP_0012625,http://purl.obolibrary.org/obo/UBERON_0001008,https://purl.humanatlas.io/vocab/hp#characteristic_of_part_of,https://purl.humanatlas.io/vocab/hp
http://purl.obolibrary.org/obo/HP_0012625,http://purl.obolibrary.org/obo/UBERON_0001008,https://purl.humanatlas.io/vocab/hp#characteristic_of,https://purl.humanatlas.io/vocab/hp
http://purl.obolibrary.org/obo/HP_0012626,http://purl.obolibrary.org/obo/UBERON_0002113,https://purl.humanatlas.io/vocab/hp#characteristic_of,https://purl.humanatlas.io/vocab/hp
http://purl.obolibrary.org/obo/HP_0012626,http://purl.obolibrary.org/obo/UBERON_0002113,https://purl.humanatlas.io/vocab/hp#characteristic_of_part_of,https://purl.humanatlas.io/vocab/hp
http://purl.obolibrary.org/obo/HP_0012626,http://purl.obolibrary.org/obo/UBERON_0011143,https://purl.humanatlas.io/vocab/hp#characteristic_of_part_of,https://purl.humanatlas.io/vocab/hp
http://purl.obolibrary.org/obo/HP_0012626,http://purl.obolibrary.org/obo/UBERON_0001008,https://purl.humanatlas.io/vocab/hp#characteristic_of_part_of,https://purl.humanatlas.io/vocab/hp
http://purl.obolibrary.org/obo/HP_0012626,http://purl.obolibrary.org/obo/UBERON_0001008,https://purl.humanatlas.io/vocab/hp#characteristic_of,https://purl.humanatlas.io/vocab/hp
http://purl.obolibrary.org/obo/HP_0012637,http://purl.obolibrary.org/obo/UBERON_0001008,https://purl.humanatlas.io/vocab/hp#characteristic_of,https://purl.humanatlas.io/vocab/hp
http://purl.obolibrary.org/obo/HP_0012637,http://purl.obolibrary.org/obo/UBERON_0001008,https://purl.humanatlas.io/vocab/hp#characteristic_of_part_of,https://purl.humanatlas.io/vocab/hp
http://purl.obolibrary.org/obo/HP_0012782,http://purl.obolibrary.org/obo/UBERON_0002113,https://purl.humanatlas.io/vocab/hp#characteristic_of_part_of,https://purl.humanatlas.io/vocab/hp
http://purl.obolibrary.org/obo/HP_0012782,http://purl.obolibrary.org/obo/UBERON_0011143,https://purl.humanatlas.io/vocab/hp#characteristic_of_part_of,https://purl.humanatlas.io/vocab/hp
http://purl.obolibrary.org/obo/HP_0012782,http://purl.obolibrary.org/obo/UBERON_0001008,https://purl.humanatlas.io/vocab/hp#characteristic_of_part_of,https://purl.humanatlas.io/vocab/hp
http://purl.obolibrary.org/obo/HP_0012783,http://purl.obolibrary.org/obo/UBERON_0002113,https://purl.humanatlas.io/vocab/hp#characteristic_of_part_of,https://purl.humanatlas.io/vocab/hp
http://purl.obolibrary.org/obo/HP_0012783,http://purl.obolibrary.org/obo/UBERON_0011143,https://purl.humanatlas.io/vocab/hp#characteristic_of_part_of,https://purl.humanatlas.io/vocab/hp
http://purl.obolibrary.org/obo/HP_0012783,http://purl.obolibrary.org/obo/UBERON_0001008,https://purl.humanatlas.io/vocab/hp#characteristic_of_part_of,https://purl.humanatlas.io/vocab/hp
http://purl.obolibrary.org/obo/HP_0012784,http://purl.obolibrary.org/obo/UBERON_0002113,https://purl.humanatlas.io/vocab/hp#occurs_in,https://purl.humanatlas.io/vocab/hp
http://purl.obolibrary.org/obo/HP_0012784,http://purl.obolibrary.org/obo/UBERON_0002113,https://purl.humanatlas.io/vocab/hp#characteristic_of,https://purl.humanatlas.io/vocab/hp
http://purl.obolibrary.org/obo/HP_0012784,http://purl.obolibrary.org/obo/UBERON_0002113,https://purl.humanatlas.io/vocab/hp#characteristic_of_part_of,https://purl.humanatlas.io/vocab/hp
http://purl.obolibrary.org/obo/HP_0012784,http://purl.obolibrary.org/obo/UBERON_0011143,https://purl.humanatlas.io/vocab/hp#characteristic_of_part_of,https://purl.humanatlas.io/vocab/hp
http://purl.obolibrary.org/obo/HP_0012784,http://purl.obolibrary.org/obo/UBERON_0001008,https://purl.humanatlas.io/vocab/hp#characteristic_of_part_of,https://purl.humanatlas.io/vocab/hp
http://purl.obolibrary.org/obo/HP_0012784,http://purl.obolibrary.org/obo/UBERON_0001008,https://purl.humanatlas.io/vocab/hp#characteristic_of,https://purl.humanatlas.io/vocab/hp
http://purl.obolibrary.org/obo/HP_0012786,http://purl.obolibrary.org/obo/UBERON_0001008,https://purl.humanatlas.io/vocab/hp#characteristic_of,https://purl.humanatlas.io/vocab/hp
http://purl.obolibrary.org/obo/HP_0012786,http://purl.obolibrary.org/obo/UBERON_0001008,https://purl.humanatlas.io/vocab/hp#characteristic_of_part_of,https://purl.humanatlas.io/vocab/hp
http://purl.obolibrary.org/obo/HP_0012787,http://purl.obolibrary.org/obo/UBERON_0001008,https://purl.humanatlas.io/vocab/hp#characteristic_of,https://purl.humanatlas.io/vocab/hp
http://purl.obolibrary.org/obo/HP_0012787,http://purl.obolibrary.org/obo/UBERON_0001008,https://purl.humanatlas.io/vocab/hp#characteristic_of_part_of,https://purl.humanatlas.io/vocab/hp
http://purl.obolibrary.org/obo/HP_0012787,http://purl.obolibrary.org/obo/UBERON_0002113,https://purl.humanatlas.io/vocab/hp#occurs_in,https://purl.humanatlas.io/vocab/hp
http://purl.obolibrary.org/obo/HP_0012787,http://purl.obolibrary.org/obo/UBERON_0002113,https://purl.humanatlas.io/vocab/hp#characteristic_of,https://purl.humanatlas.io/vocab/hp
http://purl.obolibrary.org/obo/HP_0012787,http://purl.obolibrary.org/obo/UBERON_0002113,https://purl.humanatlas.io/vocab/hp#characteristic_of_part_of,https://purl.humanatlas.io/vocab/hp
http://purl.obolibrary.org/obo/HP_0012787,http://purl.obolibrary.org/obo/UBERON_0011143,https://purl.humanatlas.io/vocab/hp#characteristic_of_part_of,https://purl.humanatlas.io/vocab/hp
http://purl.obolibrary.org/obo/HP_0012853,http://purl.obolibrary.org/obo/UBERON_0001556,https://purl.humanatlas.io/vocab/hp#characteristic_of_part_of,https://purl.humanatlas.io/vocab/hp
http://purl.obolibrary.org/obo/HP_0012853,http://purl.obolibrary.org/obo/UBERON_0001008,https://purl.humanatlas.io/vocab/hp#characteristic_of_part_of,https://purl.humanatlas.io/vocab/hp
http://purl.obolibrary.org/obo/HP_0012854,http://purl.obolibrary.org/obo/UBERON_0001556,https://purl.humanatlas.io/vocab/hp#characteristic_of_part_of,https://purl.humanatlas.io/vocab/hp
http://purl.obolibrary.org/obo/HP_0012854,http://purl.obolibrary.org/obo/UBERON_0001008,https://purl.humanatlas.io/vocab/hp#characteristic_of_part_of,https://purl.humanatlas.io/vocab/hp
http://purl.obolibrary.org/obo/HP_0020074,http://purl.obolibrary.org/obo/UBERON_0001008,https://purl.humanatlas.io/vocab/hp#characteristic_of,https://purl.humanatlas.io/vocab/hp
http://purl.obolibrary.org/obo/HP_0020074,http://purl.obolibrary.org/obo/UBERON_0001008,https://purl.humanatlas.io/vocab/hp#characteristic_of_part_of,https://purl.humanatlas.io/vocab/hp
http://purl.obolibrary.org/obo/HP_0020075,http://purl.obolibrary.org/obo/UBERON_0001008,https://purl.humanatlas.io/vocab/hp#characteristic_of,https://purl.humanatlas.io/vocab/hp
http://purl.obolibrary.org/obo/HP_0020075,http://purl.obolibrary.org/obo/UBERON_0001008,https://purl.humanatlas.io/vocab/hp#characteristic_of_part_of,https://purl.humanatlas.io/vocab/hp
http://purl.obolibrary.org/obo/HP_0020077,http://purl.obolibrary.org/obo/UBERON_0001008,https://purl.humanatlas.io/vocab/hp#characteristic_of,https://purl.humanatlas.io/vocab/hp
http://purl.obolibrary.org/obo/HP_0020077,http://purl.obolibrary.org/obo/UBERON_0001008,https://purl.humanatlas.io/vocab/hp#characteristic_of_part_of,https://purl.humanatlas.io/vocab/hp
http://purl.obolibrary.org/obo/HP_0020078,http://purl.obolibrary.org/obo/UBERON_0001008,https://purl.humanatlas.io/vocab/hp#characteristic_of,https://purl.humanatlas.io/vocab/hp
http://purl.obolibrary.org/obo/HP_0020078,http://purl.obolibrary.org/obo/UBERON_0001008,https://purl.humanatlas.io/vocab/hp#characteristic_of_part_of,https://purl.humanatlas.io/vocab/hp
http://purl.obolibrary.org/obo/HP_0020079,http://purl.obolibrary.org/obo/UBERON_0001008,https://purl.humanatlas.io/vocab/hp#characteristic_of,https://purl.humanatlas.io/vocab/hp
http://purl.obolibrary.org/obo/HP_0020079,http://purl.obolibrary.org/obo/UBERON_0001008,https://purl.humanatlas.io/vocab/hp#characteristic_of_part_of,https://purl.humanatlas.io/vocab/hp
http://purl.obolibrary.org/obo/HP_0020129,http://purl.obolibrary.org/obo/UBERON_0001008,https://purl.humanatlas.io/vocab/hp#characteristic_of,https://purl.humanatlas.io/vocab/hp
http://purl.obolibrary.org/obo/HP_0020129,http://purl.obolibrary.org/obo/UBERON_0001008,https://purl.humanatlas.io/vocab/hp#characteristic_of_part_of,https://purl.humanatlas.io/vocab/hp
http://purl.obolibrary.org/obo/HP_0020130,http://purl.obolibrary.org/obo/UBERON_0001008,https://purl.humanatlas.io/vocab/hp#characteristic_of,https://purl.humanatlas.io/vocab/hp
http://purl.obolibrary.org/obo/HP_0020130,http://purl.obolibrary.org/obo/UBERON_0001008,https://purl.humanatlas.io/vocab/hp#characteristic_of_part_of,https://purl.humanatlas.io/vocab/hp
http://purl.obolibrary.org/obo/HP_0020131,http://purl.obolibrary.org/obo/UBERON_0001231,https://purl.humanatlas.io/vocab/hp#characteristic_of_part_of,https://purl.humanatlas.io/vocab/hp
http://purl.obolibrary.org/obo/HP_0020131,http://purl.obolibrary.org/obo/UBERON_0001285,https://purl.humanatlas.io/vocab/hp#characteristic_of_part_of,https://purl.humanatlas.io/vocab/hp
http://purl.obolibrary.org/obo/HP_0020131,http://purl.obolibrary.org/obo/UBERON_0002113,https://purl.humanatlas.io/vocab/hp#characteristic_of_part_of,https://purl.humanatlas.io/vocab/hp
http://purl.obolibrary.org/obo/HP_0020131,http://purl.obolibrary.org/obo/UBERON_0011143,https://purl.humanatlas.io/vocab/hp#characteristic_of_part_of,https://purl.humanatlas.io/vocab/hp
http://purl.obolibrary.org/obo/HP_0020131,http://purl.obolibrary.org/obo/UBERON_0001008,https://purl.humanatlas.io/vocab/hp#characteristic_of_part_of,https://purl.humanatlas.io/vocab/hp
http://purl.obolibrary.org/obo/HP_0020132,http://purl.obolibrary.org/obo/UBERON_0001231,https://purl.humanatlas.io/vocab/hp#characteristic_of_part_of,https://purl.humanatlas.io/vocab/hp
http://purl.obolibrary.org/obo/HP_0020132,http://purl.obolibrary.org/obo/UBERON_0001285,https://purl.humanatlas.io/vocab/hp#characteristic_of_part_of,https://purl.humanatlas.io/vocab/hp
http://purl.obolibrary.org/obo/HP_0020132,http://purl.obolibrary.org/obo/UBERON_0002113,https://purl.humanatlas.io/vocab/hp#characteristic_of_part_of,https://purl.humanatlas.io/vocab/hp
http://purl.obolibrary.org/obo/HP_0020132,http://purl.obolibrary.org/obo/UBERON_0011143,https://purl.humanatlas.io/vocab/hp#characteristic_of_part_of,https://purl.humanatlas.io/vocab/hp
http://purl.obolibrary.org/obo/HP_0020132,http://purl.obolibrary.org/obo/UBERON_0001008,https://purl.humanatlas.io/vocab/hp#characteristic_of_part_of,https://purl.humanatlas.io/vocab/hp
http://purl.obolibrary.org/obo/HP_0020133,http://purl.obolibrary.org/obo/UBERON_0001225,https://purl.humanatlas.io/vocab/hp#characteristic_of,https://purl.humanatlas.io/vocab/hp
http://purl.obolibrary.org/obo/HP_0020133,http://purl.obolibrary.org/obo/UBERON_0002113,https://purl.humanatlas.io/vocab/hp#characteristic_of_part_of,https://purl.humanatlas.io/vocab/hp
http://purl.obolibrary.org/obo/HP_0020133,http://purl.obolibrary.org/obo/UBERON_0011143,https://purl.humanatlas.io/vocab/hp#characteristic_of_part_of,https://purl.humanatlas.io/vocab/hp
http://purl.obolibrary.org/obo/HP_0020133,http://purl.obolibrary.org/obo/UBERON_0001008,https://purl.humanatlas.io/vocab/hp#characteristic_of_part_of,https://purl.humanatlas.io/vocab/hp
http://purl.obolibrary.org/obo/HP_0020133,http://purl.obolibrary.org/obo/UBERON_0001285,https://purl.humanatlas.io/vocab/hp#characteristic_of_part_of,https://purl.humanatlas.io/vocab/hp
http://purl.obolibrary.org/obo/HP_0020134,http://purl.obolibrary.org/obo/UBERON_0001008,https://purl.humanatlas.io/vocab/hp#characteristic_of,https://purl.humanatlas.io/vocab/hp
http://purl.obolibrary.org/obo/HP_0020134,http://purl.obolibrary.org/obo/UBERON_0001008,https://purl.humanatlas.io/vocab/hp#characteristic_of_part_of,https://purl.humanatlas.io/vocab/hp
http://purl.obolibrary.org/obo/HP_0020144,http://purl.obolibrary.org/obo/UBERON_0001008,https://purl.humanatlas.io/vocab/hp#characteristic_of,https://purl.humanatlas.io/vocab/hp
http://purl.obolibrary.org/obo/HP_0020144,http://purl.obolibrary.org/obo/UBERON_0001008,https://purl.humanatlas.io/vocab/hp#characteristic_of_part_of,https://purl.humanatlas.io/vocab/hp
http://purl.obolibrary.org/obo/HP_0020145,http://purl.obolibrary.org/obo/UBERON_0001008,https://purl.humanatlas.io/vocab/hp#characteristic_of,https://purl.humanatlas.io/vocab/hp
http://purl.obolibrary.org/obo/HP_0020145,http://purl.obolibrary.org/obo/UBERON_0001008,https://purl.humanatlas.io/vocab/hp#characteristic_of_part_of,https://purl.humanatlas.io/vocab/hp
http://purl.obolibrary.org/obo/HP_0020146,http://purl.obolibrary.org/obo/UBERON_0001008,https://purl.humanatlas.io/vocab/hp#characteristic_of,https://purl.humanatlas.io/vocab/hp
http://purl.obolibrary.org/obo/HP_0020146,http://purl.obolibrary.org/obo/UBERON_0001008,https://purl.humanatlas.io/vocab/hp#characteristic_of_part_of,https://purl.humanatlas.io/vocab/hp
http://purl.obolibrary.org/obo/HP_0020147,http://purl.obolibrary.org/obo/UBERON_0001008,https://purl.humanatlas.io/vocab/hp#characteristic_of,https://purl.humanatlas.io/vocab/hp
http://purl.obolibrary.org/obo/HP_0020147,http://purl.obolibrary.org/obo/UBERON_0001008,https://purl.humanatlas.io/vocab/hp#characteristic_of_part_of,https://purl.humanatlas.io/vocab/hp
http://purl.obolibrary.org/obo/HP_0020150,http://purl.obolibrary.org/obo/UBERON_0001008,https://purl.humanatlas.io/vocab/hp#characteristic_of,https://purl.humanatlas.io/vocab/hp
http://purl.obolibrary.org/obo/HP_0020150,http://purl.obolibrary.org/obo/UBERON_0001008,https://purl.humanatlas.io/vocab/hp#characteristic_of_part_of,https://purl.humanatlas.io/vocab/hp
http://purl.obolibrary.org/obo/HP_0020176,http://purl.obolibrary.org/obo/UBERON_0001008,https://purl.humanatlas.io/vocab/hp#characteristic_of,https://purl.humanatlas.io/vocab/hp
http://purl.obolibrary.org/obo/HP_0020176,http://purl.obolibrary.org/obo/UBERON_0001008,https://purl.humanatlas.io/vocab/hp#characteristic_of_part_of,https://purl.humanatlas.io/vocab/hp
http://purl.obolibrary.org/obo/HP_0020204,http://purl.obolibrary.org/obo/UBERON_0001231,https://purl.humanatlas.io/vocab/hp#characteristic_of_part_of,https://purl.humanatlas.io/vocab/hp
http://purl.obolibrary.org/obo/HP_0020204,http://purl.obolibrary.org/obo/UBERON_0001285,https://purl.humanatlas.io/vocab/hp#characteristic_of_part_of,https://purl.humanatlas.io/vocab/hp
http://purl.obolibrary.org/obo/HP_0020204,http://purl.obolibrary.org/obo/UBERON_0002113,https://purl.humanatlas.io/vocab/hp#characteristic_of_part_of,https://purl.humanatlas.io/vocab/hp
http://purl.obolibrary.org/obo/HP_0020204,http://purl.obolibrary.org/obo/UBERON_0011143,https://purl.humanatlas.io/vocab/hp#characteristic_of_part_of,https://purl.humanatlas.io/vocab/hp
http://purl.obolibrary.org/obo/HP_0020204,http://purl.obolibrary.org/obo/UBERON_0001008,https://purl.humanatlas.io/vocab/hp#characteristic_of_part_of,https://purl.humanatlas.io/vocab/hp
http://purl.obolibrary.org/obo/HP_0020205,http://purl.obolibrary.org/obo/UBERON_0001231,https://purl.humanatlas.io/vocab/hp#characteristic_of_part_of,https://purl.humanatlas.io/vocab/hp
http://purl.obolibrary.org/obo/HP_0020205,http://purl.obolibrary.org/obo/UBERON_0001285,https://purl.humanatlas.io/vocab/hp#characteristic_of_part_of,https://purl.humanatlas.io/vocab/hp
http://purl.obolibrary.org/obo/HP_0020205,http://purl.obolibrary.org/obo/UBERON_0002113,https://purl.humanatlas.io/vocab/hp#characteristic_of_part_of,https://purl.humanatlas.io/vocab/hp
http://purl.obolibrary.org/obo/HP_0020205,http://purl.obolibrary.org/obo/UBERON_0011143,https://purl.humanatlas.io/vocab/hp#characteristic_of_part_of,https://purl.humanatlas.io/vocab/hp
http://purl.obolibrary.org/obo/HP_0020205,http://purl.obolibrary.org/obo/UBERON_0001008,https://purl.humanatlas.io/vocab/hp#characteristic_of_part_of,https://purl.humanatlas.io/vocab/hp
http://purl.obolibrary.org/obo/HP_0025005,http://purl.obolibrary.org/obo/UBERON_0000074,https://purl.humanatlas.io/vocab/hp#characteristic_of_part_of,https://purl.humanatlas.io/vocab/hp
http://purl.obolibrary.org/obo/HP_0025005,http://purl.obolibrary.org/obo/UBERON_0001225,https://purl.humanatlas.io/vocab/hp#characteristic_of,https://purl.humanatlas.io/vocab/hp
http://purl.obolibrary.org/obo/HP_0025005,http://purl.obolibrary.org/obo/UBERON_0002113,https://purl.humanatlas.io/vocab/hp#characteristic_of_part_of,https://purl.humanatlas.io/vocab/hp
http://purl.obolibrary.org/obo/HP_0025005,http://purl.obolibrary.org/obo/UBERON_0011143,https://purl.humanatlas.io/vocab/hp#characteristic_of_part_of,https://purl.humanatlas.io/vocab/hp
http://purl.obolibrary.org/obo/HP_0025005,http://purl.obolibrary.org/obo/UBERON_0001008,https://purl.humanatlas.io/vocab/hp#characteristic_of_part_of,https://purl.humanatlas.io/vocab/hp
http://purl.obolibrary.org/obo/HP_0025005,http://purl.obolibrary.org/obo/UBERON_0001285,https://purl.humanatlas.io/vocab/hp#characteristic_of_part_of,https://purl.humanatlas.io/vocab/hp
http://purl.obolibrary.org/obo/HP_0025006,http://purl.obolibrary.org/obo/UBERON_0000074,https://purl.humanatlas.io/vocab/hp#characteristic_of_part_of,https://purl.humanatlas.io/vocab/hp
http://purl.obolibrary.org/obo/HP_0025006,http://purl.obolibrary.org/obo/UBERON_0001225,https://purl.humanatlas.io/vocab/hp#characteristic_of,https://purl.humanatlas.io/vocab/hp
http://purl.obolibrary.org/obo/HP_0025006,http://purl.obolibrary.org/obo/UBERON_0002113,https://purl.humanatlas.io/vocab/hp#characteristic_of_part_of,https://purl.humanatlas.io/vocab/hp
http://purl.obolibrary.org/obo/HP_0025006,http://purl.obolibrary.org/obo/UBERON_0011143,https://purl.humanatlas.io/vocab/hp#characteristic_of_part_of,https://purl.humanatlas.io/vocab/hp
http://purl.obolibrary.org/obo/HP_0025006,http://purl.obolibrary.org/obo/UBERON_0001008,https://purl.humanatlas.io/vocab/hp#characteristic_of_part_of,https://purl.humanatlas.io/vocab/hp
http://purl.obolibrary.org/obo/HP_0025006,http://purl.obolibrary.org/obo/UBERON_0001285,https://purl.humanatlas.io/vocab/hp#characteristic_of_part_of,https://purl.humanatlas.io/vocab/hp
http://purl.obolibrary.org/obo/HP_0025157,http://purl.obolibrary.org/obo/UBERON_0001008,https://purl.humanatlas.io/vocab/hp#characteristic_of,https://purl.humanatlas.io/vocab/hp
http://purl.obolibrary.org/obo/HP_0025157,http://purl.obolibrary.org/obo/UBERON_0001008,https://purl.humanatlas.io/vocab/hp#characteristic_of_part_of,https://purl.humanatlas.io/vocab/hp
http://purl.obolibrary.org/obo/HP_0025327,http://purl.obolibrary.org/obo/UBERON_0002113,https://purl.humanatlas.io/vocab/hp#characteristic_of_part_of,https://purl.humanatlas.io/vocab/hp
http://purl.obolibrary.org/obo/HP_0025327,http://purl.obolibrary.org/obo/UBERON_0011143,https://purl.humanatlas.io/vocab/hp#characteristic_of_part_of,https://purl.humanatlas.io/vocab/hp
http://purl.obolibrary.org/obo/HP_0025327,http://purl.obolibrary.org/obo/UBERON_0001008,https://purl.humanatlas.io/vocab/hp#characteristic_of_part_of,https://purl.humanatlas.io/vocab/hp
http://purl.obolibrary.org/obo/HP_0025359,http://purl.obolibrary.org/obo/UBERON_0002113,https://purl.humanatlas.io/vocab/hp#characteristic_of_part_of,https://purl.humanatlas.io/vocab/hp
http://purl.obolibrary.org/obo/HP_0025359,http://purl.obolibrary.org/obo/UBERON_0011143,https://purl.humanatlas.io/vocab/hp#characteristic_of_part_of,https://purl.humanatlas.io/vocab/hp
http://purl.obolibrary.org/obo/HP_0025359,http://purl.obolibrary.org/obo/UBERON_0001008,https://purl.humanatlas.io/vocab/hp#characteristic_of_part_of,https://purl.humanatlas.io/vocab/hp
http://purl.obolibrary.org/obo/HP_0025360,http://purl.obolibrary.org/obo/UBERON_0002113,https://purl.humanatlas.io/vocab/hp#characteristic_of_part_of,https://purl.humanatlas.io/vocab/hp
http://purl.obolibrary.org/obo/HP_0025360,http://purl.obolibrary.org/obo/UBERON_0011143,https://purl.humanatlas.io/vocab/hp#characteristic_of_part_of,https://purl.humanatlas.io/vocab/hp
http://purl.obolibrary.org/obo/HP_0025360,http://purl.obolibrary.org/obo/UBERON_0001008,https://purl.humanatlas.io/vocab/hp#characteristic_of_part_of,https://purl.humanatlas.io/vocab/hp
http://purl.obolibrary.org/obo/HP_0025361,http://purl.obolibrary.org/obo/UBERON_0000362,https://purl.humanatlas.io/vocab/hp#characteristic_of,https://purl.humanatlas.io/vocab/hp
http://purl.obolibrary.org/obo/HP_0025361,http://purl.obolibrary.org/obo/UBERON_0002113,https://purl.humanatlas.io/vocab/hp#characteristic_of_part_of,https://purl.humanatlas.io/vocab/hp
http://purl.obolibrary.org/obo/HP_0025361,http://purl.obolibrary.org/obo/UBERON_0011143,https://purl.humanatlas.io/vocab/hp#characteristic_of_part_of,https://purl.humanatlas.io/vocab/hp
http://purl.obolibrary.org/obo/HP_0025361,http://purl.obolibrary.org/obo/UBERON_0001008,https://purl.humanatlas.io/vocab/hp#characteristic_of_part_of,https://purl.humanatlas.io/vocab/hp
http://purl.obolibrary.org/obo/HP_0025362,http://purl.obolibrary.org/obo/UBERON_0000362,https://purl.humanatlas.io/vocab/hp#characteristic_of,https://purl.humanatlas.io/vocab/hp
http://purl.obolibrary.org/obo/HP_0025362,http://purl.obolibrary.org/obo/UBERON_0002113,https://purl.humanatlas.io/vocab/hp#characteristic_of_part_of,https://purl.humanatlas.io/vocab/hp
http://purl.obolibrary.org/obo/HP_0025362,http://purl.obolibrary.org/obo/UBERON_0011143,https://purl.humanatlas.io/vocab/hp#characteristic_of_part_of,https://purl.humanatlas.io/vocab/hp
http://purl.obolibrary.org/obo/HP_0025362,http://purl.obolibrary.org/obo/UBERON_0001008,https://purl.humanatlas.io/vocab/hp#characteristic_of_part_of,https://purl.humanatlas.io/vocab/hp
http://purl.obolibrary.org/obo/HP_0025363,http://purl.obolibrary.org/obo/UBERON_0000074,https://purl.humanatlas.io/vocab/hp#characteristic_of_part_of,https://purl.humanatlas.io/vocab/hp
http://purl.obolibrary.org/obo/HP_0025363,http://purl.obolibrary.org/obo/UBERON_0001225,https://purl.humanatlas.io/vocab/hp#characteristic_of,https://purl.humanatlas.io/vocab/hp
http://purl.obolibrary.org/obo/HP_0025363,http://purl.obolibrary.org/obo/UBERON_0002113,https://purl.humanatlas.io/vocab/hp#characteristic_of_part_of,https://purl.humanatlas.io/vocab/hp
http://purl.obolibrary.org/obo/HP_0025363,http://purl.obolibrary.org/obo/UBERON_0011143,https://purl.humanatlas.io/vocab/hp#characteristic_of_part_of,https://purl.humanatlas.io/vocab/hp
http://purl.obolibrary.org/obo/HP_0025363,http://purl.obolibrary.org/obo/UBERON_0001008,https://purl.humanatlas.io/vocab/hp#characteristic_of_part_of,https://purl.humanatlas.io/vocab/hp
http://purl.obolibrary.org/obo/HP_0025363,http://purl.obolibrary.org/obo/UBERON_0001285,https://purl.humanatlas.io/vocab/hp#characteristic_of_part_of,https://purl.humanatlas.io/vocab/hp
http://purl.obolibrary.org/obo/HP_0025364,http://purl.obolibrary.org/obo/UBERON_0000074,https://purl.humanatlas.io/vocab/hp#characteristic_of_part_of,https://purl.humanatlas.io/vocab/hp
http://purl.obolibrary.org/obo/HP_0025364,http://purl.obolibrary.org/obo/UBERON_0001225,https://purl.humanatlas.io/vocab/hp#characteristic_of,https://purl.humanatlas.io/vocab/hp
http://purl.obolibrary.org/obo/HP_0025364,http://purl.obolibrary.org/obo/UBERON_0002113,https://purl.humanatlas.io/vocab/hp#characteristic_of_part_of,https://purl.humanatlas.io/vocab/hp
http://purl.obolibrary.org/obo/HP_0025364,http://purl.obolibrary.org/obo/UBERON_0011143,https://purl.humanatlas.io/vocab/hp#characteristic_of_part_of,https://purl.humanatlas.io/vocab/hp
http://purl.obolibrary.org/obo/HP_0025364,http://purl.obolibrary.org/obo/UBERON_0001008,https://purl.humanatlas.io/vocab/hp#characteristic_of_part_of,https://purl.humanatlas.io/vocab/hp
http://purl.obolibrary.org/obo/HP_0025364,http://purl.obolibrary.org/obo/UBERON_0001285,https://purl.humanatlas.io/vocab/hp#characteristic_of_part_of,https://purl.humanatlas.io/vocab/hp
http://purl.obolibrary.org/obo/HP_0025376,http://purl.obolibrary.org/obo/UBERON_0001008,https://purl.humanatlas.io/vocab/hp#characteristic_of,https://purl.humanatlas.io/vocab/hp
http://purl.obolibrary.org/obo/HP_0025376,http://purl.obolibrary.org/obo/UBERON_0001008,https://purl.humanatlas.io/vocab/hp#characteristic_of_part_of,https://purl.humanatlas.io/vocab/hp
http://purl.obolibrary.org/obo/HP_0025407,http://purl.obolibrary.org/obo/UBERON_0001556,https://purl.humanatlas.io/vocab/hp#characteristic_of_part_of,https://purl.humanatlas.io/vocab/hp
http://purl.obolibrary.org/obo/HP_0025407,http://purl.obolibrary.org/obo/UBERON_0001008,https://purl.humanatlas.io/vocab/hp#characteristic_of_part_of,https://purl.humanatlas.io/vocab/hp
http://purl.obolibrary.org/obo/HP_0025413,http://purl.obolibrary.org/obo/UBERON_0001556,https://purl.humanatlas.io/vocab/hp#characteristic_of_part_of,https://purl.humanatlas.io/vocab/hp
http://purl.obolibrary.org/obo/HP_0025413,http://purl.obolibrary.org/obo/UBERON_0001008,https://purl.humanatlas.io/vocab/hp#characteristic_of_part_of,https://purl.humanatlas.io/vocab/hp
http://purl.obolibrary.org/obo/HP_0025414,http://purl.obolibrary.org/obo/UBERON_0001556,https://purl.humanatlas.io/vocab/hp#characteristic_of_part_of,https://purl.humanatlas.io/vocab/hp
http://purl.obolibrary.org/obo/HP_0025414,http://purl.obolibrary.org/obo/UBERON_0001008,https://purl.humanatlas.io/vocab/hp#characteristic_of_part_of,https://purl.humanatlas.io/vocab/hp
http://purl.obolibrary.org/obo/HP_0025415,http://purl.obolibrary.org/obo/UBERON_0001556,https://purl.humanatlas.io/vocab/hp#characteristic_of_part_of,https://purl.humanatlas.io/vocab/hp
http://purl.obolibrary.org/obo/HP_0025415,http://purl.obolibrary.org/obo/UBERON_0001008,https://purl.humanatlas.io/vocab/hp#characteristic_of_part_of,https://purl.humanatlas.io/vocab/hp
http://purl.obolibrary.org/obo/HP_0025417,http://purl.obolibrary.org/obo/UBERON_0001556,https://purl.humanatlas.io/vocab/hp#characteristic_of_part_of,https://purl.humanatlas.io/vocab/hp
http://purl.obolibrary.org/obo/HP_0025417,http://purl.obolibrary.org/obo/UBERON_0001008,https://purl.humanatlas.io/vocab/hp#characteristic_of_part_of,https://purl.humanatlas.io/vocab/hp
http://purl.obolibrary.org/obo/HP_0025418,http://purl.obolibrary.org/obo/UBERON_0001225,https://purl.humanatlas.io/vocab/hp#characteristic_of,https://purl.humanatlas.io/vocab/hp
http://purl.obolibrary.org/obo/HP_0025418,http://purl.obolibrary.org/obo/UBERON_0002113,https://purl.humanatlas.io/vocab/hp#characteristic_of_part_of,https://purl.humanatlas.io/vocab/hp
http://purl.obolibrary.org/obo/HP_0025418,http://purl.obolibrary.org/obo/UBERON_0011143,https://purl.humanatlas.io/vocab/hp#characteristic_of_part_of,https://purl.humanatlas.io/vocab/hp
http://purl.obolibrary.org/obo/HP_0025418,http://purl.obolibrary.org/obo/UBERON_0001008,https://purl.humanatlas.io/vocab/hp#characteristic_of_part_of,https://purl.humanatlas.io/vocab/hp
http://purl.obolibrary.org/obo/HP_0025466,http://purl.obolibrary.org/obo/UBERON_0001008,https://purl.humanatlas.io/vocab/hp#characteristic_of,https://purl.humanatlas.io/vocab/hp
http://purl.obolibrary.org/obo/HP_0025466,http://purl.obolibrary.org/obo/UBERON_0001008,https://purl.humanatlas.io/vocab/hp#characteristic_of_part_of,https://purl.humanatlas.io/vocab/hp
http://purl.obolibrary.org/obo/HP_0025487,http://purl.obolibrary.org/obo/UBERON_0001255,https://purl.humanatlas.io/vocab/hp#characteristic_of,https://purl.humanatlas.io/vocab/hp
http://purl.obolibrary.org/obo/HP_0025487,http://purl.obolibrary.org/obo/UBERON_0001255,https://purl.humanatlas.io/vocab/hp#characteristic_of_part_of,https://purl.humanatlas.io/vocab/hp
http://purl.obolibrary.org/obo/HP_0025487,http://purl.obolibrary.org/obo/UBERON_0001556,https://purl.humanatlas.io/vocab/hp#characteristic_of_part_of,https://purl.humanatlas.io/vocab/hp
http://purl.obolibrary.org/obo/HP_0025487,http://purl.obolibrary.org/obo/UBERON_0001008,https://purl.humanatlas.io/vocab/hp#characteristic_of_part_of,https://purl.humanatlas.io/vocab/hp
http://purl.obolibrary.org/obo/HP_0025488,http://purl.obolibrary.org/obo/UBERON_0001255,https://purl.humanatlas.io/vocab/hp#characteristic_of,https://purl.humanatlas.io/vocab/hp
http://purl.obolibrary.org/obo/HP_0025488,http://purl.obolibrary.org/obo/UBERON_0001255,https://purl.humanatlas.io/vocab/hp#characteristic_of_part_of,https://purl.humanatlas.io/vocab/hp
http://purl.obolibrary.org/obo/HP_0025488,http://purl.obolibrary.org/obo/UBERON_0001556,https://purl.humanatlas.io/vocab/hp#characteristic_of_part_of,https://purl.humanatlas.io/vocab/hp
http://purl.obolibrary.org/obo/HP_0025488,http://purl.obolibrary.org/obo/UBERON_0001008,https://purl.humanatlas.io/vocab/hp#characteristic_of_part_of,https://purl.humanatlas.io/vocab/hp
http://purl.obolibrary.org/obo/HP_0025489,http://purl.obolibrary.org/obo/UBERON_0001255,https://purl.humanatlas.io/vocab/hp#characteristic_of,https://purl.humanatlas.io/vocab/hp
http://purl.obolibrary.org/obo/HP_0025489,http://purl.obolibrary.org/obo/UBERON_0001255,https://purl.humanatlas.io/vocab/hp#characteristic_of_part_of,https://purl.humanatlas.io/vocab/hp
http://purl.obolibrary.org/obo/HP_0025489,http://purl.obolibrary.org/obo/UBERON_0001556,https://purl.humanatlas.io/vocab/hp#characteristic_of_part_of,https://purl.humanatlas.io/vocab/hp
http://purl.obolibrary.org/obo/HP_0025489,http://purl.obolibrary.org/obo/UBERON_0001008,https://purl.humanatlas.io/vocab/hp#characteristic_of_part_of,https://purl.humanatlas.io/vocab/hp
http://purl.obolibrary.org/obo/HP_0025630,http://purl.obolibrary.org/obo/UBERON_0001008,https://purl.humanatlas.io/vocab/hp#characteristic_of,https://purl.humanatlas.io/vocab/hp
http://purl.obolibrary.org/obo/HP_0025630,http://purl.obolibrary.org/obo/UBERON_0001008,https://purl.humanatlas.io/vocab/hp#characteristic_of_part_of,https://purl.humanatlas.io/vocab/hp
http://purl.obolibrary.org/obo/HP_0025631,http://purl.obolibrary.org/obo/UBERON_0001008,https://purl.humanatlas.io/vocab/hp#characteristic_of,https://purl.humanatlas.io/vocab/hp
http://purl.obolibrary.org/obo/HP_0025631,http://purl.obolibrary.org/obo/UBERON_0001008,https://purl.humanatlas.io/vocab/hp#characteristic_of_part_of,https://purl.humanatlas.io/vocab/hp
http://purl.obolibrary.org/obo/HP_0025633,http://purl.obolibrary.org/obo/UBERON_0000056,https://purl.humanatlas.io/vocab/hp#characteristic_of_part_of,https://purl.humanatlas.io/vocab/hp
http://purl.obolibrary.org/obo/HP_0025633,http://purl.obolibrary.org/obo/UBERON_0011143,https://purl.humanatlas.io/vocab/hp#characteristic_of_part_of,https://purl.humanatlas.io/vocab/hp
http://purl.obolibrary.org/obo/HP_0025633,http://purl.obolibrary.org/obo/UBERON_0001008,https://purl.humanatlas.io/vocab/hp#characteristic_of_part_of,https://purl.humanatlas.io/vocab/hp
http://purl.obolibrary.org/obo/HP_0025634,http://purl.obolibrary.org/obo/UBERON_0000056,https://purl.humanatlas.io/vocab/hp#characteristic_of_part_of,https://purl.humanatlas.io/vocab/hp
http://purl.obolibrary.org/obo/HP_0025634,http://purl.obolibrary.org/obo/UBERON_0011143,https://purl.humanatlas.io/vocab/hp#characteristic_of_part_of,https://purl.humanatlas.io/vocab/hp
http://purl.obolibrary.org/obo/HP_0025634,http://purl.obolibrary.org/obo/UBERON_0001008,https://purl.humanatlas.io/vocab/hp#characteristic_of_part_of,https://purl.humanatlas.io/vocab/hp
http://purl.obolibrary.org/obo/HP_0025635,http://purl.obolibrary.org/obo/UBERON_0000056,https://purl.humanatlas.io/vocab/hp#characteristic_of_part_of,https://purl.humanatlas.io/vocab/hp
http://purl.obolibrary.org/obo/HP_0025635,http://purl.obolibrary.org/obo/UBERON_0011143,https://purl.humanatlas.io/vocab/hp#characteristic_of_part_of,https://purl.humanatlas.io/vocab/hp
http://purl.obolibrary.org/obo/HP_0025635,http://purl.obolibrary.org/obo/UBERON_0001008,https://purl.humanatlas.io/vocab/hp#characteristic_of_part_of,https://purl.humanatlas.io/vocab/hp
http://purl.obolibrary.org/obo/HP_0025638,http://purl.obolibrary.org/obo/UBERON_0001008,https://purl.humanatlas.io/vocab/hp#characteristic_of,https://purl.humanatlas.io/vocab/hp
http://purl.obolibrary.org/obo/HP_0025638,http://purl.obolibrary.org/obo/UBERON_0001008,https://purl.humanatlas.io/vocab/hp#characteristic_of_part_of,https://purl.humanatlas.io/vocab/hp
http://purl.obolibrary.org/obo/HP_0025639,http://purl.obolibrary.org/obo/UBERON_0001008,https://purl.humanatlas.io/vocab/hp#characteristic_of,https://purl.humanatlas.io/vocab/hp
http://purl.obolibrary.org/obo/HP_0025639,http://purl.obolibrary.org/obo/UBERON_0001008,https://purl.humanatlas.io/vocab/hp#characteristic_of_part_of,https://purl.humanatlas.io/vocab/hp
http://purl.obolibrary.org/obo/HP_0025640,http://purl.obolibrary.org/obo/UBERON_0001008,https://purl.humanatlas.io/vocab/hp#characteristic_of,https://purl.humanatlas.io/vocab/hp
http://purl.obolibrary.org/obo/HP_0025640,http://purl.obolibrary.org/obo/UBERON_0001008,https://purl.humanatlas.io/vocab/hp#characteristic_of_part_of,https://purl.humanatlas.io/vocab/hp
http://purl.obolibrary.org/obo/HP_0025647,http://purl.obolibrary.org/obo/UBERON_0002113,https://purl.humanatlas.io/vocab/hp#characteristic_of,https://purl.humanatlas.io/vocab/hp
http://purl.obolibrary.org/obo/HP_0025647,http://purl.obolibrary.org/obo/UBERON_0002113,https://purl.humanatlas.io/vocab/hp#characteristic_of_part_of,https://purl.humanatlas.io/vocab/hp
http://purl.obolibrary.org/obo/HP_0025647,http://purl.obolibrary.org/obo/UBERON_0011143,https://purl.humanatlas.io/vocab/hp#characteristic_of_part_of,https://purl.humanatlas.io/vocab/hp
http://purl.obolibrary.org/obo/HP_0025647,http://purl.obolibrary.org/obo/UBERON_0001008,https://purl.humanatlas.io/vocab/hp#characteristic_of_part_of,https://purl.humanatlas.io/vocab/hp
http://purl.obolibrary.org/obo/HP_0025647,http://purl.obolibrary.org/obo/UBERON_0001008,https://purl.humanatlas.io/vocab/hp#characteristic_of,https://purl.humanatlas.io/vocab/hp
http://purl.obolibrary.org/obo/HP_0025648,http://purl.obolibrary.org/obo/UBERON_0002113,https://purl.humanatlas.io/vocab/hp#characteristic_of,https://purl.humanatlas.io/vocab/hp
http://purl.obolibrary.org/obo/HP_0025648,http://purl.obolibrary.org/obo/UBERON_0002113,https://purl.humanatlas.io/vocab/hp#characteristic_of_part_of,https://purl.humanatlas.io/vocab/hp
http://purl.obolibrary.org/obo/HP_0025648,http://purl.obolibrary.org/obo/UBERON_0011143,https://purl.humanatlas.io/vocab/hp#characteristic_of_part_of,https://purl.humanatlas.io/vocab/hp
http://purl.obolibrary.org/obo/HP_0025648,http://purl.obolibrary.org/obo/UBERON_0001008,https://purl.humanatlas.io/vocab/hp#characteristic_of_part_of,https://purl.humanatlas.io/vocab/hp
http://purl.obolibrary.org/obo/HP_0025648,http://purl.obolibrary.org/obo/UBERON_0001008,https://purl.humanatlas.io/vocab/hp#characteristic_of,https://purl.humanatlas.io/vocab/hp
http://purl.obolibrary.org/obo/HP_0025649,http://purl.obolibrary.org/obo/UBERON_0002113,https://purl.humanatlas.io/vocab/hp#characteristic_of,https://purl.humanatlas.io/vocab/hp
http://purl.obolibrary.org/obo/HP_0025649,http://purl.obolibrary.org/obo/UBERON_0002113,https://purl.humanatlas.io/vocab/hp#characteristic_of_part_of,https://purl.humanatlas.io/vocab/hp
http://purl.obolibrary.org/obo/HP_0025649,http://purl.obolibrary.org/obo/UBERON_0011143,https://purl.humanatlas.io/vocab/hp#characteristic_of_part_of,https://purl.humanatlas.io/vocab/hp
http://purl.obolibrary.org/obo/HP_0025649,http://purl.obolibrary.org/obo/UBERON_0001008,https://purl.humanatlas.io/vocab/hp#characteristic_of_part_of,https://purl.humanatlas.io/vocab/hp
http://purl.obolibrary.org/obo/HP_0025649,http://purl.obolibrary.org/obo/UBERON_0001008,https://purl.humanatlas.io/vocab/hp#characteristic_of,https://purl.humanatlas.io/vocab/hp
http://purl.obolibrary.org/obo/HP_0025650,http://purl.obolibrary.org/obo/UBERON_0002113,https://purl.humanatlas.io/vocab/hp#characteristic_of,https://purl.humanatlas.io/vocab/hp
http://purl.obolibrary.org/obo/HP_0025650,http://purl.obolibrary.org/obo/UBERON_0002113,https://purl.humanatlas.io/vocab/hp#characteristic_of_part_of,https://purl.humanatlas.io/vocab/hp
http://purl.obolibrary.org/obo/HP_0025650,http://purl.obolibrary.org/obo/UBERON_0011143,https://purl.humanatlas.io/vocab/hp#characteristic_of_part_of,https://purl.humanatlas.io/vocab/hp
http://purl.obolibrary.org/obo/HP_0025650,http://purl.obolibrary.org/obo/UBERON_0001008,https://purl.humanatlas.io/vocab/hp#characteristic_of_part_of,https://purl.humanatlas.io/vocab/hp
http://purl.obolibrary.org/obo/HP_0025650,http://purl.obolibrary.org/obo/UBERON_0001008,https://purl.humanatlas.io/vocab/hp#characteristic_of,https://purl.humanatlas.io/vocab/hp
http://purl.obolibrary.org/obo/HP_0025734,http://purl.obolibrary.org/obo/UBERON_0001008,https://purl.humanatlas.io/vocab/hp#characteristic_of,https://purl.humanatlas.io/vocab/hp
http://purl.obolibrary.org/obo/HP_0025734,http://purl.obolibrary.org/obo/UBERON_0001008,https://purl.humanatlas.io/vocab/hp#characteristic_of_part_of,https://purl.humanatlas.io/vocab/hp
http://purl.obolibrary.org/obo/HP_0025742,http://purl.obolibrary.org/obo/UBERON_0001008,https://purl.humanatlas.io/vocab/hp#characteristic_of,https://purl.humanatlas.io/vocab/hp
http://purl.obolibrary.org/obo/HP_0025742,http://purl.obolibrary.org/obo/UBERON_0001008,https://purl.humanatlas.io/vocab/hp#characteristic_of_part_of,https://purl.humanatlas.io/vocab/hp
http://purl.obolibrary.org/obo/HP_0025743,http://purl.obolibrary.org/obo/UBERON_0001008,https://purl.humanatlas.io/vocab/hp#characteristic_of,https://purl.humanatlas.io/vocab/hp
http://purl.obolibrary.org/obo/HP_0025743,http://purl.obolibrary.org/obo/UBERON_0001008,https://purl.humanatlas.io/vocab/hp#characteristic_of_part_of,https://purl.humanatlas.io/vocab/hp
http://purl.obolibrary.org/obo/HP_0025744,http://purl.obolibrary.org/obo/UBERON_0001008,https://purl.humanatlas.io/vocab/hp#characteristic_of,https://purl.humanatlas.io/vocab/hp
http://purl.obolibrary.org/obo/HP_0025744,http://purl.obolibrary.org/obo/UBERON_0001008,https://purl.humanatlas.io/vocab/hp#characteristic_of_part_of,https://purl.humanatlas.io/vocab/hp
http://purl.obolibrary.org/obo/HP_0025745,http://purl.obolibrary.org/obo/UBERON_0001008,https://purl.humanatlas.io/vocab/hp#characteristic_of,https://purl.humanatlas.io/vocab/hp
http://purl.obolibrary.org/obo/HP_0025745,http://purl.obolibrary.org/obo/UBERON_0001008,https://purl.humanatlas.io/vocab/hp#characteristic_of_part_of,https://purl.humanatlas.io/vocab/hp
http://purl.obolibrary.org/obo/HP_0025746,http://purl.obolibrary.org/obo/UBERON_0001008,https://purl.humanatlas.io/vocab/hp#characteristic_of,https://purl.humanatlas.io/vocab/hp
http://purl.obolibrary.org/obo/HP_0025746,http://purl.obolibrary.org/obo/UBERON_0001008,https://purl.humanatlas.io/vocab/hp#characteristic_of_part_of,https://purl.humanatlas.io/vocab/hp
http://purl.obolibrary.org/obo/HP_0025753,http://purl.obolibrary.org/obo/UBERON_0001008,https://purl.humanatlas.io/vocab/hp#characteristic_of,https://purl.humanatlas.io/vocab/hp
http://purl.obolibrary.org/obo/HP_0025753,http://purl.obolibrary.org/obo/UBERON_0001008,https://purl.humanatlas.io/vocab/hp#characteristic_of_part_of,https://purl.humanatlas.io/vocab/hp
http://purl.obolibrary.org/obo/HP_0025763,http://purl.obolibrary.org/obo/UBERON_0001008,https://purl.humanatlas.io/vocab/hp#characteristic_of,https://purl.humanatlas.io/vocab/hp
http://purl.obolibrary.org/obo/HP_0025763,http://purl.obolibrary.org/obo/UBERON_0001008,https://purl.humanatlas.io/vocab/hp#characteristic_of_part_of,https://purl.humanatlas.io/vocab/hp
http://purl.obolibrary.org/obo/HP_0030034,http://purl.obolibrary.org/obo/UBERON_0000074,https://purl.humanatlas.io/vocab/hp#characteristic_of_part_of,https://purl.humanatlas.io/vocab/hp
http://purl.obolibrary.org/obo/HP_0030034,http://purl.obolibrary.org/obo/UBERON_0001225,https://purl.humanatlas.io/vocab/hp#characteristic_of,https://purl.humanatlas.io/vocab/hp
http://purl.obolibrary.org/obo/HP_0030034,http://purl.obolibrary.org/obo/UBERON_0002113,https://purl.humanatlas.io/vocab/hp#characteristic_of_part_of,https://purl.humanatlas.io/vocab/hp
http://purl.obolibrary.org/obo/HP_0030034,http://purl.obolibrary.org/obo/UBERON_0011143,https://purl.humanatlas.io/vocab/hp#characteristic_of_part_of,https://purl.humanatlas.io/vocab/hp
http://purl.obolibrary.org/obo/HP_0030034,http://purl.obolibrary.org/obo/UBERON_0001008,https://purl.humanatlas.io/vocab/hp#characteristic_of_part_of,https://purl.humanatlas.io/vocab/hp
http://purl.obolibrary.org/obo/HP_0030034,http://purl.obolibrary.org/obo/UBERON_0001285,https://purl.humanatlas.io/vocab/hp#characteristic_of_part_of,https://purl.humanatlas.io/vocab/hp
http://purl.obolibrary.org/obo/HP_0030035,http://purl.obolibrary.org/obo/UBERON_0002113,https://purl.humanatlas.io/vocab/hp#characteristic_of_part_of,https://purl.humanatlas.io/vocab/hp
http://purl.obolibrary.org/obo/HP_0030035,http://purl.obolibrary.org/obo/UBERON_0011143,https://purl.humanatlas.io/vocab/hp#characteristic_of_part_of,https://purl.humanatlas.io/vocab/hp
http://purl.obolibrary.org/obo/HP_0030035,http://purl.obolibrary.org/obo/UBERON_0001008,https://purl.humanatlas.io/vocab/hp#characteristic_of_part_of,https://purl.humanatlas.io/vocab/hp
http://purl.obolibrary.org/obo/HP_0030036,http://purl.obolibrary.org/obo/UBERON_0002113,https://purl.humanatlas.io/vocab/hp#characteristic_of,https://purl.humanatlas.io/vocab/hp
http://purl.obolibrary.org/obo/HP_0030036,http://purl.obolibrary.org/obo/UBERON_0002113,https://purl.humanatlas.io/vocab/hp#characteristic_of_part_of,https://purl.humanatlas.io/vocab/hp
http://purl.obolibrary.org/obo/HP_0030036,http://purl.obolibrary.org/obo/UBERON_0011143,https://purl.humanatlas.io/vocab/hp#characteristic_of_part_of,https://purl.humanatlas.io/vocab/hp
http://purl.obolibrary.org/obo/HP_0030036,http://purl.obolibrary.org/obo/UBERON_0001008,https://purl.humanatlas.io/vocab/hp#characteristic_of_part_of,https://purl.humanatlas.io/vocab/hp
http://purl.obolibrary.org/obo/HP_0030036,http://purl.obolibrary.org/obo/UBERON_0001008,https://purl.humanatlas.io/vocab/hp#characteristic_of,https://purl.humanatlas.io/vocab/hp
http://purl.obolibrary.org/obo/HP_0030037,http://purl.obolibrary.org/obo/UBERON_0000056,https://purl.humanatlas.io/vocab/hp#characteristic_of,https://purl.humanatlas.io/vocab/hp
http://purl.obolibrary.org/obo/HP_0030037,http://purl.obolibrary.org/obo/UBERON_0000056,https://purl.humanatlas.io/vocab/hp#towards,https://purl.humanatlas.io/vocab/hp
http://purl.obolibrary.org/obo/HP_0030037,http://purl.obolibrary.org/obo/UBERON_0000056,https://purl.humanatlas.io/vocab/hp#characteristic_of_part_of,https://purl.humanatlas.io/vocab/hp
http://purl.obolibrary.org/obo/HP_0030037,http://purl.obolibrary.org/obo/UBERON_0011143,https://purl.humanatlas.io/vocab/hp#characteristic_of_part_of,https://purl.humanatlas.io/vocab/hp
http://purl.obolibrary.org/obo/HP_0030037,http://purl.obolibrary.org/obo/UBERON_0001008,https://purl.humanatlas.io/vocab/hp#characteristic_of_part_of,https://purl.humanatlas.io/vocab/hp
http://purl.obolibrary.org/obo/HP_0030156,http://purl.obolibrary.org/obo/UBERON_0001008,https://purl.humanatlas.io/vocab/hp#characteristic_of,https://purl.humanatlas.io/vocab/hp
http://purl.obolibrary.org/obo/HP_0030156,http://purl.obolibrary.org/obo/UBERON_0001008,https://purl.humanatlas.io/vocab/hp#characteristic_of_part_of,https://purl.humanatlas.io/vocab/hp
http://purl.obolibrary.org/obo/HP_0030162,http://purl.obolibrary.org/obo/UBERON_0000074,https://purl.humanatlas.io/vocab/hp#characteristic_of,https://purl.humanatlas.io/vocab/hp
http://purl.obolibrary.org/obo/HP_0030162,http://purl.obolibrary.org/obo/UBERON_0000074,https://purl.humanatlas.io/vocab/hp#characteristic_of_part_of,https://purl.humanatlas.io/vocab/hp
http://purl.obolibrary.org/obo/HP_0030162,http://purl.obolibrary.org/obo/UBERON_0001225,https://purl.humanatlas.io/vocab/hp#characteristic_of,https://purl.humanatlas.io/vocab/hp
http://purl.obolibrary.org/obo/HP_0030162,http://purl.obolibrary.org/obo/UBERON_0002113,https://purl.humanatlas.io/vocab/hp#characteristic_of_part_of,https://purl.humanatlas.io/vocab/hp
http://purl.obolibrary.org/obo/HP_0030162,http://purl.obolibrary.org/obo/UBERON_0011143,https://purl.humanatlas.io/vocab/hp#characteristic_of_part_of,https://purl.humanatlas.io/vocab/hp
http://purl.obolibrary.org/obo/HP_0030162,http://purl.obolibrary.org/obo/UBERON_0001008,https://purl.humanatlas.io/vocab/hp#characteristic_of_part_of,https://purl.humanatlas.io/vocab/hp
http://purl.obolibrary.org/obo/HP_0030162,http://purl.obolibrary.org/obo/UBERON_0001285,https://purl.humanatlas.io/vocab/hp#characteristic_of_part_of,https://purl.humanatlas.io/vocab/hp
http://purl.obolibrary.org/obo/HP_0030171,http://purl.obolibrary.org/obo/UBERON_0002113,https://purl.humanatlas.io/vocab/hp#characteristic_of_part_of,https://purl.humanatlas.io/vocab/hp
http://purl.obolibrary.org/obo/HP_0030171,http://purl.obolibrary.org/obo/UBERON_0011143,https://purl.humanatlas.io/vocab/hp#characteristic_of_part_of,https://purl.humanatlas.io/vocab/hp
http://purl.obolibrary.org/obo/HP_0030171,http://purl.obolibrary.org/obo/UBERON_0001008,https://purl.humanatlas.io/vocab/hp#characteristic_of_part_of,https://purl.humanatlas.io/vocab/hp
http://purl.obolibrary.org/obo/HP_0030409,http://purl.obolibrary.org/obo/UBERON_0002113,https://purl.humanatlas.io/vocab/hp#characteristic_of_part_of,https://purl.humanatlas.io/vocab/hp
http://purl.obolibrary.org/obo/HP_0030409,http://purl.obolibrary.org/obo/UBERON_0011143,https://purl.humanatlas.io/vocab/hp#characteristic_of_part_of,https://purl.humanatlas.io/vocab/hp
http://purl.obolibrary.org/obo/HP_0030409,http://purl.obolibrary.org/obo/UBERON_0001008,https://purl.humanatlas.io/vocab/hp#characteristic_of_part_of,https://purl.humanatlas.io/vocab/hp
http://purl.obolibrary.org/obo/HP_0030723,http://purl.obolibrary.org/obo/UBERON_0001556,https://purl.humanatlas.io/vocab/hp#characteristic_of_part_of,https://purl.humanatlas.io/vocab/hp
http://purl.obolibrary.org/obo/HP_0030723,http://purl.obolibrary.org/obo/UBERON_0001008,https://purl.humanatlas.io/vocab/hp#characteristic_of_part_of,https://purl.humanatlas.io/vocab/hp
http://purl.obolibrary.org/obo/HP_0030733,http://purl.obolibrary.org/obo/UBERON_0001255,https://purl.humanatlas.io/vocab/hp#characteristic_of,https://purl.humanatlas.io/vocab/hp
http://purl.obolibrary.org/obo/HP_0030733,http://purl.obolibrary.org/obo/UBERON_0001255,https://purl.humanatlas.io/vocab/hp#characteristic_of_part_of,https://purl.humanatlas.io/vocab/hp
http://purl.obolibrary.org/obo/HP_0030733,http://purl.obolibrary.org/obo/UBERON_0001556,https://purl.humanatlas.io/vocab/hp#characteristic_of_part_of,https://purl.humanatlas.io/vocab/hp
http://purl.obolibrary.org/obo/HP_0030733,http://purl.obolibrary.org/obo/UBERON_0001008,https://purl.humanatlas.io/vocab/hp#characteristic_of_part_of,https://purl.humanatlas.io/vocab/hp
http://purl.obolibrary.org/obo/HP_0030735,http://purl.obolibrary.org/obo/UBERON_0000056,https://purl.humanatlas.io/vocab/hp#characteristic_of,https://purl.humanatlas.io/vocab/hp
http://purl.obolibrary.org/obo/HP_0030735,http://purl.obolibrary.org/obo/UBERON_0000056,https://purl.humanatlas.io/vocab/hp#characteristic_of_part_of,https://purl.humanatlas.io/vocab/hp
http://purl.obolibrary.org/obo/HP_0030735,http://purl.obolibrary.org/obo/UBERON_0011143,https://purl.humanatlas.io/vocab/hp#characteristic_of_part_of,https://purl.humanatlas.io/vocab/hp
http://purl.obolibrary.org/obo/HP_0030735,http://purl.obolibrary.org/obo/UBERON_0001008,https://purl.humanatlas.io/vocab/hp#characteristic_of_part_of,https://purl.humanatlas.io/vocab/hp
http://purl.obolibrary.org/obo/HP_0030754,http://purl.obolibrary.org/obo/UBERON_0001255,https://purl.humanatlas.io/vocab/hp#characteristic_of,https://purl.humanatlas.io/vocab/hp
http://purl.obolibrary.org/obo/HP_0030754,http://purl.obolibrary.org/obo/UBERON_0001255,https://purl.humanatlas.io/vocab/hp#characteristic_of_part_of,https://purl.humanatlas.io/vocab/hp
http://purl.obolibrary.org/obo/HP_0030754,http://purl.obolibrary.org/obo/UBERON_0001556,https://purl.humanatlas.io/vocab/hp#characteristic_of_part_of,https://purl.humanatlas.io/vocab/hp
http://purl.obolibrary.org/obo/HP_0030754,http://purl.obolibrary.org/obo/UBERON_0001008,https://purl.humanatlas.io/vocab/hp#characteristic_of_part_of,https://purl.humanatlas.io/vocab/hp
http://purl.obolibrary.org/obo/HP_0030760,http://purl.obolibrary.org/obo/UBERON_0002113,https://purl.humanatlas.io/vocab/hp#characteristic_of_part_of,https://purl.humanatlas.io/vocab/hp
http://purl.obolibrary.org/obo/HP_0030760,http://purl.obolibrary.org/obo/UBERON_0011143,https://purl.humanatlas.io/vocab/hp#characteristic_of_part_of,https://purl.humanatlas.io/vocab/hp
http://purl.obolibrary.org/obo/HP_0030760,http://purl.obolibrary.org/obo/UBERON_0001008,https://purl.humanatlas.io/vocab/hp#characteristic_of_part_of,https://purl.humanatlas.io/vocab/hp
http://purl.obolibrary.org/obo/HP_0030762,http://purl.obolibrary.org/obo/UBERON_0002319,https://purl.humanatlas.io/vocab/hp#characteristic_of_part_of,https://purl.humanatlas.io/vocab/hp
http://purl.obolibrary.org/obo/HP_0030762,http://purl.obolibrary.org/obo/UBERON_0000074,https://purl.humanatlas.io/vocab/hp#characteristic_of_part_of,https://purl.humanatlas.io/vocab/hp
http://purl.obolibrary.org/obo/HP_0030762,http://purl.obolibrary.org/obo/UBERON_0001225,https://purl.humanatlas.io/vocab/hp#characteristic_of,https://purl.humanatlas.io/vocab/hp
http://purl.obolibrary.org/obo/HP_0030762,http://purl.obolibrary.org/obo/UBERON_0002113,https://purl.humanatlas.io/vocab/hp#characteristic_of_part_of,https://purl.humanatlas.io/vocab/hp
http://purl.obolibrary.org/obo/HP_0030762,http://purl.obolibrary.org/obo/UBERON_0011143,https://purl.humanatlas.io/vocab/hp#characteristic_of_part_of,https://purl.humanatlas.io/vocab/hp
http://purl.obolibrary.org/obo/HP_0030762,http://purl.obolibrary.org/obo/UBERON_0001008,https://purl.humanatlas.io/vocab/hp#characteristic_of_part_of,https://purl.humanatlas.io/vocab/hp
http://purl.obolibrary.org/obo/HP_0030762,http://purl.obolibrary.org/obo/UBERON_0001285,https://purl.humanatlas.io/vocab/hp#characteristic_of_part_of,https://purl.humanatlas.io/vocab/hp
http://purl.obolibrary.org/obo/HP_0030949,http://purl.obolibrary.org/obo/UBERON_0000074,https://purl.humanatlas.io/vocab/hp#characteristic_of_part_of,https://purl.humanatlas.io/vocab/hp
http://purl.obolibrary.org/obo/HP_0030949,http://purl.obolibrary.org/obo/UBERON_0001225,https://purl.humanatlas.io/vocab/hp#characteristic_of,https://purl.humanatlas.io/vocab/hp
http://purl.obolibrary.org/obo/HP_0030949,http://purl.obolibrary.org/obo/UBERON_0002113,https://purl.humanatlas.io/vocab/hp#characteristic_of_part_of,https://purl.humanatlas.io/vocab/hp
http://purl.obolibrary.org/obo/HP_0030949,http://purl.obolibrary.org/obo/UBERON_0011143,https://purl.humanatlas.io/vocab/hp#characteristic_of_part_of,https://purl.humanatlas.io/vocab/hp
http://purl.obolibrary.org/obo/HP_0030949,http://purl.obolibrary.org/obo/UBERON_0001008,https://purl.humanatlas.io/vocab/hp#characteristic_of_part_of,https://purl.humanatlas.io/vocab/hp
http://purl.obolibrary.org/obo/HP_0030949,http://purl.obolibrary.org/obo/UBERON_0001285,https://purl.humanatlas.io/vocab/hp#characteristic_of_part_of,https://purl.humanatlas.io/vocab/hp
http://purl.obolibrary.org/obo/HP_0031033,http://purl.obolibrary.org/obo/UBERON_0002113,https://purl.humanatlas.io/vocab/hp#characteristic_of,https://purl.humanatlas.io/vocab/hp
http://purl.obolibrary.org/obo/HP_0031033,http://purl.obolibrary.org/obo/UBERON_0002113,https://purl.humanatlas.io/vocab/hp#characteristic_of_part_of,https://purl.humanatlas.io/vocab/hp
http://purl.obolibrary.org/obo/HP_0031033,http://purl.obolibrary.org/obo/UBERON_0011143,https://purl.humanatlas.io/vocab/hp#characteristic_of_part_of,https://purl.humanatlas.io/vocab/hp
http://purl.obolibrary.org/obo/HP_0031033,http://purl.obolibrary.org/obo/UBERON_0001008,https://purl.humanatlas.io/vocab/hp#characteristic_of_part_of,https://purl.humanatlas.io/vocab/hp
http://purl.obolibrary.org/obo/HP_0031033,http://purl.obolibrary.org/obo/UBERON_0001008,https://purl.humanatlas.io/vocab/hp#characteristic_of,https://purl.humanatlas.io/vocab/hp
http://purl.obolibrary.org/obo/HP_0031197,http://purl.obolibrary.org/obo/UBERON_0001008,https://purl.humanatlas.io/vocab/hp#characteristic_of,https://purl.humanatlas.io/vocab/hp
http://purl.obolibrary.org/obo/HP_0031197,http://purl.obolibrary.org/obo/UBERON_0001008,https://purl.humanatlas.io/vocab/hp#characteristic_of_part_of,https://purl.humanatlas.io/vocab/hp
http://purl.obolibrary.org/obo/HP_0031198,http://purl.obolibrary.org/obo/UBERON_0001008,https://purl.humanatlas.io/vocab/hp#characteristic_of,https://purl.humanatlas.io/vocab/hp
http://purl.obolibrary.org/obo/HP_0031198,http://purl.obolibrary.org/obo/UBERON_0001008,https://purl.humanatlas.io/vocab/hp#characteristic_of_part_of,https://purl.humanatlas.io/vocab/hp
http://purl.obolibrary.org/obo/HP_0031199,http://purl.obolibrary.org/obo/UBERON_0001008,https://purl.humanatlas.io/vocab/hp#characteristic_of,https://purl.humanatlas.io/vocab/hp
http://purl.obolibrary.org/obo/HP_0031199,http://purl.obolibrary.org/obo/UBERON_0001008,https://purl.humanatlas.io/vocab/hp#characteristic_of_part_of,https://purl.humanatlas.io/vocab/hp
http://purl.obolibrary.org/obo/HP_0031200,http://purl.obolibrary.org/obo/UBERON_0001008,https://purl.humanatlas.io/vocab/hp#characteristic_of,https://purl.humanatlas.io/vocab/hp
http://purl.obolibrary.org/obo/HP_0031200,http://purl.obolibrary.org/obo/UBERON_0001008,https://purl.humanatlas.io/vocab/hp#characteristic_of_part_of,https://purl.humanatlas.io/vocab/hp
http://purl.obolibrary.org/obo/HP_0031201,http://purl.obolibrary.org/obo/UBERON_0001008,https://purl.humanatlas.io/vocab/hp#characteristic_of,https://purl.humanatlas.io/vocab/hp
http://purl.obolibrary.org/obo/HP_0031201,http://purl.obolibrary.org/obo/UBERON_0001008,https://purl.humanatlas.io/vocab/hp#characteristic_of_part_of,https://purl.humanatlas.io/vocab/hp
http://purl.obolibrary.org/obo/HP_0031202,http://purl.obolibrary.org/obo/UBERON_0001008,https://purl.humanatlas.io/vocab/hp#characteristic_of,https://purl.humanatlas.io/vocab/hp
http://purl.obolibrary.org/obo/HP_0031202,http://purl.obolibrary.org/obo/UBERON_0001008,https://purl.humanatlas.io/vocab/hp#characteristic_of_part_of,https://purl.humanatlas.io/vocab/hp
http://purl.obolibrary.org/obo/HP_0031203,http://purl.obolibrary.org/obo/UBERON_0001008,https://purl.humanatlas.io/vocab/hp#characteristic_of,https://purl.humanatlas.io/vocab/hp
http://purl.obolibrary.org/obo/HP_0031203,http://purl.obolibrary.org/obo/UBERON_0001008,https://purl.humanatlas.io/vocab/hp#characteristic_of_part_of,https://purl.humanatlas.io/vocab/hp
http://purl.obolibrary.org/obo/HP_0031204,http://purl.obolibrary.org/obo/UBERON_0001008,https://purl.humanatlas.io/vocab/hp#characteristic_of,https://purl.humanatlas.io/vocab/hp
http://purl.obolibrary.org/obo/HP_0031204,http://purl.obolibrary.org/obo/UBERON_0001008,https://purl.humanatlas.io/vocab/hp#characteristic_of_part_of,https://purl.humanatlas.io/vocab/hp
http://purl.obolibrary.org/obo/HP_0031226,http://purl.obolibrary.org/obo/UBERON_0002113,https://purl.humanatlas.io/vocab/hp#characteristic_of_part_of,https://purl.humanatlas.io/vocab/hp
http://purl.obolibrary.org/obo/HP_0031226,http://purl.obolibrary.org/obo/UBERON_0011143,https://purl.humanatlas.io/vocab/hp#characteristic_of_part_of,https://purl.humanatlas.io/vocab/hp
http://purl.obolibrary.org/obo/HP_0031226,http://purl.obolibrary.org/obo/UBERON_0001008,https://purl.humanatlas.io/vocab/hp#characteristic_of_part_of,https://purl.humanatlas.io/vocab/hp
http://purl.obolibrary.org/obo/HP_0031261,http://purl.obolibrary.org/obo/UBERON_0001255,https://purl.humanatlas.io/vocab/hp#characteristic_of,https://purl.humanatlas.io/vocab/hp
http://purl.obolibrary.org/obo/HP_0031261,http://purl.obolibrary.org/obo/UBERON_0001255,https://purl.humanatlas.io/vocab/hp#characteristic_of_part_of,https://purl.humanatlas.io/vocab/hp
http://purl.obolibrary.org/obo/HP_0031261,http://purl.obolibrary.org/obo/UBERON_0001556,https://purl.humanatlas.io/vocab/hp#characteristic_of_part_of,https://purl.humanatlas.io/vocab/hp
http://purl.obolibrary.org/obo/HP_0031261,http://purl.obolibrary.org/obo/UBERON_0001008,https://purl.humanatlas.io/vocab/hp#characteristic_of_part_of,https://purl.humanatlas.io/vocab/hp
http://purl.obolibrary.org/obo/HP_0031263,http://purl.obolibrary.org/obo/UBERON_0001225,https://purl.humanatlas.io/vocab/hp#characteristic_of,https://purl.humanatlas.io/vocab/hp
http://purl.obolibrary.org/obo/HP_0031263,http://purl.obolibrary.org/obo/UBERON_0002113,https://purl.humanatlas.io/vocab/hp#characteristic_of_part_of,https://purl.humanatlas.io/vocab/hp
http://purl.obolibrary.org/obo/HP_0031263,http://purl.obolibrary.org/obo/UBERON_0011143,https://purl.humanatlas.io/vocab/hp#characteristic_of_part_of,https://purl.humanatlas.io/vocab/hp
http://purl.obolibrary.org/obo/HP_0031263,http://purl.obolibrary.org/obo/UBERON_0001008,https://purl.humanatlas.io/vocab/hp#characteristic_of_part_of,https://purl.humanatlas.io/vocab/hp
http://purl.obolibrary.org/obo/HP_0031263,http://purl.obolibrary.org/obo/UBERON_0001285,https://purl.humanatlas.io/vocab/hp#characteristic_of_part_of,https://purl.humanatlas.io/vocab/hp
http://purl.obolibrary.org/obo/HP_0031264,http://purl.obolibrary.org/obo/UBERON_0001225,https://purl.humanatlas.io/vocab/hp#characteristic_of,https://purl.humanatlas.io/vocab/hp
http://purl.obolibrary.org/obo/HP_0031264,http://purl.obolibrary.org/obo/UBERON_0002113,https://purl.humanatlas.io/vocab/hp#characteristic_of_part_of,https://purl.humanatlas.io/vocab/hp
http://purl.obolibrary.org/obo/HP_0031264,http://purl.obolibrary.org/obo/UBERON_0011143,https://purl.humanatlas.io/vocab/hp#characteristic_of_part_of,https://purl.humanatlas.io/vocab/hp
http://purl.obolibrary.org/obo/HP_0031264,http://purl.obolibrary.org/obo/UBERON_0001008,https://purl.humanatlas.io/vocab/hp#characteristic_of_part_of,https://purl.humanatlas.io/vocab/hp
http://purl.obolibrary.org/obo/HP_0031264,http://purl.obolibrary.org/obo/UBERON_0001285,https://purl.humanatlas.io/vocab/hp#characteristic_of_part_of,https://purl.humanatlas.io/vocab/hp
http://purl.obolibrary.org/obo/HP_0031265,http://purl.obolibrary.org/obo/UBERON_0001225,https://purl.humanatlas.io/vocab/hp#characteristic_of,https://purl.humanatlas.io/vocab/hp
http://purl.obolibrary.org/obo/HP_0031265,http://purl.obolibrary.org/obo/UBERON_0002113,https://purl.humanatlas.io/vocab/hp#characteristic_of_part_of,https://purl.humanatlas.io/vocab/hp
http://purl.obolibrary.org/obo/HP_0031265,http://purl.obolibrary.org/obo/UBERON_0011143,https://purl.humanatlas.io/vocab/hp#characteristic_of_part_of,https://purl.humanatlas.io/vocab/hp
http://purl.obolibrary.org/obo/HP_0031265,http://purl.obolibrary.org/obo/UBERON_0001008,https://purl.humanatlas.io/vocab/hp#characteristic_of_part_of,https://purl.humanatlas.io/vocab/hp
http://purl.obolibrary.org/obo/HP_0031265,http://purl.obolibrary.org/obo/UBERON_0001285,https://purl.humanatlas.io/vocab/hp#characteristic_of_part_of,https://purl.humanatlas.io/vocab/hp
http://purl.obolibrary.org/obo/HP_0031266,http://purl.obolibrary.org/obo/UBERON_0001225,https://purl.humanatlas.io/vocab/hp#characteristic_of,https://purl.humanatlas.io/vocab/hp
http://purl.obolibrary.org/obo/HP_0031266,http://purl.obolibrary.org/obo/UBERON_0002113,https://purl.humanatlas.io/vocab/hp#characteristic_of_part_of,https://purl.humanatlas.io/vocab/hp
http://purl.obolibrary.org/obo/HP_0031266,http://purl.obolibrary.org/obo/UBERON_0011143,https://purl.humanatlas.io/vocab/hp#characteristic_of_part_of,https://purl.humanatlas.io/vocab/hp
http://purl.obolibrary.org/obo/HP_0031266,http://purl.obolibrary.org/obo/UBERON_0001008,https://purl.humanatlas.io/vocab/hp#characteristic_of_part_of,https://purl.humanatlas.io/vocab/hp
http://purl.obolibrary.org/obo/HP_0031266,http://purl.obolibrary.org/obo/UBERON_0001285,https://purl.humanatlas.io/vocab/hp#characteristic_of_part_of,https://purl.humanatlas.io/vocab/hp
http://purl.obolibrary.org/obo/HP_0031504,http://purl.obolibrary.org/obo/UBERON_0001008,https://purl.humanatlas.io/vocab/hp#characteristic_of,https://purl.humanatlas.io/vocab/hp
http://purl.obolibrary.org/obo/HP_0031504,http://purl.obolibrary.org/obo/UBERON_0001008,https://purl.humanatlas.io/vocab/hp#characteristic_of_part_of,https://purl.humanatlas.io/vocab/hp
http://purl.obolibrary.org/obo/HP_0031684,http://purl.obolibrary.org/obo/UBERON_0002113,https://purl.humanatlas.io/vocab/hp#characteristic_of_part_of,https://purl.humanatlas.io/vocab/hp
http://purl.obolibrary.org/obo/HP_0031684,http://purl.obolibrary.org/obo/UBERON_0011143,https://purl.humanatlas.io/vocab/hp#characteristic_of_part_of,https://purl.humanatlas.io/vocab/hp
http://purl.obolibrary.org/obo/HP_0031684,http://purl.obolibrary.org/obo/UBERON_0001008,https://purl.humanatlas.io/vocab/hp#characteristic_of_part_of,https://purl.humanatlas.io/vocab/hp
http://purl.obolibrary.org/obo/HP_0031811,http://purl.obolibrary.org/obo/UBERON_0001008,https://purl.humanatlas.io/vocab/hp#characteristic_of,https://purl.humanatlas.io/vocab/hp
http://purl.obolibrary.org/obo/HP_0031811,http://purl.obolibrary.org/obo/UBERON_0001008,https://purl.humanatlas.io/vocab/hp#characteristic_of_part_of,https://purl.humanatlas.io/vocab/hp
http://purl.obolibrary.org/obo/HP_0031812,http://purl.obolibrary.org/obo/UBERON_0001008,https://purl.humanatlas.io/vocab/hp#characteristic_of,https://purl.humanatlas.io/vocab/hp
http://purl.obolibrary.org/obo/HP_0031812,http://purl.obolibrary.org/obo/UBERON_0001008,https://purl.humanatlas.io/vocab/hp#characteristic_of_part_of,https://purl.humanatlas.io/vocab/hp
http://purl.obolibrary.org/obo/HP_0031870,http://purl.obolibrary.org/obo/UBERON_0001008,https://purl.humanatlas.io/vocab/hp#characteristic_of,https://purl.humanatlas.io/vocab/hp
http://purl.obolibrary.org/obo/HP_0031870,http://purl.obolibrary.org/obo/UBERON_0001008,https://purl.humanatlas.io/vocab/hp#characteristic_of_part_of,https://purl.humanatlas.io/vocab/hp
http://purl.obolibrary.org/obo/HP_0031890,http://purl.obolibrary.org/obo/UBERON_0001008,https://purl.humanatlas.io/vocab/hp#characteristic_of,https://purl.humanatlas.io/vocab/hp
http://purl.obolibrary.org/obo/HP_0031890,http://purl.obolibrary.org/obo/UBERON_0001008,https://purl.humanatlas.io/vocab/hp#characteristic_of_part_of,https://purl.humanatlas.io/vocab/hp
http://purl.obolibrary.org/obo/HP_0031922,http://purl.obolibrary.org/obo/UBERON_0002113,https://purl.humanatlas.io/vocab/hp#characteristic_of_part_of,https://purl.humanatlas.io/vocab/hp
http://purl.obolibrary.org/obo/HP_0031922,http://purl.obolibrary.org/obo/UBERON_0011143,https://purl.humanatlas.io/vocab/hp#characteristic_of_part_of,https://purl.humanatlas.io/vocab/hp
http://purl.obolibrary.org/obo/HP_0031922,http://purl.obolibrary.org/obo/UBERON_0001008,https://purl.humanatlas.io/vocab/hp#characteristic_of_part_of,https://purl.humanatlas.io/vocab/hp
http://purl.obolibrary.org/obo/HP_0031946,http://purl.obolibrary.org/obo/UBERON_0001008,https://purl.humanatlas.io/vocab/hp#characteristic_of,https://purl.humanatlas.io/vocab/hp
http://purl.obolibrary.org/obo/HP_0031946,http://purl.obolibrary.org/obo/UBERON_0001008,https://purl.humanatlas.io/vocab/hp#characteristic_of_part_of,https://purl.humanatlas.io/vocab/hp
http://purl.obolibrary.org/obo/HP_0031967,http://purl.obolibrary.org/obo/UBERON_0001008,https://purl.humanatlas.io/vocab/hp#characteristic_of,https://purl.humanatlas.io/vocab/hp
http://purl.obolibrary.org/obo/HP_0031967,http://purl.obolibrary.org/obo/UBERON_0001008,https://purl.humanatlas.io/vocab/hp#characteristic_of_part_of,https://purl.humanatlas.io/vocab/hp
http://purl.obolibrary.org/obo/HP_0031979,http://purl.obolibrary.org/obo/UBERON_0001008,https://purl.humanatlas.io/vocab/hp#characteristic_of,https://purl.humanatlas.io/vocab/hp
http://purl.obolibrary.org/obo/HP_0031979,http://purl.obolibrary.org/obo/UBERON_0001008,https://purl.humanatlas.io/vocab/hp#characteristic_of_part_of,https://purl.humanatlas.io/vocab/hp
http://purl.obolibrary.org/obo/HP_0031980,http://purl.obolibrary.org/obo/UBERON_0001008,https://purl.humanatlas.io/vocab/hp#characteristic_of,https://purl.humanatlas.io/vocab/hp
http://purl.obolibrary.org/obo/HP_0031980,http://purl.obolibrary.org/obo/UBERON_0001008,https://purl.humanatlas.io/vocab/hp#characteristic_of_part_of,https://purl.humanatlas.io/vocab/hp
http://purl.obolibrary.org/obo/HP_0031981,http://purl.obolibrary.org/obo/UBERON_0001008,https://purl.humanatlas.io/vocab/hp#characteristic_of,https://purl.humanatlas.io/vocab/hp
http://purl.obolibrary.org/obo/HP_0031981,http://purl.obolibrary.org/obo/UBERON_0001008,https://purl.humanatlas.io/vocab/hp#characteristic_of_part_of,https://purl.humanatlas.io/vocab/hp
http://purl.obolibrary.org/obo/HP_0031991,http://purl.obolibrary.org/obo/UBERON_0001008,https://purl.humanatlas.io/vocab/hp#characteristic_of,https://purl.humanatlas.io/vocab/hp
http://purl.obolibrary.org/obo/HP_0031991,http://purl.obolibrary.org/obo/UBERON_0001008,https://purl.humanatlas.io/vocab/hp#characteristic_of_part_of,https://purl.humanatlas.io/vocab/hp
http://purl.obolibrary.org/obo/HP_0032001,http://purl.obolibrary.org/obo/UBERON_0001008,https://purl.humanatlas.io/vocab/hp#characteristic_of,https://purl.humanatlas.io/vocab/hp
http://purl.obolibrary.org/obo/HP_0032001,http://purl.obolibrary.org/obo/UBERON_0001008,https://purl.humanatlas.io/vocab/hp#characteristic_of_part_of,https://purl.humanatlas.io/vocab/hp
http://purl.obolibrary.org/obo/HP_0032002,http://purl.obolibrary.org/obo/UBERON_0001008,https://purl.humanatlas.io/vocab/hp#characteristic_of,https://purl.humanatlas.io/vocab/hp
http://purl.obolibrary.org/obo/HP_0032002,http://purl.obolibrary.org/obo/UBERON_0001008,https://purl.humanatlas.io/vocab/hp#characteristic_of_part_of,https://purl.humanatlas.io/vocab/hp
http://purl.obolibrary.org/obo/HP_0032003,http://purl.obolibrary.org/obo/UBERON_0001008,https://purl.humanatlas.io/vocab/hp#characteristic_of,https://purl.humanatlas.io/vocab/hp
http://purl.obolibrary.org/obo/HP_0032003,http://purl.obolibrary.org/obo/UBERON_0001008,https://purl.humanatlas.io/vocab/hp#characteristic_of_part_of,https://purl.humanatlas.io/vocab/hp
http://purl.obolibrary.org/obo/HP_0032020,http://purl.obolibrary.org/obo/UBERON_0001255,https://purl.humanatlas.io/vocab/hp#characteristic_of,https://purl.humanatlas.io/vocab/hp
http://purl.obolibrary.org/obo/HP_0032020,http://purl.obolibrary.org/obo/UBERON_0001255,https://purl.humanatlas.io/vocab/hp#characteristic_of_part_of,https://purl.humanatlas.io/vocab/hp
http://purl.obolibrary.org/obo/HP_0032020,http://purl.obolibrary.org/obo/UBERON_0001556,https://purl.humanatlas.io/vocab/hp#characteristic_of_part_of,https://purl.humanatlas.io/vocab/hp
http://purl.obolibrary.org/obo/HP_0032020,http://purl.obolibrary.org/obo/UBERON_0001008,https://purl.humanatlas.io/vocab/hp#characteristic_of_part_of,https://purl.humanatlas.io/vocab/hp
http://purl.obolibrary.org/obo/HP_0032068,http://purl.obolibrary.org/obo/UBERON_0001008,https://purl.humanatlas.io/vocab/hp#characteristic_of,https://purl.humanatlas.io/vocab/hp
http://purl.obolibrary.org/obo/HP_0032068,http://purl.obolibrary.org/obo/UBERON_0001008,https://purl.humanatlas.io/vocab/hp#characteristic_of_part_of,https://purl.humanatlas.io/vocab/hp
http://purl.obolibrary.org/obo/HP_0032077,http://purl.obolibrary.org/obo/UBERON_0001556,https://purl.humanatlas.io/vocab/hp#characteristic_of_part_of,https://purl.humanatlas.io/vocab/hp
http://purl.obolibrary.org/obo/HP_0032077,http://purl.obolibrary.org/obo/UBERON_0001008,https://purl.humanatlas.io/vocab/hp#characteristic_of_part_of,https://purl.humanatlas.io/vocab/hp
http://purl.obolibrary.org/obo/HP_0032208,http://purl.obolibrary.org/obo/UBERON_0001008,https://purl.humanatlas.io/vocab/hp#characteristic_of,https://purl.humanatlas.io/vocab/hp
http://purl.obolibrary.org/obo/HP_0032208,http://purl.obolibrary.org/obo/UBERON_0001008,https://purl.humanatlas.io/vocab/hp#characteristic_of_part_of,https://purl.humanatlas.io/vocab/hp
http://purl.obolibrary.org/obo/HP_0032211,http://purl.obolibrary.org/obo/UBERON_0001008,https://purl.humanatlas.io/vocab/hp#characteristic_of,https://purl.humanatlas.io/vocab/hp
http://purl.obolibrary.org/obo/HP_0032211,http://purl.obolibrary.org/obo/UBERON_0001008,https://purl.humanatlas.io/vocab/hp#characteristic_of_part_of,https://purl.humanatlas.io/vocab/hp
http://purl.obolibrary.org/obo/HP_0032212,http://purl.obolibrary.org/obo/UBERON_0001008,https://purl.humanatlas.io/vocab/hp#characteristic_of,https://purl.humanatlas.io/vocab/hp
http://purl.obolibrary.org/obo/HP_0032212,http://purl.obolibrary.org/obo/UBERON_0001008,https://purl.humanatlas.io/vocab/hp#characteristic_of_part_of,https://purl.humanatlas.io/vocab/hp
http://purl.obolibrary.org/obo/HP_0032213,http://purl.obolibrary.org/obo/UBERON_0001008,https://purl.humanatlas.io/vocab/hp#characteristic_of,https://purl.humanatlas.io/vocab/hp
http://purl.obolibrary.org/obo/HP_0032213,http://purl.obolibrary.org/obo/UBERON_0001008,https://purl.humanatlas.io/vocab/hp#characteristic_of_part_of,https://purl.humanatlas.io/vocab/hp
http://purl.obolibrary.org/obo/HP_0032214,http://purl.obolibrary.org/obo/UBERON_0001008,https://purl.humanatlas.io/vocab/hp#characteristic_of,https://purl.humanatlas.io/vocab/hp
http://purl.obolibrary.org/obo/HP_0032214,http://purl.obolibrary.org/obo/UBERON_0001008,https://purl.humanatlas.io/vocab/hp#characteristic_of_part_of,https://purl.humanatlas.io/vocab/hp
http://purl.obolibrary.org/obo/HP_0032278,http://purl.obolibrary.org/obo/UBERON_0001008,https://purl.humanatlas.io/vocab/hp#characteristic_of,https://purl.humanatlas.io/vocab/hp
http://purl.obolibrary.org/obo/HP_0032278,http://purl.obolibrary.org/obo/UBERON_0001008,https://purl.humanatlas.io/vocab/hp#characteristic_of_part_of,https://purl.humanatlas.io/vocab/hp
http://purl.obolibrary.org/obo/HP_0032302,http://purl.obolibrary.org/obo/UBERON_0001008,https://purl.humanatlas.io/vocab/hp#characteristic_of,https://purl.humanatlas.io/vocab/hp
http://purl.obolibrary.org/obo/HP_0032302,http://purl.obolibrary.org/obo/UBERON_0001008,https://purl.humanatlas.io/vocab/hp#characteristic_of_part_of,https://purl.humanatlas.io/vocab/hp
http://purl.obolibrary.org/obo/HP_0032303,http://purl.obolibrary.org/obo/UBERON_0001008,https://purl.humanatlas.io/vocab/hp#characteristic_of,https://purl.humanatlas.io/vocab/hp
http://purl.obolibrary.org/obo/HP_0032303,http://purl.obolibrary.org/obo/UBERON_0001008,https://purl.humanatlas.io/vocab/hp#characteristic_of_part_of,https://purl.humanatlas.io/vocab/hp
http://purl.obolibrary.org/obo/HP_0032349,http://purl.obolibrary.org/obo/UBERON_0001008,https://purl.humanatlas.io/vocab/hp#characteristic_of,https://purl.humanatlas.io/vocab/hp
http://purl.obolibrary.org/obo/HP_0032349,http://purl.obolibrary.org/obo/UBERON_0001008,https://purl.humanatlas.io/vocab/hp#characteristic_of_part_of,https://purl.humanatlas.io/vocab/hp
http://purl.obolibrary.org/obo/HP_0032350,http://purl.obolibrary.org/obo/UBERON_0001008,https://purl.humanatlas.io/vocab/hp#characteristic_of,https://purl.humanatlas.io/vocab/hp
http://purl.obolibrary.org/obo/HP_0032350,http://purl.obolibrary.org/obo/UBERON_0001008,https://purl.humanatlas.io/vocab/hp#characteristic_of_part_of,https://purl.humanatlas.io/vocab/hp
http://purl.obolibrary.org/obo/HP_0032351,http://purl.obolibrary.org/obo/UBERON_0001008,https://purl.humanatlas.io/vocab/hp#characteristic_of,https://purl.humanatlas.io/vocab/hp
http://purl.obolibrary.org/obo/HP_0032351,http://purl.obolibrary.org/obo/UBERON_0001008,https://purl.humanatlas.io/vocab/hp#characteristic_of_part_of,https://purl.humanatlas.io/vocab/hp
http://purl.obolibrary.org/obo/HP_0032352,http://purl.obolibrary.org/obo/UBERON_0001008,https://purl.humanatlas.io/vocab/hp#characteristic_of,https://purl.humanatlas.io/vocab/hp
http://purl.obolibrary.org/obo/HP_0032352,http://purl.obolibrary.org/obo/UBERON_0001008,https://purl.humanatlas.io/vocab/hp#characteristic_of_part_of,https://purl.humanatlas.io/vocab/hp
http://purl.obolibrary.org/obo/HP_0032353,http://purl.obolibrary.org/obo/UBERON_0001008,https://purl.humanatlas.io/vocab/hp#characteristic_of,https://purl.humanatlas.io/vocab/hp
http://purl.obolibrary.org/obo/HP_0032353,http://purl.obolibrary.org/obo/UBERON_0001008,https://purl.humanatlas.io/vocab/hp#characteristic_of_part_of,https://purl.humanatlas.io/vocab/hp
http://purl.obolibrary.org/obo/HP_0032371,http://purl.obolibrary.org/obo/UBERON_0001008,https://purl.humanatlas.io/vocab/hp#characteristic_of,https://purl.humanatlas.io/vocab/hp
http://purl.obolibrary.org/obo/HP_0032371,http://purl.obolibrary.org/obo/UBERON_0001008,https://purl.humanatlas.io/vocab/hp#characteristic_of_part_of,https://purl.humanatlas.io/vocab/hp
http://purl.obolibrary.org/obo/HP_0032377,http://purl.obolibrary.org/obo/UBERON_0001008,https://purl.humanatlas.io/vocab/hp#characteristic_of,https://purl.humanatlas.io/vocab/hp
http://purl.obolibrary.org/obo/HP_0032377,http://purl.obolibrary.org/obo/UBERON_0001008,https://purl.humanatlas.io/vocab/hp#characteristic_of_part_of,https://purl.humanatlas.io/vocab/hp
http://purl.obolibrary.org/obo/HP_0032397,http://purl.obolibrary.org/obo/UBERON_0001008,https://purl.humanatlas.io/vocab/hp#characteristic_of,https://purl.humanatlas.io/vocab/hp
http://purl.obolibrary.org/obo/HP_0032397,http://purl.obolibrary.org/obo/UBERON_0001008,https://purl.humanatlas.io/vocab/hp#characteristic_of_part_of,https://purl.humanatlas.io/vocab/hp
http://purl.obolibrary.org/obo/HP_0032401,http://purl.obolibrary.org/obo/UBERON_0001008,https://purl.humanatlas.io/vocab/hp#characteristic_of,https://purl.humanatlas.io/vocab/hp
http://purl.obolibrary.org/obo/HP_0032401,http://purl.obolibrary.org/obo/UBERON_0001008,https://purl.humanatlas.io/vocab/hp#characteristic_of_part_of,https://purl.humanatlas.io/vocab/hp
http://purl.obolibrary.org/obo/HP_0032403,http://purl.obolibrary.org/obo/UBERON_0001008,https://purl.humanatlas.io/vocab/hp#characteristic_of,https://purl.humanatlas.io/vocab/hp
http://purl.obolibrary.org/obo/HP_0032403,http://purl.obolibrary.org/obo/UBERON_0001008,https://purl.humanatlas.io/vocab/hp#characteristic_of_part_of,https://purl.humanatlas.io/vocab/hp
http://purl.obolibrary.org/obo/HP_0032405,http://purl.obolibrary.org/obo/UBERON_0001008,https://purl.humanatlas.io/vocab/hp#characteristic_of,https://purl.humanatlas.io/vocab/hp
http://purl.obolibrary.org/obo/HP_0032405,http://purl.obolibrary.org/obo/UBERON_0001008,https://purl.humanatlas.io/vocab/hp#characteristic_of_part_of,https://purl.humanatlas.io/vocab/hp
http://purl.obolibrary.org/obo/HP_0032414,http://purl.obolibrary.org/obo/UBERON_0001008,https://purl.humanatlas.io/vocab/hp#characteristic_of,https://purl.humanatlas.io/vocab/hp
http://purl.obolibrary.org/obo/HP_0032414,http://purl.obolibrary.org/obo/UBERON_0001008,https://purl.humanatlas.io/vocab/hp#characteristic_of_part_of,https://purl.humanatlas.io/vocab/hp
http://purl.obolibrary.org/obo/HP_0032417,http://purl.obolibrary.org/obo/UBERON_0001225,https://purl.humanatlas.io/vocab/hp#characteristic_of,https://purl.humanatlas.io/vocab/hp
http://purl.obolibrary.org/obo/HP_0032417,http://purl.obolibrary.org/obo/UBERON_0002113,https://purl.humanatlas.io/vocab/hp#characteristic_of_part_of,https://purl.humanatlas.io/vocab/hp
http://purl.obolibrary.org/obo/HP_0032417,http://purl.obolibrary.org/obo/UBERON_0011143,https://purl.humanatlas.io/vocab/hp#characteristic_of_part_of,https://purl.humanatlas.io/vocab/hp
http://purl.obolibrary.org/obo/HP_0032417,http://purl.obolibrary.org/obo/UBERON_0001008,https://purl.humanatlas.io/vocab/hp#characteristic_of_part_of,https://purl.humanatlas.io/vocab/hp
http://purl.obolibrary.org/obo/HP_0032417,http://purl.obolibrary.org/obo/UBERON_0001285,https://purl.humanatlas.io/vocab/hp#characteristic_of_part_of,https://purl.humanatlas.io/vocab/hp
http://purl.obolibrary.org/obo/HP_0032464,http://purl.obolibrary.org/obo/UBERON_0000056,https://purl.humanatlas.io/vocab/hp#characteristic_of_part_of,https://purl.humanatlas.io/vocab/hp
http://purl.obolibrary.org/obo/HP_0032464,http://purl.obolibrary.org/obo/UBERON_0011143,https://purl.humanatlas.io/vocab/hp#characteristic_of_part_of,https://purl.humanatlas.io/vocab/hp
http://purl.obolibrary.org/obo/HP_0032464,http://purl.obolibrary.org/obo/UBERON_0001008,https://purl.humanatlas.io/vocab/hp#characteristic_of_part_of,https://purl.humanatlas.io/vocab/hp
http://purl.obolibrary.org/obo/HP_0032465,http://purl.obolibrary.org/obo/UBERON_0001255,https://purl.humanatlas.io/vocab/hp#characteristic_of,https://purl.humanatlas.io/vocab/hp
http://purl.obolibrary.org/obo/HP_0032465,http://purl.obolibrary.org/obo/UBERON_0001255,https://purl.humanatlas.io/vocab/hp#characteristic_of_part_of,https://purl.humanatlas.io/vocab/hp
http://purl.obolibrary.org/obo/HP_0032465,http://purl.obolibrary.org/obo/UBERON_0001556,https://purl.humanatlas.io/vocab/hp#characteristic_of_part_of,https://purl.humanatlas.io/vocab/hp
http://purl.obolibrary.org/obo/HP_0032465,http://purl.obolibrary.org/obo/UBERON_0001008,https://purl.humanatlas.io/vocab/hp#characteristic_of_part_of,https://purl.humanatlas.io/vocab/hp
http://purl.obolibrary.org/obo/HP_0032472,http://purl.obolibrary.org/obo/UBERON_0001008,https://purl.humanatlas.io/vocab/hp#characteristic_of,https://purl.humanatlas.io/vocab/hp
http://purl.obolibrary.org/obo/HP_0032472,http://purl.obolibrary.org/obo/UBERON_0001008,https://purl.humanatlas.io/vocab/hp#characteristic_of_part_of,https://purl.humanatlas.io/vocab/hp
http://purl.obolibrary.org/obo/HP_0032473,http://purl.obolibrary.org/obo/UBERON_0001008,https://purl.humanatlas.io/vocab/hp#characteristic_of,https://purl.humanatlas.io/vocab/hp
http://purl.obolibrary.org/obo/HP_0032473,http://purl.obolibrary.org/obo/UBERON_0001008,https://purl.humanatlas.io/vocab/hp#characteristic_of_part_of,https://purl.humanatlas.io/vocab/hp
http://purl.obolibrary.org/obo/HP_0032480,http://purl.obolibrary.org/obo/UBERON_0001008,https://purl.humanatlas.io/vocab/hp#characteristic_of,https://purl.humanatlas.io/vocab/hp
http://purl.obolibrary.org/obo/HP_0032480,http://purl.obolibrary.org/obo/UBERON_0001008,https://purl.humanatlas.io/vocab/hp#characteristic_of_part_of,https://purl.humanatlas.io/vocab/hp
http://purl.obolibrary.org/obo/HP_0032528,http://purl.obolibrary.org/obo/UBERON_0001008,https://purl.humanatlas.io/vocab/hp#characteristic_of,https://purl.humanatlas.io/vocab/hp
http://purl.obolibrary.org/obo/HP_0032528,http://purl.obolibrary.org/obo/UBERON_0001008,https://purl.humanatlas.io/vocab/hp#characteristic_of_part_of,https://purl.humanatlas.io/vocab/hp
http://purl.obolibrary.org/obo/HP_0032567,http://purl.obolibrary.org/obo/UBERON_0001008,https://purl.humanatlas.io/vocab/hp#characteristic_of,https://purl.humanatlas.io/vocab/hp
http://purl.obolibrary.org/obo/HP_0032567,http://purl.obolibrary.org/obo/UBERON_0001008,https://purl.humanatlas.io/vocab/hp#characteristic_of_part_of,https://purl.humanatlas.io/vocab/hp
http://purl.obolibrary.org/obo/HP_0032568,http://purl.obolibrary.org/obo/UBERON_0001008,https://purl.humanatlas.io/vocab/hp#characteristic_of,https://purl.humanatlas.io/vocab/hp
http://purl.obolibrary.org/obo/HP_0032568,http://purl.obolibrary.org/obo/UBERON_0001008,https://purl.humanatlas.io/vocab/hp#characteristic_of_part_of,https://purl.humanatlas.io/vocab/hp
http://purl.obolibrary.org/obo/HP_0032572,http://purl.obolibrary.org/obo/UBERON_0001008,https://purl.humanatlas.io/vocab/hp#characteristic_of,https://purl.humanatlas.io/vocab/hp
http://purl.obolibrary.org/obo/HP_0032572,http://purl.obolibrary.org/obo/UBERON_0001008,https://purl.humanatlas.io/vocab/hp#characteristic_of_part_of,https://purl.humanatlas.io/vocab/hp
http://purl.obolibrary.org/obo/HP_0032573,http://purl.obolibrary.org/obo/UBERON_0001008,https://purl.humanatlas.io/vocab/hp#characteristic_of,https://purl.humanatlas.io/vocab/hp
http://purl.obolibrary.org/obo/HP_0032573,http://purl.obolibrary.org/obo/UBERON_0001008,https://purl.humanatlas.io/vocab/hp#characteristic_of_part_of,https://purl.humanatlas.io/vocab/hp
http://purl.obolibrary.org/obo/HP_0032574,http://purl.obolibrary.org/obo/UBERON_0001008,https://purl.humanatlas.io/vocab/hp#characteristic_of,https://purl.humanatlas.io/vocab/hp
http://purl.obolibrary.org/obo/HP_0032574,http://purl.obolibrary.org/obo/UBERON_0001008,https://purl.humanatlas.io/vocab/hp#characteristic_of_part_of,https://purl.humanatlas.io/vocab/hp
http://purl.obolibrary.org/obo/HP_0032581,http://purl.obolibrary.org/obo/UBERON_0002113,https://purl.humanatlas.io/vocab/hp#characteristic_of_part_of,https://purl.humanatlas.io/vocab/hp
http://purl.obolibrary.org/obo/HP_0032581,http://purl.obolibrary.org/obo/UBERON_0011143,https://purl.humanatlas.io/vocab/hp#characteristic_of_part_of,https://purl.humanatlas.io/vocab/hp
http://purl.obolibrary.org/obo/HP_0032581,http://purl.obolibrary.org/obo/UBERON_0001008,https://purl.humanatlas.io/vocab/hp#characteristic_of_part_of,https://purl.humanatlas.io/vocab/hp
http://purl.obolibrary.org/obo/HP_0032582,http://purl.obolibrary.org/obo/UBERON_0002113,https://purl.humanatlas.io/vocab/hp#characteristic_of_part_of,https://purl.humanatlas.io/vocab/hp
http://purl.obolibrary.org/obo/HP_0032582,http://purl.obolibrary.org/obo/UBERON_0011143,https://purl.humanatlas.io/vocab/hp#characteristic_of_part_of,https://purl.humanatlas.io/vocab/hp
http://purl.obolibrary.org/obo/HP_0032582,http://purl.obolibrary.org/obo/UBERON_0001008,https://purl.humanatlas.io/vocab/hp#characteristic_of_part_of,https://purl.humanatlas.io/vocab/hp
http://purl.obolibrary.org/obo/HP_0032583,http://purl.obolibrary.org/obo/UBERON_0000074,https://purl.humanatlas.io/vocab/hp#characteristic_of_part_of,https://purl.humanatlas.io/vocab/hp
http://purl.obolibrary.org/obo/HP_0032583,http://purl.obolibrary.org/obo/UBERON_0001225,https://purl.humanatlas.io/vocab/hp#characteristic_of,https://purl.humanatlas.io/vocab/hp
http://purl.obolibrary.org/obo/HP_0032583,http://purl.obolibrary.org/obo/UBERON_0002113,https://purl.humanatlas.io/vocab/hp#characteristic_of_part_of,https://purl.humanatlas.io/vocab/hp
http://purl.obolibrary.org/obo/HP_0032583,http://purl.obolibrary.org/obo/UBERON_0011143,https://purl.humanatlas.io/vocab/hp#characteristic_of_part_of,https://purl.humanatlas.io/vocab/hp
http://purl.obolibrary.org/obo/HP_0032583,http://purl.obolibrary.org/obo/UBERON_0001008,https://purl.humanatlas.io/vocab/hp#characteristic_of_part_of,https://purl.humanatlas.io/vocab/hp
http://purl.obolibrary.org/obo/HP_0032583,http://purl.obolibrary.org/obo/UBERON_0001285,https://purl.humanatlas.io/vocab/hp#characteristic_of_part_of,https://purl.humanatlas.io/vocab/hp
http://purl.obolibrary.org/obo/HP_0032584,http://purl.obolibrary.org/obo/UBERON_0002113,https://purl.humanatlas.io/vocab/hp#characteristic_of_part_of,https://purl.humanatlas.io/vocab/hp
http://purl.obolibrary.org/obo/HP_0032584,http://purl.obolibrary.org/obo/UBERON_0011143,https://purl.humanatlas.io/vocab/hp#characteristic_of_part_of,https://purl.humanatlas.io/vocab/hp
http://purl.obolibrary.org/obo/HP_0032584,http://purl.obolibrary.org/obo/UBERON_0001008,https://purl.humanatlas.io/vocab/hp#characteristic_of_part_of,https://purl.humanatlas.io/vocab/hp
http://purl.obolibrary.org/obo/HP_0032585,http://purl.obolibrary.org/obo/UBERON_0002113,https://purl.humanatlas.io/vocab/hp#characteristic_of_part_of,https://purl.humanatlas.io/vocab/hp
http://purl.obolibrary.org/obo/HP_0032585,http://purl.obolibrary.org/obo/UBERON_0011143,https://purl.humanatlas.io/vocab/hp#characteristic_of_part_of,https://purl.humanatlas.io/vocab/hp
http://purl.obolibrary.org/obo/HP_0032585,http://purl.obolibrary.org/obo/UBERON_0001008,https://purl.humanatlas.io/vocab/hp#characteristic_of_part_of,https://purl.humanatlas.io/vocab/hp
http://purl.obolibrary.org/obo/HP_0032586,http://purl.obolibrary.org/obo/UBERON_0002113,https://purl.humanatlas.io/vocab/hp#characteristic_of_part_of,https://purl.humanatlas.io/vocab/hp
http://purl.obolibrary.org/obo/HP_0032586,http://purl.obolibrary.org/obo/UBERON_0011143,https://purl.humanatlas.io/vocab/hp#characteristic_of_part_of,https://purl.humanatlas.io/vocab/hp
http://purl.obolibrary.org/obo/HP_0032586,http://purl.obolibrary.org/obo/UBERON_0001008,https://purl.humanatlas.io/vocab/hp#characteristic_of_part_of,https://purl.humanatlas.io/vocab/hp
http://purl.obolibrary.org/obo/HP_0032587,http://purl.obolibrary.org/obo/UBERON_0002113,https://purl.humanatlas.io/vocab/hp#characteristic_of_part_of,https://purl.humanatlas.io/vocab/hp
http://purl.obolibrary.org/obo/HP_0032587,http://purl.obolibrary.org/obo/UBERON_0011143,https://purl.humanatlas.io/vocab/hp#characteristic_of_part_of,https://purl.humanatlas.io/vocab/hp
http://purl.obolibrary.org/obo/HP_0032587,http://purl.obolibrary.org/obo/UBERON_0001008,https://purl.humanatlas.io/vocab/hp#characteristic_of_part_of,https://purl.humanatlas.io/vocab/hp
http://purl.obolibrary.org/obo/HP_0032589,http://purl.obolibrary.org/obo/UBERON_0001231,https://purl.humanatlas.io/vocab/hp#characteristic_of_part_of,https://purl.humanatlas.io/vocab/hp
http://purl.obolibrary.org/obo/HP_0032589,http://purl.obolibrary.org/obo/UBERON_0001285,https://purl.humanatlas.io/vocab/hp#characteristic_of_part_of,https://purl.humanatlas.io/vocab/hp
http://purl.obolibrary.org/obo/HP_0032589,http://purl.obolibrary.org/obo/UBERON_0002113,https://purl.humanatlas.io/vocab/hp#characteristic_of_part_of,https://purl.humanatlas.io/vocab/hp
http://purl.obolibrary.org/obo/HP_0032589,http://purl.obolibrary.org/obo/UBERON_0011143,https://purl.humanatlas.io/vocab/hp#characteristic_of_part_of,https://purl.humanatlas.io/vocab/hp
http://purl.obolibrary.org/obo/HP_0032589,http://purl.obolibrary.org/obo/UBERON_0001008,https://purl.humanatlas.io/vocab/hp#characteristic_of_part_of,https://purl.humanatlas.io/vocab/hp
http://purl.obolibrary.org/obo/HP_0032590,http://purl.obolibrary.org/obo/UBERON_0001231,https://purl.humanatlas.io/vocab/hp#characteristic_of_part_of,https://purl.humanatlas.io/vocab/hp
http://purl.obolibrary.org/obo/HP_0032590,http://purl.obolibrary.org/obo/UBERON_0001285,https://purl.humanatlas.io/vocab/hp#characteristic_of_part_of,https://purl.humanatlas.io/vocab/hp
http://purl.obolibrary.org/obo/HP_0032590,http://purl.obolibrary.org/obo/UBERON_0002113,https://purl.humanatlas.io/vocab/hp#characteristic_of_part_of,https://purl.humanatlas.io/vocab/hp
http://purl.obolibrary.org/obo/HP_0032590,http://purl.obolibrary.org/obo/UBERON_0011143,https://purl.humanatlas.io/vocab/hp#characteristic_of_part_of,https://purl.humanatlas.io/vocab/hp
http://purl.obolibrary.org/obo/HP_0032590,http://purl.obolibrary.org/obo/UBERON_0001008,https://purl.humanatlas.io/vocab/hp#characteristic_of_part_of,https://purl.humanatlas.io/vocab/hp
http://purl.obolibrary.org/obo/HP_0032591,http://purl.obolibrary.org/obo/UBERON_0002113,https://purl.humanatlas.io/vocab/hp#characteristic_of_part_of,https://purl.humanatlas.io/vocab/hp
http://purl.obolibrary.org/obo/HP_0032591,http://purl.obolibrary.org/obo/UBERON_0011143,https://purl.humanatlas.io/vocab/hp#characteristic_of_part_of,https://purl.humanatlas.io/vocab/hp
http://purl.obolibrary.org/obo/HP_0032591,http://purl.obolibrary.org/obo/UBERON_0001008,https://purl.humanatlas.io/vocab/hp#characteristic_of_part_of,https://purl.humanatlas.io/vocab/hp
http://purl.obolibrary.org/obo/HP_0032593,http://purl.obolibrary.org/obo/UBERON_0001008,https://purl.humanatlas.io/vocab/hp#characteristic_of,https://purl.humanatlas.io/vocab/hp
http://purl.obolibrary.org/obo/HP_0032593,http://purl.obolibrary.org/obo/UBERON_0001008,https://purl.humanatlas.io/vocab/hp#characteristic_of_part_of,https://purl.humanatlas.io/vocab/hp
http://purl.obolibrary.org/obo/HP_0032594,http://purl.obolibrary.org/obo/UBERON_0001231,https://purl.humanatlas.io/vocab/hp#characteristic_of_part_of,https://purl.humanatlas.io/vocab/hp
http://purl.obolibrary.org/obo/HP_0032594,http://purl.obolibrary.org/obo/UBERON_0001285,https://purl.humanatlas.io/vocab/hp#characteristic_of_part_of,https://purl.humanatlas.io/vocab/hp
http://purl.obolibrary.org/obo/HP_0032594,http://purl.obolibrary.org/obo/UBERON_0002113,https://purl.humanatlas.io/vocab/hp#characteristic_of_part_of,https://purl.humanatlas.io/vocab/hp
http://purl.obolibrary.org/obo/HP_0032594,http://purl.obolibrary.org/obo/UBERON_0011143,https://purl.humanatlas.io/vocab/hp#characteristic_of_part_of,https://purl.humanatlas.io/vocab/hp
http://purl.obolibrary.org/obo/HP_0032594,http://purl.obolibrary.org/obo/UBERON_0001008,https://purl.humanatlas.io/vocab/hp#characteristic_of_part_of,https://purl.humanatlas.io/vocab/hp
http://purl.obolibrary.org/obo/HP_0032595,http://purl.obolibrary.org/obo/UBERON_0001231,https://purl.humanatlas.io/vocab/hp#part_of,https://purl.humanatlas.io/vocab/hp
http://purl.obolibrary.org/obo/HP_0032595,http://purl.obolibrary.org/obo/UBERON_0001231,https://purl.humanatlas.io/vocab/hp#characteristic_of_part_of,https://purl.humanatlas.io/vocab/hp
http://purl.obolibrary.org/obo/HP_0032595,http://purl.obolibrary.org/obo/UBERON_0001285,https://purl.humanatlas.io/vocab/hp#characteristic_of_part_of,https://purl.humanatlas.io/vocab/hp
http://purl.obolibrary.org/obo/HP_0032595,http://purl.obolibrary.org/obo/UBERON_0002113,https://purl.humanatlas.io/vocab/hp#characteristic_of_part_of,https://purl.humanatlas.io/vocab/hp
http://purl.obolibrary.org/obo/HP_0032595,http://purl.obolibrary.org/obo/UBERON_0011143,https://purl.humanatlas.io/vocab/hp#characteristic_of_part_of,https://purl.humanatlas.io/vocab/hp
http://purl.obolibrary.org/obo/HP_0032595,http://purl.obolibrary.org/obo/UBERON_0001008,https://purl.humanatlas.io/vocab/hp#characteristic_of_part_of,https://purl.humanatlas.io/vocab/hp
http://purl.obolibrary.org/obo/HP_0032596,http://purl.obolibrary.org/obo/UBERON_0001231,https://purl.humanatlas.io/vocab/hp#part_of,https://purl.humanatlas.io/vocab/hp
http://purl.obolibrary.org/obo/HP_0032596,http://purl.obolibrary.org/obo/UBERON_0001231,https://purl.humanatlas.io/vocab/hp#characteristic_of_part_of,https://purl.humanatlas.io/vocab/hp
http://purl.obolibrary.org/obo/HP_0032596,http://purl.obolibrary.org/obo/UBERON_0001285,https://purl.humanatlas.io/vocab/hp#characteristic_of_part_of,https://purl.humanatlas.io/vocab/hp
http://purl.obolibrary.org/obo/HP_0032596,http://purl.obolibrary.org/obo/UBERON_0002113,https://purl.humanatlas.io/vocab/hp#characteristic_of_part_of,https://purl.humanatlas.io/vocab/hp
http://purl.obolibrary.org/obo/HP_0032596,http://purl.obolibrary.org/obo/UBERON_0011143,https://purl.humanatlas.io/vocab/hp#characteristic_of_part_of,https://purl.humanatlas.io/vocab/hp
http://purl.obolibrary.org/obo/HP_0032596,http://purl.obolibrary.org/obo/UBERON_0001008,https://purl.humanatlas.io/vocab/hp#characteristic_of_part_of,https://purl.humanatlas.io/vocab/hp
http://purl.obolibrary.org/obo/HP_0032597,http://purl.obolibrary.org/obo/UBERON_0001231,https://purl.humanatlas.io/vocab/hp#part_of,https://purl.humanatlas.io/vocab/hp
http://purl.obolibrary.org/obo/HP_0032597,http://purl.obolibrary.org/obo/UBERON_0001231,https://purl.humanatlas.io/vocab/hp#characteristic_of_part_of,https://purl.humanatlas.io/vocab/hp
http://purl.obolibrary.org/obo/HP_0032597,http://purl.obolibrary.org/obo/UBERON_0001285,https://purl.humanatlas.io/vocab/hp#characteristic_of_part_of,https://purl.humanatlas.io/vocab/hp
http://purl.obolibrary.org/obo/HP_0032597,http://purl.obolibrary.org/obo/UBERON_0002113,https://purl.humanatlas.io/vocab/hp#characteristic_of_part_of,https://purl.humanatlas.io/vocab/hp
http://purl.obolibrary.org/obo/HP_0032597,http://purl.obolibrary.org/obo/UBERON_0011143,https://purl.humanatlas.io/vocab/hp#characteristic_of_part_of,https://purl.humanatlas.io/vocab/hp
http://purl.obolibrary.org/obo/HP_0032597,http://purl.obolibrary.org/obo/UBERON_0001008,https://purl.humanatlas.io/vocab/hp#characteristic_of_part_of,https://purl.humanatlas.io/vocab/hp
http://purl.obolibrary.org/obo/HP_0032598,http://purl.obolibrary.org/obo/UBERON_0001231,https://purl.humanatlas.io/vocab/hp#part_of,https://purl.humanatlas.io/vocab/hp
http://purl.obolibrary.org/obo/HP_0032598,http://purl.obolibrary.org/obo/UBERON_0001231,https://purl.humanatlas.io/vocab/hp#characteristic_of_part_of,https://purl.humanatlas.io/vocab/hp
http://purl.obolibrary.org/obo/HP_0032598,http://purl.obolibrary.org/obo/UBERON_0001285,https://purl.humanatlas.io/vocab/hp#characteristic_of_part_of,https://purl.humanatlas.io/vocab/hp
http://purl.obolibrary.org/obo/HP_0032598,http://purl.obolibrary.org/obo/UBERON_0002113,https://purl.humanatlas.io/vocab/hp#characteristic_of_part_of,https://purl.humanatlas.io/vocab/hp
http://purl.obolibrary.org/obo/HP_0032598,http://purl.obolibrary.org/obo/UBERON_0011143,https://purl.humanatlas.io/vocab/hp#characteristic_of_part_of,https://purl.humanatlas.io/vocab/hp
http://purl.obolibrary.org/obo/HP_0032598,http://purl.obolibrary.org/obo/UBERON_0001008,https://purl.humanatlas.io/vocab/hp#characteristic_of_part_of,https://purl.humanatlas.io/vocab/hp
http://purl.obolibrary.org/obo/HP_0032599,http://purl.obolibrary.org/obo/UBERON_0001231,https://purl.humanatlas.io/vocab/hp#part_of,https://purl.humanatlas.io/vocab/hp
http://purl.obolibrary.org/obo/HP_0032599,http://purl.obolibrary.org/obo/UBERON_0001231,https://purl.humanatlas.io/vocab/hp#characteristic_of_part_of,https://purl.humanatlas.io/vocab/hp
http://purl.obolibrary.org/obo/HP_0032599,http://purl.obolibrary.org/obo/UBERON_0001285,https://purl.humanatlas.io/vocab/hp#characteristic_of_part_of,https://purl.humanatlas.io/vocab/hp
http://purl.obolibrary.org/obo/HP_0032599,http://purl.obolibrary.org/obo/UBERON_0002113,https://purl.humanatlas.io/vocab/hp#characteristic_of_part_of,https://purl.humanatlas.io/vocab/hp
http://purl.obolibrary.org/obo/HP_0032599,http://purl.obolibrary.org/obo/UBERON_0011143,https://purl.humanatlas.io/vocab/hp#characteristic_of_part_of,https://purl.humanatlas.io/vocab/hp
http://purl.obolibrary.org/obo/HP_0032599,http://purl.obolibrary.org/obo/UBERON_0001008,https://purl.humanatlas.io/vocab/hp#characteristic_of_part_of,https://purl.humanatlas.io/vocab/hp
http://purl.obolibrary.org/obo/HP_0032600,http://purl.obolibrary.org/obo/UBERON_0001231,https://purl.humanatlas.io/vocab/hp#part_of,https://purl.humanatlas.io/vocab/hp
http://purl.obolibrary.org/obo/HP_0032600,http://purl.obolibrary.org/obo/UBERON_0001231,https://purl.humanatlas.io/vocab/hp#characteristic_of_part_of,https://purl.humanatlas.io/vocab/hp
http://purl.obolibrary.org/obo/HP_0032600,http://purl.obolibrary.org/obo/UBERON_0001285,https://purl.humanatlas.io/vocab/hp#characteristic_of_part_of,https://purl.humanatlas.io/vocab/hp
http://purl.obolibrary.org/obo/HP_0032600,http://purl.obolibrary.org/obo/UBERON_0002113,https://purl.humanatlas.io/vocab/hp#characteristic_of_part_of,https://purl.humanatlas.io/vocab/hp
http://purl.obolibrary.org/obo/HP_0032600,http://purl.obolibrary.org/obo/UBERON_0011143,https://purl.humanatlas.io/vocab/hp#characteristic_of_part_of,https://purl.humanatlas.io/vocab/hp
http://purl.obolibrary.org/obo/HP_0032600,http://purl.obolibrary.org/obo/UBERON_0001008,https://purl.humanatlas.io/vocab/hp#characteristic_of_part_of,https://purl.humanatlas.io/vocab/hp
http://purl.obolibrary.org/obo/HP_0032601,http://purl.obolibrary.org/obo/UBERON_0001231,https://purl.humanatlas.io/vocab/hp#part_of,https://purl.humanatlas.io/vocab/hp
http://purl.obolibrary.org/obo/HP_0032601,http://purl.obolibrary.org/obo/UBERON_0001231,https://purl.humanatlas.io/vocab/hp#characteristic_of_part_of,https://purl.humanatlas.io/vocab/hp
http://purl.obolibrary.org/obo/HP_0032601,http://purl.obolibrary.org/obo/UBERON_0001285,https://purl.humanatlas.io/vocab/hp#characteristic_of_part_of,https://purl.humanatlas.io/vocab/hp
http://purl.obolibrary.org/obo/HP_0032601,http://purl.obolibrary.org/obo/UBERON_0002113,https://purl.humanatlas.io/vocab/hp#characteristic_of_part_of,https://purl.humanatlas.io/vocab/hp
http://purl.obolibrary.org/obo/HP_0032601,http://purl.obolibrary.org/obo/UBERON_0011143,https://purl.humanatlas.io/vocab/hp#characteristic_of_part_of,https://purl.humanatlas.io/vocab/hp
http://purl.obolibrary.org/obo/HP_0032601,http://purl.obolibrary.org/obo/UBERON_0001008,https://purl.humanatlas.io/vocab/hp#characteristic_of_part_of,https://purl.humanatlas.io/vocab/hp
http://purl.obolibrary.org/obo/HP_0032602,http://purl.obolibrary.org/obo/UBERON_0001231,https://purl.humanatlas.io/vocab/hp#part_of,https://purl.humanatlas.io/vocab/hp
http://purl.obolibrary.org/obo/HP_0032602,http://purl.obolibrary.org/obo/UBERON_0001231,https://purl.humanatlas.io/vocab/hp#characteristic_of_part_of,https://purl.humanatlas.io/vocab/hp
http://purl.obolibrary.org/obo/HP_0032602,http://purl.obolibrary.org/obo/UBERON_0001285,https://purl.humanatlas.io/vocab/hp#characteristic_of_part_of,https://purl.humanatlas.io/vocab/hp
http://purl.obolibrary.org/obo/HP_0032602,http://purl.obolibrary.org/obo/UBERON_0002113,https://purl.humanatlas.io/vocab/hp#characteristic_of_part_of,https://purl.humanatlas.io/vocab/hp
http://purl.obolibrary.org/obo/HP_0032602,http://purl.obolibrary.org/obo/UBERON_0011143,https://purl.humanatlas.io/vocab/hp#characteristic_of_part_of,https://purl.humanatlas.io/vocab/hp
http://purl.obolibrary.org/obo/HP_0032602,http://purl.obolibrary.org/obo/UBERON_0001008,https://purl.humanatlas.io/vocab/hp#characteristic_of_part_of,https://purl.humanatlas.io/vocab/hp
http://purl.obolibrary.org/obo/HP_0032603,http://purl.obolibrary.org/obo/UBERON_0001231,https://purl.humanatlas.io/vocab/hp#part_of,https://purl.humanatlas.io/vocab/hp
http://purl.obolibrary.org/obo/HP_0032603,http://purl.obolibrary.org/obo/UBERON_0001231,https://purl.humanatlas.io/vocab/hp#characteristic_of_part_of,https://purl.humanatlas.io/vocab/hp
http://purl.obolibrary.org/obo/HP_0032603,http://purl.obolibrary.org/obo/UBERON_0001285,https://purl.humanatlas.io/vocab/hp#characteristic_of_part_of,https://purl.humanatlas.io/vocab/hp
http://purl.obolibrary.org/obo/HP_0032603,http://purl.obolibrary.org/obo/UBERON_0002113,https://purl.humanatlas.io/vocab/hp#characteristic_of_part_of,https://purl.humanatlas.io/vocab/hp
http://purl.obolibrary.org/obo/HP_0032603,http://purl.obolibrary.org/obo/UBERON_0011143,https://purl.humanatlas.io/vocab/hp#characteristic_of_part_of,https://purl.humanatlas.io/vocab/hp
http://purl.obolibrary.org/obo/HP_0032603,http://purl.obolibrary.org/obo/UBERON_0001008,https://purl.humanatlas.io/vocab/hp#characteristic_of_part_of,https://purl.humanatlas.io/vocab/hp
http://purl.obolibrary.org/obo/HP_0032604,http://purl.obolibrary.org/obo/UBERON_0001231,https://purl.humanatlas.io/vocab/hp#part_of,https://purl.humanatlas.io/vocab/hp
http://purl.obolibrary.org/obo/HP_0032604,http://purl.obolibrary.org/obo/UBERON_0001231,https://purl.humanatlas.io/vocab/hp#characteristic_of_part_of,https://purl.humanatlas.io/vocab/hp
http://purl.obolibrary.org/obo/HP_0032604,http://purl.obolibrary.org/obo/UBERON_0001285,https://purl.humanatlas.io/vocab/hp#characteristic_of_part_of,https://purl.humanatlas.io/vocab/hp
http://purl.obolibrary.org/obo/HP_0032604,http://purl.obolibrary.org/obo/UBERON_0002113,https://purl.humanatlas.io/vocab/hp#characteristic_of_part_of,https://purl.humanatlas.io/vocab/hp
http://purl.obolibrary.org/obo/HP_0032604,http://purl.obolibrary.org/obo/UBERON_0011143,https://purl.humanatlas.io/vocab/hp#characteristic_of_part_of,https://purl.humanatlas.io/vocab/hp
http://purl.obolibrary.org/obo/HP_0032604,http://purl.obolibrary.org/obo/UBERON_0001008,https://purl.humanatlas.io/vocab/hp#characteristic_of_part_of,https://purl.humanatlas.io/vocab/hp
http://purl.obolibrary.org/obo/HP_0032605,http://purl.obolibrary.org/obo/UBERON_0001231,https://purl.humanatlas.io/vocab/hp#part_of,https://purl.humanatlas.io/vocab/hp
http://purl.obolibrary.org/obo/HP_0032605,http://purl.obolibrary.org/obo/UBERON_0001231,https://purl.humanatlas.io/vocab/hp#characteristic_of_part_of,https://purl.humanatlas.io/vocab/hp
http://purl.obolibrary.org/obo/HP_0032605,http://purl.obolibrary.org/obo/UBERON_0001285,https://purl.humanatlas.io/vocab/hp#characteristic_of_part_of,https://purl.humanatlas.io/vocab/hp
http://purl.obolibrary.org/obo/HP_0032605,http://purl.obolibrary.org/obo/UBERON_0002113,https://purl.humanatlas.io/vocab/hp#characteristic_of_part_of,https://purl.humanatlas.io/vocab/hp
http://purl.obolibrary.org/obo/HP_0032605,http://purl.obolibrary.org/obo/UBERON_0011143,https://purl.humanatlas.io/vocab/hp#characteristic_of_part_of,https://purl.humanatlas.io/vocab/hp
http://purl.obolibrary.org/obo/HP_0032605,http://purl.obolibrary.org/obo/UBERON_0001008,https://purl.humanatlas.io/vocab/hp#characteristic_of_part_of,https://purl.humanatlas.io/vocab/hp
http://purl.obolibrary.org/obo/HP_0032606,http://purl.obolibrary.org/obo/UBERON_0001231,https://purl.humanatlas.io/vocab/hp#part_of,https://purl.humanatlas.io/vocab/hp
http://purl.obolibrary.org/obo/HP_0032606,http://purl.obolibrary.org/obo/UBERON_0001231,https://purl.humanatlas.io/vocab/hp#characteristic_of_part_of,https://purl.humanatlas.io/vocab/hp
http://purl.obolibrary.org/obo/HP_0032606,http://purl.obolibrary.org/obo/UBERON_0001285,https://purl.humanatlas.io/vocab/hp#characteristic_of_part_of,https://purl.humanatlas.io/vocab/hp
http://purl.obolibrary.org/obo/HP_0032606,http://purl.obolibrary.org/obo/UBERON_0002113,https://purl.humanatlas.io/vocab/hp#characteristic_of_part_of,https://purl.humanatlas.io/vocab/hp
http://purl.obolibrary.org/obo/HP_0032606,http://purl.obolibrary.org/obo/UBERON_0011143,https://purl.humanatlas.io/vocab/hp#characteristic_of_part_of,https://purl.humanatlas.io/vocab/hp
http://purl.obolibrary.org/obo/HP_0032606,http://purl.obolibrary.org/obo/UBERON_0001008,https://purl.humanatlas.io/vocab/hp#characteristic_of_part_of,https://purl.humanatlas.io/vocab/hp
http://purl.obolibrary.org/obo/HP_0032607,http://purl.obolibrary.org/obo/UBERON_0001231,https://purl.humanatlas.io/vocab/hp#part_of,https://purl.humanatlas.io/vocab/hp
http://purl.obolibrary.org/obo/HP_0032607,http://purl.obolibrary.org/obo/UBERON_0001231,https://purl.humanatlas.io/vocab/hp#characteristic_of_part_of,https://purl.humanatlas.io/vocab/hp
http://purl.obolibrary.org/obo/HP_0032607,http://purl.obolibrary.org/obo/UBERON_0001285,https://purl.humanatlas.io/vocab/hp#characteristic_of_part_of,https://purl.humanatlas.io/vocab/hp
http://purl.obolibrary.org/obo/HP_0032607,http://purl.obolibrary.org/obo/UBERON_0002113,https://purl.humanatlas.io/vocab/hp#characteristic_of_part_of,https://purl.humanatlas.io/vocab/hp
http://purl.obolibrary.org/obo/HP_0032607,http://purl.obolibrary.org/obo/UBERON_0011143,https://purl.humanatlas.io/vocab/hp#characteristic_of_part_of,https://purl.humanatlas.io/vocab/hp
http://purl.obolibrary.org/obo/HP_0032607,http://purl.obolibrary.org/obo/UBERON_0001008,https://purl.humanatlas.io/vocab/hp#characteristic_of_part_of,https://purl.humanatlas.io/vocab/hp
http://purl.obolibrary.org/obo/HP_0032608,http://purl.obolibrary.org/obo/UBERON_0001231,https://purl.humanatlas.io/vocab/hp#characteristic_of,https://purl.humanatlas.io/vocab/hp
http://purl.obolibrary.org/obo/HP_0032608,http://purl.obolibrary.org/obo/UBERON_0001231,https://purl.humanatlas.io/vocab/hp#part_of,https://purl.humanatlas.io/vocab/hp
http://purl.obolibrary.org/obo/HP_0032608,http://purl.obolibrary.org/obo/UBERON_0001231,https://purl.humanatlas.io/vocab/hp#characteristic_of_part_of,https://purl.humanatlas.io/vocab/hp
http://purl.obolibrary.org/obo/HP_0032608,http://purl.obolibrary.org/obo/UBERON_0001285,https://purl.humanatlas.io/vocab/hp#characteristic_of_part_of,https://purl.humanatlas.io/vocab/hp
http://purl.obolibrary.org/obo/HP_0032608,http://purl.obolibrary.org/obo/UBERON_0002113,https://purl.humanatlas.io/vocab/hp#characteristic_of_part_of,https://purl.humanatlas.io/vocab/hp
http://purl.obolibrary.org/obo/HP_0032608,http://purl.obolibrary.org/obo/UBERON_0011143,https://purl.humanatlas.io/vocab/hp#characteristic_of_part_of,https://purl.humanatlas.io/vocab/hp
http://purl.obolibrary.org/obo/HP_0032608,http://purl.obolibrary.org/obo/UBERON_0001008,https://purl.humanatlas.io/vocab/hp#characteristic_of_part_of,https://purl.humanatlas.io/vocab/hp
http://purl.obolibrary.org/obo/HP_0032609,http://purl.obolibrary.org/obo/UBERON_0001231,https://purl.humanatlas.io/vocab/hp#characteristic_of,https://purl.humanatlas.io/vocab/hp
http://purl.obolibrary.org/obo/HP_0032609,http://purl.obolibrary.org/obo/UBERON_0001231,https://purl.humanatlas.io/vocab/hp#part_of,https://purl.humanatlas.io/vocab/hp
http://purl.obolibrary.org/obo/HP_0032609,http://purl.obolibrary.org/obo/UBERON_0001231,https://purl.humanatlas.io/vocab/hp#characteristic_of_part_of,https://purl.humanatlas.io/vocab/hp
http://purl.obolibrary.org/obo/HP_0032609,http://purl.obolibrary.org/obo/UBERON_0001285,https://purl.humanatlas.io/vocab/hp#characteristic_of_part_of,https://purl.humanatlas.io/vocab/hp
http://purl.obolibrary.org/obo/HP_0032609,http://purl.obolibrary.org/obo/UBERON_0002113,https://purl.humanatlas.io/vocab/hp#characteristic_of_part_of,https://purl.humanatlas.io/vocab/hp
http://purl.obolibrary.org/obo/HP_0032609,http://purl.obolibrary.org/obo/UBERON_0011143,https://purl.humanatlas.io/vocab/hp#characteristic_of_part_of,https://purl.humanatlas.io/vocab/hp
http://purl.obolibrary.org/obo/HP_0032609,http://purl.obolibrary.org/obo/UBERON_0001008,https://purl.humanatlas.io/vocab/hp#characteristic_of_part_of,https://purl.humanatlas.io/vocab/hp
http://purl.obolibrary.org/obo/HP_0032610,http://purl.obolibrary.org/obo/UBERON_0001231,https://purl.humanatlas.io/vocab/hp#characteristic_of_part_of,https://purl.humanatlas.io/vocab/hp
http://purl.obolibrary.org/obo/HP_0032610,http://purl.obolibrary.org/obo/UBERON_0001285,https://purl.humanatlas.io/vocab/hp#characteristic_of_part_of,https://purl.humanatlas.io/vocab/hp
http://purl.obolibrary.org/obo/HP_0032610,http://purl.obolibrary.org/obo/UBERON_0002113,https://purl.humanatlas.io/vocab/hp#characteristic_of_part_of,https://purl.humanatlas.io/vocab/hp
http://purl.obolibrary.org/obo/HP_0032610,http://purl.obolibrary.org/obo/UBERON_0011143,https://purl.humanatlas.io/vocab/hp#characteristic_of_part_of,https://purl.humanatlas.io/vocab/hp
http://purl.obolibrary.org/obo/HP_0032610,http://purl.obolibrary.org/obo/UBERON_0001008,https://purl.humanatlas.io/vocab/hp#characteristic_of_part_of,https://purl.humanatlas.io/vocab/hp
http://purl.obolibrary.org/obo/HP_0032611,http://purl.obolibrary.org/obo/UBERON_0001231,https://purl.humanatlas.io/vocab/hp#part_of,https://purl.humanatlas.io/vocab/hp
http://purl.obolibrary.org/obo/HP_0032611,http://purl.obolibrary.org/obo/UBERON_0001231,https://purl.humanatlas.io/vocab/hp#characteristic_of_part_of,https://purl.humanatlas.io/vocab/hp
http://purl.obolibrary.org/obo/HP_0032611,http://purl.obolibrary.org/obo/UBERON_0001285,https://purl.humanatlas.io/vocab/hp#characteristic_of_part_of,https://purl.humanatlas.io/vocab/hp
http://purl.obolibrary.org/obo/HP_0032611,http://purl.obolibrary.org/obo/UBERON_0002113,https://purl.humanatlas.io/vocab/hp#characteristic_of_part_of,https://purl.humanatlas.io/vocab/hp
http://purl.obolibrary.org/obo/HP_0032611,http://purl.obolibrary.org/obo/UBERON_0011143,https://purl.humanatlas.io/vocab/hp#characteristic_of_part_of,https://purl.humanatlas.io/vocab/hp
http://purl.obolibrary.org/obo/HP_0032611,http://purl.obolibrary.org/obo/UBERON_0001008,https://purl.humanatlas.io/vocab/hp#characteristic_of_part_of,https://purl.humanatlas.io/vocab/hp
http://purl.obolibrary.org/obo/HP_0032613,http://purl.obolibrary.org/obo/UBERON_0002113,https://purl.humanatlas.io/vocab/hp#characteristic_of_part_of,https://purl.humanatlas.io/vocab/hp
http://purl.obolibrary.org/obo/HP_0032613,http://purl.obolibrary.org/obo/UBERON_0011143,https://purl.humanatlas.io/vocab/hp#characteristic_of_part_of,https://purl.humanatlas.io/vocab/hp
http://purl.obolibrary.org/obo/HP_0032613,http://purl.obolibrary.org/obo/UBERON_0001008,https://purl.humanatlas.io/vocab/hp#characteristic_of_part_of,https://purl.humanatlas.io/vocab/hp
http://purl.obolibrary.org/obo/HP_0032614,http://purl.obolibrary.org/obo/UBERON_0002113,https://purl.humanatlas.io/vocab/hp#characteristic_of_part_of,https://purl.humanatlas.io/vocab/hp
http://purl.obolibrary.org/obo/HP_0032614,http://purl.obolibrary.org/obo/UBERON_0011143,https://purl.humanatlas.io/vocab/hp#characteristic_of_part_of,https://purl.humanatlas.io/vocab/hp
http://purl.obolibrary.org/obo/HP_0032614,http://purl.obolibrary.org/obo/UBERON_0001008,https://purl.humanatlas.io/vocab/hp#characteristic_of_part_of,https://purl.humanatlas.io/vocab/hp
http://purl.obolibrary.org/obo/HP_0032616,http://purl.obolibrary.org/obo/UBERON_0002113,https://purl.humanatlas.io/vocab/hp#characteristic_of_part_of,https://purl.humanatlas.io/vocab/hp
http://purl.obolibrary.org/obo/HP_0032616,http://purl.obolibrary.org/obo/UBERON_0011143,https://purl.humanatlas.io/vocab/hp#characteristic_of_part_of,https://purl.humanatlas.io/vocab/hp
http://purl.obolibrary.org/obo/HP_0032616,http://purl.obolibrary.org/obo/UBERON_0001008,https://purl.humanatlas.io/vocab/hp#characteristic_of_part_of,https://purl.humanatlas.io/vocab/hp
http://purl.obolibrary.org/obo/HP_0032617,http://purl.obolibrary.org/obo/UBERON_0002113,https://purl.humanatlas.io/vocab/hp#characteristic_of_part_of,https://purl.humanatlas.io/vocab/hp
http://purl.obolibrary.org/obo/HP_0032617,http://purl.obolibrary.org/obo/UBERON_0011143,https://purl.humanatlas.io/vocab/hp#characteristic_of_part_of,https://purl.humanatlas.io/vocab/hp
http://purl.obolibrary.org/obo/HP_0032617,http://purl.obolibrary.org/obo/UBERON_0001008,https://purl.humanatlas.io/vocab/hp#characteristic_of_part_of,https://purl.humanatlas.io/vocab/hp
http://purl.obolibrary.org/obo/HP_0032618,http://purl.obolibrary.org/obo/UBERON_0002113,https://purl.humanatlas.io/vocab/hp#characteristic_of_part_of,https://purl.humanatlas.io/vocab/hp
http://purl.obolibrary.org/obo/HP_0032618,http://purl.obolibrary.org/obo/UBERON_0011143,https://purl.humanatlas.io/vocab/hp#characteristic_of_part_of,https://purl.humanatlas.io/vocab/hp
http://purl.obolibrary.org/obo/HP_0032618,http://purl.obolibrary.org/obo/UBERON_0001008,https://purl.humanatlas.io/vocab/hp#characteristic_of_part_of,https://purl.humanatlas.io/vocab/hp
http://purl.obolibrary.org/obo/HP_0032619,http://purl.obolibrary.org/obo/UBERON_0002113,https://purl.humanatlas.io/vocab/hp#characteristic_of_part_of,https://purl.humanatlas.io/vocab/hp
http://purl.obolibrary.org/obo/HP_0032619,http://purl.obolibrary.org/obo/UBERON_0011143,https://purl.humanatlas.io/vocab/hp#characteristic_of_part_of,https://purl.humanatlas.io/vocab/hp
http://purl.obolibrary.org/obo/HP_0032619,http://purl.obolibrary.org/obo/UBERON_0001008,https://purl.humanatlas.io/vocab/hp#characteristic_of_part_of,https://purl.humanatlas.io/vocab/hp
http://purl.obolibrary.org/obo/HP_0032620,http://purl.obolibrary.org/obo/UBERON_0002113,https://purl.humanatlas.io/vocab/hp#part_of,https://purl.humanatlas.io/vocab/hp
http://purl.obolibrary.org/obo/HP_0032620,http://purl.obolibrary.org/obo/UBERON_0002113,https://purl.humanatlas.io/vocab/hp#characteristic_of_part_of,https://purl.humanatlas.io/vocab/hp
http://purl.obolibrary.org/obo/HP_0032620,http://purl.obolibrary.org/obo/UBERON_0011143,https://purl.humanatlas.io/vocab/hp#characteristic_of_part_of,https://purl.humanatlas.io/vocab/hp
http://purl.obolibrary.org/obo/HP_0032620,http://purl.obolibrary.org/obo/UBERON_0001008,https://purl.humanatlas.io/vocab/hp#characteristic_of_part_of,https://purl.humanatlas.io/vocab/hp
http://purl.obolibrary.org/obo/HP_0032621,http://purl.obolibrary.org/obo/UBERON_0001231,https://purl.humanatlas.io/vocab/hp#part_of,https://purl.humanatlas.io/vocab/hp
http://purl.obolibrary.org/obo/HP_0032621,http://purl.obolibrary.org/obo/UBERON_0001231,https://purl.humanatlas.io/vocab/hp#characteristic_of_part_of,https://purl.humanatlas.io/vocab/hp
http://purl.obolibrary.org/obo/HP_0032621,http://purl.obolibrary.org/obo/UBERON_0001285,https://purl.humanatlas.io/vocab/hp#characteristic_of_part_of,https://purl.humanatlas.io/vocab/hp
http://purl.obolibrary.org/obo/HP_0032621,http://purl.obolibrary.org/obo/UBERON_0002113,https://purl.humanatlas.io/vocab/hp#characteristic_of_part_of,https://purl.humanatlas.io/vocab/hp
http://purl.obolibrary.org/obo/HP_0032621,http://purl.obolibrary.org/obo/UBERON_0011143,https://purl.humanatlas.io/vocab/hp#characteristic_of_part_of,https://purl.humanatlas.io/vocab/hp
http://purl.obolibrary.org/obo/HP_0032621,http://purl.obolibrary.org/obo/UBERON_0001008,https://purl.humanatlas.io/vocab/hp#characteristic_of_part_of,https://purl.humanatlas.io/vocab/hp
http://purl.obolibrary.org/obo/HP_0032622,http://purl.obolibrary.org/obo/UBERON_0001231,https://purl.humanatlas.io/vocab/hp#characteristic_of_part_of,https://purl.humanatlas.io/vocab/hp
http://purl.obolibrary.org/obo/HP_0032622,http://purl.obolibrary.org/obo/UBERON_0001285,https://purl.humanatlas.io/vocab/hp#characteristic_of_part_of,https://purl.humanatlas.io/vocab/hp
http://purl.obolibrary.org/obo/HP_0032622,http://purl.obolibrary.org/obo/UBERON_0002113,https://purl.humanatlas.io/vocab/hp#characteristic_of_part_of,https://purl.humanatlas.io/vocab/hp
http://purl.obolibrary.org/obo/HP_0032622,http://purl.obolibrary.org/obo/UBERON_0011143,https://purl.humanatlas.io/vocab/hp#characteristic_of_part_of,https://purl.humanatlas.io/vocab/hp
http://purl.obolibrary.org/obo/HP_0032622,http://purl.obolibrary.org/obo/UBERON_0001008,https://purl.humanatlas.io/vocab/hp#characteristic_of_part_of,https://purl.humanatlas.io/vocab/hp
http://purl.obolibrary.org/obo/HP_0032623,http://purl.obolibrary.org/obo/UBERON_0001231,https://purl.humanatlas.io/vocab/hp#characteristic_of_part_of,https://purl.humanatlas.io/vocab/hp
http://purl.obolibrary.org/obo/HP_0032623,http://purl.obolibrary.org/obo/UBERON_0001285,https://purl.humanatlas.io/vocab/hp#characteristic_of_part_of,https://purl.humanatlas.io/vocab/hp
http://purl.obolibrary.org/obo/HP_0032623,http://purl.obolibrary.org/obo/UBERON_0002113,https://purl.humanatlas.io/vocab/hp#characteristic_of_part_of,https://purl.humanatlas.io/vocab/hp
http://purl.obolibrary.org/obo/HP_0032623,http://purl.obolibrary.org/obo/UBERON_0011143,https://purl.humanatlas.io/vocab/hp#characteristic_of_part_of,https://purl.humanatlas.io/vocab/hp
http://purl.obolibrary.org/obo/HP_0032623,http://purl.obolibrary.org/obo/UBERON_0001008,https://purl.humanatlas.io/vocab/hp#characteristic_of_part_of,https://purl.humanatlas.io/vocab/hp
http://purl.obolibrary.org/obo/HP_0032624,http://purl.obolibrary.org/obo/UBERON_0001231,https://purl.humanatlas.io/vocab/hp#characteristic_of_part_of,https://purl.humanatlas.io/vocab/hp
http://purl.obolibrary.org/obo/HP_0032624,http://purl.obolibrary.org/obo/UBERON_0001285,https://purl.humanatlas.io/vocab/hp#characteristic_of_part_of,https://purl.humanatlas.io/vocab/hp
http://purl.obolibrary.org/obo/HP_0032624,http://purl.obolibrary.org/obo/UBERON_0002113,https://purl.humanatlas.io/vocab/hp#characteristic_of_part_of,https://purl.humanatlas.io/vocab/hp
http://purl.obolibrary.org/obo/HP_0032624,http://purl.obolibrary.org/obo/UBERON_0011143,https://purl.humanatlas.io/vocab/hp#characteristic_of_part_of,https://purl.humanatlas.io/vocab/hp
http://purl.obolibrary.org/obo/HP_0032624,http://purl.obolibrary.org/obo/UBERON_0001008,https://purl.humanatlas.io/vocab/hp#characteristic_of_part_of,https://purl.humanatlas.io/vocab/hp
http://purl.obolibrary.org/obo/HP_0032625,http://purl.obolibrary.org/obo/UBERON_0001231,https://purl.humanatlas.io/vocab/hp#characteristic_of_part_of,https://purl.humanatlas.io/vocab/hp
http://purl.obolibrary.org/obo/HP_0032625,http://purl.obolibrary.org/obo/UBERON_0001285,https://purl.humanatlas.io/vocab/hp#characteristic_of_part_of,https://purl.humanatlas.io/vocab/hp
http://purl.obolibrary.org/obo/HP_0032625,http://purl.obolibrary.org/obo/UBERON_0002113,https://purl.humanatlas.io/vocab/hp#characteristic_of_part_of,https://purl.humanatlas.io/vocab/hp
http://purl.obolibrary.org/obo/HP_0032625,http://purl.obolibrary.org/obo/UBERON_0011143,https://purl.humanatlas.io/vocab/hp#characteristic_of_part_of,https://purl.humanatlas.io/vocab/hp
http://purl.obolibrary.org/obo/HP_0032625,http://purl.obolibrary.org/obo/UBERON_0001008,https://purl.humanatlas.io/vocab/hp#characteristic_of_part_of,https://purl.humanatlas.io/vocab/hp
http://purl.obolibrary.org/obo/HP_0032626,http://purl.obolibrary.org/obo/UBERON_0001231,https://purl.humanatlas.io/vocab/hp#characteristic_of_part_of,https://purl.humanatlas.io/vocab/hp
http://purl.obolibrary.org/obo/HP_0032626,http://purl.obolibrary.org/obo/UBERON_0001285,https://purl.humanatlas.io/vocab/hp#characteristic_of_part_of,https://purl.humanatlas.io/vocab/hp
http://purl.obolibrary.org/obo/HP_0032626,http://purl.obolibrary.org/obo/UBERON_0002113,https://purl.humanatlas.io/vocab/hp#characteristic_of_part_of,https://purl.humanatlas.io/vocab/hp
http://purl.obolibrary.org/obo/HP_0032626,http://purl.obolibrary.org/obo/UBERON_0011143,https://purl.humanatlas.io/vocab/hp#characteristic_of_part_of,https://purl.humanatlas.io/vocab/hp
http://purl.obolibrary.org/obo/HP_0032626,http://purl.obolibrary.org/obo/UBERON_0001008,https://purl.humanatlas.io/vocab/hp#characteristic_of_part_of,https://purl.humanatlas.io/vocab/hp
http://purl.obolibrary.org/obo/HP_0032627,http://purl.obolibrary.org/obo/UBERON_0001231,https://purl.humanatlas.io/vocab/hp#characteristic_of_part_of,https://purl.humanatlas.io/vocab/hp
http://purl.obolibrary.org/obo/HP_0032627,http://purl.obolibrary.org/obo/UBERON_0001285,https://purl.humanatlas.io/vocab/hp#characteristic_of_part_of,https://purl.humanatlas.io/vocab/hp
http://purl.obolibrary.org/obo/HP_0032627,http://purl.obolibrary.org/obo/UBERON_0002113,https://purl.humanatlas.io/vocab/hp#characteristic_of_part_of,https://purl.humanatlas.io/vocab/hp
http://purl.obolibrary.org/obo/HP_0032627,http://purl.obolibrary.org/obo/UBERON_0011143,https://purl.humanatlas.io/vocab/hp#characteristic_of_part_of,https://purl.humanatlas.io/vocab/hp
http://purl.obolibrary.org/obo/HP_0032627,http://purl.obolibrary.org/obo/UBERON_0001008,https://purl.humanatlas.io/vocab/hp#characteristic_of_part_of,https://purl.humanatlas.io/vocab/hp
http://purl.obolibrary.org/obo/HP_0032628,http://purl.obolibrary.org/obo/UBERON_0001231,https://purl.humanatlas.io/vocab/hp#characteristic_of_part_of,https://purl.humanatlas.io/vocab/hp
http://purl.obolibrary.org/obo/HP_0032628,http://purl.obolibrary.org/obo/UBERON_0001285,https://purl.humanatlas.io/vocab/hp#characteristic_of_part_of,https://purl.humanatlas.io/vocab/hp
http://purl.obolibrary.org/obo/HP_0032628,http://purl.obolibrary.org/obo/UBERON_0002113,https://purl.humanatlas.io/vocab/hp#characteristic_of_part_of,https://purl.humanatlas.io/vocab/hp
http://purl.obolibrary.org/obo/HP_0032628,http://purl.obolibrary.org/obo/UBERON_0011143,https://purl.humanatlas.io/vocab/hp#characteristic_of_part_of,https://purl.humanatlas.io/vocab/hp
http://purl.obolibrary.org/obo/HP_0032628,http://purl.obolibrary.org/obo/UBERON_0001008,https://purl.humanatlas.io/vocab/hp#characteristic_of_part_of,https://purl.humanatlas.io/vocab/hp
http://purl.obolibrary.org/obo/HP_0032629,http://purl.obolibrary.org/obo/UBERON_0001231,https://purl.humanatlas.io/vocab/hp#characteristic_of_part_of,https://purl.humanatlas.io/vocab/hp
http://purl.obolibrary.org/obo/HP_0032629,http://purl.obolibrary.org/obo/UBERON_0001285,https://purl.humanatlas.io/vocab/hp#characteristic_of_part_of,https://purl.humanatlas.io/vocab/hp
http://purl.obolibrary.org/obo/HP_0032629,http://purl.obolibrary.org/obo/UBERON_0002113,https://purl.humanatlas.io/vocab/hp#characteristic_of_part_of,https://purl.humanatlas.io/vocab/hp
http://purl.obolibrary.org/obo/HP_0032629,http://purl.obolibrary.org/obo/UBERON_0011143,https://purl.humanatlas.io/vocab/hp#characteristic_of_part_of,https://purl.humanatlas.io/vocab/hp
http://purl.obolibrary.org/obo/HP_0032629,http://purl.obolibrary.org/obo/UBERON_0001008,https://purl.humanatlas.io/vocab/hp#characteristic_of_part_of,https://purl.humanatlas.io/vocab/hp
http://purl.obolibrary.org/obo/HP_0032630,http://purl.obolibrary.org/obo/UBERON_0001231,https://purl.humanatlas.io/vocab/hp#characteristic_of_part_of,https://purl.humanatlas.io/vocab/hp
http://purl.obolibrary.org/obo/HP_0032630,http://purl.obolibrary.org/obo/UBERON_0001285,https://purl.humanatlas.io/vocab/hp#characteristic_of_part_of,https://purl.humanatlas.io/vocab/hp
http://purl.obolibrary.org/obo/HP_0032630,http://purl.obolibrary.org/obo/UBERON_0002113,https://purl.humanatlas.io/vocab/hp#characteristic_of_part_of,https://purl.humanatlas.io/vocab/hp
http://purl.obolibrary.org/obo/HP_0032630,http://purl.obolibrary.org/obo/UBERON_0011143,https://purl.humanatlas.io/vocab/hp#characteristic_of_part_of,https://purl.humanatlas.io/vocab/hp
http://purl.obolibrary.org/obo/HP_0032630,http://purl.obolibrary.org/obo/UBERON_0001008,https://purl.humanatlas.io/vocab/hp#characteristic_of_part_of,https://purl.humanatlas.io/vocab/hp
http://purl.obolibrary.org/obo/HP_0032631,http://purl.obolibrary.org/obo/UBERON_0001231,https://purl.humanatlas.io/vocab/hp#characteristic_of_part_of,https://purl.humanatlas.io/vocab/hp
http://purl.obolibrary.org/obo/HP_0032631,http://purl.obolibrary.org/obo/UBERON_0001285,https://purl.humanatlas.io/vocab/hp#characteristic_of_part_of,https://purl.humanatlas.io/vocab/hp
http://purl.obolibrary.org/obo/HP_0032631,http://purl.obolibrary.org/obo/UBERON_0002113,https://purl.humanatlas.io/vocab/hp#characteristic_of_part_of,https://purl.humanatlas.io/vocab/hp
http://purl.obolibrary.org/obo/HP_0032631,http://purl.obolibrary.org/obo/UBERON_0011143,https://purl.humanatlas.io/vocab/hp#characteristic_of_part_of,https://purl.humanatlas.io/vocab/hp
http://purl.obolibrary.org/obo/HP_0032631,http://purl.obolibrary.org/obo/UBERON_0001008,https://purl.humanatlas.io/vocab/hp#characteristic_of_part_of,https://purl.humanatlas.io/vocab/hp
http://purl.obolibrary.org/obo/HP_0032632,http://purl.obolibrary.org/obo/UBERON_0001228,https://purl.humanatlas.io/vocab/hp#characteristic_of_part_of,https://purl.humanatlas.io/vocab/hp
http://purl.obolibrary.org/obo/HP_0032632,http://purl.obolibrary.org/obo/UBERON_0002113,https://purl.humanatlas.io/vocab/hp#characteristic_of_part_of,https://purl.humanatlas.io/vocab/hp
http://purl.obolibrary.org/obo/HP_0032632,http://purl.obolibrary.org/obo/UBERON_0011143,https://purl.humanatlas.io/vocab/hp#characteristic_of_part_of,https://purl.humanatlas.io/vocab/hp
http://purl.obolibrary.org/obo/HP_0032632,http://purl.obolibrary.org/obo/UBERON_0001008,https://purl.humanatlas.io/vocab/hp#characteristic_of_part_of,https://purl.humanatlas.io/vocab/hp
http://purl.obolibrary.org/obo/HP_0032633,http://purl.obolibrary.org/obo/UBERON_0001231,https://purl.humanatlas.io/vocab/hp#characteristic_of_part_of,https://purl.humanatlas.io/vocab/hp
http://purl.obolibrary.org/obo/HP_0032633,http://purl.obolibrary.org/obo/UBERON_0001285,https://purl.humanatlas.io/vocab/hp#characteristic_of_part_of,https://purl.humanatlas.io/vocab/hp
http://purl.obolibrary.org/obo/HP_0032633,http://purl.obolibrary.org/obo/UBERON_0002113,https://purl.humanatlas.io/vocab/hp#characteristic_of_part_of,https://purl.humanatlas.io/vocab/hp
http://purl.obolibrary.org/obo/HP_0032633,http://purl.obolibrary.org/obo/UBERON_0011143,https://purl.humanatlas.io/vocab/hp#characteristic_of_part_of,https://purl.humanatlas.io/vocab/hp
http://purl.obolibrary.org/obo/HP_0032633,http://purl.obolibrary.org/obo/UBERON_0001008,https://purl.humanatlas.io/vocab/hp#characteristic_of_part_of,https://purl.humanatlas.io/vocab/hp
http://purl.obolibrary.org/obo/HP_0032634,http://purl.obolibrary.org/obo/UBERON_0001231,https://purl.humanatlas.io/vocab/hp#characteristic_of_part_of,https://purl.humanatlas.io/vocab/hp
http://purl.obolibrary.org/obo/HP_0032634,http://purl.obolibrary.org/obo/UBERON_0001285,https://purl.humanatlas.io/vocab/hp#characteristic_of_part_of,https://purl.humanatlas.io/vocab/hp
http://purl.obolibrary.org/obo/HP_0032634,http://purl.obolibrary.org/obo/UBERON_0002113,https://purl.humanatlas.io/vocab/hp#characteristic_of_part_of,https://purl.humanatlas.io/vocab/hp
http://purl.obolibrary.org/obo/HP_0032634,http://purl.obolibrary.org/obo/UBERON_0011143,https://purl.humanatlas.io/vocab/hp#characteristic_of_part_of,https://purl.humanatlas.io/vocab/hp
http://purl.obolibrary.org/obo/HP_0032634,http://purl.obolibrary.org/obo/UBERON_0001008,https://purl.humanatlas.io/vocab/hp#characteristic_of_part_of,https://purl.humanatlas.io/vocab/hp
http://purl.obolibrary.org/obo/HP_0032635,http://purl.obolibrary.org/obo/UBERON_0001231,https://purl.humanatlas.io/vocab/hp#characteristic_of_part_of,https://purl.humanatlas.io/vocab/hp
http://purl.obolibrary.org/obo/HP_0032635,http://purl.obolibrary.org/obo/UBERON_0001285,https://purl.humanatlas.io/vocab/hp#characteristic_of_part_of,https://purl.humanatlas.io/vocab/hp
http://purl.obolibrary.org/obo/HP_0032635,http://purl.obolibrary.org/obo/UBERON_0002113,https://purl.humanatlas.io/vocab/hp#characteristic_of_part_of,https://purl.humanatlas.io/vocab/hp
http://purl.obolibrary.org/obo/HP_0032635,http://purl.obolibrary.org/obo/UBERON_0011143,https://purl.humanatlas.io/vocab/hp#characteristic_of_part_of,https://purl.humanatlas.io/vocab/hp
http://purl.obolibrary.org/obo/HP_0032635,http://purl.obolibrary.org/obo/UBERON_0001008,https://purl.humanatlas.io/vocab/hp#characteristic_of_part_of,https://purl.humanatlas.io/vocab/hp
http://purl.obolibrary.org/obo/HP_0032636,http://purl.obolibrary.org/obo/UBERON_0001231,https://purl.humanatlas.io/vocab/hp#characteristic_of_part_of,https://purl.humanatlas.io/vocab/hp
http://purl.obolibrary.org/obo/HP_0032636,http://purl.obolibrary.org/obo/UBERON_0001285,https://purl.humanatlas.io/vocab/hp#characteristic_of_part_of,https://purl.humanatlas.io/vocab/hp
http://purl.obolibrary.org/obo/HP_0032636,http://purl.obolibrary.org/obo/UBERON_0002113,https://purl.humanatlas.io/vocab/hp#characteristic_of_part_of,https://purl.humanatlas.io/vocab/hp
http://purl.obolibrary.org/obo/HP_0032636,http://purl.obolibrary.org/obo/UBERON_0011143,https://purl.humanatlas.io/vocab/hp#characteristic_of_part_of,https://purl.humanatlas.io/vocab/hp
http://purl.obolibrary.org/obo/HP_0032636,http://purl.obolibrary.org/obo/UBERON_0001008,https://purl.humanatlas.io/vocab/hp#characteristic_of_part_of,https://purl.humanatlas.io/vocab/hp
http://purl.obolibrary.org/obo/HP_0032637,http://purl.obolibrary.org/obo/UBERON_0002113,https://purl.humanatlas.io/vocab/hp#characteristic_of_part_of,https://purl.humanatlas.io/vocab/hp
http://purl.obolibrary.org/obo/HP_0032637,http://purl.obolibrary.org/obo/UBERON_0011143,https://purl.humanatlas.io/vocab/hp#characteristic_of_part_of,https://purl.humanatlas.io/vocab/hp
http://purl.obolibrary.org/obo/HP_0032637,http://purl.obolibrary.org/obo/UBERON_0001008,https://purl.humanatlas.io/vocab/hp#characteristic_of_part_of,https://purl.humanatlas.io/vocab/hp
http://purl.obolibrary.org/obo/HP_0032638,http://purl.obolibrary.org/obo/UBERON_0001008,https://purl.humanatlas.io/vocab/hp#characteristic_of,https://purl.humanatlas.io/vocab/hp
http://purl.obolibrary.org/obo/HP_0032638,http://purl.obolibrary.org/obo/UBERON_0001008,https://purl.humanatlas.io/vocab/hp#characteristic_of_part_of,https://purl.humanatlas.io/vocab/hp
http://purl.obolibrary.org/obo/HP_0032641,http://purl.obolibrary.org/obo/UBERON_0002113,https://purl.humanatlas.io/vocab/hp#characteristic_of_part_of,https://purl.humanatlas.io/vocab/hp
http://purl.obolibrary.org/obo/HP_0032641,http://purl.obolibrary.org/obo/UBERON_0011143,https://purl.humanatlas.io/vocab/hp#characteristic_of_part_of,https://purl.humanatlas.io/vocab/hp
http://purl.obolibrary.org/obo/HP_0032641,http://purl.obolibrary.org/obo/UBERON_0001008,https://purl.humanatlas.io/vocab/hp#characteristic_of_part_of,https://purl.humanatlas.io/vocab/hp
http://purl.obolibrary.org/obo/HP_0032642,http://purl.obolibrary.org/obo/UBERON_0002113,https://purl.humanatlas.io/vocab/hp#characteristic_of_part_of,https://purl.humanatlas.io/vocab/hp
http://purl.obolibrary.org/obo/HP_0032642,http://purl.obolibrary.org/obo/UBERON_0011143,https://purl.humanatlas.io/vocab/hp#characteristic_of_part_of,https://purl.humanatlas.io/vocab/hp
http://purl.obolibrary.org/obo/HP_0032642,http://purl.obolibrary.org/obo/UBERON_0001008,https://purl.humanatlas.io/vocab/hp#characteristic_of_part_of,https://purl.humanatlas.io/vocab/hp
http://purl.obolibrary.org/obo/HP_0032643,http://purl.obolibrary.org/obo/UBERON_0002113,https://purl.humanatlas.io/vocab/hp#characteristic_of_part_of,https://purl.humanatlas.io/vocab/hp
http://purl.obolibrary.org/obo/HP_0032643,http://purl.obolibrary.org/obo/UBERON_0011143,https://purl.humanatlas.io/vocab/hp#characteristic_of_part_of,https://purl.humanatlas.io/vocab/hp
http://purl.obolibrary.org/obo/HP_0032643,http://purl.obolibrary.org/obo/UBERON_0001008,https://purl.humanatlas.io/vocab/hp#characteristic_of_part_of,https://purl.humanatlas.io/vocab/hp
http://purl.obolibrary.org/obo/HP_0032644,http://purl.obolibrary.org/obo/UBERON_0002113,https://purl.humanatlas.io/vocab/hp#characteristic_of_part_of,https://purl.humanatlas.io/vocab/hp
http://purl.obolibrary.org/obo/HP_0032644,http://purl.obolibrary.org/obo/UBERON_0011143,https://purl.humanatlas.io/vocab/hp#characteristic_of_part_of,https://purl.humanatlas.io/vocab/hp
http://purl.obolibrary.org/obo/HP_0032644,http://purl.obolibrary.org/obo/UBERON_0001008,https://purl.humanatlas.io/vocab/hp#characteristic_of_part_of,https://purl.humanatlas.io/vocab/hp
http://purl.obolibrary.org/obo/HP_0032645,http://purl.obolibrary.org/obo/UBERON_0002113,https://purl.humanatlas.io/vocab/hp#characteristic_of_part_of,https://purl.humanatlas.io/vocab/hp
http://purl.obolibrary.org/obo/HP_0032645,http://purl.obolibrary.org/obo/UBERON_0011143,https://purl.humanatlas.io/vocab/hp#characteristic_of_part_of,https://purl.humanatlas.io/vocab/hp
http://purl.obolibrary.org/obo/HP_0032645,http://purl.obolibrary.org/obo/UBERON_0001008,https://purl.humanatlas.io/vocab/hp#characteristic_of_part_of,https://purl.humanatlas.io/vocab/hp
http://purl.obolibrary.org/obo/HP_0032646,http://purl.obolibrary.org/obo/UBERON_0002113,https://purl.humanatlas.io/vocab/hp#characteristic_of_part_of,https://purl.humanatlas.io/vocab/hp
http://purl.obolibrary.org/obo/HP_0032646,http://purl.obolibrary.org/obo/UBERON_0011143,https://purl.humanatlas.io/vocab/hp#characteristic_of_part_of,https://purl.humanatlas.io/vocab/hp
http://purl.obolibrary.org/obo/HP_0032646,http://purl.obolibrary.org/obo/UBERON_0001008,https://purl.humanatlas.io/vocab/hp#characteristic_of_part_of,https://purl.humanatlas.io/vocab/hp
http://purl.obolibrary.org/obo/HP_0032647,http://purl.obolibrary.org/obo/UBERON_0001231,https://purl.humanatlas.io/vocab/hp#part_of,https://purl.humanatlas.io/vocab/hp
http://purl.obolibrary.org/obo/HP_0032647,http://purl.obolibrary.org/obo/UBERON_0001231,https://purl.humanatlas.io/vocab/hp#characteristic_of_part_of,https://purl.humanatlas.io/vocab/hp
http://purl.obolibrary.org/obo/HP_0032647,http://purl.obolibrary.org/obo/UBERON_0001285,https://purl.humanatlas.io/vocab/hp#characteristic_of_part_of,https://purl.humanatlas.io/vocab/hp
http://purl.obolibrary.org/obo/HP_0032647,http://purl.obolibrary.org/obo/UBERON_0002113,https://purl.humanatlas.io/vocab/hp#characteristic_of_part_of,https://purl.humanatlas.io/vocab/hp
http://purl.obolibrary.org/obo/HP_0032647,http://purl.obolibrary.org/obo/UBERON_0011143,https://purl.humanatlas.io/vocab/hp#characteristic_of_part_of,https://purl.humanatlas.io/vocab/hp
http://purl.obolibrary.org/obo/HP_0032647,http://purl.obolibrary.org/obo/UBERON_0001008,https://purl.humanatlas.io/vocab/hp#characteristic_of_part_of,https://purl.humanatlas.io/vocab/hp
http://purl.obolibrary.org/obo/HP_0032648,http://purl.obolibrary.org/obo/UBERON_0001225,https://purl.humanatlas.io/vocab/hp#characteristic_of,https://purl.humanatlas.io/vocab/hp
http://purl.obolibrary.org/obo/HP_0032648,http://purl.obolibrary.org/obo/UBERON_0002113,https://purl.humanatlas.io/vocab/hp#characteristic_of_part_of,https://purl.humanatlas.io/vocab/hp
http://purl.obolibrary.org/obo/HP_0032648,http://purl.obolibrary.org/obo/UBERON_0011143,https://purl.humanatlas.io/vocab/hp#characteristic_of_part_of,https://purl.humanatlas.io/vocab/hp
http://purl.obolibrary.org/obo/HP_0032648,http://purl.obolibrary.org/obo/UBERON_0001008,https://purl.humanatlas.io/vocab/hp#characteristic_of_part_of,https://purl.humanatlas.io/vocab/hp
http://purl.obolibrary.org/obo/HP_0032648,http://purl.obolibrary.org/obo/UBERON_0001285,https://purl.humanatlas.io/vocab/hp#characteristic_of_part_of,https://purl.humanatlas.io/vocab/hp
http://purl.obolibrary.org/obo/HP_0032943,http://purl.obolibrary.org/obo/UBERON_0001008,https://purl.humanatlas.io/vocab/hp#characteristic_of,https://purl.humanatlas.io/vocab/hp
http://purl.obolibrary.org/obo/HP_0032943,http://purl.obolibrary.org/obo/UBERON_0001008,https://purl.humanatlas.io/vocab/hp#characteristic_of_part_of,https://purl.humanatlas.io/vocab/hp
http://purl.obolibrary.org/obo/HP_0032944,http://purl.obolibrary.org/obo/UBERON_0001008,https://purl.humanatlas.io/vocab/hp#characteristic_of,https://purl.humanatlas.io/vocab/hp
http://purl.obolibrary.org/obo/HP_0032944,http://purl.obolibrary.org/obo/UBERON_0001008,https://purl.humanatlas.io/vocab/hp#characteristic_of_part_of,https://purl.humanatlas.io/vocab/hp
http://purl.obolibrary.org/obo/HP_0032945,http://purl.obolibrary.org/obo/UBERON_0002113,https://purl.humanatlas.io/vocab/hp#characteristic_of_part_of,https://purl.humanatlas.io/vocab/hp
http://purl.obolibrary.org/obo/HP_0032945,http://purl.obolibrary.org/obo/UBERON_0011143,https://purl.humanatlas.io/vocab/hp#characteristic_of_part_of,https://purl.humanatlas.io/vocab/hp
http://purl.obolibrary.org/obo/HP_0032945,http://purl.obolibrary.org/obo/UBERON_0001008,https://purl.humanatlas.io/vocab/hp#characteristic_of_part_of,https://purl.humanatlas.io/vocab/hp
http://purl.obolibrary.org/obo/HP_0032946,http://purl.obolibrary.org/obo/UBERON_0002113,https://purl.humanatlas.io/vocab/hp#characteristic_of_part_of,https://purl.humanatlas.io/vocab/hp
http://purl.obolibrary.org/obo/HP_0032946,http://purl.obolibrary.org/obo/UBERON_0011143,https://purl.humanatlas.io/vocab/hp#characteristic_of_part_of,https://purl.humanatlas.io/vocab/hp
http://purl.obolibrary.org/obo/HP_0032946,http://purl.obolibrary.org/obo/UBERON_0001008,https://purl.humanatlas.io/vocab/hp#characteristic_of_part_of,https://purl.humanatlas.io/vocab/hp
http://purl.obolibrary.org/obo/HP_0032947,http://purl.obolibrary.org/obo/UBERON_0002113,https://purl.humanatlas.io/vocab/hp#characteristic_of_part_of,https://purl.humanatlas.io/vocab/hp
http://purl.obolibrary.org/obo/HP_0032947,http://purl.obolibrary.org/obo/UBERON_0011143,https://purl.humanatlas.io/vocab/hp#characteristic_of_part_of,https://purl.humanatlas.io/vocab/hp
http://purl.obolibrary.org/obo/HP_0032947,http://purl.obolibrary.org/obo/UBERON_0001008,https://purl.humanatlas.io/vocab/hp#characteristic_of_part_of,https://purl.humanatlas.io/vocab/hp
http://purl.obolibrary.org/obo/HP_0032948,http://purl.obolibrary.org/obo/UBERON_0002113,https://purl.humanatlas.io/vocab/hp#characteristic_of_part_of,https://purl.humanatlas.io/vocab/hp
http://purl.obolibrary.org/obo/HP_0032948,http://purl.obolibrary.org/obo/UBERON_0011143,https://purl.humanatlas.io/vocab/hp#characteristic_of_part_of,https://purl.humanatlas.io/vocab/hp
http://purl.obolibrary.org/obo/HP_0032948,http://purl.obolibrary.org/obo/UBERON_0001008,https://purl.humanatlas.io/vocab/hp#characteristic_of_part_of,https://purl.humanatlas.io/vocab/hp
http://purl.obolibrary.org/obo/HP_0032949,http://purl.obolibrary.org/obo/UBERON_0002113,https://purl.humanatlas.io/vocab/hp#characteristic_of_part_of,https://purl.humanatlas.io/vocab/hp
http://purl.obolibrary.org/obo/HP_0032949,http://purl.obolibrary.org/obo/UBERON_0011143,https://purl.humanatlas.io/vocab/hp#characteristic_of_part_of,https://purl.humanatlas.io/vocab/hp
http://purl.obolibrary.org/obo/HP_0032949,http://purl.obolibrary.org/obo/UBERON_0001008,https://purl.humanatlas.io/vocab/hp#characteristic_of_part_of,https://purl.humanatlas.io/vocab/hp
http://purl.obolibrary.org/obo/HP_0032950,http://purl.obolibrary.org/obo/UBERON_0001231,https://purl.humanatlas.io/vocab/hp#characteristic_of_part_of,https://purl.humanatlas.io/vocab/hp
http://purl.obolibrary.org/obo/HP_0032950,http://purl.obolibrary.org/obo/UBERON_0001285,https://purl.humanatlas.io/vocab/hp#characteristic_of_part_of,https://purl.humanatlas.io/vocab/hp
http://purl.obolibrary.org/obo/HP_0032950,http://purl.obolibrary.org/obo/UBERON_0002113,https://purl.humanatlas.io/vocab/hp#characteristic_of_part_of,https://purl.humanatlas.io/vocab/hp
http://purl.obolibrary.org/obo/HP_0032950,http://purl.obolibrary.org/obo/UBERON_0011143,https://purl.humanatlas.io/vocab/hp#characteristic_of_part_of,https://purl.humanatlas.io/vocab/hp
http://purl.obolibrary.org/obo/HP_0032950,http://purl.obolibrary.org/obo/UBERON_0001008,https://purl.humanatlas.io/vocab/hp#characteristic_of_part_of,https://purl.humanatlas.io/vocab/hp
http://purl.obolibrary.org/obo/HP_0032951,http://purl.obolibrary.org/obo/UBERON_0001231,https://purl.humanatlas.io/vocab/hp#characteristic_of_part_of,https://purl.humanatlas.io/vocab/hp
http://purl.obolibrary.org/obo/HP_0032951,http://purl.obolibrary.org/obo/UBERON_0001285,https://purl.humanatlas.io/vocab/hp#characteristic_of_part_of,https://purl.humanatlas.io/vocab/hp
http://purl.obolibrary.org/obo/HP_0032951,http://purl.obolibrary.org/obo/UBERON_0002113,https://purl.humanatlas.io/vocab/hp#characteristic_of_part_of,https://purl.humanatlas.io/vocab/hp
http://purl.obolibrary.org/obo/HP_0032951,http://purl.obolibrary.org/obo/UBERON_0011143,https://purl.humanatlas.io/vocab/hp#characteristic_of_part_of,https://purl.humanatlas.io/vocab/hp
http://purl.obolibrary.org/obo/HP_0032951,http://purl.obolibrary.org/obo/UBERON_0001008,https://purl.humanatlas.io/vocab/hp#characteristic_of_part_of,https://purl.humanatlas.io/vocab/hp
http://purl.obolibrary.org/obo/HP_0032952,http://purl.obolibrary.org/obo/UBERON_0001231,https://purl.humanatlas.io/vocab/hp#characteristic_of,https://purl.humanatlas.io/vocab/hp
http://purl.obolibrary.org/obo/HP_0032952,http://purl.obolibrary.org/obo/UBERON_0001231,https://purl.humanatlas.io/vocab/hp#part_of,https://purl.humanatlas.io/vocab/hp
http://purl.obolibrary.org/obo/HP_0032952,http://purl.obolibrary.org/obo/UBERON_0001231,https://purl.humanatlas.io/vocab/hp#characteristic_of_part_of,https://purl.humanatlas.io/vocab/hp
http://purl.obolibrary.org/obo/HP_0032952,http://purl.obolibrary.org/obo/UBERON_0001285,https://purl.humanatlas.io/vocab/hp#characteristic_of_part_of,https://purl.humanatlas.io/vocab/hp
http://purl.obolibrary.org/obo/HP_0032952,http://purl.obolibrary.org/obo/UBERON_0002113,https://purl.humanatlas.io/vocab/hp#characteristic_of_part_of,https://purl.humanatlas.io/vocab/hp
http://purl.obolibrary.org/obo/HP_0032952,http://purl.obolibrary.org/obo/UBERON_0011143,https://purl.humanatlas.io/vocab/hp#characteristic_of_part_of,https://purl.humanatlas.io/vocab/hp
http://purl.obolibrary.org/obo/HP_0032952,http://purl.obolibrary.org/obo/UBERON_0001008,https://purl.humanatlas.io/vocab/hp#characteristic_of_part_of,https://purl.humanatlas.io/vocab/hp
http://purl.obolibrary.org/obo/HP_0032953,http://purl.obolibrary.org/obo/UBERON_0001231,https://purl.humanatlas.io/vocab/hp#characteristic_of_part_of,https://purl.humanatlas.io/vocab/hp
http://purl.obolibrary.org/obo/HP_0032953,http://purl.obolibrary.org/obo/UBERON_0001285,https://purl.humanatlas.io/vocab/hp#characteristic_of_part_of,https://purl.humanatlas.io/vocab/hp
http://purl.obolibrary.org/obo/HP_0032953,http://purl.obolibrary.org/obo/UBERON_0002113,https://purl.humanatlas.io/vocab/hp#characteristic_of_part_of,https://purl.humanatlas.io/vocab/hp
http://purl.obolibrary.org/obo/HP_0032953,http://purl.obolibrary.org/obo/UBERON_0011143,https://purl.humanatlas.io/vocab/hp#characteristic_of_part_of,https://purl.humanatlas.io/vocab/hp
http://purl.obolibrary.org/obo/HP_0032953,http://purl.obolibrary.org/obo/UBERON_0001008,https://purl.humanatlas.io/vocab/hp#characteristic_of_part_of,https://purl.humanatlas.io/vocab/hp
http://purl.obolibrary.org/obo/HP_0032954,http://purl.obolibrary.org/obo/UBERON_0001231,https://purl.humanatlas.io/vocab/hp#characteristic_of_part_of,https://purl.humanatlas.io/vocab/hp
http://purl.obolibrary.org/obo/HP_0032954,http://purl.obolibrary.org/obo/UBERON_0001285,https://purl.humanatlas.io/vocab/hp#characteristic_of_part_of,https://purl.humanatlas.io/vocab/hp
http://purl.obolibrary.org/obo/HP_0032954,http://purl.obolibrary.org/obo/UBERON_0002113,https://purl.humanatlas.io/vocab/hp#characteristic_of_part_of,https://purl.humanatlas.io/vocab/hp
http://purl.obolibrary.org/obo/HP_0032954,http://purl.obolibrary.org/obo/UBERON_0011143,https://purl.humanatlas.io/vocab/hp#characteristic_of_part_of,https://purl.humanatlas.io/vocab/hp
http://purl.obolibrary.org/obo/HP_0032954,http://purl.obolibrary.org/obo/UBERON_0001008,https://purl.humanatlas.io/vocab/hp#characteristic_of_part_of,https://purl.humanatlas.io/vocab/hp
http://purl.obolibrary.org/obo/HP_0032955,http://purl.obolibrary.org/obo/UBERON_0001231,https://purl.humanatlas.io/vocab/hp#characteristic_of_part_of,https://purl.humanatlas.io/vocab/hp
http://purl.obolibrary.org/obo/HP_0032955,http://purl.obolibrary.org/obo/UBERON_0001285,https://purl.humanatlas.io/vocab/hp#characteristic_of_part_of,https://purl.humanatlas.io/vocab/hp
http://purl.obolibrary.org/obo/HP_0032955,http://purl.obolibrary.org/obo/UBERON_0002113,https://purl.humanatlas.io/vocab/hp#characteristic_of_part_of,https://purl.humanatlas.io/vocab/hp
http://purl.obolibrary.org/obo/HP_0032955,http://purl.obolibrary.org/obo/UBERON_0011143,https://purl.humanatlas.io/vocab/hp#characteristic_of_part_of,https://purl.humanatlas.io/vocab/hp
http://purl.obolibrary.org/obo/HP_0032955,http://purl.obolibrary.org/obo/UBERON_0001008,https://purl.humanatlas.io/vocab/hp#characteristic_of_part_of,https://purl.humanatlas.io/vocab/hp
http://purl.obolibrary.org/obo/HP_0032956,http://purl.obolibrary.org/obo/UBERON_0001231,https://purl.humanatlas.io/vocab/hp#characteristic_of_part_of,https://purl.humanatlas.io/vocab/hp
http://purl.obolibrary.org/obo/HP_0032956,http://purl.obolibrary.org/obo/UBERON_0001285,https://purl.humanatlas.io/vocab/hp#characteristic_of_part_of,https://purl.humanatlas.io/vocab/hp
http://purl.obolibrary.org/obo/HP_0032956,http://purl.obolibrary.org/obo/UBERON_0002113,https://purl.humanatlas.io/vocab/hp#characteristic_of_part_of,https://purl.humanatlas.io/vocab/hp
http://purl.obolibrary.org/obo/HP_0032956,http://purl.obolibrary.org/obo/UBERON_0011143,https://purl.humanatlas.io/vocab/hp#characteristic_of_part_of,https://purl.humanatlas.io/vocab/hp
http://purl.obolibrary.org/obo/HP_0032956,http://purl.obolibrary.org/obo/UBERON_0001008,https://purl.humanatlas.io/vocab/hp#characteristic_of_part_of,https://purl.humanatlas.io/vocab/hp
http://purl.obolibrary.org/obo/HP_0032957,http://purl.obolibrary.org/obo/UBERON_0002113,https://purl.humanatlas.io/vocab/hp#characteristic_of,https://purl.humanatlas.io/vocab/hp
http://purl.obolibrary.org/obo/HP_0032957,http://purl.obolibrary.org/obo/UBERON_0002113,https://purl.humanatlas.io/vocab/hp#characteristic_of_part_of,https://purl.humanatlas.io/vocab/hp
http://purl.obolibrary.org/obo/HP_0032957,http://purl.obolibrary.org/obo/UBERON_0011143,https://purl.humanatlas.io/vocab/hp#characteristic_of_part_of,https://purl.humanatlas.io/vocab/hp
http://purl.obolibrary.org/obo/HP_0032957,http://purl.obolibrary.org/obo/UBERON_0001008,https://purl.humanatlas.io/vocab/hp#characteristic_of_part_of,https://purl.humanatlas.io/vocab/hp
http://purl.obolibrary.org/obo/HP_0032957,http://purl.obolibrary.org/obo/UBERON_0001008,https://purl.humanatlas.io/vocab/hp#characteristic_of,https://purl.humanatlas.io/vocab/hp
http://purl.obolibrary.org/obo/HP_0032958,http://purl.obolibrary.org/obo/UBERON_0001008,https://purl.humanatlas.io/vocab/hp#characteristic_of,https://purl.humanatlas.io/vocab/hp
http://purl.obolibrary.org/obo/HP_0032958,http://purl.obolibrary.org/obo/UBERON_0001008,https://purl.humanatlas.io/vocab/hp#characteristic_of_part_of,https://purl.humanatlas.io/vocab/hp
http://purl.obolibrary.org/obo/HP_0032959,http://purl.obolibrary.org/obo/UBERON_0002113,https://purl.humanatlas.io/vocab/hp#characteristic_of_part_of,https://purl.humanatlas.io/vocab/hp
http://purl.obolibrary.org/obo/HP_0032959,http://purl.obolibrary.org/obo/UBERON_0011143,https://purl.humanatlas.io/vocab/hp#characteristic_of_part_of,https://purl.humanatlas.io/vocab/hp
http://purl.obolibrary.org/obo/HP_0032959,http://purl.obolibrary.org/obo/UBERON_0001008,https://purl.humanatlas.io/vocab/hp#characteristic_of_part_of,https://purl.humanatlas.io/vocab/hp
http://purl.obolibrary.org/obo/HP_0032959,http://purl.obolibrary.org/obo/UBERON_0001231,https://purl.humanatlas.io/vocab/hp#characteristic_of_part_of,https://purl.humanatlas.io/vocab/hp
http://purl.obolibrary.org/obo/HP_0032959,http://purl.obolibrary.org/obo/UBERON_0001285,https://purl.humanatlas.io/vocab/hp#characteristic_of_part_of,https://purl.humanatlas.io/vocab/hp
http://purl.obolibrary.org/obo/HP_0032960,http://purl.obolibrary.org/obo/UBERON_0001231,https://purl.humanatlas.io/vocab/hp#characteristic_of_part_of,https://purl.humanatlas.io/vocab/hp
http://purl.obolibrary.org/obo/HP_0032960,http://purl.obolibrary.org/obo/UBERON_0001285,https://purl.humanatlas.io/vocab/hp#characteristic_of_part_of,https://purl.humanatlas.io/vocab/hp
http://purl.obolibrary.org/obo/HP_0032960,http://purl.obolibrary.org/obo/UBERON_0002113,https://purl.humanatlas.io/vocab/hp#characteristic_of_part_of,https://purl.humanatlas.io/vocab/hp
http://purl.obolibrary.org/obo/HP_0032960,http://purl.obolibrary.org/obo/UBERON_0011143,https://purl.humanatlas.io/vocab/hp#characteristic_of_part_of,https://purl.humanatlas.io/vocab/hp
http://purl.obolibrary.org/obo/HP_0032960,http://purl.obolibrary.org/obo/UBERON_0001008,https://purl.humanatlas.io/vocab/hp#characteristic_of_part_of,https://purl.humanatlas.io/vocab/hp
http://purl.obolibrary.org/obo/HP_0032961,http://purl.obolibrary.org/obo/UBERON_0001008,https://purl.humanatlas.io/vocab/hp#characteristic_of,https://purl.humanatlas.io/vocab/hp
http://purl.obolibrary.org/obo/HP_0032961,http://purl.obolibrary.org/obo/UBERON_0001008,https://purl.humanatlas.io/vocab/hp#characteristic_of_part_of,https://purl.humanatlas.io/vocab/hp
http://purl.obolibrary.org/obo/HP_0032962,http://purl.obolibrary.org/obo/UBERON_0001231,https://purl.humanatlas.io/vocab/hp#characteristic_of_part_of,https://purl.humanatlas.io/vocab/hp
http://purl.obolibrary.org/obo/HP_0032962,http://purl.obolibrary.org/obo/UBERON_0001285,https://purl.humanatlas.io/vocab/hp#characteristic_of_part_of,https://purl.humanatlas.io/vocab/hp
http://purl.obolibrary.org/obo/HP_0032962,http://purl.obolibrary.org/obo/UBERON_0002113,https://purl.humanatlas.io/vocab/hp#characteristic_of_part_of,https://purl.humanatlas.io/vocab/hp
http://purl.obolibrary.org/obo/HP_0032962,http://purl.obolibrary.org/obo/UBERON_0011143,https://purl.humanatlas.io/vocab/hp#characteristic_of_part_of,https://purl.humanatlas.io/vocab/hp
http://purl.obolibrary.org/obo/HP_0032962,http://purl.obolibrary.org/obo/UBERON_0001008,https://purl.humanatlas.io/vocab/hp#characteristic_of_part_of,https://purl.humanatlas.io/vocab/hp
http://purl.obolibrary.org/obo/HP_0032963,http://purl.obolibrary.org/obo/UBERON_0002113,https://purl.humanatlas.io/vocab/hp#part_of,https://purl.humanatlas.io/vocab/hp
http://purl.obolibrary.org/obo/HP_0032963,http://purl.obolibrary.org/obo/UBERON_0002113,https://purl.humanatlas.io/vocab/hp#characteristic_of_part_of,https://purl.humanatlas.io/vocab/hp
http://purl.obolibrary.org/obo/HP_0032963,http://purl.obolibrary.org/obo/UBERON_0011143,https://purl.humanatlas.io/vocab/hp#characteristic_of_part_of,https://purl.humanatlas.io/vocab/hp
http://purl.obolibrary.org/obo/HP_0032963,http://purl.obolibrary.org/obo/UBERON_0001008,https://purl.humanatlas.io/vocab/hp#characteristic_of_part_of,https://purl.humanatlas.io/vocab/hp
http://purl.obolibrary.org/obo/HP_0032964,http://purl.obolibrary.org/obo/UBERON_0001008,https://purl.humanatlas.io/vocab/hp#characteristic_of,https://purl.humanatlas.io/vocab/hp
http://purl.obolibrary.org/obo/HP_0032964,http://purl.obolibrary.org/obo/UBERON_0001008,https://purl.humanatlas.io/vocab/hp#characteristic_of_part_of,https://purl.humanatlas.io/vocab/hp
http://purl.obolibrary.org/obo/HP_0033064,http://purl.obolibrary.org/obo/UBERON_0002113,https://purl.humanatlas.io/vocab/hp#characteristic_of_part_of,https://purl.humanatlas.io/vocab/hp
http://purl.obolibrary.org/obo/HP_0033064,http://purl.obolibrary.org/obo/UBERON_0011143,https://purl.humanatlas.io/vocab/hp#characteristic_of_part_of,https://purl.humanatlas.io/vocab/hp
http://purl.obolibrary.org/obo/HP_0033064,http://purl.obolibrary.org/obo/UBERON_0001008,https://purl.humanatlas.io/vocab/hp#characteristic_of_part_of,https://purl.humanatlas.io/vocab/hp
http://purl.obolibrary.org/obo/HP_0033065,http://purl.obolibrary.org/obo/UBERON_0001008,https://purl.humanatlas.io/vocab/hp#characteristic_of,https://purl.humanatlas.io/vocab/hp
http://purl.obolibrary.org/obo/HP_0033065,http://purl.obolibrary.org/obo/UBERON_0001008,https://purl.humanatlas.io/vocab/hp#characteristic_of_part_of,https://purl.humanatlas.io/vocab/hp
http://purl.obolibrary.org/obo/HP_0033066,http://purl.obolibrary.org/obo/UBERON_0001008,https://purl.humanatlas.io/vocab/hp#characteristic_of,https://purl.humanatlas.io/vocab/hp
http://purl.obolibrary.org/obo/HP_0033066,http://purl.obolibrary.org/obo/UBERON_0001008,https://purl.humanatlas.io/vocab/hp#characteristic_of_part_of,https://purl.humanatlas.io/vocab/hp
http://purl.obolibrary.org/obo/HP_0033067,http://purl.obolibrary.org/obo/UBERON_0001008,https://purl.humanatlas.io/vocab/hp#characteristic_of,https://purl.humanatlas.io/vocab/hp
http://purl.obolibrary.org/obo/HP_0033067,http://purl.obolibrary.org/obo/UBERON_0001008,https://purl.humanatlas.io/vocab/hp#characteristic_of_part_of,https://purl.humanatlas.io/vocab/hp
http://purl.obolibrary.org/obo/HP_0033068,http://purl.obolibrary.org/obo/UBERON_0001008,https://purl.humanatlas.io/vocab/hp#characteristic_of,https://purl.humanatlas.io/vocab/hp
http://purl.obolibrary.org/obo/HP_0033068,http://purl.obolibrary.org/obo/UBERON_0001008,https://purl.humanatlas.io/vocab/hp#characteristic_of_part_of,https://purl.humanatlas.io/vocab/hp
http://purl.obolibrary.org/obo/HP_0033069,http://purl.obolibrary.org/obo/UBERON_0002113,https://purl.humanatlas.io/vocab/hp#characteristic_of_part_of,https://purl.humanatlas.io/vocab/hp
http://purl.obolibrary.org/obo/HP_0033069,http://purl.obolibrary.org/obo/UBERON_0011143,https://purl.humanatlas.io/vocab/hp#characteristic_of_part_of,https://purl.humanatlas.io/vocab/hp
http://purl.obolibrary.org/obo/HP_0033069,http://purl.obolibrary.org/obo/UBERON_0001008,https://purl.humanatlas.io/vocab/hp#characteristic_of_part_of,https://purl.humanatlas.io/vocab/hp
http://purl.obolibrary.org/obo/HP_0033072,http://purl.obolibrary.org/obo/UBERON_0001008,https://purl.humanatlas.io/vocab/hp#characteristic_of,https://purl.humanatlas.io/vocab/hp
http://purl.obolibrary.org/obo/HP_0033072,http://purl.obolibrary.org/obo/UBERON_0001008,https://purl.humanatlas.io/vocab/hp#characteristic_of_part_of,https://purl.humanatlas.io/vocab/hp
http://purl.obolibrary.org/obo/HP_0033088,http://purl.obolibrary.org/obo/UBERON_0001008,https://purl.humanatlas.io/vocab/hp#characteristic_of,https://purl.humanatlas.io/vocab/hp
http://purl.obolibrary.org/obo/HP_0033088,http://purl.obolibrary.org/obo/UBERON_0001008,https://purl.humanatlas.io/vocab/hp#characteristic_of_part_of,https://purl.humanatlas.io/vocab/hp
http://purl.obolibrary.org/obo/HP_0033089,http://purl.obolibrary.org/obo/UBERON_0001008,https://purl.humanatlas.io/vocab/hp#characteristic_of,https://purl.humanatlas.io/vocab/hp
http://purl.obolibrary.org/obo/HP_0033089,http://purl.obolibrary.org/obo/UBERON_0001008,https://purl.humanatlas.io/vocab/hp#characteristic_of_part_of,https://purl.humanatlas.io/vocab/hp
http://purl.obolibrary.org/obo/HP_0033090,http://purl.obolibrary.org/obo/UBERON_0001008,https://purl.humanatlas.io/vocab/hp#characteristic_of,https://purl.humanatlas.io/vocab/hp
http://purl.obolibrary.org/obo/HP_0033090,http://purl.obolibrary.org/obo/UBERON_0001008,https://purl.humanatlas.io/vocab/hp#characteristic_of_part_of,https://purl.humanatlas.io/vocab/hp
http://purl.obolibrary.org/obo/HP_0033091,http://purl.obolibrary.org/obo/UBERON_0001008,https://purl.humanatlas.io/vocab/hp#characteristic_of,https://purl.humanatlas.io/vocab/hp
http://purl.obolibrary.org/obo/HP_0033091,http://purl.obolibrary.org/obo/UBERON_0001008,https://purl.humanatlas.io/vocab/hp#characteristic_of_part_of,https://purl.humanatlas.io/vocab/hp
http://purl.obolibrary.org/obo/HP_0033092,http://purl.obolibrary.org/obo/UBERON_0001008,https://purl.humanatlas.io/vocab/hp#characteristic_of,https://purl.humanatlas.io/vocab/hp
http://purl.obolibrary.org/obo/HP_0033092,http://purl.obolibrary.org/obo/UBERON_0001008,https://purl.humanatlas.io/vocab/hp#characteristic_of_part_of,https://purl.humanatlas.io/vocab/hp
http://purl.obolibrary.org/obo/HP_0033093,http://purl.obolibrary.org/obo/UBERON_0001008,https://purl.humanatlas.io/vocab/hp#characteristic_of,https://purl.humanatlas.io/vocab/hp
http://purl.obolibrary.org/obo/HP_0033093,http://purl.obolibrary.org/obo/UBERON_0001008,https://purl.humanatlas.io/vocab/hp#characteristic_of_part_of,https://purl.humanatlas.io/vocab/hp
http://purl.obolibrary.org/obo/HP_0033094,http://purl.obolibrary.org/obo/UBERON_0001008,https://purl.humanatlas.io/vocab/hp#characteristic_of,https://purl.humanatlas.io/vocab/hp
http://purl.obolibrary.org/obo/HP_0033094,http://purl.obolibrary.org/obo/UBERON_0001008,https://purl.humanatlas.io/vocab/hp#characteristic_of_part_of,https://purl.humanatlas.io/vocab/hp
http://purl.obolibrary.org/obo/HP_0033095,http://purl.obolibrary.org/obo/UBERON_0001008,https://purl.humanatlas.io/vocab/hp#characteristic_of,https://purl.humanatlas.io/vocab/hp
http://purl.obolibrary.org/obo/HP_0033095,http://purl.obolibrary.org/obo/UBERON_0001008,https://purl.humanatlas.io/vocab/hp#characteristic_of_part_of,https://purl.humanatlas.io/vocab/hp
http://purl.obolibrary.org/obo/HP_0033096,http://purl.obolibrary.org/obo/UBERON_0001008,https://purl.humanatlas.io/vocab/hp#characteristic_of,https://purl.humanatlas.io/vocab/hp
http://purl.obolibrary.org/obo/HP_0033096,http://purl.obolibrary.org/obo/UBERON_0001008,https://purl.humanatlas.io/vocab/hp#characteristic_of_part_of,https://purl.humanatlas.io/vocab/hp
http://purl.obolibrary.org/obo/HP_0033097,http://purl.obolibrary.org/obo/UBERON_0001008,https://purl.humanatlas.io/vocab/hp#characteristic_of,https://purl.humanatlas.io/vocab/hp
http://purl.obolibrary.org/obo/HP_0033097,http://purl.obolibrary.org/obo/UBERON_0001008,https://purl.humanatlas.io/vocab/hp#characteristic_of_part_of,https://purl.humanatlas.io/vocab/hp
http://purl.obolibrary.org/obo/HP_0033098,http://purl.obolibrary.org/obo/UBERON_0001008,https://purl.humanatlas.io/vocab/hp#characteristic_of,https://purl.humanatlas.io/vocab/hp
http://purl.obolibrary.org/obo/HP_0033098,http://purl.obolibrary.org/obo/UBERON_0001008,https://purl.humanatlas.io/vocab/hp#characteristic_of_part_of,https://purl.humanatlas.io/vocab/hp
http://purl.obolibrary.org/obo/HP_0033099,http://purl.obolibrary.org/obo/UBERON_0001008,https://purl.humanatlas.io/vocab/hp#characteristic_of,https://purl.humanatlas.io/vocab/hp
http://purl.obolibrary.org/obo/HP_0033099,http://purl.obolibrary.org/obo/UBERON_0001008,https://purl.humanatlas.io/vocab/hp#characteristic_of_part_of,https://purl.humanatlas.io/vocab/hp
http://purl.obolibrary.org/obo/HP_0033100,http://purl.obolibrary.org/obo/UBERON_0001008,https://purl.humanatlas.io/vocab/hp#characteristic_of,https://purl.humanatlas.io/vocab/hp
http://purl.obolibrary.org/obo/HP_0033100,http://purl.obolibrary.org/obo/UBERON_0001008,https://purl.humanatlas.io/vocab/hp#characteristic_of_part_of,https://purl.humanatlas.io/vocab/hp
http://purl.obolibrary.org/obo/HP_0033101,http://purl.obolibrary.org/obo/UBERON_0001008,https://purl.humanatlas.io/vocab/hp#characteristic_of,https://purl.humanatlas.io/vocab/hp
http://purl.obolibrary.org/obo/HP_0033101,http://purl.obolibrary.org/obo/UBERON_0001008,https://purl.humanatlas.io/vocab/hp#characteristic_of_part_of,https://purl.humanatlas.io/vocab/hp
http://purl.obolibrary.org/obo/HP_0033111,http://purl.obolibrary.org/obo/UBERON_0001008,https://purl.humanatlas.io/vocab/hp#characteristic_of,https://purl.humanatlas.io/vocab/hp
http://purl.obolibrary.org/obo/HP_0033111,http://purl.obolibrary.org/obo/UBERON_0001008,https://purl.humanatlas.io/vocab/hp#characteristic_of_part_of,https://purl.humanatlas.io/vocab/hp
http://purl.obolibrary.org/obo/HP_0033130,http://purl.obolibrary.org/obo/UBERON_0002113,https://purl.humanatlas.io/vocab/hp#characteristic_of_part_of,https://purl.humanatlas.io/vocab/hp
http://purl.obolibrary.org/obo/HP_0033130,http://purl.obolibrary.org/obo/UBERON_0011143,https://purl.humanatlas.io/vocab/hp#characteristic_of_part_of,https://purl.humanatlas.io/vocab/hp
http://purl.obolibrary.org/obo/HP_0033130,http://purl.obolibrary.org/obo/UBERON_0001008,https://purl.humanatlas.io/vocab/hp#characteristic_of_part_of,https://purl.humanatlas.io/vocab/hp
http://purl.obolibrary.org/obo/HP_0033131,http://purl.obolibrary.org/obo/UBERON_0002113,https://purl.humanatlas.io/vocab/hp#characteristic_of_part_of,https://purl.humanatlas.io/vocab/hp
http://purl.obolibrary.org/obo/HP_0033131,http://purl.obolibrary.org/obo/UBERON_0011143,https://purl.humanatlas.io/vocab/hp#characteristic_of_part_of,https://purl.humanatlas.io/vocab/hp
http://purl.obolibrary.org/obo/HP_0033131,http://purl.obolibrary.org/obo/UBERON_0001008,https://purl.humanatlas.io/vocab/hp#characteristic_of_part_of,https://purl.humanatlas.io/vocab/hp
http://purl.obolibrary.org/obo/HP_0033132,http://purl.obolibrary.org/obo/UBERON_0002113,https://purl.humanatlas.io/vocab/hp#characteristic_of_part_of,https://purl.humanatlas.io/vocab/hp
http://purl.obolibrary.org/obo/HP_0033132,http://purl.obolibrary.org/obo/UBERON_0011143,https://purl.humanatlas.io/vocab/hp#characteristic_of_part_of,https://purl.humanatlas.io/vocab/hp
http://purl.obolibrary.org/obo/HP_0033132,http://purl.obolibrary.org/obo/UBERON_0001008,https://purl.humanatlas.io/vocab/hp#characteristic_of_part_of,https://purl.humanatlas.io/vocab/hp
http://purl.obolibrary.org/obo/HP_0033133,http://purl.obolibrary.org/obo/UBERON_0002113,https://purl.humanatlas.io/vocab/hp#characteristic_of_part_of,https://purl.humanatlas.io/vocab/hp
http://purl.obolibrary.org/obo/HP_0033133,http://purl.obolibrary.org/obo/UBERON_0011143,https://purl.humanatlas.io/vocab/hp#characteristic_of_part_of,https://purl.humanatlas.io/vocab/hp
http://purl.obolibrary.org/obo/HP_0033133,http://purl.obolibrary.org/obo/UBERON_0001008,https://purl.humanatlas.io/vocab/hp#characteristic_of_part_of,https://purl.humanatlas.io/vocab/hp
http://purl.obolibrary.org/obo/HP_0033156,http://purl.obolibrary.org/obo/UBERON_0001008,https://purl.humanatlas.io/vocab/hp#characteristic_of,https://purl.humanatlas.io/vocab/hp
http://purl.obolibrary.org/obo/HP_0033156,http://purl.obolibrary.org/obo/UBERON_0001008,https://purl.humanatlas.io/vocab/hp#characteristic_of_part_of,https://purl.humanatlas.io/vocab/hp
http://purl.obolibrary.org/obo/HP_0033159,http://purl.obolibrary.org/obo/UBERON_0001008,https://purl.humanatlas.io/vocab/hp#characteristic_of,https://purl.humanatlas.io/vocab/hp
http://purl.obolibrary.org/obo/HP_0033159,http://purl.obolibrary.org/obo/UBERON_0001008,https://purl.humanatlas.io/vocab/hp#characteristic_of_part_of,https://purl.humanatlas.io/vocab/hp
http://purl.obolibrary.org/obo/HP_0033160,http://purl.obolibrary.org/obo/UBERON_0001008,https://purl.humanatlas.io/vocab/hp#characteristic_of,https://purl.humanatlas.io/vocab/hp
http://purl.obolibrary.org/obo/HP_0033160,http://purl.obolibrary.org/obo/UBERON_0001008,https://purl.humanatlas.io/vocab/hp#characteristic_of_part_of,https://purl.humanatlas.io/vocab/hp
http://purl.obolibrary.org/obo/HP_0033161,http://purl.obolibrary.org/obo/UBERON_0001008,https://purl.humanatlas.io/vocab/hp#characteristic_of,https://purl.humanatlas.io/vocab/hp
http://purl.obolibrary.org/obo/HP_0033161,http://purl.obolibrary.org/obo/UBERON_0001008,https://purl.humanatlas.io/vocab/hp#characteristic_of_part_of,https://purl.humanatlas.io/vocab/hp
http://purl.obolibrary.org/obo/HP_0033162,http://purl.obolibrary.org/obo/UBERON_0001008,https://purl.humanatlas.io/vocab/hp#characteristic_of,https://purl.humanatlas.io/vocab/hp
http://purl.obolibrary.org/obo/HP_0033162,http://purl.obolibrary.org/obo/UBERON_0001008,https://purl.humanatlas.io/vocab/hp#characteristic_of_part_of,https://purl.humanatlas.io/vocab/hp
http://purl.obolibrary.org/obo/HP_0033187,http://purl.obolibrary.org/obo/UBERON_0001008,https://purl.humanatlas.io/vocab/hp#characteristic_of,https://purl.humanatlas.io/vocab/hp
http://purl.obolibrary.org/obo/HP_0033187,http://purl.obolibrary.org/obo/UBERON_0001008,https://purl.humanatlas.io/vocab/hp#characteristic_of_part_of,https://purl.humanatlas.io/vocab/hp
http://purl.obolibrary.org/obo/HP_0033213,http://purl.obolibrary.org/obo/UBERON_0001008,https://purl.humanatlas.io/vocab/hp#characteristic_of,https://purl.humanatlas.io/vocab/hp
http://purl.obolibrary.org/obo/HP_0033213,http://purl.obolibrary.org/obo/UBERON_0001008,https://purl.humanatlas.io/vocab/hp#characteristic_of_part_of,https://purl.humanatlas.io/vocab/hp
http://purl.obolibrary.org/obo/HP_0033215,http://purl.obolibrary.org/obo/UBERON_0000074,https://purl.humanatlas.io/vocab/hp#characteristic_of_part_of,https://purl.humanatlas.io/vocab/hp
http://purl.obolibrary.org/obo/HP_0033215,http://purl.obolibrary.org/obo/UBERON_0001225,https://purl.humanatlas.io/vocab/hp#characteristic_of,https://purl.humanatlas.io/vocab/hp
http://purl.obolibrary.org/obo/HP_0033215,http://purl.obolibrary.org/obo/UBERON_0002113,https://purl.humanatlas.io/vocab/hp#characteristic_of_part_of,https://purl.humanatlas.io/vocab/hp
http://purl.obolibrary.org/obo/HP_0033215,http://purl.obolibrary.org/obo/UBERON_0011143,https://purl.humanatlas.io/vocab/hp#characteristic_of_part_of,https://purl.humanatlas.io/vocab/hp
http://purl.obolibrary.org/obo/HP_0033215,http://purl.obolibrary.org/obo/UBERON_0001008,https://purl.humanatlas.io/vocab/hp#characteristic_of_part_of,https://purl.humanatlas.io/vocab/hp
http://purl.obolibrary.org/obo/HP_0033215,http://purl.obolibrary.org/obo/UBERON_0001285,https://purl.humanatlas.io/vocab/hp#characteristic_of_part_of,https://purl.humanatlas.io/vocab/hp
http://purl.obolibrary.org/obo/HP_0033216,http://purl.obolibrary.org/obo/UBERON_0000074,https://purl.humanatlas.io/vocab/hp#characteristic_of_part_of,https://purl.humanatlas.io/vocab/hp
http://purl.obolibrary.org/obo/HP_0033216,http://purl.obolibrary.org/obo/UBERON_0001225,https://purl.humanatlas.io/vocab/hp#characteristic_of,https://purl.humanatlas.io/vocab/hp
http://purl.obolibrary.org/obo/HP_0033216,http://purl.obolibrary.org/obo/UBERON_0002113,https://purl.humanatlas.io/vocab/hp#characteristic_of_part_of,https://purl.humanatlas.io/vocab/hp
http://purl.obolibrary.org/obo/HP_0033216,http://purl.obolibrary.org/obo/UBERON_0011143,https://purl.humanatlas.io/vocab/hp#characteristic_of_part_of,https://purl.humanatlas.io/vocab/hp
http://purl.obolibrary.org/obo/HP_0033216,http://purl.obolibrary.org/obo/UBERON_0001008,https://purl.humanatlas.io/vocab/hp#characteristic_of_part_of,https://purl.humanatlas.io/vocab/hp
http://purl.obolibrary.org/obo/HP_0033216,http://purl.obolibrary.org/obo/UBERON_0001285,https://purl.humanatlas.io/vocab/hp#characteristic_of_part_of,https://purl.humanatlas.io/vocab/hp
http://purl.obolibrary.org/obo/HP_0033217,http://purl.obolibrary.org/obo/UBERON_0000074,https://purl.humanatlas.io/vocab/hp#characteristic_of_part_of,https://purl.humanatlas.io/vocab/hp
http://purl.obolibrary.org/obo/HP_0033217,http://purl.obolibrary.org/obo/UBERON_0001225,https://purl.humanatlas.io/vocab/hp#characteristic_of,https://purl.humanatlas.io/vocab/hp
http://purl.obolibrary.org/obo/HP_0033217,http://purl.obolibrary.org/obo/UBERON_0002113,https://purl.humanatlas.io/vocab/hp#characteristic_of_part_of,https://purl.humanatlas.io/vocab/hp
http://purl.obolibrary.org/obo/HP_0033217,http://purl.obolibrary.org/obo/UBERON_0011143,https://purl.humanatlas.io/vocab/hp#characteristic_of_part_of,https://purl.humanatlas.io/vocab/hp
http://purl.obolibrary.org/obo/HP_0033217,http://purl.obolibrary.org/obo/UBERON_0001008,https://purl.humanatlas.io/vocab/hp#characteristic_of_part_of,https://purl.humanatlas.io/vocab/hp
http://purl.obolibrary.org/obo/HP_0033217,http://purl.obolibrary.org/obo/UBERON_0001285,https://purl.humanatlas.io/vocab/hp#characteristic_of_part_of,https://purl.humanatlas.io/vocab/hp
http://purl.obolibrary.org/obo/HP_0033218,http://purl.obolibrary.org/obo/UBERON_0000074,https://purl.humanatlas.io/vocab/hp#characteristic_of_part_of,https://purl.humanatlas.io/vocab/hp
http://purl.obolibrary.org/obo/HP_0033218,http://purl.obolibrary.org/obo/UBERON_0001225,https://purl.humanatlas.io/vocab/hp#characteristic_of,https://purl.humanatlas.io/vocab/hp
http://purl.obolibrary.org/obo/HP_0033218,http://purl.obolibrary.org/obo/UBERON_0002113,https://purl.humanatlas.io/vocab/hp#characteristic_of_part_of,https://purl.humanatlas.io/vocab/hp
http://purl.obolibrary.org/obo/HP_0033218,http://purl.obolibrary.org/obo/UBERON_0011143,https://purl.humanatlas.io/vocab/hp#characteristic_of_part_of,https://purl.humanatlas.io/vocab/hp
http://purl.obolibrary.org/obo/HP_0033218,http://purl.obolibrary.org/obo/UBERON_0001008,https://purl.humanatlas.io/vocab/hp#characteristic_of_part_of,https://purl.humanatlas.io/vocab/hp
http://purl.obolibrary.org/obo/HP_0033218,http://purl.obolibrary.org/obo/UBERON_0001285,https://purl.humanatlas.io/vocab/hp#characteristic_of_part_of,https://purl.humanatlas.io/vocab/hp
http://purl.obolibrary.org/obo/HP_0033219,http://purl.obolibrary.org/obo/UBERON_0000074,https://purl.humanatlas.io/vocab/hp#characteristic_of_part_of,https://purl.humanatlas.io/vocab/hp
http://purl.obolibrary.org/obo/HP_0033219,http://purl.obolibrary.org/obo/UBERON_0001225,https://purl.humanatlas.io/vocab/hp#characteristic_of,https://purl.humanatlas.io/vocab/hp
http://purl.obolibrary.org/obo/HP_0033219,http://purl.obolibrary.org/obo/UBERON_0002113,https://purl.humanatlas.io/vocab/hp#characteristic_of_part_of,https://purl.humanatlas.io/vocab/hp
http://purl.obolibrary.org/obo/HP_0033219,http://purl.obolibrary.org/obo/UBERON_0011143,https://purl.humanatlas.io/vocab/hp#characteristic_of_part_of,https://purl.humanatlas.io/vocab/hp
http://purl.obolibrary.org/obo/HP_0033219,http://purl.obolibrary.org/obo/UBERON_0001008,https://purl.humanatlas.io/vocab/hp#characteristic_of_part_of,https://purl.humanatlas.io/vocab/hp
http://purl.obolibrary.org/obo/HP_0033219,http://purl.obolibrary.org/obo/UBERON_0001285,https://purl.humanatlas.io/vocab/hp#characteristic_of_part_of,https://purl.humanatlas.io/vocab/hp
http://purl.obolibrary.org/obo/HP_0033220,http://purl.obolibrary.org/obo/UBERON_0001008,https://purl.humanatlas.io/vocab/hp#characteristic_of,https://purl.humanatlas.io/vocab/hp
http://purl.obolibrary.org/obo/HP_0033220,http://purl.obolibrary.org/obo/UBERON_0001008,https://purl.humanatlas.io/vocab/hp#characteristic_of_part_of,https://purl.humanatlas.io/vocab/hp
http://purl.obolibrary.org/obo/HP_0033223,http://purl.obolibrary.org/obo/UBERON_0001225,https://purl.humanatlas.io/vocab/hp#characteristic_of,https://purl.humanatlas.io/vocab/hp
http://purl.obolibrary.org/obo/HP_0033223,http://purl.obolibrary.org/obo/UBERON_0002113,https://purl.humanatlas.io/vocab/hp#characteristic_of_part_of,https://purl.humanatlas.io/vocab/hp
http://purl.obolibrary.org/obo/HP_0033223,http://purl.obolibrary.org/obo/UBERON_0011143,https://purl.humanatlas.io/vocab/hp#characteristic_of_part_of,https://purl.humanatlas.io/vocab/hp
http://purl.obolibrary.org/obo/HP_0033223,http://purl.obolibrary.org/obo/UBERON_0001008,https://purl.humanatlas.io/vocab/hp#characteristic_of_part_of,https://purl.humanatlas.io/vocab/hp
http://purl.obolibrary.org/obo/HP_0033223,http://purl.obolibrary.org/obo/UBERON_0001285,https://purl.humanatlas.io/vocab/hp#characteristic_of_part_of,https://purl.humanatlas.io/vocab/hp
http://purl.obolibrary.org/obo/HP_0033224,http://purl.obolibrary.org/obo/UBERON_0001225,https://purl.humanatlas.io/vocab/hp#characteristic_of,https://purl.humanatlas.io/vocab/hp
http://purl.obolibrary.org/obo/HP_0033224,http://purl.obolibrary.org/obo/UBERON_0002113,https://purl.humanatlas.io/vocab/hp#characteristic_of_part_of,https://purl.humanatlas.io/vocab/hp
http://purl.obolibrary.org/obo/HP_0033224,http://purl.obolibrary.org/obo/UBERON_0011143,https://purl.humanatlas.io/vocab/hp#characteristic_of_part_of,https://purl.humanatlas.io/vocab/hp
http://purl.obolibrary.org/obo/HP_0033224,http://purl.obolibrary.org/obo/UBERON_0001008,https://purl.humanatlas.io/vocab/hp#characteristic_of_part_of,https://purl.humanatlas.io/vocab/hp
http://purl.obolibrary.org/obo/HP_0033224,http://purl.obolibrary.org/obo/UBERON_0001285,https://purl.humanatlas.io/vocab/hp#characteristic_of_part_of,https://purl.humanatlas.io/vocab/hp
http://purl.obolibrary.org/obo/HP_0033225,http://purl.obolibrary.org/obo/UBERON_0001225,https://purl.humanatlas.io/vocab/hp#characteristic_of,https://purl.humanatlas.io/vocab/hp
http://purl.obolibrary.org/obo/HP_0033225,http://purl.obolibrary.org/obo/UBERON_0002113,https://purl.humanatlas.io/vocab/hp#characteristic_of_part_of,https://purl.humanatlas.io/vocab/hp
http://purl.obolibrary.org/obo/HP_0033225,http://purl.obolibrary.org/obo/UBERON_0011143,https://purl.humanatlas.io/vocab/hp#characteristic_of_part_of,https://purl.humanatlas.io/vocab/hp
http://purl.obolibrary.org/obo/HP_0033225,http://purl.obolibrary.org/obo/UBERON_0001008,https://purl.humanatlas.io/vocab/hp#characteristic_of_part_of,https://purl.humanatlas.io/vocab/hp
http://purl.obolibrary.org/obo/HP_0033225,http://purl.obolibrary.org/obo/UBERON_0001285,https://purl.humanatlas.io/vocab/hp#characteristic_of_part_of,https://purl.humanatlas.io/vocab/hp
http://purl.obolibrary.org/obo/HP_0033226,http://purl.obolibrary.org/obo/UBERON_0001225,https://purl.humanatlas.io/vocab/hp#characteristic_of,https://purl.humanatlas.io/vocab/hp
http://purl.obolibrary.org/obo/HP_0033226,http://purl.obolibrary.org/obo/UBERON_0002113,https://purl.humanatlas.io/vocab/hp#characteristic_of_part_of,https://purl.humanatlas.io/vocab/hp
http://purl.obolibrary.org/obo/HP_0033226,http://purl.obolibrary.org/obo/UBERON_0011143,https://purl.humanatlas.io/vocab/hp#characteristic_of_part_of,https://purl.humanatlas.io/vocab/hp
http://purl.obolibrary.org/obo/HP_0033226,http://purl.obolibrary.org/obo/UBERON_0001008,https://purl.humanatlas.io/vocab/hp#characteristic_of_part_of,https://purl.humanatlas.io/vocab/hp
http://purl.obolibrary.org/obo/HP_0033226,http://purl.obolibrary.org/obo/UBERON_0001285,https://purl.humanatlas.io/vocab/hp#characteristic_of_part_of,https://purl.humanatlas.io/vocab/hp
http://purl.obolibrary.org/obo/HP_0033227,http://purl.obolibrary.org/obo/UBERON_0000074,https://purl.humanatlas.io/vocab/hp#characteristic_of_part_of,https://purl.humanatlas.io/vocab/hp
http://purl.obolibrary.org/obo/HP_0033227,http://purl.obolibrary.org/obo/UBERON_0001225,https://purl.humanatlas.io/vocab/hp#characteristic_of,https://purl.humanatlas.io/vocab/hp
http://purl.obolibrary.org/obo/HP_0033227,http://purl.obolibrary.org/obo/UBERON_0002113,https://purl.humanatlas.io/vocab/hp#characteristic_of_part_of,https://purl.humanatlas.io/vocab/hp
http://purl.obolibrary.org/obo/HP_0033227,http://purl.obolibrary.org/obo/UBERON_0011143,https://purl.humanatlas.io/vocab/hp#characteristic_of_part_of,https://purl.humanatlas.io/vocab/hp
http://purl.obolibrary.org/obo/HP_0033227,http://purl.obolibrary.org/obo/UBERON_0001008,https://purl.humanatlas.io/vocab/hp#characteristic_of_part_of,https://purl.humanatlas.io/vocab/hp
http://purl.obolibrary.org/obo/HP_0033227,http://purl.obolibrary.org/obo/UBERON_0001285,https://purl.humanatlas.io/vocab/hp#characteristic_of_part_of,https://purl.humanatlas.io/vocab/hp
http://purl.obolibrary.org/obo/HP_0033231,http://purl.obolibrary.org/obo/UBERON_0002319,https://purl.humanatlas.io/vocab/hp#characteristic_of_part_of,https://purl.humanatlas.io/vocab/hp
http://purl.obolibrary.org/obo/HP_0033231,http://purl.obolibrary.org/obo/UBERON_0000074,https://purl.humanatlas.io/vocab/hp#characteristic_of_part_of,https://purl.humanatlas.io/vocab/hp
http://purl.obolibrary.org/obo/HP_0033231,http://purl.obolibrary.org/obo/UBERON_0001225,https://purl.humanatlas.io/vocab/hp#characteristic_of,https://purl.humanatlas.io/vocab/hp
http://purl.obolibrary.org/obo/HP_0033231,http://purl.obolibrary.org/obo/UBERON_0002113,https://purl.humanatlas.io/vocab/hp#characteristic_of_part_of,https://purl.humanatlas.io/vocab/hp
http://purl.obolibrary.org/obo/HP_0033231,http://purl.obolibrary.org/obo/UBERON_0011143,https://purl.humanatlas.io/vocab/hp#characteristic_of_part_of,https://purl.humanatlas.io/vocab/hp
http://purl.obolibrary.org/obo/HP_0033231,http://purl.obolibrary.org/obo/UBERON_0001008,https://purl.humanatlas.io/vocab/hp#characteristic_of_part_of,https://purl.humanatlas.io/vocab/hp
http://purl.obolibrary.org/obo/HP_0033231,http://purl.obolibrary.org/obo/UBERON_0001285,https://purl.humanatlas.io/vocab/hp#characteristic_of_part_of,https://purl.humanatlas.io/vocab/hp
http://purl.obolibrary.org/obo/HP_0033232,http://purl.obolibrary.org/obo/UBERON_0002319,https://purl.humanatlas.io/vocab/hp#characteristic_of_part_of,https://purl.humanatlas.io/vocab/hp
http://purl.obolibrary.org/obo/HP_0033232,http://purl.obolibrary.org/obo/UBERON_0000074,https://purl.humanatlas.io/vocab/hp#characteristic_of_part_of,https://purl.humanatlas.io/vocab/hp
http://purl.obolibrary.org/obo/HP_0033232,http://purl.obolibrary.org/obo/UBERON_0001225,https://purl.humanatlas.io/vocab/hp#characteristic_of,https://purl.humanatlas.io/vocab/hp
http://purl.obolibrary.org/obo/HP_0033232,http://purl.obolibrary.org/obo/UBERON_0002113,https://purl.humanatlas.io/vocab/hp#characteristic_of_part_of,https://purl.humanatlas.io/vocab/hp
http://purl.obolibrary.org/obo/HP_0033232,http://purl.obolibrary.org/obo/UBERON_0011143,https://purl.humanatlas.io/vocab/hp#characteristic_of_part_of,https://purl.humanatlas.io/vocab/hp
http://purl.obolibrary.org/obo/HP_0033232,http://purl.obolibrary.org/obo/UBERON_0001008,https://purl.humanatlas.io/vocab/hp#characteristic_of_part_of,https://purl.humanatlas.io/vocab/hp
http://purl.obolibrary.org/obo/HP_0033232,http://purl.obolibrary.org/obo/UBERON_0001285,https://purl.humanatlas.io/vocab/hp#characteristic_of_part_of,https://purl.humanatlas.io/vocab/hp
http://purl.obolibrary.org/obo/HP_0033233,http://purl.obolibrary.org/obo/UBERON_0002319,https://purl.humanatlas.io/vocab/hp#characteristic_of_part_of,https://purl.humanatlas.io/vocab/hp
http://purl.obolibrary.org/obo/HP_0033233,http://purl.obolibrary.org/obo/UBERON_0000074,https://purl.humanatlas.io/vocab/hp#characteristic_of_part_of,https://purl.humanatlas.io/vocab/hp
http://purl.obolibrary.org/obo/HP_0033233,http://purl.obolibrary.org/obo/UBERON_0001225,https://purl.humanatlas.io/vocab/hp#characteristic_of,https://purl.humanatlas.io/vocab/hp
http://purl.obolibrary.org/obo/HP_0033233,http://purl.obolibrary.org/obo/UBERON_0002113,https://purl.humanatlas.io/vocab/hp#characteristic_of_part_of,https://purl.humanatlas.io/vocab/hp
http://purl.obolibrary.org/obo/HP_0033233,http://purl.obolibrary.org/obo/UBERON_0011143,https://purl.humanatlas.io/vocab/hp#characteristic_of_part_of,https://purl.humanatlas.io/vocab/hp
http://purl.obolibrary.org/obo/HP_0033233,http://purl.obolibrary.org/obo/UBERON_0001008,https://purl.humanatlas.io/vocab/hp#characteristic_of_part_of,https://purl.humanatlas.io/vocab/hp
http://purl.obolibrary.org/obo/HP_0033233,http://purl.obolibrary.org/obo/UBERON_0001285,https://purl.humanatlas.io/vocab/hp#characteristic_of_part_of,https://purl.humanatlas.io/vocab/hp
http://purl.obolibrary.org/obo/HP_0033234,http://purl.obolibrary.org/obo/UBERON_0002319,https://purl.humanatlas.io/vocab/hp#characteristic_of_part_of,https://purl.humanatlas.io/vocab/hp
http://purl.obolibrary.org/obo/HP_0033234,http://purl.obolibrary.org/obo/UBERON_0000074,https://purl.humanatlas.io/vocab/hp#characteristic_of_part_of,https://purl.humanatlas.io/vocab/hp
http://purl.obolibrary.org/obo/HP_0033234,http://purl.obolibrary.org/obo/UBERON_0001225,https://purl.humanatlas.io/vocab/hp#characteristic_of,https://purl.humanatlas.io/vocab/hp
http://purl.obolibrary.org/obo/HP_0033234,http://purl.obolibrary.org/obo/UBERON_0002113,https://purl.humanatlas.io/vocab/hp#characteristic_of_part_of,https://purl.humanatlas.io/vocab/hp
http://purl.obolibrary.org/obo/HP_0033234,http://purl.obolibrary.org/obo/UBERON_0011143,https://purl.humanatlas.io/vocab/hp#characteristic_of_part_of,https://purl.humanatlas.io/vocab/hp
http://purl.obolibrary.org/obo/HP_0033234,http://purl.obolibrary.org/obo/UBERON_0001008,https://purl.humanatlas.io/vocab/hp#characteristic_of_part_of,https://purl.humanatlas.io/vocab/hp
http://purl.obolibrary.org/obo/HP_0033234,http://purl.obolibrary.org/obo/UBERON_0001285,https://purl.humanatlas.io/vocab/hp#characteristic_of_part_of,https://purl.humanatlas.io/vocab/hp
http://purl.obolibrary.org/obo/HP_0033237,http://purl.obolibrary.org/obo/UBERON_0001225,https://purl.humanatlas.io/vocab/hp#characteristic_of,https://purl.humanatlas.io/vocab/hp
http://purl.obolibrary.org/obo/HP_0033237,http://purl.obolibrary.org/obo/UBERON_0002113,https://purl.humanatlas.io/vocab/hp#characteristic_of_part_of,https://purl.humanatlas.io/vocab/hp
http://purl.obolibrary.org/obo/HP_0033237,http://purl.obolibrary.org/obo/UBERON_0011143,https://purl.humanatlas.io/vocab/hp#characteristic_of_part_of,https://purl.humanatlas.io/vocab/hp
http://purl.obolibrary.org/obo/HP_0033237,http://purl.obolibrary.org/obo/UBERON_0001008,https://purl.humanatlas.io/vocab/hp#characteristic_of_part_of,https://purl.humanatlas.io/vocab/hp
http://purl.obolibrary.org/obo/HP_0033237,http://purl.obolibrary.org/obo/UBERON_0001285,https://purl.humanatlas.io/vocab/hp#characteristic_of_part_of,https://purl.humanatlas.io/vocab/hp
http://purl.obolibrary.org/obo/HP_0033238,http://purl.obolibrary.org/obo/UBERON_0001225,https://purl.humanatlas.io/vocab/hp#characteristic_of,https://purl.humanatlas.io/vocab/hp
http://purl.obolibrary.org/obo/HP_0033238,http://purl.obolibrary.org/obo/UBERON_0002113,https://purl.humanatlas.io/vocab/hp#characteristic_of_part_of,https://purl.humanatlas.io/vocab/hp
http://purl.obolibrary.org/obo/HP_0033238,http://purl.obolibrary.org/obo/UBERON_0011143,https://purl.humanatlas.io/vocab/hp#characteristic_of_part_of,https://purl.humanatlas.io/vocab/hp
http://purl.obolibrary.org/obo/HP_0033238,http://purl.obolibrary.org/obo/UBERON_0001008,https://purl.humanatlas.io/vocab/hp#characteristic_of_part_of,https://purl.humanatlas.io/vocab/hp
http://purl.obolibrary.org/obo/HP_0033238,http://purl.obolibrary.org/obo/UBERON_0001285,https://purl.humanatlas.io/vocab/hp#characteristic_of_part_of,https://purl.humanatlas.io/vocab/hp
http://purl.obolibrary.org/obo/HP_0033239,http://purl.obolibrary.org/obo/UBERON_0001225,https://purl.humanatlas.io/vocab/hp#characteristic_of,https://purl.humanatlas.io/vocab/hp
http://purl.obolibrary.org/obo/HP_0033239,http://purl.obolibrary.org/obo/UBERON_0002113,https://purl.humanatlas.io/vocab/hp#characteristic_of_part_of,https://purl.humanatlas.io/vocab/hp
http://purl.obolibrary.org/obo/HP_0033239,http://purl.obolibrary.org/obo/UBERON_0011143,https://purl.humanatlas.io/vocab/hp#characteristic_of_part_of,https://purl.humanatlas.io/vocab/hp
http://purl.obolibrary.org/obo/HP_0033239,http://purl.obolibrary.org/obo/UBERON_0001008,https://purl.humanatlas.io/vocab/hp#characteristic_of_part_of,https://purl.humanatlas.io/vocab/hp
http://purl.obolibrary.org/obo/HP_0033239,http://purl.obolibrary.org/obo/UBERON_0001285,https://purl.humanatlas.io/vocab/hp#characteristic_of_part_of,https://purl.humanatlas.io/vocab/hp
http://purl.obolibrary.org/obo/HP_0033261,http://purl.obolibrary.org/obo/UBERON_0002113,https://purl.humanatlas.io/vocab/hp#characteristic_of_part_of,https://purl.humanatlas.io/vocab/hp
http://purl.obolibrary.org/obo/HP_0033261,http://purl.obolibrary.org/obo/UBERON_0011143,https://purl.humanatlas.io/vocab/hp#characteristic_of_part_of,https://purl.humanatlas.io/vocab/hp
http://purl.obolibrary.org/obo/HP_0033261,http://purl.obolibrary.org/obo/UBERON_0001008,https://purl.humanatlas.io/vocab/hp#characteristic_of_part_of,https://purl.humanatlas.io/vocab/hp
http://purl.obolibrary.org/obo/HP_0033265,http://purl.obolibrary.org/obo/UBERON_0001225,https://purl.humanatlas.io/vocab/hp#characteristic_of,https://purl.humanatlas.io/vocab/hp
http://purl.obolibrary.org/obo/HP_0033265,http://purl.obolibrary.org/obo/UBERON_0002113,https://purl.humanatlas.io/vocab/hp#characteristic_of_part_of,https://purl.humanatlas.io/vocab/hp
http://purl.obolibrary.org/obo/HP_0033265,http://purl.obolibrary.org/obo/UBERON_0011143,https://purl.humanatlas.io/vocab/hp#characteristic_of_part_of,https://purl.humanatlas.io/vocab/hp
http://purl.obolibrary.org/obo/HP_0033265,http://purl.obolibrary.org/obo/UBERON_0001008,https://purl.humanatlas.io/vocab/hp#characteristic_of_part_of,https://purl.humanatlas.io/vocab/hp
http://purl.obolibrary.org/obo/HP_0033265,http://purl.obolibrary.org/obo/UBERON_0001285,https://purl.humanatlas.io/vocab/hp#characteristic_of_part_of,https://purl.humanatlas.io/vocab/hp
http://purl.obolibrary.org/obo/HP_0033266,http://purl.obolibrary.org/obo/UBERON_0001225,https://purl.humanatlas.io/vocab/hp#characteristic_of,https://purl.humanatlas.io/vocab/hp
http://purl.obolibrary.org/obo/HP_0033266,http://purl.obolibrary.org/obo/UBERON_0002113,https://purl.humanatlas.io/vocab/hp#characteristic_of_part_of,https://purl.humanatlas.io/vocab/hp
http://purl.obolibrary.org/obo/HP_0033266,http://purl.obolibrary.org/obo/UBERON_0011143,https://purl.humanatlas.io/vocab/hp#characteristic_of_part_of,https://purl.humanatlas.io/vocab/hp
http://purl.obolibrary.org/obo/HP_0033266,http://purl.obolibrary.org/obo/UBERON_0001008,https://purl.humanatlas.io/vocab/hp#characteristic_of_part_of,https://purl.humanatlas.io/vocab/hp
http://purl.obolibrary.org/obo/HP_0033266,http://purl.obolibrary.org/obo/UBERON_0001285,https://purl.humanatlas.io/vocab/hp#characteristic_of_part_of,https://purl.humanatlas.io/vocab/hp
http://purl.obolibrary.org/obo/HP_0033267,http://purl.obolibrary.org/obo/UBERON_0000074,https://purl.humanatlas.io/vocab/hp#characteristic_of_part_of,https://purl.humanatlas.io/vocab/hp
http://purl.obolibrary.org/obo/HP_0033267,http://purl.obolibrary.org/obo/UBERON_0001225,https://purl.humanatlas.io/vocab/hp#characteristic_of,https://purl.humanatlas.io/vocab/hp
http://purl.obolibrary.org/obo/HP_0033267,http://purl.obolibrary.org/obo/UBERON_0002113,https://purl.humanatlas.io/vocab/hp#characteristic_of_part_of,https://purl.humanatlas.io/vocab/hp
http://purl.obolibrary.org/obo/HP_0033267,http://purl.obolibrary.org/obo/UBERON_0011143,https://purl.humanatlas.io/vocab/hp#characteristic_of_part_of,https://purl.humanatlas.io/vocab/hp
http://purl.obolibrary.org/obo/HP_0033267,http://purl.obolibrary.org/obo/UBERON_0001008,https://purl.humanatlas.io/vocab/hp#characteristic_of_part_of,https://purl.humanatlas.io/vocab/hp
http://purl.obolibrary.org/obo/HP_0033267,http://purl.obolibrary.org/obo/UBERON_0001285,https://purl.humanatlas.io/vocab/hp#characteristic_of_part_of,https://purl.humanatlas.io/vocab/hp
http://purl.obolibrary.org/obo/HP_0033268,http://purl.obolibrary.org/obo/UBERON_0000074,https://purl.humanatlas.io/vocab/hp#characteristic_of_part_of,https://purl.humanatlas.io/vocab/hp
http://purl.obolibrary.org/obo/HP_0033268,http://purl.obolibrary.org/obo/UBERON_0001225,https://purl.humanatlas.io/vocab/hp#characteristic_of,https://purl.humanatlas.io/vocab/hp
http://purl.obolibrary.org/obo/HP_0033268,http://purl.obolibrary.org/obo/UBERON_0002113,https://purl.humanatlas.io/vocab/hp#characteristic_of_part_of,https://purl.humanatlas.io/vocab/hp
http://purl.obolibrary.org/obo/HP_0033268,http://purl.obolibrary.org/obo/UBERON_0011143,https://purl.humanatlas.io/vocab/hp#characteristic_of_part_of,https://purl.humanatlas.io/vocab/hp
http://purl.obolibrary.org/obo/HP_0033268,http://purl.obolibrary.org/obo/UBERON_0001008,https://purl.humanatlas.io/vocab/hp#characteristic_of_part_of,https://purl.humanatlas.io/vocab/hp
http://purl.obolibrary.org/obo/HP_0033268,http://purl.obolibrary.org/obo/UBERON_0001285,https://purl.humanatlas.io/vocab/hp#characteristic_of_part_of,https://purl.humanatlas.io/vocab/hp
http://purl.obolibrary.org/obo/HP_0033269,http://purl.obolibrary.org/obo/UBERON_0000074,https://purl.humanatlas.io/vocab/hp#characteristic_of_part_of,https://purl.humanatlas.io/vocab/hp
http://purl.obolibrary.org/obo/HP_0033269,http://purl.obolibrary.org/obo/UBERON_0001225,https://purl.humanatlas.io/vocab/hp#characteristic_of,https://purl.humanatlas.io/vocab/hp
http://purl.obolibrary.org/obo/HP_0033269,http://purl.obolibrary.org/obo/UBERON_0002113,https://purl.humanatlas.io/vocab/hp#characteristic_of_part_of,https://purl.humanatlas.io/vocab/hp
http://purl.obolibrary.org/obo/HP_0033269,http://purl.obolibrary.org/obo/UBERON_0011143,https://purl.humanatlas.io/vocab/hp#characteristic_of_part_of,https://purl.humanatlas.io/vocab/hp
http://purl.obolibrary.org/obo/HP_0033269,http://purl.obolibrary.org/obo/UBERON_0001008,https://purl.humanatlas.io/vocab/hp#characteristic_of_part_of,https://purl.humanatlas.io/vocab/hp
http://purl.obolibrary.org/obo/HP_0033269,http://purl.obolibrary.org/obo/UBERON_0001285,https://purl.humanatlas.io/vocab/hp#characteristic_of_part_of,https://purl.humanatlas.io/vocab/hp
http://purl.obolibrary.org/obo/HP_0033270,http://purl.obolibrary.org/obo/UBERON_0000074,https://purl.humanatlas.io/vocab/hp#characteristic_of_part_of,https://purl.humanatlas.io/vocab/hp
http://purl.obolibrary.org/obo/HP_0033270,http://purl.obolibrary.org/obo/UBERON_0001225,https://purl.humanatlas.io/vocab/hp#characteristic_of,https://purl.humanatlas.io/vocab/hp
http://purl.obolibrary.org/obo/HP_0033270,http://purl.obolibrary.org/obo/UBERON_0002113,https://purl.humanatlas.io/vocab/hp#characteristic_of_part_of,https://purl.humanatlas.io/vocab/hp
http://purl.obolibrary.org/obo/HP_0033270,http://purl.obolibrary.org/obo/UBERON_0011143,https://purl.humanatlas.io/vocab/hp#characteristic_of_part_of,https://purl.humanatlas.io/vocab/hp
http://purl.obolibrary.org/obo/HP_0033270,http://purl.obolibrary.org/obo/UBERON_0001008,https://purl.humanatlas.io/vocab/hp#characteristic_of_part_of,https://purl.humanatlas.io/vocab/hp
http://purl.obolibrary.org/obo/HP_0033270,http://purl.obolibrary.org/obo/UBERON_0001285,https://purl.humanatlas.io/vocab/hp#characteristic_of_part_of,https://purl.humanatlas.io/vocab/hp
http://purl.obolibrary.org/obo/HP_0033271,http://purl.obolibrary.org/obo/UBERON_0000074,https://purl.humanatlas.io/vocab/hp#characteristic_of_part_of,https://purl.humanatlas.io/vocab/hp
http://purl.obolibrary.org/obo/HP_0033271,http://purl.obolibrary.org/obo/UBERON_0001225,https://purl.humanatlas.io/vocab/hp#characteristic_of,https://purl.humanatlas.io/vocab/hp
http://purl.obolibrary.org/obo/HP_0033271,http://purl.obolibrary.org/obo/UBERON_0002113,https://purl.humanatlas.io/vocab/hp#characteristic_of_part_of,https://purl.humanatlas.io/vocab/hp
http://purl.obolibrary.org/obo/HP_0033271,http://purl.obolibrary.org/obo/UBERON_0011143,https://purl.humanatlas.io/vocab/hp#characteristic_of_part_of,https://purl.humanatlas.io/vocab/hp
http://purl.obolibrary.org/obo/HP_0033271,http://purl.obolibrary.org/obo/UBERON_0001008,https://purl.humanatlas.io/vocab/hp#characteristic_of_part_of,https://purl.humanatlas.io/vocab/hp
http://purl.obolibrary.org/obo/HP_0033271,http://purl.obolibrary.org/obo/UBERON_0001285,https://purl.humanatlas.io/vocab/hp#characteristic_of_part_of,https://purl.humanatlas.io/vocab/hp
http://purl.obolibrary.org/obo/HP_0033272,http://purl.obolibrary.org/obo/UBERON_0000074,https://purl.humanatlas.io/vocab/hp#characteristic_of_part_of,https://purl.humanatlas.io/vocab/hp
http://purl.obolibrary.org/obo/HP_0033272,http://purl.obolibrary.org/obo/UBERON_0001225,https://purl.humanatlas.io/vocab/hp#characteristic_of,https://purl.humanatlas.io/vocab/hp
http://purl.obolibrary.org/obo/HP_0033272,http://purl.obolibrary.org/obo/UBERON_0002113,https://purl.humanatlas.io/vocab/hp#characteristic_of_part_of,https://purl.humanatlas.io/vocab/hp
http://purl.obolibrary.org/obo/HP_0033272,http://purl.obolibrary.org/obo/UBERON_0011143,https://purl.humanatlas.io/vocab/hp#characteristic_of_part_of,https://purl.humanatlas.io/vocab/hp
http://purl.obolibrary.org/obo/HP_0033272,http://purl.obolibrary.org/obo/UBERON_0001008,https://purl.humanatlas.io/vocab/hp#characteristic_of_part_of,https://purl.humanatlas.io/vocab/hp
http://purl.obolibrary.org/obo/HP_0033272,http://purl.obolibrary.org/obo/UBERON_0001285,https://purl.humanatlas.io/vocab/hp#characteristic_of_part_of,https://purl.humanatlas.io/vocab/hp
http://purl.obolibrary.org/obo/HP_0033273,http://purl.obolibrary.org/obo/UBERON_0000074,https://purl.humanatlas.io/vocab/hp#characteristic_of_part_of,https://purl.humanatlas.io/vocab/hp
http://purl.obolibrary.org/obo/HP_0033273,http://purl.obolibrary.org/obo/UBERON_0001225,https://purl.humanatlas.io/vocab/hp#characteristic_of,https://purl.humanatlas.io/vocab/hp
http://purl.obolibrary.org/obo/HP_0033273,http://purl.obolibrary.org/obo/UBERON_0002113,https://purl.humanatlas.io/vocab/hp#characteristic_of_part_of,https://purl.humanatlas.io/vocab/hp
http://purl.obolibrary.org/obo/HP_0033273,http://purl.obolibrary.org/obo/UBERON_0011143,https://purl.humanatlas.io/vocab/hp#characteristic_of_part_of,https://purl.humanatlas.io/vocab/hp
http://purl.obolibrary.org/obo/HP_0033273,http://purl.obolibrary.org/obo/UBERON_0001008,https://purl.humanatlas.io/vocab/hp#characteristic_of_part_of,https://purl.humanatlas.io/vocab/hp
http://purl.obolibrary.org/obo/HP_0033273,http://purl.obolibrary.org/obo/UBERON_0001285,https://purl.humanatlas.io/vocab/hp#characteristic_of_part_of,https://purl.humanatlas.io/vocab/hp
http://purl.obolibrary.org/obo/HP_0033274,http://purl.obolibrary.org/obo/UBERON_0000074,https://purl.humanatlas.io/vocab/hp#characteristic_of_part_of,https://purl.humanatlas.io/vocab/hp
http://purl.obolibrary.org/obo/HP_0033274,http://purl.obolibrary.org/obo/UBERON_0001225,https://purl.humanatlas.io/vocab/hp#characteristic_of,https://purl.humanatlas.io/vocab/hp
http://purl.obolibrary.org/obo/HP_0033274,http://purl.obolibrary.org/obo/UBERON_0002113,https://purl.humanatlas.io/vocab/hp#characteristic_of_part_of,https://purl.humanatlas.io/vocab/hp
http://purl.obolibrary.org/obo/HP_0033274,http://purl.obolibrary.org/obo/UBERON_0011143,https://purl.humanatlas.io/vocab/hp#characteristic_of_part_of,https://purl.humanatlas.io/vocab/hp
http://purl.obolibrary.org/obo/HP_0033274,http://purl.obolibrary.org/obo/UBERON_0001008,https://purl.humanatlas.io/vocab/hp#characteristic_of_part_of,https://purl.humanatlas.io/vocab/hp
http://purl.obolibrary.org/obo/HP_0033274,http://purl.obolibrary.org/obo/UBERON_0001285,https://purl.humanatlas.io/vocab/hp#characteristic_of_part_of,https://purl.humanatlas.io/vocab/hp
http://purl.obolibrary.org/obo/HP_0033275,http://purl.obolibrary.org/obo/UBERON_0000074,https://purl.humanatlas.io/vocab/hp#characteristic_of_part_of,https://purl.humanatlas.io/vocab/hp
http://purl.obolibrary.org/obo/HP_0033275,http://purl.obolibrary.org/obo/UBERON_0001225,https://purl.humanatlas.io/vocab/hp#characteristic_of,https://purl.humanatlas.io/vocab/hp
http://purl.obolibrary.org/obo/HP_0033275,http://purl.obolibrary.org/obo/UBERON_0002113,https://purl.humanatlas.io/vocab/hp#characteristic_of_part_of,https://purl.humanatlas.io/vocab/hp
http://purl.obolibrary.org/obo/HP_0033275,http://purl.obolibrary.org/obo/UBERON_0011143,https://purl.humanatlas.io/vocab/hp#characteristic_of_part_of,https://purl.humanatlas.io/vocab/hp
http://purl.obolibrary.org/obo/HP_0033275,http://purl.obolibrary.org/obo/UBERON_0001008,https://purl.humanatlas.io/vocab/hp#characteristic_of_part_of,https://purl.humanatlas.io/vocab/hp
http://purl.obolibrary.org/obo/HP_0033275,http://purl.obolibrary.org/obo/UBERON_0001285,https://purl.humanatlas.io/vocab/hp#characteristic_of_part_of,https://purl.humanatlas.io/vocab/hp
http://purl.obolibrary.org/obo/HP_0033277,http://purl.obolibrary.org/obo/UBERON_0000074,https://purl.humanatlas.io/vocab/hp#characteristic_of_part_of,https://purl.humanatlas.io/vocab/hp
http://purl.obolibrary.org/obo/HP_0033277,http://purl.obolibrary.org/obo/UBERON_0001225,https://purl.humanatlas.io/vocab/hp#characteristic_of,https://purl.humanatlas.io/vocab/hp
http://purl.obolibrary.org/obo/HP_0033277,http://purl.obolibrary.org/obo/UBERON_0002113,https://purl.humanatlas.io/vocab/hp#characteristic_of_part_of,https://purl.humanatlas.io/vocab/hp
http://purl.obolibrary.org/obo/HP_0033277,http://purl.obolibrary.org/obo/UBERON_0011143,https://purl.humanatlas.io/vocab/hp#characteristic_of_part_of,https://purl.humanatlas.io/vocab/hp
http://purl.obolibrary.org/obo/HP_0033277,http://purl.obolibrary.org/obo/UBERON_0001008,https://purl.humanatlas.io/vocab/hp#characteristic_of_part_of,https://purl.humanatlas.io/vocab/hp
http://purl.obolibrary.org/obo/HP_0033277,http://purl.obolibrary.org/obo/UBERON_0001285,https://purl.humanatlas.io/vocab/hp#characteristic_of_part_of,https://purl.humanatlas.io/vocab/hp
http://purl.obolibrary.org/obo/HP_0033282,http://purl.obolibrary.org/obo/UBERON_0000074,https://purl.humanatlas.io/vocab/hp#characteristic_of_part_of,https://purl.humanatlas.io/vocab/hp
http://purl.obolibrary.org/obo/HP_0033282,http://purl.obolibrary.org/obo/UBERON_0001225,https://purl.humanatlas.io/vocab/hp#characteristic_of,https://purl.humanatlas.io/vocab/hp
http://purl.obolibrary.org/obo/HP_0033282,http://purl.obolibrary.org/obo/UBERON_0002113,https://purl.humanatlas.io/vocab/hp#characteristic_of_part_of,https://purl.humanatlas.io/vocab/hp
http://purl.obolibrary.org/obo/HP_0033282,http://purl.obolibrary.org/obo/UBERON_0011143,https://purl.humanatlas.io/vocab/hp#characteristic_of_part_of,https://purl.humanatlas.io/vocab/hp
http://purl.obolibrary.org/obo/HP_0033282,http://purl.obolibrary.org/obo/UBERON_0001008,https://purl.humanatlas.io/vocab/hp#characteristic_of_part_of,https://purl.humanatlas.io/vocab/hp
http://purl.obolibrary.org/obo/HP_0033282,http://purl.obolibrary.org/obo/UBERON_0001285,https://purl.humanatlas.io/vocab/hp#characteristic_of_part_of,https://purl.humanatlas.io/vocab/hp
http://purl.obolibrary.org/obo/HP_0033283,http://purl.obolibrary.org/obo/UBERON_0000074,https://purl.humanatlas.io/vocab/hp#characteristic_of_part_of,https://purl.humanatlas.io/vocab/hp
http://purl.obolibrary.org/obo/HP_0033283,http://purl.obolibrary.org/obo/UBERON_0001225,https://purl.humanatlas.io/vocab/hp#characteristic_of,https://purl.humanatlas.io/vocab/hp
http://purl.obolibrary.org/obo/HP_0033283,http://purl.obolibrary.org/obo/UBERON_0002113,https://purl.humanatlas.io/vocab/hp#characteristic_of_part_of,https://purl.humanatlas.io/vocab/hp
http://purl.obolibrary.org/obo/HP_0033283,http://purl.obolibrary.org/obo/UBERON_0011143,https://purl.humanatlas.io/vocab/hp#characteristic_of_part_of,https://purl.humanatlas.io/vocab/hp
http://purl.obolibrary.org/obo/HP_0033283,http://purl.obolibrary.org/obo/UBERON_0001008,https://purl.humanatlas.io/vocab/hp#characteristic_of_part_of,https://purl.humanatlas.io/vocab/hp
http://purl.obolibrary.org/obo/HP_0033283,http://purl.obolibrary.org/obo/UBERON_0001285,https://purl.humanatlas.io/vocab/hp#characteristic_of_part_of,https://purl.humanatlas.io/vocab/hp
http://purl.obolibrary.org/obo/HP_0033284,http://purl.obolibrary.org/obo/UBERON_0000074,https://purl.humanatlas.io/vocab/hp#characteristic_of_part_of,https://purl.humanatlas.io/vocab/hp
http://purl.obolibrary.org/obo/HP_0033284,http://purl.obolibrary.org/obo/UBERON_0001225,https://purl.humanatlas.io/vocab/hp#characteristic_of,https://purl.humanatlas.io/vocab/hp
http://purl.obolibrary.org/obo/HP_0033284,http://purl.obolibrary.org/obo/UBERON_0002113,https://purl.humanatlas.io/vocab/hp#characteristic_of_part_of,https://purl.humanatlas.io/vocab/hp
http://purl.obolibrary.org/obo/HP_0033284,http://purl.obolibrary.org/obo/UBERON_0011143,https://purl.humanatlas.io/vocab/hp#characteristic_of_part_of,https://purl.humanatlas.io/vocab/hp
http://purl.obolibrary.org/obo/HP_0033284,http://purl.obolibrary.org/obo/UBERON_0001008,https://purl.humanatlas.io/vocab/hp#characteristic_of_part_of,https://purl.humanatlas.io/vocab/hp
http://purl.obolibrary.org/obo/HP_0033284,http://purl.obolibrary.org/obo/UBERON_0001285,https://purl.humanatlas.io/vocab/hp#characteristic_of_part_of,https://purl.humanatlas.io/vocab/hp
http://purl.obolibrary.org/obo/HP_0033285,http://purl.obolibrary.org/obo/UBERON_0000074,https://purl.humanatlas.io/vocab/hp#characteristic_of_part_of,https://purl.humanatlas.io/vocab/hp
http://purl.obolibrary.org/obo/HP_0033285,http://purl.obolibrary.org/obo/UBERON_0001225,https://purl.humanatlas.io/vocab/hp#characteristic_of,https://purl.humanatlas.io/vocab/hp
http://purl.obolibrary.org/obo/HP_0033285,http://purl.obolibrary.org/obo/UBERON_0002113,https://purl.humanatlas.io/vocab/hp#characteristic_of_part_of,https://purl.humanatlas.io/vocab/hp
http://purl.obolibrary.org/obo/HP_0033285,http://purl.obolibrary.org/obo/UBERON_0011143,https://purl.humanatlas.io/vocab/hp#characteristic_of_part_of,https://purl.humanatlas.io/vocab/hp
http://purl.obolibrary.org/obo/HP_0033285,http://purl.obolibrary.org/obo/UBERON_0001008,https://purl.humanatlas.io/vocab/hp#characteristic_of_part_of,https://purl.humanatlas.io/vocab/hp
http://purl.obolibrary.org/obo/HP_0033285,http://purl.obolibrary.org/obo/UBERON_0001285,https://purl.humanatlas.io/vocab/hp#characteristic_of_part_of,https://purl.humanatlas.io/vocab/hp
http://purl.obolibrary.org/obo/HP_0033286,http://purl.obolibrary.org/obo/UBERON_0000074,https://purl.humanatlas.io/vocab/hp#characteristic_of_part_of,https://purl.humanatlas.io/vocab/hp
http://purl.obolibrary.org/obo/HP_0033286,http://purl.obolibrary.org/obo/UBERON_0001225,https://purl.humanatlas.io/vocab/hp#characteristic_of,https://purl.humanatlas.io/vocab/hp
http://purl.obolibrary.org/obo/HP_0033286,http://purl.obolibrary.org/obo/UBERON_0002113,https://purl.humanatlas.io/vocab/hp#characteristic_of_part_of,https://purl.humanatlas.io/vocab/hp
http://purl.obolibrary.org/obo/HP_0033286,http://purl.obolibrary.org/obo/UBERON_0011143,https://purl.humanatlas.io/vocab/hp#characteristic_of_part_of,https://purl.humanatlas.io/vocab/hp
http://purl.obolibrary.org/obo/HP_0033286,http://purl.obolibrary.org/obo/UBERON_0001008,https://purl.humanatlas.io/vocab/hp#characteristic_of_part_of,https://purl.humanatlas.io/vocab/hp
http://purl.obolibrary.org/obo/HP_0033286,http://purl.obolibrary.org/obo/UBERON_0001285,https://purl.humanatlas.io/vocab/hp#characteristic_of_part_of,https://purl.humanatlas.io/vocab/hp
http://purl.obolibrary.org/obo/HP_0033287,http://purl.obolibrary.org/obo/UBERON_0000074,https://purl.humanatlas.io/vocab/hp#characteristic_of_part_of,https://purl.humanatlas.io/vocab/hp
http://purl.obolibrary.org/obo/HP_0033287,http://purl.obolibrary.org/obo/UBERON_0001225,https://purl.humanatlas.io/vocab/hp#characteristic_of,https://purl.humanatlas.io/vocab/hp
http://purl.obolibrary.org/obo/HP_0033287,http://purl.obolibrary.org/obo/UBERON_0002113,https://purl.humanatlas.io/vocab/hp#characteristic_of_part_of,https://purl.humanatlas.io/vocab/hp
http://purl.obolibrary.org/obo/HP_0033287,http://purl.obolibrary.org/obo/UBERON_0011143,https://purl.humanatlas.io/vocab/hp#characteristic_of_part_of,https://purl.humanatlas.io/vocab/hp
http://purl.obolibrary.org/obo/HP_0033287,http://purl.obolibrary.org/obo/UBERON_0001008,https://purl.humanatlas.io/vocab/hp#characteristic_of_part_of,https://purl.humanatlas.io/vocab/hp
http://purl.obolibrary.org/obo/HP_0033287,http://purl.obolibrary.org/obo/UBERON_0001285,https://purl.humanatlas.io/vocab/hp#characteristic_of_part_of,https://purl.humanatlas.io/vocab/hp
http://purl.obolibrary.org/obo/HP_0033288,http://purl.obolibrary.org/obo/UBERON_0000074,https://purl.humanatlas.io/vocab/hp#characteristic_of_part_of,https://purl.humanatlas.io/vocab/hp
http://purl.obolibrary.org/obo/HP_0033288,http://purl.obolibrary.org/obo/UBERON_0001225,https://purl.humanatlas.io/vocab/hp#characteristic_of,https://purl.humanatlas.io/vocab/hp
http://purl.obolibrary.org/obo/HP_0033288,http://purl.obolibrary.org/obo/UBERON_0002113,https://purl.humanatlas.io/vocab/hp#characteristic_of_part_of,https://purl.humanatlas.io/vocab/hp
http://purl.obolibrary.org/obo/HP_0033288,http://purl.obolibrary.org/obo/UBERON_0011143,https://purl.humanatlas.io/vocab/hp#characteristic_of_part_of,https://purl.humanatlas.io/vocab/hp
http://purl.obolibrary.org/obo/HP_0033288,http://purl.obolibrary.org/obo/UBERON_0001008,https://purl.humanatlas.io/vocab/hp#characteristic_of_part_of,https://purl.humanatlas.io/vocab/hp
http://purl.obolibrary.org/obo/HP_0033288,http://purl.obolibrary.org/obo/UBERON_0001285,https://purl.humanatlas.io/vocab/hp#characteristic_of_part_of,https://purl.humanatlas.io/vocab/hp
http://purl.obolibrary.org/obo/HP_0033289,http://purl.obolibrary.org/obo/UBERON_0000074,https://purl.humanatlas.io/vocab/hp#characteristic_of_part_of,https://purl.humanatlas.io/vocab/hp
http://purl.obolibrary.org/obo/HP_0033289,http://purl.obolibrary.org/obo/UBERON_0001225,https://purl.humanatlas.io/vocab/hp#characteristic_of,https://purl.humanatlas.io/vocab/hp
http://purl.obolibrary.org/obo/HP_0033289,http://purl.obolibrary.org/obo/UBERON_0002113,https://purl.humanatlas.io/vocab/hp#characteristic_of_part_of,https://purl.humanatlas.io/vocab/hp
http://purl.obolibrary.org/obo/HP_0033289,http://purl.obolibrary.org/obo/UBERON_0011143,https://purl.humanatlas.io/vocab/hp#characteristic_of_part_of,https://purl.humanatlas.io/vocab/hp
http://purl.obolibrary.org/obo/HP_0033289,http://purl.obolibrary.org/obo/UBERON_0001008,https://purl.humanatlas.io/vocab/hp#characteristic_of_part_of,https://purl.humanatlas.io/vocab/hp
http://purl.obolibrary.org/obo/HP_0033289,http://purl.obolibrary.org/obo/UBERON_0001285,https://purl.humanatlas.io/vocab/hp#characteristic_of_part_of,https://purl.humanatlas.io/vocab/hp
http://purl.obolibrary.org/obo/HP_0033290,http://purl.obolibrary.org/obo/UBERON_0000074,https://purl.humanatlas.io/vocab/hp#characteristic_of_part_of,https://purl.humanatlas.io/vocab/hp
http://purl.obolibrary.org/obo/HP_0033290,http://purl.obolibrary.org/obo/UBERON_0001225,https://purl.humanatlas.io/vocab/hp#characteristic_of,https://purl.humanatlas.io/vocab/hp
http://purl.obolibrary.org/obo/HP_0033290,http://purl.obolibrary.org/obo/UBERON_0002113,https://purl.humanatlas.io/vocab/hp#characteristic_of_part_of,https://purl.humanatlas.io/vocab/hp
http://purl.obolibrary.org/obo/HP_0033290,http://purl.obolibrary.org/obo/UBERON_0011143,https://purl.humanatlas.io/vocab/hp#characteristic_of_part_of,https://purl.humanatlas.io/vocab/hp
http://purl.obolibrary.org/obo/HP_0033290,http://purl.obolibrary.org/obo/UBERON_0001008,https://purl.humanatlas.io/vocab/hp#characteristic_of_part_of,https://purl.humanatlas.io/vocab/hp
http://purl.obolibrary.org/obo/HP_0033290,http://purl.obolibrary.org/obo/UBERON_0001285,https://purl.humanatlas.io/vocab/hp#characteristic_of_part_of,https://purl.humanatlas.io/vocab/hp
http://purl.obolibrary.org/obo/HP_0033291,http://purl.obolibrary.org/obo/UBERON_0000074,https://purl.humanatlas.io/vocab/hp#characteristic_of_part_of,https://purl.humanatlas.io/vocab/hp
http://purl.obolibrary.org/obo/HP_0033291,http://purl.obolibrary.org/obo/UBERON_0001225,https://purl.humanatlas.io/vocab/hp#characteristic_of,https://purl.humanatlas.io/vocab/hp
http://purl.obolibrary.org/obo/HP_0033291,http://purl.obolibrary.org/obo/UBERON_0002113,https://purl.humanatlas.io/vocab/hp#characteristic_of_part_of,https://purl.humanatlas.io/vocab/hp
http://purl.obolibrary.org/obo/HP_0033291,http://purl.obolibrary.org/obo/UBERON_0011143,https://purl.humanatlas.io/vocab/hp#characteristic_of_part_of,https://purl.humanatlas.io/vocab/hp
http://purl.obolibrary.org/obo/HP_0033291,http://purl.obolibrary.org/obo/UBERON_0001008,https://purl.humanatlas.io/vocab/hp#characteristic_of_part_of,https://purl.humanatlas.io/vocab/hp
http://purl.obolibrary.org/obo/HP_0033291,http://purl.obolibrary.org/obo/UBERON_0001285,https://purl.humanatlas.io/vocab/hp#characteristic_of_part_of,https://purl.humanatlas.io/vocab/hp
http://purl.obolibrary.org/obo/HP_0033292,http://purl.obolibrary.org/obo/UBERON_0000074,https://purl.humanatlas.io/vocab/hp#characteristic_of_part_of,https://purl.humanatlas.io/vocab/hp
http://purl.obolibrary.org/obo/HP_0033292,http://purl.obolibrary.org/obo/UBERON_0001225,https://purl.humanatlas.io/vocab/hp#characteristic_of,https://purl.humanatlas.io/vocab/hp
http://purl.obolibrary.org/obo/HP_0033292,http://purl.obolibrary.org/obo/UBERON_0002113,https://purl.humanatlas.io/vocab/hp#characteristic_of_part_of,https://purl.humanatlas.io/vocab/hp
http://purl.obolibrary.org/obo/HP_0033292,http://purl.obolibrary.org/obo/UBERON_0011143,https://purl.humanatlas.io/vocab/hp#characteristic_of_part_of,https://purl.humanatlas.io/vocab/hp
http://purl.obolibrary.org/obo/HP_0033292,http://purl.obolibrary.org/obo/UBERON_0001008,https://purl.humanatlas.io/vocab/hp#characteristic_of_part_of,https://purl.humanatlas.io/vocab/hp
http://purl.obolibrary.org/obo/HP_0033292,http://purl.obolibrary.org/obo/UBERON_0001285,https://purl.humanatlas.io/vocab/hp#characteristic_of_part_of,https://purl.humanatlas.io/vocab/hp
http://purl.obolibrary.org/obo/HP_0033293,http://purl.obolibrary.org/obo/UBERON_0000074,https://purl.humanatlas.io/vocab/hp#characteristic_of_part_of,https://purl.humanatlas.io/vocab/hp
http://purl.obolibrary.org/obo/HP_0033293,http://purl.obolibrary.org/obo/UBERON_0001225,https://purl.humanatlas.io/vocab/hp#characteristic_of,https://purl.humanatlas.io/vocab/hp
http://purl.obolibrary.org/obo/HP_0033293,http://purl.obolibrary.org/obo/UBERON_0002113,https://purl.humanatlas.io/vocab/hp#characteristic_of_part_of,https://purl.humanatlas.io/vocab/hp
http://purl.obolibrary.org/obo/HP_0033293,http://purl.obolibrary.org/obo/UBERON_0011143,https://purl.humanatlas.io/vocab/hp#characteristic_of_part_of,https://purl.humanatlas.io/vocab/hp
http://purl.obolibrary.org/obo/HP_0033293,http://purl.obolibrary.org/obo/UBERON_0001008,https://purl.humanatlas.io/vocab/hp#characteristic_of_part_of,https://purl.humanatlas.io/vocab/hp
http://purl.obolibrary.org/obo/HP_0033293,http://purl.obolibrary.org/obo/UBERON_0001285,https://purl.humanatlas.io/vocab/hp#characteristic_of_part_of,https://purl.humanatlas.io/vocab/hp
http://purl.obolibrary.org/obo/HP_0033294,http://purl.obolibrary.org/obo/UBERON_0000074,https://purl.humanatlas.io/vocab/hp#characteristic_of_part_of,https://purl.humanatlas.io/vocab/hp
http://purl.obolibrary.org/obo/HP_0033294,http://purl.obolibrary.org/obo/UBERON_0001225,https://purl.humanatlas.io/vocab/hp#characteristic_of,https://purl.humanatlas.io/vocab/hp
http://purl.obolibrary.org/obo/HP_0033294,http://purl.obolibrary.org/obo/UBERON_0002113,https://purl.humanatlas.io/vocab/hp#characteristic_of_part_of,https://purl.humanatlas.io/vocab/hp
http://purl.obolibrary.org/obo/HP_0033294,http://purl.obolibrary.org/obo/UBERON_0011143,https://purl.humanatlas.io/vocab/hp#characteristic_of_part_of,https://purl.humanatlas.io/vocab/hp
http://purl.obolibrary.org/obo/HP_0033294,http://purl.obolibrary.org/obo/UBERON_0001008,https://purl.humanatlas.io/vocab/hp#characteristic_of_part_of,https://purl.humanatlas.io/vocab/hp
http://purl.obolibrary.org/obo/HP_0033294,http://purl.obolibrary.org/obo/UBERON_0001285,https://purl.humanatlas.io/vocab/hp#characteristic_of_part_of,https://purl.humanatlas.io/vocab/hp
http://purl.obolibrary.org/obo/HP_0033295,http://purl.obolibrary.org/obo/UBERON_0002319,https://purl.humanatlas.io/vocab/hp#characteristic_of_part_of,https://purl.humanatlas.io/vocab/hp
http://purl.obolibrary.org/obo/HP_0033295,http://purl.obolibrary.org/obo/UBERON_0000074,https://purl.humanatlas.io/vocab/hp#characteristic_of_part_of,https://purl.humanatlas.io/vocab/hp
http://purl.obolibrary.org/obo/HP_0033295,http://purl.obolibrary.org/obo/UBERON_0001225,https://purl.humanatlas.io/vocab/hp#characteristic_of,https://purl.humanatlas.io/vocab/hp
http://purl.obolibrary.org/obo/HP_0033295,http://purl.obolibrary.org/obo/UBERON_0002113,https://purl.humanatlas.io/vocab/hp#characteristic_of_part_of,https://purl.humanatlas.io/vocab/hp
http://purl.obolibrary.org/obo/HP_0033295,http://purl.obolibrary.org/obo/UBERON_0011143,https://purl.humanatlas.io/vocab/hp#characteristic_of_part_of,https://purl.humanatlas.io/vocab/hp
http://purl.obolibrary.org/obo/HP_0033295,http://purl.obolibrary.org/obo/UBERON_0001008,https://purl.humanatlas.io/vocab/hp#characteristic_of_part_of,https://purl.humanatlas.io/vocab/hp
http://purl.obolibrary.org/obo/HP_0033295,http://purl.obolibrary.org/obo/UBERON_0001285,https://purl.humanatlas.io/vocab/hp#characteristic_of_part_of,https://purl.humanatlas.io/vocab/hp
http://purl.obolibrary.org/obo/HP_0033296,http://purl.obolibrary.org/obo/UBERON_0001225,https://purl.humanatlas.io/vocab/hp#characteristic_of,https://purl.humanatlas.io/vocab/hp
http://purl.obolibrary.org/obo/HP_0033296,http://purl.obolibrary.org/obo/UBERON_0002113,https://purl.humanatlas.io/vocab/hp#characteristic_of_part_of,https://purl.humanatlas.io/vocab/hp
http://purl.obolibrary.org/obo/HP_0033296,http://purl.obolibrary.org/obo/UBERON_0011143,https://purl.humanatlas.io/vocab/hp#characteristic_of_part_of,https://purl.humanatlas.io/vocab/hp
http://purl.obolibrary.org/obo/HP_0033296,http://purl.obolibrary.org/obo/UBERON_0001008,https://purl.humanatlas.io/vocab/hp#characteristic_of_part_of,https://purl.humanatlas.io/vocab/hp
http://purl.obolibrary.org/obo/HP_0033296,http://purl.obolibrary.org/obo/UBERON_0001285,https://purl.humanatlas.io/vocab/hp#characteristic_of_part_of,https://purl.humanatlas.io/vocab/hp
http://purl.obolibrary.org/obo/HP_0033297,http://purl.obolibrary.org/obo/UBERON_0001225,https://purl.humanatlas.io/vocab/hp#characteristic_of,https://purl.humanatlas.io/vocab/hp
http://purl.obolibrary.org/obo/HP_0033297,http://purl.obolibrary.org/obo/UBERON_0002113,https://purl.humanatlas.io/vocab/hp#characteristic_of_part_of,https://purl.humanatlas.io/vocab/hp
http://purl.obolibrary.org/obo/HP_0033297,http://purl.obolibrary.org/obo/UBERON_0011143,https://purl.humanatlas.io/vocab/hp#characteristic_of_part_of,https://purl.humanatlas.io/vocab/hp
http://purl.obolibrary.org/obo/HP_0033297,http://purl.obolibrary.org/obo/UBERON_0001008,https://purl.humanatlas.io/vocab/hp#characteristic_of_part_of,https://purl.humanatlas.io/vocab/hp
http://purl.obolibrary.org/obo/HP_0033297,http://purl.obolibrary.org/obo/UBERON_0001285,https://purl.humanatlas.io/vocab/hp#characteristic_of_part_of,https://purl.humanatlas.io/vocab/hp
http://purl.obolibrary.org/obo/HP_0033303,http://purl.obolibrary.org/obo/UBERON_0001008,https://purl.humanatlas.io/vocab/hp#characteristic_of,https://purl.humanatlas.io/vocab/hp
http://purl.obolibrary.org/obo/HP_0033303,http://purl.obolibrary.org/obo/UBERON_0001008,https://purl.humanatlas.io/vocab/hp#characteristic_of_part_of,https://purl.humanatlas.io/vocab/hp
http://purl.obolibrary.org/obo/HP_0033312,http://purl.obolibrary.org/obo/UBERON_0001225,https://purl.humanatlas.io/vocab/hp#characteristic_of,https://purl.humanatlas.io/vocab/hp
http://purl.obolibrary.org/obo/HP_0033312,http://purl.obolibrary.org/obo/UBERON_0002113,https://purl.humanatlas.io/vocab/hp#characteristic_of_part_of,https://purl.humanatlas.io/vocab/hp
http://purl.obolibrary.org/obo/HP_0033312,http://purl.obolibrary.org/obo/UBERON_0011143,https://purl.humanatlas.io/vocab/hp#characteristic_of_part_of,https://purl.humanatlas.io/vocab/hp
http://purl.obolibrary.org/obo/HP_0033312,http://purl.obolibrary.org/obo/UBERON_0001008,https://purl.humanatlas.io/vocab/hp#characteristic_of_part_of,https://purl.humanatlas.io/vocab/hp
http://purl.obolibrary.org/obo/HP_0033312,http://purl.obolibrary.org/obo/UBERON_0001285,https://purl.humanatlas.io/vocab/hp#characteristic_of_part_of,https://purl.humanatlas.io/vocab/hp
http://purl.obolibrary.org/obo/HP_0033313,http://purl.obolibrary.org/obo/UBERON_0001225,https://purl.humanatlas.io/vocab/hp#characteristic_of,https://purl.humanatlas.io/vocab/hp
http://purl.obolibrary.org/obo/HP_0033313,http://purl.obolibrary.org/obo/UBERON_0002113,https://purl.humanatlas.io/vocab/hp#characteristic_of_part_of,https://purl.humanatlas.io/vocab/hp
http://purl.obolibrary.org/obo/HP_0033313,http://purl.obolibrary.org/obo/UBERON_0011143,https://purl.humanatlas.io/vocab/hp#characteristic_of_part_of,https://purl.humanatlas.io/vocab/hp
http://purl.obolibrary.org/obo/HP_0033313,http://purl.obolibrary.org/obo/UBERON_0001008,https://purl.humanatlas.io/vocab/hp#characteristic_of_part_of,https://purl.humanatlas.io/vocab/hp
http://purl.obolibrary.org/obo/HP_0033313,http://purl.obolibrary.org/obo/UBERON_0001285,https://purl.humanatlas.io/vocab/hp#characteristic_of_part_of,https://purl.humanatlas.io/vocab/hp
http://purl.obolibrary.org/obo/HP_0033314,http://purl.obolibrary.org/obo/UBERON_0001225,https://purl.humanatlas.io/vocab/hp#characteristic_of,https://purl.humanatlas.io/vocab/hp
http://purl.obolibrary.org/obo/HP_0033314,http://purl.obolibrary.org/obo/UBERON_0002113,https://purl.humanatlas.io/vocab/hp#characteristic_of_part_of,https://purl.humanatlas.io/vocab/hp
http://purl.obolibrary.org/obo/HP_0033314,http://purl.obolibrary.org/obo/UBERON_0011143,https://purl.humanatlas.io/vocab/hp#characteristic_of_part_of,https://purl.humanatlas.io/vocab/hp
http://purl.obolibrary.org/obo/HP_0033314,http://purl.obolibrary.org/obo/UBERON_0001008,https://purl.humanatlas.io/vocab/hp#characteristic_of_part_of,https://purl.humanatlas.io/vocab/hp
http://purl.obolibrary.org/obo/HP_0033314,http://purl.obolibrary.org/obo/UBERON_0001285,https://purl.humanatlas.io/vocab/hp#characteristic_of_part_of,https://purl.humanatlas.io/vocab/hp
http://purl.obolibrary.org/obo/HP_0033315,http://purl.obolibrary.org/obo/UBERON_0001225,https://purl.humanatlas.io/vocab/hp#characteristic_of,https://purl.humanatlas.io/vocab/hp
http://purl.obolibrary.org/obo/HP_0033315,http://purl.obolibrary.org/obo/UBERON_0002113,https://purl.humanatlas.io/vocab/hp#characteristic_of_part_of,https://purl.humanatlas.io/vocab/hp
http://purl.obolibrary.org/obo/HP_0033315,http://purl.obolibrary.org/obo/UBERON_0011143,https://purl.humanatlas.io/vocab/hp#characteristic_of_part_of,https://purl.humanatlas.io/vocab/hp
http://purl.obolibrary.org/obo/HP_0033315,http://purl.obolibrary.org/obo/UBERON_0001008,https://purl.humanatlas.io/vocab/hp#characteristic_of_part_of,https://purl.humanatlas.io/vocab/hp
http://purl.obolibrary.org/obo/HP_0033315,http://purl.obolibrary.org/obo/UBERON_0001285,https://purl.humanatlas.io/vocab/hp#characteristic_of_part_of,https://purl.humanatlas.io/vocab/hp
http://purl.obolibrary.org/obo/HP_0033316,http://purl.obolibrary.org/obo/UBERON_0001225,https://purl.humanatlas.io/vocab/hp#characteristic_of,https://purl.humanatlas.io/vocab/hp
http://purl.obolibrary.org/obo/HP_0033316,http://purl.obolibrary.org/obo/UBERON_0002113,https://purl.humanatlas.io/vocab/hp#characteristic_of_part_of,https://purl.humanatlas.io/vocab/hp
http://purl.obolibrary.org/obo/HP_0033316,http://purl.obolibrary.org/obo/UBERON_0011143,https://purl.humanatlas.io/vocab/hp#characteristic_of_part_of,https://purl.humanatlas.io/vocab/hp
http://purl.obolibrary.org/obo/HP_0033316,http://purl.obolibrary.org/obo/UBERON_0001008,https://purl.humanatlas.io/vocab/hp#characteristic_of_part_of,https://purl.humanatlas.io/vocab/hp
http://purl.obolibrary.org/obo/HP_0033316,http://purl.obolibrary.org/obo/UBERON_0001285,https://purl.humanatlas.io/vocab/hp#characteristic_of_part_of,https://purl.humanatlas.io/vocab/hp
http://purl.obolibrary.org/obo/HP_0033317,http://purl.obolibrary.org/obo/UBERON_0001225,https://purl.humanatlas.io/vocab/hp#characteristic_of,https://purl.humanatlas.io/vocab/hp
http://purl.obolibrary.org/obo/HP_0033317,http://purl.obolibrary.org/obo/UBERON_0002113,https://purl.humanatlas.io/vocab/hp#characteristic_of_part_of,https://purl.humanatlas.io/vocab/hp
http://purl.obolibrary.org/obo/HP_0033317,http://purl.obolibrary.org/obo/UBERON_0011143,https://purl.humanatlas.io/vocab/hp#characteristic_of_part_of,https://purl.humanatlas.io/vocab/hp
http://purl.obolibrary.org/obo/HP_0033317,http://purl.obolibrary.org/obo/UBERON_0001008,https://purl.humanatlas.io/vocab/hp#characteristic_of_part_of,https://purl.humanatlas.io/vocab/hp
http://purl.obolibrary.org/obo/HP_0033317,http://purl.obolibrary.org/obo/UBERON_0001285,https://purl.humanatlas.io/vocab/hp#characteristic_of_part_of,https://purl.humanatlas.io/vocab/hp
http://purl.obolibrary.org/obo/HP_0033318,http://purl.obolibrary.org/obo/UBERON_0001225,https://purl.humanatlas.io/vocab/hp#characteristic_of,https://purl.humanatlas.io/vocab/hp
http://purl.obolibrary.org/obo/HP_0033318,http://purl.obolibrary.org/obo/UBERON_0002113,https://purl.humanatlas.io/vocab/hp#characteristic_of_part_of,https://purl.humanatlas.io/vocab/hp
http://purl.obolibrary.org/obo/HP_0033318,http://purl.obolibrary.org/obo/UBERON_0011143,https://purl.humanatlas.io/vocab/hp#characteristic_of_part_of,https://purl.humanatlas.io/vocab/hp
http://purl.obolibrary.org/obo/HP_0033318,http://purl.obolibrary.org/obo/UBERON_0001008,https://purl.humanatlas.io/vocab/hp#characteristic_of_part_of,https://purl.humanatlas.io/vocab/hp
http://purl.obolibrary.org/obo/HP_0033318,http://purl.obolibrary.org/obo/UBERON_0001285,https://purl.humanatlas.io/vocab/hp#characteristic_of_part_of,https://purl.humanatlas.io/vocab/hp
http://purl.obolibrary.org/obo/HP_0033319,http://purl.obolibrary.org/obo/UBERON_0001225,https://purl.humanatlas.io/vocab/hp#characteristic_of,https://purl.humanatlas.io/vocab/hp
http://purl.obolibrary.org/obo/HP_0033319,http://purl.obolibrary.org/obo/UBERON_0002113,https://purl.humanatlas.io/vocab/hp#characteristic_of_part_of,https://purl.humanatlas.io/vocab/hp
http://purl.obolibrary.org/obo/HP_0033319,http://purl.obolibrary.org/obo/UBERON_0011143,https://purl.humanatlas.io/vocab/hp#characteristic_of_part_of,https://purl.humanatlas.io/vocab/hp
http://purl.obolibrary.org/obo/HP_0033319,http://purl.obolibrary.org/obo/UBERON_0001008,https://purl.humanatlas.io/vocab/hp#characteristic_of_part_of,https://purl.humanatlas.io/vocab/hp
http://purl.obolibrary.org/obo/HP_0033319,http://purl.obolibrary.org/obo/UBERON_0001285,https://purl.humanatlas.io/vocab/hp#characteristic_of_part_of,https://purl.humanatlas.io/vocab/hp
http://purl.obolibrary.org/obo/HP_0033320,http://purl.obolibrary.org/obo/UBERON_0002319,https://purl.humanatlas.io/vocab/hp#characteristic_of_part_of,https://purl.humanatlas.io/vocab/hp
http://purl.obolibrary.org/obo/HP_0033320,http://purl.obolibrary.org/obo/UBERON_0000074,https://purl.humanatlas.io/vocab/hp#characteristic_of_part_of,https://purl.humanatlas.io/vocab/hp
http://purl.obolibrary.org/obo/HP_0033320,http://purl.obolibrary.org/obo/UBERON_0001225,https://purl.humanatlas.io/vocab/hp#characteristic_of,https://purl.humanatlas.io/vocab/hp
http://purl.obolibrary.org/obo/HP_0033320,http://purl.obolibrary.org/obo/UBERON_0002113,https://purl.humanatlas.io/vocab/hp#characteristic_of_part_of,https://purl.humanatlas.io/vocab/hp
http://purl.obolibrary.org/obo/HP_0033320,http://purl.obolibrary.org/obo/UBERON_0011143,https://purl.humanatlas.io/vocab/hp#characteristic_of_part_of,https://purl.humanatlas.io/vocab/hp
http://purl.obolibrary.org/obo/HP_0033320,http://purl.obolibrary.org/obo/UBERON_0001008,https://purl.humanatlas.io/vocab/hp#characteristic_of_part_of,https://purl.humanatlas.io/vocab/hp
http://purl.obolibrary.org/obo/HP_0033320,http://purl.obolibrary.org/obo/UBERON_0001285,https://purl.humanatlas.io/vocab/hp#characteristic_of_part_of,https://purl.humanatlas.io/vocab/hp
http://purl.obolibrary.org/obo/HP_0033321,http://purl.obolibrary.org/obo/UBERON_0000074,https://purl.humanatlas.io/vocab/hp#occurs_in,https://purl.humanatlas.io/vocab/hp
http://purl.obolibrary.org/obo/HP_0033321,http://purl.obolibrary.org/obo/UBERON_0000074,https://purl.humanatlas.io/vocab/hp#characteristic_of_part_of,https://purl.humanatlas.io/vocab/hp
http://purl.obolibrary.org/obo/HP_0033321,http://purl.obolibrary.org/obo/UBERON_0001225,https://purl.humanatlas.io/vocab/hp#characteristic_of,https://purl.humanatlas.io/vocab/hp
http://purl.obolibrary.org/obo/HP_0033321,http://purl.obolibrary.org/obo/UBERON_0002113,https://purl.humanatlas.io/vocab/hp#characteristic_of_part_of,https://purl.humanatlas.io/vocab/hp
http://purl.obolibrary.org/obo/HP_0033321,http://purl.obolibrary.org/obo/UBERON_0011143,https://purl.humanatlas.io/vocab/hp#characteristic_of_part_of,https://purl.humanatlas.io/vocab/hp
http://purl.obolibrary.org/obo/HP_0033321,http://purl.obolibrary.org/obo/UBERON_0001008,https://purl.humanatlas.io/vocab/hp#characteristic_of_part_of,https://purl.humanatlas.io/vocab/hp
http://purl.obolibrary.org/obo/HP_0033321,http://purl.obolibrary.org/obo/UBERON_0001285,https://purl.humanatlas.io/vocab/hp#characteristic_of_part_of,https://purl.humanatlas.io/vocab/hp
http://purl.obolibrary.org/obo/HP_0033322,http://purl.obolibrary.org/obo/UBERON_0000074,https://purl.humanatlas.io/vocab/hp#characteristic_of_part_of,https://purl.humanatlas.io/vocab/hp
http://purl.obolibrary.org/obo/HP_0033322,http://purl.obolibrary.org/obo/UBERON_0001225,https://purl.humanatlas.io/vocab/hp#characteristic_of,https://purl.humanatlas.io/vocab/hp
http://purl.obolibrary.org/obo/HP_0033322,http://purl.obolibrary.org/obo/UBERON_0002113,https://purl.humanatlas.io/vocab/hp#characteristic_of_part_of,https://purl.humanatlas.io/vocab/hp
http://purl.obolibrary.org/obo/HP_0033322,http://purl.obolibrary.org/obo/UBERON_0011143,https://purl.humanatlas.io/vocab/hp#characteristic_of_part_of,https://purl.humanatlas.io/vocab/hp
http://purl.obolibrary.org/obo/HP_0033322,http://purl.obolibrary.org/obo/UBERON_0001008,https://purl.humanatlas.io/vocab/hp#characteristic_of_part_of,https://purl.humanatlas.io/vocab/hp
http://purl.obolibrary.org/obo/HP_0033322,http://purl.obolibrary.org/obo/UBERON_0001285,https://purl.humanatlas.io/vocab/hp#characteristic_of_part_of,https://purl.humanatlas.io/vocab/hp
http://purl.obolibrary.org/obo/HP_0033323,http://purl.obolibrary.org/obo/UBERON_0000074,https://purl.humanatlas.io/vocab/hp#characteristic_of_part_of,https://purl.humanatlas.io/vocab/hp
http://purl.obolibrary.org/obo/HP_0033323,http://purl.obolibrary.org/obo/UBERON_0001225,https://purl.humanatlas.io/vocab/hp#characteristic_of,https://purl.humanatlas.io/vocab/hp
http://purl.obolibrary.org/obo/HP_0033323,http://purl.obolibrary.org/obo/UBERON_0002113,https://purl.humanatlas.io/vocab/hp#characteristic_of_part_of,https://purl.humanatlas.io/vocab/hp
http://purl.obolibrary.org/obo/HP_0033323,http://purl.obolibrary.org/obo/UBERON_0011143,https://purl.humanatlas.io/vocab/hp#characteristic_of_part_of,https://purl.humanatlas.io/vocab/hp
http://purl.obolibrary.org/obo/HP_0033323,http://purl.obolibrary.org/obo/UBERON_0001008,https://purl.humanatlas.io/vocab/hp#characteristic_of_part_of,https://purl.humanatlas.io/vocab/hp
http://purl.obolibrary.org/obo/HP_0033323,http://purl.obolibrary.org/obo/UBERON_0001285,https://purl.humanatlas.io/vocab/hp#characteristic_of_part_of,https://purl.humanatlas.io/vocab/hp
http://purl.obolibrary.org/obo/HP_0033354,http://purl.obolibrary.org/obo/UBERON_0001008,https://purl.humanatlas.io/vocab/hp#characteristic_of,https://purl.humanatlas.io/vocab/hp
http://purl.obolibrary.org/obo/HP_0033354,http://purl.obolibrary.org/obo/UBERON_0001008,https://purl.humanatlas.io/vocab/hp#characteristic_of_part_of,https://purl.humanatlas.io/vocab/hp
http://purl.obolibrary.org/obo/HP_0033355,http://purl.obolibrary.org/obo/UBERON_0001008,https://purl.humanatlas.io/vocab/hp#characteristic_of,https://purl.humanatlas.io/vocab/hp
http://purl.obolibrary.org/obo/HP_0033355,http://purl.obolibrary.org/obo/UBERON_0001008,https://purl.humanatlas.io/vocab/hp#characteristic_of_part_of,https://purl.humanatlas.io/vocab/hp
http://purl.obolibrary.org/obo/HP_0033358,http://purl.obolibrary.org/obo/UBERON_0001008,https://purl.humanatlas.io/vocab/hp#characteristic_of,https://purl.humanatlas.io/vocab/hp
http://purl.obolibrary.org/obo/HP_0033358,http://purl.obolibrary.org/obo/UBERON_0001008,https://purl.humanatlas.io/vocab/hp#characteristic_of_part_of,https://purl.humanatlas.io/vocab/hp
http://purl.obolibrary.org/obo/HP_0033359,http://purl.obolibrary.org/obo/UBERON_0001008,https://purl.humanatlas.io/vocab/hp#characteristic_of,https://purl.humanatlas.io/vocab/hp
http://purl.obolibrary.org/obo/HP_0033359,http://purl.obolibrary.org/obo/UBERON_0001008,https://purl.humanatlas.io/vocab/hp#characteristic_of_part_of,https://purl.humanatlas.io/vocab/hp
http://purl.obolibrary.org/obo/HP_0033384,http://purl.obolibrary.org/obo/UBERON_0001008,https://purl.humanatlas.io/vocab/hp#characteristic_of,https://purl.humanatlas.io/vocab/hp
http://purl.obolibrary.org/obo/HP_0033384,http://purl.obolibrary.org/obo/UBERON_0001008,https://purl.humanatlas.io/vocab/hp#characteristic_of_part_of,https://purl.humanatlas.io/vocab/hp
http://purl.obolibrary.org/obo/HP_0033385,http://purl.obolibrary.org/obo/UBERON_0001008,https://purl.humanatlas.io/vocab/hp#characteristic_of,https://purl.humanatlas.io/vocab/hp
http://purl.obolibrary.org/obo/HP_0033385,http://purl.obolibrary.org/obo/UBERON_0001008,https://purl.humanatlas.io/vocab/hp#characteristic_of_part_of,https://purl.humanatlas.io/vocab/hp
http://purl.obolibrary.org/obo/HP_0033396,http://purl.obolibrary.org/obo/UBERON_0001225,https://purl.humanatlas.io/vocab/hp#characteristic_of,https://purl.humanatlas.io/vocab/hp
http://purl.obolibrary.org/obo/HP_0033396,http://purl.obolibrary.org/obo/UBERON_0002113,https://purl.humanatlas.io/vocab/hp#characteristic_of_part_of,https://purl.humanatlas.io/vocab/hp
http://purl.obolibrary.org/obo/HP_0033396,http://purl.obolibrary.org/obo/UBERON_0011143,https://purl.humanatlas.io/vocab/hp#characteristic_of_part_of,https://purl.humanatlas.io/vocab/hp
http://purl.obolibrary.org/obo/HP_0033396,http://purl.obolibrary.org/obo/UBERON_0001008,https://purl.humanatlas.io/vocab/hp#characteristic_of_part_of,https://purl.humanatlas.io/vocab/hp
http://purl.obolibrary.org/obo/HP_0033396,http://purl.obolibrary.org/obo/UBERON_0001285,https://purl.humanatlas.io/vocab/hp#characteristic_of_part_of,https://purl.humanatlas.io/vocab/hp
http://purl.obolibrary.org/obo/HP_0033397,http://purl.obolibrary.org/obo/UBERON_0001225,https://purl.humanatlas.io/vocab/hp#characteristic_of,https://purl.humanatlas.io/vocab/hp
http://purl.obolibrary.org/obo/HP_0033397,http://purl.obolibrary.org/obo/UBERON_0002113,https://purl.humanatlas.io/vocab/hp#characteristic_of_part_of,https://purl.humanatlas.io/vocab/hp
http://purl.obolibrary.org/obo/HP_0033397,http://purl.obolibrary.org/obo/UBERON_0011143,https://purl.humanatlas.io/vocab/hp#characteristic_of_part_of,https://purl.humanatlas.io/vocab/hp
http://purl.obolibrary.org/obo/HP_0033397,http://purl.obolibrary.org/obo/UBERON_0001008,https://purl.humanatlas.io/vocab/hp#characteristic_of_part_of,https://purl.humanatlas.io/vocab/hp
http://purl.obolibrary.org/obo/HP_0033397,http://purl.obolibrary.org/obo/UBERON_0001285,https://purl.humanatlas.io/vocab/hp#characteristic_of_part_of,https://purl.humanatlas.io/vocab/hp
http://purl.obolibrary.org/obo/HP_0033407,http://purl.obolibrary.org/obo/UBERON_0001008,https://purl.humanatlas.io/vocab/hp#characteristic_of,https://purl.humanatlas.io/vocab/hp
http://purl.obolibrary.org/obo/HP_0033407,http://purl.obolibrary.org/obo/UBERON_0001008,https://purl.humanatlas.io/vocab/hp#characteristic_of_part_of,https://purl.humanatlas.io/vocab/hp
http://purl.obolibrary.org/obo/HP_0033409,http://purl.obolibrary.org/obo/UBERON_0001008,https://purl.humanatlas.io/vocab/hp#characteristic_of,https://purl.humanatlas.io/vocab/hp
http://purl.obolibrary.org/obo/HP_0033409,http://purl.obolibrary.org/obo/UBERON_0001008,https://purl.humanatlas.io/vocab/hp#characteristic_of_part_of,https://purl.humanatlas.io/vocab/hp
http://purl.obolibrary.org/obo/HP_0033456,http://purl.obolibrary.org/obo/UBERON_0001008,https://purl.humanatlas.io/vocab/hp#characteristic_of,https://purl.humanatlas.io/vocab/hp
http://purl.obolibrary.org/obo/HP_0033456,http://purl.obolibrary.org/obo/UBERON_0001008,https://purl.humanatlas.io/vocab/hp#characteristic_of_part_of,https://purl.humanatlas.io/vocab/hp
http://purl.obolibrary.org/obo/HP_0033457,http://purl.obolibrary.org/obo/UBERON_0001008,https://purl.humanatlas.io/vocab/hp#characteristic_of,https://purl.humanatlas.io/vocab/hp
http://purl.obolibrary.org/obo/HP_0033457,http://purl.obolibrary.org/obo/UBERON_0001008,https://purl.humanatlas.io/vocab/hp#characteristic_of_part_of,https://purl.humanatlas.io/vocab/hp
http://purl.obolibrary.org/obo/HP_0033458,http://purl.obolibrary.org/obo/UBERON_0001008,https://purl.humanatlas.io/vocab/hp#characteristic_of,https://purl.humanatlas.io/vocab/hp
http://purl.obolibrary.org/obo/HP_0033458,http://purl.obolibrary.org/obo/UBERON_0001008,https://purl.humanatlas.io/vocab/hp#characteristic_of_part_of,https://purl.humanatlas.io/vocab/hp
http://purl.obolibrary.org/obo/HP_0033483,http://purl.obolibrary.org/obo/UBERON_0001225,https://purl.humanatlas.io/vocab/hp#characteristic_of,https://purl.humanatlas.io/vocab/hp
http://purl.obolibrary.org/obo/HP_0033483,http://purl.obolibrary.org/obo/UBERON_0002113,https://purl.humanatlas.io/vocab/hp#characteristic_of_part_of,https://purl.humanatlas.io/vocab/hp
http://purl.obolibrary.org/obo/HP_0033483,http://purl.obolibrary.org/obo/UBERON_0011143,https://purl.humanatlas.io/vocab/hp#characteristic_of_part_of,https://purl.humanatlas.io/vocab/hp
http://purl.obolibrary.org/obo/HP_0033483,http://purl.obolibrary.org/obo/UBERON_0001008,https://purl.humanatlas.io/vocab/hp#characteristic_of_part_of,https://purl.humanatlas.io/vocab/hp
http://purl.obolibrary.org/obo/HP_0033483,http://purl.obolibrary.org/obo/UBERON_0001285,https://purl.humanatlas.io/vocab/hp#characteristic_of_part_of,https://purl.humanatlas.io/vocab/hp
http://purl.obolibrary.org/obo/HP_0033485,http://purl.obolibrary.org/obo/UBERON_0000074,https://purl.humanatlas.io/vocab/hp#characteristic_of_part_of,https://purl.humanatlas.io/vocab/hp
http://purl.obolibrary.org/obo/HP_0033485,http://purl.obolibrary.org/obo/UBERON_0001225,https://purl.humanatlas.io/vocab/hp#characteristic_of,https://purl.humanatlas.io/vocab/hp
http://purl.obolibrary.org/obo/HP_0033485,http://purl.obolibrary.org/obo/UBERON_0002113,https://purl.humanatlas.io/vocab/hp#characteristic_of_part_of,https://purl.humanatlas.io/vocab/hp
http://purl.obolibrary.org/obo/HP_0033485,http://purl.obolibrary.org/obo/UBERON_0011143,https://purl.humanatlas.io/vocab/hp#characteristic_of_part_of,https://purl.humanatlas.io/vocab/hp
http://purl.obolibrary.org/obo/HP_0033485,http://purl.obolibrary.org/obo/UBERON_0001008,https://purl.humanatlas.io/vocab/hp#characteristic_of_part_of,https://purl.humanatlas.io/vocab/hp
http://purl.obolibrary.org/obo/HP_0033485,http://purl.obolibrary.org/obo/UBERON_0001285,https://purl.humanatlas.io/vocab/hp#characteristic_of_part_of,https://purl.humanatlas.io/vocab/hp
http://purl.obolibrary.org/obo/HP_0033486,http://purl.obolibrary.org/obo/UBERON_0000074,https://purl.humanatlas.io/vocab/hp#characteristic_of_part_of,https://purl.humanatlas.io/vocab/hp
http://purl.obolibrary.org/obo/HP_0033486,http://purl.obolibrary.org/obo/UBERON_0001225,https://purl.humanatlas.io/vocab/hp#characteristic_of,https://purl.humanatlas.io/vocab/hp
http://purl.obolibrary.org/obo/HP_0033486,http://purl.obolibrary.org/obo/UBERON_0002113,https://purl.humanatlas.io/vocab/hp#characteristic_of_part_of,https://purl.humanatlas.io/vocab/hp
http://purl.obolibrary.org/obo/HP_0033486,http://purl.obolibrary.org/obo/UBERON_0011143,https://purl.humanatlas.io/vocab/hp#characteristic_of_part_of,https://purl.humanatlas.io/vocab/hp
http://purl.obolibrary.org/obo/HP_0033486,http://purl.obolibrary.org/obo/UBERON_0001008,https://purl.humanatlas.io/vocab/hp#characteristic_of_part_of,https://purl.humanatlas.io/vocab/hp
http://purl.obolibrary.org/obo/HP_0033486,http://purl.obolibrary.org/obo/UBERON_0001285,https://purl.humanatlas.io/vocab/hp#characteristic_of_part_of,https://purl.humanatlas.io/vocab/hp
http://purl.obolibrary.org/obo/HP_0033487,http://purl.obolibrary.org/obo/UBERON_0000074,https://purl.humanatlas.io/vocab/hp#characteristic_of_part_of,https://purl.humanatlas.io/vocab/hp
http://purl.obolibrary.org/obo/HP_0033487,http://purl.obolibrary.org/obo/UBERON_0001225,https://purl.humanatlas.io/vocab/hp#characteristic_of,https://purl.humanatlas.io/vocab/hp
http://purl.obolibrary.org/obo/HP_0033487,http://purl.obolibrary.org/obo/UBERON_0002113,https://purl.humanatlas.io/vocab/hp#characteristic_of_part_of,https://purl.humanatlas.io/vocab/hp
http://purl.obolibrary.org/obo/HP_0033487,http://purl.obolibrary.org/obo/UBERON_0011143,https://purl.humanatlas.io/vocab/hp#characteristic_of_part_of,https://purl.humanatlas.io/vocab/hp
http://purl.obolibrary.org/obo/HP_0033487,http://purl.obolibrary.org/obo/UBERON_0001008,https://purl.humanatlas.io/vocab/hp#characteristic_of_part_of,https://purl.humanatlas.io/vocab/hp
http://purl.obolibrary.org/obo/HP_0033487,http://purl.obolibrary.org/obo/UBERON_0001285,https://purl.humanatlas.io/vocab/hp#characteristic_of_part_of,https://purl.humanatlas.io/vocab/hp
http://purl.obolibrary.org/obo/HP_0033488,http://purl.obolibrary.org/obo/UBERON_0000074,https://purl.humanatlas.io/vocab/hp#characteristic_of_part_of,https://purl.humanatlas.io/vocab/hp
http://purl.obolibrary.org/obo/HP_0033488,http://purl.obolibrary.org/obo/UBERON_0001225,https://purl.humanatlas.io/vocab/hp#characteristic_of,https://purl.humanatlas.io/vocab/hp
http://purl.obolibrary.org/obo/HP_0033488,http://purl.obolibrary.org/obo/UBERON_0002113,https://purl.humanatlas.io/vocab/hp#characteristic_of_part_of,https://purl.humanatlas.io/vocab/hp
http://purl.obolibrary.org/obo/HP_0033488,http://purl.obolibrary.org/obo/UBERON_0011143,https://purl.humanatlas.io/vocab/hp#characteristic_of_part_of,https://purl.humanatlas.io/vocab/hp
http://purl.obolibrary.org/obo/HP_0033488,http://purl.obolibrary.org/obo/UBERON_0001008,https://purl.humanatlas.io/vocab/hp#characteristic_of_part_of,https://purl.humanatlas.io/vocab/hp
http://purl.obolibrary.org/obo/HP_0033488,http://purl.obolibrary.org/obo/UBERON_0001285,https://purl.humanatlas.io/vocab/hp#characteristic_of_part_of,https://purl.humanatlas.io/vocab/hp
http://purl.obolibrary.org/obo/HP_0033489,http://purl.obolibrary.org/obo/UBERON_0000074,https://purl.humanatlas.io/vocab/hp#characteristic_of_part_of,https://purl.humanatlas.io/vocab/hp
http://purl.obolibrary.org/obo/HP_0033489,http://purl.obolibrary.org/obo/UBERON_0001225,https://purl.humanatlas.io/vocab/hp#characteristic_of,https://purl.humanatlas.io/vocab/hp
http://purl.obolibrary.org/obo/HP_0033489,http://purl.obolibrary.org/obo/UBERON_0002113,https://purl.humanatlas.io/vocab/hp#characteristic_of_part_of,https://purl.humanatlas.io/vocab/hp
http://purl.obolibrary.org/obo/HP_0033489,http://purl.obolibrary.org/obo/UBERON_0011143,https://purl.humanatlas.io/vocab/hp#characteristic_of_part_of,https://purl.humanatlas.io/vocab/hp
http://purl.obolibrary.org/obo/HP_0033489,http://purl.obolibrary.org/obo/UBERON_0001008,https://purl.humanatlas.io/vocab/hp#characteristic_of_part_of,https://purl.humanatlas.io/vocab/hp
http://purl.obolibrary.org/obo/HP_0033489,http://purl.obolibrary.org/obo/UBERON_0001285,https://purl.humanatlas.io/vocab/hp#characteristic_of_part_of,https://purl.humanatlas.io/vocab/hp
http://purl.obolibrary.org/obo/HP_0033490,http://purl.obolibrary.org/obo/UBERON_0000074,https://purl.humanatlas.io/vocab/hp#characteristic_of_part_of,https://purl.humanatlas.io/vocab/hp
http://purl.obolibrary.org/obo/HP_0033490,http://purl.obolibrary.org/obo/UBERON_0001225,https://purl.humanatlas.io/vocab/hp#characteristic_of,https://purl.humanatlas.io/vocab/hp
http://purl.obolibrary.org/obo/HP_0033490,http://purl.obolibrary.org/obo/UBERON_0002113,https://purl.humanatlas.io/vocab/hp#characteristic_of_part_of,https://purl.humanatlas.io/vocab/hp
http://purl.obolibrary.org/obo/HP_0033490,http://purl.obolibrary.org/obo/UBERON_0011143,https://purl.humanatlas.io/vocab/hp#characteristic_of_part_of,https://purl.humanatlas.io/vocab/hp
http://purl.obolibrary.org/obo/HP_0033490,http://purl.obolibrary.org/obo/UBERON_0001008,https://purl.humanatlas.io/vocab/hp#characteristic_of_part_of,https://purl.humanatlas.io/vocab/hp
http://purl.obolibrary.org/obo/HP_0033490,http://purl.obolibrary.org/obo/UBERON_0001285,https://purl.humanatlas.io/vocab/hp#characteristic_of_part_of,https://purl.humanatlas.io/vocab/hp
http://purl.obolibrary.org/obo/HP_0033491,http://purl.obolibrary.org/obo/UBERON_0002319,https://purl.humanatlas.io/vocab/hp#characteristic_of_part_of,https://purl.humanatlas.io/vocab/hp
http://purl.obolibrary.org/obo/HP_0033491,http://purl.obolibrary.org/obo/UBERON_0000074,https://purl.humanatlas.io/vocab/hp#characteristic_of_part_of,https://purl.humanatlas.io/vocab/hp
http://purl.obolibrary.org/obo/HP_0033491,http://purl.obolibrary.org/obo/UBERON_0001225,https://purl.humanatlas.io/vocab/hp#characteristic_of,https://purl.humanatlas.io/vocab/hp
http://purl.obolibrary.org/obo/HP_0033491,http://purl.obolibrary.org/obo/UBERON_0002113,https://purl.humanatlas.io/vocab/hp#characteristic_of_part_of,https://purl.humanatlas.io/vocab/hp
http://purl.obolibrary.org/obo/HP_0033491,http://purl.obolibrary.org/obo/UBERON_0011143,https://purl.humanatlas.io/vocab/hp#characteristic_of_part_of,https://purl.humanatlas.io/vocab/hp
http://purl.obolibrary.org/obo/HP_0033491,http://purl.obolibrary.org/obo/UBERON_0001008,https://purl.humanatlas.io/vocab/hp#characteristic_of_part_of,https://purl.humanatlas.io/vocab/hp
http://purl.obolibrary.org/obo/HP_0033491,http://purl.obolibrary.org/obo/UBERON_0001285,https://purl.humanatlas.io/vocab/hp#characteristic_of_part_of,https://purl.humanatlas.io/vocab/hp
http://purl.obolibrary.org/obo/HP_0033492,http://purl.obolibrary.org/obo/UBERON_0001225,https://purl.humanatlas.io/vocab/hp#characteristic_of,https://purl.humanatlas.io/vocab/hp
http://purl.obolibrary.org/obo/HP_0033492,http://purl.obolibrary.org/obo/UBERON_0002113,https://purl.humanatlas.io/vocab/hp#characteristic_of_part_of,https://purl.humanatlas.io/vocab/hp
http://purl.obolibrary.org/obo/HP_0033492,http://purl.obolibrary.org/obo/UBERON_0011143,https://purl.humanatlas.io/vocab/hp#characteristic_of_part_of,https://purl.humanatlas.io/vocab/hp
http://purl.obolibrary.org/obo/HP_0033492,http://purl.obolibrary.org/obo/UBERON_0001008,https://purl.humanatlas.io/vocab/hp#characteristic_of_part_of,https://purl.humanatlas.io/vocab/hp
http://purl.obolibrary.org/obo/HP_0033492,http://purl.obolibrary.org/obo/UBERON_0001285,https://purl.humanatlas.io/vocab/hp#characteristic_of_part_of,https://purl.humanatlas.io/vocab/hp
http://purl.obolibrary.org/obo/HP_0033493,http://purl.obolibrary.org/obo/UBERON_0002319,https://purl.humanatlas.io/vocab/hp#characteristic_of_part_of,https://purl.humanatlas.io/vocab/hp
http://purl.obolibrary.org/obo/HP_0033493,http://purl.obolibrary.org/obo/UBERON_0000074,https://purl.humanatlas.io/vocab/hp#characteristic_of_part_of,https://purl.humanatlas.io/vocab/hp
http://purl.obolibrary.org/obo/HP_0033493,http://purl.obolibrary.org/obo/UBERON_0001225,https://purl.humanatlas.io/vocab/hp#characteristic_of,https://purl.humanatlas.io/vocab/hp
http://purl.obolibrary.org/obo/HP_0033493,http://purl.obolibrary.org/obo/UBERON_0002113,https://purl.humanatlas.io/vocab/hp#characteristic_of_part_of,https://purl.humanatlas.io/vocab/hp
http://purl.obolibrary.org/obo/HP_0033493,http://purl.obolibrary.org/obo/UBERON_0011143,https://purl.humanatlas.io/vocab/hp#characteristic_of_part_of,https://purl.humanatlas.io/vocab/hp
http://purl.obolibrary.org/obo/HP_0033493,http://purl.obolibrary.org/obo/UBERON_0001008,https://purl.humanatlas.io/vocab/hp#characteristic_of_part_of,https://purl.humanatlas.io/vocab/hp
http://purl.obolibrary.org/obo/HP_0033493,http://purl.obolibrary.org/obo/UBERON_0001285,https://purl.humanatlas.io/vocab/hp#characteristic_of_part_of,https://purl.humanatlas.io/vocab/hp
http://purl.obolibrary.org/obo/HP_0033494,http://purl.obolibrary.org/obo/UBERON_0000074,https://purl.humanatlas.io/vocab/hp#characteristic_of_part_of,https://purl.humanatlas.io/vocab/hp
http://purl.obolibrary.org/obo/HP_0033494,http://purl.obolibrary.org/obo/UBERON_0001225,https://purl.humanatlas.io/vocab/hp#characteristic_of,https://purl.humanatlas.io/vocab/hp
http://purl.obolibrary.org/obo/HP_0033494,http://purl.obolibrary.org/obo/UBERON_0002113,https://purl.humanatlas.io/vocab/hp#characteristic_of_part_of,https://purl.humanatlas.io/vocab/hp
http://purl.obolibrary.org/obo/HP_0033494,http://purl.obolibrary.org/obo/UBERON_0011143,https://purl.humanatlas.io/vocab/hp#characteristic_of_part_of,https://purl.humanatlas.io/vocab/hp
http://purl.obolibrary.org/obo/HP_0033494,http://purl.obolibrary.org/obo/UBERON_0001008,https://purl.humanatlas.io/vocab/hp#characteristic_of_part_of,https://purl.humanatlas.io/vocab/hp
http://purl.obolibrary.org/obo/HP_0033494,http://purl.obolibrary.org/obo/UBERON_0001285,https://purl.humanatlas.io/vocab/hp#characteristic_of_part_of,https://purl.humanatlas.io/vocab/hp
http://purl.obolibrary.org/obo/HP_0033495,http://purl.obolibrary.org/obo/UBERON_0000074,https://purl.humanatlas.io/vocab/hp#occurs_in,https://purl.humanatlas.io/vocab/hp
http://purl.obolibrary.org/obo/HP_0033495,http://purl.obolibrary.org/obo/UBERON_0000074,https://purl.humanatlas.io/vocab/hp#characteristic_of_part_of,https://purl.humanatlas.io/vocab/hp
http://purl.obolibrary.org/obo/HP_0033495,http://purl.obolibrary.org/obo/UBERON_0001225,https://purl.humanatlas.io/vocab/hp#characteristic_of,https://purl.humanatlas.io/vocab/hp
http://purl.obolibrary.org/obo/HP_0033495,http://purl.obolibrary.org/obo/UBERON_0002113,https://purl.humanatlas.io/vocab/hp#characteristic_of_part_of,https://purl.humanatlas.io/vocab/hp
http://purl.obolibrary.org/obo/HP_0033495,http://purl.obolibrary.org/obo/UBERON_0011143,https://purl.humanatlas.io/vocab/hp#characteristic_of_part_of,https://purl.humanatlas.io/vocab/hp
http://purl.obolibrary.org/obo/HP_0033495,http://purl.obolibrary.org/obo/UBERON_0001008,https://purl.humanatlas.io/vocab/hp#characteristic_of_part_of,https://purl.humanatlas.io/vocab/hp
http://purl.obolibrary.org/obo/HP_0033495,http://purl.obolibrary.org/obo/UBERON_0001285,https://purl.humanatlas.io/vocab/hp#characteristic_of_part_of,https://purl.humanatlas.io/vocab/hp
http://purl.obolibrary.org/obo/HP_0033496,http://purl.obolibrary.org/obo/UBERON_0000074,https://purl.humanatlas.io/vocab/hp#occurs_in,https://purl.humanatlas.io/vocab/hp
http://purl.obolibrary.org/obo/HP_0033496,http://purl.obolibrary.org/obo/UBERON_0000074,https://purl.humanatlas.io/vocab/hp#characteristic_of_part_of,https://purl.humanatlas.io/vocab/hp
http://purl.obolibrary.org/obo/HP_0033496,http://purl.obolibrary.org/obo/UBERON_0001225,https://purl.humanatlas.io/vocab/hp#characteristic_of,https://purl.humanatlas.io/vocab/hp
http://purl.obolibrary.org/obo/HP_0033496,http://purl.obolibrary.org/obo/UBERON_0002113,https://purl.humanatlas.io/vocab/hp#characteristic_of_part_of,https://purl.humanatlas.io/vocab/hp
http://purl.obolibrary.org/obo/HP_0033496,http://purl.obolibrary.org/obo/UBERON_0011143,https://purl.humanatlas.io/vocab/hp#characteristic_of_part_of,https://purl.humanatlas.io/vocab/hp
http://purl.obolibrary.org/obo/HP_0033496,http://purl.obolibrary.org/obo/UBERON_0001008,https://purl.humanatlas.io/vocab/hp#characteristic_of_part_of,https://purl.humanatlas.io/vocab/hp
http://purl.obolibrary.org/obo/HP_0033496,http://purl.obolibrary.org/obo/UBERON_0001285,https://purl.humanatlas.io/vocab/hp#characteristic_of_part_of,https://purl.humanatlas.io/vocab/hp
http://purl.obolibrary.org/obo/HP_0033497,http://purl.obolibrary.org/obo/UBERON_0000074,https://purl.humanatlas.io/vocab/hp#occurs_in,https://purl.humanatlas.io/vocab/hp
http://purl.obolibrary.org/obo/HP_0033497,http://purl.obolibrary.org/obo/UBERON_0000074,https://purl.humanatlas.io/vocab/hp#characteristic_of_part_of,https://purl.humanatlas.io/vocab/hp
http://purl.obolibrary.org/obo/HP_0033497,http://purl.obolibrary.org/obo/UBERON_0001225,https://purl.humanatlas.io/vocab/hp#characteristic_of,https://purl.humanatlas.io/vocab/hp
http://purl.obolibrary.org/obo/HP_0033497,http://purl.obolibrary.org/obo/UBERON_0002113,https://purl.humanatlas.io/vocab/hp#characteristic_of_part_of,https://purl.humanatlas.io/vocab/hp
http://purl.obolibrary.org/obo/HP_0033497,http://purl.obolibrary.org/obo/UBERON_0011143,https://purl.humanatlas.io/vocab/hp#characteristic_of_part_of,https://purl.humanatlas.io/vocab/hp
http://purl.obolibrary.org/obo/HP_0033497,http://purl.obolibrary.org/obo/UBERON_0001008,https://purl.humanatlas.io/vocab/hp#characteristic_of_part_of,https://purl.humanatlas.io/vocab/hp
http://purl.obolibrary.org/obo/HP_0033497,http://purl.obolibrary.org/obo/UBERON_0001285,https://purl.humanatlas.io/vocab/hp#characteristic_of_part_of,https://purl.humanatlas.io/vocab/hp
http://purl.obolibrary.org/obo/HP_0033498,http://purl.obolibrary.org/obo/UBERON_0000074,https://purl.humanatlas.io/vocab/hp#occurs_in,https://purl.humanatlas.io/vocab/hp
http://purl.obolibrary.org/obo/HP_0033498,http://purl.obolibrary.org/obo/UBERON_0000074,https://purl.humanatlas.io/vocab/hp#characteristic_of_part_of,https://purl.humanatlas.io/vocab/hp
http://purl.obolibrary.org/obo/HP_0033498,http://purl.obolibrary.org/obo/UBERON_0001225,https://purl.humanatlas.io/vocab/hp#characteristic_of,https://purl.humanatlas.io/vocab/hp
http://purl.obolibrary.org/obo/HP_0033498,http://purl.obolibrary.org/obo/UBERON_0002113,https://purl.humanatlas.io/vocab/hp#characteristic_of_part_of,https://purl.humanatlas.io/vocab/hp
http://purl.obolibrary.org/obo/HP_0033498,http://purl.obolibrary.org/obo/UBERON_0011143,https://purl.humanatlas.io/vocab/hp#characteristic_of_part_of,https://purl.humanatlas.io/vocab/hp
http://purl.obolibrary.org/obo/HP_0033498,http://purl.obolibrary.org/obo/UBERON_0001008,https://purl.humanatlas.io/vocab/hp#characteristic_of_part_of,https://purl.humanatlas.io/vocab/hp
http://purl.obolibrary.org/obo/HP_0033498,http://purl.obolibrary.org/obo/UBERON_0001285,https://purl.humanatlas.io/vocab/hp#characteristic_of_part_of,https://purl.humanatlas.io/vocab/hp
http://purl.obolibrary.org/obo/HP_0033499,http://purl.obolibrary.org/obo/UBERON_0000074,https://purl.humanatlas.io/vocab/hp#characteristic_of_part_of,https://purl.humanatlas.io/vocab/hp
http://purl.obolibrary.org/obo/HP_0033499,http://purl.obolibrary.org/obo/UBERON_0001225,https://purl.humanatlas.io/vocab/hp#characteristic_of,https://purl.humanatlas.io/vocab/hp
http://purl.obolibrary.org/obo/HP_0033499,http://purl.obolibrary.org/obo/UBERON_0002113,https://purl.humanatlas.io/vocab/hp#characteristic_of_part_of,https://purl.humanatlas.io/vocab/hp
http://purl.obolibrary.org/obo/HP_0033499,http://purl.obolibrary.org/obo/UBERON_0011143,https://purl.humanatlas.io/vocab/hp#characteristic_of_part_of,https://purl.humanatlas.io/vocab/hp
http://purl.obolibrary.org/obo/HP_0033499,http://purl.obolibrary.org/obo/UBERON_0001008,https://purl.humanatlas.io/vocab/hp#characteristic_of_part_of,https://purl.humanatlas.io/vocab/hp
http://purl.obolibrary.org/obo/HP_0033499,http://purl.obolibrary.org/obo/UBERON_0001285,https://purl.humanatlas.io/vocab/hp#characteristic_of_part_of,https://purl.humanatlas.io/vocab/hp
http://purl.obolibrary.org/obo/HP_0033500,http://purl.obolibrary.org/obo/UBERON_0000074,https://purl.humanatlas.io/vocab/hp#characteristic_of_part_of,https://purl.humanatlas.io/vocab/hp
http://purl.obolibrary.org/obo/HP_0033500,http://purl.obolibrary.org/obo/UBERON_0001225,https://purl.humanatlas.io/vocab/hp#characteristic_of,https://purl.humanatlas.io/vocab/hp
http://purl.obolibrary.org/obo/HP_0033500,http://purl.obolibrary.org/obo/UBERON_0002113,https://purl.humanatlas.io/vocab/hp#characteristic_of_part_of,https://purl.humanatlas.io/vocab/hp
http://purl.obolibrary.org/obo/HP_0033500,http://purl.obolibrary.org/obo/UBERON_0011143,https://purl.humanatlas.io/vocab/hp#characteristic_of_part_of,https://purl.humanatlas.io/vocab/hp
http://purl.obolibrary.org/obo/HP_0033500,http://purl.obolibrary.org/obo/UBERON_0001008,https://purl.humanatlas.io/vocab/hp#characteristic_of_part_of,https://purl.humanatlas.io/vocab/hp
http://purl.obolibrary.org/obo/HP_0033500,http://purl.obolibrary.org/obo/UBERON_0001285,https://purl.humanatlas.io/vocab/hp#characteristic_of_part_of,https://purl.humanatlas.io/vocab/hp
http://purl.obolibrary.org/obo/HP_0033501,http://purl.obolibrary.org/obo/UBERON_0000074,https://purl.humanatlas.io/vocab/hp#characteristic_of_part_of,https://purl.humanatlas.io/vocab/hp
http://purl.obolibrary.org/obo/HP_0033501,http://purl.obolibrary.org/obo/UBERON_0001225,https://purl.humanatlas.io/vocab/hp#characteristic_of,https://purl.humanatlas.io/vocab/hp
http://purl.obolibrary.org/obo/HP_0033501,http://purl.obolibrary.org/obo/UBERON_0002113,https://purl.humanatlas.io/vocab/hp#characteristic_of_part_of,https://purl.humanatlas.io/vocab/hp
http://purl.obolibrary.org/obo/HP_0033501,http://purl.obolibrary.org/obo/UBERON_0011143,https://purl.humanatlas.io/vocab/hp#characteristic_of_part_of,https://purl.humanatlas.io/vocab/hp
http://purl.obolibrary.org/obo/HP_0033501,http://purl.obolibrary.org/obo/UBERON_0001008,https://purl.humanatlas.io/vocab/hp#characteristic_of_part_of,https://purl.humanatlas.io/vocab/hp
http://purl.obolibrary.org/obo/HP_0033501,http://purl.obolibrary.org/obo/UBERON_0001285,https://purl.humanatlas.io/vocab/hp#characteristic_of_part_of,https://purl.humanatlas.io/vocab/hp
http://purl.obolibrary.org/obo/HP_0033544,http://purl.obolibrary.org/obo/UBERON_0002319,https://purl.humanatlas.io/vocab/hp#characteristic_of_part_of,https://purl.humanatlas.io/vocab/hp
http://purl.obolibrary.org/obo/HP_0033544,http://purl.obolibrary.org/obo/UBERON_0000074,https://purl.humanatlas.io/vocab/hp#characteristic_of_part_of,https://purl.humanatlas.io/vocab/hp
http://purl.obolibrary.org/obo/HP_0033544,http://purl.obolibrary.org/obo/UBERON_0001225,https://purl.humanatlas.io/vocab/hp#characteristic_of,https://purl.humanatlas.io/vocab/hp
http://purl.obolibrary.org/obo/HP_0033544,http://purl.obolibrary.org/obo/UBERON_0002113,https://purl.humanatlas.io/vocab/hp#characteristic_of_part_of,https://purl.humanatlas.io/vocab/hp
http://purl.obolibrary.org/obo/HP_0033544,http://purl.obolibrary.org/obo/UBERON_0011143,https://purl.humanatlas.io/vocab/hp#characteristic_of_part_of,https://purl.humanatlas.io/vocab/hp
http://purl.obolibrary.org/obo/HP_0033544,http://purl.obolibrary.org/obo/UBERON_0001008,https://purl.humanatlas.io/vocab/hp#characteristic_of_part_of,https://purl.humanatlas.io/vocab/hp
http://purl.obolibrary.org/obo/HP_0033544,http://purl.obolibrary.org/obo/UBERON_0001285,https://purl.humanatlas.io/vocab/hp#characteristic_of_part_of,https://purl.humanatlas.io/vocab/hp
http://purl.obolibrary.org/obo/HP_0033545,http://purl.obolibrary.org/obo/UBERON_0002319,https://purl.humanatlas.io/vocab/hp#characteristic_of_part_of,https://purl.humanatlas.io/vocab/hp
http://purl.obolibrary.org/obo/HP_0033545,http://purl.obolibrary.org/obo/UBERON_0000074,https://purl.humanatlas.io/vocab/hp#characteristic_of_part_of,https://purl.humanatlas.io/vocab/hp
http://purl.obolibrary.org/obo/HP_0033545,http://purl.obolibrary.org/obo/UBERON_0001225,https://purl.humanatlas.io/vocab/hp#characteristic_of,https://purl.humanatlas.io/vocab/hp
http://purl.obolibrary.org/obo/HP_0033545,http://purl.obolibrary.org/obo/UBERON_0002113,https://purl.humanatlas.io/vocab/hp#characteristic_of_part_of,https://purl.humanatlas.io/vocab/hp
http://purl.obolibrary.org/obo/HP_0033545,http://purl.obolibrary.org/obo/UBERON_0011143,https://purl.humanatlas.io/vocab/hp#characteristic_of_part_of,https://purl.humanatlas.io/vocab/hp
http://purl.obolibrary.org/obo/HP_0033545,http://purl.obolibrary.org/obo/UBERON_0001008,https://purl.humanatlas.io/vocab/hp#characteristic_of_part_of,https://purl.humanatlas.io/vocab/hp
http://purl.obolibrary.org/obo/HP_0033545,http://purl.obolibrary.org/obo/UBERON_0001285,https://purl.humanatlas.io/vocab/hp#characteristic_of_part_of,https://purl.humanatlas.io/vocab/hp
http://purl.obolibrary.org/obo/HP_0033546,http://purl.obolibrary.org/obo/UBERON_0002319,https://purl.humanatlas.io/vocab/hp#characteristic_of_part_of,https://purl.humanatlas.io/vocab/hp
http://purl.obolibrary.org/obo/HP_0033546,http://purl.obolibrary.org/obo/UBERON_0000074,https://purl.humanatlas.io/vocab/hp#characteristic_of_part_of,https://purl.humanatlas.io/vocab/hp
http://purl.obolibrary.org/obo/HP_0033546,http://purl.obolibrary.org/obo/UBERON_0001225,https://purl.humanatlas.io/vocab/hp#characteristic_of,https://purl.humanatlas.io/vocab/hp
http://purl.obolibrary.org/obo/HP_0033546,http://purl.obolibrary.org/obo/UBERON_0002113,https://purl.humanatlas.io/vocab/hp#characteristic_of_part_of,https://purl.humanatlas.io/vocab/hp
http://purl.obolibrary.org/obo/HP_0033546,http://purl.obolibrary.org/obo/UBERON_0011143,https://purl.humanatlas.io/vocab/hp#characteristic_of_part_of,https://purl.humanatlas.io/vocab/hp
http://purl.obolibrary.org/obo/HP_0033546,http://purl.obolibrary.org/obo/UBERON_0001008,https://purl.humanatlas.io/vocab/hp#characteristic_of_part_of,https://purl.humanatlas.io/vocab/hp
http://purl.obolibrary.org/obo/HP_0033546,http://purl.obolibrary.org/obo/UBERON_0001285,https://purl.humanatlas.io/vocab/hp#characteristic_of_part_of,https://purl.humanatlas.io/vocab/hp
http://purl.obolibrary.org/obo/HP_0033547,http://purl.obolibrary.org/obo/UBERON_0002319,https://purl.humanatlas.io/vocab/hp#characteristic_of_part_of,https://purl.humanatlas.io/vocab/hp
http://purl.obolibrary.org/obo/HP_0033547,http://purl.obolibrary.org/obo/UBERON_0000074,https://purl.humanatlas.io/vocab/hp#characteristic_of_part_of,https://purl.humanatlas.io/vocab/hp
http://purl.obolibrary.org/obo/HP_0033547,http://purl.obolibrary.org/obo/UBERON_0001225,https://purl.humanatlas.io/vocab/hp#characteristic_of,https://purl.humanatlas.io/vocab/hp
http://purl.obolibrary.org/obo/HP_0033547,http://purl.obolibrary.org/obo/UBERON_0002113,https://purl.humanatlas.io/vocab/hp#characteristic_of_part_of,https://purl.humanatlas.io/vocab/hp
http://purl.obolibrary.org/obo/HP_0033547,http://purl.obolibrary.org/obo/UBERON_0011143,https://purl.humanatlas.io/vocab/hp#characteristic_of_part_of,https://purl.humanatlas.io/vocab/hp
http://purl.obolibrary.org/obo/HP_0033547,http://purl.obolibrary.org/obo/UBERON_0001008,https://purl.humanatlas.io/vocab/hp#characteristic_of_part_of,https://purl.humanatlas.io/vocab/hp
http://purl.obolibrary.org/obo/HP_0033547,http://purl.obolibrary.org/obo/UBERON_0001285,https://purl.humanatlas.io/vocab/hp#characteristic_of_part_of,https://purl.humanatlas.io/vocab/hp
http://purl.obolibrary.org/obo/HP_0033548,http://purl.obolibrary.org/obo/UBERON_0002319,https://purl.humanatlas.io/vocab/hp#characteristic_of_part_of,https://purl.humanatlas.io/vocab/hp
http://purl.obolibrary.org/obo/HP_0033548,http://purl.obolibrary.org/obo/UBERON_0000074,https://purl.humanatlas.io/vocab/hp#characteristic_of_part_of,https://purl.humanatlas.io/vocab/hp
http://purl.obolibrary.org/obo/HP_0033548,http://purl.obolibrary.org/obo/UBERON_0001225,https://purl.humanatlas.io/vocab/hp#characteristic_of,https://purl.humanatlas.io/vocab/hp
http://purl.obolibrary.org/obo/HP_0033548,http://purl.obolibrary.org/obo/UBERON_0002113,https://purl.humanatlas.io/vocab/hp#characteristic_of_part_of,https://purl.humanatlas.io/vocab/hp
http://purl.obolibrary.org/obo/HP_0033548,http://purl.obolibrary.org/obo/UBERON_0011143,https://purl.humanatlas.io/vocab/hp#characteristic_of_part_of,https://purl.humanatlas.io/vocab/hp
http://purl.obolibrary.org/obo/HP_0033548,http://purl.obolibrary.org/obo/UBERON_0001008,https://purl.humanatlas.io/vocab/hp#characteristic_of_part_of,https://purl.humanatlas.io/vocab/hp
http://purl.obolibrary.org/obo/HP_0033548,http://purl.obolibrary.org/obo/UBERON_0001285,https://purl.humanatlas.io/vocab/hp#characteristic_of_part_of,https://purl.humanatlas.io/vocab/hp
http://purl.obolibrary.org/obo/HP_0033549,http://purl.obolibrary.org/obo/UBERON_0002319,https://purl.humanatlas.io/vocab/hp#characteristic_of_part_of,https://purl.humanatlas.io/vocab/hp
http://purl.obolibrary.org/obo/HP_0033549,http://purl.obolibrary.org/obo/UBERON_0000074,https://purl.humanatlas.io/vocab/hp#characteristic_of_part_of,https://purl.humanatlas.io/vocab/hp
http://purl.obolibrary.org/obo/HP_0033549,http://purl.obolibrary.org/obo/UBERON_0001225,https://purl.humanatlas.io/vocab/hp#characteristic_of,https://purl.humanatlas.io/vocab/hp
http://purl.obolibrary.org/obo/HP_0033549,http://purl.obolibrary.org/obo/UBERON_0002113,https://purl.humanatlas.io/vocab/hp#characteristic_of_part_of,https://purl.humanatlas.io/vocab/hp
http://purl.obolibrary.org/obo/HP_0033549,http://purl.obolibrary.org/obo/UBERON_0011143,https://purl.humanatlas.io/vocab/hp#characteristic_of_part_of,https://purl.humanatlas.io/vocab/hp
http://purl.obolibrary.org/obo/HP_0033549,http://purl.obolibrary.org/obo/UBERON_0001008,https://purl.humanatlas.io/vocab/hp#characteristic_of_part_of,https://purl.humanatlas.io/vocab/hp
http://purl.obolibrary.org/obo/HP_0033549,http://purl.obolibrary.org/obo/UBERON_0001285,https://purl.humanatlas.io/vocab/hp#characteristic_of_part_of,https://purl.humanatlas.io/vocab/hp
http://purl.obolibrary.org/obo/HP_0033591,http://purl.obolibrary.org/obo/UBERON_0002113,https://purl.humanatlas.io/vocab/hp#characteristic_of_part_of,https://purl.humanatlas.io/vocab/hp
http://purl.obolibrary.org/obo/HP_0033591,http://purl.obolibrary.org/obo/UBERON_0011143,https://purl.humanatlas.io/vocab/hp#characteristic_of_part_of,https://purl.humanatlas.io/vocab/hp
http://purl.obolibrary.org/obo/HP_0033591,http://purl.obolibrary.org/obo/UBERON_0001008,https://purl.humanatlas.io/vocab/hp#characteristic_of_part_of,https://purl.humanatlas.io/vocab/hp
http://purl.obolibrary.org/obo/HP_0033594,http://purl.obolibrary.org/obo/UBERON_0001008,https://purl.humanatlas.io/vocab/hp#characteristic_of,https://purl.humanatlas.io/vocab/hp
http://purl.obolibrary.org/obo/HP_0033594,http://purl.obolibrary.org/obo/UBERON_0001008,https://purl.humanatlas.io/vocab/hp#characteristic_of_part_of,https://purl.humanatlas.io/vocab/hp
http://purl.obolibrary.org/obo/HP_0033596,http://purl.obolibrary.org/obo/UBERON_0001008,https://purl.humanatlas.io/vocab/hp#characteristic_of,https://purl.humanatlas.io/vocab/hp
http://purl.obolibrary.org/obo/HP_0033596,http://purl.obolibrary.org/obo/UBERON_0001008,https://purl.humanatlas.io/vocab/hp#characteristic_of_part_of,https://purl.humanatlas.io/vocab/hp
http://purl.obolibrary.org/obo/HP_0033598,http://purl.obolibrary.org/obo/UBERON_0000074,https://purl.humanatlas.io/vocab/hp#characteristic_of_part_of,https://purl.humanatlas.io/vocab/hp
http://purl.obolibrary.org/obo/HP_0033598,http://purl.obolibrary.org/obo/UBERON_0001225,https://purl.humanatlas.io/vocab/hp#characteristic_of,https://purl.humanatlas.io/vocab/hp
http://purl.obolibrary.org/obo/HP_0033598,http://purl.obolibrary.org/obo/UBERON_0002113,https://purl.humanatlas.io/vocab/hp#characteristic_of_part_of,https://purl.humanatlas.io/vocab/hp
http://purl.obolibrary.org/obo/HP_0033598,http://purl.obolibrary.org/obo/UBERON_0011143,https://purl.humanatlas.io/vocab/hp#characteristic_of_part_of,https://purl.humanatlas.io/vocab/hp
http://purl.obolibrary.org/obo/HP_0033598,http://purl.obolibrary.org/obo/UBERON_0001008,https://purl.humanatlas.io/vocab/hp#characteristic_of_part_of,https://purl.humanatlas.io/vocab/hp
http://purl.obolibrary.org/obo/HP_0033598,http://purl.obolibrary.org/obo/UBERON_0001285,https://purl.humanatlas.io/vocab/hp#characteristic_of_part_of,https://purl.humanatlas.io/vocab/hp
http://purl.obolibrary.org/obo/HP_0033599,http://purl.obolibrary.org/obo/UBERON_0000074,https://purl.humanatlas.io/vocab/hp#characteristic_of_part_of,https://purl.humanatlas.io/vocab/hp
http://purl.obolibrary.org/obo/HP_0033599,http://purl.obolibrary.org/obo/UBERON_0001225,https://purl.humanatlas.io/vocab/hp#characteristic_of,https://purl.humanatlas.io/vocab/hp
http://purl.obolibrary.org/obo/HP_0033599,http://purl.obolibrary.org/obo/UBERON_0002113,https://purl.humanatlas.io/vocab/hp#characteristic_of_part_of,https://purl.humanatlas.io/vocab/hp
http://purl.obolibrary.org/obo/HP_0033599,http://purl.obolibrary.org/obo/UBERON_0011143,https://purl.humanatlas.io/vocab/hp#characteristic_of_part_of,https://purl.humanatlas.io/vocab/hp
http://purl.obolibrary.org/obo/HP_0033599,http://purl.obolibrary.org/obo/UBERON_0001008,https://purl.humanatlas.io/vocab/hp#characteristic_of_part_of,https://purl.humanatlas.io/vocab/hp
http://purl.obolibrary.org/obo/HP_0033599,http://purl.obolibrary.org/obo/UBERON_0001285,https://purl.humanatlas.io/vocab/hp#characteristic_of_part_of,https://purl.humanatlas.io/vocab/hp
http://purl.obolibrary.org/obo/HP_0033600,http://purl.obolibrary.org/obo/UBERON_0000074,https://purl.humanatlas.io/vocab/hp#characteristic_of_part_of,https://purl.humanatlas.io/vocab/hp
http://purl.obolibrary.org/obo/HP_0033600,http://purl.obolibrary.org/obo/UBERON_0001225,https://purl.humanatlas.io/vocab/hp#characteristic_of,https://purl.humanatlas.io/vocab/hp
http://purl.obolibrary.org/obo/HP_0033600,http://purl.obolibrary.org/obo/UBERON_0002113,https://purl.humanatlas.io/vocab/hp#characteristic_of_part_of,https://purl.humanatlas.io/vocab/hp
http://purl.obolibrary.org/obo/HP_0033600,http://purl.obolibrary.org/obo/UBERON_0011143,https://purl.humanatlas.io/vocab/hp#characteristic_of_part_of,https://purl.humanatlas.io/vocab/hp
http://purl.obolibrary.org/obo/HP_0033600,http://purl.obolibrary.org/obo/UBERON_0001008,https://purl.humanatlas.io/vocab/hp#characteristic_of_part_of,https://purl.humanatlas.io/vocab/hp
http://purl.obolibrary.org/obo/HP_0033600,http://purl.obolibrary.org/obo/UBERON_0001285,https://purl.humanatlas.io/vocab/hp#characteristic_of_part_of,https://purl.humanatlas.io/vocab/hp
http://purl.obolibrary.org/obo/HP_0033601,http://purl.obolibrary.org/obo/UBERON_0000074,https://purl.humanatlas.io/vocab/hp#characteristic_of_part_of,https://purl.humanatlas.io/vocab/hp
http://purl.obolibrary.org/obo/HP_0033601,http://purl.obolibrary.org/obo/UBERON_0001225,https://purl.humanatlas.io/vocab/hp#characteristic_of,https://purl.humanatlas.io/vocab/hp
http://purl.obolibrary.org/obo/HP_0033601,http://purl.obolibrary.org/obo/UBERON_0002113,https://purl.humanatlas.io/vocab/hp#characteristic_of_part_of,https://purl.humanatlas.io/vocab/hp
http://purl.obolibrary.org/obo/HP_0033601,http://purl.obolibrary.org/obo/UBERON_0011143,https://purl.humanatlas.io/vocab/hp#characteristic_of_part_of,https://purl.humanatlas.io/vocab/hp
http://purl.obolibrary.org/obo/HP_0033601,http://purl.obolibrary.org/obo/UBERON_0001008,https://purl.humanatlas.io/vocab/hp#characteristic_of_part_of,https://purl.humanatlas.io/vocab/hp
http://purl.obolibrary.org/obo/HP_0033601,http://purl.obolibrary.org/obo/UBERON_0001285,https://purl.humanatlas.io/vocab/hp#characteristic_of_part_of,https://purl.humanatlas.io/vocab/hp
http://purl.obolibrary.org/obo/HP_0033602,http://purl.obolibrary.org/obo/UBERON_0000074,https://purl.humanatlas.io/vocab/hp#characteristic_of_part_of,https://purl.humanatlas.io/vocab/hp
http://purl.obolibrary.org/obo/HP_0033602,http://purl.obolibrary.org/obo/UBERON_0001225,https://purl.humanatlas.io/vocab/hp#characteristic_of,https://purl.humanatlas.io/vocab/hp
http://purl.obolibrary.org/obo/HP_0033602,http://purl.obolibrary.org/obo/UBERON_0002113,https://purl.humanatlas.io/vocab/hp#characteristic_of_part_of,https://purl.humanatlas.io/vocab/hp
http://purl.obolibrary.org/obo/HP_0033602,http://purl.obolibrary.org/obo/UBERON_0011143,https://purl.humanatlas.io/vocab/hp#characteristic_of_part_of,https://purl.humanatlas.io/vocab/hp
http://purl.obolibrary.org/obo/HP_0033602,http://purl.obolibrary.org/obo/UBERON_0001008,https://purl.humanatlas.io/vocab/hp#characteristic_of_part_of,https://purl.humanatlas.io/vocab/hp
http://purl.obolibrary.org/obo/HP_0033602,http://purl.obolibrary.org/obo/UBERON_0001285,https://purl.humanatlas.io/vocab/hp#characteristic_of_part_of,https://purl.humanatlas.io/vocab/hp
http://purl.obolibrary.org/obo/HP_0033603,http://purl.obolibrary.org/obo/UBERON_0000074,https://purl.humanatlas.io/vocab/hp#characteristic_of_part_of,https://purl.humanatlas.io/vocab/hp
http://purl.obolibrary.org/obo/HP_0033603,http://purl.obolibrary.org/obo/UBERON_0001225,https://purl.humanatlas.io/vocab/hp#characteristic_of,https://purl.humanatlas.io/vocab/hp
http://purl.obolibrary.org/obo/HP_0033603,http://purl.obolibrary.org/obo/UBERON_0002113,https://purl.humanatlas.io/vocab/hp#characteristic_of_part_of,https://purl.humanatlas.io/vocab/hp
http://purl.obolibrary.org/obo/HP_0033603,http://purl.obolibrary.org/obo/UBERON_0011143,https://purl.humanatlas.io/vocab/hp#characteristic_of_part_of,https://purl.humanatlas.io/vocab/hp
http://purl.obolibrary.org/obo/HP_0033603,http://purl.obolibrary.org/obo/UBERON_0001008,https://purl.humanatlas.io/vocab/hp#characteristic_of_part_of,https://purl.humanatlas.io/vocab/hp
http://purl.obolibrary.org/obo/HP_0033603,http://purl.obolibrary.org/obo/UBERON_0001285,https://purl.humanatlas.io/vocab/hp#characteristic_of_part_of,https://purl.humanatlas.io/vocab/hp
http://purl.obolibrary.org/obo/HP_0033604,http://purl.obolibrary.org/obo/UBERON_0000074,https://purl.humanatlas.io/vocab/hp#characteristic_of_part_of,https://purl.humanatlas.io/vocab/hp
http://purl.obolibrary.org/obo/HP_0033604,http://purl.obolibrary.org/obo/UBERON_0001225,https://purl.humanatlas.io/vocab/hp#characteristic_of,https://purl.humanatlas.io/vocab/hp
http://purl.obolibrary.org/obo/HP_0033604,http://purl.obolibrary.org/obo/UBERON_0002113,https://purl.humanatlas.io/vocab/hp#characteristic_of_part_of,https://purl.humanatlas.io/vocab/hp
http://purl.obolibrary.org/obo/HP_0033604,http://purl.obolibrary.org/obo/UBERON_0011143,https://purl.humanatlas.io/vocab/hp#characteristic_of_part_of,https://purl.humanatlas.io/vocab/hp
http://purl.obolibrary.org/obo/HP_0033604,http://purl.obolibrary.org/obo/UBERON_0001008,https://purl.humanatlas.io/vocab/hp#characteristic_of_part_of,https://purl.humanatlas.io/vocab/hp
http://purl.obolibrary.org/obo/HP_0033604,http://purl.obolibrary.org/obo/UBERON_0001285,https://purl.humanatlas.io/vocab/hp#characteristic_of_part_of,https://purl.humanatlas.io/vocab/hp
http://purl.obolibrary.org/obo/HP_0033627,http://purl.obolibrary.org/obo/UBERON_0001008,https://purl.humanatlas.io/vocab/hp#characteristic_of,https://purl.humanatlas.io/vocab/hp
http://purl.obolibrary.org/obo/HP_0033627,http://purl.obolibrary.org/obo/UBERON_0001008,https://purl.humanatlas.io/vocab/hp#characteristic_of_part_of,https://purl.humanatlas.io/vocab/hp
http://purl.obolibrary.org/obo/HP_0033704,http://purl.obolibrary.org/obo/UBERON_0001008,https://purl.humanatlas.io/vocab/hp#characteristic_of,https://purl.humanatlas.io/vocab/hp
http://purl.obolibrary.org/obo/HP_0033704,http://purl.obolibrary.org/obo/UBERON_0001008,https://purl.humanatlas.io/vocab/hp#characteristic_of_part_of,https://purl.humanatlas.io/vocab/hp
http://purl.obolibrary.org/obo/HP_0033726,http://purl.obolibrary.org/obo/UBERON_0000074,https://purl.humanatlas.io/vocab/hp#characteristic_of_part_of,https://purl.humanatlas.io/vocab/hp
http://purl.obolibrary.org/obo/HP_0033726,http://purl.obolibrary.org/obo/UBERON_0001225,https://purl.humanatlas.io/vocab/hp#characteristic_of,https://purl.humanatlas.io/vocab/hp
http://purl.obolibrary.org/obo/HP_0033726,http://purl.obolibrary.org/obo/UBERON_0002113,https://purl.humanatlas.io/vocab/hp#characteristic_of_part_of,https://purl.humanatlas.io/vocab/hp
http://purl.obolibrary.org/obo/HP_0033726,http://purl.obolibrary.org/obo/UBERON_0011143,https://purl.humanatlas.io/vocab/hp#characteristic_of_part_of,https://purl.humanatlas.io/vocab/hp
http://purl.obolibrary.org/obo/HP_0033726,http://purl.obolibrary.org/obo/UBERON_0001008,https://purl.humanatlas.io/vocab/hp#characteristic_of_part_of,https://purl.humanatlas.io/vocab/hp
http://purl.obolibrary.org/obo/HP_0033726,http://purl.obolibrary.org/obo/UBERON_0001285,https://purl.humanatlas.io/vocab/hp#characteristic_of_part_of,https://purl.humanatlas.io/vocab/hp
http://purl.obolibrary.org/obo/HP_0033726,http://purl.obolibrary.org/obo/UBERON_0002113,https://purl.humanatlas.io/vocab/hp#occurs_in,https://purl.humanatlas.io/vocab/hp
http://purl.obolibrary.org/obo/HP_0033726,http://purl.obolibrary.org/obo/UBERON_0002113,https://purl.humanatlas.io/vocab/hp#characteristic_of,https://purl.humanatlas.io/vocab/hp
http://purl.obolibrary.org/obo/HP_0033726,http://purl.obolibrary.org/obo/UBERON_0001008,https://purl.humanatlas.io/vocab/hp#characteristic_of,https://purl.humanatlas.io/vocab/hp
http://purl.obolibrary.org/obo/HP_0033727,http://purl.obolibrary.org/obo/UBERON_0000074,https://purl.humanatlas.io/vocab/hp#characteristic_of_part_of,https://purl.humanatlas.io/vocab/hp
http://purl.obolibrary.org/obo/HP_0033727,http://purl.obolibrary.org/obo/UBERON_0001225,https://purl.humanatlas.io/vocab/hp#characteristic_of,https://purl.humanatlas.io/vocab/hp
http://purl.obolibrary.org/obo/HP_0033727,http://purl.obolibrary.org/obo/UBERON_0002113,https://purl.humanatlas.io/vocab/hp#characteristic_of_part_of,https://purl.humanatlas.io/vocab/hp
http://purl.obolibrary.org/obo/HP_0033727,http://purl.obolibrary.org/obo/UBERON_0011143,https://purl.humanatlas.io/vocab/hp#characteristic_of_part_of,https://purl.humanatlas.io/vocab/hp
http://purl.obolibrary.org/obo/HP_0033727,http://purl.obolibrary.org/obo/UBERON_0001008,https://purl.humanatlas.io/vocab/hp#characteristic_of_part_of,https://purl.humanatlas.io/vocab/hp
http://purl.obolibrary.org/obo/HP_0033727,http://purl.obolibrary.org/obo/UBERON_0001285,https://purl.humanatlas.io/vocab/hp#characteristic_of_part_of,https://purl.humanatlas.io/vocab/hp
http://purl.obolibrary.org/obo/HP_0033727,http://purl.obolibrary.org/obo/UBERON_0002113,https://purl.humanatlas.io/vocab/hp#occurs_in,https://purl.humanatlas.io/vocab/hp
http://purl.obolibrary.org/obo/HP_0033727,http://purl.obolibrary.org/obo/UBERON_0002113,https://purl.humanatlas.io/vocab/hp#characteristic_of,https://purl.humanatlas.io/vocab/hp
http://purl.obolibrary.org/obo/HP_0033727,http://purl.obolibrary.org/obo/UBERON_0001008,https://purl.humanatlas.io/vocab/hp#characteristic_of,https://purl.humanatlas.io/vocab/hp
http://purl.obolibrary.org/obo/HP_0033728,http://purl.obolibrary.org/obo/UBERON_0000074,https://purl.humanatlas.io/vocab/hp#characteristic_of_part_of,https://purl.humanatlas.io/vocab/hp
http://purl.obolibrary.org/obo/HP_0033728,http://purl.obolibrary.org/obo/UBERON_0001225,https://purl.humanatlas.io/vocab/hp#characteristic_of,https://purl.humanatlas.io/vocab/hp
http://purl.obolibrary.org/obo/HP_0033728,http://purl.obolibrary.org/obo/UBERON_0002113,https://purl.humanatlas.io/vocab/hp#characteristic_of_part_of,https://purl.humanatlas.io/vocab/hp
http://purl.obolibrary.org/obo/HP_0033728,http://purl.obolibrary.org/obo/UBERON_0011143,https://purl.humanatlas.io/vocab/hp#characteristic_of_part_of,https://purl.humanatlas.io/vocab/hp
http://purl.obolibrary.org/obo/HP_0033728,http://purl.obolibrary.org/obo/UBERON_0001008,https://purl.humanatlas.io/vocab/hp#characteristic_of_part_of,https://purl.humanatlas.io/vocab/hp
http://purl.obolibrary.org/obo/HP_0033728,http://purl.obolibrary.org/obo/UBERON_0001285,https://purl.humanatlas.io/vocab/hp#characteristic_of_part_of,https://purl.humanatlas.io/vocab/hp
http://purl.obolibrary.org/obo/HP_0033728,http://purl.obolibrary.org/obo/UBERON_0002113,https://purl.humanatlas.io/vocab/hp#occurs_in,https://purl.humanatlas.io/vocab/hp
http://purl.obolibrary.org/obo/HP_0033728,http://purl.obolibrary.org/obo/UBERON_0002113,https://purl.humanatlas.io/vocab/hp#characteristic_of,https://purl.humanatlas.io/vocab/hp
http://purl.obolibrary.org/obo/HP_0033728,http://purl.obolibrary.org/obo/UBERON_0001008,https://purl.humanatlas.io/vocab/hp#characteristic_of,https://purl.humanatlas.io/vocab/hp
http://purl.obolibrary.org/obo/HP_0033729,http://purl.obolibrary.org/obo/UBERON_0000074,https://purl.humanatlas.io/vocab/hp#characteristic_of_part_of,https://purl.humanatlas.io/vocab/hp
http://purl.obolibrary.org/obo/HP_0033729,http://purl.obolibrary.org/obo/UBERON_0001225,https://purl.humanatlas.io/vocab/hp#characteristic_of,https://purl.humanatlas.io/vocab/hp
http://purl.obolibrary.org/obo/HP_0033729,http://purl.obolibrary.org/obo/UBERON_0002113,https://purl.humanatlas.io/vocab/hp#characteristic_of_part_of,https://purl.humanatlas.io/vocab/hp
http://purl.obolibrary.org/obo/HP_0033729,http://purl.obolibrary.org/obo/UBERON_0011143,https://purl.humanatlas.io/vocab/hp#characteristic_of_part_of,https://purl.humanatlas.io/vocab/hp
http://purl.obolibrary.org/obo/HP_0033729,http://purl.obolibrary.org/obo/UBERON_0001008,https://purl.humanatlas.io/vocab/hp#characteristic_of_part_of,https://purl.humanatlas.io/vocab/hp
http://purl.obolibrary.org/obo/HP_0033729,http://purl.obolibrary.org/obo/UBERON_0001285,https://purl.humanatlas.io/vocab/hp#characteristic_of_part_of,https://purl.humanatlas.io/vocab/hp
http://purl.obolibrary.org/obo/HP_0033729,http://purl.obolibrary.org/obo/UBERON_0002113,https://purl.humanatlas.io/vocab/hp#occurs_in,https://purl.humanatlas.io/vocab/hp
http://purl.obolibrary.org/obo/HP_0033729,http://purl.obolibrary.org/obo/UBERON_0002113,https://purl.humanatlas.io/vocab/hp#characteristic_of,https://purl.humanatlas.io/vocab/hp
http://purl.obolibrary.org/obo/HP_0033729,http://purl.obolibrary.org/obo/UBERON_0001008,https://purl.humanatlas.io/vocab/hp#characteristic_of,https://purl.humanatlas.io/vocab/hp
http://purl.obolibrary.org/obo/HP_0033730,http://purl.obolibrary.org/obo/UBERON_0000074,https://purl.humanatlas.io/vocab/hp#characteristic_of_part_of,https://purl.humanatlas.io/vocab/hp
http://purl.obolibrary.org/obo/HP_0033730,http://purl.obolibrary.org/obo/UBERON_0001225,https://purl.humanatlas.io/vocab/hp#characteristic_of,https://purl.humanatlas.io/vocab/hp
http://purl.obolibrary.org/obo/HP_0033730,http://purl.obolibrary.org/obo/UBERON_0002113,https://purl.humanatlas.io/vocab/hp#characteristic_of_part_of,https://purl.humanatlas.io/vocab/hp
http://purl.obolibrary.org/obo/HP_0033730,http://purl.obolibrary.org/obo/UBERON_0011143,https://purl.humanatlas.io/vocab/hp#characteristic_of_part_of,https://purl.humanatlas.io/vocab/hp
http://purl.obolibrary.org/obo/HP_0033730,http://purl.obolibrary.org/obo/UBERON_0001008,https://purl.humanatlas.io/vocab/hp#characteristic_of_part_of,https://purl.humanatlas.io/vocab/hp
http://purl.obolibrary.org/obo/HP_0033730,http://purl.obolibrary.org/obo/UBERON_0001285,https://purl.humanatlas.io/vocab/hp#characteristic_of_part_of,https://purl.humanatlas.io/vocab/hp
http://purl.obolibrary.org/obo/HP_0033730,http://purl.obolibrary.org/obo/UBERON_0002113,https://purl.humanatlas.io/vocab/hp#occurs_in,https://purl.humanatlas.io/vocab/hp
http://purl.obolibrary.org/obo/HP_0033730,http://purl.obolibrary.org/obo/UBERON_0002113,https://purl.humanatlas.io/vocab/hp#characteristic_of,https://purl.humanatlas.io/vocab/hp
http://purl.obolibrary.org/obo/HP_0033730,http://purl.obolibrary.org/obo/UBERON_0001008,https://purl.humanatlas.io/vocab/hp#characteristic_of,https://purl.humanatlas.io/vocab/hp
http://purl.obolibrary.org/obo/HP_0033731,http://purl.obolibrary.org/obo/UBERON_0000074,https://purl.humanatlas.io/vocab/hp#characteristic_of_part_of,https://purl.humanatlas.io/vocab/hp
http://purl.obolibrary.org/obo/HP_0033731,http://purl.obolibrary.org/obo/UBERON_0001225,https://purl.humanatlas.io/vocab/hp#characteristic_of,https://purl.humanatlas.io/vocab/hp
http://purl.obolibrary.org/obo/HP_0033731,http://purl.obolibrary.org/obo/UBERON_0002113,https://purl.humanatlas.io/vocab/hp#characteristic_of_part_of,https://purl.humanatlas.io/vocab/hp
http://purl.obolibrary.org/obo/HP_0033731,http://purl.obolibrary.org/obo/UBERON_0011143,https://purl.humanatlas.io/vocab/hp#characteristic_of_part_of,https://purl.humanatlas.io/vocab/hp
http://purl.obolibrary.org/obo/HP_0033731,http://purl.obolibrary.org/obo/UBERON_0001008,https://purl.humanatlas.io/vocab/hp#characteristic_of_part_of,https://purl.humanatlas.io/vocab/hp
http://purl.obolibrary.org/obo/HP_0033731,http://purl.obolibrary.org/obo/UBERON_0001285,https://purl.humanatlas.io/vocab/hp#characteristic_of_part_of,https://purl.humanatlas.io/vocab/hp
http://purl.obolibrary.org/obo/HP_0033731,http://purl.obolibrary.org/obo/UBERON_0002113,https://purl.humanatlas.io/vocab/hp#occurs_in,https://purl.humanatlas.io/vocab/hp
http://purl.obolibrary.org/obo/HP_0033731,http://purl.obolibrary.org/obo/UBERON_0002113,https://purl.humanatlas.io/vocab/hp#characteristic_of,https://purl.humanatlas.io/vocab/hp
http://purl.obolibrary.org/obo/HP_0033731,http://purl.obolibrary.org/obo/UBERON_0001008,https://purl.humanatlas.io/vocab/hp#characteristic_of,https://purl.humanatlas.io/vocab/hp
http://purl.obolibrary.org/obo/HP_0033732,http://purl.obolibrary.org/obo/UBERON_0000074,https://purl.humanatlas.io/vocab/hp#characteristic_of_part_of,https://purl.humanatlas.io/vocab/hp
http://purl.obolibrary.org/obo/HP_0033732,http://purl.obolibrary.org/obo/UBERON_0001225,https://purl.humanatlas.io/vocab/hp#characteristic_of,https://purl.humanatlas.io/vocab/hp
http://purl.obolibrary.org/obo/HP_0033732,http://purl.obolibrary.org/obo/UBERON_0002113,https://purl.humanatlas.io/vocab/hp#characteristic_of_part_of,https://purl.humanatlas.io/vocab/hp
http://purl.obolibrary.org/obo/HP_0033732,http://purl.obolibrary.org/obo/UBERON_0011143,https://purl.humanatlas.io/vocab/hp#characteristic_of_part_of,https://purl.humanatlas.io/vocab/hp
http://purl.obolibrary.org/obo/HP_0033732,http://purl.obolibrary.org/obo/UBERON_0001008,https://purl.humanatlas.io/vocab/hp#characteristic_of_part_of,https://purl.humanatlas.io/vocab/hp
http://purl.obolibrary.org/obo/HP_0033732,http://purl.obolibrary.org/obo/UBERON_0001285,https://purl.humanatlas.io/vocab/hp#characteristic_of_part_of,https://purl.humanatlas.io/vocab/hp
http://purl.obolibrary.org/obo/HP_0033732,http://purl.obolibrary.org/obo/UBERON_0002113,https://purl.humanatlas.io/vocab/hp#occurs_in,https://purl.humanatlas.io/vocab/hp
http://purl.obolibrary.org/obo/HP_0033732,http://purl.obolibrary.org/obo/UBERON_0002113,https://purl.humanatlas.io/vocab/hp#characteristic_of,https://purl.humanatlas.io/vocab/hp
http://purl.obolibrary.org/obo/HP_0033732,http://purl.obolibrary.org/obo/UBERON_0001008,https://purl.humanatlas.io/vocab/hp#characteristic_of,https://purl.humanatlas.io/vocab/hp
http://purl.obolibrary.org/obo/HP_0033733,http://purl.obolibrary.org/obo/UBERON_0001255,https://purl.humanatlas.io/vocab/hp#characteristic_of,https://purl.humanatlas.io/vocab/hp
http://purl.obolibrary.org/obo/HP_0033733,http://purl.obolibrary.org/obo/UBERON_0001255,https://purl.humanatlas.io/vocab/hp#characteristic_of_part_of,https://purl.humanatlas.io/vocab/hp
http://purl.obolibrary.org/obo/HP_0033733,http://purl.obolibrary.org/obo/UBERON_0001556,https://purl.humanatlas.io/vocab/hp#characteristic_of_part_of,https://purl.humanatlas.io/vocab/hp
http://purl.obolibrary.org/obo/HP_0033733,http://purl.obolibrary.org/obo/UBERON_0001008,https://purl.humanatlas.io/vocab/hp#characteristic_of_part_of,https://purl.humanatlas.io/vocab/hp
http://purl.obolibrary.org/obo/HP_0033733,http://purl.obolibrary.org/obo/UBERON_0000056,https://purl.humanatlas.io/vocab/hp#characteristic_of_part_of,https://purl.humanatlas.io/vocab/hp
http://purl.obolibrary.org/obo/HP_0033733,http://purl.obolibrary.org/obo/UBERON_0011143,https://purl.humanatlas.io/vocab/hp#characteristic_of_part_of,https://purl.humanatlas.io/vocab/hp
http://purl.obolibrary.org/obo/HP_0033734,http://purl.obolibrary.org/obo/UBERON_0001255,https://purl.humanatlas.io/vocab/hp#characteristic_of,https://purl.humanatlas.io/vocab/hp
http://purl.obolibrary.org/obo/HP_0033734,http://purl.obolibrary.org/obo/UBERON_0001255,https://purl.humanatlas.io/vocab/hp#characteristic_of_part_of,https://purl.humanatlas.io/vocab/hp
http://purl.obolibrary.org/obo/HP_0033734,http://purl.obolibrary.org/obo/UBERON_0001556,https://purl.humanatlas.io/vocab/hp#characteristic_of_part_of,https://purl.humanatlas.io/vocab/hp
http://purl.obolibrary.org/obo/HP_0033734,http://purl.obolibrary.org/obo/UBERON_0001008,https://purl.humanatlas.io/vocab/hp#characteristic_of_part_of,https://purl.humanatlas.io/vocab/hp
http://purl.obolibrary.org/obo/HP_0033734,http://purl.obolibrary.org/obo/UBERON_0000056,https://purl.humanatlas.io/vocab/hp#characteristic_of_part_of,https://purl.humanatlas.io/vocab/hp
http://purl.obolibrary.org/obo/HP_0033734,http://purl.obolibrary.org/obo/UBERON_0011143,https://purl.humanatlas.io/vocab/hp#characteristic_of_part_of,https://purl.humanatlas.io/vocab/hp
http://purl.obolibrary.org/obo/HP_0033735,http://purl.obolibrary.org/obo/UBERON_0001255,https://purl.humanatlas.io/vocab/hp#characteristic_of,https://purl.humanatlas.io/vocab/hp
http://purl.obolibrary.org/obo/HP_0033735,http://purl.obolibrary.org/obo/UBERON_0001255,https://purl.humanatlas.io/vocab/hp#characteristic_of_part_of,https://purl.humanatlas.io/vocab/hp
http://purl.obolibrary.org/obo/HP_0033735,http://purl.obolibrary.org/obo/UBERON_0001556,https://purl.humanatlas.io/vocab/hp#characteristic_of_part_of,https://purl.humanatlas.io/vocab/hp
http://purl.obolibrary.org/obo/HP_0033735,http://purl.obolibrary.org/obo/UBERON_0001008,https://purl.humanatlas.io/vocab/hp#characteristic_of_part_of,https://purl.humanatlas.io/vocab/hp
http://purl.obolibrary.org/obo/HP_0033735,http://purl.obolibrary.org/obo/UBERON_0000056,https://purl.humanatlas.io/vocab/hp#characteristic_of_part_of,https://purl.humanatlas.io/vocab/hp
http://purl.obolibrary.org/obo/HP_0033735,http://purl.obolibrary.org/obo/UBERON_0011143,https://purl.humanatlas.io/vocab/hp#characteristic_of_part_of,https://purl.humanatlas.io/vocab/hp
http://purl.obolibrary.org/obo/HP_0033736,http://purl.obolibrary.org/obo/UBERON_0001255,https://purl.humanatlas.io/vocab/hp#characteristic_of,https://purl.humanatlas.io/vocab/hp
http://purl.obolibrary.org/obo/HP_0033736,http://purl.obolibrary.org/obo/UBERON_0001255,https://purl.humanatlas.io/vocab/hp#characteristic_of_part_of,https://purl.humanatlas.io/vocab/hp
http://purl.obolibrary.org/obo/HP_0033736,http://purl.obolibrary.org/obo/UBERON_0001556,https://purl.humanatlas.io/vocab/hp#characteristic_of_part_of,https://purl.humanatlas.io/vocab/hp
http://purl.obolibrary.org/obo/HP_0033736,http://purl.obolibrary.org/obo/UBERON_0001008,https://purl.humanatlas.io/vocab/hp#characteristic_of_part_of,https://purl.humanatlas.io/vocab/hp
http://purl.obolibrary.org/obo/HP_0033736,http://purl.obolibrary.org/obo/UBERON_0000056,https://purl.humanatlas.io/vocab/hp#characteristic_of_part_of,https://purl.humanatlas.io/vocab/hp
http://purl.obolibrary.org/obo/HP_0033736,http://purl.obolibrary.org/obo/UBERON_0011143,https://purl.humanatlas.io/vocab/hp#characteristic_of_part_of,https://purl.humanatlas.io/vocab/hp
http://purl.obolibrary.org/obo/HP_0033737,http://purl.obolibrary.org/obo/UBERON_0001255,https://purl.humanatlas.io/vocab/hp#characteristic_of,https://purl.humanatlas.io/vocab/hp
http://purl.obolibrary.org/obo/HP_0033737,http://purl.obolibrary.org/obo/UBERON_0001255,https://purl.humanatlas.io/vocab/hp#characteristic_of_part_of,https://purl.humanatlas.io/vocab/hp
http://purl.obolibrary.org/obo/HP_0033737,http://purl.obolibrary.org/obo/UBERON_0001556,https://purl.humanatlas.io/vocab/hp#characteristic_of_part_of,https://purl.humanatlas.io/vocab/hp
http://purl.obolibrary.org/obo/HP_0033737,http://purl.obolibrary.org/obo/UBERON_0001008,https://purl.humanatlas.io/vocab/hp#characteristic_of_part_of,https://purl.humanatlas.io/vocab/hp
http://purl.obolibrary.org/obo/HP_0033737,http://purl.obolibrary.org/obo/UBERON_0000056,https://purl.humanatlas.io/vocab/hp#characteristic_of_part_of,https://purl.humanatlas.io/vocab/hp
http://purl.obolibrary.org/obo/HP_0033737,http://purl.obolibrary.org/obo/UBERON_0011143,https://purl.humanatlas.io/vocab/hp#characteristic_of_part_of,https://purl.humanatlas.io/vocab/hp
http://purl.obolibrary.org/obo/HP_0033738,http://purl.obolibrary.org/obo/UBERON_0001255,https://purl.humanatlas.io/vocab/hp#characteristic_of,https://purl.humanatlas.io/vocab/hp
http://purl.obolibrary.org/obo/HP_0033738,http://purl.obolibrary.org/obo/UBERON_0001255,https://purl.humanatlas.io/vocab/hp#characteristic_of_part_of,https://purl.humanatlas.io/vocab/hp
http://purl.obolibrary.org/obo/HP_0033738,http://purl.obolibrary.org/obo/UBERON_0001556,https://purl.humanatlas.io/vocab/hp#characteristic_of_part_of,https://purl.humanatlas.io/vocab/hp
http://purl.obolibrary.org/obo/HP_0033738,http://purl.obolibrary.org/obo/UBERON_0001008,https://purl.humanatlas.io/vocab/hp#characteristic_of_part_of,https://purl.humanatlas.io/vocab/hp
http://purl.obolibrary.org/obo/HP_0033738,http://purl.obolibrary.org/obo/UBERON_0000056,https://purl.humanatlas.io/vocab/hp#characteristic_of_part_of,https://purl.humanatlas.io/vocab/hp
http://purl.obolibrary.org/obo/HP_0033738,http://purl.obolibrary.org/obo/UBERON_0011143,https://purl.humanatlas.io/vocab/hp#characteristic_of_part_of,https://purl.humanatlas.io/vocab/hp
http://purl.obolibrary.org/obo/HP_0033739,http://purl.obolibrary.org/obo/UBERON_0001255,https://purl.humanatlas.io/vocab/hp#characteristic_of,https://purl.humanatlas.io/vocab/hp
http://purl.obolibrary.org/obo/HP_0033739,http://purl.obolibrary.org/obo/UBERON_0001255,https://purl.humanatlas.io/vocab/hp#characteristic_of_part_of,https://purl.humanatlas.io/vocab/hp
http://purl.obolibrary.org/obo/HP_0033739,http://purl.obolibrary.org/obo/UBERON_0001556,https://purl.humanatlas.io/vocab/hp#characteristic_of_part_of,https://purl.humanatlas.io/vocab/hp
http://purl.obolibrary.org/obo/HP_0033739,http://purl.obolibrary.org/obo/UBERON_0001008,https://purl.humanatlas.io/vocab/hp#characteristic_of_part_of,https://purl.humanatlas.io/vocab/hp
http://purl.obolibrary.org/obo/HP_0033739,http://purl.obolibrary.org/obo/UBERON_0000056,https://purl.humanatlas.io/vocab/hp#characteristic_of_part_of,https://purl.humanatlas.io/vocab/hp
http://purl.obolibrary.org/obo/HP_0033739,http://purl.obolibrary.org/obo/UBERON_0011143,https://purl.humanatlas.io/vocab/hp#characteristic_of_part_of,https://purl.humanatlas.io/vocab/hp
http://purl.obolibrary.org/obo/HP_0033740,http://purl.obolibrary.org/obo/UBERON_0001255,https://purl.humanatlas.io/vocab/hp#characteristic_of,https://purl.humanatlas.io/vocab/hp
http://purl.obolibrary.org/obo/HP_0033740,http://purl.obolibrary.org/obo/UBERON_0001255,https://purl.humanatlas.io/vocab/hp#characteristic_of_part_of,https://purl.humanatlas.io/vocab/hp
http://purl.obolibrary.org/obo/HP_0033740,http://purl.obolibrary.org/obo/UBERON_0001556,https://purl.humanatlas.io/vocab/hp#characteristic_of_part_of,https://purl.humanatlas.io/vocab/hp
http://purl.obolibrary.org/obo/HP_0033740,http://purl.obolibrary.org/obo/UBERON_0001008,https://purl.humanatlas.io/vocab/hp#characteristic_of_part_of,https://purl.humanatlas.io/vocab/hp
http://purl.obolibrary.org/obo/HP_0033740,http://purl.obolibrary.org/obo/UBERON_0000056,https://purl.humanatlas.io/vocab/hp#characteristic_of_part_of,https://purl.humanatlas.io/vocab/hp
http://purl.obolibrary.org/obo/HP_0033740,http://purl.obolibrary.org/obo/UBERON_0011143,https://purl.humanatlas.io/vocab/hp#characteristic_of_part_of,https://purl.humanatlas.io/vocab/hp
http://purl.obolibrary.org/obo/HP_0033741,http://purl.obolibrary.org/obo/UBERON_0001255,https://purl.humanatlas.io/vocab/hp#characteristic_of,https://purl.humanatlas.io/vocab/hp
http://purl.obolibrary.org/obo/HP_0033741,http://purl.obolibrary.org/obo/UBERON_0001255,https://purl.humanatlas.io/vocab/hp#characteristic_of_part_of,https://purl.humanatlas.io/vocab/hp
http://purl.obolibrary.org/obo/HP_0033741,http://purl.obolibrary.org/obo/UBERON_0001556,https://purl.humanatlas.io/vocab/hp#characteristic_of_part_of,https://purl.humanatlas.io/vocab/hp
http://purl.obolibrary.org/obo/HP_0033741,http://purl.obolibrary.org/obo/UBERON_0001008,https://purl.humanatlas.io/vocab/hp#characteristic_of_part_of,https://purl.humanatlas.io/vocab/hp
http://purl.obolibrary.org/obo/HP_0033741,http://purl.obolibrary.org/obo/UBERON_0000056,https://purl.humanatlas.io/vocab/hp#characteristic_of_part_of,https://purl.humanatlas.io/vocab/hp
http://purl.obolibrary.org/obo/HP_0033741,http://purl.obolibrary.org/obo/UBERON_0011143,https://purl.humanatlas.io/vocab/hp#characteristic_of_part_of,https://purl.humanatlas.io/vocab/hp
http://purl.obolibrary.org/obo/HP_0033742,http://purl.obolibrary.org/obo/UBERON_0001255,https://purl.humanatlas.io/vocab/hp#characteristic_of,https://purl.humanatlas.io/vocab/hp
http://purl.obolibrary.org/obo/HP_0033742,http://purl.obolibrary.org/obo/UBERON_0001255,https://purl.humanatlas.io/vocab/hp#characteristic_of_part_of,https://purl.humanatlas.io/vocab/hp
http://purl.obolibrary.org/obo/HP_0033742,http://purl.obolibrary.org/obo/UBERON_0001556,https://purl.humanatlas.io/vocab/hp#characteristic_of_part_of,https://purl.humanatlas.io/vocab/hp
http://purl.obolibrary.org/obo/HP_0033742,http://purl.obolibrary.org/obo/UBERON_0001008,https://purl.humanatlas.io/vocab/hp#characteristic_of_part_of,https://purl.humanatlas.io/vocab/hp
http://purl.obolibrary.org/obo/HP_0033742,http://purl.obolibrary.org/obo/UBERON_0000056,https://purl.humanatlas.io/vocab/hp#characteristic_of_part_of,https://purl.humanatlas.io/vocab/hp
http://purl.obolibrary.org/obo/HP_0033742,http://purl.obolibrary.org/obo/UBERON_0011143,https://purl.humanatlas.io/vocab/hp#characteristic_of_part_of,https://purl.humanatlas.io/vocab/hp
http://purl.obolibrary.org/obo/HP_0033759,http://purl.obolibrary.org/obo/UBERON_0001231,https://purl.humanatlas.io/vocab/hp#characteristic_of,https://purl.humanatlas.io/vocab/hp
http://purl.obolibrary.org/obo/HP_0033759,http://purl.obolibrary.org/obo/UBERON_0002113,https://purl.humanatlas.io/vocab/hp#characteristic_of,https://purl.humanatlas.io/vocab/hp
http://purl.obolibrary.org/obo/HP_0033759,http://purl.obolibrary.org/obo/UBERON_0002113,https://purl.humanatlas.io/vocab/hp#characteristic_of_part_of,https://purl.humanatlas.io/vocab/hp
http://purl.obolibrary.org/obo/HP_0033759,http://purl.obolibrary.org/obo/UBERON_0011143,https://purl.humanatlas.io/vocab/hp#characteristic_of_part_of,https://purl.humanatlas.io/vocab/hp
http://purl.obolibrary.org/obo/HP_0033759,http://purl.obolibrary.org/obo/UBERON_0001008,https://purl.humanatlas.io/vocab/hp#characteristic_of_part_of,https://purl.humanatlas.io/vocab/hp
http://purl.obolibrary.org/obo/HP_0033759,http://purl.obolibrary.org/obo/UBERON_0001008,https://purl.humanatlas.io/vocab/hp#characteristic_of,https://purl.humanatlas.io/vocab/hp
http://purl.obolibrary.org/obo/HP_0033761,http://purl.obolibrary.org/obo/UBERON_0002113,https://purl.humanatlas.io/vocab/hp#occurs_in,https://purl.humanatlas.io/vocab/hp
http://purl.obolibrary.org/obo/HP_0033761,http://purl.obolibrary.org/obo/UBERON_0002113,https://purl.humanatlas.io/vocab/hp#characteristic_of,https://purl.humanatlas.io/vocab/hp
http://purl.obolibrary.org/obo/HP_0033761,http://purl.obolibrary.org/obo/UBERON_0002113,https://purl.humanatlas.io/vocab/hp#characteristic_of_part_of,https://purl.humanatlas.io/vocab/hp
http://purl.obolibrary.org/obo/HP_0033761,http://purl.obolibrary.org/obo/UBERON_0011143,https://purl.humanatlas.io/vocab/hp#characteristic_of_part_of,https://purl.humanatlas.io/vocab/hp
http://purl.obolibrary.org/obo/HP_0033761,http://purl.obolibrary.org/obo/UBERON_0001008,https://purl.humanatlas.io/vocab/hp#characteristic_of_part_of,https://purl.humanatlas.io/vocab/hp
http://purl.obolibrary.org/obo/HP_0033761,http://purl.obolibrary.org/obo/UBERON_0001008,https://purl.humanatlas.io/vocab/hp#characteristic_of,https://purl.humanatlas.io/vocab/hp
http://purl.obolibrary.org/obo/HP_0033774,http://purl.obolibrary.org/obo/UBERON_0001231,https://purl.humanatlas.io/vocab/hp#characteristic_of,https://purl.humanatlas.io/vocab/hp
http://purl.obolibrary.org/obo/HP_0033774,http://purl.obolibrary.org/obo/UBERON_0002113,https://purl.humanatlas.io/vocab/hp#characteristic_of,https://purl.humanatlas.io/vocab/hp
http://purl.obolibrary.org/obo/HP_0033774,http://purl.obolibrary.org/obo/UBERON_0002113,https://purl.humanatlas.io/vocab/hp#characteristic_of_part_of,https://purl.humanatlas.io/vocab/hp
http://purl.obolibrary.org/obo/HP_0033774,http://purl.obolibrary.org/obo/UBERON_0011143,https://purl.humanatlas.io/vocab/hp#characteristic_of_part_of,https://purl.humanatlas.io/vocab/hp
http://purl.obolibrary.org/obo/HP_0033774,http://purl.obolibrary.org/obo/UBERON_0001008,https://purl.humanatlas.io/vocab/hp#characteristic_of_part_of,https://purl.humanatlas.io/vocab/hp
http://purl.obolibrary.org/obo/HP_0033774,http://purl.obolibrary.org/obo/UBERON_0001008,https://purl.humanatlas.io/vocab/hp#characteristic_of,https://purl.humanatlas.io/vocab/hp
http://purl.obolibrary.org/obo/HP_0033835,http://purl.obolibrary.org/obo/UBERON_0002113,https://purl.humanatlas.io/vocab/hp#characteristic_of_part_of,https://purl.humanatlas.io/vocab/hp
http://purl.obolibrary.org/obo/HP_0033835,http://purl.obolibrary.org/obo/UBERON_0011143,https://purl.humanatlas.io/vocab/hp#characteristic_of_part_of,https://purl.humanatlas.io/vocab/hp
http://purl.obolibrary.org/obo/HP_0033835,http://purl.obolibrary.org/obo/UBERON_0001008,https://purl.humanatlas.io/vocab/hp#characteristic_of_part_of,https://purl.humanatlas.io/vocab/hp
http://purl.obolibrary.org/obo/HP_0033836,http://purl.obolibrary.org/obo/UBERON_0002113,https://purl.humanatlas.io/vocab/hp#characteristic_of_part_of,https://purl.humanatlas.io/vocab/hp
http://purl.obolibrary.org/obo/HP_0033836,http://purl.obolibrary.org/obo/UBERON_0011143,https://purl.humanatlas.io/vocab/hp#characteristic_of_part_of,https://purl.humanatlas.io/vocab/hp
http://purl.obolibrary.org/obo/HP_0033836,http://purl.obolibrary.org/obo/UBERON_0001008,https://purl.humanatlas.io/vocab/hp#characteristic_of_part_of,https://purl.humanatlas.io/vocab/hp
http://purl.obolibrary.org/obo/HP_0033837,http://purl.obolibrary.org/obo/UBERON_0002113,https://purl.humanatlas.io/vocab/hp#characteristic_of_part_of,https://purl.humanatlas.io/vocab/hp
http://purl.obolibrary.org/obo/HP_0033837,http://purl.obolibrary.org/obo/UBERON_0011143,https://purl.humanatlas.io/vocab/hp#characteristic_of_part_of,https://purl.humanatlas.io/vocab/hp
http://purl.obolibrary.org/obo/HP_0033837,http://purl.obolibrary.org/obo/UBERON_0001008,https://purl.humanatlas.io/vocab/hp#characteristic_of_part_of,https://purl.humanatlas.io/vocab/hp
http://purl.obolibrary.org/obo/HP_0033852,http://purl.obolibrary.org/obo/UBERON_0002113,https://purl.humanatlas.io/vocab/hp#characteristic_of_part_of,https://purl.humanatlas.io/vocab/hp
http://purl.obolibrary.org/obo/HP_0033852,http://purl.obolibrary.org/obo/UBERON_0011143,https://purl.humanatlas.io/vocab/hp#characteristic_of_part_of,https://purl.humanatlas.io/vocab/hp
http://purl.obolibrary.org/obo/HP_0033852,http://purl.obolibrary.org/obo/UBERON_0001008,https://purl.humanatlas.io/vocab/hp#characteristic_of_part_of,https://purl.humanatlas.io/vocab/hp
http://purl.obolibrary.org/obo/HP_0033853,http://purl.obolibrary.org/obo/UBERON_0002113,https://purl.humanatlas.io/vocab/hp#characteristic_of_part_of,https://purl.humanatlas.io/vocab/hp
http://purl.obolibrary.org/obo/HP_0033853,http://purl.obolibrary.org/obo/UBERON_0011143,https://purl.humanatlas.io/vocab/hp#characteristic_of_part_of,https://purl.humanatlas.io/vocab/hp
http://purl.obolibrary.org/obo/HP_0033853,http://purl.obolibrary.org/obo/UBERON_0001008,https://purl.humanatlas.io/vocab/hp#characteristic_of_part_of,https://purl.humanatlas.io/vocab/hp
http://purl.obolibrary.org/obo/HP_0033854,http://purl.obolibrary.org/obo/UBERON_0002113,https://purl.humanatlas.io/vocab/hp#characteristic_of_part_of,https://purl.humanatlas.io/vocab/hp
http://purl.obolibrary.org/obo/HP_0033854,http://purl.obolibrary.org/obo/UBERON_0011143,https://purl.humanatlas.io/vocab/hp#characteristic_of_part_of,https://purl.humanatlas.io/vocab/hp
http://purl.obolibrary.org/obo/HP_0033854,http://purl.obolibrary.org/obo/UBERON_0001008,https://purl.humanatlas.io/vocab/hp#characteristic_of_part_of,https://purl.humanatlas.io/vocab/hp
http://purl.obolibrary.org/obo/HP_0033855,http://purl.obolibrary.org/obo/UBERON_0002113,https://purl.humanatlas.io/vocab/hp#characteristic_of_part_of,https://purl.humanatlas.io/vocab/hp
http://purl.obolibrary.org/obo/HP_0033855,http://purl.obolibrary.org/obo/UBERON_0011143,https://purl.humanatlas.io/vocab/hp#characteristic_of_part_of,https://purl.humanatlas.io/vocab/hp
http://purl.obolibrary.org/obo/HP_0033855,http://purl.obolibrary.org/obo/UBERON_0001008,https://purl.humanatlas.io/vocab/hp#characteristic_of_part_of,https://purl.humanatlas.io/vocab/hp
http://purl.obolibrary.org/obo/HP_0033856,http://purl.obolibrary.org/obo/UBERON_0002113,https://purl.humanatlas.io/vocab/hp#characteristic_of_part_of,https://purl.humanatlas.io/vocab/hp
http://purl.obolibrary.org/obo/HP_0033856,http://purl.obolibrary.org/obo/UBERON_0011143,https://purl.humanatlas.io/vocab/hp#characteristic_of_part_of,https://purl.humanatlas.io/vocab/hp
http://purl.obolibrary.org/obo/HP_0033856,http://purl.obolibrary.org/obo/UBERON_0001008,https://purl.humanatlas.io/vocab/hp#characteristic_of_part_of,https://purl.humanatlas.io/vocab/hp
http://purl.obolibrary.org/obo/HP_0033857,http://purl.obolibrary.org/obo/UBERON_0002113,https://purl.humanatlas.io/vocab/hp#characteristic_of_part_of,https://purl.humanatlas.io/vocab/hp
http://purl.obolibrary.org/obo/HP_0033857,http://purl.obolibrary.org/obo/UBERON_0011143,https://purl.humanatlas.io/vocab/hp#characteristic_of_part_of,https://purl.humanatlas.io/vocab/hp
http://purl.obolibrary.org/obo/HP_0033857,http://purl.obolibrary.org/obo/UBERON_0001008,https://purl.humanatlas.io/vocab/hp#characteristic_of_part_of,https://purl.humanatlas.io/vocab/hp
http://purl.obolibrary.org/obo/HP_0033858,http://purl.obolibrary.org/obo/UBERON_0002113,https://purl.humanatlas.io/vocab/hp#characteristic_of_part_of,https://purl.humanatlas.io/vocab/hp
http://purl.obolibrary.org/obo/HP_0033858,http://purl.obolibrary.org/obo/UBERON_0011143,https://purl.humanatlas.io/vocab/hp#characteristic_of_part_of,https://purl.humanatlas.io/vocab/hp
http://purl.obolibrary.org/obo/HP_0033858,http://purl.obolibrary.org/obo/UBERON_0001008,https://purl.humanatlas.io/vocab/hp#characteristic_of_part_of,https://purl.humanatlas.io/vocab/hp
http://purl.obolibrary.org/obo/HP_0033859,http://purl.obolibrary.org/obo/UBERON_0002113,https://purl.humanatlas.io/vocab/hp#characteristic_of_part_of,https://purl.humanatlas.io/vocab/hp
http://purl.obolibrary.org/obo/HP_0033859,http://purl.obolibrary.org/obo/UBERON_0011143,https://purl.humanatlas.io/vocab/hp#characteristic_of_part_of,https://purl.humanatlas.io/vocab/hp
http://purl.obolibrary.org/obo/HP_0033859,http://purl.obolibrary.org/obo/UBERON_0001008,https://purl.humanatlas.io/vocab/hp#characteristic_of_part_of,https://purl.humanatlas.io/vocab/hp
http://purl.obolibrary.org/obo/HP_0033860,http://purl.obolibrary.org/obo/UBERON_0002113,https://purl.humanatlas.io/vocab/hp#characteristic_of_part_of,https://purl.humanatlas.io/vocab/hp
http://purl.obolibrary.org/obo/HP_0033860,http://purl.obolibrary.org/obo/UBERON_0011143,https://purl.humanatlas.io/vocab/hp#characteristic_of_part_of,https://purl.humanatlas.io/vocab/hp
http://purl.obolibrary.org/obo/HP_0033860,http://purl.obolibrary.org/obo/UBERON_0001008,https://purl.humanatlas.io/vocab/hp#characteristic_of_part_of,https://purl.humanatlas.io/vocab/hp
http://purl.obolibrary.org/obo/HP_0033861,http://purl.obolibrary.org/obo/UBERON_0002113,https://purl.humanatlas.io/vocab/hp#characteristic_of_part_of,https://purl.humanatlas.io/vocab/hp
http://purl.obolibrary.org/obo/HP_0033861,http://purl.obolibrary.org/obo/UBERON_0011143,https://purl.humanatlas.io/vocab/hp#characteristic_of_part_of,https://purl.humanatlas.io/vocab/hp
http://purl.obolibrary.org/obo/HP_0033861,http://purl.obolibrary.org/obo/UBERON_0001008,https://purl.humanatlas.io/vocab/hp#characteristic_of_part_of,https://purl.humanatlas.io/vocab/hp
http://purl.obolibrary.org/obo/HP_0033862,http://purl.obolibrary.org/obo/UBERON_0002113,https://purl.humanatlas.io/vocab/hp#characteristic_of_part_of,https://purl.humanatlas.io/vocab/hp
http://purl.obolibrary.org/obo/HP_0033862,http://purl.obolibrary.org/obo/UBERON_0011143,https://purl.humanatlas.io/vocab/hp#characteristic_of_part_of,https://purl.humanatlas.io/vocab/hp
http://purl.obolibrary.org/obo/HP_0033862,http://purl.obolibrary.org/obo/UBERON_0001008,https://purl.humanatlas.io/vocab/hp#characteristic_of_part_of,https://purl.humanatlas.io/vocab/hp
http://purl.obolibrary.org/obo/HP_0033863,http://purl.obolibrary.org/obo/UBERON_0002113,https://purl.humanatlas.io/vocab/hp#characteristic_of_part_of,https://purl.humanatlas.io/vocab/hp
http://purl.obolibrary.org/obo/HP_0033863,http://purl.obolibrary.org/obo/UBERON_0011143,https://purl.humanatlas.io/vocab/hp#characteristic_of_part_of,https://purl.humanatlas.io/vocab/hp
http://purl.obolibrary.org/obo/HP_0033863,http://purl.obolibrary.org/obo/UBERON_0001008,https://purl.humanatlas.io/vocab/hp#characteristic_of_part_of,https://purl.humanatlas.io/vocab/hp
http://purl.obolibrary.org/obo/HP_0033864,http://purl.obolibrary.org/obo/UBERON_0002113,https://purl.humanatlas.io/vocab/hp#characteristic_of_part_of,https://purl.humanatlas.io/vocab/hp
http://purl.obolibrary.org/obo/HP_0033864,http://purl.obolibrary.org/obo/UBERON_0011143,https://purl.humanatlas.io/vocab/hp#characteristic_of_part_of,https://purl.humanatlas.io/vocab/hp
http://purl.obolibrary.org/obo/HP_0033864,http://purl.obolibrary.org/obo/UBERON_0001008,https://purl.humanatlas.io/vocab/hp#characteristic_of_part_of,https://purl.humanatlas.io/vocab/hp
http://purl.obolibrary.org/obo/HP_0033865,http://purl.obolibrary.org/obo/UBERON_0002113,https://purl.humanatlas.io/vocab/hp#characteristic_of_part_of,https://purl.humanatlas.io/vocab/hp
http://purl.obolibrary.org/obo/HP_0033865,http://purl.obolibrary.org/obo/UBERON_0011143,https://purl.humanatlas.io/vocab/hp#characteristic_of_part_of,https://purl.humanatlas.io/vocab/hp
http://purl.obolibrary.org/obo/HP_0033865,http://purl.obolibrary.org/obo/UBERON_0001008,https://purl.humanatlas.io/vocab/hp#characteristic_of_part_of,https://purl.humanatlas.io/vocab/hp
http://purl.obolibrary.org/obo/HP_0033866,http://purl.obolibrary.org/obo/UBERON_0002113,https://purl.humanatlas.io/vocab/hp#characteristic_of_part_of,https://purl.humanatlas.io/vocab/hp
http://purl.obolibrary.org/obo/HP_0033866,http://purl.obolibrary.org/obo/UBERON_0011143,https://purl.humanatlas.io/vocab/hp#characteristic_of_part_of,https://purl.humanatlas.io/vocab/hp
http://purl.obolibrary.org/obo/HP_0033866,http://purl.obolibrary.org/obo/UBERON_0001008,https://purl.humanatlas.io/vocab/hp#characteristic_of_part_of,https://purl.humanatlas.io/vocab/hp
http://purl.obolibrary.org/obo/HP_0033867,http://purl.obolibrary.org/obo/UBERON_0002113,https://purl.humanatlas.io/vocab/hp#characteristic_of_part_of,https://purl.humanatlas.io/vocab/hp
http://purl.obolibrary.org/obo/HP_0033867,http://purl.obolibrary.org/obo/UBERON_0011143,https://purl.humanatlas.io/vocab/hp#characteristic_of_part_of,https://purl.humanatlas.io/vocab/hp
http://purl.obolibrary.org/obo/HP_0033867,http://purl.obolibrary.org/obo/UBERON_0001008,https://purl.humanatlas.io/vocab/hp#characteristic_of_part_of,https://purl.humanatlas.io/vocab/hp
http://purl.obolibrary.org/obo/HP_0033868,http://purl.obolibrary.org/obo/UBERON_0002113,https://purl.humanatlas.io/vocab/hp#characteristic_of_part_of,https://purl.humanatlas.io/vocab/hp
http://purl.obolibrary.org/obo/HP_0033868,http://purl.obolibrary.org/obo/UBERON_0011143,https://purl.humanatlas.io/vocab/hp#characteristic_of_part_of,https://purl.humanatlas.io/vocab/hp
http://purl.obolibrary.org/obo/HP_0033868,http://purl.obolibrary.org/obo/UBERON_0001008,https://purl.humanatlas.io/vocab/hp#characteristic_of_part_of,https://purl.humanatlas.io/vocab/hp
http://purl.obolibrary.org/obo/HP_0033869,http://purl.obolibrary.org/obo/UBERON_0002113,https://purl.humanatlas.io/vocab/hp#characteristic_of_part_of,https://purl.humanatlas.io/vocab/hp
http://purl.obolibrary.org/obo/HP_0033869,http://purl.obolibrary.org/obo/UBERON_0011143,https://purl.humanatlas.io/vocab/hp#characteristic_of_part_of,https://purl.humanatlas.io/vocab/hp
http://purl.obolibrary.org/obo/HP_0033869,http://purl.obolibrary.org/obo/UBERON_0001008,https://purl.humanatlas.io/vocab/hp#characteristic_of_part_of,https://purl.humanatlas.io/vocab/hp
http://purl.obolibrary.org/obo/HP_0033870,http://purl.obolibrary.org/obo/UBERON_0002113,https://purl.humanatlas.io/vocab/hp#characteristic_of_part_of,https://purl.humanatlas.io/vocab/hp
http://purl.obolibrary.org/obo/HP_0033870,http://purl.obolibrary.org/obo/UBERON_0011143,https://purl.humanatlas.io/vocab/hp#characteristic_of_part_of,https://purl.humanatlas.io/vocab/hp
http://purl.obolibrary.org/obo/HP_0033870,http://purl.obolibrary.org/obo/UBERON_0001008,https://purl.humanatlas.io/vocab/hp#characteristic_of_part_of,https://purl.humanatlas.io/vocab/hp
http://purl.obolibrary.org/obo/HP_0033871,http://purl.obolibrary.org/obo/UBERON_0002113,https://purl.humanatlas.io/vocab/hp#characteristic_of_part_of,https://purl.humanatlas.io/vocab/hp
http://purl.obolibrary.org/obo/HP_0033871,http://purl.obolibrary.org/obo/UBERON_0011143,https://purl.humanatlas.io/vocab/hp#characteristic_of_part_of,https://purl.humanatlas.io/vocab/hp
http://purl.obolibrary.org/obo/HP_0033871,http://purl.obolibrary.org/obo/UBERON_0001008,https://purl.humanatlas.io/vocab/hp#characteristic_of_part_of,https://purl.humanatlas.io/vocab/hp
http://purl.obolibrary.org/obo/HP_0033872,http://purl.obolibrary.org/obo/UBERON_0002113,https://purl.humanatlas.io/vocab/hp#characteristic_of_part_of,https://purl.humanatlas.io/vocab/hp
http://purl.obolibrary.org/obo/HP_0033872,http://purl.obolibrary.org/obo/UBERON_0011143,https://purl.humanatlas.io/vocab/hp#characteristic_of_part_of,https://purl.humanatlas.io/vocab/hp
http://purl.obolibrary.org/obo/HP_0033872,http://purl.obolibrary.org/obo/UBERON_0001008,https://purl.humanatlas.io/vocab/hp#characteristic_of_part_of,https://purl.humanatlas.io/vocab/hp
http://purl.obolibrary.org/obo/HP_0033873,http://purl.obolibrary.org/obo/UBERON_0002113,https://purl.humanatlas.io/vocab/hp#characteristic_of_part_of,https://purl.humanatlas.io/vocab/hp
http://purl.obolibrary.org/obo/HP_0033873,http://purl.obolibrary.org/obo/UBERON_0011143,https://purl.humanatlas.io/vocab/hp#characteristic_of_part_of,https://purl.humanatlas.io/vocab/hp
http://purl.obolibrary.org/obo/HP_0033873,http://purl.obolibrary.org/obo/UBERON_0001008,https://purl.humanatlas.io/vocab/hp#characteristic_of_part_of,https://purl.humanatlas.io/vocab/hp
http://purl.obolibrary.org/obo/HP_0033874,http://purl.obolibrary.org/obo/UBERON_0002113,https://purl.humanatlas.io/vocab/hp#characteristic_of_part_of,https://purl.humanatlas.io/vocab/hp
http://purl.obolibrary.org/obo/HP_0033874,http://purl.obolibrary.org/obo/UBERON_0011143,https://purl.humanatlas.io/vocab/hp#characteristic_of_part_of,https://purl.humanatlas.io/vocab/hp
http://purl.obolibrary.org/obo/HP_0033874,http://purl.obolibrary.org/obo/UBERON_0001008,https://purl.humanatlas.io/vocab/hp#characteristic_of_part_of,https://purl.humanatlas.io/vocab/hp
http://purl.obolibrary.org/obo/HP_0033875,http://purl.obolibrary.org/obo/UBERON_0002113,https://purl.humanatlas.io/vocab/hp#characteristic_of_part_of,https://purl.humanatlas.io/vocab/hp
http://purl.obolibrary.org/obo/HP_0033875,http://purl.obolibrary.org/obo/UBERON_0011143,https://purl.humanatlas.io/vocab/hp#characteristic_of_part_of,https://purl.humanatlas.io/vocab/hp
http://purl.obolibrary.org/obo/HP_0033875,http://purl.obolibrary.org/obo/UBERON_0001008,https://purl.humanatlas.io/vocab/hp#characteristic_of_part_of,https://purl.humanatlas.io/vocab/hp
http://purl.obolibrary.org/obo/HP_0033876,http://purl.obolibrary.org/obo/UBERON_0002113,https://purl.humanatlas.io/vocab/hp#characteristic_of_part_of,https://purl.humanatlas.io/vocab/hp
http://purl.obolibrary.org/obo/HP_0033876,http://purl.obolibrary.org/obo/UBERON_0011143,https://purl.humanatlas.io/vocab/hp#characteristic_of_part_of,https://purl.humanatlas.io/vocab/hp
http://purl.obolibrary.org/obo/HP_0033876,http://purl.obolibrary.org/obo/UBERON_0001008,https://purl.humanatlas.io/vocab/hp#characteristic_of_part_of,https://purl.humanatlas.io/vocab/hp
http://purl.obolibrary.org/obo/HP_0033877,http://purl.obolibrary.org/obo/UBERON_0002113,https://purl.humanatlas.io/vocab/hp#characteristic_of_part_of,https://purl.humanatlas.io/vocab/hp
http://purl.obolibrary.org/obo/HP_0033877,http://purl.obolibrary.org/obo/UBERON_0011143,https://purl.humanatlas.io/vocab/hp#characteristic_of_part_of,https://purl.humanatlas.io/vocab/hp
http://purl.obolibrary.org/obo/HP_0033877,http://purl.obolibrary.org/obo/UBERON_0001008,https://purl.humanatlas.io/vocab/hp#characteristic_of_part_of,https://purl.humanatlas.io/vocab/hp
http://purl.obolibrary.org/obo/HP_0033878,http://purl.obolibrary.org/obo/UBERON_0002113,https://purl.humanatlas.io/vocab/hp#characteristic_of_part_of,https://purl.humanatlas.io/vocab/hp
http://purl.obolibrary.org/obo/HP_0033878,http://purl.obolibrary.org/obo/UBERON_0011143,https://purl.humanatlas.io/vocab/hp#characteristic_of_part_of,https://purl.humanatlas.io/vocab/hp
http://purl.obolibrary.org/obo/HP_0033878,http://purl.obolibrary.org/obo/UBERON_0001008,https://purl.humanatlas.io/vocab/hp#characteristic_of_part_of,https://purl.humanatlas.io/vocab/hp
http://purl.obolibrary.org/obo/HP_0033879,http://purl.obolibrary.org/obo/UBERON_0002113,https://purl.humanatlas.io/vocab/hp#characteristic_of_part_of,https://purl.humanatlas.io/vocab/hp
http://purl.obolibrary.org/obo/HP_0033879,http://purl.obolibrary.org/obo/UBERON_0011143,https://purl.humanatlas.io/vocab/hp#characteristic_of_part_of,https://purl.humanatlas.io/vocab/hp
http://purl.obolibrary.org/obo/HP_0033879,http://purl.obolibrary.org/obo/UBERON_0001008,https://purl.humanatlas.io/vocab/hp#characteristic_of_part_of,https://purl.humanatlas.io/vocab/hp
http://purl.obolibrary.org/obo/HP_0033880,http://purl.obolibrary.org/obo/UBERON_0002113,https://purl.humanatlas.io/vocab/hp#characteristic_of_part_of,https://purl.humanatlas.io/vocab/hp
http://purl.obolibrary.org/obo/HP_0033880,http://purl.obolibrary.org/obo/UBERON_0011143,https://purl.humanatlas.io/vocab/hp#characteristic_of_part_of,https://purl.humanatlas.io/vocab/hp
http://purl.obolibrary.org/obo/HP_0033880,http://purl.obolibrary.org/obo/UBERON_0001008,https://purl.humanatlas.io/vocab/hp#characteristic_of_part_of,https://purl.humanatlas.io/vocab/hp
http://purl.obolibrary.org/obo/HP_0033881,http://purl.obolibrary.org/obo/UBERON_0002113,https://purl.humanatlas.io/vocab/hp#characteristic_of_part_of,https://purl.humanatlas.io/vocab/hp
http://purl.obolibrary.org/obo/HP_0033881,http://purl.obolibrary.org/obo/UBERON_0011143,https://purl.humanatlas.io/vocab/hp#characteristic_of_part_of,https://purl.humanatlas.io/vocab/hp
http://purl.obolibrary.org/obo/HP_0033881,http://purl.obolibrary.org/obo/UBERON_0001008,https://purl.humanatlas.io/vocab/hp#characteristic_of_part_of,https://purl.humanatlas.io/vocab/hp
http://purl.obolibrary.org/obo/HP_0033882,http://purl.obolibrary.org/obo/UBERON_0002113,https://purl.humanatlas.io/vocab/hp#characteristic_of_part_of,https://purl.humanatlas.io/vocab/hp
http://purl.obolibrary.org/obo/HP_0033882,http://purl.obolibrary.org/obo/UBERON_0011143,https://purl.humanatlas.io/vocab/hp#characteristic_of_part_of,https://purl.humanatlas.io/vocab/hp
http://purl.obolibrary.org/obo/HP_0033882,http://purl.obolibrary.org/obo/UBERON_0001008,https://purl.humanatlas.io/vocab/hp#characteristic_of_part_of,https://purl.humanatlas.io/vocab/hp
http://purl.obolibrary.org/obo/HP_0033883,http://purl.obolibrary.org/obo/UBERON_0002113,https://purl.humanatlas.io/vocab/hp#characteristic_of_part_of,https://purl.humanatlas.io/vocab/hp
http://purl.obolibrary.org/obo/HP_0033883,http://purl.obolibrary.org/obo/UBERON_0011143,https://purl.humanatlas.io/vocab/hp#characteristic_of_part_of,https://purl.humanatlas.io/vocab/hp
http://purl.obolibrary.org/obo/HP_0033883,http://purl.obolibrary.org/obo/UBERON_0001008,https://purl.humanatlas.io/vocab/hp#characteristic_of_part_of,https://purl.humanatlas.io/vocab/hp
http://purl.obolibrary.org/obo/HP_0033884,http://purl.obolibrary.org/obo/UBERON_0002113,https://purl.humanatlas.io/vocab/hp#characteristic_of_part_of,https://purl.humanatlas.io/vocab/hp
http://purl.obolibrary.org/obo/HP_0033884,http://purl.obolibrary.org/obo/UBERON_0011143,https://purl.humanatlas.io/vocab/hp#characteristic_of_part_of,https://purl.humanatlas.io/vocab/hp
http://purl.obolibrary.org/obo/HP_0033884,http://purl.obolibrary.org/obo/UBERON_0001008,https://purl.humanatlas.io/vocab/hp#characteristic_of_part_of,https://purl.humanatlas.io/vocab/hp
http://purl.obolibrary.org/obo/HP_0033885,http://purl.obolibrary.org/obo/UBERON_0002113,https://purl.humanatlas.io/vocab/hp#characteristic_of_part_of,https://purl.humanatlas.io/vocab/hp
http://purl.obolibrary.org/obo/HP_0033885,http://purl.obolibrary.org/obo/UBERON_0011143,https://purl.humanatlas.io/vocab/hp#characteristic_of_part_of,https://purl.humanatlas.io/vocab/hp
http://purl.obolibrary.org/obo/HP_0033885,http://purl.obolibrary.org/obo/UBERON_0001008,https://purl.humanatlas.io/vocab/hp#characteristic_of_part_of,https://purl.humanatlas.io/vocab/hp
http://purl.obolibrary.org/obo/HP_0033886,http://purl.obolibrary.org/obo/UBERON_0002113,https://purl.humanatlas.io/vocab/hp#characteristic_of_part_of,https://purl.humanatlas.io/vocab/hp
http://purl.obolibrary.org/obo/HP_0033886,http://purl.obolibrary.org/obo/UBERON_0011143,https://purl.humanatlas.io/vocab/hp#characteristic_of_part_of,https://purl.humanatlas.io/vocab/hp
http://purl.obolibrary.org/obo/HP_0033886,http://purl.obolibrary.org/obo/UBERON_0001008,https://purl.humanatlas.io/vocab/hp#characteristic_of_part_of,https://purl.humanatlas.io/vocab/hp
http://purl.obolibrary.org/obo/HP_0033887,http://purl.obolibrary.org/obo/UBERON_0002113,https://purl.humanatlas.io/vocab/hp#characteristic_of_part_of,https://purl.humanatlas.io/vocab/hp
http://purl.obolibrary.org/obo/HP_0033887,http://purl.obolibrary.org/obo/UBERON_0011143,https://purl.humanatlas.io/vocab/hp#characteristic_of_part_of,https://purl.humanatlas.io/vocab/hp
http://purl.obolibrary.org/obo/HP_0033887,http://purl.obolibrary.org/obo/UBERON_0001008,https://purl.humanatlas.io/vocab/hp#characteristic_of_part_of,https://purl.humanatlas.io/vocab/hp
http://purl.obolibrary.org/obo/HP_0033888,http://purl.obolibrary.org/obo/UBERON_0002113,https://purl.humanatlas.io/vocab/hp#characteristic_of_part_of,https://purl.humanatlas.io/vocab/hp
http://purl.obolibrary.org/obo/HP_0033888,http://purl.obolibrary.org/obo/UBERON_0011143,https://purl.humanatlas.io/vocab/hp#characteristic_of_part_of,https://purl.humanatlas.io/vocab/hp
http://purl.obolibrary.org/obo/HP_0033888,http://purl.obolibrary.org/obo/UBERON_0001008,https://purl.humanatlas.io/vocab/hp#characteristic_of_part_of,https://purl.humanatlas.io/vocab/hp
http://purl.obolibrary.org/obo/HP_0033889,http://purl.obolibrary.org/obo/UBERON_0002113,https://purl.humanatlas.io/vocab/hp#characteristic_of_part_of,https://purl.humanatlas.io/vocab/hp
http://purl.obolibrary.org/obo/HP_0033889,http://purl.obolibrary.org/obo/UBERON_0011143,https://purl.humanatlas.io/vocab/hp#characteristic_of_part_of,https://purl.humanatlas.io/vocab/hp
http://purl.obolibrary.org/obo/HP_0033889,http://purl.obolibrary.org/obo/UBERON_0001008,https://purl.humanatlas.io/vocab/hp#characteristic_of_part_of,https://purl.humanatlas.io/vocab/hp
http://purl.obolibrary.org/obo/HP_0033890,http://purl.obolibrary.org/obo/UBERON_0002113,https://purl.humanatlas.io/vocab/hp#characteristic_of_part_of,https://purl.humanatlas.io/vocab/hp
http://purl.obolibrary.org/obo/HP_0033890,http://purl.obolibrary.org/obo/UBERON_0011143,https://purl.humanatlas.io/vocab/hp#characteristic_of_part_of,https://purl.humanatlas.io/vocab/hp
http://purl.obolibrary.org/obo/HP_0033890,http://purl.obolibrary.org/obo/UBERON_0001008,https://purl.humanatlas.io/vocab/hp#characteristic_of_part_of,https://purl.humanatlas.io/vocab/hp
http://purl.obolibrary.org/obo/HP_0033891,http://purl.obolibrary.org/obo/UBERON_0002113,https://purl.humanatlas.io/vocab/hp#characteristic_of_part_of,https://purl.humanatlas.io/vocab/hp
http://purl.obolibrary.org/obo/HP_0033891,http://purl.obolibrary.org/obo/UBERON_0011143,https://purl.humanatlas.io/vocab/hp#characteristic_of_part_of,https://purl.humanatlas.io/vocab/hp
http://purl.obolibrary.org/obo/HP_0033891,http://purl.obolibrary.org/obo/UBERON_0001008,https://purl.humanatlas.io/vocab/hp#characteristic_of_part_of,https://purl.humanatlas.io/vocab/hp
http://purl.obolibrary.org/obo/HP_0033892,http://purl.obolibrary.org/obo/UBERON_0002113,https://purl.humanatlas.io/vocab/hp#characteristic_of_part_of,https://purl.humanatlas.io/vocab/hp
http://purl.obolibrary.org/obo/HP_0033892,http://purl.obolibrary.org/obo/UBERON_0011143,https://purl.humanatlas.io/vocab/hp#characteristic_of_part_of,https://purl.humanatlas.io/vocab/hp
http://purl.obolibrary.org/obo/HP_0033892,http://purl.obolibrary.org/obo/UBERON_0001008,https://purl.humanatlas.io/vocab/hp#characteristic_of_part_of,https://purl.humanatlas.io/vocab/hp
http://purl.obolibrary.org/obo/HP_0033893,http://purl.obolibrary.org/obo/UBERON_0002113,https://purl.humanatlas.io/vocab/hp#characteristic_of_part_of,https://purl.humanatlas.io/vocab/hp
http://purl.obolibrary.org/obo/HP_0033893,http://purl.obolibrary.org/obo/UBERON_0011143,https://purl.humanatlas.io/vocab/hp#characteristic_of_part_of,https://purl.humanatlas.io/vocab/hp
http://purl.obolibrary.org/obo/HP_0033893,http://purl.obolibrary.org/obo/UBERON_0001008,https://purl.humanatlas.io/vocab/hp#characteristic_of_part_of,https://purl.humanatlas.io/vocab/hp
http://purl.obolibrary.org/obo/HP_0033894,http://purl.obolibrary.org/obo/UBERON_0002113,https://purl.humanatlas.io/vocab/hp#characteristic_of_part_of,https://purl.humanatlas.io/vocab/hp
http://purl.obolibrary.org/obo/HP_0033894,http://purl.obolibrary.org/obo/UBERON_0011143,https://purl.humanatlas.io/vocab/hp#characteristic_of_part_of,https://purl.humanatlas.io/vocab/hp
http://purl.obolibrary.org/obo/HP_0033894,http://purl.obolibrary.org/obo/UBERON_0001008,https://purl.humanatlas.io/vocab/hp#characteristic_of_part_of,https://purl.humanatlas.io/vocab/hp
http://purl.obolibrary.org/obo/HP_0033895,http://purl.obolibrary.org/obo/UBERON_0002113,https://purl.humanatlas.io/vocab/hp#characteristic_of_part_of,https://purl.humanatlas.io/vocab/hp
http://purl.obolibrary.org/obo/HP_0033895,http://purl.obolibrary.org/obo/UBERON_0011143,https://purl.humanatlas.io/vocab/hp#characteristic_of_part_of,https://purl.humanatlas.io/vocab/hp
http://purl.obolibrary.org/obo/HP_0033895,http://purl.obolibrary.org/obo/UBERON_0001008,https://purl.humanatlas.io/vocab/hp#characteristic_of_part_of,https://purl.humanatlas.io/vocab/hp
http://purl.obolibrary.org/obo/HP_0033896,http://purl.obolibrary.org/obo/UBERON_0002113,https://purl.humanatlas.io/vocab/hp#characteristic_of_part_of,https://purl.humanatlas.io/vocab/hp
http://purl.obolibrary.org/obo/HP_0033896,http://purl.obolibrary.org/obo/UBERON_0011143,https://purl.humanatlas.io/vocab/hp#characteristic_of_part_of,https://purl.humanatlas.io/vocab/hp
http://purl.obolibrary.org/obo/HP_0033896,http://purl.obolibrary.org/obo/UBERON_0001008,https://purl.humanatlas.io/vocab/hp#characteristic_of_part_of,https://purl.humanatlas.io/vocab/hp
http://purl.obolibrary.org/obo/HP_0033897,http://purl.obolibrary.org/obo/UBERON_0002113,https://purl.humanatlas.io/vocab/hp#characteristic_of_part_of,https://purl.humanatlas.io/vocab/hp
http://purl.obolibrary.org/obo/HP_0033897,http://purl.obolibrary.org/obo/UBERON_0011143,https://purl.humanatlas.io/vocab/hp#characteristic_of_part_of,https://purl.humanatlas.io/vocab/hp
http://purl.obolibrary.org/obo/HP_0033897,http://purl.obolibrary.org/obo/UBERON_0001008,https://purl.humanatlas.io/vocab/hp#characteristic_of_part_of,https://purl.humanatlas.io/vocab/hp
http://purl.obolibrary.org/obo/HP_0033898,http://purl.obolibrary.org/obo/UBERON_0002113,https://purl.humanatlas.io/vocab/hp#characteristic_of_part_of,https://purl.humanatlas.io/vocab/hp
http://purl.obolibrary.org/obo/HP_0033898,http://purl.obolibrary.org/obo/UBERON_0011143,https://purl.humanatlas.io/vocab/hp#characteristic_of_part_of,https://purl.humanatlas.io/vocab/hp
http://purl.obolibrary.org/obo/HP_0033898,http://purl.obolibrary.org/obo/UBERON_0001008,https://purl.humanatlas.io/vocab/hp#characteristic_of_part_of,https://purl.humanatlas.io/vocab/hp
http://purl.obolibrary.org/obo/HP_0033899,http://purl.obolibrary.org/obo/UBERON_0002113,https://purl.humanatlas.io/vocab/hp#characteristic_of_part_of,https://purl.humanatlas.io/vocab/hp
http://purl.obolibrary.org/obo/HP_0033899,http://purl.obolibrary.org/obo/UBERON_0011143,https://purl.humanatlas.io/vocab/hp#characteristic_of_part_of,https://purl.humanatlas.io/vocab/hp
http://purl.obolibrary.org/obo/HP_0033899,http://purl.obolibrary.org/obo/UBERON_0001008,https://purl.humanatlas.io/vocab/hp#characteristic_of_part_of,https://purl.humanatlas.io/vocab/hp
http://purl.obolibrary.org/obo/HP_0033900,http://purl.obolibrary.org/obo/UBERON_0002113,https://purl.humanatlas.io/vocab/hp#characteristic_of_part_of,https://purl.humanatlas.io/vocab/hp
http://purl.obolibrary.org/obo/HP_0033900,http://purl.obolibrary.org/obo/UBERON_0011143,https://purl.humanatlas.io/vocab/hp#characteristic_of_part_of,https://purl.humanatlas.io/vocab/hp
http://purl.obolibrary.org/obo/HP_0033900,http://purl.obolibrary.org/obo/UBERON_0001008,https://purl.humanatlas.io/vocab/hp#characteristic_of_part_of,https://purl.humanatlas.io/vocab/hp
http://purl.obolibrary.org/obo/HP_0033901,http://purl.obolibrary.org/obo/UBERON_0002113,https://purl.humanatlas.io/vocab/hp#characteristic_of_part_of,https://purl.humanatlas.io/vocab/hp
http://purl.obolibrary.org/obo/HP_0033901,http://purl.obolibrary.org/obo/UBERON_0011143,https://purl.humanatlas.io/vocab/hp#characteristic_of_part_of,https://purl.humanatlas.io/vocab/hp
http://purl.obolibrary.org/obo/HP_0033901,http://purl.obolibrary.org/obo/UBERON_0001008,https://purl.humanatlas.io/vocab/hp#characteristic_of_part_of,https://purl.humanatlas.io/vocab/hp
http://purl.obolibrary.org/obo/HP_0033902,http://purl.obolibrary.org/obo/UBERON_0002113,https://purl.humanatlas.io/vocab/hp#characteristic_of_part_of,https://purl.humanatlas.io/vocab/hp
http://purl.obolibrary.org/obo/HP_0033902,http://purl.obolibrary.org/obo/UBERON_0011143,https://purl.humanatlas.io/vocab/hp#characteristic_of_part_of,https://purl.humanatlas.io/vocab/hp
http://purl.obolibrary.org/obo/HP_0033902,http://purl.obolibrary.org/obo/UBERON_0001008,https://purl.humanatlas.io/vocab/hp#characteristic_of_part_of,https://purl.humanatlas.io/vocab/hp
http://purl.obolibrary.org/obo/HP_0033903,http://purl.obolibrary.org/obo/UBERON_0002113,https://purl.humanatlas.io/vocab/hp#characteristic_of_part_of,https://purl.humanatlas.io/vocab/hp
http://purl.obolibrary.org/obo/HP_0033903,http://purl.obolibrary.org/obo/UBERON_0011143,https://purl.humanatlas.io/vocab/hp#characteristic_of_part_of,https://purl.humanatlas.io/vocab/hp
http://purl.obolibrary.org/obo/HP_0033903,http://purl.obolibrary.org/obo/UBERON_0001008,https://purl.humanatlas.io/vocab/hp#characteristic_of_part_of,https://purl.humanatlas.io/vocab/hp
http://purl.obolibrary.org/obo/HP_0033904,http://purl.obolibrary.org/obo/UBERON_0002113,https://purl.humanatlas.io/vocab/hp#characteristic_of_part_of,https://purl.humanatlas.io/vocab/hp
http://purl.obolibrary.org/obo/HP_0033904,http://purl.obolibrary.org/obo/UBERON_0011143,https://purl.humanatlas.io/vocab/hp#characteristic_of_part_of,https://purl.humanatlas.io/vocab/hp
http://purl.obolibrary.org/obo/HP_0033904,http://purl.obolibrary.org/obo/UBERON_0001008,https://purl.humanatlas.io/vocab/hp#characteristic_of_part_of,https://purl.humanatlas.io/vocab/hp
http://purl.obolibrary.org/obo/HP_0033905,http://purl.obolibrary.org/obo/UBERON_0002113,https://purl.humanatlas.io/vocab/hp#characteristic_of_part_of,https://purl.humanatlas.io/vocab/hp
http://purl.obolibrary.org/obo/HP_0033905,http://purl.obolibrary.org/obo/UBERON_0011143,https://purl.humanatlas.io/vocab/hp#characteristic_of_part_of,https://purl.humanatlas.io/vocab/hp
http://purl.obolibrary.org/obo/HP_0033905,http://purl.obolibrary.org/obo/UBERON_0001008,https://purl.humanatlas.io/vocab/hp#characteristic_of_part_of,https://purl.humanatlas.io/vocab/hp
http://purl.obolibrary.org/obo/HP_0033906,http://purl.obolibrary.org/obo/UBERON_0002113,https://purl.humanatlas.io/vocab/hp#characteristic_of_part_of,https://purl.humanatlas.io/vocab/hp
http://purl.obolibrary.org/obo/HP_0033906,http://purl.obolibrary.org/obo/UBERON_0011143,https://purl.humanatlas.io/vocab/hp#characteristic_of_part_of,https://purl.humanatlas.io/vocab/hp
http://purl.obolibrary.org/obo/HP_0033906,http://purl.obolibrary.org/obo/UBERON_0001008,https://purl.humanatlas.io/vocab/hp#characteristic_of_part_of,https://purl.humanatlas.io/vocab/hp
http://purl.obolibrary.org/obo/HP_0033907,http://purl.obolibrary.org/obo/UBERON_0002113,https://purl.humanatlas.io/vocab/hp#characteristic_of_part_of,https://purl.humanatlas.io/vocab/hp
http://purl.obolibrary.org/obo/HP_0033907,http://purl.obolibrary.org/obo/UBERON_0011143,https://purl.humanatlas.io/vocab/hp#characteristic_of_part_of,https://purl.humanatlas.io/vocab/hp
http://purl.obolibrary.org/obo/HP_0033907,http://purl.obolibrary.org/obo/UBERON_0001008,https://purl.humanatlas.io/vocab/hp#characteristic_of_part_of,https://purl.humanatlas.io/vocab/hp
http://purl.obolibrary.org/obo/HP_0033908,http://purl.obolibrary.org/obo/UBERON_0002113,https://purl.humanatlas.io/vocab/hp#characteristic_of_part_of,https://purl.humanatlas.io/vocab/hp
http://purl.obolibrary.org/obo/HP_0033908,http://purl.obolibrary.org/obo/UBERON_0011143,https://purl.humanatlas.io/vocab/hp#characteristic_of_part_of,https://purl.humanatlas.io/vocab/hp
http://purl.obolibrary.org/obo/HP_0033908,http://purl.obolibrary.org/obo/UBERON_0001008,https://purl.humanatlas.io/vocab/hp#characteristic_of_part_of,https://purl.humanatlas.io/vocab/hp
http://purl.obolibrary.org/obo/HP_0033909,http://purl.obolibrary.org/obo/UBERON_0002113,https://purl.humanatlas.io/vocab/hp#characteristic_of_part_of,https://purl.humanatlas.io/vocab/hp
http://purl.obolibrary.org/obo/HP_0033909,http://purl.obolibrary.org/obo/UBERON_0011143,https://purl.humanatlas.io/vocab/hp#characteristic_of_part_of,https://purl.humanatlas.io/vocab/hp
http://purl.obolibrary.org/obo/HP_0033909,http://purl.obolibrary.org/obo/UBERON_0001008,https://purl.humanatlas.io/vocab/hp#characteristic_of_part_of,https://purl.humanatlas.io/vocab/hp
http://purl.obolibrary.org/obo/HP_0033910,http://purl.obolibrary.org/obo/UBERON_0002113,https://purl.humanatlas.io/vocab/hp#characteristic_of_part_of,https://purl.humanatlas.io/vocab/hp
http://purl.obolibrary.org/obo/HP_0033910,http://purl.obolibrary.org/obo/UBERON_0011143,https://purl.humanatlas.io/vocab/hp#characteristic_of_part_of,https://purl.humanatlas.io/vocab/hp
http://purl.obolibrary.org/obo/HP_0033910,http://purl.obolibrary.org/obo/UBERON_0001008,https://purl.humanatlas.io/vocab/hp#characteristic_of_part_of,https://purl.humanatlas.io/vocab/hp
http://purl.obolibrary.org/obo/HP_0033911,http://purl.obolibrary.org/obo/UBERON_0002113,https://purl.humanatlas.io/vocab/hp#characteristic_of_part_of,https://purl.humanatlas.io/vocab/hp
http://purl.obolibrary.org/obo/HP_0033911,http://purl.obolibrary.org/obo/UBERON_0011143,https://purl.humanatlas.io/vocab/hp#characteristic_of_part_of,https://purl.humanatlas.io/vocab/hp
http://purl.obolibrary.org/obo/HP_0033911,http://purl.obolibrary.org/obo/UBERON_0001008,https://purl.humanatlas.io/vocab/hp#characteristic_of_part_of,https://purl.humanatlas.io/vocab/hp
http://purl.obolibrary.org/obo/HP_0033912,http://purl.obolibrary.org/obo/UBERON_0002113,https://purl.humanatlas.io/vocab/hp#characteristic_of_part_of,https://purl.humanatlas.io/vocab/hp
http://purl.obolibrary.org/obo/HP_0033912,http://purl.obolibrary.org/obo/UBERON_0011143,https://purl.humanatlas.io/vocab/hp#characteristic_of_part_of,https://purl.humanatlas.io/vocab/hp
http://purl.obolibrary.org/obo/HP_0033912,http://purl.obolibrary.org/obo/UBERON_0001008,https://purl.humanatlas.io/vocab/hp#characteristic_of_part_of,https://purl.humanatlas.io/vocab/hp
http://purl.obolibrary.org/obo/HP_0033913,http://purl.obolibrary.org/obo/UBERON_0002113,https://purl.humanatlas.io/vocab/hp#characteristic_of_part_of,https://purl.humanatlas.io/vocab/hp
http://purl.obolibrary.org/obo/HP_0033913,http://purl.obolibrary.org/obo/UBERON_0011143,https://purl.humanatlas.io/vocab/hp#characteristic_of_part_of,https://purl.humanatlas.io/vocab/hp
http://purl.obolibrary.org/obo/HP_0033913,http://purl.obolibrary.org/obo/UBERON_0001008,https://purl.humanatlas.io/vocab/hp#characteristic_of_part_of,https://purl.humanatlas.io/vocab/hp
http://purl.obolibrary.org/obo/HP_0033914,http://purl.obolibrary.org/obo/UBERON_0002113,https://purl.humanatlas.io/vocab/hp#characteristic_of_part_of,https://purl.humanatlas.io/vocab/hp
http://purl.obolibrary.org/obo/HP_0033914,http://purl.obolibrary.org/obo/UBERON_0011143,https://purl.humanatlas.io/vocab/hp#characteristic_of_part_of,https://purl.humanatlas.io/vocab/hp
http://purl.obolibrary.org/obo/HP_0033914,http://purl.obolibrary.org/obo/UBERON_0001008,https://purl.humanatlas.io/vocab/hp#characteristic_of_part_of,https://purl.humanatlas.io/vocab/hp
http://purl.obolibrary.org/obo/HP_0033915,http://purl.obolibrary.org/obo/UBERON_0002113,https://purl.humanatlas.io/vocab/hp#characteristic_of_part_of,https://purl.humanatlas.io/vocab/hp
http://purl.obolibrary.org/obo/HP_0033915,http://purl.obolibrary.org/obo/UBERON_0011143,https://purl.humanatlas.io/vocab/hp#characteristic_of_part_of,https://purl.humanatlas.io/vocab/hp
http://purl.obolibrary.org/obo/HP_0033915,http://purl.obolibrary.org/obo/UBERON_0001008,https://purl.humanatlas.io/vocab/hp#characteristic_of_part_of,https://purl.humanatlas.io/vocab/hp
http://purl.obolibrary.org/obo/HP_0033916,http://purl.obolibrary.org/obo/UBERON_0002113,https://purl.humanatlas.io/vocab/hp#characteristic_of_part_of,https://purl.humanatlas.io/vocab/hp
http://purl.obolibrary.org/obo/HP_0033916,http://purl.obolibrary.org/obo/UBERON_0011143,https://purl.humanatlas.io/vocab/hp#characteristic_of_part_of,https://purl.humanatlas.io/vocab/hp
http://purl.obolibrary.org/obo/HP_0033916,http://purl.obolibrary.org/obo/UBERON_0001008,https://purl.humanatlas.io/vocab/hp#characteristic_of_part_of,https://purl.humanatlas.io/vocab/hp
http://purl.obolibrary.org/obo/HP_0033917,http://purl.obolibrary.org/obo/UBERON_0002113,https://purl.humanatlas.io/vocab/hp#characteristic_of_part_of,https://purl.humanatlas.io/vocab/hp
http://purl.obolibrary.org/obo/HP_0033917,http://purl.obolibrary.org/obo/UBERON_0011143,https://purl.humanatlas.io/vocab/hp#characteristic_of_part_of,https://purl.humanatlas.io/vocab/hp
http://purl.obolibrary.org/obo/HP_0033917,http://purl.obolibrary.org/obo/UBERON_0001008,https://purl.humanatlas.io/vocab/hp#characteristic_of_part_of,https://purl.humanatlas.io/vocab/hp
http://purl.obolibrary.org/obo/HP_0033918,http://purl.obolibrary.org/obo/UBERON_0002113,https://purl.humanatlas.io/vocab/hp#characteristic_of_part_of,https://purl.humanatlas.io/vocab/hp
http://purl.obolibrary.org/obo/HP_0033918,http://purl.obolibrary.org/obo/UBERON_0011143,https://purl.humanatlas.io/vocab/hp#characteristic_of_part_of,https://purl.humanatlas.io/vocab/hp
http://purl.obolibrary.org/obo/HP_0033918,http://purl.obolibrary.org/obo/UBERON_0001008,https://purl.humanatlas.io/vocab/hp#characteristic_of_part_of,https://purl.humanatlas.io/vocab/hp
http://purl.obolibrary.org/obo/HP_0033920,http://purl.obolibrary.org/obo/UBERON_0002113,https://purl.humanatlas.io/vocab/hp#characteristic_of_part_of,https://purl.humanatlas.io/vocab/hp
http://purl.obolibrary.org/obo/HP_0033920,http://purl.obolibrary.org/obo/UBERON_0011143,https://purl.humanatlas.io/vocab/hp#characteristic_of_part_of,https://purl.humanatlas.io/vocab/hp
http://purl.obolibrary.org/obo/HP_0033920,http://purl.obolibrary.org/obo/UBERON_0001008,https://purl.humanatlas.io/vocab/hp#characteristic_of_part_of,https://purl.humanatlas.io/vocab/hp
http://purl.obolibrary.org/obo/HP_0033921,http://purl.obolibrary.org/obo/UBERON_0002113,https://purl.humanatlas.io/vocab/hp#characteristic_of_part_of,https://purl.humanatlas.io/vocab/hp
http://purl.obolibrary.org/obo/HP_0033921,http://purl.obolibrary.org/obo/UBERON_0011143,https://purl.humanatlas.io/vocab/hp#characteristic_of_part_of,https://purl.humanatlas.io/vocab/hp
http://purl.obolibrary.org/obo/HP_0033921,http://purl.obolibrary.org/obo/UBERON_0001008,https://purl.humanatlas.io/vocab/hp#characteristic_of_part_of,https://purl.humanatlas.io/vocab/hp
http://purl.obolibrary.org/obo/HP_0033922,http://purl.obolibrary.org/obo/UBERON_0002113,https://purl.humanatlas.io/vocab/hp#characteristic_of_part_of,https://purl.humanatlas.io/vocab/hp
http://purl.obolibrary.org/obo/HP_0033922,http://purl.obolibrary.org/obo/UBERON_0011143,https://purl.humanatlas.io/vocab/hp#characteristic_of_part_of,https://purl.humanatlas.io/vocab/hp
http://purl.obolibrary.org/obo/HP_0033922,http://purl.obolibrary.org/obo/UBERON_0001008,https://purl.humanatlas.io/vocab/hp#characteristic_of_part_of,https://purl.humanatlas.io/vocab/hp
http://purl.obolibrary.org/obo/HP_0033923,http://purl.obolibrary.org/obo/UBERON_0002113,https://purl.humanatlas.io/vocab/hp#characteristic_of_part_of,https://purl.humanatlas.io/vocab/hp
http://purl.obolibrary.org/obo/HP_0033923,http://purl.obolibrary.org/obo/UBERON_0011143,https://purl.humanatlas.io/vocab/hp#characteristic_of_part_of,https://purl.humanatlas.io/vocab/hp
http://purl.obolibrary.org/obo/HP_0033923,http://purl.obolibrary.org/obo/UBERON_0001008,https://purl.humanatlas.io/vocab/hp#characteristic_of_part_of,https://purl.humanatlas.io/vocab/hp
http://purl.obolibrary.org/obo/HP_0033924,http://purl.obolibrary.org/obo/UBERON_0002113,https://purl.humanatlas.io/vocab/hp#characteristic_of_part_of,https://purl.humanatlas.io/vocab/hp
http://purl.obolibrary.org/obo/HP_0033924,http://purl.obolibrary.org/obo/UBERON_0011143,https://purl.humanatlas.io/vocab/hp#characteristic_of_part_of,https://purl.humanatlas.io/vocab/hp
http://purl.obolibrary.org/obo/HP_0033924,http://purl.obolibrary.org/obo/UBERON_0001008,https://purl.humanatlas.io/vocab/hp#characteristic_of_part_of,https://purl.humanatlas.io/vocab/hp
http://purl.obolibrary.org/obo/HP_0033925,http://purl.obolibrary.org/obo/UBERON_0002113,https://purl.humanatlas.io/vocab/hp#characteristic_of_part_of,https://purl.humanatlas.io/vocab/hp
http://purl.obolibrary.org/obo/HP_0033925,http://purl.obolibrary.org/obo/UBERON_0011143,https://purl.humanatlas.io/vocab/hp#characteristic_of_part_of,https://purl.humanatlas.io/vocab/hp
http://purl.obolibrary.org/obo/HP_0033925,http://purl.obolibrary.org/obo/UBERON_0001008,https://purl.humanatlas.io/vocab/hp#characteristic_of_part_of,https://purl.humanatlas.io/vocab/hp
http://purl.obolibrary.org/obo/HP_0033926,http://purl.obolibrary.org/obo/UBERON_0002113,https://purl.humanatlas.io/vocab/hp#characteristic_of_part_of,https://purl.humanatlas.io/vocab/hp
http://purl.obolibrary.org/obo/HP_0033926,http://purl.obolibrary.org/obo/UBERON_0011143,https://purl.humanatlas.io/vocab/hp#characteristic_of_part_of,https://purl.humanatlas.io/vocab/hp
http://purl.obolibrary.org/obo/HP_0033926,http://purl.obolibrary.org/obo/UBERON_0001008,https://purl.humanatlas.io/vocab/hp#characteristic_of_part_of,https://purl.humanatlas.io/vocab/hp
http://purl.obolibrary.org/obo/HP_0033927,http://purl.obolibrary.org/obo/UBERON_0002113,https://purl.humanatlas.io/vocab/hp#characteristic_of_part_of,https://purl.humanatlas.io/vocab/hp
http://purl.obolibrary.org/obo/HP_0033927,http://purl.obolibrary.org/obo/UBERON_0011143,https://purl.humanatlas.io/vocab/hp#characteristic_of_part_of,https://purl.humanatlas.io/vocab/hp
http://purl.obolibrary.org/obo/HP_0033927,http://purl.obolibrary.org/obo/UBERON_0001008,https://purl.humanatlas.io/vocab/hp#characteristic_of_part_of,https://purl.humanatlas.io/vocab/hp
http://purl.obolibrary.org/obo/HP_0033928,http://purl.obolibrary.org/obo/UBERON_0002113,https://purl.humanatlas.io/vocab/hp#characteristic_of_part_of,https://purl.humanatlas.io/vocab/hp
http://purl.obolibrary.org/obo/HP_0033928,http://purl.obolibrary.org/obo/UBERON_0011143,https://purl.humanatlas.io/vocab/hp#characteristic_of_part_of,https://purl.humanatlas.io/vocab/hp
http://purl.obolibrary.org/obo/HP_0033928,http://purl.obolibrary.org/obo/UBERON_0001008,https://purl.humanatlas.io/vocab/hp#characteristic_of_part_of,https://purl.humanatlas.io/vocab/hp
http://purl.obolibrary.org/obo/HP_0033929,http://purl.obolibrary.org/obo/UBERON_0002113,https://purl.humanatlas.io/vocab/hp#characteristic_of_part_of,https://purl.humanatlas.io/vocab/hp
http://purl.obolibrary.org/obo/HP_0033929,http://purl.obolibrary.org/obo/UBERON_0011143,https://purl.humanatlas.io/vocab/hp#characteristic_of_part_of,https://purl.humanatlas.io/vocab/hp
http://purl.obolibrary.org/obo/HP_0033929,http://purl.obolibrary.org/obo/UBERON_0001008,https://purl.humanatlas.io/vocab/hp#characteristic_of_part_of,https://purl.humanatlas.io/vocab/hp
http://purl.obolibrary.org/obo/HP_0033930,http://purl.obolibrary.org/obo/UBERON_0002113,https://purl.humanatlas.io/vocab/hp#characteristic_of_part_of,https://purl.humanatlas.io/vocab/hp
http://purl.obolibrary.org/obo/HP_0033930,http://purl.obolibrary.org/obo/UBERON_0011143,https://purl.humanatlas.io/vocab/hp#characteristic_of_part_of,https://purl.humanatlas.io/vocab/hp
http://purl.obolibrary.org/obo/HP_0033930,http://purl.obolibrary.org/obo/UBERON_0001008,https://purl.humanatlas.io/vocab/hp#characteristic_of_part_of,https://purl.humanatlas.io/vocab/hp
http://purl.obolibrary.org/obo/HP_0033931,http://purl.obolibrary.org/obo/UBERON_0002113,https://purl.humanatlas.io/vocab/hp#characteristic_of_part_of,https://purl.humanatlas.io/vocab/hp
http://purl.obolibrary.org/obo/HP_0033931,http://purl.obolibrary.org/obo/UBERON_0011143,https://purl.humanatlas.io/vocab/hp#characteristic_of_part_of,https://purl.humanatlas.io/vocab/hp
http://purl.obolibrary.org/obo/HP_0033931,http://purl.obolibrary.org/obo/UBERON_0001008,https://purl.humanatlas.io/vocab/hp#characteristic_of_part_of,https://purl.humanatlas.io/vocab/hp
http://purl.obolibrary.org/obo/HP_0033932,http://purl.obolibrary.org/obo/UBERON_0002113,https://purl.humanatlas.io/vocab/hp#characteristic_of_part_of,https://purl.humanatlas.io/vocab/hp
http://purl.obolibrary.org/obo/HP_0033932,http://purl.obolibrary.org/obo/UBERON_0011143,https://purl.humanatlas.io/vocab/hp#characteristic_of_part_of,https://purl.humanatlas.io/vocab/hp
http://purl.obolibrary.org/obo/HP_0033932,http://purl.obolibrary.org/obo/UBERON_0001008,https://purl.humanatlas.io/vocab/hp#characteristic_of_part_of,https://purl.humanatlas.io/vocab/hp
http://purl.obolibrary.org/obo/HP_0033933,http://purl.obolibrary.org/obo/UBERON_0002113,https://purl.humanatlas.io/vocab/hp#characteristic_of_part_of,https://purl.humanatlas.io/vocab/hp
http://purl.obolibrary.org/obo/HP_0033933,http://purl.obolibrary.org/obo/UBERON_0011143,https://purl.humanatlas.io/vocab/hp#characteristic_of_part_of,https://purl.humanatlas.io/vocab/hp
http://purl.obolibrary.org/obo/HP_0033933,http://purl.obolibrary.org/obo/UBERON_0001008,https://purl.humanatlas.io/vocab/hp#characteristic_of_part_of,https://purl.humanatlas.io/vocab/hp
http://purl.obolibrary.org/obo/HP_0033934,http://purl.obolibrary.org/obo/UBERON_0002113,https://purl.humanatlas.io/vocab/hp#characteristic_of_part_of,https://purl.humanatlas.io/vocab/hp
http://purl.obolibrary.org/obo/HP_0033934,http://purl.obolibrary.org/obo/UBERON_0011143,https://purl.humanatlas.io/vocab/hp#characteristic_of_part_of,https://purl.humanatlas.io/vocab/hp
http://purl.obolibrary.org/obo/HP_0033934,http://purl.obolibrary.org/obo/UBERON_0001008,https://purl.humanatlas.io/vocab/hp#characteristic_of_part_of,https://purl.humanatlas.io/vocab/hp
http://purl.obolibrary.org/obo/HP_0033935,http://purl.obolibrary.org/obo/UBERON_0002113,https://purl.humanatlas.io/vocab/hp#characteristic_of_part_of,https://purl.humanatlas.io/vocab/hp
http://purl.obolibrary.org/obo/HP_0033935,http://purl.obolibrary.org/obo/UBERON_0011143,https://purl.humanatlas.io/vocab/hp#characteristic_of_part_of,https://purl.humanatlas.io/vocab/hp
http://purl.obolibrary.org/obo/HP_0033935,http://purl.obolibrary.org/obo/UBERON_0001008,https://purl.humanatlas.io/vocab/hp#characteristic_of_part_of,https://purl.humanatlas.io/vocab/hp
http://purl.obolibrary.org/obo/HP_0033936,http://purl.obolibrary.org/obo/UBERON_0002113,https://purl.humanatlas.io/vocab/hp#characteristic_of_part_of,https://purl.humanatlas.io/vocab/hp
http://purl.obolibrary.org/obo/HP_0033936,http://purl.obolibrary.org/obo/UBERON_0011143,https://purl.humanatlas.io/vocab/hp#characteristic_of_part_of,https://purl.humanatlas.io/vocab/hp
http://purl.obolibrary.org/obo/HP_0033936,http://purl.obolibrary.org/obo/UBERON_0001008,https://purl.humanatlas.io/vocab/hp#characteristic_of_part_of,https://purl.humanatlas.io/vocab/hp
http://purl.obolibrary.org/obo/HP_0033937,http://purl.obolibrary.org/obo/UBERON_0002113,https://purl.humanatlas.io/vocab/hp#characteristic_of_part_of,https://purl.humanatlas.io/vocab/hp
http://purl.obolibrary.org/obo/HP_0033937,http://purl.obolibrary.org/obo/UBERON_0011143,https://purl.humanatlas.io/vocab/hp#characteristic_of_part_of,https://purl.humanatlas.io/vocab/hp
http://purl.obolibrary.org/obo/HP_0033937,http://purl.obolibrary.org/obo/UBERON_0001008,https://purl.humanatlas.io/vocab/hp#characteristic_of_part_of,https://purl.humanatlas.io/vocab/hp
http://purl.obolibrary.org/obo/HP_0033938,http://purl.obolibrary.org/obo/UBERON_0002113,https://purl.humanatlas.io/vocab/hp#characteristic_of_part_of,https://purl.humanatlas.io/vocab/hp
http://purl.obolibrary.org/obo/HP_0033938,http://purl.obolibrary.org/obo/UBERON_0011143,https://purl.humanatlas.io/vocab/hp#characteristic_of_part_of,https://purl.humanatlas.io/vocab/hp
http://purl.obolibrary.org/obo/HP_0033938,http://purl.obolibrary.org/obo/UBERON_0001008,https://purl.humanatlas.io/vocab/hp#characteristic_of_part_of,https://purl.humanatlas.io/vocab/hp
http://purl.obolibrary.org/obo/HP_0033939,http://purl.obolibrary.org/obo/UBERON_0002113,https://purl.humanatlas.io/vocab/hp#characteristic_of_part_of,https://purl.humanatlas.io/vocab/hp
http://purl.obolibrary.org/obo/HP_0033939,http://purl.obolibrary.org/obo/UBERON_0011143,https://purl.humanatlas.io/vocab/hp#characteristic_of_part_of,https://purl.humanatlas.io/vocab/hp
http://purl.obolibrary.org/obo/HP_0033939,http://purl.obolibrary.org/obo/UBERON_0001008,https://purl.humanatlas.io/vocab/hp#characteristic_of_part_of,https://purl.humanatlas.io/vocab/hp
http://purl.obolibrary.org/obo/HP_0033940,http://purl.obolibrary.org/obo/UBERON_0002113,https://purl.humanatlas.io/vocab/hp#characteristic_of_part_of,https://purl.humanatlas.io/vocab/hp
http://purl.obolibrary.org/obo/HP_0033940,http://purl.obolibrary.org/obo/UBERON_0011143,https://purl.humanatlas.io/vocab/hp#characteristic_of_part_of,https://purl.humanatlas.io/vocab/hp
http://purl.obolibrary.org/obo/HP_0033940,http://purl.obolibrary.org/obo/UBERON_0001008,https://purl.humanatlas.io/vocab/hp#characteristic_of_part_of,https://purl.humanatlas.io/vocab/hp
http://purl.obolibrary.org/obo/HP_0033941,http://purl.obolibrary.org/obo/UBERON_0002113,https://purl.humanatlas.io/vocab/hp#characteristic_of_part_of,https://purl.humanatlas.io/vocab/hp
http://purl.obolibrary.org/obo/HP_0033941,http://purl.obolibrary.org/obo/UBERON_0011143,https://purl.humanatlas.io/vocab/hp#characteristic_of_part_of,https://purl.humanatlas.io/vocab/hp
http://purl.obolibrary.org/obo/HP_0033941,http://purl.obolibrary.org/obo/UBERON_0001008,https://purl.humanatlas.io/vocab/hp#characteristic_of_part_of,https://purl.humanatlas.io/vocab/hp
http://purl.obolibrary.org/obo/HP_0033942,http://purl.obolibrary.org/obo/UBERON_0002113,https://purl.humanatlas.io/vocab/hp#characteristic_of_part_of,https://purl.humanatlas.io/vocab/hp
http://purl.obolibrary.org/obo/HP_0033942,http://purl.obolibrary.org/obo/UBERON_0011143,https://purl.humanatlas.io/vocab/hp#characteristic_of_part_of,https://purl.humanatlas.io/vocab/hp
http://purl.obolibrary.org/obo/HP_0033942,http://purl.obolibrary.org/obo/UBERON_0001008,https://purl.humanatlas.io/vocab/hp#characteristic_of_part_of,https://purl.humanatlas.io/vocab/hp
http://purl.obolibrary.org/obo/HP_0033943,http://purl.obolibrary.org/obo/UBERON_0002113,https://purl.humanatlas.io/vocab/hp#characteristic_of_part_of,https://purl.humanatlas.io/vocab/hp
http://purl.obolibrary.org/obo/HP_0033943,http://purl.obolibrary.org/obo/UBERON_0011143,https://purl.humanatlas.io/vocab/hp#characteristic_of_part_of,https://purl.humanatlas.io/vocab/hp
http://purl.obolibrary.org/obo/HP_0033943,http://purl.obolibrary.org/obo/UBERON_0001008,https://purl.humanatlas.io/vocab/hp#characteristic_of_part_of,https://purl.humanatlas.io/vocab/hp
http://purl.obolibrary.org/obo/HP_0033944,http://purl.obolibrary.org/obo/UBERON_0002113,https://purl.humanatlas.io/vocab/hp#characteristic_of_part_of,https://purl.humanatlas.io/vocab/hp
http://purl.obolibrary.org/obo/HP_0033944,http://purl.obolibrary.org/obo/UBERON_0011143,https://purl.humanatlas.io/vocab/hp#characteristic_of_part_of,https://purl.humanatlas.io/vocab/hp
http://purl.obolibrary.org/obo/HP_0033944,http://purl.obolibrary.org/obo/UBERON_0001008,https://purl.humanatlas.io/vocab/hp#characteristic_of_part_of,https://purl.humanatlas.io/vocab/hp
http://purl.obolibrary.org/obo/HP_0033945,http://purl.obolibrary.org/obo/UBERON_0002113,https://purl.humanatlas.io/vocab/hp#characteristic_of_part_of,https://purl.humanatlas.io/vocab/hp
http://purl.obolibrary.org/obo/HP_0033945,http://purl.obolibrary.org/obo/UBERON_0011143,https://purl.humanatlas.io/vocab/hp#characteristic_of_part_of,https://purl.humanatlas.io/vocab/hp
http://purl.obolibrary.org/obo/HP_0033945,http://purl.obolibrary.org/obo/UBERON_0001008,https://purl.humanatlas.io/vocab/hp#characteristic_of_part_of,https://purl.humanatlas.io/vocab/hp
http://purl.obolibrary.org/obo/HP_0033946,http://purl.obolibrary.org/obo/UBERON_0002113,https://purl.humanatlas.io/vocab/hp#characteristic_of_part_of,https://purl.humanatlas.io/vocab/hp
http://purl.obolibrary.org/obo/HP_0033946,http://purl.obolibrary.org/obo/UBERON_0011143,https://purl.humanatlas.io/vocab/hp#characteristic_of_part_of,https://purl.humanatlas.io/vocab/hp
http://purl.obolibrary.org/obo/HP_0033946,http://purl.obolibrary.org/obo/UBERON_0001008,https://purl.humanatlas.io/vocab/hp#characteristic_of_part_of,https://purl.humanatlas.io/vocab/hp
http://purl.obolibrary.org/obo/HP_0033947,http://purl.obolibrary.org/obo/UBERON_0002113,https://purl.humanatlas.io/vocab/hp#characteristic_of_part_of,https://purl.humanatlas.io/vocab/hp
http://purl.obolibrary.org/obo/HP_0033947,http://purl.obolibrary.org/obo/UBERON_0011143,https://purl.humanatlas.io/vocab/hp#characteristic_of_part_of,https://purl.humanatlas.io/vocab/hp
http://purl.obolibrary.org/obo/HP_0033947,http://purl.obolibrary.org/obo/UBERON_0001008,https://purl.humanatlas.io/vocab/hp#characteristic_of_part_of,https://purl.humanatlas.io/vocab/hp
http://purl.obolibrary.org/obo/HP_0033948,http://purl.obolibrary.org/obo/UBERON_0002113,https://purl.humanatlas.io/vocab/hp#characteristic_of_part_of,https://purl.humanatlas.io/vocab/hp
http://purl.obolibrary.org/obo/HP_0033948,http://purl.obolibrary.org/obo/UBERON_0011143,https://purl.humanatlas.io/vocab/hp#characteristic_of_part_of,https://purl.humanatlas.io/vocab/hp
http://purl.obolibrary.org/obo/HP_0033948,http://purl.obolibrary.org/obo/UBERON_0001008,https://purl.humanatlas.io/vocab/hp#characteristic_of_part_of,https://purl.humanatlas.io/vocab/hp
http://purl.obolibrary.org/obo/HP_0033949,http://purl.obolibrary.org/obo/UBERON_0002113,https://purl.humanatlas.io/vocab/hp#characteristic_of_part_of,https://purl.humanatlas.io/vocab/hp
http://purl.obolibrary.org/obo/HP_0033949,http://purl.obolibrary.org/obo/UBERON_0011143,https://purl.humanatlas.io/vocab/hp#characteristic_of_part_of,https://purl.humanatlas.io/vocab/hp
http://purl.obolibrary.org/obo/HP_0033949,http://purl.obolibrary.org/obo/UBERON_0001008,https://purl.humanatlas.io/vocab/hp#characteristic_of_part_of,https://purl.humanatlas.io/vocab/hp
http://purl.obolibrary.org/obo/HP_0033950,http://purl.obolibrary.org/obo/UBERON_0002113,https://purl.humanatlas.io/vocab/hp#characteristic_of_part_of,https://purl.humanatlas.io/vocab/hp
http://purl.obolibrary.org/obo/HP_0033950,http://purl.obolibrary.org/obo/UBERON_0011143,https://purl.humanatlas.io/vocab/hp#characteristic_of_part_of,https://purl.humanatlas.io/vocab/hp
http://purl.obolibrary.org/obo/HP_0033950,http://purl.obolibrary.org/obo/UBERON_0001008,https://purl.humanatlas.io/vocab/hp#characteristic_of_part_of,https://purl.humanatlas.io/vocab/hp
http://purl.obolibrary.org/obo/HP_0033951,http://purl.obolibrary.org/obo/UBERON_0002113,https://purl.humanatlas.io/vocab/hp#characteristic_of_part_of,https://purl.humanatlas.io/vocab/hp
http://purl.obolibrary.org/obo/HP_0033951,http://purl.obolibrary.org/obo/UBERON_0011143,https://purl.humanatlas.io/vocab/hp#characteristic_of_part_of,https://purl.humanatlas.io/vocab/hp
http://purl.obolibrary.org/obo/HP_0033951,http://purl.obolibrary.org/obo/UBERON_0001008,https://purl.humanatlas.io/vocab/hp#characteristic_of_part_of,https://purl.humanatlas.io/vocab/hp
http://purl.obolibrary.org/obo/HP_0033952,http://purl.obolibrary.org/obo/UBERON_0002113,https://purl.humanatlas.io/vocab/hp#characteristic_of_part_of,https://purl.humanatlas.io/vocab/hp
http://purl.obolibrary.org/obo/HP_0033952,http://purl.obolibrary.org/obo/UBERON_0011143,https://purl.humanatlas.io/vocab/hp#characteristic_of_part_of,https://purl.humanatlas.io/vocab/hp
http://purl.obolibrary.org/obo/HP_0033952,http://purl.obolibrary.org/obo/UBERON_0001008,https://purl.humanatlas.io/vocab/hp#characteristic_of_part_of,https://purl.humanatlas.io/vocab/hp
http://purl.obolibrary.org/obo/HP_0033953,http://purl.obolibrary.org/obo/UBERON_0002113,https://purl.humanatlas.io/vocab/hp#characteristic_of_part_of,https://purl.humanatlas.io/vocab/hp
http://purl.obolibrary.org/obo/HP_0033953,http://purl.obolibrary.org/obo/UBERON_0011143,https://purl.humanatlas.io/vocab/hp#characteristic_of_part_of,https://purl.humanatlas.io/vocab/hp
http://purl.obolibrary.org/obo/HP_0033953,http://purl.obolibrary.org/obo/UBERON_0001008,https://purl.humanatlas.io/vocab/hp#characteristic_of_part_of,https://purl.humanatlas.io/vocab/hp
http://purl.obolibrary.org/obo/HP_0033954,http://purl.obolibrary.org/obo/UBERON_0002113,https://purl.humanatlas.io/vocab/hp#characteristic_of_part_of,https://purl.humanatlas.io/vocab/hp
http://purl.obolibrary.org/obo/HP_0033954,http://purl.obolibrary.org/obo/UBERON_0011143,https://purl.humanatlas.io/vocab/hp#characteristic_of_part_of,https://purl.humanatlas.io/vocab/hp
http://purl.obolibrary.org/obo/HP_0033954,http://purl.obolibrary.org/obo/UBERON_0001008,https://purl.humanatlas.io/vocab/hp#characteristic_of_part_of,https://purl.humanatlas.io/vocab/hp
http://purl.obolibrary.org/obo/HP_0033955,http://purl.obolibrary.org/obo/UBERON_0002113,https://purl.humanatlas.io/vocab/hp#characteristic_of_part_of,https://purl.humanatlas.io/vocab/hp
http://purl.obolibrary.org/obo/HP_0033955,http://purl.obolibrary.org/obo/UBERON_0011143,https://purl.humanatlas.io/vocab/hp#characteristic_of_part_of,https://purl.humanatlas.io/vocab/hp
http://purl.obolibrary.org/obo/HP_0033955,http://purl.obolibrary.org/obo/UBERON_0001008,https://purl.humanatlas.io/vocab/hp#characteristic_of_part_of,https://purl.humanatlas.io/vocab/hp
http://purl.obolibrary.org/obo/HP_0033956,http://purl.obolibrary.org/obo/UBERON_0002113,https://purl.humanatlas.io/vocab/hp#characteristic_of_part_of,https://purl.humanatlas.io/vocab/hp
http://purl.obolibrary.org/obo/HP_0033956,http://purl.obolibrary.org/obo/UBERON_0011143,https://purl.humanatlas.io/vocab/hp#characteristic_of_part_of,https://purl.humanatlas.io/vocab/hp
http://purl.obolibrary.org/obo/HP_0033956,http://purl.obolibrary.org/obo/UBERON_0001008,https://purl.humanatlas.io/vocab/hp#characteristic_of_part_of,https://purl.humanatlas.io/vocab/hp
http://purl.obolibrary.org/obo/HP_0033957,http://purl.obolibrary.org/obo/UBERON_0002113,https://purl.humanatlas.io/vocab/hp#characteristic_of_part_of,https://purl.humanatlas.io/vocab/hp
http://purl.obolibrary.org/obo/HP_0033957,http://purl.obolibrary.org/obo/UBERON_0011143,https://purl.humanatlas.io/vocab/hp#characteristic_of_part_of,https://purl.humanatlas.io/vocab/hp
http://purl.obolibrary.org/obo/HP_0033957,http://purl.obolibrary.org/obo/UBERON_0001008,https://purl.humanatlas.io/vocab/hp#characteristic_of_part_of,https://purl.humanatlas.io/vocab/hp
http://purl.obolibrary.org/obo/HP_0033958,http://purl.obolibrary.org/obo/UBERON_0002113,https://purl.humanatlas.io/vocab/hp#characteristic_of_part_of,https://purl.humanatlas.io/vocab/hp
http://purl.obolibrary.org/obo/HP_0033958,http://purl.obolibrary.org/obo/UBERON_0011143,https://purl.humanatlas.io/vocab/hp#characteristic_of_part_of,https://purl.humanatlas.io/vocab/hp
http://purl.obolibrary.org/obo/HP_0033958,http://purl.obolibrary.org/obo/UBERON_0001008,https://purl.humanatlas.io/vocab/hp#characteristic_of_part_of,https://purl.humanatlas.io/vocab/hp
http://purl.obolibrary.org/obo/HP_0033959,http://purl.obolibrary.org/obo/UBERON_0002113,https://purl.humanatlas.io/vocab/hp#characteristic_of_part_of,https://purl.humanatlas.io/vocab/hp
http://purl.obolibrary.org/obo/HP_0033959,http://purl.obolibrary.org/obo/UBERON_0011143,https://purl.humanatlas.io/vocab/hp#characteristic_of_part_of,https://purl.humanatlas.io/vocab/hp
http://purl.obolibrary.org/obo/HP_0033959,http://purl.obolibrary.org/obo/UBERON_0001008,https://purl.humanatlas.io/vocab/hp#characteristic_of_part_of,https://purl.humanatlas.io/vocab/hp
http://purl.obolibrary.org/obo/HP_0033960,http://purl.obolibrary.org/obo/UBERON_0002113,https://purl.humanatlas.io/vocab/hp#characteristic_of_part_of,https://purl.humanatlas.io/vocab/hp
http://purl.obolibrary.org/obo/HP_0033960,http://purl.obolibrary.org/obo/UBERON_0011143,https://purl.humanatlas.io/vocab/hp#characteristic_of_part_of,https://purl.humanatlas.io/vocab/hp
http://purl.obolibrary.org/obo/HP_0033960,http://purl.obolibrary.org/obo/UBERON_0001008,https://purl.humanatlas.io/vocab/hp#characteristic_of_part_of,https://purl.humanatlas.io/vocab/hp
http://purl.obolibrary.org/obo/HP_0033961,http://purl.obolibrary.org/obo/UBERON_0002113,https://purl.humanatlas.io/vocab/hp#characteristic_of_part_of,https://purl.humanatlas.io/vocab/hp
http://purl.obolibrary.org/obo/HP_0033961,http://purl.obolibrary.org/obo/UBERON_0011143,https://purl.humanatlas.io/vocab/hp#characteristic_of_part_of,https://purl.humanatlas.io/vocab/hp
http://purl.obolibrary.org/obo/HP_0033961,http://purl.obolibrary.org/obo/UBERON_0001008,https://purl.humanatlas.io/vocab/hp#characteristic_of_part_of,https://purl.humanatlas.io/vocab/hp
http://purl.obolibrary.org/obo/HP_0033962,http://purl.obolibrary.org/obo/UBERON_0002113,https://purl.humanatlas.io/vocab/hp#characteristic_of_part_of,https://purl.humanatlas.io/vocab/hp
http://purl.obolibrary.org/obo/HP_0033962,http://purl.obolibrary.org/obo/UBERON_0011143,https://purl.humanatlas.io/vocab/hp#characteristic_of_part_of,https://purl.humanatlas.io/vocab/hp
http://purl.obolibrary.org/obo/HP_0033962,http://purl.obolibrary.org/obo/UBERON_0001008,https://purl.humanatlas.io/vocab/hp#characteristic_of_part_of,https://purl.humanatlas.io/vocab/hp
http://purl.obolibrary.org/obo/HP_0033963,http://purl.obolibrary.org/obo/UBERON_0002113,https://purl.humanatlas.io/vocab/hp#characteristic_of_part_of,https://purl.humanatlas.io/vocab/hp
http://purl.obolibrary.org/obo/HP_0033963,http://purl.obolibrary.org/obo/UBERON_0011143,https://purl.humanatlas.io/vocab/hp#characteristic_of_part_of,https://purl.humanatlas.io/vocab/hp
http://purl.obolibrary.org/obo/HP_0033963,http://purl.obolibrary.org/obo/UBERON_0001008,https://purl.humanatlas.io/vocab/hp#characteristic_of_part_of,https://purl.humanatlas.io/vocab/hp
http://purl.obolibrary.org/obo/HP_0033964,http://purl.obolibrary.org/obo/UBERON_0002113,https://purl.humanatlas.io/vocab/hp#characteristic_of_part_of,https://purl.humanatlas.io/vocab/hp
http://purl.obolibrary.org/obo/HP_0033964,http://purl.obolibrary.org/obo/UBERON_0011143,https://purl.humanatlas.io/vocab/hp#characteristic_of_part_of,https://purl.humanatlas.io/vocab/hp
http://purl.obolibrary.org/obo/HP_0033964,http://purl.obolibrary.org/obo/UBERON_0001008,https://purl.humanatlas.io/vocab/hp#characteristic_of_part_of,https://purl.humanatlas.io/vocab/hp
http://purl.obolibrary.org/obo/HP_0033965,http://purl.obolibrary.org/obo/UBERON_0002113,https://purl.humanatlas.io/vocab/hp#characteristic_of_part_of,https://purl.humanatlas.io/vocab/hp
http://purl.obolibrary.org/obo/HP_0033965,http://purl.obolibrary.org/obo/UBERON_0011143,https://purl.humanatlas.io/vocab/hp#characteristic_of_part_of,https://purl.humanatlas.io/vocab/hp
http://purl.obolibrary.org/obo/HP_0033965,http://purl.obolibrary.org/obo/UBERON_0001008,https://purl.humanatlas.io/vocab/hp#characteristic_of_part_of,https://purl.humanatlas.io/vocab/hp
http://purl.obolibrary.org/obo/HP_0033966,http://purl.obolibrary.org/obo/UBERON_0002113,https://purl.humanatlas.io/vocab/hp#characteristic_of_part_of,https://purl.humanatlas.io/vocab/hp
http://purl.obolibrary.org/obo/HP_0033966,http://purl.obolibrary.org/obo/UBERON_0011143,https://purl.humanatlas.io/vocab/hp#characteristic_of_part_of,https://purl.humanatlas.io/vocab/hp
http://purl.obolibrary.org/obo/HP_0033966,http://purl.obolibrary.org/obo/UBERON_0001008,https://purl.humanatlas.io/vocab/hp#characteristic_of_part_of,https://purl.humanatlas.io/vocab/hp
http://purl.obolibrary.org/obo/HP_0033967,http://purl.obolibrary.org/obo/UBERON_0002113,https://purl.humanatlas.io/vocab/hp#characteristic_of_part_of,https://purl.humanatlas.io/vocab/hp
http://purl.obolibrary.org/obo/HP_0033967,http://purl.obolibrary.org/obo/UBERON_0011143,https://purl.humanatlas.io/vocab/hp#characteristic_of_part_of,https://purl.humanatlas.io/vocab/hp
http://purl.obolibrary.org/obo/HP_0033967,http://purl.obolibrary.org/obo/UBERON_0001008,https://purl.humanatlas.io/vocab/hp#characteristic_of_part_of,https://purl.humanatlas.io/vocab/hp
http://purl.obolibrary.org/obo/HP_0033968,http://purl.obolibrary.org/obo/UBERON_0002113,https://purl.humanatlas.io/vocab/hp#characteristic_of_part_of,https://purl.humanatlas.io/vocab/hp
http://purl.obolibrary.org/obo/HP_0033968,http://purl.obolibrary.org/obo/UBERON_0011143,https://purl.humanatlas.io/vocab/hp#characteristic_of_part_of,https://purl.humanatlas.io/vocab/hp
http://purl.obolibrary.org/obo/HP_0033968,http://purl.obolibrary.org/obo/UBERON_0001008,https://purl.humanatlas.io/vocab/hp#characteristic_of_part_of,https://purl.humanatlas.io/vocab/hp
http://purl.obolibrary.org/obo/HP_0033969,http://purl.obolibrary.org/obo/UBERON_0002113,https://purl.humanatlas.io/vocab/hp#characteristic_of_part_of,https://purl.humanatlas.io/vocab/hp
http://purl.obolibrary.org/obo/HP_0033969,http://purl.obolibrary.org/obo/UBERON_0011143,https://purl.humanatlas.io/vocab/hp#characteristic_of_part_of,https://purl.humanatlas.io/vocab/hp
http://purl.obolibrary.org/obo/HP_0033969,http://purl.obolibrary.org/obo/UBERON_0001008,https://purl.humanatlas.io/vocab/hp#characteristic_of_part_of,https://purl.humanatlas.io/vocab/hp
http://purl.obolibrary.org/obo/HP_0033970,http://purl.obolibrary.org/obo/UBERON_0002113,https://purl.humanatlas.io/vocab/hp#characteristic_of_part_of,https://purl.humanatlas.io/vocab/hp
http://purl.obolibrary.org/obo/HP_0033970,http://purl.obolibrary.org/obo/UBERON_0011143,https://purl.humanatlas.io/vocab/hp#characteristic_of_part_of,https://purl.humanatlas.io/vocab/hp
http://purl.obolibrary.org/obo/HP_0033970,http://purl.obolibrary.org/obo/UBERON_0001008,https://purl.humanatlas.io/vocab/hp#characteristic_of_part_of,https://purl.humanatlas.io/vocab/hp
http://purl.obolibrary.org/obo/HP_0033971,http://purl.obolibrary.org/obo/UBERON_0002113,https://purl.humanatlas.io/vocab/hp#characteristic_of_part_of,https://purl.humanatlas.io/vocab/hp
http://purl.obolibrary.org/obo/HP_0033971,http://purl.obolibrary.org/obo/UBERON_0011143,https://purl.humanatlas.io/vocab/hp#characteristic_of_part_of,https://purl.humanatlas.io/vocab/hp
http://purl.obolibrary.org/obo/HP_0033971,http://purl.obolibrary.org/obo/UBERON_0001008,https://purl.humanatlas.io/vocab/hp#characteristic_of_part_of,https://purl.humanatlas.io/vocab/hp
http://purl.obolibrary.org/obo/HP_0033972,http://purl.obolibrary.org/obo/UBERON_0002113,https://purl.humanatlas.io/vocab/hp#characteristic_of_part_of,https://purl.humanatlas.io/vocab/hp
http://purl.obolibrary.org/obo/HP_0033972,http://purl.obolibrary.org/obo/UBERON_0011143,https://purl.humanatlas.io/vocab/hp#characteristic_of_part_of,https://purl.humanatlas.io/vocab/hp
http://purl.obolibrary.org/obo/HP_0033972,http://purl.obolibrary.org/obo/UBERON_0001008,https://purl.humanatlas.io/vocab/hp#characteristic_of_part_of,https://purl.humanatlas.io/vocab/hp
http://purl.obolibrary.org/obo/HP_0033973,http://purl.obolibrary.org/obo/UBERON_0002113,https://purl.humanatlas.io/vocab/hp#characteristic_of_part_of,https://purl.humanatlas.io/vocab/hp
http://purl.obolibrary.org/obo/HP_0033973,http://purl.obolibrary.org/obo/UBERON_0011143,https://purl.humanatlas.io/vocab/hp#characteristic_of_part_of,https://purl.humanatlas.io/vocab/hp
http://purl.obolibrary.org/obo/HP_0033973,http://purl.obolibrary.org/obo/UBERON_0001008,https://purl.humanatlas.io/vocab/hp#characteristic_of_part_of,https://purl.humanatlas.io/vocab/hp
http://purl.obolibrary.org/obo/HP_0033974,http://purl.obolibrary.org/obo/UBERON_0002113,https://purl.humanatlas.io/vocab/hp#characteristic_of_part_of,https://purl.humanatlas.io/vocab/hp
http://purl.obolibrary.org/obo/HP_0033974,http://purl.obolibrary.org/obo/UBERON_0011143,https://purl.humanatlas.io/vocab/hp#characteristic_of_part_of,https://purl.humanatlas.io/vocab/hp
http://purl.obolibrary.org/obo/HP_0033974,http://purl.obolibrary.org/obo/UBERON_0001008,https://purl.humanatlas.io/vocab/hp#characteristic_of_part_of,https://purl.humanatlas.io/vocab/hp
http://purl.obolibrary.org/obo/HP_0033984,http://purl.obolibrary.org/obo/UBERON_0001008,https://purl.humanatlas.io/vocab/hp#characteristic_of,https://purl.humanatlas.io/vocab/hp
http://purl.obolibrary.org/obo/HP_0033984,http://purl.obolibrary.org/obo/UBERON_0001008,https://purl.humanatlas.io/vocab/hp#characteristic_of_part_of,https://purl.humanatlas.io/vocab/hp
http://purl.obolibrary.org/obo/HP_0034006,http://purl.obolibrary.org/obo/UBERON_0001008,https://purl.humanatlas.io/vocab/hp#characteristic_of,https://purl.humanatlas.io/vocab/hp
http://purl.obolibrary.org/obo/HP_0034006,http://purl.obolibrary.org/obo/UBERON_0001008,https://purl.humanatlas.io/vocab/hp#characteristic_of_part_of,https://purl.humanatlas.io/vocab/hp
http://purl.obolibrary.org/obo/HP_0034049,http://purl.obolibrary.org/obo/UBERON_0001008,https://purl.humanatlas.io/vocab/hp#characteristic_of,https://purl.humanatlas.io/vocab/hp
http://purl.obolibrary.org/obo/HP_0034049,http://purl.obolibrary.org/obo/UBERON_0001008,https://purl.humanatlas.io/vocab/hp#characteristic_of_part_of,https://purl.humanatlas.io/vocab/hp
http://purl.obolibrary.org/obo/HP_0034050,http://purl.obolibrary.org/obo/UBERON_0001008,https://purl.humanatlas.io/vocab/hp#characteristic_of,https://purl.humanatlas.io/vocab/hp
http://purl.obolibrary.org/obo/HP_0034050,http://purl.obolibrary.org/obo/UBERON_0001008,https://purl.humanatlas.io/vocab/hp#characteristic_of_part_of,https://purl.humanatlas.io/vocab/hp
http://purl.obolibrary.org/obo/HP_0034230,http://purl.obolibrary.org/obo/UBERON_0002113,https://purl.humanatlas.io/vocab/hp#characteristic_of,https://purl.humanatlas.io/vocab/hp
http://purl.obolibrary.org/obo/HP_0034230,http://purl.obolibrary.org/obo/UBERON_0002113,https://purl.humanatlas.io/vocab/hp#characteristic_of_part_of,https://purl.humanatlas.io/vocab/hp
http://purl.obolibrary.org/obo/HP_0034230,http://purl.obolibrary.org/obo/UBERON_0011143,https://purl.humanatlas.io/vocab/hp#characteristic_of_part_of,https://purl.humanatlas.io/vocab/hp
http://purl.obolibrary.org/obo/HP_0034230,http://purl.obolibrary.org/obo/UBERON_0001008,https://purl.humanatlas.io/vocab/hp#characteristic_of_part_of,https://purl.humanatlas.io/vocab/hp
http://purl.obolibrary.org/obo/HP_0034231,http://purl.obolibrary.org/obo/UBERON_0002113,https://purl.humanatlas.io/vocab/hp#characteristic_of,https://purl.humanatlas.io/vocab/hp
http://purl.obolibrary.org/obo/HP_0034231,http://purl.obolibrary.org/obo/UBERON_0002113,https://purl.humanatlas.io/vocab/hp#characteristic_of_part_of,https://purl.humanatlas.io/vocab/hp
http://purl.obolibrary.org/obo/HP_0034231,http://purl.obolibrary.org/obo/UBERON_0011143,https://purl.humanatlas.io/vocab/hp#characteristic_of_part_of,https://purl.humanatlas.io/vocab/hp
http://purl.obolibrary.org/obo/HP_0034231,http://purl.obolibrary.org/obo/UBERON_0001008,https://purl.humanatlas.io/vocab/hp#characteristic_of_part_of,https://purl.humanatlas.io/vocab/hp
http://purl.obolibrary.org/obo/HP_0034232,http://purl.obolibrary.org/obo/UBERON_0002113,https://purl.humanatlas.io/vocab/hp#characteristic_of,https://purl.humanatlas.io/vocab/hp
http://purl.obolibrary.org/obo/HP_0034232,http://purl.obolibrary.org/obo/UBERON_0002113,https://purl.humanatlas.io/vocab/hp#characteristic_of_part_of,https://purl.humanatlas.io/vocab/hp
http://purl.obolibrary.org/obo/HP_0034232,http://purl.obolibrary.org/obo/UBERON_0011143,https://purl.humanatlas.io/vocab/hp#characteristic_of_part_of,https://purl.humanatlas.io/vocab/hp
http://purl.obolibrary.org/obo/HP_0034232,http://purl.obolibrary.org/obo/UBERON_0001008,https://purl.humanatlas.io/vocab/hp#characteristic_of_part_of,https://purl.humanatlas.io/vocab/hp
http://purl.obolibrary.org/obo/HP_0034233,http://purl.obolibrary.org/obo/UBERON_0002113,https://purl.humanatlas.io/vocab/hp#characteristic_of,https://purl.humanatlas.io/vocab/hp
http://purl.obolibrary.org/obo/HP_0034233,http://purl.obolibrary.org/obo/UBERON_0002113,https://purl.humanatlas.io/vocab/hp#characteristic_of_part_of,https://purl.humanatlas.io/vocab/hp
http://purl.obolibrary.org/obo/HP_0034233,http://purl.obolibrary.org/obo/UBERON_0011143,https://purl.humanatlas.io/vocab/hp#characteristic_of_part_of,https://purl.humanatlas.io/vocab/hp
http://purl.obolibrary.org/obo/HP_0034233,http://purl.obolibrary.org/obo/UBERON_0001008,https://purl.humanatlas.io/vocab/hp#characteristic_of_part_of,https://purl.humanatlas.io/vocab/hp
http://purl.obolibrary.org/obo/HP_0034234,http://purl.obolibrary.org/obo/UBERON_0002113,https://purl.humanatlas.io/vocab/hp#characteristic_of,https://purl.humanatlas.io/vocab/hp
http://purl.obolibrary.org/obo/HP_0034234,http://purl.obolibrary.org/obo/UBERON_0002113,https://purl.humanatlas.io/vocab/hp#characteristic_of_part_of,https://purl.humanatlas.io/vocab/hp
http://purl.obolibrary.org/obo/HP_0034234,http://purl.obolibrary.org/obo/UBERON_0011143,https://purl.humanatlas.io/vocab/hp#characteristic_of_part_of,https://purl.humanatlas.io/vocab/hp
http://purl.obolibrary.org/obo/HP_0034234,http://purl.obolibrary.org/obo/UBERON_0001008,https://purl.humanatlas.io/vocab/hp#characteristic_of_part_of,https://purl.humanatlas.io/vocab/hp
http://purl.obolibrary.org/obo/HP_0034235,http://purl.obolibrary.org/obo/UBERON_0002113,https://purl.humanatlas.io/vocab/hp#characteristic_of,https://purl.humanatlas.io/vocab/hp
http://purl.obolibrary.org/obo/HP_0034235,http://purl.obolibrary.org/obo/UBERON_0002113,https://purl.humanatlas.io/vocab/hp#characteristic_of_part_of,https://purl.humanatlas.io/vocab/hp
http://purl.obolibrary.org/obo/HP_0034235,http://purl.obolibrary.org/obo/UBERON_0011143,https://purl.humanatlas.io/vocab/hp#characteristic_of_part_of,https://purl.humanatlas.io/vocab/hp
http://purl.obolibrary.org/obo/HP_0034235,http://purl.obolibrary.org/obo/UBERON_0001008,https://purl.humanatlas.io/vocab/hp#characteristic_of_part_of,https://purl.humanatlas.io/vocab/hp
http://purl.obolibrary.org/obo/HP_0034239,http://purl.obolibrary.org/obo/UBERON_0002113,https://purl.humanatlas.io/vocab/hp#characteristic_of_part_of,https://purl.humanatlas.io/vocab/hp
http://purl.obolibrary.org/obo/HP_0034239,http://purl.obolibrary.org/obo/UBERON_0011143,https://purl.humanatlas.io/vocab/hp#characteristic_of_part_of,https://purl.humanatlas.io/vocab/hp
http://purl.obolibrary.org/obo/HP_0034239,http://purl.obolibrary.org/obo/UBERON_0001008,https://purl.humanatlas.io/vocab/hp#characteristic_of_part_of,https://purl.humanatlas.io/vocab/hp
http://purl.obolibrary.org/obo/HP_0034255,http://purl.obolibrary.org/obo/UBERON_0001255,https://purl.humanatlas.io/vocab/hp#part_of,https://purl.humanatlas.io/vocab/hp
http://purl.obolibrary.org/obo/HP_0034255,http://purl.obolibrary.org/obo/UBERON_0001255,https://purl.humanatlas.io/vocab/hp#characteristic_of,https://purl.humanatlas.io/vocab/hp
http://purl.obolibrary.org/obo/HP_0034255,http://purl.obolibrary.org/obo/UBERON_0001255,https://purl.humanatlas.io/vocab/hp#characteristic_of_part_of,https://purl.humanatlas.io/vocab/hp
http://purl.obolibrary.org/obo/HP_0034255,http://purl.obolibrary.org/obo/UBERON_0001556,https://purl.humanatlas.io/vocab/hp#characteristic_of_part_of,https://purl.humanatlas.io/vocab/hp
http://purl.obolibrary.org/obo/HP_0034255,http://purl.obolibrary.org/obo/UBERON_0001008,https://purl.humanatlas.io/vocab/hp#characteristic_of_part_of,https://purl.humanatlas.io/vocab/hp
http://purl.obolibrary.org/obo/HP_0034279,http://purl.obolibrary.org/obo/UBERON_0001008,https://purl.humanatlas.io/vocab/hp#characteristic_of,https://purl.humanatlas.io/vocab/hp
http://purl.obolibrary.org/obo/HP_0034279,http://purl.obolibrary.org/obo/UBERON_0001008,https://purl.humanatlas.io/vocab/hp#characteristic_of_part_of,https://purl.humanatlas.io/vocab/hp
http://purl.obolibrary.org/obo/HP_0034356,http://purl.obolibrary.org/obo/UBERON_0001231,https://purl.humanatlas.io/vocab/hp#characteristic_of,https://purl.humanatlas.io/vocab/hp
http://purl.obolibrary.org/obo/HP_0034356,http://purl.obolibrary.org/obo/UBERON_0002113,https://purl.humanatlas.io/vocab/hp#characteristic_of,https://purl.humanatlas.io/vocab/hp
http://purl.obolibrary.org/obo/HP_0034356,http://purl.obolibrary.org/obo/UBERON_0002113,https://purl.humanatlas.io/vocab/hp#characteristic_of_part_of,https://purl.humanatlas.io/vocab/hp
http://purl.obolibrary.org/obo/HP_0034356,http://purl.obolibrary.org/obo/UBERON_0011143,https://purl.humanatlas.io/vocab/hp#characteristic_of_part_of,https://purl.humanatlas.io/vocab/hp
http://purl.obolibrary.org/obo/HP_0034356,http://purl.obolibrary.org/obo/UBERON_0001008,https://purl.humanatlas.io/vocab/hp#characteristic_of_part_of,https://purl.humanatlas.io/vocab/hp
http://purl.obolibrary.org/obo/HP_0034356,http://purl.obolibrary.org/obo/UBERON_0001008,https://purl.humanatlas.io/vocab/hp#characteristic_of,https://purl.humanatlas.io/vocab/hp
http://purl.obolibrary.org/obo/HP_0034357,http://purl.obolibrary.org/obo/UBERON_0001231,https://purl.humanatlas.io/vocab/hp#characteristic_of,https://purl.humanatlas.io/vocab/hp
http://purl.obolibrary.org/obo/HP_0034357,http://purl.obolibrary.org/obo/UBERON_0002113,https://purl.humanatlas.io/vocab/hp#characteristic_of,https://purl.humanatlas.io/vocab/hp
http://purl.obolibrary.org/obo/HP_0034357,http://purl.obolibrary.org/obo/UBERON_0002113,https://purl.humanatlas.io/vocab/hp#characteristic_of_part_of,https://purl.humanatlas.io/vocab/hp
http://purl.obolibrary.org/obo/HP_0034357,http://purl.obolibrary.org/obo/UBERON_0011143,https://purl.humanatlas.io/vocab/hp#characteristic_of_part_of,https://purl.humanatlas.io/vocab/hp
http://purl.obolibrary.org/obo/HP_0034357,http://purl.obolibrary.org/obo/UBERON_0001008,https://purl.humanatlas.io/vocab/hp#characteristic_of_part_of,https://purl.humanatlas.io/vocab/hp
http://purl.obolibrary.org/obo/HP_0034357,http://purl.obolibrary.org/obo/UBERON_0001008,https://purl.humanatlas.io/vocab/hp#characteristic_of,https://purl.humanatlas.io/vocab/hp
http://purl.obolibrary.org/obo/HP_0034358,http://purl.obolibrary.org/obo/UBERON_0001231,https://purl.humanatlas.io/vocab/hp#characteristic_of,https://purl.humanatlas.io/vocab/hp
http://purl.obolibrary.org/obo/HP_0034358,http://purl.obolibrary.org/obo/UBERON_0002113,https://purl.humanatlas.io/vocab/hp#characteristic_of,https://purl.humanatlas.io/vocab/hp
http://purl.obolibrary.org/obo/HP_0034358,http://purl.obolibrary.org/obo/UBERON_0002113,https://purl.humanatlas.io/vocab/hp#characteristic_of_part_of,https://purl.humanatlas.io/vocab/hp
http://purl.obolibrary.org/obo/HP_0034358,http://purl.obolibrary.org/obo/UBERON_0011143,https://purl.humanatlas.io/vocab/hp#characteristic_of_part_of,https://purl.humanatlas.io/vocab/hp
http://purl.obolibrary.org/obo/HP_0034358,http://purl.obolibrary.org/obo/UBERON_0001008,https://purl.humanatlas.io/vocab/hp#characteristic_of_part_of,https://purl.humanatlas.io/vocab/hp
http://purl.obolibrary.org/obo/HP_0034358,http://purl.obolibrary.org/obo/UBERON_0001008,https://purl.humanatlas.io/vocab/hp#characteristic_of,https://purl.humanatlas.io/vocab/hp
http://purl.obolibrary.org/obo/HP_0034359,http://purl.obolibrary.org/obo/UBERON_0001231,https://purl.humanatlas.io/vocab/hp#characteristic_of,https://purl.humanatlas.io/vocab/hp
http://purl.obolibrary.org/obo/HP_0034359,http://purl.obolibrary.org/obo/UBERON_0002113,https://purl.humanatlas.io/vocab/hp#characteristic_of,https://purl.humanatlas.io/vocab/hp
http://purl.obolibrary.org/obo/HP_0034359,http://purl.obolibrary.org/obo/UBERON_0002113,https://purl.humanatlas.io/vocab/hp#characteristic_of_part_of,https://purl.humanatlas.io/vocab/hp
http://purl.obolibrary.org/obo/HP_0034359,http://purl.obolibrary.org/obo/UBERON_0011143,https://purl.humanatlas.io/vocab/hp#characteristic_of_part_of,https://purl.humanatlas.io/vocab/hp
http://purl.obolibrary.org/obo/HP_0034359,http://purl.obolibrary.org/obo/UBERON_0001008,https://purl.humanatlas.io/vocab/hp#characteristic_of_part_of,https://purl.humanatlas.io/vocab/hp
http://purl.obolibrary.org/obo/HP_0034359,http://purl.obolibrary.org/obo/UBERON_0001008,https://purl.humanatlas.io/vocab/hp#characteristic_of,https://purl.humanatlas.io/vocab/hp
http://purl.obolibrary.org/obo/HP_0034368,http://purl.obolibrary.org/obo/UBERON_0000056,https://purl.humanatlas.io/vocab/hp#characteristic_of_part_of,https://purl.humanatlas.io/vocab/hp
http://purl.obolibrary.org/obo/HP_0034368,http://purl.obolibrary.org/obo/UBERON_0011143,https://purl.humanatlas.io/vocab/hp#characteristic_of_part_of,https://purl.humanatlas.io/vocab/hp
http://purl.obolibrary.org/obo/HP_0034368,http://purl.obolibrary.org/obo/UBERON_0001008,https://purl.humanatlas.io/vocab/hp#characteristic_of_part_of,https://purl.humanatlas.io/vocab/hp
http://purl.obolibrary.org/obo/HP_0034378,http://purl.obolibrary.org/obo/UBERON_0001556,https://purl.humanatlas.io/vocab/hp#characteristic_of_part_of,https://purl.humanatlas.io/vocab/hp
http://purl.obolibrary.org/obo/HP_0034378,http://purl.obolibrary.org/obo/UBERON_0001008,https://purl.humanatlas.io/vocab/hp#characteristic_of_part_of,https://purl.humanatlas.io/vocab/hp
http://purl.obolibrary.org/obo/HP_0034402,http://purl.obolibrary.org/obo/UBERON_0002113,https://purl.humanatlas.io/vocab/hp#characteristic_of_part_of,https://purl.humanatlas.io/vocab/hp
http://purl.obolibrary.org/obo/HP_0034402,http://purl.obolibrary.org/obo/UBERON_0011143,https://purl.humanatlas.io/vocab/hp#characteristic_of_part_of,https://purl.humanatlas.io/vocab/hp
http://purl.obolibrary.org/obo/HP_0034402,http://purl.obolibrary.org/obo/UBERON_0001008,https://purl.humanatlas.io/vocab/hp#characteristic_of_part_of,https://purl.humanatlas.io/vocab/hp
http://purl.obolibrary.org/obo/HP_0034451,http://purl.obolibrary.org/obo/UBERON_0001255,https://purl.humanatlas.io/vocab/hp#part_of,https://purl.humanatlas.io/vocab/hp
http://purl.obolibrary.org/obo/HP_0034451,http://purl.obolibrary.org/obo/UBERON_0001255,https://purl.humanatlas.io/vocab/hp#characteristic_of,https://purl.humanatlas.io/vocab/hp
http://purl.obolibrary.org/obo/HP_0034451,http://purl.obolibrary.org/obo/UBERON_0001255,https://purl.humanatlas.io/vocab/hp#characteristic_of_part_of,https://purl.humanatlas.io/vocab/hp
http://purl.obolibrary.org/obo/HP_0034451,http://purl.obolibrary.org/obo/UBERON_0001556,https://purl.humanatlas.io/vocab/hp#characteristic_of_part_of,https://purl.humanatlas.io/vocab/hp
http://purl.obolibrary.org/obo/HP_0034451,http://purl.obolibrary.org/obo/UBERON_0001008,https://purl.humanatlas.io/vocab/hp#characteristic_of_part_of,https://purl.humanatlas.io/vocab/hp
http://purl.obolibrary.org/obo/HP_0034457,http://purl.obolibrary.org/obo/UBERON_0001008,https://purl.humanatlas.io/vocab/hp#characteristic_of,https://purl.humanatlas.io/vocab/hp
http://purl.obolibrary.org/obo/HP_0034457,http://purl.obolibrary.org/obo/UBERON_0001008,https://purl.humanatlas.io/vocab/hp#characteristic_of_part_of,https://purl.humanatlas.io/vocab/hp
http://purl.obolibrary.org/obo/HP_0034458,http://purl.obolibrary.org/obo/UBERON_0001008,https://purl.humanatlas.io/vocab/hp#characteristic_of,https://purl.humanatlas.io/vocab/hp
http://purl.obolibrary.org/obo/HP_0034458,http://purl.obolibrary.org/obo/UBERON_0001008,https://purl.humanatlas.io/vocab/hp#characteristic_of_part_of,https://purl.humanatlas.io/vocab/hp
http://purl.obolibrary.org/obo/HP_0034461,http://purl.obolibrary.org/obo/UBERON_0001008,https://purl.humanatlas.io/vocab/hp#characteristic_of,https://purl.humanatlas.io/vocab/hp
http://purl.obolibrary.org/obo/HP_0034461,http://purl.obolibrary.org/obo/UBERON_0001008,https://purl.humanatlas.io/vocab/hp#characteristic_of_part_of,https://purl.humanatlas.io/vocab/hp
http://purl.obolibrary.org/obo/HP_0034464,http://purl.obolibrary.org/obo/UBERON_0001008,https://purl.humanatlas.io/vocab/hp#characteristic_of,https://purl.humanatlas.io/vocab/hp
http://purl.obolibrary.org/obo/HP_0034464,http://purl.obolibrary.org/obo/UBERON_0001008,https://purl.humanatlas.io/vocab/hp#characteristic_of_part_of,https://purl.humanatlas.io/vocab/hp
http://purl.obolibrary.org/obo/HP_0034465,http://purl.obolibrary.org/obo/UBERON_0001008,https://purl.humanatlas.io/vocab/hp#characteristic_of,https://purl.humanatlas.io/vocab/hp
http://purl.obolibrary.org/obo/HP_0034465,http://purl.obolibrary.org/obo/UBERON_0001008,https://purl.humanatlas.io/vocab/hp#characteristic_of_part_of,https://purl.humanatlas.io/vocab/hp
http://purl.obolibrary.org/obo/HP_0034466,http://purl.obolibrary.org/obo/UBERON_0001008,https://purl.humanatlas.io/vocab/hp#characteristic_of,https://purl.humanatlas.io/vocab/hp
http://purl.obolibrary.org/obo/HP_0034466,http://purl.obolibrary.org/obo/UBERON_0001008,https://purl.humanatlas.io/vocab/hp#characteristic_of_part_of,https://purl.humanatlas.io/vocab/hp
http://purl.obolibrary.org/obo/HP_0034467,http://purl.obolibrary.org/obo/UBERON_0001008,https://purl.humanatlas.io/vocab/hp#characteristic_of,https://purl.humanatlas.io/vocab/hp
http://purl.obolibrary.org/obo/HP_0034467,http://purl.obolibrary.org/obo/UBERON_0001008,https://purl.humanatlas.io/vocab/hp#characteristic_of_part_of,https://purl.humanatlas.io/vocab/hp
http://purl.obolibrary.org/obo/HP_0034497,http://purl.obolibrary.org/obo/UBERON_0001008,https://purl.humanatlas.io/vocab/hp#characteristic_of,https://purl.humanatlas.io/vocab/hp
http://purl.obolibrary.org/obo/HP_0034497,http://purl.obolibrary.org/obo/UBERON_0001008,https://purl.humanatlas.io/vocab/hp#characteristic_of_part_of,https://purl.humanatlas.io/vocab/hp
http://purl.obolibrary.org/obo/HP_0034512,http://purl.obolibrary.org/obo/UBERON_0000056,https://purl.humanatlas.io/vocab/hp#characteristic_of_part_of,https://purl.humanatlas.io/vocab/hp
http://purl.obolibrary.org/obo/HP_0034512,http://purl.obolibrary.org/obo/UBERON_0011143,https://purl.humanatlas.io/vocab/hp#characteristic_of_part_of,https://purl.humanatlas.io/vocab/hp
http://purl.obolibrary.org/obo/HP_0034512,http://purl.obolibrary.org/obo/UBERON_0001008,https://purl.humanatlas.io/vocab/hp#characteristic_of_part_of,https://purl.humanatlas.io/vocab/hp
http://purl.obolibrary.org/obo/HP_0034565,http://purl.obolibrary.org/obo/UBERON_0001008,https://purl.humanatlas.io/vocab/hp#characteristic_of,https://purl.humanatlas.io/vocab/hp
http://purl.obolibrary.org/obo/HP_0034565,http://purl.obolibrary.org/obo/UBERON_0001008,https://purl.humanatlas.io/vocab/hp#characteristic_of_part_of,https://purl.humanatlas.io/vocab/hp
http://purl.obolibrary.org/obo/HP_0034586,http://purl.obolibrary.org/obo/UBERON_0001008,https://purl.humanatlas.io/vocab/hp#characteristic_of,https://purl.humanatlas.io/vocab/hp
http://purl.obolibrary.org/obo/HP_0034586,http://purl.obolibrary.org/obo/UBERON_0001008,https://purl.humanatlas.io/vocab/hp#characteristic_of_part_of,https://purl.humanatlas.io/vocab/hp
http://purl.obolibrary.org/obo/HP_0034598,http://purl.obolibrary.org/obo/UBERON_0001008,https://purl.humanatlas.io/vocab/hp#characteristic_of,https://purl.humanatlas.io/vocab/hp
http://purl.obolibrary.org/obo/HP_0034598,http://purl.obolibrary.org/obo/UBERON_0001008,https://purl.humanatlas.io/vocab/hp#characteristic_of_part_of,https://purl.humanatlas.io/vocab/hp
http://purl.obolibrary.org/obo/HP_0034612,http://purl.obolibrary.org/obo/UBERON_0001008,https://purl.humanatlas.io/vocab/hp#characteristic_of,https://purl.humanatlas.io/vocab/hp
http://purl.obolibrary.org/obo/HP_0034612,http://purl.obolibrary.org/obo/UBERON_0001008,https://purl.humanatlas.io/vocab/hp#characteristic_of_part_of,https://purl.humanatlas.io/vocab/hp
http://purl.obolibrary.org/obo/HP_0034613,http://purl.obolibrary.org/obo/UBERON_0001008,https://purl.humanatlas.io/vocab/hp#characteristic_of,https://purl.humanatlas.io/vocab/hp
http://purl.obolibrary.org/obo/HP_0034613,http://purl.obolibrary.org/obo/UBERON_0001008,https://purl.humanatlas.io/vocab/hp#characteristic_of_part_of,https://purl.humanatlas.io/vocab/hp
http://purl.obolibrary.org/obo/HP_0034648,http://purl.obolibrary.org/obo/UBERON_0001008,https://purl.humanatlas.io/vocab/hp#characteristic_of,https://purl.humanatlas.io/vocab/hp
http://purl.obolibrary.org/obo/HP_0034648,http://purl.obolibrary.org/obo/UBERON_0001008,https://purl.humanatlas.io/vocab/hp#characteristic_of_part_of,https://purl.humanatlas.io/vocab/hp
http://purl.obolibrary.org/obo/HP_0034649,http://purl.obolibrary.org/obo/UBERON_0001008,https://purl.humanatlas.io/vocab/hp#characteristic_of,https://purl.humanatlas.io/vocab/hp
http://purl.obolibrary.org/obo/HP_0034649,http://purl.obolibrary.org/obo/UBERON_0001008,https://purl.humanatlas.io/vocab/hp#characteristic_of_part_of,https://purl.humanatlas.io/vocab/hp
http://purl.obolibrary.org/obo/HP_0034650,http://purl.obolibrary.org/obo/UBERON_0001008,https://purl.humanatlas.io/vocab/hp#characteristic_of,https://purl.humanatlas.io/vocab/hp
http://purl.obolibrary.org/obo/HP_0034650,http://purl.obolibrary.org/obo/UBERON_0001008,https://purl.humanatlas.io/vocab/hp#characteristic_of_part_of,https://purl.humanatlas.io/vocab/hp
http://purl.obolibrary.org/obo/HP_0034651,http://purl.obolibrary.org/obo/UBERON_0001008,https://purl.humanatlas.io/vocab/hp#characteristic_of,https://purl.humanatlas.io/vocab/hp
http://purl.obolibrary.org/obo/HP_0034651,http://purl.obolibrary.org/obo/UBERON_0001008,https://purl.humanatlas.io/vocab/hp#characteristic_of_part_of,https://purl.humanatlas.io/vocab/hp
http://purl.obolibrary.org/obo/HP_0034652,http://purl.obolibrary.org/obo/UBERON_0001008,https://purl.humanatlas.io/vocab/hp#characteristic_of,https://purl.humanatlas.io/vocab/hp
http://purl.obolibrary.org/obo/HP_0034652,http://purl.obolibrary.org/obo/UBERON_0001008,https://purl.humanatlas.io/vocab/hp#characteristic_of_part_of,https://purl.humanatlas.io/vocab/hp
http://purl.obolibrary.org/obo/HP_0034653,http://purl.obolibrary.org/obo/UBERON_0001008,https://purl.humanatlas.io/vocab/hp#characteristic_of,https://purl.humanatlas.io/vocab/hp
http://purl.obolibrary.org/obo/HP_0034653,http://purl.obolibrary.org/obo/UBERON_0001008,https://purl.humanatlas.io/vocab/hp#characteristic_of_part_of,https://purl.humanatlas.io/vocab/hp
http://purl.obolibrary.org/obo/HP_0034654,http://purl.obolibrary.org/obo/UBERON_0001008,https://purl.humanatlas.io/vocab/hp#characteristic_of,https://purl.humanatlas.io/vocab/hp
http://purl.obolibrary.org/obo/HP_0034654,http://purl.obolibrary.org/obo/UBERON_0001008,https://purl.humanatlas.io/vocab/hp#characteristic_of_part_of,https://purl.humanatlas.io/vocab/hp
http://purl.obolibrary.org/obo/HP_0034655,http://purl.obolibrary.org/obo/UBERON_0001008,https://purl.humanatlas.io/vocab/hp#characteristic_of,https://purl.humanatlas.io/vocab/hp
http://purl.obolibrary.org/obo/HP_0034655,http://purl.obolibrary.org/obo/UBERON_0001008,https://purl.humanatlas.io/vocab/hp#characteristic_of_part_of,https://purl.humanatlas.io/vocab/hp
http://purl.obolibrary.org/obo/HP_0034656,http://purl.obolibrary.org/obo/UBERON_0001008,https://purl.humanatlas.io/vocab/hp#characteristic_of,https://purl.humanatlas.io/vocab/hp
http://purl.obolibrary.org/obo/HP_0034656,http://purl.obolibrary.org/obo/UBERON_0001008,https://purl.humanatlas.io/vocab/hp#characteristic_of_part_of,https://purl.humanatlas.io/vocab/hp
http://purl.obolibrary.org/obo/HP_0034657,http://purl.obolibrary.org/obo/UBERON_0001008,https://purl.humanatlas.io/vocab/hp#characteristic_of,https://purl.humanatlas.io/vocab/hp
http://purl.obolibrary.org/obo/HP_0034657,http://purl.obolibrary.org/obo/UBERON_0001008,https://purl.humanatlas.io/vocab/hp#characteristic_of_part_of,https://purl.humanatlas.io/vocab/hp
http://purl.obolibrary.org/obo/HP_0034658,http://purl.obolibrary.org/obo/UBERON_0001008,https://purl.humanatlas.io/vocab/hp#characteristic_of,https://purl.humanatlas.io/vocab/hp
http://purl.obolibrary.org/obo/HP_0034658,http://purl.obolibrary.org/obo/UBERON_0001008,https://purl.humanatlas.io/vocab/hp#characteristic_of_part_of,https://purl.humanatlas.io/vocab/hp
http://purl.obolibrary.org/obo/HP_0034659,http://purl.obolibrary.org/obo/UBERON_0001008,https://purl.humanatlas.io/vocab/hp#characteristic_of,https://purl.humanatlas.io/vocab/hp
http://purl.obolibrary.org/obo/HP_0034659,http://purl.obolibrary.org/obo/UBERON_0001008,https://purl.humanatlas.io/vocab/hp#characteristic_of_part_of,https://purl.humanatlas.io/vocab/hp
http://purl.obolibrary.org/obo/HP_0034660,http://purl.obolibrary.org/obo/UBERON_0001008,https://purl.humanatlas.io/vocab/hp#characteristic_of,https://purl.humanatlas.io/vocab/hp
http://purl.obolibrary.org/obo/HP_0034660,http://purl.obolibrary.org/obo/UBERON_0001008,https://purl.humanatlas.io/vocab/hp#characteristic_of_part_of,https://purl.humanatlas.io/vocab/hp
http://purl.obolibrary.org/obo/HP_0034661,http://purl.obolibrary.org/obo/UBERON_0001008,https://purl.humanatlas.io/vocab/hp#characteristic_of,https://purl.humanatlas.io/vocab/hp
http://purl.obolibrary.org/obo/HP_0034661,http://purl.obolibrary.org/obo/UBERON_0001008,https://purl.humanatlas.io/vocab/hp#characteristic_of_part_of,https://purl.humanatlas.io/vocab/hp
http://purl.obolibrary.org/obo/HP_0034662,http://purl.obolibrary.org/obo/UBERON_0001008,https://purl.humanatlas.io/vocab/hp#characteristic_of,https://purl.humanatlas.io/vocab/hp
http://purl.obolibrary.org/obo/HP_0034662,http://purl.obolibrary.org/obo/UBERON_0001008,https://purl.humanatlas.io/vocab/hp#characteristic_of_part_of,https://purl.humanatlas.io/vocab/hp
http://purl.obolibrary.org/obo/HP_0034663,http://purl.obolibrary.org/obo/UBERON_0001008,https://purl.humanatlas.io/vocab/hp#characteristic_of,https://purl.humanatlas.io/vocab/hp
http://purl.obolibrary.org/obo/HP_0034663,http://purl.obolibrary.org/obo/UBERON_0001008,https://purl.humanatlas.io/vocab/hp#characteristic_of_part_of,https://purl.humanatlas.io/vocab/hp
http://purl.obolibrary.org/obo/HP_0034664,http://purl.obolibrary.org/obo/UBERON_0001008,https://purl.humanatlas.io/vocab/hp#characteristic_of,https://purl.humanatlas.io/vocab/hp
http://purl.obolibrary.org/obo/HP_0034664,http://purl.obolibrary.org/obo/UBERON_0001008,https://purl.humanatlas.io/vocab/hp#characteristic_of_part_of,https://purl.humanatlas.io/vocab/hp
http://purl.obolibrary.org/obo/HP_0034742,http://purl.obolibrary.org/obo/UBERON_0001008,https://purl.humanatlas.io/vocab/hp#characteristic_of,https://purl.humanatlas.io/vocab/hp
http://purl.obolibrary.org/obo/HP_0034742,http://purl.obolibrary.org/obo/UBERON_0001008,https://purl.humanatlas.io/vocab/hp#characteristic_of_part_of,https://purl.humanatlas.io/vocab/hp
http://purl.obolibrary.org/obo/HP_0034744,http://purl.obolibrary.org/obo/UBERON_0001008,https://purl.humanatlas.io/vocab/hp#characteristic_of,https://purl.humanatlas.io/vocab/hp
http://purl.obolibrary.org/obo/HP_0034744,http://purl.obolibrary.org/obo/UBERON_0001008,https://purl.humanatlas.io/vocab/hp#characteristic_of_part_of,https://purl.humanatlas.io/vocab/hp
http://purl.obolibrary.org/obo/HP_0034836,http://purl.obolibrary.org/obo/UBERON_0002113,https://purl.humanatlas.io/vocab/hp#characteristic_of_part_of,https://purl.humanatlas.io/vocab/hp
http://purl.obolibrary.org/obo/HP_0034836,http://purl.obolibrary.org/obo/UBERON_0011143,https://purl.humanatlas.io/vocab/hp#characteristic_of_part_of,https://purl.humanatlas.io/vocab/hp
http://purl.obolibrary.org/obo/HP_0034836,http://purl.obolibrary.org/obo/UBERON_0001008,https://purl.humanatlas.io/vocab/hp#characteristic_of_part_of,https://purl.humanatlas.io/vocab/hp
http://purl.obolibrary.org/obo/HP_0034843,http://purl.obolibrary.org/obo/UBERON_0000056,https://purl.humanatlas.io/vocab/hp#characteristic_of_part_of,https://purl.humanatlas.io/vocab/hp
http://purl.obolibrary.org/obo/HP_0034843,http://purl.obolibrary.org/obo/UBERON_0011143,https://purl.humanatlas.io/vocab/hp#characteristic_of_part_of,https://purl.humanatlas.io/vocab/hp
http://purl.obolibrary.org/obo/HP_0034843,http://purl.obolibrary.org/obo/UBERON_0001008,https://purl.humanatlas.io/vocab/hp#characteristic_of_part_of,https://purl.humanatlas.io/vocab/hp
http://purl.obolibrary.org/obo/HP_0034871,http://purl.obolibrary.org/obo/UBERON_0001008,https://purl.humanatlas.io/vocab/hp#characteristic_of,https://purl.humanatlas.io/vocab/hp
http://purl.obolibrary.org/obo/HP_0034871,http://purl.obolibrary.org/obo/UBERON_0001008,https://purl.humanatlas.io/vocab/hp#characteristic_of_part_of,https://purl.humanatlas.io/vocab/hp
http://purl.obolibrary.org/obo/HP_0034875,http://purl.obolibrary.org/obo/UBERON_0001008,https://purl.humanatlas.io/vocab/hp#characteristic_of,https://purl.humanatlas.io/vocab/hp
http://purl.obolibrary.org/obo/HP_0034875,http://purl.obolibrary.org/obo/UBERON_0001008,https://purl.humanatlas.io/vocab/hp#characteristic_of_part_of,https://purl.humanatlas.io/vocab/hp
http://purl.obolibrary.org/obo/HP_0034876,http://purl.obolibrary.org/obo/UBERON_0001008,https://purl.humanatlas.io/vocab/hp#characteristic_of,https://purl.humanatlas.io/vocab/hp
http://purl.obolibrary.org/obo/HP_0034876,http://purl.obolibrary.org/obo/UBERON_0001008,https://purl.humanatlas.io/vocab/hp#characteristic_of_part_of,https://purl.humanatlas.io/vocab/hp
http://purl.obolibrary.org/obo/HP_0034885,http://purl.obolibrary.org/obo/UBERON_0001008,https://purl.humanatlas.io/vocab/hp#characteristic_of,https://purl.humanatlas.io/vocab/hp
http://purl.obolibrary.org/obo/HP_0034885,http://purl.obolibrary.org/obo/UBERON_0001008,https://purl.humanatlas.io/vocab/hp#characteristic_of_part_of,https://purl.humanatlas.io/vocab/hp
http://purl.obolibrary.org/obo/HP_0034886,http://purl.obolibrary.org/obo/UBERON_0001008,https://purl.humanatlas.io/vocab/hp#characteristic_of,https://purl.humanatlas.io/vocab/hp
http://purl.obolibrary.org/obo/HP_0034886,http://purl.obolibrary.org/obo/UBERON_0001008,https://purl.humanatlas.io/vocab/hp#characteristic_of_part_of,https://purl.humanatlas.io/vocab/hp
http://purl.obolibrary.org/obo/HP_0034887,http://purl.obolibrary.org/obo/UBERON_0001008,https://purl.humanatlas.io/vocab/hp#characteristic_of,https://purl.humanatlas.io/vocab/hp
http://purl.obolibrary.org/obo/HP_0034887,http://purl.obolibrary.org/obo/UBERON_0001008,https://purl.humanatlas.io/vocab/hp#characteristic_of_part_of,https://purl.humanatlas.io/vocab/hp
http://purl.obolibrary.org/obo/HP_0034888,http://purl.obolibrary.org/obo/UBERON_0001008,https://purl.humanatlas.io/vocab/hp#characteristic_of,https://purl.humanatlas.io/vocab/hp
http://purl.obolibrary.org/obo/HP_0034888,http://purl.obolibrary.org/obo/UBERON_0001008,https://purl.humanatlas.io/vocab/hp#characteristic_of_part_of,https://purl.humanatlas.io/vocab/hp
http://purl.obolibrary.org/obo/HP_0034889,http://purl.obolibrary.org/obo/UBERON_0001008,https://purl.humanatlas.io/vocab/hp#characteristic_of,https://purl.humanatlas.io/vocab/hp
http://purl.obolibrary.org/obo/HP_0034889,http://purl.obolibrary.org/obo/UBERON_0001008,https://purl.humanatlas.io/vocab/hp#characteristic_of_part_of,https://purl.humanatlas.io/vocab/hp
http://purl.obolibrary.org/obo/HP_0034890,http://purl.obolibrary.org/obo/UBERON_0001008,https://purl.humanatlas.io/vocab/hp#characteristic_of,https://purl.humanatlas.io/vocab/hp
http://purl.obolibrary.org/obo/HP_0034890,http://purl.obolibrary.org/obo/UBERON_0001008,https://purl.humanatlas.io/vocab/hp#characteristic_of_part_of,https://purl.humanatlas.io/vocab/hp
http://purl.obolibrary.org/obo/HP_0034891,http://purl.obolibrary.org/obo/UBERON_0001008,https://purl.humanatlas.io/vocab/hp#characteristic_of,https://purl.humanatlas.io/vocab/hp
http://purl.obolibrary.org/obo/HP_0034891,http://purl.obolibrary.org/obo/UBERON_0001008,https://purl.humanatlas.io/vocab/hp#characteristic_of_part_of,https://purl.humanatlas.io/vocab/hp
http://purl.obolibrary.org/obo/HP_0034892,http://purl.obolibrary.org/obo/UBERON_0001008,https://purl.humanatlas.io/vocab/hp#characteristic_of,https://purl.humanatlas.io/vocab/hp
http://purl.obolibrary.org/obo/HP_0034892,http://purl.obolibrary.org/obo/UBERON_0001008,https://purl.humanatlas.io/vocab/hp#characteristic_of_part_of,https://purl.humanatlas.io/vocab/hp
http://purl.obolibrary.org/obo/HP_0034906,http://purl.obolibrary.org/obo/UBERON_0001008,https://purl.humanatlas.io/vocab/hp#characteristic_of,https://purl.humanatlas.io/vocab/hp
http://purl.obolibrary.org/obo/HP_0034906,http://purl.obolibrary.org/obo/UBERON_0001008,https://purl.humanatlas.io/vocab/hp#characteristic_of_part_of,https://purl.humanatlas.io/vocab/hp
http://purl.obolibrary.org/obo/HP_0034907,http://purl.obolibrary.org/obo/UBERON_0001008,https://purl.humanatlas.io/vocab/hp#characteristic_of,https://purl.humanatlas.io/vocab/hp
http://purl.obolibrary.org/obo/HP_0034907,http://purl.obolibrary.org/obo/UBERON_0001008,https://purl.humanatlas.io/vocab/hp#characteristic_of_part_of,https://purl.humanatlas.io/vocab/hp
http://purl.obolibrary.org/obo/HP_0034960,http://purl.obolibrary.org/obo/UBERON_0001008,https://purl.humanatlas.io/vocab/hp#characteristic_of,https://purl.humanatlas.io/vocab/hp
http://purl.obolibrary.org/obo/HP_0034960,http://purl.obolibrary.org/obo/UBERON_0001008,https://purl.humanatlas.io/vocab/hp#characteristic_of_part_of,https://purl.humanatlas.io/vocab/hp
http://purl.obolibrary.org/obo/HP_0034963,http://purl.obolibrary.org/obo/UBERON_0000056,https://purl.humanatlas.io/vocab/hp#characteristic_of_part_of,https://purl.humanatlas.io/vocab/hp
http://purl.obolibrary.org/obo/HP_0034963,http://purl.obolibrary.org/obo/UBERON_0011143,https://purl.humanatlas.io/vocab/hp#characteristic_of_part_of,https://purl.humanatlas.io/vocab/hp
http://purl.obolibrary.org/obo/HP_0034963,http://purl.obolibrary.org/obo/UBERON_0001008,https://purl.humanatlas.io/vocab/hp#characteristic_of_part_of,https://purl.humanatlas.io/vocab/hp
http://purl.obolibrary.org/obo/HP_0034968,http://purl.obolibrary.org/obo/UBERON_0001255,https://purl.humanatlas.io/vocab/hp#characteristic_of,https://purl.humanatlas.io/vocab/hp
http://purl.obolibrary.org/obo/HP_0034968,http://purl.obolibrary.org/obo/UBERON_0001255,https://purl.humanatlas.io/vocab/hp#characteristic_of_part_of,https://purl.humanatlas.io/vocab/hp
http://purl.obolibrary.org/obo/HP_0034968,http://purl.obolibrary.org/obo/UBERON_0001556,https://purl.humanatlas.io/vocab/hp#characteristic_of_part_of,https://purl.humanatlas.io/vocab/hp
http://purl.obolibrary.org/obo/HP_0034968,http://purl.obolibrary.org/obo/UBERON_0001008,https://purl.humanatlas.io/vocab/hp#characteristic_of_part_of,https://purl.humanatlas.io/vocab/hp
http://purl.obolibrary.org/obo/HP_0040144,http://purl.obolibrary.org/obo/UBERON_0001008,https://purl.humanatlas.io/vocab/hp#characteristic_of,https://purl.humanatlas.io/vocab/hp
http://purl.obolibrary.org/obo/HP_0040144,http://purl.obolibrary.org/obo/UBERON_0001008,https://purl.humanatlas.io/vocab/hp#characteristic_of_part_of,https://purl.humanatlas.io/vocab/hp
http://purl.obolibrary.org/obo/HP_0040155,http://purl.obolibrary.org/obo/UBERON_0001008,https://purl.humanatlas.io/vocab/hp#characteristic_of,https://purl.humanatlas.io/vocab/hp
http://purl.obolibrary.org/obo/HP_0040155,http://purl.obolibrary.org/obo/UBERON_0001008,https://purl.humanatlas.io/vocab/hp#characteristic_of_part_of,https://purl.humanatlas.io/vocab/hp
http://purl.obolibrary.org/obo/HP_0040156,http://purl.obolibrary.org/obo/UBERON_0001008,https://purl.humanatlas.io/vocab/hp#characteristic_of,https://purl.humanatlas.io/vocab/hp
http://purl.obolibrary.org/obo/HP_0040156,http://purl.obolibrary.org/obo/UBERON_0001008,https://purl.humanatlas.io/vocab/hp#characteristic_of_part_of,https://purl.humanatlas.io/vocab/hp
http://purl.obolibrary.org/obo/HP_0040301,http://purl.obolibrary.org/obo/UBERON_0001008,https://purl.humanatlas.io/vocab/hp#characteristic_of,https://purl.humanatlas.io/vocab/hp
http://purl.obolibrary.org/obo/HP_0040301,http://purl.obolibrary.org/obo/UBERON_0001008,https://purl.humanatlas.io/vocab/hp#characteristic_of_part_of,https://purl.humanatlas.io/vocab/hp
http://purl.obolibrary.org/obo/HP_0040317,http://purl.obolibrary.org/obo/UBERON_0001008,https://purl.humanatlas.io/vocab/hp#characteristic_of,https://purl.humanatlas.io/vocab/hp
http://purl.obolibrary.org/obo/HP_0040317,http://purl.obolibrary.org/obo/UBERON_0001008,https://purl.humanatlas.io/vocab/hp#characteristic_of_part_of,https://purl.humanatlas.io/vocab/hp
http://purl.obolibrary.org/obo/HP_0040318,http://purl.obolibrary.org/obo/UBERON_0001008,https://purl.humanatlas.io/vocab/hp#characteristic_of,https://purl.humanatlas.io/vocab/hp
http://purl.obolibrary.org/obo/HP_0040318,http://purl.obolibrary.org/obo/UBERON_0001008,https://purl.humanatlas.io/vocab/hp#characteristic_of_part_of,https://purl.humanatlas.io/vocab/hp
http://purl.obolibrary.org/obo/HP_0040319,http://purl.obolibrary.org/obo/UBERON_0001008,https://purl.humanatlas.io/vocab/hp#characteristic_of,https://purl.humanatlas.io/vocab/hp
http://purl.obolibrary.org/obo/HP_0040319,http://purl.obolibrary.org/obo/UBERON_0001008,https://purl.humanatlas.io/vocab/hp#characteristic_of_part_of,https://purl.humanatlas.io/vocab/hp
http://purl.obolibrary.org/obo/HP_0040320,http://purl.obolibrary.org/obo/UBERON_0001008,https://purl.humanatlas.io/vocab/hp#characteristic_of,https://purl.humanatlas.io/vocab/hp
http://purl.obolibrary.org/obo/HP_0040320,http://purl.obolibrary.org/obo/UBERON_0001008,https://purl.humanatlas.io/vocab/hp#characteristic_of_part_of,https://purl.humanatlas.io/vocab/hp
http://purl.obolibrary.org/obo/HP_0040321,http://purl.obolibrary.org/obo/UBERON_0001008,https://purl.humanatlas.io/vocab/hp#characteristic_of,https://purl.humanatlas.io/vocab/hp
http://purl.obolibrary.org/obo/HP_0040321,http://purl.obolibrary.org/obo/UBERON_0001008,https://purl.humanatlas.io/vocab/hp#characteristic_of_part_of,https://purl.humanatlas.io/vocab/hp
http://purl.obolibrary.org/obo/HP_0040322,http://purl.obolibrary.org/obo/UBERON_0001008,https://purl.humanatlas.io/vocab/hp#characteristic_of,https://purl.humanatlas.io/vocab/hp
http://purl.obolibrary.org/obo/HP_0040322,http://purl.obolibrary.org/obo/UBERON_0001008,https://purl.humanatlas.io/vocab/hp#characteristic_of_part_of,https://purl.humanatlas.io/vocab/hp
http://purl.obolibrary.org/obo/HP_0040416,http://purl.obolibrary.org/obo/UBERON_0001008,https://purl.humanatlas.io/vocab/hp#characteristic_of,https://purl.humanatlas.io/vocab/hp
http://purl.obolibrary.org/obo/HP_0040416,http://purl.obolibrary.org/obo/UBERON_0001008,https://purl.humanatlas.io/vocab/hp#characteristic_of_part_of,https://purl.humanatlas.io/vocab/hp
http://purl.obolibrary.org/obo/HP_0040417,http://purl.obolibrary.org/obo/UBERON_0001008,https://purl.humanatlas.io/vocab/hp#characteristic_of,https://purl.humanatlas.io/vocab/hp
http://purl.obolibrary.org/obo/HP_0040417,http://purl.obolibrary.org/obo/UBERON_0001008,https://purl.humanatlas.io/vocab/hp#characteristic_of_part_of,https://purl.humanatlas.io/vocab/hp
http://purl.obolibrary.org/obo/HP_0040418,http://purl.obolibrary.org/obo/UBERON_0001008,https://purl.humanatlas.io/vocab/hp#characteristic_of,https://purl.humanatlas.io/vocab/hp
http://purl.obolibrary.org/obo/HP_0040418,http://purl.obolibrary.org/obo/UBERON_0001008,https://purl.humanatlas.io/vocab/hp#characteristic_of_part_of,https://purl.humanatlas.io/vocab/hp
http://purl.obolibrary.org/obo/HP_0040419,http://purl.obolibrary.org/obo/UBERON_0001008,https://purl.humanatlas.io/vocab/hp#characteristic_of,https://purl.humanatlas.io/vocab/hp
http://purl.obolibrary.org/obo/HP_0040419,http://purl.obolibrary.org/obo/UBERON_0001008,https://purl.humanatlas.io/vocab/hp#characteristic_of_part_of,https://purl.humanatlas.io/vocab/hp
http://purl.obolibrary.org/obo/HP_0040420,http://purl.obolibrary.org/obo/UBERON_0001008,https://purl.humanatlas.io/vocab/hp#characteristic_of,https://purl.humanatlas.io/vocab/hp
http://purl.obolibrary.org/obo/HP_0040420,http://purl.obolibrary.org/obo/UBERON_0001008,https://purl.humanatlas.io/vocab/hp#characteristic_of_part_of,https://purl.humanatlas.io/vocab/hp
http://purl.obolibrary.org/obo/HP_0040421,http://purl.obolibrary.org/obo/UBERON_0001008,https://purl.humanatlas.io/vocab/hp#characteristic_of,https://purl.humanatlas.io/vocab/hp
http://purl.obolibrary.org/obo/HP_0040421,http://purl.obolibrary.org/obo/UBERON_0001008,https://purl.humanatlas.io/vocab/hp#characteristic_of_part_of,https://purl.humanatlas.io/vocab/hp
http://purl.obolibrary.org/obo/HP_0040422,http://purl.obolibrary.org/obo/UBERON_0001008,https://purl.humanatlas.io/vocab/hp#characteristic_of,https://purl.humanatlas.io/vocab/hp
http://purl.obolibrary.org/obo/HP_0040422,http://purl.obolibrary.org/obo/UBERON_0001008,https://purl.humanatlas.io/vocab/hp#characteristic_of_part_of,https://purl.humanatlas.io/vocab/hp
http://purl.obolibrary.org/obo/HP_0040423,http://purl.obolibrary.org/obo/UBERON_0001008,https://purl.humanatlas.io/vocab/hp#characteristic_of,https://purl.humanatlas.io/vocab/hp
http://purl.obolibrary.org/obo/HP_0040423,http://purl.obolibrary.org/obo/UBERON_0001008,https://purl.humanatlas.io/vocab/hp#characteristic_of_part_of,https://purl.humanatlas.io/vocab/hp
http://purl.obolibrary.org/obo/HP_0040424,http://purl.obolibrary.org/obo/UBERON_0001008,https://purl.humanatlas.io/vocab/hp#characteristic_of,https://purl.humanatlas.io/vocab/hp
http://purl.obolibrary.org/obo/HP_0040424,http://purl.obolibrary.org/obo/UBERON_0001008,https://purl.humanatlas.io/vocab/hp#characteristic_of_part_of,https://purl.humanatlas.io/vocab/hp
http://purl.obolibrary.org/obo/HP_0040425,http://purl.obolibrary.org/obo/UBERON_0001008,https://purl.humanatlas.io/vocab/hp#characteristic_of,https://purl.humanatlas.io/vocab/hp
http://purl.obolibrary.org/obo/HP_0040425,http://purl.obolibrary.org/obo/UBERON_0001008,https://purl.humanatlas.io/vocab/hp#characteristic_of_part_of,https://purl.humanatlas.io/vocab/hp
http://purl.obolibrary.org/obo/HP_0040426,http://purl.obolibrary.org/obo/UBERON_0001008,https://purl.humanatlas.io/vocab/hp#characteristic_of,https://purl.humanatlas.io/vocab/hp
http://purl.obolibrary.org/obo/HP_0040426,http://purl.obolibrary.org/obo/UBERON_0001008,https://purl.humanatlas.io/vocab/hp#characteristic_of_part_of,https://purl.humanatlas.io/vocab/hp
http://purl.obolibrary.org/obo/HP_0041047,http://purl.obolibrary.org/obo/UBERON_0001255,https://purl.humanatlas.io/vocab/hp#characteristic_of,https://purl.humanatlas.io/vocab/hp
http://purl.obolibrary.org/obo/HP_0041047,http://purl.obolibrary.org/obo/UBERON_0001255,https://purl.humanatlas.io/vocab/hp#characteristic_of_part_of,https://purl.humanatlas.io/vocab/hp
http://purl.obolibrary.org/obo/HP_0041047,http://purl.obolibrary.org/obo/UBERON_0001556,https://purl.humanatlas.io/vocab/hp#characteristic_of_part_of,https://purl.humanatlas.io/vocab/hp
http://purl.obolibrary.org/obo/HP_0041047,http://purl.obolibrary.org/obo/UBERON_0001008,https://purl.humanatlas.io/vocab/hp#characteristic_of_part_of,https://purl.humanatlas.io/vocab/hp
http://purl.obolibrary.org/obo/HP_0041050,http://purl.obolibrary.org/obo/UBERON_0001231,https://purl.humanatlas.io/vocab/hp#characteristic_of_part_of,https://purl.humanatlas.io/vocab/hp
http://purl.obolibrary.org/obo/HP_0041050,http://purl.obolibrary.org/obo/UBERON_0001285,https://purl.humanatlas.io/vocab/hp#characteristic_of_part_of,https://purl.humanatlas.io/vocab/hp
http://purl.obolibrary.org/obo/HP_0041050,http://purl.obolibrary.org/obo/UBERON_0002113,https://purl.humanatlas.io/vocab/hp#characteristic_of_part_of,https://purl.humanatlas.io/vocab/hp
http://purl.obolibrary.org/obo/HP_0041050,http://purl.obolibrary.org/obo/UBERON_0011143,https://purl.humanatlas.io/vocab/hp#characteristic_of_part_of,https://purl.humanatlas.io/vocab/hp
http://purl.obolibrary.org/obo/HP_0041050,http://purl.obolibrary.org/obo/UBERON_0001008,https://purl.humanatlas.io/vocab/hp#characteristic_of_part_of,https://purl.humanatlas.io/vocab/hp
http://purl.obolibrary.org/obo/HP_0041050,http://purl.obolibrary.org/obo/UBERON_0002113,https://purl.humanatlas.io/vocab/hp#part_of,https://purl.humanatlas.io/vocab/hp
http://purl.obolibrary.org/obo/HP_0045011,http://purl.obolibrary.org/obo/UBERON_0001008,https://purl.humanatlas.io/vocab/hp#characteristic_of,https://purl.humanatlas.io/vocab/hp
http://purl.obolibrary.org/obo/HP_0045011,http://purl.obolibrary.org/obo/UBERON_0001008,https://purl.humanatlas.io/vocab/hp#characteristic_of_part_of,https://purl.humanatlas.io/vocab/hp
http://purl.obolibrary.org/obo/HP_0045012,http://purl.obolibrary.org/obo/UBERON_0001008,https://purl.humanatlas.io/vocab/hp#characteristic_of,https://purl.humanatlas.io/vocab/hp
http://purl.obolibrary.org/obo/HP_0045012,http://purl.obolibrary.org/obo/UBERON_0001008,https://purl.humanatlas.io/vocab/hp#characteristic_of_part_of,https://purl.humanatlas.io/vocab/hp
http://purl.obolibrary.org/obo/HP_0045034,http://purl.obolibrary.org/obo/UBERON_0001008,https://purl.humanatlas.io/vocab/hp#characteristic_of,https://purl.humanatlas.io/vocab/hp
http://purl.obolibrary.org/obo/HP_0045034,http://purl.obolibrary.org/obo/UBERON_0001008,https://purl.humanatlas.io/vocab/hp#characteristic_of_part_of,https://purl.humanatlas.io/vocab/hp
http://purl.obolibrary.org/obo/HP_0045035,http://purl.obolibrary.org/obo/UBERON_0001008,https://purl.humanatlas.io/vocab/hp#characteristic_of,https://purl.humanatlas.io/vocab/hp
http://purl.obolibrary.org/obo/HP_0045035,http://purl.obolibrary.org/obo/UBERON_0001008,https://purl.humanatlas.io/vocab/hp#characteristic_of_part_of,https://purl.humanatlas.io/vocab/hp
http://purl.obolibrary.org/obo/HP_0045036,http://purl.obolibrary.org/obo/UBERON_0001008,https://purl.humanatlas.io/vocab/hp#characteristic_of,https://purl.humanatlas.io/vocab/hp
http://purl.obolibrary.org/obo/HP_0045036,http://purl.obolibrary.org/obo/UBERON_0001008,https://purl.humanatlas.io/vocab/hp#characteristic_of_part_of,https://purl.humanatlas.io/vocab/hp
http://purl.obolibrary.org/obo/HP_0100515,http://purl.obolibrary.org/obo/UBERON_0001255,https://purl.humanatlas.io/vocab/hp#characteristic_of,https://purl.humanatlas.io/vocab/hp
http://purl.obolibrary.org/obo/HP_0100515,http://purl.obolibrary.org/obo/UBERON_0001255,https://purl.humanatlas.io/vocab/hp#characteristic_of_part_of,https://purl.humanatlas.io/vocab/hp
http://purl.obolibrary.org/obo/HP_0100515,http://purl.obolibrary.org/obo/UBERON_0001556,https://purl.humanatlas.io/vocab/hp#characteristic_of_part_of,https://purl.humanatlas.io/vocab/hp
http://purl.obolibrary.org/obo/HP_0100515,http://purl.obolibrary.org/obo/UBERON_0001008,https://purl.humanatlas.io/vocab/hp#characteristic_of_part_of,https://purl.humanatlas.io/vocab/hp
http://purl.obolibrary.org/obo/HP_0100516,http://purl.obolibrary.org/obo/UBERON_0000056,https://purl.humanatlas.io/vocab/hp#characteristic_of_part_of,https://purl.humanatlas.io/vocab/hp
http://purl.obolibrary.org/obo/HP_0100516,http://purl.obolibrary.org/obo/UBERON_0011143,https://purl.humanatlas.io/vocab/hp#characteristic_of_part_of,https://purl.humanatlas.io/vocab/hp
http://purl.obolibrary.org/obo/HP_0100516,http://purl.obolibrary.org/obo/UBERON_0001008,https://purl.humanatlas.io/vocab/hp#characteristic_of_part_of,https://purl.humanatlas.io/vocab/hp
http://purl.obolibrary.org/obo/HP_0100517,http://purl.obolibrary.org/obo/UBERON_0001556,https://purl.humanatlas.io/vocab/hp#characteristic_of_part_of,https://purl.humanatlas.io/vocab/hp
http://purl.obolibrary.org/obo/HP_0100517,http://purl.obolibrary.org/obo/UBERON_0001008,https://purl.humanatlas.io/vocab/hp#characteristic_of_part_of,https://purl.humanatlas.io/vocab/hp
http://purl.obolibrary.org/obo/HP_0100518,http://purl.obolibrary.org/obo/UBERON_0001255,https://purl.humanatlas.io/vocab/hp#characteristic_of,https://purl.humanatlas.io/vocab/hp
http://purl.obolibrary.org/obo/HP_0100518,http://purl.obolibrary.org/obo/UBERON_0001255,https://purl.humanatlas.io/vocab/hp#characteristic_of_part_of,https://purl.humanatlas.io/vocab/hp
http://purl.obolibrary.org/obo/HP_0100518,http://purl.obolibrary.org/obo/UBERON_0001556,https://purl.humanatlas.io/vocab/hp#characteristic_of_part_of,https://purl.humanatlas.io/vocab/hp
http://purl.obolibrary.org/obo/HP_0100518,http://purl.obolibrary.org/obo/UBERON_0001008,https://purl.humanatlas.io/vocab/hp#characteristic_of_part_of,https://purl.humanatlas.io/vocab/hp
http://purl.obolibrary.org/obo/HP_0100519,http://purl.obolibrary.org/obo/UBERON_0002113,https://purl.humanatlas.io/vocab/hp#characteristic_of,https://purl.humanatlas.io/vocab/hp
http://purl.obolibrary.org/obo/HP_0100519,http://purl.obolibrary.org/obo/UBERON_0002113,https://purl.humanatlas.io/vocab/hp#characteristic_of_part_of,https://purl.humanatlas.io/vocab/hp
http://purl.obolibrary.org/obo/HP_0100519,http://purl.obolibrary.org/obo/UBERON_0011143,https://purl.humanatlas.io/vocab/hp#characteristic_of_part_of,https://purl.humanatlas.io/vocab/hp
http://purl.obolibrary.org/obo/HP_0100519,http://purl.obolibrary.org/obo/UBERON_0001008,https://purl.humanatlas.io/vocab/hp#characteristic_of_part_of,https://purl.humanatlas.io/vocab/hp
http://purl.obolibrary.org/obo/HP_0100519,http://purl.obolibrary.org/obo/UBERON_0001008,https://purl.humanatlas.io/vocab/hp#characteristic_of,https://purl.humanatlas.io/vocab/hp
http://purl.obolibrary.org/obo/HP_0100520,http://purl.obolibrary.org/obo/UBERON_0002113,https://purl.humanatlas.io/vocab/hp#characteristic_of,https://purl.humanatlas.io/vocab/hp
http://purl.obolibrary.org/obo/HP_0100520,http://purl.obolibrary.org/obo/UBERON_0002113,https://purl.humanatlas.io/vocab/hp#characteristic_of_part_of,https://purl.humanatlas.io/vocab/hp
http://purl.obolibrary.org/obo/HP_0100520,http://purl.obolibrary.org/obo/UBERON_0011143,https://purl.humanatlas.io/vocab/hp#characteristic_of_part_of,https://purl.humanatlas.io/vocab/hp
http://purl.obolibrary.org/obo/HP_0100520,http://purl.obolibrary.org/obo/UBERON_0001008,https://purl.humanatlas.io/vocab/hp#characteristic_of_part_of,https://purl.humanatlas.io/vocab/hp
http://purl.obolibrary.org/obo/HP_0100520,http://purl.obolibrary.org/obo/UBERON_0001008,https://purl.humanatlas.io/vocab/hp#characteristic_of,https://purl.humanatlas.io/vocab/hp
http://purl.obolibrary.org/obo/HP_0100525,http://purl.obolibrary.org/obo/UBERON_0001255,https://purl.humanatlas.io/vocab/hp#characteristic_of,https://purl.humanatlas.io/vocab/hp
http://purl.obolibrary.org/obo/HP_0100525,http://purl.obolibrary.org/obo/UBERON_0001255,https://purl.humanatlas.io/vocab/hp#characteristic_of_part_of,https://purl.humanatlas.io/vocab/hp
http://purl.obolibrary.org/obo/HP_0100525,http://purl.obolibrary.org/obo/UBERON_0001556,https://purl.humanatlas.io/vocab/hp#characteristic_of_part_of,https://purl.humanatlas.io/vocab/hp
http://purl.obolibrary.org/obo/HP_0100525,http://purl.obolibrary.org/obo/UBERON_0001008,https://purl.humanatlas.io/vocab/hp#characteristic_of_part_of,https://purl.humanatlas.io/vocab/hp
http://purl.obolibrary.org/obo/HP_0100542,http://purl.obolibrary.org/obo/UBERON_0002113,https://purl.humanatlas.io/vocab/hp#characteristic_of_part_of,https://purl.humanatlas.io/vocab/hp
http://purl.obolibrary.org/obo/HP_0100542,http://purl.obolibrary.org/obo/UBERON_0011143,https://purl.humanatlas.io/vocab/hp#characteristic_of_part_of,https://purl.humanatlas.io/vocab/hp
http://purl.obolibrary.org/obo/HP_0100542,http://purl.obolibrary.org/obo/UBERON_0001008,https://purl.humanatlas.io/vocab/hp#characteristic_of_part_of,https://purl.humanatlas.io/vocab/hp
http://purl.obolibrary.org/obo/HP_0100577,http://purl.obolibrary.org/obo/UBERON_0001255,https://purl.humanatlas.io/vocab/hp#occurs_in,https://purl.humanatlas.io/vocab/hp
http://purl.obolibrary.org/obo/HP_0100577,http://purl.obolibrary.org/obo/UBERON_0001255,https://purl.humanatlas.io/vocab/hp#characteristic_of,https://purl.humanatlas.io/vocab/hp
http://purl.obolibrary.org/obo/HP_0100577,http://purl.obolibrary.org/obo/UBERON_0001255,https://purl.humanatlas.io/vocab/hp#characteristic_of_part_of,https://purl.humanatlas.io/vocab/hp
http://purl.obolibrary.org/obo/HP_0100577,http://purl.obolibrary.org/obo/UBERON_0001556,https://purl.humanatlas.io/vocab/hp#characteristic_of_part_of,https://purl.humanatlas.io/vocab/hp
http://purl.obolibrary.org/obo/HP_0100577,http://purl.obolibrary.org/obo/UBERON_0001008,https://purl.humanatlas.io/vocab/hp#characteristic_of_part_of,https://purl.humanatlas.io/vocab/hp
http://purl.obolibrary.org/obo/HP_0100581,http://purl.obolibrary.org/obo/UBERON_0002113,https://purl.humanatlas.io/vocab/hp#characteristic_of_part_of,https://purl.humanatlas.io/vocab/hp
http://purl.obolibrary.org/obo/HP_0100581,http://purl.obolibrary.org/obo/UBERON_0011143,https://purl.humanatlas.io/vocab/hp#characteristic_of_part_of,https://purl.humanatlas.io/vocab/hp
http://purl.obolibrary.org/obo/HP_0100581,http://purl.obolibrary.org/obo/UBERON_0001008,https://purl.humanatlas.io/vocab/hp#characteristic_of_part_of,https://purl.humanatlas.io/vocab/hp
http://purl.obolibrary.org/obo/HP_0100586,http://purl.obolibrary.org/obo/UBERON_0001008,https://purl.humanatlas.io/vocab/hp#characteristic_of,https://purl.humanatlas.io/vocab/hp
http://purl.obolibrary.org/obo/HP_0100586,http://purl.obolibrary.org/obo/UBERON_0001008,https://purl.humanatlas.io/vocab/hp#characteristic_of_part_of,https://purl.humanatlas.io/vocab/hp
http://purl.obolibrary.org/obo/HP_0100611,http://purl.obolibrary.org/obo/UBERON_0000074,https://purl.humanatlas.io/vocab/hp#characteristic_of_part_of,https://purl.humanatlas.io/vocab/hp
http://purl.obolibrary.org/obo/HP_0100611,http://purl.obolibrary.org/obo/UBERON_0001225,https://purl.humanatlas.io/vocab/hp#characteristic_of,https://purl.humanatlas.io/vocab/hp
http://purl.obolibrary.org/obo/HP_0100611,http://purl.obolibrary.org/obo/UBERON_0002113,https://purl.humanatlas.io/vocab/hp#characteristic_of_part_of,https://purl.humanatlas.io/vocab/hp
http://purl.obolibrary.org/obo/HP_0100611,http://purl.obolibrary.org/obo/UBERON_0011143,https://purl.humanatlas.io/vocab/hp#characteristic_of_part_of,https://purl.humanatlas.io/vocab/hp
http://purl.obolibrary.org/obo/HP_0100611,http://purl.obolibrary.org/obo/UBERON_0001008,https://purl.humanatlas.io/vocab/hp#characteristic_of_part_of,https://purl.humanatlas.io/vocab/hp
http://purl.obolibrary.org/obo/HP_0100611,http://purl.obolibrary.org/obo/UBERON_0001285,https://purl.humanatlas.io/vocab/hp#characteristic_of_part_of,https://purl.humanatlas.io/vocab/hp
http://purl.obolibrary.org/obo/HP_0100627,http://purl.obolibrary.org/obo/UBERON_0001556,https://purl.humanatlas.io/vocab/hp#characteristic_of_part_of,https://purl.humanatlas.io/vocab/hp
http://purl.obolibrary.org/obo/HP_0100627,http://purl.obolibrary.org/obo/UBERON_0001008,https://purl.humanatlas.io/vocab/hp#characteristic_of_part_of,https://purl.humanatlas.io/vocab/hp
http://purl.obolibrary.org/obo/HP_0100645,http://purl.obolibrary.org/obo/UBERON_0001255,https://purl.humanatlas.io/vocab/hp#characteristic_of,https://purl.humanatlas.io/vocab/hp
http://purl.obolibrary.org/obo/HP_0100645,http://purl.obolibrary.org/obo/UBERON_0001255,https://purl.humanatlas.io/vocab/hp#characteristic_of_part_of,https://purl.humanatlas.io/vocab/hp
http://purl.obolibrary.org/obo/HP_0100645,http://purl.obolibrary.org/obo/UBERON_0001556,https://purl.humanatlas.io/vocab/hp#characteristic_of_part_of,https://purl.humanatlas.io/vocab/hp
http://purl.obolibrary.org/obo/HP_0100645,http://purl.obolibrary.org/obo/UBERON_0001008,https://purl.humanatlas.io/vocab/hp#characteristic_of_part_of,https://purl.humanatlas.io/vocab/hp
http://purl.obolibrary.org/obo/HP_0100779,http://purl.obolibrary.org/obo/UBERON_0001556,https://purl.humanatlas.io/vocab/hp#characteristic_of_part_of,https://purl.humanatlas.io/vocab/hp
http://purl.obolibrary.org/obo/HP_0100779,http://purl.obolibrary.org/obo/UBERON_0001008,https://purl.humanatlas.io/vocab/hp#characteristic_of_part_of,https://purl.humanatlas.io/vocab/hp
http://purl.obolibrary.org/obo/HP_0100817,http://purl.obolibrary.org/obo/UBERON_0002113,https://purl.humanatlas.io/vocab/hp#characteristic_of,https://purl.humanatlas.io/vocab/hp
http://purl.obolibrary.org/obo/HP_0100817,http://purl.obolibrary.org/obo/UBERON_0002113,https://purl.humanatlas.io/vocab/hp#characteristic_of_part_of,https://purl.humanatlas.io/vocab/hp
http://purl.obolibrary.org/obo/HP_0100817,http://purl.obolibrary.org/obo/UBERON_0011143,https://purl.humanatlas.io/vocab/hp#characteristic_of_part_of,https://purl.humanatlas.io/vocab/hp
http://purl.obolibrary.org/obo/HP_0100817,http://purl.obolibrary.org/obo/UBERON_0001008,https://purl.humanatlas.io/vocab/hp#characteristic_of_part_of,https://purl.humanatlas.io/vocab/hp
http://purl.obolibrary.org/obo/HP_0100817,http://purl.obolibrary.org/obo/UBERON_0001008,https://purl.humanatlas.io/vocab/hp#characteristic_of,https://purl.humanatlas.io/vocab/hp
http://purl.obolibrary.org/obo/HP_0100820,http://purl.obolibrary.org/obo/UBERON_0000074,https://purl.humanatlas.io/vocab/hp#characteristic_of_part_of,https://purl.humanatlas.io/vocab/hp
http://purl.obolibrary.org/obo/HP_0100820,http://purl.obolibrary.org/obo/UBERON_0001225,https://purl.humanatlas.io/vocab/hp#characteristic_of,https://purl.humanatlas.io/vocab/hp
http://purl.obolibrary.org/obo/HP_0100820,http://purl.obolibrary.org/obo/UBERON_0002113,https://purl.humanatlas.io/vocab/hp#characteristic_of_part_of,https://purl.humanatlas.io/vocab/hp
http://purl.obolibrary.org/obo/HP_0100820,http://purl.obolibrary.org/obo/UBERON_0011143,https://purl.humanatlas.io/vocab/hp#characteristic_of_part_of,https://purl.humanatlas.io/vocab/hp
http://purl.obolibrary.org/obo/HP_0100820,http://purl.obolibrary.org/obo/UBERON_0001008,https://purl.humanatlas.io/vocab/hp#characteristic_of_part_of,https://purl.humanatlas.io/vocab/hp
http://purl.obolibrary.org/obo/HP_0100820,http://purl.obolibrary.org/obo/UBERON_0001285,https://purl.humanatlas.io/vocab/hp#characteristic_of_part_of,https://purl.humanatlas.io/vocab/hp
http://purl.obolibrary.org/obo/HP_0100821,http://purl.obolibrary.org/obo/UBERON_0001556,https://purl.humanatlas.io/vocab/hp#characteristic_of_part_of,https://purl.humanatlas.io/vocab/hp
http://purl.obolibrary.org/obo/HP_0100821,http://purl.obolibrary.org/obo/UBERON_0001008,https://purl.humanatlas.io/vocab/hp#characteristic_of_part_of,https://purl.humanatlas.io/vocab/hp
http://purl.obolibrary.org/obo/HP_0100877,http://purl.obolibrary.org/obo/UBERON_0002113,https://purl.humanatlas.io/vocab/hp#part_of,https://purl.humanatlas.io/vocab/hp
http://purl.obolibrary.org/obo/HP_0100877,http://purl.obolibrary.org/obo/UBERON_0002113,https://purl.humanatlas.io/vocab/hp#characteristic_of_part_of,https://purl.humanatlas.io/vocab/hp
http://purl.obolibrary.org/obo/HP_0100877,http://purl.obolibrary.org/obo/UBERON_0011143,https://purl.humanatlas.io/vocab/hp#characteristic_of_part_of,https://purl.humanatlas.io/vocab/hp
http://purl.obolibrary.org/obo/HP_0100877,http://purl.obolibrary.org/obo/UBERON_0001008,https://purl.humanatlas.io/vocab/hp#characteristic_of_part_of,https://purl.humanatlas.io/vocab/hp
http://purl.obolibrary.org/obo/HP_0100877,http://purl.obolibrary.org/obo/UBERON_0004100,https://purl.humanatlas.io/vocab/hp#characteristic_of_part_of,https://purl.humanatlas.io/vocab/hp
http://purl.obolibrary.org/obo/HP_0100880,http://purl.obolibrary.org/obo/UBERON_0002113,https://purl.humanatlas.io/vocab/hp#characteristic_of_part_of,https://purl.humanatlas.io/vocab/hp
http://purl.obolibrary.org/obo/HP_0100880,http://purl.obolibrary.org/obo/UBERON_0011143,https://purl.humanatlas.io/vocab/hp#characteristic_of_part_of,https://purl.humanatlas.io/vocab/hp
http://purl.obolibrary.org/obo/HP_0100880,http://purl.obolibrary.org/obo/UBERON_0001008,https://purl.humanatlas.io/vocab/hp#characteristic_of_part_of,https://purl.humanatlas.io/vocab/hp
http://purl.obolibrary.org/obo/HP_0100881,http://purl.obolibrary.org/obo/UBERON_0002113,https://purl.humanatlas.io/vocab/hp#characteristic_of_part_of,https://purl.humanatlas.io/vocab/hp
http://purl.obolibrary.org/obo/HP_0100881,http://purl.obolibrary.org/obo/UBERON_0011143,https://purl.humanatlas.io/vocab/hp#characteristic_of_part_of,https://purl.humanatlas.io/vocab/hp
http://purl.obolibrary.org/obo/HP_0100881,http://purl.obolibrary.org/obo/UBERON_0001008,https://purl.humanatlas.io/vocab/hp#characteristic_of_part_of,https://purl.humanatlas.io/vocab/hp
http://purl.obolibrary.org/obo/HP_0100957,http://purl.obolibrary.org/obo/UBERON_0000362,https://purl.humanatlas.io/vocab/hp#characteristic_of,https://purl.humanatlas.io/vocab/hp
http://purl.obolibrary.org/obo/HP_0100957,http://purl.obolibrary.org/obo/UBERON_0002113,https://purl.humanatlas.io/vocab/hp#characteristic_of_part_of,https://purl.humanatlas.io/vocab/hp
http://purl.obolibrary.org/obo/HP_0100957,http://purl.obolibrary.org/obo/UBERON_0011143,https://purl.humanatlas.io/vocab/hp#characteristic_of_part_of,https://purl.humanatlas.io/vocab/hp
http://purl.obolibrary.org/obo/HP_0100957,http://purl.obolibrary.org/obo/UBERON_0001008,https://purl.humanatlas.io/vocab/hp#characteristic_of_part_of,https://purl.humanatlas.io/vocab/hp
http://purl.obolibrary.org/obo/HP_0410051,http://purl.obolibrary.org/obo/UBERON_0001008,https://purl.humanatlas.io/vocab/hp#characteristic_of,https://purl.humanatlas.io/vocab/hp
http://purl.obolibrary.org/obo/HP_0410051,http://purl.obolibrary.org/obo/UBERON_0001008,https://purl.humanatlas.io/vocab/hp#characteristic_of_part_of,https://purl.humanatlas.io/vocab/hp
http://purl.obolibrary.org/obo/HP_0410055,http://purl.obolibrary.org/obo/UBERON_0001008,https://purl.humanatlas.io/vocab/hp#characteristic_of,https://purl.humanatlas.io/vocab/hp
http://purl.obolibrary.org/obo/HP_0410055,http://purl.obolibrary.org/obo/UBERON_0001008,https://purl.humanatlas.io/vocab/hp#characteristic_of_part_of,https://purl.humanatlas.io/vocab/hp
http://purl.obolibrary.org/obo/HP_0410059,http://purl.obolibrary.org/obo/UBERON_0001008,https://purl.humanatlas.io/vocab/hp#characteristic_of,https://purl.humanatlas.io/vocab/hp
http://purl.obolibrary.org/obo/HP_0410059,http://purl.obolibrary.org/obo/UBERON_0001008,https://purl.humanatlas.io/vocab/hp#characteristic_of_part_of,https://purl.humanatlas.io/vocab/hp
http://purl.obolibrary.org/obo/HP_0410060,http://purl.obolibrary.org/obo/UBERON_0001008,https://purl.humanatlas.io/vocab/hp#characteristic_of,https://purl.humanatlas.io/vocab/hp
http://purl.obolibrary.org/obo/HP_0410060,http://purl.obolibrary.org/obo/UBERON_0001008,https://purl.humanatlas.io/vocab/hp#characteristic_of_part_of,https://purl.humanatlas.io/vocab/hp
http://purl.obolibrary.org/obo/HP_0410062,http://purl.obolibrary.org/obo/UBERON_0001008,https://purl.humanatlas.io/vocab/hp#characteristic_of,https://purl.humanatlas.io/vocab/hp
http://purl.obolibrary.org/obo/HP_0410062,http://purl.obolibrary.org/obo/UBERON_0001008,https://purl.humanatlas.io/vocab/hp#characteristic_of_part_of,https://purl.humanatlas.io/vocab/hp
http://purl.obolibrary.org/obo/HP_0410066,http://purl.obolibrary.org/obo/UBERON_0001008,https://purl.humanatlas.io/vocab/hp#characteristic_of,https://purl.humanatlas.io/vocab/hp
http://purl.obolibrary.org/obo/HP_0410066,http://purl.obolibrary.org/obo/UBERON_0001008,https://purl.humanatlas.io/vocab/hp#characteristic_of_part_of,https://purl.humanatlas.io/vocab/hp
http://purl.obolibrary.org/obo/HP_0410067,http://purl.obolibrary.org/obo/UBERON_0001008,https://purl.humanatlas.io/vocab/hp#characteristic_of,https://purl.humanatlas.io/vocab/hp
http://purl.obolibrary.org/obo/HP_0410067,http://purl.obolibrary.org/obo/UBERON_0001008,https://purl.humanatlas.io/vocab/hp#characteristic_of_part_of,https://purl.humanatlas.io/vocab/hp
http://purl.obolibrary.org/obo/HP_0410070,http://purl.obolibrary.org/obo/UBERON_0001008,https://purl.humanatlas.io/vocab/hp#characteristic_of,https://purl.humanatlas.io/vocab/hp
http://purl.obolibrary.org/obo/HP_0410070,http://purl.obolibrary.org/obo/UBERON_0001008,https://purl.humanatlas.io/vocab/hp#characteristic_of_part_of,https://purl.humanatlas.io/vocab/hp
http://purl.obolibrary.org/obo/HP_0410072,http://purl.obolibrary.org/obo/UBERON_0001008,https://purl.humanatlas.io/vocab/hp#characteristic_of,https://purl.humanatlas.io/vocab/hp
http://purl.obolibrary.org/obo/HP_0410072,http://purl.obolibrary.org/obo/UBERON_0001008,https://purl.humanatlas.io/vocab/hp#characteristic_of_part_of,https://purl.humanatlas.io/vocab/hp
http://purl.obolibrary.org/obo/HP_0410074,http://purl.obolibrary.org/obo/UBERON_0001008,https://purl.humanatlas.io/vocab/hp#characteristic_of,https://purl.humanatlas.io/vocab/hp
http://purl.obolibrary.org/obo/HP_0410074,http://purl.obolibrary.org/obo/UBERON_0001008,https://purl.humanatlas.io/vocab/hp#characteristic_of_part_of,https://purl.humanatlas.io/vocab/hp
http://purl.obolibrary.org/obo/HP_0410132,http://purl.obolibrary.org/obo/UBERON_0001008,https://purl.humanatlas.io/vocab/hp#characteristic_of,https://purl.humanatlas.io/vocab/hp
http://purl.obolibrary.org/obo/HP_0410132,http://purl.obolibrary.org/obo/UBERON_0001008,https://purl.humanatlas.io/vocab/hp#characteristic_of_part_of,https://purl.humanatlas.io/vocab/hp
http://purl.obolibrary.org/obo/HP_0410153,http://purl.obolibrary.org/obo/UBERON_0001008,https://purl.humanatlas.io/vocab/hp#characteristic_of,https://purl.humanatlas.io/vocab/hp
http://purl.obolibrary.org/obo/HP_0410153,http://purl.obolibrary.org/obo/UBERON_0001008,https://purl.humanatlas.io/vocab/hp#characteristic_of_part_of,https://purl.humanatlas.io/vocab/hp
http://purl.obolibrary.org/obo/HP_0410156,http://purl.obolibrary.org/obo/UBERON_0001008,https://purl.humanatlas.io/vocab/hp#characteristic_of,https://purl.humanatlas.io/vocab/hp
http://purl.obolibrary.org/obo/HP_0410156,http://purl.obolibrary.org/obo/UBERON_0001008,https://purl.humanatlas.io/vocab/hp#characteristic_of_part_of,https://purl.humanatlas.io/vocab/hp
http://purl.obolibrary.org/obo/HP_0410309,http://purl.obolibrary.org/obo/UBERON_0001008,https://purl.humanatlas.io/vocab/hp#characteristic_of,https://purl.humanatlas.io/vocab/hp
http://purl.obolibrary.org/obo/HP_0410309,http://purl.obolibrary.org/obo/UBERON_0001008,https://purl.humanatlas.io/vocab/hp#characteristic_of_part_of,https://purl.humanatlas.io/vocab/hp
http://purl.obolibrary.org/obo/HP_0410313,http://purl.obolibrary.org/obo/UBERON_0001008,https://purl.humanatlas.io/vocab/hp#characteristic_of,https://purl.humanatlas.io/vocab/hp
http://purl.obolibrary.org/obo/HP_0410313,http://purl.obolibrary.org/obo/UBERON_0001008,https://purl.humanatlas.io/vocab/hp#characteristic_of_part_of,https://purl.humanatlas.io/vocab/hp
http://purl.obolibrary.org/obo/HP_0410314,http://purl.obolibrary.org/obo/UBERON_0001008,https://purl.humanatlas.io/vocab/hp#characteristic_of,https://purl.humanatlas.io/vocab/hp
http://purl.obolibrary.org/obo/HP_0410314,http://purl.obolibrary.org/obo/UBERON_0001008,https://purl.humanatlas.io/vocab/hp#characteristic_of_part_of,https://purl.humanatlas.io/vocab/hp
http://purl.obolibrary.org/obo/HP_0410315,http://purl.obolibrary.org/obo/UBERON_0001008,https://purl.humanatlas.io/vocab/hp#characteristic_of,https://purl.humanatlas.io/vocab/hp
http://purl.obolibrary.org/obo/HP_0410315,http://purl.obolibrary.org/obo/UBERON_0001008,https://purl.humanatlas.io/vocab/hp#characteristic_of_part_of,https://purl.humanatlas.io/vocab/hp
http://purl.obolibrary.org/obo/HP_0410316,http://purl.obolibrary.org/obo/UBERON_0001008,https://purl.humanatlas.io/vocab/hp#characteristic_of,https://purl.humanatlas.io/vocab/hp
http://purl.obolibrary.org/obo/HP_0410316,http://purl.obolibrary.org/obo/UBERON_0001008,https://purl.humanatlas.io/vocab/hp#characteristic_of_part_of,https://purl.humanatlas.io/vocab/hp
http://purl.obolibrary.org/obo/HP_0410317,http://purl.obolibrary.org/obo/UBERON_0001008,https://purl.humanatlas.io/vocab/hp#characteristic_of,https://purl.humanatlas.io/vocab/hp
http://purl.obolibrary.org/obo/HP_0410317,http://purl.obolibrary.org/obo/UBERON_0001008,https://purl.humanatlas.io/vocab/hp#characteristic_of_part_of,https://purl.humanatlas.io/vocab/hp
http://purl.obolibrary.org/obo/HP_0410318,http://purl.obolibrary.org/obo/UBERON_0001008,https://purl.humanatlas.io/vocab/hp#characteristic_of,https://purl.humanatlas.io/vocab/hp
http://purl.obolibrary.org/obo/HP_0410318,http://purl.obolibrary.org/obo/UBERON_0001008,https://purl.humanatlas.io/vocab/hp#characteristic_of_part_of,https://purl.humanatlas.io/vocab/hp
http://purl.obolibrary.org/obo/HP_0410345,http://purl.obolibrary.org/obo/UBERON_0001008,https://purl.humanatlas.io/vocab/hp#characteristic_of,https://purl.humanatlas.io/vocab/hp
http://purl.obolibrary.org/obo/HP_0410345,http://purl.obolibrary.org/obo/UBERON_0001008,https://purl.humanatlas.io/vocab/hp#characteristic_of_part_of,https://purl.humanatlas.io/vocab/hp
http://purl.obolibrary.org/obo/HP_0410346,http://purl.obolibrary.org/obo/UBERON_0001008,https://purl.humanatlas.io/vocab/hp#characteristic_of,https://purl.humanatlas.io/vocab/hp
http://purl.obolibrary.org/obo/HP_0410346,http://purl.obolibrary.org/obo/UBERON_0001008,https://purl.humanatlas.io/vocab/hp#characteristic_of_part_of,https://purl.humanatlas.io/vocab/hp
http://purl.obolibrary.org/obo/HP_0410347,http://purl.obolibrary.org/obo/UBERON_0001008,https://purl.humanatlas.io/vocab/hp#characteristic_of,https://purl.humanatlas.io/vocab/hp
http://purl.obolibrary.org/obo/HP_0410347,http://purl.obolibrary.org/obo/UBERON_0001008,https://purl.humanatlas.io/vocab/hp#characteristic_of_part_of,https://purl.humanatlas.io/vocab/hp
http://purl.obolibrary.org/obo/HP_0410348,http://purl.obolibrary.org/obo/UBERON_0001008,https://purl.humanatlas.io/vocab/hp#characteristic_of,https://purl.humanatlas.io/vocab/hp
http://purl.obolibrary.org/obo/HP_0410348,http://purl.obolibrary.org/obo/UBERON_0001008,https://purl.humanatlas.io/vocab/hp#characteristic_of_part_of,https://purl.humanatlas.io/vocab/hp
http://purl.obolibrary.org/obo/HP_0410350,http://purl.obolibrary.org/obo/UBERON_0001008,https://purl.humanatlas.io/vocab/hp#characteristic_of,https://purl.humanatlas.io/vocab/hp
http://purl.obolibrary.org/obo/HP_0410350,http://purl.obolibrary.org/obo/UBERON_0001008,https://purl.humanatlas.io/vocab/hp#characteristic_of_part_of,https://purl.humanatlas.io/vocab/hp
http://purl.obolibrary.org/obo/HP_0430137,http://purl.obolibrary.org/obo/UBERON_0001008,https://purl.humanatlas.io/vocab/hp#characteristic_of,https://purl.humanatlas.io/vocab/hp
http://purl.obolibrary.org/obo/HP_0430137,http://purl.obolibrary.org/obo/UBERON_0001008,https://purl.humanatlas.io/vocab/hp#characteristic_of_part_of,https://purl.humanatlas.io/vocab/hp
http://purl.obolibrary.org/obo/HP_0500006,http://purl.obolibrary.org/obo/UBERON_0001556,https://purl.humanatlas.io/vocab/hp#characteristic_of_part_of,https://purl.humanatlas.io/vocab/hp
http://purl.obolibrary.org/obo/HP_0500006,http://purl.obolibrary.org/obo/UBERON_0001008,https://purl.humanatlas.io/vocab/hp#characteristic_of_part_of,https://purl.humanatlas.io/vocab/hp
http://purl.obolibrary.org/obo/HP_0500170,http://purl.obolibrary.org/obo/UBERON_0001008,https://purl.humanatlas.io/vocab/hp#characteristic_of,https://purl.humanatlas.io/vocab/hp
http://purl.obolibrary.org/obo/HP_0500170,http://purl.obolibrary.org/obo/UBERON_0001008,https://purl.humanatlas.io/vocab/hp#characteristic_of_part_of,https://purl.humanatlas.io/vocab/hp
http://purl.obolibrary.org/obo/HP_0500251,http://purl.obolibrary.org/obo/UBERON_0001008,https://purl.humanatlas.io/vocab/hp#characteristic_of,https://purl.humanatlas.io/vocab/hp
http://purl.obolibrary.org/obo/HP_0500251,http://purl.obolibrary.org/obo/UBERON_0001008,https://purl.humanatlas.io/vocab/hp#characteristic_of_part_of,https://purl.humanatlas.io/vocab/hp
http://purl.obolibrary.org/obo/HP_0500252,http://purl.obolibrary.org/obo/UBERON_0001008,https://purl.humanatlas.io/vocab/hp#characteristic_of,https://purl.humanatlas.io/vocab/hp
http://purl.obolibrary.org/obo/HP_0500252,http://purl.obolibrary.org/obo/UBERON_0001008,https://purl.humanatlas.io/vocab/hp#characteristic_of_part_of,https://purl.humanatlas.io/vocab/hp
http://purl.obolibrary.org/obo/HP_0500253,http://purl.obolibrary.org/obo/UBERON_0001008,https://purl.humanatlas.io/vocab/hp#characteristic_of,https://purl.humanatlas.io/vocab/hp
http://purl.obolibrary.org/obo/HP_0500253,http://purl.obolibrary.org/obo/UBERON_0001008,https://purl.humanatlas.io/vocab/hp#characteristic_of_part_of,https://purl.humanatlas.io/vocab/hp
http://purl.obolibrary.org/obo/HP_0500254,http://purl.obolibrary.org/obo/UBERON_0001008,https://purl.humanatlas.io/vocab/hp#characteristic_of,https://purl.humanatlas.io/vocab/hp
http://purl.obolibrary.org/obo/HP_0500254,http://purl.obolibrary.org/obo/UBERON_0001008,https://purl.humanatlas.io/vocab/hp#characteristic_of_part_of,https://purl.humanatlas.io/vocab/hp
http://purl.obolibrary.org/obo/HP_0500255,http://purl.obolibrary.org/obo/UBERON_0001008,https://purl.humanatlas.io/vocab/hp#characteristic_of,https://purl.humanatlas.io/vocab/hp
http://purl.obolibrary.org/obo/HP_0500255,http://purl.obolibrary.org/obo/UBERON_0001008,https://purl.humanatlas.io/vocab/hp#characteristic_of_part_of,https://purl.humanatlas.io/vocab/hp
http://purl.obolibrary.org/obo/HP_0500256,http://purl.obolibrary.org/obo/UBERON_0001008,https://purl.humanatlas.io/vocab/hp#characteristic_of,https://purl.humanatlas.io/vocab/hp
http://purl.obolibrary.org/obo/HP_0500256,http://purl.obolibrary.org/obo/UBERON_0001008,https://purl.humanatlas.io/vocab/hp#characteristic_of_part_of,https://purl.humanatlas.io/vocab/hp
http://purl.obolibrary.org/obo/HP_0500257,http://purl.obolibrary.org/obo/UBERON_0001008,https://purl.humanatlas.io/vocab/hp#characteristic_of,https://purl.humanatlas.io/vocab/hp
http://purl.obolibrary.org/obo/HP_0500257,http://purl.obolibrary.org/obo/UBERON_0001008,https://purl.humanatlas.io/vocab/hp#characteristic_of_part_of,https://purl.humanatlas.io/vocab/hp
http://purl.obolibrary.org/obo/HP_4000010,http://purl.obolibrary.org/obo/UBERON_0001231,https://purl.humanatlas.io/vocab/hp#characteristic_of,https://purl.humanatlas.io/vocab/hp
http://purl.obolibrary.org/obo/HP_4000010,http://purl.obolibrary.org/obo/UBERON_0002113,https://purl.humanatlas.io/vocab/hp#characteristic_of,https://purl.humanatlas.io/vocab/hp
http://purl.obolibrary.org/obo/HP_4000010,http://purl.obolibrary.org/obo/UBERON_0002113,https://purl.humanatlas.io/vocab/hp#characteristic_of_part_of,https://purl.humanatlas.io/vocab/hp
http://purl.obolibrary.org/obo/HP_4000010,http://purl.obolibrary.org/obo/UBERON_0011143,https://purl.humanatlas.io/vocab/hp#characteristic_of_part_of,https://purl.humanatlas.io/vocab/hp
http://purl.obolibrary.org/obo/HP_4000010,http://purl.obolibrary.org/obo/UBERON_0001008,https://purl.humanatlas.io/vocab/hp#characteristic_of_part_of,https://purl.humanatlas.io/vocab/hp
http://purl.obolibrary.org/obo/HP_4000010,http://purl.obolibrary.org/obo/UBERON_0001008,https://purl.humanatlas.io/vocab/hp#characteristic_of,https://purl.humanatlas.io/vocab/hp
http://purl.obolibrary.org/obo/HP_4000035,http://purl.obolibrary.org/obo/UBERON_0000056,https://purl.humanatlas.io/vocab/hp#characteristic_of,https://purl.humanatlas.io/vocab/hp
http://purl.obolibrary.org/obo/HP_4000035,http://purl.obolibrary.org/obo/UBERON_0000056,https://purl.humanatlas.io/vocab/hp#characteristic_of_part_of,https://purl.humanatlas.io/vocab/hp
http://purl.obolibrary.org/obo/HP_4000035,http://purl.obolibrary.org/obo/UBERON_0011143,https://purl.humanatlas.io/vocab/hp#characteristic_of_part_of,https://purl.humanatlas.io/vocab/hp
http://purl.obolibrary.org/obo/HP_4000035,http://purl.obolibrary.org/obo/UBERON_0001008,https://purl.humanatlas.io/vocab/hp#characteristic_of_part_of,https://purl.humanatlas.io/vocab/hp
http://purl.obolibrary.org/obo/HP_4000058,http://purl.obolibrary.org/obo/UBERON_0001008,https://purl.humanatlas.io/vocab/hp#characteristic_of,https://purl.humanatlas.io/vocab/hp
http://purl.obolibrary.org/obo/HP_4000058,http://purl.obolibrary.org/obo/UBERON_0001008,https://purl.humanatlas.io/vocab/hp#characteristic_of_part_of,https://purl.humanatlas.io/vocab/hp
http://purl.obolibrary.org/obo/HP_6000073,http://purl.obolibrary.org/obo/UBERON_0002113,https://purl.humanatlas.io/vocab/hp#characteristic_of_part_of,https://purl.humanatlas.io/vocab/hp
http://purl.obolibrary.org/obo/HP_6000073,http://purl.obolibrary.org/obo/UBERON_0011143,https://purl.humanatlas.io/vocab/hp#characteristic_of_part_of,https://purl.humanatlas.io/vocab/hp
http://purl.obolibrary.org/obo/HP_6000073,http://purl.obolibrary.org/obo/UBERON_0001008,https://purl.humanatlas.io/vocab/hp#characteristic_of_part_of,https://purl.humanatlas.io/vocab/hp
http://purl.obolibrary.org/obo/HP_6000076,http://purl.obolibrary.org/obo/UBERON_0002113,https://purl.humanatlas.io/vocab/hp#characteristic_of_part_of,https://purl.humanatlas.io/vocab/hp
http://purl.obolibrary.org/obo/HP_6000076,http://purl.obolibrary.org/obo/UBERON_0011143,https://purl.humanatlas.io/vocab/hp#characteristic_of_part_of,https://purl.humanatlas.io/vocab/hp
http://purl.obolibrary.org/obo/HP_6000076,http://purl.obolibrary.org/obo/UBERON_0001008,https://purl.humanatlas.io/vocab/hp#characteristic_of_part_of,https://purl.humanatlas.io/vocab/hp
http://purl.obolibrary.org/obo/HP_6000108,http://purl.obolibrary.org/obo/UBERON_0001556,https://purl.humanatlas.io/vocab/hp#characteristic_of_part_of,https://purl.humanatlas.io/vocab/hp
http://purl.obolibrary.org/obo/HP_6000108,http://purl.obolibrary.org/obo/UBERON_0001008,https://purl.humanatlas.io/vocab/hp#characteristic_of_part_of,https://purl.humanatlas.io/vocab/hp
http://purl.obolibrary.org/obo/HP_6000113,http://purl.obolibrary.org/obo/UBERON_0001008,https://purl.humanatlas.io/vocab/hp#characteristic_of,https://purl.humanatlas.io/vocab/hp
http://purl.obolibrary.org/obo/HP_6000113,http://purl.obolibrary.org/obo/UBERON_0001008,https://purl.humanatlas.io/vocab/hp#characteristic_of_part_of,https://purl.humanatlas.io/vocab/hp
http://purl.obolibrary.org/obo/HP_6000114,http://purl.obolibrary.org/obo/UBERON_0001008,https://purl.humanatlas.io/vocab/hp#characteristic_of,https://purl.humanatlas.io/vocab/hp
http://purl.obolibrary.org/obo/HP_6000114,http://purl.obolibrary.org/obo/UBERON_0001008,https://purl.humanatlas.io/vocab/hp#characteristic_of_part_of,https://purl.humanatlas.io/vocab/hp
http://purl.obolibrary.org/obo/HP_6000115,http://purl.obolibrary.org/obo/UBERON_0001008,https://purl.humanatlas.io/vocab/hp#characteristic_of,https://purl.humanatlas.io/vocab/hp
http://purl.obolibrary.org/obo/HP_6000115,http://purl.obolibrary.org/obo/UBERON_0001008,https://purl.humanatlas.io/vocab/hp#characteristic_of_part_of,https://purl.humanatlas.io/vocab/hp
http://purl.obolibrary.org/obo/HP_6000116,http://purl.obolibrary.org/obo/UBERON_0001008,https://purl.humanatlas.io/vocab/hp#characteristic_of,https://purl.humanatlas.io/vocab/hp
http://purl.obolibrary.org/obo/HP_6000116,http://purl.obolibrary.org/obo/UBERON_0001008,https://purl.humanatlas.io/vocab/hp#characteristic_of_part_of,https://purl.humanatlas.io/vocab/hp
http://purl.obolibrary.org/obo/HP_6000118,http://purl.obolibrary.org/obo/UBERON_0001008,https://purl.humanatlas.io/vocab/hp#characteristic_of,https://purl.humanatlas.io/vocab/hp
http://purl.obolibrary.org/obo/HP_6000118,http://purl.obolibrary.org/obo/UBERON_0001008,https://purl.humanatlas.io/vocab/hp#characteristic_of_part_of,https://purl.humanatlas.io/vocab/hp
http://purl.obolibrary.org/obo/HP_6000119,http://purl.obolibrary.org/obo/UBERON_0001008,https://purl.humanatlas.io/vocab/hp#characteristic_of,https://purl.humanatlas.io/vocab/hp
http://purl.obolibrary.org/obo/HP_6000119,http://purl.obolibrary.org/obo/UBERON_0001008,https://purl.humanatlas.io/vocab/hp#characteristic_of_part_of,https://purl.humanatlas.io/vocab/hp
http://purl.obolibrary.org/obo/HP_6000120,http://purl.obolibrary.org/obo/UBERON_0001008,https://purl.humanatlas.io/vocab/hp#characteristic_of,https://purl.humanatlas.io/vocab/hp
http://purl.obolibrary.org/obo/HP_6000120,http://purl.obolibrary.org/obo/UBERON_0001008,https://purl.humanatlas.io/vocab/hp#characteristic_of_part_of,https://purl.humanatlas.io/vocab/hp
http://purl.obolibrary.org/obo/HP_6000121,http://purl.obolibrary.org/obo/UBERON_0001008,https://purl.humanatlas.io/vocab/hp#characteristic_of,https://purl.humanatlas.io/vocab/hp
http://purl.obolibrary.org/obo/HP_6000121,http://purl.obolibrary.org/obo/UBERON_0001008,https://purl.humanatlas.io/vocab/hp#characteristic_of_part_of,https://purl.humanatlas.io/vocab/hp
http://purl.obolibrary.org/obo/HP_6000122,http://purl.obolibrary.org/obo/UBERON_0001008,https://purl.humanatlas.io/vocab/hp#characteristic_of,https://purl.humanatlas.io/vocab/hp
http://purl.obolibrary.org/obo/HP_6000122,http://purl.obolibrary.org/obo/UBERON_0001008,https://purl.humanatlas.io/vocab/hp#characteristic_of_part_of,https://purl.humanatlas.io/vocab/hp
http://purl.obolibrary.org/obo/HP_6000123,http://purl.obolibrary.org/obo/UBERON_0001008,https://purl.humanatlas.io/vocab/hp#characteristic_of,https://purl.humanatlas.io/vocab/hp
http://purl.obolibrary.org/obo/HP_6000123,http://purl.obolibrary.org/obo/UBERON_0001008,https://purl.humanatlas.io/vocab/hp#characteristic_of_part_of,https://purl.humanatlas.io/vocab/hp
http://purl.obolibrary.org/obo/HP_6000124,http://purl.obolibrary.org/obo/UBERON_0001008,https://purl.humanatlas.io/vocab/hp#characteristic_of,https://purl.humanatlas.io/vocab/hp
http://purl.obolibrary.org/obo/HP_6000124,http://purl.obolibrary.org/obo/UBERON_0001008,https://purl.humanatlas.io/vocab/hp#characteristic_of_part_of,https://purl.humanatlas.io/vocab/hp
http://purl.obolibrary.org/obo/HP_6000125,http://purl.obolibrary.org/obo/UBERON_0001008,https://purl.humanatlas.io/vocab/hp#characteristic_of,https://purl.humanatlas.io/vocab/hp
http://purl.obolibrary.org/obo/HP_6000125,http://purl.obolibrary.org/obo/UBERON_0001008,https://purl.humanatlas.io/vocab/hp#characteristic_of_part_of,https://purl.humanatlas.io/vocab/hp
http://purl.obolibrary.org/obo/HP_6000126,http://purl.obolibrary.org/obo/UBERON_0001008,https://purl.humanatlas.io/vocab/hp#characteristic_of,https://purl.humanatlas.io/vocab/hp
http://purl.obolibrary.org/obo/HP_6000126,http://purl.obolibrary.org/obo/UBERON_0001008,https://purl.humanatlas.io/vocab/hp#characteristic_of_part_of,https://purl.humanatlas.io/vocab/hp
http://purl.obolibrary.org/obo/HP_6000127,http://purl.obolibrary.org/obo/UBERON_0001008,https://purl.humanatlas.io/vocab/hp#characteristic_of,https://purl.humanatlas.io/vocab/hp
http://purl.obolibrary.org/obo/HP_6000127,http://purl.obolibrary.org/obo/UBERON_0001008,https://purl.humanatlas.io/vocab/hp#characteristic_of_part_of,https://purl.humanatlas.io/vocab/hp
http://purl.obolibrary.org/obo/HP_6000128,http://purl.obolibrary.org/obo/UBERON_0001008,https://purl.humanatlas.io/vocab/hp#characteristic_of,https://purl.humanatlas.io/vocab/hp
http://purl.obolibrary.org/obo/HP_6000128,http://purl.obolibrary.org/obo/UBERON_0001008,https://purl.humanatlas.io/vocab/hp#characteristic_of_part_of,https://purl.humanatlas.io/vocab/hp
http://purl.obolibrary.org/obo/HP_6000129,http://purl.obolibrary.org/obo/UBERON_0001008,https://purl.humanatlas.io/vocab/hp#characteristic_of,https://purl.humanatlas.io/vocab/hp
http://purl.obolibrary.org/obo/HP_6000129,http://purl.obolibrary.org/obo/UBERON_0001008,https://purl.humanatlas.io/vocab/hp#characteristic_of_part_of,https://purl.humanatlas.io/vocab/hp
http://purl.obolibrary.org/obo/HP_6000130,http://purl.obolibrary.org/obo/UBERON_0001008,https://purl.humanatlas.io/vocab/hp#characteristic_of,https://purl.humanatlas.io/vocab/hp
http://purl.obolibrary.org/obo/HP_6000130,http://purl.obolibrary.org/obo/UBERON_0001008,https://purl.humanatlas.io/vocab/hp#characteristic_of_part_of,https://purl.humanatlas.io/vocab/hp
http://purl.obolibrary.org/obo/HP_6000254,http://purl.obolibrary.org/obo/UBERON_0001231,https://purl.humanatlas.io/vocab/hp#characteristic_of_part_of,https://purl.humanatlas.io/vocab/hp
http://purl.obolibrary.org/obo/HP_6000254,http://purl.obolibrary.org/obo/UBERON_0001285,https://purl.humanatlas.io/vocab/hp#characteristic_of_part_of,https://purl.humanatlas.io/vocab/hp
http://purl.obolibrary.org/obo/HP_6000254,http://purl.obolibrary.org/obo/UBERON_0002113,https://purl.humanatlas.io/vocab/hp#characteristic_of_part_of,https://purl.humanatlas.io/vocab/hp
http://purl.obolibrary.org/obo/HP_6000254,http://purl.obolibrary.org/obo/UBERON_0011143,https://purl.humanatlas.io/vocab/hp#characteristic_of_part_of,https://purl.humanatlas.io/vocab/hp
http://purl.obolibrary.org/obo/HP_6000254,http://purl.obolibrary.org/obo/UBERON_0001008,https://purl.humanatlas.io/vocab/hp#characteristic_of_part_of,https://purl.humanatlas.io/vocab/hp
http://purl.obolibrary.org/obo/HP_6000265,http://purl.obolibrary.org/obo/UBERON_0001008,https://purl.humanatlas.io/vocab/hp#characteristic_of,https://purl.humanatlas.io/vocab/hp
http://purl.obolibrary.org/obo/HP_6000265,http://purl.obolibrary.org/obo/UBERON_0001008,https://purl.humanatlas.io/vocab/hp#characteristic_of_part_of,https://purl.humanatlas.io/vocab/hp
http://purl.obolibrary.org/obo/HP_6000266,http://purl.obolibrary.org/obo/UBERON_0001008,https://purl.humanatlas.io/vocab/hp#characteristic_of,https://purl.humanatlas.io/vocab/hp
http://purl.obolibrary.org/obo/HP_6000266,http://purl.obolibrary.org/obo/UBERON_0001008,https://purl.humanatlas.io/vocab/hp#characteristic_of_part_of,https://purl.humanatlas.io/vocab/hp
http://purl.obolibrary.org/obo/HP_6000269,http://purl.obolibrary.org/obo/UBERON_0001008,https://purl.humanatlas.io/vocab/hp#characteristic_of,https://purl.humanatlas.io/vocab/hp
http://purl.obolibrary.org/obo/HP_6000269,http://purl.obolibrary.org/obo/UBERON_0001008,https://purl.humanatlas.io/vocab/hp#characteristic_of_part_of,https://purl.humanatlas.io/vocab/hp
http://purl.obolibrary.org/obo/HP_6000274,http://purl.obolibrary.org/obo/UBERON_0001008,https://purl.humanatlas.io/vocab/hp#characteristic_of,https://purl.humanatlas.io/vocab/hp
http://purl.obolibrary.org/obo/HP_6000274,http://purl.obolibrary.org/obo/UBERON_0001008,https://purl.humanatlas.io/vocab/hp#characteristic_of_part_of,https://purl.humanatlas.io/vocab/hp
http://purl.obolibrary.org/obo/HP_6000275,http://purl.obolibrary.org/obo/UBERON_0001008,https://purl.humanatlas.io/vocab/hp#characteristic_of,https://purl.humanatlas.io/vocab/hp
http://purl.obolibrary.org/obo/HP_6000275,http://purl.obolibrary.org/obo/UBERON_0001008,https://purl.humanatlas.io/vocab/hp#characteristic_of_part_of,https://purl.humanatlas.io/vocab/hp
http://purl.obolibrary.org/obo/HP_6000279,http://purl.obolibrary.org/obo/UBERON_0001008,https://purl.humanatlas.io/vocab/hp#characteristic_of,https://purl.humanatlas.io/vocab/hp
http://purl.obolibrary.org/obo/HP_6000279,http://purl.obolibrary.org/obo/UBERON_0001008,https://purl.humanatlas.io/vocab/hp#characteristic_of_part_of,https://purl.humanatlas.io/vocab/hp
http://purl.obolibrary.org/obo/HP_6000281,http://purl.obolibrary.org/obo/UBERON_0001008,https://purl.humanatlas.io/vocab/hp#characteristic_of,https://purl.humanatlas.io/vocab/hp
http://purl.obolibrary.org/obo/HP_6000281,http://purl.obolibrary.org/obo/UBERON_0001008,https://purl.humanatlas.io/vocab/hp#characteristic_of_part_of,https://purl.humanatlas.io/vocab/hp
http://purl.obolibrary.org/obo/HP_6000283,http://purl.obolibrary.org/obo/UBERON_0001008,https://purl.humanatlas.io/vocab/hp#characteristic_of,https://purl.humanatlas.io/vocab/hp
http://purl.obolibrary.org/obo/HP_6000283,http://purl.obolibrary.org/obo/UBERON_0001008,https://purl.humanatlas.io/vocab/hp#characteristic_of_part_of,https://purl.humanatlas.io/vocab/hp
http://purl.obolibrary.org/obo/HP_6000330,http://purl.obolibrary.org/obo/UBERON_0001008,https://purl.humanatlas.io/vocab/hp#characteristic_of,https://purl.humanatlas.io/vocab/hp
http://purl.obolibrary.org/obo/HP_6000330,http://purl.obolibrary.org/obo/UBERON_0001008,https://purl.humanatlas.io/vocab/hp#characteristic_of_part_of,https://purl.humanatlas.io/vocab/hp
http://purl.obolibrary.org/obo/HP_6000331,http://purl.obolibrary.org/obo/UBERON_0001008,https://purl.humanatlas.io/vocab/hp#characteristic_of,https://purl.humanatlas.io/vocab/hp
http://purl.obolibrary.org/obo/HP_6000331,http://purl.obolibrary.org/obo/UBERON_0001008,https://purl.humanatlas.io/vocab/hp#characteristic_of_part_of,https://purl.humanatlas.io/vocab/hp
http://purl.obolibrary.org/obo/HP_6000332,http://purl.obolibrary.org/obo/UBERON_0001008,https://purl.humanatlas.io/vocab/hp#characteristic_of,https://purl.humanatlas.io/vocab/hp
http://purl.obolibrary.org/obo/HP_6000332,http://purl.obolibrary.org/obo/UBERON_0001008,https://purl.humanatlas.io/vocab/hp#characteristic_of_part_of,https://purl.humanatlas.io/vocab/hp
http://purl.obolibrary.org/obo/HP_6000335,http://purl.obolibrary.org/obo/UBERON_0001008,https://purl.humanatlas.io/vocab/hp#characteristic_of,https://purl.humanatlas.io/vocab/hp
http://purl.obolibrary.org/obo/HP_6000335,http://purl.obolibrary.org/obo/UBERON_0001008,https://purl.humanatlas.io/vocab/hp#characteristic_of_part_of,https://purl.humanatlas.io/vocab/hp
http://purl.obolibrary.org/obo/HP_6000368,http://purl.obolibrary.org/obo/UBERON_0002113,https://purl.humanatlas.io/vocab/hp#characteristic_of_part_of,https://purl.humanatlas.io/vocab/hp
http://purl.obolibrary.org/obo/HP_6000368,http://purl.obolibrary.org/obo/UBERON_0011143,https://purl.humanatlas.io/vocab/hp#characteristic_of_part_of,https://purl.humanatlas.io/vocab/hp
http://purl.obolibrary.org/obo/HP_6000368,http://purl.obolibrary.org/obo/UBERON_0001008,https://purl.humanatlas.io/vocab/hp#characteristic_of_part_of,https://purl.humanatlas.io/vocab/hp
http://purl.obolibrary.org/obo/HP_6000389,http://purl.obolibrary.org/obo/UBERON_0001008,https://purl.humanatlas.io/vocab/hp#characteristic_of,https://purl.humanatlas.io/vocab/hp
http://purl.obolibrary.org/obo/HP_6000389,http://purl.obolibrary.org/obo/UBERON_0001008,https://purl.humanatlas.io/vocab/hp#characteristic_of_part_of,https://purl.humanatlas.io/vocab/hp
http://purl.obolibrary.org/obo/HP_6000390,http://purl.obolibrary.org/obo/UBERON_0001008,https://purl.humanatlas.io/vocab/hp#characteristic_of,https://purl.humanatlas.io/vocab/hp
http://purl.obolibrary.org/obo/HP_6000390,http://purl.obolibrary.org/obo/UBERON_0001008,https://purl.humanatlas.io/vocab/hp#characteristic_of_part_of,https://purl.humanatlas.io/vocab/hp
http://purl.obolibrary.org/obo/HP_6000391,http://purl.obolibrary.org/obo/UBERON_0001008,https://purl.humanatlas.io/vocab/hp#characteristic_of,https://purl.humanatlas.io/vocab/hp
http://purl.obolibrary.org/obo/HP_6000391,http://purl.obolibrary.org/obo/UBERON_0001008,https://purl.humanatlas.io/vocab/hp#characteristic_of_part_of,https://purl.humanatlas.io/vocab/hp
http://purl.obolibrary.org/obo/HP_6000392,http://purl.obolibrary.org/obo/UBERON_0001008,https://purl.humanatlas.io/vocab/hp#characteristic_of,https://purl.humanatlas.io/vocab/hp
http://purl.obolibrary.org/obo/HP_6000392,http://purl.obolibrary.org/obo/UBERON_0001008,https://purl.humanatlas.io/vocab/hp#characteristic_of_part_of,https://purl.humanatlas.io/vocab/hp
http://purl.obolibrary.org/obo/HP_6000393,http://purl.obolibrary.org/obo/UBERON_0001008,https://purl.humanatlas.io/vocab/hp#characteristic_of,https://purl.humanatlas.io/vocab/hp
http://purl.obolibrary.org/obo/HP_6000393,http://purl.obolibrary.org/obo/UBERON_0001008,https://purl.humanatlas.io/vocab/hp#characteristic_of_part_of,https://purl.humanatlas.io/vocab/hp
http://purl.obolibrary.org/obo/HP_6000413,http://purl.obolibrary.org/obo/UBERON_0000056,https://purl.humanatlas.io/vocab/hp#characteristic_of_part_of,https://purl.humanatlas.io/vocab/hp
http://purl.obolibrary.org/obo/HP_6000413,http://purl.obolibrary.org/obo/UBERON_0011143,https://purl.humanatlas.io/vocab/hp#characteristic_of_part_of,https://purl.humanatlas.io/vocab/hp
http://purl.obolibrary.org/obo/HP_6000413,http://purl.obolibrary.org/obo/UBERON_0001008,https://purl.humanatlas.io/vocab/hp#characteristic_of_part_of,https://purl.humanatlas.io/vocab/hp
http://purl.obolibrary.org/obo/HP_6000428,http://purl.obolibrary.org/obo/UBERON_0000074,https://purl.humanatlas.io/vocab/hp#characteristic_of_part_of,https://purl.humanatlas.io/vocab/hp
http://purl.obolibrary.org/obo/HP_6000428,http://purl.obolibrary.org/obo/UBERON_0001225,https://purl.humanatlas.io/vocab/hp#characteristic_of,https://purl.humanatlas.io/vocab/hp
http://purl.obolibrary.org/obo/HP_6000428,http://purl.obolibrary.org/obo/UBERON_0002113,https://purl.humanatlas.io/vocab/hp#characteristic_of_part_of,https://purl.humanatlas.io/vocab/hp
http://purl.obolibrary.org/obo/HP_6000428,http://purl.obolibrary.org/obo/UBERON_0011143,https://purl.humanatlas.io/vocab/hp#characteristic_of_part_of,https://purl.humanatlas.io/vocab/hp
http://purl.obolibrary.org/obo/HP_6000428,http://purl.obolibrary.org/obo/UBERON_0001008,https://purl.humanatlas.io/vocab/hp#characteristic_of_part_of,https://purl.humanatlas.io/vocab/hp
http://purl.obolibrary.org/obo/HP_6000428,http://purl.obolibrary.org/obo/UBERON_0001285,https://purl.humanatlas.io/vocab/hp#characteristic_of_part_of,https://purl.humanatlas.io/vocab/hp
http://purl.obolibrary.org/obo/HP_6000429,http://purl.obolibrary.org/obo/UBERON_0001231,https://purl.humanatlas.io/vocab/hp#characteristic_of_part_of,https://purl.humanatlas.io/vocab/hp
http://purl.obolibrary.org/obo/HP_6000429,http://purl.obolibrary.org/obo/UBERON_0001285,https://purl.humanatlas.io/vocab/hp#characteristic_of_part_of,https://purl.humanatlas.io/vocab/hp
http://purl.obolibrary.org/obo/HP_6000429,http://purl.obolibrary.org/obo/UBERON_0002113,https://purl.humanatlas.io/vocab/hp#characteristic_of_part_of,https://purl.humanatlas.io/vocab/hp
http://purl.obolibrary.org/obo/HP_6000429,http://purl.obolibrary.org/obo/UBERON_0011143,https://purl.humanatlas.io/vocab/hp#characteristic_of_part_of,https://purl.humanatlas.io/vocab/hp
http://purl.obolibrary.org/obo/HP_6000429,http://purl.obolibrary.org/obo/UBERON_0001008,https://purl.humanatlas.io/vocab/hp#characteristic_of_part_of,https://purl.humanatlas.io/vocab/hp
http://purl.obolibrary.org/obo/HP_6000431,http://purl.obolibrary.org/obo/UBERON_0001008,https://purl.humanatlas.io/vocab/hp#characteristic_of,https://purl.humanatlas.io/vocab/hp
http://purl.obolibrary.org/obo/HP_6000431,http://purl.obolibrary.org/obo/UBERON_0001008,https://purl.humanatlas.io/vocab/hp#characteristic_of_part_of,https://purl.humanatlas.io/vocab/hp
http://purl.obolibrary.org/obo/HP_6000432,http://purl.obolibrary.org/obo/UBERON_0001008,https://purl.humanatlas.io/vocab/hp#characteristic_of,https://purl.humanatlas.io/vocab/hp
http://purl.obolibrary.org/obo/HP_6000432,http://purl.obolibrary.org/obo/UBERON_0001008,https://purl.humanatlas.io/vocab/hp#characteristic_of_part_of,https://purl.humanatlas.io/vocab/hp
http://purl.obolibrary.org/obo/HP_6000433,http://purl.obolibrary.org/obo/UBERON_0001008,https://purl.humanatlas.io/vocab/hp#characteristic_of,https://purl.humanatlas.io/vocab/hp
http://purl.obolibrary.org/obo/HP_6000433,http://purl.obolibrary.org/obo/UBERON_0001008,https://purl.humanatlas.io/vocab/hp#characteristic_of_part_of,https://purl.humanatlas.io/vocab/hp
http://purl.obolibrary.org/obo/HP_6000434,http://purl.obolibrary.org/obo/UBERON_0001008,https://purl.humanatlas.io/vocab/hp#characteristic_of,https://purl.humanatlas.io/vocab/hp
http://purl.obolibrary.org/obo/HP_6000434,http://purl.obolibrary.org/obo/UBERON_0001008,https://purl.humanatlas.io/vocab/hp#characteristic_of_part_of,https://purl.humanatlas.io/vocab/hp
http://purl.obolibrary.org/obo/HP_6000438,http://purl.obolibrary.org/obo/UBERON_0001008,https://purl.humanatlas.io/vocab/hp#characteristic_of,https://purl.humanatlas.io/vocab/hp
http://purl.obolibrary.org/obo/HP_6000438,http://purl.obolibrary.org/obo/UBERON_0001008,https://purl.humanatlas.io/vocab/hp#characteristic_of_part_of,https://purl.humanatlas.io/vocab/hp
http://purl.obolibrary.org/obo/HP_6000465,http://purl.obolibrary.org/obo/UBERON_0001008,https://purl.humanatlas.io/vocab/hp#characteristic_of,https://purl.humanatlas.io/vocab/hp
http://purl.obolibrary.org/obo/HP_6000465,http://purl.obolibrary.org/obo/UBERON_0001008,https://purl.humanatlas.io/vocab/hp#characteristic_of_part_of,https://purl.humanatlas.io/vocab/hp
http://purl.obolibrary.org/obo/HP_6000466,http://purl.obolibrary.org/obo/UBERON_0001008,https://purl.humanatlas.io/vocab/hp#characteristic_of,https://purl.humanatlas.io/vocab/hp
http://purl.obolibrary.org/obo/HP_6000466,http://purl.obolibrary.org/obo/UBERON_0001008,https://purl.humanatlas.io/vocab/hp#characteristic_of_part_of,https://purl.humanatlas.io/vocab/hp
http://purl.obolibrary.org/obo/HP_6000467,http://purl.obolibrary.org/obo/UBERON_0001008,https://purl.humanatlas.io/vocab/hp#characteristic_of,https://purl.humanatlas.io/vocab/hp
http://purl.obolibrary.org/obo/HP_6000467,http://purl.obolibrary.org/obo/UBERON_0001008,https://purl.humanatlas.io/vocab/hp#characteristic_of_part_of,https://purl.humanatlas.io/vocab/hp
http://purl.obolibrary.org/obo/HP_6000469,http://purl.obolibrary.org/obo/UBERON_0001008,https://purl.humanatlas.io/vocab/hp#characteristic_of,https://purl.humanatlas.io/vocab/hp
http://purl.obolibrary.org/obo/HP_6000469,http://purl.obolibrary.org/obo/UBERON_0001008,https://purl.humanatlas.io/vocab/hp#characteristic_of_part_of,https://purl.humanatlas.io/vocab/hp
http://purl.obolibrary.org/obo/HP_6000477,http://purl.obolibrary.org/obo/UBERON_0001008,https://purl.humanatlas.io/vocab/hp#characteristic_of,https://purl.humanatlas.io/vocab/hp
http://purl.obolibrary.org/obo/HP_6000477,http://purl.obolibrary.org/obo/UBERON_0001008,https://purl.humanatlas.io/vocab/hp#characteristic_of_part_of,https://purl.humanatlas.io/vocab/hp
http://purl.obolibrary.org/obo/HP_6000479,http://purl.obolibrary.org/obo/UBERON_0001008,https://purl.humanatlas.io/vocab/hp#characteristic_of,https://purl.humanatlas.io/vocab/hp
http://purl.obolibrary.org/obo/HP_6000479,http://purl.obolibrary.org/obo/UBERON_0001008,https://purl.humanatlas.io/vocab/hp#characteristic_of_part_of,https://purl.humanatlas.io/vocab/hp
http://purl.obolibrary.org/obo/HP_6000480,http://purl.obolibrary.org/obo/UBERON_0001008,https://purl.humanatlas.io/vocab/hp#characteristic_of,https://purl.humanatlas.io/vocab/hp
http://purl.obolibrary.org/obo/HP_6000480,http://purl.obolibrary.org/obo/UBERON_0001008,https://purl.humanatlas.io/vocab/hp#characteristic_of_part_of,https://purl.humanatlas.io/vocab/hp
http://purl.obolibrary.org/obo/HP_6000481,http://purl.obolibrary.org/obo/UBERON_0001008,https://purl.humanatlas.io/vocab/hp#characteristic_of,https://purl.humanatlas.io/vocab/hp
http://purl.obolibrary.org/obo/HP_6000481,http://purl.obolibrary.org/obo/UBERON_0001008,https://purl.humanatlas.io/vocab/hp#characteristic_of_part_of,https://purl.humanatlas.io/vocab/hp
http://purl.obolibrary.org/obo/HP_6000524,http://purl.obolibrary.org/obo/UBERON_0001008,https://purl.humanatlas.io/vocab/hp#characteristic_of,https://purl.humanatlas.io/vocab/hp
http://purl.obolibrary.org/obo/HP_6000524,http://purl.obolibrary.org/obo/UBERON_0001008,https://purl.humanatlas.io/vocab/hp#characteristic_of_part_of,https://purl.humanatlas.io/vocab/hp
http://purl.obolibrary.org/obo/HP_6000531,http://purl.obolibrary.org/obo/UBERON_0001008,https://purl.humanatlas.io/vocab/hp#characteristic_of,https://purl.humanatlas.io/vocab/hp
http://purl.obolibrary.org/obo/HP_6000531,http://purl.obolibrary.org/obo/UBERON_0001008,https://purl.humanatlas.io/vocab/hp#characteristic_of_part_of,https://purl.humanatlas.io/vocab/hp
http://purl.obolibrary.org/obo/HP_6000532,http://purl.obolibrary.org/obo/UBERON_0001008,https://purl.humanatlas.io/vocab/hp#characteristic_of,https://purl.humanatlas.io/vocab/hp
http://purl.obolibrary.org/obo/HP_6000532,http://purl.obolibrary.org/obo/UBERON_0001008,https://purl.humanatlas.io/vocab/hp#characteristic_of_part_of,https://purl.humanatlas.io/vocab/hp
http://purl.obolibrary.org/obo/HP_6000533,http://purl.obolibrary.org/obo/UBERON_0001008,https://purl.humanatlas.io/vocab/hp#characteristic_of,https://purl.humanatlas.io/vocab/hp
http://purl.obolibrary.org/obo/HP_6000533,http://purl.obolibrary.org/obo/UBERON_0001008,https://purl.humanatlas.io/vocab/hp#characteristic_of_part_of,https://purl.humanatlas.io/vocab/hp
http://purl.obolibrary.org/obo/HP_6000534,http://purl.obolibrary.org/obo/UBERON_0001008,https://purl.humanatlas.io/vocab/hp#characteristic_of,https://purl.humanatlas.io/vocab/hp
http://purl.obolibrary.org/obo/HP_6000534,http://purl.obolibrary.org/obo/UBERON_0001008,https://purl.humanatlas.io/vocab/hp#characteristic_of_part_of,https://purl.humanatlas.io/vocab/hp
http://purl.obolibrary.org/obo/HP_6000535,http://purl.obolibrary.org/obo/UBERON_0001008,https://purl.humanatlas.io/vocab/hp#characteristic_of,https://purl.humanatlas.io/vocab/hp
http://purl.obolibrary.org/obo/HP_6000535,http://purl.obolibrary.org/obo/UBERON_0001008,https://purl.humanatlas.io/vocab/hp#characteristic_of_part_of,https://purl.humanatlas.io/vocab/hp
http://purl.obolibrary.org/obo/HP_6000536,http://purl.obolibrary.org/obo/UBERON_0001008,https://purl.humanatlas.io/vocab/hp#characteristic_of,https://purl.humanatlas.io/vocab/hp
http://purl.obolibrary.org/obo/HP_6000536,http://purl.obolibrary.org/obo/UBERON_0001008,https://purl.humanatlas.io/vocab/hp#characteristic_of_part_of,https://purl.humanatlas.io/vocab/hp
http://purl.obolibrary.org/obo/HP_6000598,http://purl.obolibrary.org/obo/UBERON_0001008,https://purl.humanatlas.io/vocab/hp#characteristic_of,https://purl.humanatlas.io/vocab/hp
http://purl.obolibrary.org/obo/HP_6000598,http://purl.obolibrary.org/obo/UBERON_0001008,https://purl.humanatlas.io/vocab/hp#characteristic_of_part_of,https://purl.humanatlas.io/vocab/hp
http://purl.obolibrary.org/obo/HP_6000599,http://purl.obolibrary.org/obo/UBERON_0001008,https://purl.humanatlas.io/vocab/hp#characteristic_of,https://purl.humanatlas.io/vocab/hp
http://purl.obolibrary.org/obo/HP_6000599,http://purl.obolibrary.org/obo/UBERON_0001008,https://purl.humanatlas.io/vocab/hp#characteristic_of_part_of,https://purl.humanatlas.io/vocab/hp
http://purl.obolibrary.org/obo/HP_6000600,http://purl.obolibrary.org/obo/UBERON_0001008,https://purl.humanatlas.io/vocab/hp#characteristic_of,https://purl.humanatlas.io/vocab/hp
http://purl.obolibrary.org/obo/HP_6000600,http://purl.obolibrary.org/obo/UBERON_0001008,https://purl.humanatlas.io/vocab/hp#characteristic_of_part_of,https://purl.humanatlas.io/vocab/hp
http://purl.obolibrary.org/obo/HP_6000601,http://purl.obolibrary.org/obo/UBERON_0001008,https://purl.humanatlas.io/vocab/hp#characteristic_of,https://purl.humanatlas.io/vocab/hp
http://purl.obolibrary.org/obo/HP_6000601,http://purl.obolibrary.org/obo/UBERON_0001008,https://purl.humanatlas.io/vocab/hp#characteristic_of_part_of,https://purl.humanatlas.io/vocab/hp
http://purl.obolibrary.org/obo/HP_6000602,http://purl.obolibrary.org/obo/UBERON_0001008,https://purl.humanatlas.io/vocab/hp#characteristic_of,https://purl.humanatlas.io/vocab/hp
http://purl.obolibrary.org/obo/HP_6000602,http://purl.obolibrary.org/obo/UBERON_0001008,https://purl.humanatlas.io/vocab/hp#characteristic_of_part_of,https://purl.humanatlas.io/vocab/hp
http://purl.obolibrary.org/obo/HP_6000603,http://purl.obolibrary.org/obo/UBERON_0001008,https://purl.humanatlas.io/vocab/hp#characteristic_of,https://purl.humanatlas.io/vocab/hp
http://purl.obolibrary.org/obo/HP_6000603,http://purl.obolibrary.org/obo/UBERON_0001008,https://purl.humanatlas.io/vocab/hp#characteristic_of_part_of,https://purl.humanatlas.io/vocab/hp
http://purl.obolibrary.org/obo/HP_6000604,http://purl.obolibrary.org/obo/UBERON_0001008,https://purl.humanatlas.io/vocab/hp#characteristic_of,https://purl.humanatlas.io/vocab/hp
http://purl.obolibrary.org/obo/HP_6000604,http://purl.obolibrary.org/obo/UBERON_0001008,https://purl.humanatlas.io/vocab/hp#characteristic_of_part_of,https://purl.humanatlas.io/vocab/hp
http://purl.obolibrary.org/obo/HP_6000605,http://purl.obolibrary.org/obo/UBERON_0001008,https://purl.humanatlas.io/vocab/hp#characteristic_of,https://purl.humanatlas.io/vocab/hp
http://purl.obolibrary.org/obo/HP_6000605,http://purl.obolibrary.org/obo/UBERON_0001008,https://purl.humanatlas.io/vocab/hp#characteristic_of_part_of,https://purl.humanatlas.io/vocab/hp
http://purl.obolibrary.org/obo/HP_6000606,http://purl.obolibrary.org/obo/UBERON_0001008,https://purl.humanatlas.io/vocab/hp#characteristic_of,https://purl.humanatlas.io/vocab/hp
http://purl.obolibrary.org/obo/HP_6000606,http://purl.obolibrary.org/obo/UBERON_0001008,https://purl.humanatlas.io/vocab/hp#characteristic_of_part_of,https://purl.humanatlas.io/vocab/hp
http://purl.obolibrary.org/obo/HP_6000607,http://purl.obolibrary.org/obo/UBERON_0001008,https://purl.humanatlas.io/vocab/hp#characteristic_of,https://purl.humanatlas.io/vocab/hp
http://purl.obolibrary.org/obo/HP_6000607,http://purl.obolibrary.org/obo/UBERON_0001008,https://purl.humanatlas.io/vocab/hp#characteristic_of_part_of,https://purl.humanatlas.io/vocab/hp
http://purl.obolibrary.org/obo/HP_6000609,http://purl.obolibrary.org/obo/UBERON_0001008,https://purl.humanatlas.io/vocab/hp#characteristic_of,https://purl.humanatlas.io/vocab/hp
http://purl.obolibrary.org/obo/HP_6000609,http://purl.obolibrary.org/obo/UBERON_0001008,https://purl.humanatlas.io/vocab/hp#characteristic_of_part_of,https://purl.humanatlas.io/vocab/hp
http://purl.obolibrary.org/obo/HP_6000620,http://purl.obolibrary.org/obo/UBERON_0001008,https://purl.humanatlas.io/vocab/hp#characteristic_of,https://purl.humanatlas.io/vocab/hp
http://purl.obolibrary.org/obo/HP_6000620,http://purl.obolibrary.org/obo/UBERON_0001008,https://purl.humanatlas.io/vocab/hp#characteristic_of_part_of,https://purl.humanatlas.io/vocab/hp
http://purl.obolibrary.org/obo/HP_6000621,http://purl.obolibrary.org/obo/UBERON_0001008,https://purl.humanatlas.io/vocab/hp#characteristic_of,https://purl.humanatlas.io/vocab/hp
http://purl.obolibrary.org/obo/HP_6000621,http://purl.obolibrary.org/obo/UBERON_0001008,https://purl.humanatlas.io/vocab/hp#characteristic_of_part_of,https://purl.humanatlas.io/vocab/hp
http://purl.obolibrary.org/obo/HP_6000622,http://purl.obolibrary.org/obo/UBERON_0001008,https://purl.humanatlas.io/vocab/hp#characteristic_of,https://purl.humanatlas.io/vocab/hp
http://purl.obolibrary.org/obo/HP_6000622,http://purl.obolibrary.org/obo/UBERON_0001008,https://purl.humanatlas.io/vocab/hp#characteristic_of_part_of,https://purl.humanatlas.io/vocab/hp
http://purl.obolibrary.org/obo/HP_6000623,http://purl.obolibrary.org/obo/UBERON_0001008,https://purl.humanatlas.io/vocab/hp#characteristic_of,https://purl.humanatlas.io/vocab/hp
http://purl.obolibrary.org/obo/HP_6000623,http://purl.obolibrary.org/obo/UBERON_0001008,https://purl.humanatlas.io/vocab/hp#characteristic_of_part_of,https://purl.humanatlas.io/vocab/hp
http://purl.obolibrary.org/obo/HP_6000662,http://purl.obolibrary.org/obo/UBERON_0001255,https://purl.humanatlas.io/vocab/hp#characteristic_of,https://purl.humanatlas.io/vocab/hp
http://purl.obolibrary.org/obo/HP_6000662,http://purl.obolibrary.org/obo/UBERON_0001255,https://purl.humanatlas.io/vocab/hp#characteristic_of_part_of,https://purl.humanatlas.io/vocab/hp
http://purl.obolibrary.org/obo/HP_6000662,http://purl.obolibrary.org/obo/UBERON_0001556,https://purl.humanatlas.io/vocab/hp#characteristic_of_part_of,https://purl.humanatlas.io/vocab/hp
http://purl.obolibrary.org/obo/HP_6000662,http://purl.obolibrary.org/obo/UBERON_0001008,https://purl.humanatlas.io/vocab/hp#characteristic_of_part_of,https://purl.humanatlas.io/vocab/hp
http://purl.obolibrary.org/obo/HP_6000668,http://purl.obolibrary.org/obo/UBERON_0000074,https://purl.humanatlas.io/vocab/hp#characteristic_of_part_of,https://purl.humanatlas.io/vocab/hp
http://purl.obolibrary.org/obo/HP_6000668,http://purl.obolibrary.org/obo/UBERON_0001225,https://purl.humanatlas.io/vocab/hp#characteristic_of,https://purl.humanatlas.io/vocab/hp
http://purl.obolibrary.org/obo/HP_6000668,http://purl.obolibrary.org/obo/UBERON_0002113,https://purl.humanatlas.io/vocab/hp#characteristic_of_part_of,https://purl.humanatlas.io/vocab/hp
http://purl.obolibrary.org/obo/HP_6000668,http://purl.obolibrary.org/obo/UBERON_0011143,https://purl.humanatlas.io/vocab/hp#characteristic_of_part_of,https://purl.humanatlas.io/vocab/hp
http://purl.obolibrary.org/obo/HP_6000668,http://purl.obolibrary.org/obo/UBERON_0001008,https://purl.humanatlas.io/vocab/hp#characteristic_of_part_of,https://purl.humanatlas.io/vocab/hp
http://purl.obolibrary.org/obo/HP_6000668,http://purl.obolibrary.org/obo/UBERON_0001285,https://purl.humanatlas.io/vocab/hp#characteristic_of_part_of,https://purl.humanatlas.io/vocab/hp
http://purl.obolibrary.org/obo/HP_6000669,http://purl.obolibrary.org/obo/UBERON_0000074,https://purl.humanatlas.io/vocab/hp#characteristic_of_part_of,https://purl.humanatlas.io/vocab/hp
http://purl.obolibrary.org/obo/HP_6000669,http://purl.obolibrary.org/obo/UBERON_0001225,https://purl.humanatlas.io/vocab/hp#characteristic_of,https://purl.humanatlas.io/vocab/hp
http://purl.obolibrary.org/obo/HP_6000669,http://purl.obolibrary.org/obo/UBERON_0002113,https://purl.humanatlas.io/vocab/hp#characteristic_of_part_of,https://purl.humanatlas.io/vocab/hp
http://purl.obolibrary.org/obo/HP_6000669,http://purl.obolibrary.org/obo/UBERON_0011143,https://purl.humanatlas.io/vocab/hp#characteristic_of_part_of,https://purl.humanatlas.io/vocab/hp
http://purl.obolibrary.org/obo/HP_6000669,http://purl.obolibrary.org/obo/UBERON_0001008,https://purl.humanatlas.io/vocab/hp#characteristic_of_part_of,https://purl.humanatlas.io/vocab/hp
http://purl.obolibrary.org/obo/HP_6000669,http://purl.obolibrary.org/obo/UBERON_0001285,https://purl.humanatlas.io/vocab/hp#characteristic_of_part_of,https://purl.humanatlas.io/vocab/hp
http://purl.obolibrary.org/obo/HP_6000670,http://purl.obolibrary.org/obo/UBERON_0001008,https://purl.humanatlas.io/vocab/hp#characteristic_of,https://purl.humanatlas.io/vocab/hp
http://purl.obolibrary.org/obo/HP_6000670,http://purl.obolibrary.org/obo/UBERON_0001008,https://purl.humanatlas.io/vocab/hp#characteristic_of_part_of,https://purl.humanatlas.io/vocab/hp
http://purl.obolibrary.org/obo/HP_6000675,http://purl.obolibrary.org/obo/UBERON_0001008,https://purl.humanatlas.io/vocab/hp#characteristic_of,https://purl.humanatlas.io/vocab/hp
http://purl.obolibrary.org/obo/HP_6000675,http://purl.obolibrary.org/obo/UBERON_0001008,https://purl.humanatlas.io/vocab/hp#characteristic_of_part_of,https://purl.humanatlas.io/vocab/hp
http://purl.obolibrary.org/obo/HP_6000701,http://purl.obolibrary.org/obo/UBERON_0001008,https://purl.humanatlas.io/vocab/hp#characteristic_of,https://purl.humanatlas.io/vocab/hp
http://purl.obolibrary.org/obo/HP_6000701,http://purl.obolibrary.org/obo/UBERON_0001008,https://purl.humanatlas.io/vocab/hp#characteristic_of_part_of,https://purl.humanatlas.io/vocab/hp
http://purl.obolibrary.org/obo/HP_6000702,http://purl.obolibrary.org/obo/UBERON_0001008,https://purl.humanatlas.io/vocab/hp#characteristic_of,https://purl.humanatlas.io/vocab/hp
http://purl.obolibrary.org/obo/HP_6000702,http://purl.obolibrary.org/obo/UBERON_0001008,https://purl.humanatlas.io/vocab/hp#characteristic_of_part_of,https://purl.humanatlas.io/vocab/hp
http://purl.obolibrary.org/obo/HP_6000731,http://purl.obolibrary.org/obo/UBERON_0001008,https://purl.humanatlas.io/vocab/hp#characteristic_of,https://purl.humanatlas.io/vocab/hp
http://purl.obolibrary.org/obo/HP_6000731,http://purl.obolibrary.org/obo/UBERON_0001008,https://purl.humanatlas.io/vocab/hp#characteristic_of_part_of,https://purl.humanatlas.io/vocab/hp
http://purl.obolibrary.org/obo/HP_6000746,http://purl.obolibrary.org/obo/UBERON_0002113,https://purl.humanatlas.io/vocab/hp#characteristic_of,https://purl.humanatlas.io/vocab/hp
http://purl.obolibrary.org/obo/HP_6000746,http://purl.obolibrary.org/obo/UBERON_0002113,https://purl.humanatlas.io/vocab/hp#characteristic_of_part_of,https://purl.humanatlas.io/vocab/hp
http://purl.obolibrary.org/obo/HP_6000746,http://purl.obolibrary.org/obo/UBERON_0011143,https://purl.humanatlas.io/vocab/hp#characteristic_of_part_of,https://purl.humanatlas.io/vocab/hp
http://purl.obolibrary.org/obo/HP_6000746,http://purl.obolibrary.org/obo/UBERON_0001008,https://purl.humanatlas.io/vocab/hp#characteristic_of_part_of,https://purl.humanatlas.io/vocab/hp
http://purl.obolibrary.org/obo/HP_6000746,http://purl.obolibrary.org/obo/UBERON_0001008,https://purl.humanatlas.io/vocab/hp#characteristic_of,https://purl.humanatlas.io/vocab/hp
http://purl.obolibrary.org/obo/HP_6000747,http://purl.obolibrary.org/obo/UBERON_0001008,https://purl.humanatlas.io/vocab/hp#characteristic_of,https://purl.humanatlas.io/vocab/hp
http://purl.obolibrary.org/obo/HP_6000747,http://purl.obolibrary.org/obo/UBERON_0001008,https://purl.humanatlas.io/vocab/hp#characteristic_of_part_of,https://purl.humanatlas.io/vocab/hp
http://purl.obolibrary.org/obo/HP_6000748,http://purl.obolibrary.org/obo/UBERON_0001008,https://purl.humanatlas.io/vocab/hp#characteristic_of,https://purl.humanatlas.io/vocab/hp
http://purl.obolibrary.org/obo/HP_6000748,http://purl.obolibrary.org/obo/UBERON_0001008,https://purl.humanatlas.io/vocab/hp#characteristic_of_part_of,https://purl.humanatlas.io/vocab/hp
http://purl.obolibrary.org/obo/HP_6000751,http://purl.obolibrary.org/obo/UBERON_0001008,https://purl.humanatlas.io/vocab/hp#characteristic_of,https://purl.humanatlas.io/vocab/hp
http://purl.obolibrary.org/obo/HP_6000751,http://purl.obolibrary.org/obo/UBERON_0001008,https://purl.humanatlas.io/vocab/hp#characteristic_of_part_of,https://purl.humanatlas.io/vocab/hp
http://purl.obolibrary.org/obo/HP_6000756,http://purl.obolibrary.org/obo/UBERON_0001008,https://purl.humanatlas.io/vocab/hp#characteristic_of,https://purl.humanatlas.io/vocab/hp
http://purl.obolibrary.org/obo/HP_6000756,http://purl.obolibrary.org/obo/UBERON_0001008,https://purl.humanatlas.io/vocab/hp#characteristic_of_part_of,https://purl.humanatlas.io/vocab/hp
http://purl.obolibrary.org/obo/HP_6000775,http://purl.obolibrary.org/obo/UBERON_0001008,https://purl.humanatlas.io/vocab/hp#characteristic_of,https://purl.humanatlas.io/vocab/hp
http://purl.obolibrary.org/obo/HP_6000775,http://purl.obolibrary.org/obo/UBERON_0001008,https://purl.humanatlas.io/vocab/hp#characteristic_of_part_of,https://purl.humanatlas.io/vocab/hp
http://purl.obolibrary.org/obo/HP_6000778,http://purl.obolibrary.org/obo/UBERON_0001008,https://purl.humanatlas.io/vocab/hp#characteristic_of,https://purl.humanatlas.io/vocab/hp
http://purl.obolibrary.org/obo/HP_6000778,http://purl.obolibrary.org/obo/UBERON_0001008,https://purl.humanatlas.io/vocab/hp#characteristic_of_part_of,https://purl.humanatlas.io/vocab/hp
http://purl.obolibrary.org/obo/HP_6000803,http://purl.obolibrary.org/obo/UBERON_0001008,https://purl.humanatlas.io/vocab/hp#characteristic_of,https://purl.humanatlas.io/vocab/hp
http://purl.obolibrary.org/obo/HP_6000803,http://purl.obolibrary.org/obo/UBERON_0001008,https://purl.humanatlas.io/vocab/hp#characteristic_of_part_of,https://purl.humanatlas.io/vocab/hp
http://purl.obolibrary.org/obo/HP_6000804,http://purl.obolibrary.org/obo/UBERON_0001008,https://purl.humanatlas.io/vocab/hp#characteristic_of,https://purl.humanatlas.io/vocab/hp
http://purl.obolibrary.org/obo/HP_6000804,http://purl.obolibrary.org/obo/UBERON_0001008,https://purl.humanatlas.io/vocab/hp#characteristic_of_part_of,https://purl.humanatlas.io/vocab/hp
http://purl.obolibrary.org/obo/HP_6000805,http://purl.obolibrary.org/obo/UBERON_0001008,https://purl.humanatlas.io/vocab/hp#characteristic_of,https://purl.humanatlas.io/vocab/hp
http://purl.obolibrary.org/obo/HP_6000805,http://purl.obolibrary.org/obo/UBERON_0001008,https://purl.humanatlas.io/vocab/hp#characteristic_of_part_of,https://purl.humanatlas.io/vocab/hp
http://purl.obolibrary.org/obo/HP_6000806,http://purl.obolibrary.org/obo/UBERON_0001008,https://purl.humanatlas.io/vocab/hp#characteristic_of,https://purl.humanatlas.io/vocab/hp
http://purl.obolibrary.org/obo/HP_6000806,http://purl.obolibrary.org/obo/UBERON_0001008,https://purl.humanatlas.io/vocab/hp#characteristic_of_part_of,https://purl.humanatlas.io/vocab/hp
http://purl.obolibrary.org/obo/HP_6000834,http://purl.obolibrary.org/obo/UBERON_0001008,https://purl.humanatlas.io/vocab/hp#characteristic_of,https://purl.humanatlas.io/vocab/hp
http://purl.obolibrary.org/obo/HP_6000834,http://purl.obolibrary.org/obo/UBERON_0001008,https://purl.humanatlas.io/vocab/hp#characteristic_of_part_of,https://purl.humanatlas.io/vocab/hp
http://purl.obolibrary.org/obo/HP_6000992,http://purl.obolibrary.org/obo/UBERON_0001008,https://purl.humanatlas.io/vocab/hp#characteristic_of,https://purl.humanatlas.io/vocab/hp
http://purl.obolibrary.org/obo/HP_6000992,http://purl.obolibrary.org/obo/UBERON_0001008,https://purl.humanatlas.io/vocab/hp#characteristic_of_part_of,https://purl.humanatlas.io/vocab/hp
http://purl.obolibrary.org/obo/HP_6000999,http://purl.obolibrary.org/obo/UBERON_0001008,https://purl.humanatlas.io/vocab/hp#characteristic_of,https://purl.humanatlas.io/vocab/hp
http://purl.obolibrary.org/obo/HP_6000999,http://purl.obolibrary.org/obo/UBERON_0001008,https://purl.humanatlas.io/vocab/hp#characteristic_of_part_of,https://purl.humanatlas.io/vocab/hp
http://purl.obolibrary.org/obo/HP_6001000,http://purl.obolibrary.org/obo/UBERON_0001008,https://purl.humanatlas.io/vocab/hp#characteristic_of,https://purl.humanatlas.io/vocab/hp
http://purl.obolibrary.org/obo/HP_6001000,http://purl.obolibrary.org/obo/UBERON_0001008,https://purl.humanatlas.io/vocab/hp#characteristic_of_part_of,https://purl.humanatlas.io/vocab/hp
http://purl.obolibrary.org/obo/HP_6001001,http://purl.obolibrary.org/obo/UBERON_0001008,https://purl.humanatlas.io/vocab/hp#characteristic_of,https://purl.humanatlas.io/vocab/hp
http://purl.obolibrary.org/obo/HP_6001001,http://purl.obolibrary.org/obo/UBERON_0001008,https://purl.humanatlas.io/vocab/hp#characteristic_of_part_of,https://purl.humanatlas.io/vocab/hp
http://purl.obolibrary.org/obo/HP_6001002,http://purl.obolibrary.org/obo/UBERON_0001008,https://purl.humanatlas.io/vocab/hp#characteristic_of,https://purl.humanatlas.io/vocab/hp
http://purl.obolibrary.org/obo/HP_6001002,http://purl.obolibrary.org/obo/UBERON_0001008,https://purl.humanatlas.io/vocab/hp#characteristic_of_part_of,https://purl.humanatlas.io/vocab/hp
http://purl.obolibrary.org/obo/HP_6001003,http://purl.obolibrary.org/obo/UBERON_0001008,https://purl.humanatlas.io/vocab/hp#characteristic_of,https://purl.humanatlas.io/vocab/hp
http://purl.obolibrary.org/obo/HP_6001003,http://purl.obolibrary.org/obo/UBERON_0001008,https://purl.humanatlas.io/vocab/hp#characteristic_of_part_of,https://purl.humanatlas.io/vocab/hp
http://purl.obolibrary.org/obo/HP_6001004,http://purl.obolibrary.org/obo/UBERON_0001008,https://purl.humanatlas.io/vocab/hp#characteristic_of,https://purl.humanatlas.io/vocab/hp
http://purl.obolibrary.org/obo/HP_6001004,http://purl.obolibrary.org/obo/UBERON_0001008,https://purl.humanatlas.io/vocab/hp#characteristic_of_part_of,https://purl.humanatlas.io/vocab/hp
http://purl.obolibrary.org/obo/HP_6001006,http://purl.obolibrary.org/obo/UBERON_0001008,https://purl.humanatlas.io/vocab/hp#characteristic_of,https://purl.humanatlas.io/vocab/hp
http://purl.obolibrary.org/obo/HP_6001006,http://purl.obolibrary.org/obo/UBERON_0001008,https://purl.humanatlas.io/vocab/hp#characteristic_of_part_of,https://purl.humanatlas.io/vocab/hp
http://purl.obolibrary.org/obo/HP_6001007,http://purl.obolibrary.org/obo/UBERON_0001008,https://purl.humanatlas.io/vocab/hp#characteristic_of,https://purl.humanatlas.io/vocab/hp
http://purl.obolibrary.org/obo/HP_6001007,http://purl.obolibrary.org/obo/UBERON_0001008,https://purl.humanatlas.io/vocab/hp#characteristic_of_part_of,https://purl.humanatlas.io/vocab/hp
http://purl.obolibrary.org/obo/HP_6001008,http://purl.obolibrary.org/obo/UBERON_0001008,https://purl.humanatlas.io/vocab/hp#characteristic_of,https://purl.humanatlas.io/vocab/hp
http://purl.obolibrary.org/obo/HP_6001008,http://purl.obolibrary.org/obo/UBERON_0001008,https://purl.humanatlas.io/vocab/hp#characteristic_of_part_of,https://purl.humanatlas.io/vocab/hp
http://purl.obolibrary.org/obo/HP_6001009,http://purl.obolibrary.org/obo/UBERON_0001008,https://purl.humanatlas.io/vocab/hp#characteristic_of,https://purl.humanatlas.io/vocab/hp
http://purl.obolibrary.org/obo/HP_6001009,http://purl.obolibrary.org/obo/UBERON_0001008,https://purl.humanatlas.io/vocab/hp#characteristic_of_part_of,https://purl.humanatlas.io/vocab/hp
http://purl.obolibrary.org/obo/HP_6001027,http://purl.obolibrary.org/obo/UBERON_0000074,https://purl.humanatlas.io/vocab/hp#characteristic_of_part_of,https://purl.humanatlas.io/vocab/hp
http://purl.obolibrary.org/obo/HP_6001027,http://purl.obolibrary.org/obo/UBERON_0001225,https://purl.humanatlas.io/vocab/hp#characteristic_of,https://purl.humanatlas.io/vocab/hp
http://purl.obolibrary.org/obo/HP_6001027,http://purl.obolibrary.org/obo/UBERON_0002113,https://purl.humanatlas.io/vocab/hp#characteristic_of_part_of,https://purl.humanatlas.io/vocab/hp
http://purl.obolibrary.org/obo/HP_6001027,http://purl.obolibrary.org/obo/UBERON_0011143,https://purl.humanatlas.io/vocab/hp#characteristic_of_part_of,https://purl.humanatlas.io/vocab/hp
http://purl.obolibrary.org/obo/HP_6001027,http://purl.obolibrary.org/obo/UBERON_0001008,https://purl.humanatlas.io/vocab/hp#characteristic_of_part_of,https://purl.humanatlas.io/vocab/hp
http://purl.obolibrary.org/obo/HP_6001027,http://purl.obolibrary.org/obo/UBERON_0001285,https://purl.humanatlas.io/vocab/hp#characteristic_of_part_of,https://purl.humanatlas.io/vocab/hp
http://purl.obolibrary.org/obo/HP_6001028,http://purl.obolibrary.org/obo/UBERON_0000074,https://purl.humanatlas.io/vocab/hp#characteristic_of_part_of,https://purl.humanatlas.io/vocab/hp
http://purl.obolibrary.org/obo/HP_6001028,http://purl.obolibrary.org/obo/UBERON_0001225,https://purl.humanatlas.io/vocab/hp#characteristic_of,https://purl.humanatlas.io/vocab/hp
http://purl.obolibrary.org/obo/HP_6001028,http://purl.obolibrary.org/obo/UBERON_0002113,https://purl.humanatlas.io/vocab/hp#characteristic_of_part_of,https://purl.humanatlas.io/vocab/hp
http://purl.obolibrary.org/obo/HP_6001028,http://purl.obolibrary.org/obo/UBERON_0011143,https://purl.humanatlas.io/vocab/hp#characteristic_of_part_of,https://purl.humanatlas.io/vocab/hp
http://purl.obolibrary.org/obo/HP_6001028,http://purl.obolibrary.org/obo/UBERON_0001008,https://purl.humanatlas.io/vocab/hp#characteristic_of_part_of,https://purl.humanatlas.io/vocab/hp
http://purl.obolibrary.org/obo/HP_6001028,http://purl.obolibrary.org/obo/UBERON_0001285,https://purl.humanatlas.io/vocab/hp#characteristic_of_part_of,https://purl.humanatlas.io/vocab/hp
http://purl.obolibrary.org/obo/HP_6001029,http://purl.obolibrary.org/obo/UBERON_0000074,https://purl.humanatlas.io/vocab/hp#characteristic_of_part_of,https://purl.humanatlas.io/vocab/hp
http://purl.obolibrary.org/obo/HP_6001029,http://purl.obolibrary.org/obo/UBERON_0001225,https://purl.humanatlas.io/vocab/hp#characteristic_of,https://purl.humanatlas.io/vocab/hp
http://purl.obolibrary.org/obo/HP_6001029,http://purl.obolibrary.org/obo/UBERON_0002113,https://purl.humanatlas.io/vocab/hp#characteristic_of_part_of,https://purl.humanatlas.io/vocab/hp
http://purl.obolibrary.org/obo/HP_6001029,http://purl.obolibrary.org/obo/UBERON_0011143,https://purl.humanatlas.io/vocab/hp#characteristic_of_part_of,https://purl.humanatlas.io/vocab/hp
http://purl.obolibrary.org/obo/HP_6001029,http://purl.obolibrary.org/obo/UBERON_0001008,https://purl.humanatlas.io/vocab/hp#characteristic_of_part_of,https://purl.humanatlas.io/vocab/hp
http://purl.obolibrary.org/obo/HP_6001029,http://purl.obolibrary.org/obo/UBERON_0001285,https://purl.humanatlas.io/vocab/hp#characteristic_of_part_of,https://purl.humanatlas.io/vocab/hp
http://purl.obolibrary.org/obo/HP_6001031,http://purl.obolibrary.org/obo/UBERON_0002113,https://purl.humanatlas.io/vocab/hp#characteristic_of_part_of,https://purl.humanatlas.io/vocab/hp
http://purl.obolibrary.org/obo/HP_6001031,http://purl.obolibrary.org/obo/UBERON_0011143,https://purl.humanatlas.io/vocab/hp#characteristic_of_part_of,https://purl.humanatlas.io/vocab/hp
http://purl.obolibrary.org/obo/HP_6001031,http://purl.obolibrary.org/obo/UBERON_0001008,https://purl.humanatlas.io/vocab/hp#characteristic_of_part_of,https://purl.humanatlas.io/vocab/hp
http://purl.obolibrary.org/obo/HP_6001079,http://purl.obolibrary.org/obo/UBERON_0001008,https://purl.humanatlas.io/vocab/hp#characteristic_of,https://purl.humanatlas.io/vocab/hp
http://purl.obolibrary.org/obo/HP_6001079,http://purl.obolibrary.org/obo/UBERON_0001008,https://purl.humanatlas.io/vocab/hp#characteristic_of_part_of,https://purl.humanatlas.io/vocab/hp
http://purl.obolibrary.org/obo/HP_6001081,http://purl.obolibrary.org/obo/UBERON_0001008,https://purl.humanatlas.io/vocab/hp#characteristic_of,https://purl.humanatlas.io/vocab/hp
http://purl.obolibrary.org/obo/HP_6001081,http://purl.obolibrary.org/obo/UBERON_0001008,https://purl.humanatlas.io/vocab/hp#characteristic_of_part_of,https://purl.humanatlas.io/vocab/hp
http://purl.obolibrary.org/obo/HP_6001114,http://purl.obolibrary.org/obo/UBERON_0001008,https://purl.humanatlas.io/vocab/hp#characteristic_of,https://purl.humanatlas.io/vocab/hp
http://purl.obolibrary.org/obo/HP_6001114,http://purl.obolibrary.org/obo/UBERON_0001008,https://purl.humanatlas.io/vocab/hp#characteristic_of_part_of,https://purl.humanatlas.io/vocab/hp
http://purl.obolibrary.org/obo/HP_6001215,http://purl.obolibrary.org/obo/UBERON_0000056,https://purl.humanatlas.io/vocab/hp#characteristic_of_part_of,https://purl.humanatlas.io/vocab/hp
http://purl.obolibrary.org/obo/HP_6001215,http://purl.obolibrary.org/obo/UBERON_0011143,https://purl.humanatlas.io/vocab/hp#characteristic_of_part_of,https://purl.humanatlas.io/vocab/hp
http://purl.obolibrary.org/obo/HP_6001215,http://purl.obolibrary.org/obo/UBERON_0001008,https://purl.humanatlas.io/vocab/hp#characteristic_of_part_of,https://purl.humanatlas.io/vocab/hp
http://purl.obolibrary.org/obo/HP_6001285,http://purl.obolibrary.org/obo/UBERON_0000074,https://purl.humanatlas.io/vocab/hp#characteristic_of_part_of,https://purl.humanatlas.io/vocab/hp
http://purl.obolibrary.org/obo/HP_6001285,http://purl.obolibrary.org/obo/UBERON_0001225,https://purl.humanatlas.io/vocab/hp#characteristic_of,https://purl.humanatlas.io/vocab/hp
http://purl.obolibrary.org/obo/HP_6001285,http://purl.obolibrary.org/obo/UBERON_0002113,https://purl.humanatlas.io/vocab/hp#characteristic_of_part_of,https://purl.humanatlas.io/vocab/hp
http://purl.obolibrary.org/obo/HP_6001285,http://purl.obolibrary.org/obo/UBERON_0011143,https://purl.humanatlas.io/vocab/hp#characteristic_of_part_of,https://purl.humanatlas.io/vocab/hp
http://purl.obolibrary.org/obo/HP_6001285,http://purl.obolibrary.org/obo/UBERON_0001008,https://purl.humanatlas.io/vocab/hp#characteristic_of_part_of,https://purl.humanatlas.io/vocab/hp
http://purl.obolibrary.org/obo/HP_6001285,http://purl.obolibrary.org/obo/UBERON_0001285,https://purl.humanatlas.io/vocab/hp#characteristic_of_part_of,https://purl.humanatlas.io/vocab/hp
http://purl.obolibrary.org/obo/HP_6001286,http://purl.obolibrary.org/obo/UBERON_0000074,https://purl.humanatlas.io/vocab/hp#characteristic_of_part_of,https://purl.humanatlas.io/vocab/hp
http://purl.obolibrary.org/obo/HP_6001286,http://purl.obolibrary.org/obo/UBERON_0001225,https://purl.humanatlas.io/vocab/hp#characteristic_of,https://purl.humanatlas.io/vocab/hp
http://purl.obolibrary.org/obo/HP_6001286,http://purl.obolibrary.org/obo/UBERON_0002113,https://purl.humanatlas.io/vocab/hp#characteristic_of_part_of,https://purl.humanatlas.io/vocab/hp
http://purl.obolibrary.org/obo/HP_6001286,http://purl.obolibrary.org/obo/UBERON_0011143,https://purl.humanatlas.io/vocab/hp#characteristic_of_part_of,https://purl.humanatlas.io/vocab/hp
http://purl.obolibrary.org/obo/HP_6001286,http://purl.obolibrary.org/obo/UBERON_0001008,https://purl.humanatlas.io/vocab/hp#characteristic_of_part_of,https://purl.humanatlas.io/vocab/hp
http://purl.obolibrary.org/obo/HP_6001286,http://purl.obolibrary.org/obo/UBERON_0001285,https://purl.humanatlas.io/vocab/hp#characteristic_of_part_of,https://purl.humanatlas.io/vocab/hp
http://purl.obolibrary.org/obo/HP_6001287,http://purl.obolibrary.org/obo/UBERON_0004100,https://purl.humanatlas.io/vocab/hp#characteristic_of_part_of,https://purl.humanatlas.io/vocab/hp
http://purl.obolibrary.org/obo/HP_6001287,http://purl.obolibrary.org/obo/UBERON_0002113,https://purl.humanatlas.io/vocab/hp#characteristic_of_part_of,https://purl.humanatlas.io/vocab/hp
http://purl.obolibrary.org/obo/HP_6001287,http://purl.obolibrary.org/obo/UBERON_0011143,https://purl.humanatlas.io/vocab/hp#characteristic_of_part_of,https://purl.humanatlas.io/vocab/hp
http://purl.obolibrary.org/obo/HP_6001287,http://purl.obolibrary.org/obo/UBERON_0001008,https://purl.humanatlas.io/vocab/hp#characteristic_of_part_of,https://purl.humanatlas.io/vocab/hp
http://purl.obolibrary.org/obo/HP_6001290,http://purl.obolibrary.org/obo/UBERON_0001225,https://purl.humanatlas.io/vocab/hp#characteristic_of,https://purl.humanatlas.io/vocab/hp
http://purl.obolibrary.org/obo/HP_6001290,http://purl.obolibrary.org/obo/UBERON_0002113,https://purl.humanatlas.io/vocab/hp#characteristic_of_part_of,https://purl.humanatlas.io/vocab/hp
http://purl.obolibrary.org/obo/HP_6001290,http://purl.obolibrary.org/obo/UBERON_0011143,https://purl.humanatlas.io/vocab/hp#characteristic_of_part_of,https://purl.humanatlas.io/vocab/hp
http://purl.obolibrary.org/obo/HP_6001290,http://purl.obolibrary.org/obo/UBERON_0001008,https://purl.humanatlas.io/vocab/hp#characteristic_of_part_of,https://purl.humanatlas.io/vocab/hp
http://purl.obolibrary.org/obo/HP_6001290,http://purl.obolibrary.org/obo/UBERON_0001285,https://purl.humanatlas.io/vocab/hp#characteristic_of_part_of,https://purl.humanatlas.io/vocab/hp
http://purl.obolibrary.org/obo/HP_6001294,http://purl.obolibrary.org/obo/UBERON_0001231,https://purl.humanatlas.io/vocab/hp#characteristic_of_part_of,https://purl.humanatlas.io/vocab/hp
http://purl.obolibrary.org/obo/HP_6001294,http://purl.obolibrary.org/obo/UBERON_0001285,https://purl.humanatlas.io/vocab/hp#characteristic_of_part_of,https://purl.humanatlas.io/vocab/hp
http://purl.obolibrary.org/obo/HP_6001294,http://purl.obolibrary.org/obo/UBERON_0002113,https://purl.humanatlas.io/vocab/hp#characteristic_of_part_of,https://purl.humanatlas.io/vocab/hp
http://purl.obolibrary.org/obo/HP_6001294,http://purl.obolibrary.org/obo/UBERON_0011143,https://purl.humanatlas.io/vocab/hp#characteristic_of_part_of,https://purl.humanatlas.io/vocab/hp
http://purl.obolibrary.org/obo/HP_6001294,http://purl.obolibrary.org/obo/UBERON_0001008,https://purl.humanatlas.io/vocab/hp#characteristic_of_part_of,https://purl.humanatlas.io/vocab/hp
http://purl.obolibrary.org/obo/HP_6001336,http://purl.obolibrary.org/obo/UBERON_0002113,https://purl.humanatlas.io/vocab/hp#characteristic_of_part_of,https://purl.humanatlas.io/vocab/hp
http://purl.obolibrary.org/obo/HP_6001336,http://purl.obolibrary.org/obo/UBERON_0011143,https://purl.humanatlas.io/vocab/hp#characteristic_of_part_of,https://purl.humanatlas.io/vocab/hp
http://purl.obolibrary.org/obo/HP_6001336,http://purl.obolibrary.org/obo/UBERON_0001008,https://purl.humanatlas.io/vocab/hp#characteristic_of_part_of,https://purl.humanatlas.io/vocab/hp
