id,name,symbol,category,provided_by
HGNC:124,ACP5,ACP5,biolink:Gene,https://purl.humanatlas.io/vocab/hp
HGNC:132,ACTB,ACTB,biolink:Gene,https://purl.humanatlas.io/vocab/hp
HGNC:144,ACTG1,ACTG1,biolink:Gene,https://purl.humanatlas.io/vocab/hp
HGNC:145,ACTG2,ACTG2,biolink:Gene,https://purl.humanatlas.io/vocab/hp
HGNC:166,ACTN4,ACTN4,biolink:Gene,https://purl.humanatlas.io/vocab/hp
HGNC:171,ACVR1,ACVR1,biolink:Gene,https://purl.humanatlas.io/vocab/hp
HGNC:186,ADA,ADA,biolink:Gene,https://purl.humanatlas.io/vocab/hp
HGNC:6188,JAG1,JAG1,biolink:Gene,https://purl.humanatlas.io/vocab/hp
HGNC:333,AGT,AGT,biolink:Gene,https://purl.humanatlas.io/vocab/hp
HGNC:336,AGTR1,AGTR1,biolink:Gene,https://purl.humanatlas.io/vocab/hp
HGNC:341,AGXT,AGXT,biolink:Gene,https://purl.humanatlas.io/vocab/hp
HGNC:7960,NR0B1,NR0B1,biolink:Gene,https://purl.humanatlas.io/vocab/hp
HGNC:391,AKT1,AKT1,biolink:Gene,https://purl.humanatlas.io/vocab/hp
HGNC:414,ALDOA,ALDOA,biolink:Gene,https://purl.humanatlas.io/vocab/hp
HGNC:417,ALDOB,ALDOB,biolink:Gene,https://purl.humanatlas.io/vocab/hp
HGNC:430,ALOX12B,ALOX12B,biolink:Gene,https://purl.humanatlas.io/vocab/hp
HGNC:438,ALPL,ALPL,biolink:Gene,https://purl.humanatlas.io/vocab/hp
HGNC:583,APC,APC,biolink:Gene,https://purl.humanatlas.io/vocab/hp
HGNC:360,AIRE,AIRE,biolink:Gene,https://purl.humanatlas.io/vocab/hp
HGNC:592,XIAP,XIAP,biolink:Gene,https://purl.humanatlas.io/vocab/hp
HGNC:600,APOA1,APOA1,biolink:Gene,https://purl.humanatlas.io/vocab/hp
HGNC:603,APOB,APOB,biolink:Gene,https://purl.humanatlas.io/vocab/hp
HGNC:613,APOE,APOE,biolink:Gene,https://purl.humanatlas.io/vocab/hp
HGNC:626,APRT,APRT,biolink:Gene,https://purl.humanatlas.io/vocab/hp
HGNC:11920,FAS,FAS,biolink:Gene,https://purl.humanatlas.io/vocab/hp
HGNC:11936,FASLG,FASLG,biolink:Gene,https://purl.humanatlas.io/vocab/hp
HGNC:634,AQP2,AQP2,biolink:Gene,https://purl.humanatlas.io/vocab/hp
HGNC:57,ABCC6,ABCC6,biolink:Gene,https://purl.humanatlas.io/vocab/hp
HGNC:678,ARHGDIA,ARHGDIA,biolink:Gene,https://purl.humanatlas.io/vocab/hp
HGNC:694,ARL3,ARL3,biolink:Gene,https://purl.humanatlas.io/vocab/hp
HGNC:11425,STS,STS,biolink:Gene,https://purl.humanatlas.io/vocab/hp
HGNC:728,ARVCF,ARVCF,biolink:Gene,https://purl.humanatlas.io/vocab/hp
HGNC:746,ASL,ASL,biolink:Gene,https://purl.humanatlas.io/vocab/hp
HGNC:795,ATM,ATM,biolink:Gene,https://purl.humanatlas.io/vocab/hp
HGNC:9965,RERE,RERE,biolink:Gene,https://purl.humanatlas.io/vocab/hp
HGNC:799,ATP1A1,ATP1A1,biolink:Gene,https://purl.humanatlas.io/vocab/hp
HGNC:4026,FXYD2,FXYD2,biolink:Gene,https://purl.humanatlas.io/vocab/hp
HGNC:823,ATP5F1A,ATP5F1A,biolink:Gene,https://purl.humanatlas.io/vocab/hp
HGNC:837,ATP5F1D,ATP5F1D,biolink:Gene,https://purl.humanatlas.io/vocab/hp
HGNC:838,ATP5F1E,ATP5F1E,biolink:Gene,https://purl.humanatlas.io/vocab/hp
HGNC:853,ATP6V1B1,ATP6V1B1,biolink:Gene,https://purl.humanatlas.io/vocab/hp
HGNC:854,ATP6V1B2,ATP6V1B2,biolink:Gene,https://purl.humanatlas.io/vocab/hp
HGNC:857,ATP6V1E1,ATP6V1E1,biolink:Gene,https://purl.humanatlas.io/vocab/hp
HGNC:869,ATP7A,ATP7A,biolink:Gene,https://purl.humanatlas.io/vocab/hp
HGNC:870,ATP7B,ATP7B,biolink:Gene,https://purl.humanatlas.io/vocab/hp
HGNC:886,ATRX,ATRX,biolink:Gene,https://purl.humanatlas.io/vocab/hp
HGNC:897,AVPR2,AVPR2,biolink:Gene,https://purl.humanatlas.io/vocab/hp
HGNC:914,B2M,B2M,biolink:Gene,https://purl.humanatlas.io/vocab/hp
HGNC:959,BAX,BAX,biolink:Gene,https://purl.humanatlas.io/vocab/hp
HGNC:966,BBS1,BBS1,biolink:Gene,https://purl.humanatlas.io/vocab/hp
HGNC:967,BBS2,BBS2,biolink:Gene,https://purl.humanatlas.io/vocab/hp
HGNC:969,BBS4,BBS4,biolink:Gene,https://purl.humanatlas.io/vocab/hp
HGNC:1582,CCND1,CCND1,biolink:Gene,https://purl.humanatlas.io/vocab/hp
HGNC:1020,BCS1L,BCS1L,biolink:Gene,https://purl.humanatlas.io/vocab/hp
HGNC:1037,CFB,CFB,biolink:Gene,https://purl.humanatlas.io/vocab/hp
HGNC:1057,BLK,BLK,biolink:Gene,https://purl.humanatlas.io/vocab/hp
HGNC:1058,BLM,BLM,biolink:Gene,https://purl.humanatlas.io/vocab/hp
HGNC:1071,BMP4,BMP4,biolink:Gene,https://purl.humanatlas.io/vocab/hp
HGNC:1076,BMPR1A,BMPR1A,biolink:Gene,https://purl.humanatlas.io/vocab/hp
HGNC:1100,BRCA1,BRCA1,biolink:Gene,https://purl.humanatlas.io/vocab/hp
HGNC:1097,BRAF,BRAF,biolink:Gene,https://purl.humanatlas.io/vocab/hp
HGNC:1101,BRCA2,BRCA2,biolink:Gene,https://purl.humanatlas.io/vocab/hp
HGNC:1148,BUB1,BUB1,biolink:Gene,https://purl.humanatlas.io/vocab/hp
HGNC:1149,BUB1B,BUB1B,biolink:Gene,https://purl.humanatlas.io/vocab/hp
HGNC:1243,C1QBP,C1QBP,biolink:Gene,https://purl.humanatlas.io/vocab/hp
HGNC:1241,C1QA,C1QA,biolink:Gene,https://purl.humanatlas.io/vocab/hp
HGNC:1247,C1S,C1S,biolink:Gene,https://purl.humanatlas.io/vocab/hp
HGNC:1318,C3,C3,biolink:Gene,https://purl.humanatlas.io/vocab/hp
HGNC:1323,C4A,C4A,biolink:Gene,https://purl.humanatlas.io/vocab/hp
HGNC:1324,C4B,C4B,biolink:Gene,https://purl.humanatlas.io/vocab/hp
HGNC:1181,MYRF,MYRF,biolink:Gene,https://purl.humanatlas.io/vocab/hp
HGNC:1373,CA2,CA2,biolink:Gene,https://purl.humanatlas.io/vocab/hp
HGNC:1391,CACNA1D,CACNA1D,biolink:Gene,https://purl.humanatlas.io/vocab/hp
HGNC:1397,CACNA1S,CACNA1S,biolink:Gene,https://purl.humanatlas.io/vocab/hp
HGNC:1421,SLC25A20,SLC25A20,biolink:Gene,https://purl.humanatlas.io/vocab/hp
HGNC:1424,CAD,CAD,biolink:Gene,https://purl.humanatlas.io/vocab/hp
HGNC:1455,CALR,CALR,biolink:Gene,https://purl.humanatlas.io/vocab/hp
HGNC:1460,CAMK2A,CAMK2A,biolink:Gene,https://purl.humanatlas.io/vocab/hp
HGNC:1500,CASP10,CASP10,biolink:Gene,https://purl.humanatlas.io/vocab/hp
HGNC:1514,CASR,CASR,biolink:Gene,https://purl.humanatlas.io/vocab/hp
HGNC:1527,CAV1,CAV1,biolink:Gene,https://purl.humanatlas.io/vocab/hp
HGNC:1541,CBL,CBL,biolink:Gene,https://purl.humanatlas.io/vocab/hp
HGNC:1546,SERPINH1,SERPINH1,biolink:Gene,https://purl.humanatlas.io/vocab/hp
HGNC:1583,CCND2,CCND2,biolink:Gene,https://purl.humanatlas.io/vocab/hp
HGNC:1665,SCARB2,SCARB2,biolink:Gene,https://purl.humanatlas.io/vocab/hp
HGNC:1701,CD81,CD81,biolink:Gene,https://purl.humanatlas.io/vocab/hp
HGNC:1630,CD151,CD151,biolink:Gene,https://purl.humanatlas.io/vocab/hp
HGNC:1736,CDC42,CDC42,biolink:Gene,https://purl.humanatlas.io/vocab/hp
HGNC:1773,CDK4,CDK4,biolink:Gene,https://purl.humanatlas.io/vocab/hp
HGNC:1777,CDK6,CDK6,biolink:Gene,https://purl.humanatlas.io/vocab/hp
HGNC:1784,CDKN1A,CDKN1A,biolink:Gene,https://purl.humanatlas.io/vocab/hp
HGNC:1785,CDKN1B,CDKN1B,biolink:Gene,https://purl.humanatlas.io/vocab/hp
HGNC:1786,CDKN1C,CDKN1C,biolink:Gene,https://purl.humanatlas.io/vocab/hp
HGNC:1787,CDKN2A,CDKN2A,biolink:Gene,https://purl.humanatlas.io/vocab/hp
HGNC:1788,CDKN2B,CDKN2B,biolink:Gene,https://purl.humanatlas.io/vocab/hp
HGNC:1789,CDKN2C,CDKN2C,biolink:Gene,https://purl.humanatlas.io/vocab/hp
HGNC:1848,CEL,CEL,biolink:Gene,https://purl.humanatlas.io/vocab/hp
HGNC:1856,CENPE,CENPE,biolink:Gene,https://purl.humanatlas.io/vocab/hp
HGNC:1857,CENPF,CENPF,biolink:Gene,https://purl.humanatlas.io/vocab/hp
HGNC:1884,CFTR,CFTR,biolink:Gene,https://purl.humanatlas.io/vocab/hp
HGNC:1815,CEACAM3,CEACAM3,biolink:Gene,https://purl.humanatlas.io/vocab/hp
HGNC:1919,CHD4,CHD4,biolink:Gene,https://purl.humanatlas.io/vocab/hp
HGNC:1937,CHKA,CHKA,biolink:Gene,https://purl.humanatlas.io/vocab/hp
HGNC:1943,CHN1,CHN1,biolink:Gene,https://purl.humanatlas.io/vocab/hp
HGNC:1952,CHRM3,CHRM3,biolink:Gene,https://purl.humanatlas.io/vocab/hp
HGNC:1957,CHRNA3,CHRNA3,biolink:Gene,https://purl.humanatlas.io/vocab/hp
HGNC:1974,CHUK,CHUK,biolink:Gene,https://purl.humanatlas.io/vocab/hp
HGNC:3439,ERCC8,ERCC8,biolink:Gene,https://purl.humanatlas.io/vocab/hp
HGNC:565,AP2S1,AP2S1,biolink:Gene,https://purl.humanatlas.io/vocab/hp
HGNC:2021,CLCN3,CLCN3,biolink:Gene,https://purl.humanatlas.io/vocab/hp
HGNC:2023,CLCN5,CLCN5,biolink:Gene,https://purl.humanatlas.io/vocab/hp
HGNC:2025,CLCN7,CLCN7,biolink:Gene,https://purl.humanatlas.io/vocab/hp
HGNC:2026,CLCNKA,CLCNKA,biolink:Gene,https://purl.humanatlas.io/vocab/hp
HGNC:2027,CLCNKB,CLCNKB,biolink:Gene,https://purl.humanatlas.io/vocab/hp
HGNC:1602,CCR1,CCR1,biolink:Gene,https://purl.humanatlas.io/vocab/hp
HGNC:1607,CCR6,CCR6,biolink:Gene,https://purl.humanatlas.io/vocab/hp
HGNC:2201,COL3A1,COL3A1,biolink:Gene,https://purl.humanatlas.io/vocab/hp
HGNC:2202,COL4A1,COL4A1,biolink:Gene,https://purl.humanatlas.io/vocab/hp
HGNC:2204,COL4A3,COL4A3,biolink:Gene,https://purl.humanatlas.io/vocab/hp
HGNC:2206,COL4A4,COL4A4,biolink:Gene,https://purl.humanatlas.io/vocab/hp
HGNC:2207,COL4A5,COL4A5,biolink:Gene,https://purl.humanatlas.io/vocab/hp
HGNC:2208,COL4A6,COL4A6,biolink:Gene,https://purl.humanatlas.io/vocab/hp
HGNC:2211,COL6A1,COL6A1,biolink:Gene,https://purl.humanatlas.io/vocab/hp
HGNC:2214,COL7A1,COL7A1,biolink:Gene,https://purl.humanatlas.io/vocab/hp
HGNC:2228,COMT,COMT,biolink:Gene,https://purl.humanatlas.io/vocab/hp
HGNC:2230,COPA,COPA,biolink:Gene,https://purl.humanatlas.io/vocab/hp
HGNC:2280,COX6B1,COX6B1,biolink:Gene,https://purl.humanatlas.io/vocab/hp
HGNC:2260,COX10,COX10,biolink:Gene,https://purl.humanatlas.io/vocab/hp
HGNC:2263,COX15,COX15,biolink:Gene,https://purl.humanatlas.io/vocab/hp
HGNC:2321,CPOX,CPOX,biolink:Gene,https://purl.humanatlas.io/vocab/hp
HGNC:2328,CPT1A,CPT1A,biolink:Gene,https://purl.humanatlas.io/vocab/hp
HGNC:2330,CPT2,CPT2,biolink:Gene,https://purl.humanatlas.io/vocab/hp
HGNC:2336,CR2,CR2,biolink:Gene,https://purl.humanatlas.io/vocab/hp
HGNC:2348,CREBBP,CREBBP,biolink:Gene,https://purl.humanatlas.io/vocab/hp
HGNC:2500,CCN2,CCN2,biolink:Gene,https://purl.humanatlas.io/vocab/hp
HGNC:2501,CTH,CTH,biolink:Gene,https://purl.humanatlas.io/vocab/hp
HGNC:2505,CTLA4,CTLA4,biolink:Gene,https://purl.humanatlas.io/vocab/hp
HGNC:2518,CTNS,CTNS,biolink:Gene,https://purl.humanatlas.io/vocab/hp
HGNC:2514,CTNNB1,CTNNB1,biolink:Gene,https://purl.humanatlas.io/vocab/hp
HGNC:2571,CYB561,CYB561,biolink:Gene,https://purl.humanatlas.io/vocab/hp
HGNC:2602,CYP24A1,CYP24A1,biolink:Gene,https://purl.humanatlas.io/vocab/hp
HGNC:2701,DCC,DCC,biolink:Gene,https://purl.humanatlas.io/vocab/hp
HGNC:2707,ACE,ACE,biolink:Gene,https://purl.humanatlas.io/vocab/hp
HGNC:2717,DDB1,DDB1,biolink:Gene,https://purl.humanatlas.io/vocab/hp
HGNC:2747,DDX6,DDX6,biolink:Gene,https://purl.humanatlas.io/vocab/hp
HGNC:2860,DHCR7,DHCR7,biolink:Gene,https://purl.humanatlas.io/vocab/hp
HGNC:2859,DHCR24,DHCR24,biolink:Gene,https://purl.humanatlas.io/vocab/hp
HGNC:2890,DKC1,DKC1,biolink:Gene,https://purl.humanatlas.io/vocab/hp
HGNC:2911,DLST,DLST,biolink:Gene,https://purl.humanatlas.io/vocab/hp
HGNC:2932,DMP1,DMP1,biolink:Gene,https://purl.humanatlas.io/vocab/hp
HGNC:2939,DNA2,DNA2,biolink:Gene,https://purl.humanatlas.io/vocab/hp
HGNC:2956,DNASE1,DNASE1,biolink:Gene,https://purl.humanatlas.io/vocab/hp
HGNC:2959,DNASE1L3,DNASE1L3,biolink:Gene,https://purl.humanatlas.io/vocab/hp
HGNC:2960,DNASE2,DNASE2,biolink:Gene,https://purl.humanatlas.io/vocab/hp
HGNC:2978,DNMT3A,DNMT3A,biolink:Gene,https://purl.humanatlas.io/vocab/hp
HGNC:3003,DPH1,DPH1,biolink:Gene,https://purl.humanatlas.io/vocab/hp
HGNC:3004,DPH2,DPH2,biolink:Gene,https://purl.humanatlas.io/vocab/hp
HGNC:3033,ATN1,ATN1,biolink:Gene,https://purl.humanatlas.io/vocab/hp
HGNC:3072,DUSP6,DUSP6,biolink:Gene,https://purl.humanatlas.io/vocab/hp
HGNC:3084,DVL1,DVL1,biolink:Gene,https://purl.humanatlas.io/vocab/hp
HGNC:3091,DYRK1A,DYRK1A,biolink:Gene,https://purl.humanatlas.io/vocab/hp
HGNC:3098,TOR1A,TOR1A,biolink:Gene,https://purl.humanatlas.io/vocab/hp
HGNC:3179,EDNRA,EDNRA,biolink:Gene,https://purl.humanatlas.io/vocab/hp
HGNC:3182,PHC1,PHC1,biolink:Gene,https://purl.humanatlas.io/vocab/hp
HGNC:3247,EHHADH,EHHADH,biolink:Gene,https://purl.humanatlas.io/vocab/hp
HGNC:3327,ELN,ELN,biolink:Gene,https://purl.humanatlas.io/vocab/hp
HGNC:3334,EMP2,EMP2,biolink:Gene,https://purl.humanatlas.io/vocab/hp
HGNC:3342,EN1,EN1,biolink:Gene,https://purl.humanatlas.io/vocab/hp
HGNC:3373,EP300,EP300,biolink:Gene,https://purl.humanatlas.io/vocab/hp
HGNC:3374,EPAS1,EPAS1,biolink:Gene,https://purl.humanatlas.io/vocab/hp
HGNC:3431,ERBB3,ERBB3,biolink:Gene,https://purl.humanatlas.io/vocab/hp
HGNC:3436,ERCC4,ERCC4,biolink:Gene,https://purl.humanatlas.io/vocab/hp
HGNC:3438,ERCC6,ERCC6,biolink:Gene,https://purl.humanatlas.io/vocab/hp
HGNC:3481,ETFA,ETFA,biolink:Gene,https://purl.humanatlas.io/vocab/hp
HGNC:3482,ETFB,ETFB,biolink:Gene,https://purl.humanatlas.io/vocab/hp
HGNC:3483,ETFDH,ETFDH,biolink:Gene,https://purl.humanatlas.io/vocab/hp
HGNC:3488,ETS1,ETS1,biolink:Gene,https://purl.humanatlas.io/vocab/hp
HGNC:3497,EVC,EVC,biolink:Gene,https://purl.humanatlas.io/vocab/hp
HGNC:3513,EXT2,EXT2,biolink:Gene,https://purl.humanatlas.io/vocab/hp
HGNC:3518,EXTL3,EXTL3,biolink:Gene,https://purl.humanatlas.io/vocab/hp
HGNC:3519,EYA1,EYA1,biolink:Gene,https://purl.humanatlas.io/vocab/hp
HGNC:3535,F2,F2,biolink:Gene,https://purl.humanatlas.io/vocab/hp
HGNC:3542,F5,F5,biolink:Gene,https://purl.humanatlas.io/vocab/hp
HGNC:3546,F8,F8,biolink:Gene,https://purl.humanatlas.io/vocab/hp
HGNC:3551,F9,F9,biolink:Gene,https://purl.humanatlas.io/vocab/hp
HGNC:3528,F10,F10,biolink:Gene,https://purl.humanatlas.io/vocab/hp
HGNC:3582,FANCA,FANCA,biolink:Gene,https://purl.humanatlas.io/vocab/hp
HGNC:3584,FANCC,FANCC,biolink:Gene,https://purl.humanatlas.io/vocab/hp
HGNC:3585,FANCD2,FANCD2,biolink:Gene,https://purl.humanatlas.io/vocab/hp
HGNC:3586,FANCE,FANCE,biolink:Gene,https://purl.humanatlas.io/vocab/hp
HGNC:3571,ACSL4,ACSL4,biolink:Gene,https://purl.humanatlas.io/vocab/hp
HGNC:3579,FAH,FAH,biolink:Gene,https://purl.humanatlas.io/vocab/hp
HGNC:3583,FANCB,FANCB,biolink:Gene,https://purl.humanatlas.io/vocab/hp
HGNC:3587,FANCF,FANCF,biolink:Gene,https://purl.humanatlas.io/vocab/hp
HGNC:3588,FANCG,FANCG,biolink:Gene,https://purl.humanatlas.io/vocab/hp
HGNC:3603,FBN1,FBN1,biolink:Gene,https://purl.humanatlas.io/vocab/hp
HGNC:3616,FCGR2A,FCGR2A,biolink:Gene,https://purl.humanatlas.io/vocab/hp
HGNC:3618,FCGR2B,FCGR2B,biolink:Gene,https://purl.humanatlas.io/vocab/hp
HGNC:3620,FCGR3B,FCGR3B,biolink:Gene,https://purl.humanatlas.io/vocab/hp
HGNC:3622,FKTN,FKTN,biolink:Gene,https://purl.humanatlas.io/vocab/hp
HGNC:4452,GPC4,GPC4,biolink:Gene,https://purl.humanatlas.io/vocab/hp
HGNC:3661,FGA,FGA,biolink:Gene,https://purl.humanatlas.io/vocab/hp
HGNC:3686,FGF8,FGF8,biolink:Gene,https://purl.humanatlas.io/vocab/hp
HGNC:3666,FGF10,FGF10,biolink:Gene,https://purl.humanatlas.io/vocab/hp
HGNC:3670,FGF13,FGF13,biolink:Gene,https://purl.humanatlas.io/vocab/hp
HGNC:3688,FGFR1,FGFR1,biolink:Gene,https://purl.humanatlas.io/vocab/hp
HGNC:3690,FGFR3,FGFR3,biolink:Gene,https://purl.humanatlas.io/vocab/hp
HGNC:3689,FGFR2,FGFR2,biolink:Gene,https://purl.humanatlas.io/vocab/hp
HGNC:3700,FH,FH,biolink:Gene,https://purl.humanatlas.io/vocab/hp
HGNC:3809,FOXF1,FOXF1,biolink:Gene,https://purl.humanatlas.io/vocab/hp
HGNC:3815,FOXI1,FOXI1,biolink:Gene,https://purl.humanatlas.io/vocab/hp
HGNC:3801,FOXC2,FOXC2,biolink:Gene,https://purl.humanatlas.io/vocab/hp
HGNC:3806,FOXE1,FOXE1,biolink:Gene,https://purl.humanatlas.io/vocab/hp
HGNC:3749,FLI1,FLI1,biolink:Gene,https://purl.humanatlas.io/vocab/hp
HGNC:3750,FLII,FLII,biolink:Gene,https://purl.humanatlas.io/vocab/hp
HGNC:3754,FLNA,FLNA,biolink:Gene,https://purl.humanatlas.io/vocab/hp
HGNC:3755,FLNB,FLNB,biolink:Gene,https://purl.humanatlas.io/vocab/hp
HGNC:3763,FLT1,FLT1,biolink:Gene,https://purl.humanatlas.io/vocab/hp
HGNC:3778,FN1,FN1,biolink:Gene,https://purl.humanatlas.io/vocab/hp
HGNC:7983,NR5A1,NR5A1,biolink:Gene,https://purl.humanatlas.io/vocab/hp
HGNC:4019,FUT8,FUT8,biolink:Gene,https://purl.humanatlas.io/vocab/hp
HGNC:4056,G6PC1,G6PC1,biolink:Gene,https://purl.humanatlas.io/vocab/hp
HGNC:4061,SLC37A4,SLC37A4,biolink:Gene,https://purl.humanatlas.io/vocab/hp
HGNC:4084,GABRD,GABRD,biolink:Gene,https://purl.humanatlas.io/vocab/hp
HGNC:4125,GALNT3,GALNT3,biolink:Gene,https://purl.humanatlas.io/vocab/hp
HGNC:4165,GAS1,GAS1,biolink:Gene,https://purl.humanatlas.io/vocab/hp
HGNC:4170,GATA1,GATA1,biolink:Gene,https://purl.humanatlas.io/vocab/hp
HGNC:4172,GATA3,GATA3,biolink:Gene,https://purl.humanatlas.io/vocab/hp
HGNC:4173,GATA4,GATA4,biolink:Gene,https://purl.humanatlas.io/vocab/hp
HGNC:4175,GATM,GATM,biolink:Gene,https://purl.humanatlas.io/vocab/hp
HGNC:4177,GBA1,GBA1,biolink:Gene,https://purl.humanatlas.io/vocab/hp
HGNC:4180,GBE1,GBE1,biolink:Gene,https://purl.humanatlas.io/vocab/hp
HGNC:4189,GCDH,GCDH,biolink:Gene,https://purl.humanatlas.io/vocab/hp
HGNC:4195,GCK,GCK,biolink:Gene,https://purl.humanatlas.io/vocab/hp
HGNC:4243,GFRA1,GFRA1,biolink:Gene,https://purl.humanatlas.io/vocab/hp
HGNC:4296,GLA,GLA,biolink:Gene,https://purl.humanatlas.io/vocab/hp
HGNC:4451,GPC3,GPC3,biolink:Gene,https://purl.humanatlas.io/vocab/hp
HGNC:4311,GCLC,GCLC,biolink:Gene,https://purl.humanatlas.io/vocab/hp
HGNC:4317,GLI1,GLI1,biolink:Gene,https://purl.humanatlas.io/vocab/hp
HGNC:4318,GLI2,GLI2,biolink:Gene,https://purl.humanatlas.io/vocab/hp
HGNC:4319,GLI3,GLI3,biolink:Gene,https://purl.humanatlas.io/vocab/hp
HGNC:4379,GNA11,GNA11,biolink:Gene,https://purl.humanatlas.io/vocab/hp
HGNC:4389,GNAO1,GNAO1,biolink:Gene,https://purl.humanatlas.io/vocab/hp
HGNC:4392,GNAS,GNAS,biolink:Gene,https://purl.humanatlas.io/vocab/hp
HGNC:4396,GNB1,GNB1,biolink:Gene,https://purl.humanatlas.io/vocab/hp
HGNC:4398,GNB2,GNB2,biolink:Gene,https://purl.humanatlas.io/vocab/hp
HGNC:4439,GP1BA,GP1BA,biolink:Gene,https://purl.humanatlas.io/vocab/hp
HGNC:4440,GP1BB,GP1BB,biolink:Gene,https://purl.humanatlas.io/vocab/hp
HGNC:4444,GP9,GP9,biolink:Gene,https://purl.humanatlas.io/vocab/hp
HGNC:4492,GPR35,GPR35,biolink:Gene,https://purl.humanatlas.io/vocab/hp
HGNC:4564,GRB10,GRB10,biolink:Gene,https://purl.humanatlas.io/vocab/hp
HGNC:4573,GRIA3,GRIA3,biolink:Gene,https://purl.humanatlas.io/vocab/hp
HGNC:4584,GRIN1,GRIN1,biolink:Gene,https://purl.humanatlas.io/vocab/hp
HGNC:4599,GRM7,GRM7,biolink:Gene,https://purl.humanatlas.io/vocab/hp
HGNC:4620,GSN,GSN,biolink:Gene,https://purl.humanatlas.io/vocab/hp
HGNC:4635,GSTM3,GSTM3,biolink:Gene,https://purl.humanatlas.io/vocab/hp
HGNC:7329,MSH6,MSH6,biolink:Gene,https://purl.humanatlas.io/vocab/hp
HGNC:4659,GTF2I,GTF2I,biolink:Gene,https://purl.humanatlas.io/vocab/hp
HGNC:11551,BRF1,BRF1,biolink:Gene,https://purl.humanatlas.io/vocab/hp
HGNC:4798,HABP2,HABP2,biolink:Gene,https://purl.humanatlas.io/vocab/hp
HGNC:4827,HBB,HBB,biolink:Gene,https://purl.humanatlas.io/vocab/hp
HGNC:4883,CFH,CFH,biolink:Gene,https://purl.humanatlas.io/vocab/hp
HGNC:4886,HFE,HFE,biolink:Gene,https://purl.humanatlas.io/vocab/hp
HGNC:4888,CFHR1,CFHR1,biolink:Gene,https://purl.humanatlas.io/vocab/hp
HGNC:4892,HGD,HGD,biolink:Gene,https://purl.humanatlas.io/vocab/hp
HGNC:4909,HIC1,HIC1,biolink:Gene,https://purl.humanatlas.io/vocab/hp
HGNC:4932,HLA-B,HLA-B,biolink:Gene,https://purl.humanatlas.io/vocab/hp
HGNC:4979,MNX1,MNX1,biolink:Gene,https://purl.humanatlas.io/vocab/hp
HGNC:4938,HLA-DPA1,HLA-DPA1,biolink:Gene,https://purl.humanatlas.io/vocab/hp
HGNC:4940,HLA-DPB1,HLA-DPB1,biolink:Gene,https://purl.humanatlas.io/vocab/hp
HGNC:4948,HLA-DRB1,HLA-DRB1,biolink:Gene,https://purl.humanatlas.io/vocab/hp
HGNC:4982,HMBS,HMBS,biolink:Gene,https://purl.humanatlas.io/vocab/hp
HGNC:5013,HMOX1,HMOX1,biolink:Gene,https://purl.humanatlas.io/vocab/hp
HGNC:5024,HNF4A,HNF4A,biolink:Gene,https://purl.humanatlas.io/vocab/hp
HGNC:5041,HNRNPH1,HNRNPH1,biolink:Gene,https://purl.humanatlas.io/vocab/hp
HGNC:5044,HNRNPK,HNRNPK,biolink:Gene,https://purl.humanatlas.io/vocab/hp
HGNC:5048,HNRNPU,HNRNPU,biolink:Gene,https://purl.humanatlas.io/vocab/hp
HGNC:5102,HOXA13,HOXA13,biolink:Gene,https://purl.humanatlas.io/vocab/hp
HGNC:5136,HOXD13,HOXD13,biolink:Gene,https://purl.humanatlas.io/vocab/hp
HGNC:5157,HPRT1,HPRT1,biolink:Gene,https://purl.humanatlas.io/vocab/hp
HGNC:5163,HPS1,HPS1,biolink:Gene,https://purl.humanatlas.io/vocab/hp
HGNC:5173,HRAS,HRAS,biolink:Gene,https://purl.humanatlas.io/vocab/hp
HGNC:5209,HSD11B2,HSD11B2,biolink:Gene,https://purl.humanatlas.io/vocab/hp
HGNC:5213,HSD17B4,HSD17B4,biolink:Gene,https://purl.humanatlas.io/vocab/hp
HGNC:5244,HSPA9,HSPA9,biolink:Gene,https://purl.humanatlas.io/vocab/hp
HGNC:5273,HSPG2,HSPG2,biolink:Gene,https://purl.humanatlas.io/vocab/hp
HGNC:5330,IARS1,IARS1,biolink:Gene,https://purl.humanatlas.io/vocab/hp
HGNC:5382,IDH1,IDH1,biolink:Gene,https://purl.humanatlas.io/vocab/hp
HGNC:5394,CFI,CFI,biolink:Gene,https://purl.humanatlas.io/vocab/hp
HGNC:5438,IFNG,IFNG,biolink:Gene,https://purl.humanatlas.io/vocab/hp
HGNC:5439,IFNGR1,IFNGR1,biolink:Gene,https://purl.humanatlas.io/vocab/hp
HGNC:5466,IGF2,IGF2,biolink:Gene,https://purl.humanatlas.io/vocab/hp
HGNC:5525,IGHG1,IGHG1,biolink:Gene,https://purl.humanatlas.io/vocab/hp
HGNC:6010,IL2RG,IL2RG,biolink:Gene,https://purl.humanatlas.io/vocab/hp
HGNC:6018,IL6,IL6,biolink:Gene,https://purl.humanatlas.io/vocab/hp
HGNC:6024,IL7R,IL7R,biolink:Gene,https://purl.humanatlas.io/vocab/hp
HGNC:5962,IL10,IL10,biolink:Gene,https://purl.humanatlas.io/vocab/hp
HGNC:5969,IL12A,IL12A,biolink:Gene,https://purl.humanatlas.io/vocab/hp
HGNC:5970,IL12B,IL12B,biolink:Gene,https://purl.humanatlas.io/vocab/hp
HGNC:6081,INS,INS,biolink:Gene,https://purl.humanatlas.io/vocab/hp
HGNC:6086,INSL3,INSL3,biolink:Gene,https://purl.humanatlas.io/vocab/hp
HGNC:6091,INSR,INSR,biolink:Gene,https://purl.humanatlas.io/vocab/hp
HGNC:6107,PDX1,PDX1,biolink:Gene,https://purl.humanatlas.io/vocab/hp
HGNC:6112,IRAK1,IRAK1,biolink:Gene,https://purl.humanatlas.io/vocab/hp
HGNC:6142,ITGA6,ITGA6,biolink:Gene,https://purl.humanatlas.io/vocab/hp
HGNC:6120,IRF5,IRF5,biolink:Gene,https://purl.humanatlas.io/vocab/hp
HGNC:6137,ITGA2,ITGA2,biolink:Gene,https://purl.humanatlas.io/vocab/hp
HGNC:6138,ITGA2B,ITGA2B,biolink:Gene,https://purl.humanatlas.io/vocab/hp
HGNC:6139,ITGA3,ITGA3,biolink:Gene,https://purl.humanatlas.io/vocab/hp
HGNC:6149,ITGAM,ITGAM,biolink:Gene,https://purl.humanatlas.io/vocab/hp
HGNC:6156,ITGB3,ITGB3,biolink:Gene,https://purl.humanatlas.io/vocab/hp
HGNC:6158,ITGB4,ITGB4,biolink:Gene,https://purl.humanatlas.io/vocab/hp
HGNC:6180,ITPR1,ITPR1,biolink:Gene,https://purl.humanatlas.io/vocab/hp
HGNC:6186,IVD,IVD,biolink:Gene,https://purl.humanatlas.io/vocab/hp
HGNC:6190,JAK1,JAK1,biolink:Gene,https://purl.humanatlas.io/vocab/hp
HGNC:6192,JAK2,JAK2,biolink:Gene,https://purl.humanatlas.io/vocab/hp
HGNC:6211,ANOS1,ANOS1,biolink:Gene,https://purl.humanatlas.io/vocab/hp
HGNC:6215,KARS1,KARS1,biolink:Gene,https://purl.humanatlas.io/vocab/hp
HGNC:6218,KCNA1,KCNA1,biolink:Gene,https://purl.humanatlas.io/vocab/hp
HGNC:6250,KCNH1,KCNH1,biolink:Gene,https://purl.humanatlas.io/vocab/hp
HGNC:6255,KCNJ1,KCNJ1,biolink:Gene,https://purl.humanatlas.io/vocab/hp
HGNC:6263,KCNJ2,KCNJ2,biolink:Gene,https://purl.humanatlas.io/vocab/hp
HGNC:6266,KCNJ5,KCNJ5,biolink:Gene,https://purl.humanatlas.io/vocab/hp
HGNC:6256,KCNJ10,KCNJ10,biolink:Gene,https://purl.humanatlas.io/vocab/hp
HGNC:6257,KCNJ11,KCNJ11,biolink:Gene,https://purl.humanatlas.io/vocab/hp
HGNC:6293,KCNN4,KCNN4,biolink:Gene,https://purl.humanatlas.io/vocab/hp
HGNC:6294,KCNQ1,KCNQ1,biolink:Gene,https://purl.humanatlas.io/vocab/hp
HGNC:6407,KRAS,KRAS,biolink:Gene,https://purl.humanatlas.io/vocab/hp
HGNC:6427,KRT17,KRT17,biolink:Gene,https://purl.humanatlas.io/vocab/hp
HGNC:6473,AFF3,AFF3,biolink:Gene,https://purl.humanatlas.io/vocab/hp
HGNC:6483,LAMA3,LAMA3,biolink:Gene,https://purl.humanatlas.io/vocab/hp
HGNC:6485,LAMA5,LAMA5,biolink:Gene,https://purl.humanatlas.io/vocab/hp
HGNC:6487,LAMB2,LAMB2,biolink:Gene,https://purl.humanatlas.io/vocab/hp
HGNC:6490,LAMB3,LAMB3,biolink:Gene,https://purl.humanatlas.io/vocab/hp
HGNC:6493,LAMC2,LAMC2,biolink:Gene,https://purl.humanatlas.io/vocab/hp
HGNC:6522,LCAT,LCAT,biolink:Gene,https://purl.humanatlas.io/vocab/hp
HGNC:6535,LDHA,LDHA,biolink:Gene,https://purl.humanatlas.io/vocab/hp
HGNC:6547,LDLR,LDLR,biolink:Gene,https://purl.humanatlas.io/vocab/hp
HGNC:6593,LHX1,LHX1,biolink:Gene,https://purl.humanatlas.io/vocab/hp
HGNC:6598,LIG1,LIG1,biolink:Gene,https://purl.humanatlas.io/vocab/hp
HGNC:6601,LIG4,LIG4,biolink:Gene,https://purl.humanatlas.io/vocab/hp
HGNC:6613,LIMK1,LIMK1,biolink:Gene,https://purl.humanatlas.io/vocab/hp
HGNC:6631,LMAN1,LMAN1,biolink:Gene,https://purl.humanatlas.io/vocab/hp
HGNC:6636,LMNA,LMNA,biolink:Gene,https://purl.humanatlas.io/vocab/hp
HGNC:6637,LMNB1,LMNB1,biolink:Gene,https://purl.humanatlas.io/vocab/hp
HGNC:6654,LMX1B,LMX1B,biolink:Gene,https://purl.humanatlas.io/vocab/hp
HGNC:6694,LRP2,LRP2,biolink:Gene,https://purl.humanatlas.io/vocab/hp
HGNC:6696,LRP4,LRP4,biolink:Gene,https://purl.humanatlas.io/vocab/hp
HGNC:6697,LRP5,LRP5,biolink:Gene,https://purl.humanatlas.io/vocab/hp
HGNC:6714,LTBP1,LTBP1,biolink:Gene,https://purl.humanatlas.io/vocab/hp
HGNC:6740,LYZ,LYZ,biolink:Gene,https://purl.humanatlas.io/vocab/hp
HGNC:11529,EPCAM,EPCAM,biolink:Gene,https://purl.humanatlas.io/vocab/hp
HGNC:6757,MAB21L1,MAB21L1,biolink:Gene,https://purl.humanatlas.io/vocab/hp
HGNC:6898,MARS1,MARS1,biolink:Gene,https://purl.humanatlas.io/vocab/hp
HGNC:6913,MAX,MAX,biolink:Gene,https://purl.humanatlas.io/vocab/hp
HGNC:6935,MCC,MCC,biolink:Gene,https://purl.humanatlas.io/vocab/hp
HGNC:6948,MCM5,MCM5,biolink:Gene,https://purl.humanatlas.io/vocab/hp
HGNC:6950,MCM7,MCM7,biolink:Gene,https://purl.humanatlas.io/vocab/hp
HGNC:6953,CD46,CD46,biolink:Gene,https://purl.humanatlas.io/vocab/hp
HGNC:6971,MDH2,MDH2,biolink:Gene,https://purl.humanatlas.io/vocab/hp
HGNC:6973,MDM2,MDM2,biolink:Gene,https://purl.humanatlas.io/vocab/hp
HGNC:6990,MECP2,MECP2,biolink:Gene,https://purl.humanatlas.io/vocab/hp
HGNC:6998,MEFV,MEFV,biolink:Gene,https://purl.humanatlas.io/vocab/hp
HGNC:6848,MAP3K1,MAP3K1,biolink:Gene,https://purl.humanatlas.io/vocab/hp
HGNC:7010,MEN1,MEN1,biolink:Gene,https://purl.humanatlas.io/vocab/hp
HGNC:7013,MEOX1,MEOX1,biolink:Gene,https://purl.humanatlas.io/vocab/hp
HGNC:7029,MET,MET,biolink:Gene,https://purl.humanatlas.io/vocab/hp
HGNC:7095,MID1,MID1,biolink:Gene,https://purl.humanatlas.io/vocab/hp
HGNC:7097,MIF,MIF,biolink:Gene,https://purl.humanatlas.io/vocab/hp
HGNC:7127,MLH1,MLH1,biolink:Gene,https://purl.humanatlas.io/vocab/hp
HGNC:7132,KMT2A,KMT2A,biolink:Gene,https://purl.humanatlas.io/vocab/hp
HGNC:7154,MME,MME,biolink:Gene,https://purl.humanatlas.io/vocab/hp
HGNC:7155,MMP1,MMP1,biolink:Gene,https://purl.humanatlas.io/vocab/hp
HGNC:7190,MOCS1,MOCS1,biolink:Gene,https://purl.humanatlas.io/vocab/hp
HGNC:7193,MOCS2,MOCS2,biolink:Gene,https://purl.humanatlas.io/vocab/hp
HGNC:7216,MPI,MPI,biolink:Gene,https://purl.humanatlas.io/vocab/hp
HGNC:7224,MPV17,MPV17,biolink:Gene,https://purl.humanatlas.io/vocab/hp
HGNC:7325,MSH2,MSH2,biolink:Gene,https://purl.humanatlas.io/vocab/hp
HGNC:7326,MSH3,MSH3,biolink:Gene,https://purl.humanatlas.io/vocab/hp
HGNC:7380,MST1,MST1,biolink:Gene,https://purl.humanatlas.io/vocab/hp
HGNC:7414,MT-ATP6,MT-ATP6,biolink:Gene,https://purl.humanatlas.io/vocab/hp
HGNC:7415,MT-ATP8,MT-ATP8,biolink:Gene,https://purl.humanatlas.io/vocab/hp
HGNC:7419,MT-CO1,MT-CO1,biolink:Gene,https://purl.humanatlas.io/vocab/hp
HGNC:7421,MT-CO2,MT-CO2,biolink:Gene,https://purl.humanatlas.io/vocab/hp
HGNC:7422,MT-CO3,MT-CO3,biolink:Gene,https://purl.humanatlas.io/vocab/hp
HGNC:7427,MT-CYB,MT-CYB,biolink:Gene,https://purl.humanatlas.io/vocab/hp
HGNC:7455,MT-ND1,MT-ND1,biolink:Gene,https://purl.humanatlas.io/vocab/hp
HGNC:7456,MT-ND2,MT-ND2,biolink:Gene,https://purl.humanatlas.io/vocab/hp
HGNC:7458,MT-ND3,MT-ND3,biolink:Gene,https://purl.humanatlas.io/vocab/hp
HGNC:7459,MT-ND4,MT-ND4,biolink:Gene,https://purl.humanatlas.io/vocab/hp
HGNC:7461,MT-ND5,MT-ND5,biolink:Gene,https://purl.humanatlas.io/vocab/hp
HGNC:7462,MT-ND6,MT-ND6,biolink:Gene,https://purl.humanatlas.io/vocab/hp
HGNC:7473,MTRR,MTRR,biolink:Gene,https://purl.humanatlas.io/vocab/hp
HGNC:7481,MT-TF,MT-TF,biolink:Gene,https://purl.humanatlas.io/vocab/hp
HGNC:7487,MT-TH,MT-TH,biolink:Gene,https://purl.humanatlas.io/vocab/hp
HGNC:7489,MT-TK,MT-TK,biolink:Gene,https://purl.humanatlas.io/vocab/hp
HGNC:7490,MT-TL1,MT-TL1,biolink:Gene,https://purl.humanatlas.io/vocab/hp
HGNC:7493,MT-TN,MT-TN,biolink:Gene,https://purl.humanatlas.io/vocab/hp
HGNC:7495,MT-TQ,MT-TQ,biolink:Gene,https://purl.humanatlas.io/vocab/hp
HGNC:7497,MT-TS1,MT-TS1,biolink:Gene,https://purl.humanatlas.io/vocab/hp
HGNC:7498,MT-TS2,MT-TS2,biolink:Gene,https://purl.humanatlas.io/vocab/hp
HGNC:7499,MT-TT,MT-TT,biolink:Gene,https://purl.humanatlas.io/vocab/hp
HGNC:7500,MT-TV,MT-TV,biolink:Gene,https://purl.humanatlas.io/vocab/hp
HGNC:7501,MT-TW,MT-TW,biolink:Gene,https://purl.humanatlas.io/vocab/hp
HGNC:7508,MUC1,MUC1,biolink:Gene,https://purl.humanatlas.io/vocab/hp
HGNC:7523,TRIM37,TRIM37,biolink:Gene,https://purl.humanatlas.io/vocab/hp
HGNC:7526,MMUT,MMUT,biolink:Gene,https://purl.humanatlas.io/vocab/hp
HGNC:7527,MUTYH,MUTYH,biolink:Gene,https://purl.humanatlas.io/vocab/hp
HGNC:7530,MVK,MVK,biolink:Gene,https://purl.humanatlas.io/vocab/hp
HGNC:7559,MYCN,MYCN,biolink:Gene,https://purl.humanatlas.io/vocab/hp
HGNC:7562,MYD88,MYD88,biolink:Gene,https://purl.humanatlas.io/vocab/hp
HGNC:7579,MYH9,MYH9,biolink:Gene,https://purl.humanatlas.io/vocab/hp
HGNC:7569,MYH11,MYH11,biolink:Gene,https://purl.humanatlas.io/vocab/hp
HGNC:7590,MYLK,MYLK,biolink:Gene,https://purl.humanatlas.io/vocab/hp
HGNC:7599,MYO1E,MYO1E,biolink:Gene,https://purl.humanatlas.io/vocab/hp
HGNC:7603,MYO5B,MYO5B,biolink:Gene,https://purl.humanatlas.io/vocab/hp
HGNC:7611,MYOD1,MYOD1,biolink:Gene,https://purl.humanatlas.io/vocab/hp
HGNC:1818,CEACAM6,CEACAM6,biolink:Gene,https://purl.humanatlas.io/vocab/hp
HGNC:7652,NBN,NBN,biolink:Gene,https://purl.humanatlas.io/vocab/hp
HGNC:7683,NDUFA1,NDUFA1,biolink:Gene,https://purl.humanatlas.io/vocab/hp
HGNC:7690,NDUFA6,NDUFA6,biolink:Gene,https://purl.humanatlas.io/vocab/hp
HGNC:7698,NDUFB3,NDUFB3,biolink:Gene,https://purl.humanatlas.io/vocab/hp
HGNC:7704,NDUFB9,NDUFB9,biolink:Gene,https://purl.humanatlas.io/vocab/hp
HGNC:7696,NDUFB10,NDUFB10,biolink:Gene,https://purl.humanatlas.io/vocab/hp
HGNC:7707,NDUFS1,NDUFS1,biolink:Gene,https://purl.humanatlas.io/vocab/hp
HGNC:7708,NDUFS2,NDUFS2,biolink:Gene,https://purl.humanatlas.io/vocab/hp
HGNC:7710,NDUFS3,NDUFS3,biolink:Gene,https://purl.humanatlas.io/vocab/hp
HGNC:7716,NDUFV1,NDUFV1,biolink:Gene,https://purl.humanatlas.io/vocab/hp
HGNC:7711,NDUFS4,NDUFS4,biolink:Gene,https://purl.humanatlas.io/vocab/hp
HGNC:7713,NDUFS6,NDUFS6,biolink:Gene,https://purl.humanatlas.io/vocab/hp
HGNC:7715,NDUFS8,NDUFS8,biolink:Gene,https://purl.humanatlas.io/vocab/hp
HGNC:7717,NDUFV2,NDUFV2,biolink:Gene,https://purl.humanatlas.io/vocab/hp
HGNC:7744,NEK1,NEK1,biolink:Gene,https://purl.humanatlas.io/vocab/hp
HGNC:7762,NEUROD1,NEUROD1,biolink:Gene,https://purl.humanatlas.io/vocab/hp
HGNC:7763,NEUROD2,NEUROD2,biolink:Gene,https://purl.humanatlas.io/vocab/hp
HGNC:7765,NF1,NF1,biolink:Gene,https://purl.humanatlas.io/vocab/hp
HGNC:7784,NFIA,NFIA,biolink:Gene,https://purl.humanatlas.io/vocab/hp
HGNC:7865,NODAL,NODAL,biolink:Gene,https://purl.humanatlas.io/vocab/hp
HGNC:7882,NOTCH2,NOTCH2,biolink:Gene,https://purl.humanatlas.io/vocab/hp
HGNC:7896,NPAT,NPAT,biolink:Gene,https://purl.humanatlas.io/vocab/hp
HGNC:7905,NPHP1,NPHP1,biolink:Gene,https://purl.humanatlas.io/vocab/hp
HGNC:7908,NPHS1,NPHS1,biolink:Gene,https://purl.humanatlas.io/vocab/hp
HGNC:7910,NPM1,NPM1,biolink:Gene,https://purl.humanatlas.io/vocab/hp
HGNC:7989,NRAS,NRAS,biolink:Gene,https://purl.humanatlas.io/vocab/hp
HGNC:8031,NTRK1,NTRK1,biolink:Gene,https://purl.humanatlas.io/vocab/hp
HGNC:10257,ROR2,ROR2,biolink:Gene,https://purl.humanatlas.io/vocab/hp
HGNC:8059,NUMA1,NUMA1,biolink:Gene,https://purl.humanatlas.io/vocab/hp
HGNC:8108,OCRL,OCRL,biolink:Gene,https://purl.humanatlas.io/vocab/hp
HGNC:8125,OGG1,OGG1,biolink:Gene,https://purl.humanatlas.io/vocab/hp
HGNC:8574,PAFAH1B1,PAFAH1B1,biolink:Gene,https://purl.humanatlas.io/vocab/hp
HGNC:9352,PRDX1,PRDX1,biolink:Gene,https://purl.humanatlas.io/vocab/hp
HGNC:8582,PAH,PAH,biolink:Gene,https://purl.humanatlas.io/vocab/hp
HGNC:8615,PAX1,PAX1,biolink:Gene,https://purl.humanatlas.io/vocab/hp
HGNC:8616,PAX2,PAX2,biolink:Gene,https://purl.humanatlas.io/vocab/hp
HGNC:8618,PAX4,PAX4,biolink:Gene,https://purl.humanatlas.io/vocab/hp
HGNC:8620,PAX6,PAX6,biolink:Gene,https://purl.humanatlas.io/vocab/hp
HGNC:8621,PAX7,PAX7,biolink:Gene,https://purl.humanatlas.io/vocab/hp
HGNC:8632,PBX1,PBX1,biolink:Gene,https://purl.humanatlas.io/vocab/hp
HGNC:8636,PC,PC,biolink:Gene,https://purl.humanatlas.io/vocab/hp
HGNC:8724,PCK1,PCK1,biolink:Gene,https://purl.humanatlas.io/vocab/hp
HGNC:8725,PCK2,PCK2,biolink:Gene,https://purl.humanatlas.io/vocab/hp
HGNC:8760,PDCD1,PDCD1,biolink:Gene,https://purl.humanatlas.io/vocab/hp
HGNC:8788,PDE6D,PDE6D,biolink:Gene,https://purl.humanatlas.io/vocab/hp
HGNC:8805,PDGFRL,PDGFRL,biolink:Gene,https://purl.humanatlas.io/vocab/hp
HGNC:8806,PDHA1,PDHA1,biolink:Gene,https://purl.humanatlas.io/vocab/hp
HGNC:3356,ENPP1,ENPP1,biolink:Gene,https://purl.humanatlas.io/vocab/hp
HGNC:8818,SLC26A4,SLC26A4,biolink:Gene,https://purl.humanatlas.io/vocab/hp
HGNC:8850,PEX1,PEX1,biolink:Gene,https://purl.humanatlas.io/vocab/hp
HGNC:8859,PEX6,PEX6,biolink:Gene,https://purl.humanatlas.io/vocab/hp
HGNC:8860,PEX7,PEX7,biolink:Gene,https://purl.humanatlas.io/vocab/hp
HGNC:8851,PEX10,PEX10,biolink:Gene,https://purl.humanatlas.io/vocab/hp
HGNC:8854,PEX12,PEX12,biolink:Gene,https://purl.humanatlas.io/vocab/hp
HGNC:8855,PEX13,PEX13,biolink:Gene,https://purl.humanatlas.io/vocab/hp
HGNC:8856,PEX14,PEX14,biolink:Gene,https://purl.humanatlas.io/vocab/hp
HGNC:8877,PFKM,PFKM,biolink:Gene,https://purl.humanatlas.io/vocab/hp
HGNC:8889,PGAM2,PGAM2,biolink:Gene,https://purl.humanatlas.io/vocab/hp
HGNC:8896,PGK1,PGK1,biolink:Gene,https://purl.humanatlas.io/vocab/hp
HGNC:8905,PGM1,PGM1,biolink:Gene,https://purl.humanatlas.io/vocab/hp
HGNC:8907,PGM3,PGM3,biolink:Gene,https://purl.humanatlas.io/vocab/hp
HGNC:8918,PHEX,PHEX,biolink:Gene,https://purl.humanatlas.io/vocab/hp
HGNC:8926,PHKA2,PHKA2,biolink:Gene,https://purl.humanatlas.io/vocab/hp
HGNC:8927,PHKB,PHKB,biolink:Gene,https://purl.humanatlas.io/vocab/hp
HGNC:8931,PHKG2,PHKG2,biolink:Gene,https://purl.humanatlas.io/vocab/hp
HGNC:8940,PHYH,PHYH,biolink:Gene,https://purl.humanatlas.io/vocab/hp
HGNC:8941,SERPINA1,SERPINA1,biolink:Gene,https://purl.humanatlas.io/vocab/hp
HGNC:8957,PIGA,PIGA,biolink:Gene,https://purl.humanatlas.io/vocab/hp
HGNC:8971,PIK3C2A,PIK3C2A,biolink:Gene,https://purl.humanatlas.io/vocab/hp
HGNC:8975,PIK3CA,PIK3CA,biolink:Gene,https://purl.humanatlas.io/vocab/hp
HGNC:8977,PIK3CD,PIK3CD,biolink:Gene,https://purl.humanatlas.io/vocab/hp
HGNC:8980,PIK3R2,PIK3R2,biolink:Gene,https://purl.humanatlas.io/vocab/hp
HGNC:8983,PI4KA,PI4KA,biolink:Gene,https://purl.humanatlas.io/vocab/hp
HGNC:9008,PKD1,PKD1,biolink:Gene,https://purl.humanatlas.io/vocab/hp
HGNC:9009,PKD2,PKD2,biolink:Gene,https://purl.humanatlas.io/vocab/hp
HGNC:9016,PKHD1,PKHD1,biolink:Gene,https://purl.humanatlas.io/vocab/hp
HGNC:9031,PLA2G2A,PLA2G2A,biolink:Gene,https://purl.humanatlas.io/vocab/hp
HGNC:9060,PLCD1,PLCD1,biolink:Gene,https://purl.humanatlas.io/vocab/hp
HGNC:9067,PLD1,PLD1,biolink:Gene,https://purl.humanatlas.io/vocab/hp
HGNC:9069,PLEC,PLEC,biolink:Gene,https://purl.humanatlas.io/vocab/hp
HGNC:9071,PLG,PLG,biolink:Gene,https://purl.humanatlas.io/vocab/hp
HGNC:9075,SERPINF2,SERPINF2,biolink:Gene,https://purl.humanatlas.io/vocab/hp
HGNC:9099,PLXNA1,PLXNA1,biolink:Gene,https://purl.humanatlas.io/vocab/hp
HGNC:9113,PML,PML,biolink:Gene,https://purl.humanatlas.io/vocab/hp
HGNC:9115,PMM2,PMM2,biolink:Gene,https://purl.humanatlas.io/vocab/hp
HGNC:9121,PMS1,PMS1,biolink:Gene,https://purl.humanatlas.io/vocab/hp
HGNC:9122,PMS2,PMS2,biolink:Gene,https://purl.humanatlas.io/vocab/hp
HGNC:9175,POLD1,POLD1,biolink:Gene,https://purl.humanatlas.io/vocab/hp
HGNC:9177,POLE,POLE,biolink:Gene,https://purl.humanatlas.io/vocab/hp
HGNC:9200,POLRMT,POLRMT,biolink:Gene,https://purl.humanatlas.io/vocab/hp
HGNC:9208,POR,POR,biolink:Gene,https://purl.humanatlas.io/vocab/hp
HGNC:9217,POU3F4,POU3F4,biolink:Gene,https://purl.humanatlas.io/vocab/hp
HGNC:9276,PPM1B,PPM1B,biolink:Gene,https://purl.humanatlas.io/vocab/hp
HGNC:9280,PPOX,PPOX,biolink:Gene,https://purl.humanatlas.io/vocab/hp
HGNC:9302,PPP2R1A,PPP2R1A,biolink:Gene,https://purl.humanatlas.io/vocab/hp
HGNC:9314,PPP3CA,PPP3CA,biolink:Gene,https://purl.humanatlas.io/vocab/hp
HGNC:9343,PRCC,PRCC,biolink:Gene,https://purl.humanatlas.io/vocab/hp
HGNC:9360,PRF1,PRF1,biolink:Gene,https://purl.humanatlas.io/vocab/hp
HGNC:9369,PRIM1,PRIM1,biolink:Gene,https://purl.humanatlas.io/vocab/hp
HGNC:9380,PRKACA,PRKACA,biolink:Gene,https://purl.humanatlas.io/vocab/hp
HGNC:9381,PRKACB,PRKACB,biolink:Gene,https://purl.humanatlas.io/vocab/hp
HGNC:9388,PRKAR1A,PRKAR1A,biolink:Gene,https://purl.humanatlas.io/vocab/hp
HGNC:9399,PRKCD,PRKCD,biolink:Gene,https://purl.humanatlas.io/vocab/hp
HGNC:9411,PRKCSH,PRKCSH,biolink:Gene,https://purl.humanatlas.io/vocab/hp
HGNC:9412,PRKCZ,PRKCZ,biolink:Gene,https://purl.humanatlas.io/vocab/hp
HGNC:6871,MAPK1,MAPK1,biolink:Gene,https://purl.humanatlas.io/vocab/hp
HGNC:6840,MAP2K1,MAP2K1,biolink:Gene,https://purl.humanatlas.io/vocab/hp
HGNC:6842,MAP2K2,MAP2K2,biolink:Gene,https://purl.humanatlas.io/vocab/hp
HGNC:9453,PRODH,PRODH,biolink:Gene,https://purl.humanatlas.io/vocab/hp
HGNC:9462,PRPS1,PRPS1,biolink:Gene,https://purl.humanatlas.io/vocab/hp
HGNC:6901,MASP1,MASP1,biolink:Gene,https://purl.humanatlas.io/vocab/hp
HGNC:9495,PRTN3,PRTN3,biolink:Gene,https://purl.humanatlas.io/vocab/hp
HGNC:9538,PSMB10,PSMB10,biolink:Gene,https://purl.humanatlas.io/vocab/hp
HGNC:9547,PSMC1,PSMC1,biolink:Gene,https://purl.humanatlas.io/vocab/hp
HGNC:9557,PSMD12,PSMD12,biolink:Gene,https://purl.humanatlas.io/vocab/hp
HGNC:9585,PTCH1,PTCH1,biolink:Gene,https://purl.humanatlas.io/vocab/hp
HGNC:9588,PTEN,PTEN,biolink:Gene,https://purl.humanatlas.io/vocab/hp
HGNC:9606,PTH,PTH,biolink:Gene,https://purl.humanatlas.io/vocab/hp
HGNC:9608,PTH1R,PTH1R,biolink:Gene,https://purl.humanatlas.io/vocab/hp
HGNC:9644,PTPN11,PTPN11,biolink:Gene,https://purl.humanatlas.io/vocab/hp
HGNC:9645,PTPN12,PTPN12,biolink:Gene,https://purl.humanatlas.io/vocab/hp
HGNC:9673,PTPRJ,PTPRJ,biolink:Gene,https://purl.humanatlas.io/vocab/hp
HGNC:9678,PTPRO,PTPRO,biolink:Gene,https://purl.humanatlas.io/vocab/hp
HGNC:9713,PEX19,PEX19,biolink:Gene,https://purl.humanatlas.io/vocab/hp
HGNC:9717,PEX2,PEX2,biolink:Gene,https://purl.humanatlas.io/vocab/hp
HGNC:9719,PEX5,PEX5,biolink:Gene,https://purl.humanatlas.io/vocab/hp
HGNC:9722,ALDH18A1,ALDH18A1,biolink:Gene,https://purl.humanatlas.io/vocab/hp
HGNC:9726,PYGM,PYGM,biolink:Gene,https://purl.humanatlas.io/vocab/hp
HGNC:9811,RAD21,RAD21,biolink:Gene,https://purl.humanatlas.io/vocab/hp
HGNC:9817,RAD51,RAD51,biolink:Gene,https://purl.humanatlas.io/vocab/hp
HGNC:9820,RAD51C,RAD51C,biolink:Gene,https://purl.humanatlas.io/vocab/hp
HGNC:9829,RAF1,RAF1,biolink:Gene,https://purl.humanatlas.io/vocab/hp
HGNC:9831,RAG1,RAG1,biolink:Gene,https://purl.humanatlas.io/vocab/hp
HGNC:9832,RAG2,RAG2,biolink:Gene,https://purl.humanatlas.io/vocab/hp
HGNC:9857,RAP1B,RAP1B,biolink:Gene,https://purl.humanatlas.io/vocab/hp
HGNC:9859,RAP1GDS1,RAP1GDS1,biolink:Gene,https://purl.humanatlas.io/vocab/hp
HGNC:9864,RARA,RARA,biolink:Gene,https://purl.humanatlas.io/vocab/hp
HGNC:9871,RASA1,RASA1,biolink:Gene,https://purl.humanatlas.io/vocab/hp
HGNC:9872,RASA2,RASA2,biolink:Gene,https://purl.humanatlas.io/vocab/hp
HGNC:9891,RBBP8,RBBP8,biolink:Gene,https://purl.humanatlas.io/vocab/hp
HGNC:9958,REN,REN,biolink:Gene,https://purl.humanatlas.io/vocab/hp
HGNC:9964,DPF2,DPF2,biolink:Gene,https://purl.humanatlas.io/vocab/hp
HGNC:9966,REST,REST,biolink:Gene,https://purl.humanatlas.io/vocab/hp
HGNC:9967,RET,RET,biolink:Gene,https://purl.humanatlas.io/vocab/hp
HGNC:9970,RFC2,RFC2,biolink:Gene,https://purl.humanatlas.io/vocab/hp
HGNC:10023,RIT1,RIT1,biolink:Gene,https://purl.humanatlas.io/vocab/hp
HGNC:10031,RMRP,RMRP,biolink:Gene,https://purl.humanatlas.io/vocab/hp
HGNC:10249,ROBO1,ROBO1,biolink:Gene,https://purl.humanatlas.io/vocab/hp
HGNC:10250,ROBO2,ROBO2,biolink:Gene,https://purl.humanatlas.io/vocab/hp
HGNC:10258,RORA,RORA,biolink:Gene,https://purl.humanatlas.io/vocab/hp
HGNC:10360,RPL5,RPL5,biolink:Gene,https://purl.humanatlas.io/vocab/hp
HGNC:10368,RPL8,RPL8,biolink:Gene,https://purl.humanatlas.io/vocab/hp
HGNC:10369,RPL9,RPL9,biolink:Gene,https://purl.humanatlas.io/vocab/hp
HGNC:10301,RPL11,RPL11,biolink:Gene,https://purl.humanatlas.io/vocab/hp
HGNC:10306,RPL15,RPL15,biolink:Gene,https://purl.humanatlas.io/vocab/hp
HGNC:10310,RPL18,RPL18,biolink:Gene,https://purl.humanatlas.io/vocab/hp
HGNC:10327,RPL26,RPL26,biolink:Gene,https://purl.humanatlas.io/vocab/hp
HGNC:10328,RPL27,RPL27,biolink:Gene,https://purl.humanatlas.io/vocab/hp
HGNC:10334,RPL31,RPL31,biolink:Gene,https://purl.humanatlas.io/vocab/hp
HGNC:10345,RPL35A,RPL35A,biolink:Gene,https://purl.humanatlas.io/vocab/hp
HGNC:10440,RPS7,RPS7,biolink:Gene,https://purl.humanatlas.io/vocab/hp
HGNC:10383,RPS10,RPS10,biolink:Gene,https://purl.humanatlas.io/vocab/hp
HGNC:10389,RPS15A,RPS15A,biolink:Gene,https://purl.humanatlas.io/vocab/hp
HGNC:10397,RPS17,RPS17,biolink:Gene,https://purl.humanatlas.io/vocab/hp
HGNC:10402,RPS19,RPS19,biolink:Gene,https://purl.humanatlas.io/vocab/hp
HGNC:10405,RPS20,RPS20,biolink:Gene,https://purl.humanatlas.io/vocab/hp
HGNC:10411,RPS24,RPS24,biolink:Gene,https://purl.humanatlas.io/vocab/hp
HGNC:10414,RPS26,RPS26,biolink:Gene,https://purl.humanatlas.io/vocab/hp
HGNC:10416,RPS27,RPS27,biolink:Gene,https://purl.humanatlas.io/vocab/hp
HGNC:10418,RPS28,RPS28,biolink:Gene,https://purl.humanatlas.io/vocab/hp
HGNC:10419,RPS29,RPS29,biolink:Gene,https://purl.humanatlas.io/vocab/hp
HGNC:10447,RRAS,RRAS,biolink:Gene,https://purl.humanatlas.io/vocab/hp
HGNC:10449,RREB1,RREB1,biolink:Gene,https://purl.humanatlas.io/vocab/hp
HGNC:10483,RYR1,RYR1,biolink:Gene,https://purl.humanatlas.io/vocab/hp
HGNC:10513,SAA1,SAA1,biolink:Gene,https://purl.humanatlas.io/vocab/hp
HGNC:10524,SALL1,SALL1,biolink:Gene,https://purl.humanatlas.io/vocab/hp
HGNC:10537,SARS1,SARS1,biolink:Gene,https://purl.humanatlas.io/vocab/hp
HGNC:10540,SAT1,SAT1,biolink:Gene,https://purl.humanatlas.io/vocab/hp
HGNC:10547,SC5D,SC5D,biolink:Gene,https://purl.humanatlas.io/vocab/hp
HGNC:10586,SCN1B,SCN1B,biolink:Gene,https://purl.humanatlas.io/vocab/hp
HGNC:10588,SCN2A,SCN2A,biolink:Gene,https://purl.humanatlas.io/vocab/hp
HGNC:10599,SCNN1A,SCNN1A,biolink:Gene,https://purl.humanatlas.io/vocab/hp
HGNC:10600,SCNN1B,SCNN1B,biolink:Gene,https://purl.humanatlas.io/vocab/hp
HGNC:10602,SCNN1G,SCNN1G,biolink:Gene,https://purl.humanatlas.io/vocab/hp
HGNC:10603,SCO1,SCO1,biolink:Gene,https://purl.humanatlas.io/vocab/hp
HGNC:10680,SDHA,SDHA,biolink:Gene,https://purl.humanatlas.io/vocab/hp
HGNC:10681,SDHB,SDHB,biolink:Gene,https://purl.humanatlas.io/vocab/hp
HGNC:10682,SDHC,SDHC,biolink:Gene,https://purl.humanatlas.io/vocab/hp
HGNC:10683,SDHD,SDHD,biolink:Gene,https://purl.humanatlas.io/vocab/hp
HGNC:10848,SHH,SHH,biolink:Gene,https://purl.humanatlas.io/vocab/hp
HGNC:10856,SI,SI,biolink:Gene,https://purl.humanatlas.io/vocab/hp
HGNC:10879,STIL,STIL,biolink:Gene,https://purl.humanatlas.io/vocab/hp
HGNC:10887,SIX1,SIX1,biolink:Gene,https://purl.humanatlas.io/vocab/hp
HGNC:10889,SIX3,SIX3,biolink:Gene,https://purl.humanatlas.io/vocab/hp
HGNC:10896,SKI,SKI,biolink:Gene,https://purl.humanatlas.io/vocab/hp
HGNC:10898,SKIC2,SKIC2,biolink:Gene,https://purl.humanatlas.io/vocab/hp
HGNC:10939,SLC1A1,SLC1A1,biolink:Gene,https://purl.humanatlas.io/vocab/hp
HGNC:10940,SLC1A2,SLC1A2,biolink:Gene,https://purl.humanatlas.io/vocab/hp
HGNC:11006,SLC2A2,SLC2A2,biolink:Gene,https://purl.humanatlas.io/vocab/hp
HGNC:11025,SLC3A1,SLC3A1,biolink:Gene,https://purl.humanatlas.io/vocab/hp
HGNC:11027,SLC4A1,SLC4A1,biolink:Gene,https://purl.humanatlas.io/vocab/hp
HGNC:11028,SLC4A2,SLC4A2,biolink:Gene,https://purl.humanatlas.io/vocab/hp
HGNC:11036,SLC5A1,SLC5A1,biolink:Gene,https://purl.humanatlas.io/vocab/hp
HGNC:11037,SLC5A2,SLC5A2,biolink:Gene,https://purl.humanatlas.io/vocab/hp
HGNC:11073,SLC9A3,SLC9A3,biolink:Gene,https://purl.humanatlas.io/vocab/hp
HGNC:10907,SLC11A1,SLC11A1,biolink:Gene,https://purl.humanatlas.io/vocab/hp
HGNC:10910,SLC12A1,SLC12A1,biolink:Gene,https://purl.humanatlas.io/vocab/hp
HGNC:10912,SLC12A3,SLC12A3,biolink:Gene,https://purl.humanatlas.io/vocab/hp
HGNC:11019,SLC34A1,SLC34A1,biolink:Gene,https://purl.humanatlas.io/vocab/hp
HGNC:11100,SMARCA4,SMARCA4,biolink:Gene,https://purl.humanatlas.io/vocab/hp
HGNC:11103,SMARCB1,SMARCB1,biolink:Gene,https://purl.humanatlas.io/vocab/hp
HGNC:11105,SMARCC2,SMARCC2,biolink:Gene,https://purl.humanatlas.io/vocab/hp
HGNC:11106,SMARCD1,SMARCD1,biolink:Gene,https://purl.humanatlas.io/vocab/hp
HGNC:11109,SMARCE1,SMARCE1,biolink:Gene,https://purl.humanatlas.io/vocab/hp
HGNC:11119,SMO,SMO,biolink:Gene,https://purl.humanatlas.io/vocab/hp
HGNC:11123,SMS,SMS,biolink:Gene,https://purl.humanatlas.io/vocab/hp
HGNC:11153,SNRPB,SNRPB,biolink:Gene,https://purl.humanatlas.io/vocab/hp
HGNC:11182,CAPN15,CAPN15,biolink:Gene,https://purl.humanatlas.io/vocab/hp
HGNC:11183,SON,SON,biolink:Gene,https://purl.humanatlas.io/vocab/hp
HGNC:11187,SOS1,SOS1,biolink:Gene,https://purl.humanatlas.io/vocab/hp
HGNC:11188,SOS2,SOS2,biolink:Gene,https://purl.humanatlas.io/vocab/hp
HGNC:11200,SOX4,SOX4,biolink:Gene,https://purl.humanatlas.io/vocab/hp
HGNC:11204,SOX9,SOX9,biolink:Gene,https://purl.humanatlas.io/vocab/hp
HGNC:11190,SOX10,SOX10,biolink:Gene,https://purl.humanatlas.io/vocab/hp
HGNC:11191,SOX11,SOX11,biolink:Gene,https://purl.humanatlas.io/vocab/hp
HGNC:11255,SPP1,SPP1,biolink:Gene,https://purl.humanatlas.io/vocab/hp
HGNC:11275,SPTBN1,SPTBN1,biolink:Gene,https://purl.humanatlas.io/vocab/hp
HGNC:11283,SRC,SRC,biolink:Gene,https://purl.humanatlas.io/vocab/hp
HGNC:388,AKR1D1,AKR1D1,biolink:Gene,https://purl.humanatlas.io/vocab/hp
HGNC:11289,SREBF1,SREBF1,biolink:Gene,https://purl.humanatlas.io/vocab/hp
HGNC:11301,SRP54,SRP54,biolink:Gene,https://purl.humanatlas.io/vocab/hp
HGNC:11311,SRY,SRY,biolink:Gene,https://purl.humanatlas.io/vocab/hp
HGNC:11326,SSR4,SSR4,biolink:Gene,https://purl.humanatlas.io/vocab/hp
HGNC:11362,STAT1,STAT1,biolink:Gene,https://purl.humanatlas.io/vocab/hp
HGNC:11363,STAT2,STAT2,biolink:Gene,https://purl.humanatlas.io/vocab/hp
HGNC:11364,STAT3,STAT3,biolink:Gene,https://purl.humanatlas.io/vocab/hp
HGNC:11365,STAT4,STAT4,biolink:Gene,https://purl.humanatlas.io/vocab/hp
HGNC:11367,STAT5B,STAT5B,biolink:Gene,https://purl.humanatlas.io/vocab/hp
HGNC:11386,STIM1,STIM1,biolink:Gene,https://purl.humanatlas.io/vocab/hp
HGNC:11393,AURKA,AURKA,biolink:Gene,https://purl.humanatlas.io/vocab/hp
HGNC:11411,CDKL5,CDKL5,biolink:Gene,https://purl.humanatlas.io/vocab/hp
HGNC:11389,STK11,STK11,biolink:Gene,https://purl.humanatlas.io/vocab/hp
HGNC:11433,STX1A,STX1A,biolink:Gene,https://purl.humanatlas.io/vocab/hp
HGNC:11438,STX3,STX3,biolink:Gene,https://purl.humanatlas.io/vocab/hp
HGNC:11440,STX5,STX5,biolink:Gene,https://purl.humanatlas.io/vocab/hp
HGNC:11445,STXBP2,STXBP2,biolink:Gene,https://purl.humanatlas.io/vocab/hp
HGNC:11459,SULT2B1,SULT2B1,biolink:Gene,https://purl.humanatlas.io/vocab/hp
HGNC:59,ABCC8,ABCC8,biolink:Gene,https://purl.humanatlas.io/vocab/hp
HGNC:11474,SURF1,SURF1,biolink:Gene,https://purl.humanatlas.io/vocab/hp
HGNC:11486,VAMP7,VAMP7,biolink:Gene,https://purl.humanatlas.io/vocab/hp
HGNC:11515,TBXT,TBXT,biolink:Gene,https://purl.humanatlas.io/vocab/hp
HGNC:11528,TACR3,TACR3,biolink:Gene,https://purl.humanatlas.io/vocab/hp
HGNC:11546,TAF13,TAF13,biolink:Gene,https://purl.humanatlas.io/vocab/hp
HGNC:6859,MAP3K7,MAP3K7,biolink:Gene,https://purl.humanatlas.io/vocab/hp
HGNC:11566,TAPBP,TAPBP,biolink:Gene,https://purl.humanatlas.io/vocab/hp
HGNC:11592,TBX1,TBX1,biolink:Gene,https://purl.humanatlas.io/vocab/hp
HGNC:11594,TBX15,TBX15,biolink:Gene,https://purl.humanatlas.io/vocab/hp
HGNC:11634,TCF4,TCF4,biolink:Gene,https://purl.humanatlas.io/vocab/hp
HGNC:11602,TBX3,TBX3,biolink:Gene,https://purl.humanatlas.io/vocab/hp
HGNC:11621,HNF1A,HNF1A,biolink:Gene,https://purl.humanatlas.io/vocab/hp
HGNC:11630,HNF1B,HNF1B,biolink:Gene,https://purl.humanatlas.io/vocab/hp
HGNC:11645,MLX,MLX,biolink:Gene,https://purl.humanatlas.io/vocab/hp
HGNC:11653,TCN2,TCN2,biolink:Gene,https://purl.humanatlas.io/vocab/hp
HGNC:11701,CRIPTO,CRIPTO,biolink:Gene,https://purl.humanatlas.io/vocab/hp
HGNC:11742,TFAP2A,TFAP2A,biolink:Gene,https://purl.humanatlas.io/vocab/hp
HGNC:11752,TFE3,TFE3,biolink:Gene,https://purl.humanatlas.io/vocab/hp
HGNC:11766,TGFB1,TGFB1,biolink:Gene,https://purl.humanatlas.io/vocab/hp
HGNC:11773,TGFBR2,TGFBR2,biolink:Gene,https://purl.humanatlas.io/vocab/hp
HGNC:11776,TGIF1,TGIF1,biolink:Gene,https://purl.humanatlas.io/vocab/hp
HGNC:11777,TGM1,TGM1,biolink:Gene,https://purl.humanatlas.io/vocab/hp
HGNC:11784,THBD,THBD,biolink:Gene,https://purl.humanatlas.io/vocab/hp
HGNC:11834,TKT,TKT,biolink:Gene,https://purl.humanatlas.io/vocab/hp
HGNC:11848,TLR2,TLR2,biolink:Gene,https://purl.humanatlas.io/vocab/hp
HGNC:11850,TLR4,TLR4,biolink:Gene,https://purl.humanatlas.io/vocab/hp
HGNC:11868,TRAPPC10,TRAPPC10,biolink:Gene,https://purl.humanatlas.io/vocab/hp
HGNC:11896,TNFAIP3,TNFAIP3,biolink:Gene,https://purl.humanatlas.io/vocab/hp
HGNC:11976,TNXB,TNXB,biolink:Gene,https://purl.humanatlas.io/vocab/hp
HGNC:11998,TP53,TP53,biolink:Gene,https://purl.humanatlas.io/vocab/hp
HGNC:12338,TRPC6,TRPC6,biolink:Gene,https://purl.humanatlas.io/vocab/hp
HGNC:12362,TSC1,TSC1,biolink:Gene,https://purl.humanatlas.io/vocab/hp
HGNC:12363,TSC2,TSC2,biolink:Gene,https://purl.humanatlas.io/vocab/hp
HGNC:12405,TTR,TTR,biolink:Gene,https://purl.humanatlas.io/vocab/hp
HGNC:12425,TULP3,TULP3,biolink:Gene,https://purl.humanatlas.io/vocab/hp
HGNC:4916,HIRA,HIRA,biolink:Gene,https://purl.humanatlas.io/vocab/hp
HGNC:11934,TNFSF4,TNFSF4,biolink:Gene,https://purl.humanatlas.io/vocab/hp
HGNC:12472,UBE2A,UBE2A,biolink:Gene,https://purl.humanatlas.io/vocab/hp
HGNC:12488,UBE2L3,UBE2L3,biolink:Gene,https://purl.humanatlas.io/vocab/hp
HGNC:12520,UFD1,UFD1,biolink:Gene,https://purl.humanatlas.io/vocab/hp
HGNC:11022,SLC35A2,SLC35A2,biolink:Gene,https://purl.humanatlas.io/vocab/hp
HGNC:12559,UMOD,UMOD,biolink:Gene,https://purl.humanatlas.io/vocab/hp
HGNC:12563,UMPS,UMPS,biolink:Gene,https://purl.humanatlas.io/vocab/hp
HGNC:2191,COL14A1,COL14A1,biolink:Gene,https://purl.humanatlas.io/vocab/hp
HGNC:12637,KDM6A,KDM6A,biolink:Gene,https://purl.humanatlas.io/vocab/hp
HGNC:12679,VDR,VDR,biolink:Gene,https://purl.humanatlas.io/vocab/hp
HGNC:12687,VHL,VHL,biolink:Gene,https://purl.humanatlas.io/vocab/hp
HGNC:12729,WARS1,WARS1,biolink:Gene,https://purl.humanatlas.io/vocab/hp
HGNC:12731,WAS,WAS,biolink:Gene,https://purl.humanatlas.io/vocab/hp
HGNC:12736,WIPF1,WIPF1,biolink:Gene,https://purl.humanatlas.io/vocab/hp
HGNC:12741,EIF4H,EIF4H,biolink:Gene,https://purl.humanatlas.io/vocab/hp
HGNC:2586,CLIP2,CLIP2,biolink:Gene,https://purl.humanatlas.io/vocab/hp
HGNC:12762,WFS1,WFS1,biolink:Gene,https://purl.humanatlas.io/vocab/hp
HGNC:12766,NSD2,NSD2,biolink:Gene,https://purl.humanatlas.io/vocab/hp
HGNC:12782,WNT3,WNT3,biolink:Gene,https://purl.humanatlas.io/vocab/hp
HGNC:12784,WNT5A,WNT5A,biolink:Gene,https://purl.humanatlas.io/vocab/hp
HGNC:12787,WNT7B,WNT7B,biolink:Gene,https://purl.humanatlas.io/vocab/hp
HGNC:12779,WNT9B,WNT9B,biolink:Gene,https://purl.humanatlas.io/vocab/hp
HGNC:12791,WRN,WRN,biolink:Gene,https://purl.humanatlas.io/vocab/hp
HGNC:12796,WT1,WT1,biolink:Gene,https://purl.humanatlas.io/vocab/hp
HGNC:12805,XDH,XDH,biolink:Gene,https://purl.humanatlas.io/vocab/hp
HGNC:12829,XRCC2,XRCC2,biolink:Gene,https://purl.humanatlas.io/vocab/hp
HGNC:12831,XRCC4,XRCC4,biolink:Gene,https://purl.humanatlas.io/vocab/hp
HGNC:12856,YY1,YY1,biolink:Gene,https://purl.humanatlas.io/vocab/hp
HGNC:12851,YWHAE,YWHAE,biolink:Gene,https://purl.humanatlas.io/vocab/hp
HGNC:12858,ZAP70,ZAP70,biolink:Gene,https://purl.humanatlas.io/vocab/hp
HGNC:12869,ZFX,ZFX,biolink:Gene,https://purl.humanatlas.io/vocab/hp
HGNC:12873,ZIC2,ZIC2,biolink:Gene,https://purl.humanatlas.io/vocab/hp
HGNC:12874,ZIC3,ZIC3,biolink:Gene,https://purl.humanatlas.io/vocab/hp
HGNC:12930,ZBTB16,ZBTB16,biolink:Gene,https://purl.humanatlas.io/vocab/hp
HGNC:12933,ZNF148,ZNF148,biolink:Gene,https://purl.humanatlas.io/vocab/hp
HGNC:12989,ZMYM2,ZMYM2,biolink:Gene,https://purl.humanatlas.io/vocab/hp
HGNC:14985,LUZP1,LUZP1,biolink:Gene,https://purl.humanatlas.io/vocab/hp
HGNC:16512,BSND,BSND,biolink:Gene,https://purl.humanatlas.io/vocab/hp
HGNC:13394,NPHS2,NPHS2,biolink:Gene,https://purl.humanatlas.io/vocab/hp
HGNC:428,ALMS1,ALMS1,biolink:Gene,https://purl.humanatlas.io/vocab/hp
HGNC:13013,KAT6A,KAT6A,biolink:Gene,https://purl.humanatlas.io/vocab/hp
HGNC:2548,CUBN,CUBN,biolink:Gene,https://purl.humanatlas.io/vocab/hp
HGNC:15454,SHOC2,SHOC2,biolink:Gene,https://purl.humanatlas.io/vocab/hp
HGNC:3680,FGF23,FGF23,biolink:Gene,https://purl.humanatlas.io/vocab/hp
HGNC:7133,KMT2D,KMT2D,biolink:Gene,https://purl.humanatlas.io/vocab/hp
HGNC:5009,HMGA2,HMGA2,biolink:Gene,https://purl.humanatlas.io/vocab/hp
HGNC:7108,MKKS,MKKS,biolink:Gene,https://purl.humanatlas.io/vocab/hp
HGNC:8001,NRIP1,NRIP1,biolink:Gene,https://purl.humanatlas.io/vocab/hp
HGNC:6742,LZTR1,LZTR1,biolink:Gene,https://purl.humanatlas.io/vocab/hp
HGNC:12632,USP9X,USP9X,biolink:Gene,https://purl.humanatlas.io/vocab/hp
HGNC:9896,RBM10,RBM10,biolink:Gene,https://purl.humanatlas.io/vocab/hp
HGNC:11111,SMC1A,SMC1A,biolink:Gene,https://purl.humanatlas.io/vocab/hp
HGNC:18704,NAA10,NAA10,biolink:Gene,https://purl.humanatlas.io/vocab/hp
HGNC:26058,LAGE3,LAGE3,biolink:Gene,https://purl.humanatlas.io/vocab/hp
HGNC:11110,ARID1A,ARID1A,biolink:Gene,https://purl.humanatlas.io/vocab/hp
HGNC:4793,H4C9,H4C9,biolink:Gene,https://purl.humanatlas.io/vocab/hp
HGNC:12347,TRRAP,TRRAP,biolink:Gene,https://purl.humanatlas.io/vocab/hp
HGNC:6377,KLRC4,KLRC4,biolink:Gene,https://purl.humanatlas.io/vocab/hp
HGNC:904,AXIN2,AXIN2,biolink:Gene,https://purl.humanatlas.io/vocab/hp
HGNC:950,BAP1,BAP1,biolink:Gene,https://purl.humanatlas.io/vocab/hp
HGNC:4787,H4C3,H4C3,biolink:Gene,https://purl.humanatlas.io/vocab/hp
HGNC:4790,H4C5,H4C5,biolink:Gene,https://purl.humanatlas.io/vocab/hp
HGNC:10981,SLC25A11,SLC25A11,biolink:Gene,https://purl.humanatlas.io/vocab/hp
HGNC:11254,SPOP,SPOP,biolink:Gene,https://purl.humanatlas.io/vocab/hp
HGNC:6717,LTBP4,LTBP4,biolink:Gene,https://purl.humanatlas.io/vocab/hp
HGNC:2739,DHX16,DHX16,biolink:Gene,https://purl.humanatlas.io/vocab/hp
HGNC:11811,KLF11,KLF11,biolink:Gene,https://purl.humanatlas.io/vocab/hp
HGNC:3722,FKBP6,FKBP6,biolink:Gene,https://purl.humanatlas.io/vocab/hp
HGNC:2567,OFD1,OFD1,biolink:Gene,https://purl.humanatlas.io/vocab/hp
HGNC:9249,PPFIBP1,PPFIBP1,biolink:Gene,https://purl.humanatlas.io/vocab/hp
HGNC:8858,PEX3,PEX3,biolink:Gene,https://purl.humanatlas.io/vocab/hp
HGNC:7171,MMP23B,MMP23B,biolink:Gene,https://purl.humanatlas.io/vocab/hp
HGNC:6229,KCNAB2,KCNAB2,biolink:Gene,https://purl.humanatlas.io/vocab/hp
HGNC:6144,ITGA8,ITGA8,biolink:Gene,https://purl.humanatlas.io/vocab/hp
HGNC:5959,ELP1,ELP1,biolink:Gene,https://purl.humanatlas.io/vocab/hp
HGNC:2852,DGKE,DGKE,biolink:Gene,https://purl.humanatlas.io/vocab/hp
HGNC:618,APOL1,APOL1,biolink:Gene,https://purl.humanatlas.io/vocab/hp
HGNC:1497,CASK,CASK,biolink:Gene,https://purl.humanatlas.io/vocab/hp
HGNC:15979,TP63,TP63,biolink:Gene,https://purl.humanatlas.io/vocab/hp
HGNC:13681,DCHS1,DCHS1,biolink:Gene,https://purl.humanatlas.io/vocab/hp
HGNC:19383,SOCS1,SOCS1,biolink:Gene,https://purl.humanatlas.io/vocab/hp
HGNC:406,ALDH4A1,ALDH4A1,biolink:Gene,https://purl.humanatlas.io/vocab/hp
HGNC:11030,SLC4A4,SLC4A4,biolink:Gene,https://purl.humanatlas.io/vocab/hp
HGNC:11429,STX11,STX11,biolink:Gene,https://purl.humanatlas.io/vocab/hp
HGNC:2907,DLK1,DLK1,biolink:Gene,https://purl.humanatlas.io/vocab/hp
HGNC:8853,PEX11B,PEX11B,biolink:Gene,https://purl.humanatlas.io/vocab/hp
HGNC:11449,SUCLG1,SUCLG1,biolink:Gene,https://purl.humanatlas.io/vocab/hp
HGNC:4877,HESX1,HESX1,biolink:Gene,https://purl.humanatlas.io/vocab/hp
HGNC:3673,FGF17,FGF17,biolink:Gene,https://purl.humanatlas.io/vocab/hp
HGNC:10817,SGPL1,SGPL1,biolink:Gene,https://purl.humanatlas.io/vocab/hp
HGNC:13051,ZPR1,ZPR1,biolink:Gene,https://purl.humanatlas.io/vocab/hp
HGNC:3814,FOXH1,FOXH1,biolink:Gene,https://purl.humanatlas.io/vocab/hp
HGNC:6469,KYNU,KYNU,biolink:Gene,https://purl.humanatlas.io/vocab/hp
HGNC:8547,P4HA2,P4HA2,biolink:Gene,https://purl.humanatlas.io/vocab/hp
HGNC:961,BAZ1B,BAZ1B,biolink:Gene,https://purl.humanatlas.io/vocab/hp
HGNC:358,AIP,AIP,biolink:Gene,https://purl.humanatlas.io/vocab/hp
HGNC:15910,NFS1,NFS1,biolink:Gene,https://purl.humanatlas.io/vocab/hp
HGNC:11065,SLC7A7,SLC7A7,biolink:Gene,https://purl.humanatlas.io/vocab/hp
HGNC:2033,CLDN10,CLDN10,biolink:Gene,https://purl.humanatlas.io/vocab/hp
HGNC:2041,CLDN2,CLDN2,biolink:Gene,https://purl.humanatlas.io/vocab/hp
HGNC:14135,PIGQ,PIGQ,biolink:Gene,https://purl.humanatlas.io/vocab/hp
HGNC:11595,TBX18,TBX18,biolink:Gene,https://purl.humanatlas.io/vocab/hp
HGNC:12631,USP8,USP8,biolink:Gene,https://purl.humanatlas.io/vocab/hp
HGNC:15626,FCGR2C,FCGR2C,biolink:Gene,https://purl.humanatlas.io/vocab/hp
HGNC:2468,SMC3,SMC3,biolink:Gene,https://purl.humanatlas.io/vocab/hp
HGNC:3705,FIBP,FIBP,biolink:Gene,https://purl.humanatlas.io/vocab/hp
HGNC:1151,BUB3,BUB3,biolink:Gene,https://purl.humanatlas.io/vocab/hp
HGNC:13054,ZMYM3,ZMYM3,biolink:Gene,https://purl.humanatlas.io/vocab/hp
HGNC:6511,LARGE1,LARGE1,biolink:Gene,https://purl.humanatlas.io/vocab/hp
HGNC:2904,DLG5,DLG5,biolink:Gene,https://purl.humanatlas.io/vocab/hp
HGNC:4198,GCM2,GCM2,biolink:Gene,https://purl.humanatlas.io/vocab/hp
HGNC:2232,COPB2,COPB2,biolink:Gene,https://purl.humanatlas.io/vocab/hp
HGNC:12307,TRIP13,TRIP13,biolink:Gene,https://purl.humanatlas.io/vocab/hp
HGNC:12305,TRIP11,TRIP11,biolink:Gene,https://purl.humanatlas.io/vocab/hp
HGNC:11133,SNAP29,SNAP29,biolink:Gene,https://purl.humanatlas.io/vocab/hp
HGNC:9479,LONP1,LONP1,biolink:Gene,https://purl.humanatlas.io/vocab/hp
HGNC:6344,KL,KL,biolink:Gene,https://purl.humanatlas.io/vocab/hp
HGNC:11075,NHERF1,NHERF1,biolink:Gene,https://purl.humanatlas.io/vocab/hp
HGNC:4570,GRHPR,GRHPR,biolink:Gene,https://purl.humanatlas.io/vocab/hp
HGNC:6545,COG1,COG1,biolink:Gene,https://purl.humanatlas.io/vocab/hp
HGNC:5201,HS6ST1,HS6ST1,biolink:Gene,https://purl.humanatlas.io/vocab/hp
HGNC:9949,RECQL4,RECQL4,biolink:Gene,https://purl.humanatlas.io/vocab/hp
HGNC:8857,PEX16,PEX16,biolink:Gene,https://purl.humanatlas.io/vocab/hp
HGNC:3255,EIF2AK3,EIF2AK3,biolink:Gene,https://purl.humanatlas.io/vocab/hp
HGNC:8966,PIGL,PIGL,biolink:Gene,https://purl.humanatlas.io/vocab/hp
HGNC:11603,TBX4,TBX4,biolink:Gene,https://purl.humanatlas.io/vocab/hp
HGNC:219,ADAMTS3,ADAMTS3,biolink:Gene,https://purl.humanatlas.io/vocab/hp
HGNC:7207,MPDU1,MPDU1,biolink:Gene,https://purl.humanatlas.io/vocab/hp
HGNC:7102,MINPP1,MINPP1,biolink:Gene,https://purl.humanatlas.io/vocab/hp
HGNC:4661,GTF2IRD1,GTF2IRD1,biolink:Gene,https://purl.humanatlas.io/vocab/hp
HGNC:4218,GDF3,GDF3,biolink:Gene,https://purl.humanatlas.io/vocab/hp
HGNC:1738,CDC42BPB,CDC42BPB,biolink:Gene,https://purl.humanatlas.io/vocab/hp
HGNC:30228,PREPL,PREPL,biolink:Gene,https://purl.humanatlas.io/vocab/hp
HGNC:10705,SEC24C,SEC24C,biolink:Gene,https://purl.humanatlas.io/vocab/hp
HGNC:28986,ZNF592,ZNF592,biolink:Gene,https://purl.humanatlas.io/vocab/hp
HGNC:16850,CTR9,CTR9,biolink:Gene,https://purl.humanatlas.io/vocab/hp
HGNC:23639,SKIC3,SKIC3,biolink:Gene,https://purl.humanatlas.io/vocab/hp
HGNC:5193,HS2ST1,HS2ST1,biolink:Gene,https://purl.humanatlas.io/vocab/hp
HGNC:28949,IQCB1,IQCB1,biolink:Gene,https://purl.humanatlas.io/vocab/hp
HGNC:29086,CEP135,CEP135,biolink:Gene,https://purl.humanatlas.io/vocab/hp
HGNC:14450,LPIN2,LPIN2,biolink:Gene,https://purl.humanatlas.io/vocab/hp
HGNC:18423,DEPDC5,DEPDC5,biolink:Gene,https://purl.humanatlas.io/vocab/hp
HGNC:28958,NUP93,NUP93,biolink:Gene,https://purl.humanatlas.io/vocab/hp
HGNC:30794,CEP57,CEP57,biolink:Gene,https://purl.humanatlas.io/vocab/hp
HGNC:16859,NOS1AP,NOS1AP,biolink:Gene,https://purl.humanatlas.io/vocab/hp
HGNC:10727,SEMA3E,SEMA3E,biolink:Gene,https://purl.humanatlas.io/vocab/hp
HGNC:29077,IFT140,IFT140,biolink:Gene,https://purl.humanatlas.io/vocab/hp
HGNC:14063,HDAC4,HDAC4,biolink:Gene,https://purl.humanatlas.io/vocab/hp
HGNC:19960,KIAA0586,KIAA0586,biolink:Gene,https://purl.humanatlas.io/vocab/hp
HGNC:23177,KEAP1,KEAP1,biolink:Gene,https://purl.humanatlas.io/vocab/hp
HGNC:14881,ZEB2,ZEB2,biolink:Gene,https://purl.humanatlas.io/vocab/hp
HGNC:29110,KIAA0753,KIAA0753,biolink:Gene,https://purl.humanatlas.io/vocab/hp
HGNC:20889,LRIG2,LRIG2,biolink:Gene,https://purl.humanatlas.io/vocab/hp
HGNC:18957,MAGI2,MAGI2,biolink:Gene,https://purl.humanatlas.io/vocab/hp
HGNC:29099,TELO2,TELO2,biolink:Gene,https://purl.humanatlas.io/vocab/hp
HGNC:16873,FIG4,FIG4,biolink:Gene,https://purl.humanatlas.io/vocab/hp
HGNC:28984,WASHC5,WASHC5,biolink:Gene,https://purl.humanatlas.io/vocab/hp
HGNC:16876,ARNT2,ARNT2,biolink:Gene,https://purl.humanatlas.io/vocab/hp
HGNC:19181,KIF14,KIF14,biolink:Gene,https://purl.humanatlas.io/vocab/hp
HGNC:6408,MAFB,MAFB,biolink:Gene,https://purl.humanatlas.io/vocab/hp
HGNC:9905,RBM8A,RBM8A,biolink:Gene,https://purl.humanatlas.io/vocab/hp
HGNC:467,AMMECR1,AMMECR1,biolink:Gene,https://purl.humanatlas.io/vocab/hp
HGNC:11957,MED12,MED12,biolink:Gene,https://purl.humanatlas.io/vocab/hp
HGNC:10604,SCO2,SCO2,biolink:Gene,https://purl.humanatlas.io/vocab/hp
HGNC:393,AKT3,AKT3,biolink:Gene,https://purl.humanatlas.io/vocab/hp
HGNC:8766,PDCD6IP,PDCD6IP,biolink:Gene,https://purl.humanatlas.io/vocab/hp
HGNC:30661,UBA2,UBA2,biolink:Gene,https://purl.humanatlas.io/vocab/hp
HGNC:9330,PQBP1,PQBP1,biolink:Gene,https://purl.humanatlas.io/vocab/hp
HGNC:708,ARPC5,ARPC5,biolink:Gene,https://purl.humanatlas.io/vocab/hp
HGNC:707,ARPC4,ARPC4,biolink:Gene,https://purl.humanatlas.io/vocab/hp
HGNC:4516,ADGRG2,ADGRG2,biolink:Gene,https://purl.humanatlas.io/vocab/hp
HGNC:16384,TRIM28,TRIM28,biolink:Gene,https://purl.humanatlas.io/vocab/hp
HGNC:21653,TOPORS,TOPORS,biolink:Gene,https://purl.humanatlas.io/vocab/hp
HGNC:16892,CD96,CD96,biolink:Gene,https://purl.humanatlas.io/vocab/hp
HGNC:2244,COQ7,COQ7,biolink:Gene,https://purl.humanatlas.io/vocab/hp
HGNC:11270,SPRY2,SPRY2,biolink:Gene,https://purl.humanatlas.io/vocab/hp
HGNC:10771,SF3B4,SF3B4,biolink:Gene,https://purl.humanatlas.io/vocab/hp
HGNC:12877,ZMPSTE24,ZMPSTE24,biolink:Gene,https://purl.humanatlas.io/vocab/hp
HGNC:11354,STAG1,STAG1,biolink:Gene,https://purl.humanatlas.io/vocab/hp
HGNC:12500,UBE4B,UBE4B,biolink:Gene,https://purl.humanatlas.io/vocab/hp
HGNC:10664,CWC27,CWC27,biolink:Gene,https://purl.humanatlas.io/vocab/hp
HGNC:16902,BCKDK,BCKDK,biolink:Gene,https://purl.humanatlas.io/vocab/hp
HGNC:24036,APC2,APC2,biolink:Gene,https://purl.humanatlas.io/vocab/hp
HGNC:16903,TNIP1,TNIP1,biolink:Gene,https://purl.humanatlas.io/vocab/hp
HGNC:13176,IKZF1,IKZF1,biolink:Gene,https://purl.humanatlas.io/vocab/hp
HGNC:10723,SEMA3A,SEMA3A,biolink:Gene,https://purl.humanatlas.io/vocab/hp
HGNC:2897,DLC1,DLC1,biolink:Gene,https://purl.humanatlas.io/vocab/hp
HGNC:15754,MYL9,MYL9,biolink:Gene,https://purl.humanatlas.io/vocab/hp
HGNC:16262,YAP1,YAP1,biolink:Gene,https://purl.humanatlas.io/vocab/hp
HGNC:6764,MAD2L2,MAD2L2,biolink:Gene,https://purl.humanatlas.io/vocab/hp
HGNC:1329,SLC30A9,SLC30A9,biolink:Gene,https://purl.humanatlas.io/vocab/hp
HGNC:13030,ZBTB18,ZBTB18,biolink:Gene,https://purl.humanatlas.io/vocab/hp
HGNC:10702,SEC23B,SEC23B,biolink:Gene,https://purl.humanatlas.io/vocab/hp
HGNC:2379,CRTAP,CRTAP,biolink:Gene,https://purl.humanatlas.io/vocab/hp
HGNC:10732,SEMA4D,SEMA4D,biolink:Gene,https://purl.humanatlas.io/vocab/hp
HGNC:3602,FBLN5,FBLN5,biolink:Gene,https://purl.humanatlas.io/vocab/hp
HGNC:14677,DEAF1,DEAF1,biolink:Gene,https://purl.humanatlas.io/vocab/hp
HGNC:5275,KAT5,KAT5,biolink:Gene,https://purl.humanatlas.io/vocab/hp
HGNC:9853,IPO8,IPO8,biolink:Gene,https://purl.humanatlas.io/vocab/hp
HGNC:325,AGPAT2,AGPAT2,biolink:Gene,https://purl.humanatlas.io/vocab/hp
HGNC:11020,SLC34A2,SLC34A2,biolink:Gene,https://purl.humanatlas.io/vocab/hp
HGNC:2220,COLEC10,COLEC10,biolink:Gene,https://purl.humanatlas.io/vocab/hp
HGNC:9202,POMT1,POMT1,biolink:Gene,https://purl.humanatlas.io/vocab/hp
HGNC:29602,PDPN,PDPN,biolink:Gene,https://purl.humanatlas.io/vocab/hp
HGNC:7506,MTX2,MTX2,biolink:Gene,https://purl.humanatlas.io/vocab/hp
HGNC:11247,SPINT2,SPINT2,biolink:Gene,https://purl.humanatlas.io/vocab/hp
HGNC:14188,AVIL,AVIL,biolink:Gene,https://purl.humanatlas.io/vocab/hp
HGNC:3133,EBP,EBP,biolink:Gene,https://purl.humanatlas.io/vocab/hp
HGNC:2037,CLDN16,CLDN16,biolink:Gene,https://purl.humanatlas.io/vocab/hp
HGNC:19012,CORIN,CORIN,biolink:Gene,https://purl.humanatlas.io/vocab/hp
HGNC:9834,RAI1,RAI1,biolink:Gene,https://purl.humanatlas.io/vocab/hp
HGNC:1343,TRAF3IP2,TRAF3IP2,biolink:Gene,https://purl.humanatlas.io/vocab/hp
HGNC:12756,WDR4,WDR4,biolink:Gene,https://purl.humanatlas.io/vocab/hp
HGNC:10671,SDCCAG8,SDCCAG8,biolink:Gene,https://purl.humanatlas.io/vocab/hp
HGNC:16974,SRCAP,SRCAP,biolink:Gene,https://purl.humanatlas.io/vocab/hp
HGNC:10993,SLC26A1,SLC26A1,biolink:Gene,https://purl.humanatlas.io/vocab/hp
HGNC:16980,CFHR3,CFHR3,biolink:Gene,https://purl.humanatlas.io/vocab/hp
HGNC:30551,TXNL4A,TXNL4A,biolink:Gene,https://purl.humanatlas.io/vocab/hp
HGNC:16268,PNPLA6,PNPLA6,biolink:Gene,https://purl.humanatlas.io/vocab/hp
HGNC:16353,MAGED2,MAGED2,biolink:Gene,https://purl.humanatlas.io/vocab/hp
HGNC:6295,KCNQ1OT1,KCNQ1OT1,biolink:Gene,https://purl.humanatlas.io/vocab/hp
HGNC:10769,SF3B2,SF3B2,biolink:Gene,https://purl.humanatlas.io/vocab/hp
HGNC:15464,SPINK5,SPINK5,biolink:Gene,https://purl.humanatlas.io/vocab/hp
HGNC:18626,IFT27,IFT27,biolink:Gene,https://purl.humanatlas.io/vocab/hp
HGNC:15685,B4GAT1,B4GAT1,biolink:Gene,https://purl.humanatlas.io/vocab/hp
HGNC:1366,ADAMTS13,ADAMTS13,biolink:Gene,https://purl.humanatlas.io/vocab/hp
HGNC:1985,CIT,CIT,biolink:Gene,https://purl.humanatlas.io/vocab/hp
HGNC:30074,POLR3A,POLR3A,biolink:Gene,https://purl.humanatlas.io/vocab/hp
HGNC:11067,SLC7A9,SLC7A9,biolink:Gene,https://purl.humanatlas.io/vocab/hp
HGNC:14373,GLMN,GLMN,biolink:Gene,https://purl.humanatlas.io/vocab/hp
HGNC:12739,WBP4,WBP4,biolink:Gene,https://purl.humanatlas.io/vocab/hp
HGNC:16627,CHEK2,CHEK2,biolink:Gene,https://purl.humanatlas.io/vocab/hp
HGNC:10379,MRPL3,MRPL3,biolink:Gene,https://purl.humanatlas.io/vocab/hp
HGNC:10344,RPL35,RPL35,biolink:Gene,https://purl.humanatlas.io/vocab/hp
HGNC:21082,SEC63,SEC63,biolink:Gene,https://purl.humanatlas.io/vocab/hp
HGNC:17023,RNF139,RNF139,biolink:Gene,https://purl.humanatlas.io/vocab/hp
HGNC:11047,SLC6A14,SLC6A14,biolink:Gene,https://purl.humanatlas.io/vocab/hp
HGNC:12616,USP18,USP18,biolink:Gene,https://purl.humanatlas.io/vocab/hp
HGNC:12269,TREX1,TREX1,biolink:Gene,https://purl.humanatlas.io/vocab/hp
HGNC:21694,POU6F2,POU6F2,biolink:Gene,https://purl.humanatlas.io/vocab/hp
HGNC:9154,PNKP,PNKP,biolink:Gene,https://purl.humanatlas.io/vocab/hp
HGNC:14579,VPS45,VPS45,biolink:Gene,https://purl.humanatlas.io/vocab/hp
HGNC:17271,RRAS2,RRAS2,biolink:Gene,https://purl.humanatlas.io/vocab/hp
HGNC:2018,CLCA4,CLCA4,biolink:Gene,https://purl.humanatlas.io/vocab/hp
HGNC:7227,MRAS,MRAS,biolink:Gene,https://purl.humanatlas.io/vocab/hp
HGNC:17042,PUF60,PUF60,biolink:Gene,https://purl.humanatlas.io/vocab/hp
HGNC:21219,CILK1,CILK1,biolink:Gene,https://purl.humanatlas.io/vocab/hp
HGNC:29160,FASTKD2,FASTKD2,biolink:Gene,https://purl.humanatlas.io/vocab/hp
HGNC:29182,CEP164,CEP164,biolink:Gene,https://purl.humanatlas.io/vocab/hp
HGNC:29170,FAN1,FAN1,biolink:Gene,https://purl.humanatlas.io/vocab/hp
HGNC:17063,RAB3GAP1,RAB3GAP1,biolink:Gene,https://purl.humanatlas.io/vocab/hp
HGNC:14244,RAB18,RAB18,biolink:Gene,https://purl.humanatlas.io/vocab/hp
HGNC:16380,TRIM32,TRIM32,biolink:Gene,https://purl.humanatlas.io/vocab/hp
HGNC:29298,CEP152,CEP152,biolink:Gene,https://purl.humanatlas.io/vocab/hp
HGNC:29536,MAPKBP1,MAPKBP1,biolink:Gene,https://purl.humanatlas.io/vocab/hp
HGNC:17575,SPEN,SPEN,biolink:Gene,https://purl.humanatlas.io/vocab/hp
HGNC:29079,KDM1A,KDM1A,biolink:Gene,https://purl.humanatlas.io/vocab/hp
HGNC:7623,MYT1L,MYT1L,biolink:Gene,https://purl.humanatlas.io/vocab/hp
HGNC:16762,ZNF423,ZNF423,biolink:Gene,https://purl.humanatlas.io/vocab/hp
HGNC:16636,KIF1B,KIF1B,biolink:Gene,https://purl.humanatlas.io/vocab/hp
HGNC:29059,IQSEC2,IQSEC2,biolink:Gene,https://purl.humanatlas.io/vocab/hp
HGNC:18514,SPART,SPART,biolink:Gene,https://purl.humanatlas.io/vocab/hp
HGNC:19959,TOGARAM1,TOGARAM1,biolink:Gene,https://purl.humanatlas.io/vocab/hp
HGNC:18801,POGZ,POGZ,biolink:Gene,https://purl.humanatlas.io/vocab/hp
HGNC:29101,ANKLE2,ANKLE2,biolink:Gene,https://purl.humanatlas.io/vocab/hp
HGNC:18658,NUP205,NUP205,biolink:Gene,https://purl.humanatlas.io/vocab/hp
HGNC:13345,LPIN1,LPIN1,biolink:Gene,https://purl.humanatlas.io/vocab/hp
HGNC:4138,GANAB,GANAB,biolink:Gene,https://purl.humanatlas.io/vocab/hp
HGNC:18017,NUP160,NUP160,biolink:Gene,https://purl.humanatlas.io/vocab/hp
HGNC:13607,FBXW11,FBXW11,biolink:Gene,https://purl.humanatlas.io/vocab/hp
HGNC:28952,NCAPD3,NCAPD3,biolink:Gene,https://purl.humanatlas.io/vocab/hp
HGNC:2938,DMXL2,DMXL2,biolink:Gene,https://purl.humanatlas.io/vocab/hp
HGNC:29168,RPGRIP1L,RPGRIP1L,biolink:Gene,https://purl.humanatlas.io/vocab/hp
HGNC:29022,SPECC1L,SPECC1L,biolink:Gene,https://purl.humanatlas.io/vocab/hp
HGNC:15766,ADNP,ADNP,biolink:Gene,https://purl.humanatlas.io/vocab/hp
HGNC:17095,LARS2,LARS2,biolink:Gene,https://purl.humanatlas.io/vocab/hp
HGNC:17098,DICER1,DICER1,biolink:Gene,https://purl.humanatlas.io/vocab/hp
HGNC:16700,ZFPM2,ZFPM2,biolink:Gene,https://purl.humanatlas.io/vocab/hp
HGNC:18708,GRIP1,GRIP1,biolink:Gene,https://purl.humanatlas.io/vocab/hp
HGNC:13575,BRD4,BRD4,biolink:Gene,https://purl.humanatlas.io/vocab/hp
HGNC:4796,HAAO,HAAO,biolink:Gene,https://purl.humanatlas.io/vocab/hp
HGNC:18143,DAAM2,DAAM2,biolink:Gene,https://purl.humanatlas.io/vocab/hp
HGNC:17582,KAT6B,KAT6B,biolink:Gene,https://purl.humanatlas.io/vocab/hp
HGNC:16639,SRRM2,SRRM2,biolink:Gene,https://purl.humanatlas.io/vocab/hp
HGNC:8967,PIGN,PIGN,biolink:Gene,https://purl.humanatlas.io/vocab/hp
HGNC:28887,LEMD3,LEMD3,biolink:Gene,https://purl.humanatlas.io/vocab/hp
HGNC:14258,CD2AP,CD2AP,biolink:Gene,https://purl.humanatlas.io/vocab/hp
HGNC:6241,KCNE5,KCNE5,biolink:Gene,https://purl.humanatlas.io/vocab/hp
HGNC:1492,SHPK,SHPK,biolink:Gene,https://purl.humanatlas.io/vocab/hp
HGNC:5985,IL17RA,IL17RA,biolink:Gene,https://purl.humanatlas.io/vocab/hp
HGNC:3762,FLRT3,FLRT3,biolink:Gene,https://purl.humanatlas.io/vocab/hp
HGNC:29043,DSTYK,DSTYK,biolink:Gene,https://purl.humanatlas.io/vocab/hp
HGNC:17168,RAB3GAP2,RAB3GAP2,biolink:Gene,https://purl.humanatlas.io/vocab/hp
HGNC:17228,RAD54B,RAD54B,biolink:Gene,https://purl.humanatlas.io/vocab/hp
HGNC:6647,LMOD1,LMOD1,biolink:Gene,https://purl.humanatlas.io/vocab/hp
HGNC:28862,NIPBL,NIPBL,biolink:Gene,https://purl.humanatlas.io/vocab/hp
HGNC:17264,POLR1A,POLR1A,biolink:Gene,https://purl.humanatlas.io/vocab/hp
HGNC:18654,RTTN,RTTN,biolink:Gene,https://purl.humanatlas.io/vocab/hp
HGNC:29918,NDUFAF3,NDUFAF3,biolink:Gene,https://purl.humanatlas.io/vocab/hp
HGNC:29300,KANK2,KANK2,biolink:Gene,https://purl.humanatlas.io/vocab/hp
HGNC:30417,SH2B1,SH2B1,biolink:Gene,https://purl.humanatlas.io/vocab/hp
HGNC:24525,MMACHC,MMACHC,biolink:Gene,https://purl.humanatlas.io/vocab/hp
HGNC:24564,C2CD3,C2CD3,biolink:Gene,https://purl.humanatlas.io/vocab/hp
HGNC:15573,SETBP1,SETBP1,biolink:Gene,https://purl.humanatlas.io/vocab/hp
HGNC:23575,ANKRD17,ANKRD17,biolink:Gene,https://purl.humanatlas.io/vocab/hp
HGNC:24035,APPL1,APPL1,biolink:Gene,https://purl.humanatlas.io/vocab/hp
HGNC:18640,LDLRAP1,LDLRAP1,biolink:Gene,https://purl.humanatlas.io/vocab/hp
HGNC:24519,TCTN3,TCTN3,biolink:Gene,https://purl.humanatlas.io/vocab/hp
HGNC:23375,GAPVD1,GAPVD1,biolink:Gene,https://purl.humanatlas.io/vocab/hp
HGNC:17861,TRAF3IP1,TRAF3IP1,biolink:Gene,https://purl.humanatlas.io/vocab/hp
HGNC:14637,ABCA12,ABCA12,biolink:Gene,https://purl.humanatlas.io/vocab/hp
HGNC:30391,IFT172,IFT172,biolink:Gene,https://purl.humanatlas.io/vocab/hp
HGNC:24555,INTS1,INTS1,biolink:Gene,https://purl.humanatlas.io/vocab/hp
HGNC:9652,PTPN22,PTPN22,biolink:Gene,https://purl.humanatlas.io/vocab/hp
HGNC:8923,PHGDH,PHGDH,biolink:Gene,https://purl.humanatlas.io/vocab/hp
HGNC:13601,FBXL4,FBXL4,biolink:Gene,https://purl.humanatlas.io/vocab/hp
HGNC:12712,VPS33B,VPS33B,biolink:Gene,https://purl.humanatlas.io/vocab/hp
HGNC:3677,FGF20,FGF20,biolink:Gene,https://purl.humanatlas.io/vocab/hp
HGNC:10933,SLC17A5,SLC17A5,biolink:Gene,https://purl.humanatlas.io/vocab/hp
HGNC:15561,IL36RN,IL36RN,biolink:Gene,https://purl.humanatlas.io/vocab/hp
HGNC:15832,BSCL2,BSCL2,biolink:Gene,https://purl.humanatlas.io/vocab/hp
HGNC:11586,TBL2,TBL2,biolink:Gene,https://purl.humanatlas.io/vocab/hp
HGNC:8149,OPLAH,OPLAH,biolink:Gene,https://purl.humanatlas.io/vocab/hp
HGNC:7128,MLH3,MLH3,biolink:Gene,https://purl.humanatlas.io/vocab/hp
HGNC:7907,NPHP3,NPHP3,biolink:Gene,https://purl.humanatlas.io/vocab/hp
HGNC:24123,B9D1,B9D1,biolink:Gene,https://purl.humanatlas.io/vocab/hp
HGNC:17869,AFF4,AFF4,biolink:Gene,https://purl.humanatlas.io/vocab/hp
HGNC:17870,INVS,INVS,biolink:Gene,https://purl.humanatlas.io/vocab/hp
HGNC:29239,INTU,INTU,biolink:Gene,https://purl.humanatlas.io/vocab/hp
HGNC:4531,OXGR1,OXGR1,biolink:Gene,https://purl.humanatlas.io/vocab/hp
HGNC:25223,COQ2,COQ2,biolink:Gene,https://purl.humanatlas.io/vocab/hp
HGNC:30677,GPKOW,GPKOW,biolink:Gene,https://purl.humanatlas.io/vocab/hp
HGNC:30000,BBS9,BBS9,biolink:Gene,https://purl.humanatlas.io/vocab/hp
HGNC:17893,PGAP2,PGAP2,biolink:Gene,https://purl.humanatlas.io/vocab/hp
HGNC:2908,DLL1,DLL1,biolink:Gene,https://purl.humanatlas.io/vocab/hp
HGNC:28909,CCDC22,CCDC22,biolink:Gene,https://purl.humanatlas.io/vocab/hp
HGNC:24338,C1GALT1C1,C1GALT1C1,biolink:Gene,https://purl.humanatlas.io/vocab/hp
HGNC:21034,NDUFAF4,NDUFAF4,biolink:Gene,https://purl.humanatlas.io/vocab/hp
HGNC:25006,METTL5,METTL5,biolink:Gene,https://purl.humanatlas.io/vocab/hp
HGNC:25009,UBE2T,UBE2T,biolink:Gene,https://purl.humanatlas.io/vocab/hp
HGNC:11584,TBK1,TBK1,biolink:Gene,https://purl.humanatlas.io/vocab/hp
HGNC:20266,ALG5,ALG5,biolink:Gene,https://purl.humanatlas.io/vocab/hp
HGNC:30262,PYCR2,PYCR2,biolink:Gene,https://purl.humanatlas.io/vocab/hp
HGNC:18276,SEC61A1,SEC61A1,biolink:Gene,https://purl.humanatlas.io/vocab/hp
HGNC:21144,DSE,DSE,biolink:Gene,https://purl.humanatlas.io/vocab/hp
HGNC:19743,POMT2,POMT2,biolink:Gene,https://purl.humanatlas.io/vocab/hp
HGNC:4332,BICRA,BICRA,biolink:Gene,https://purl.humanatlas.io/vocab/hp
HGNC:3219,EFEMP2,EFEMP2,biolink:Gene,https://purl.humanatlas.io/vocab/hp
HGNC:13081,SCAPER,SCAPER,biolink:Gene,https://purl.humanatlas.io/vocab/hp
HGNC:17296,RRM2B,RRM2B,biolink:Gene,https://purl.humanatlas.io/vocab/hp
HGNC:11102,SMARCAL1,SMARCAL1,biolink:Gene,https://purl.humanatlas.io/vocab/hp
HGNC:866,ATP6V0A4,ATP6V0A4,biolink:Gene,https://purl.humanatlas.io/vocab/hp
HGNC:15717,GEMIN4,GEMIN4,biolink:Gene,https://purl.humanatlas.io/vocab/hp
HGNC:13398,NSDHL,NSDHL,biolink:Gene,https://purl.humanatlas.io/vocab/hp
HGNC:17104,CDON,CDON,biolink:Gene,https://purl.humanatlas.io/vocab/hp
HGNC:6106,FOXP3,FOXP3,biolink:Gene,https://purl.humanatlas.io/vocab/hp
HGNC:11600,TBX22,TBX22,biolink:Gene,https://purl.humanatlas.io/vocab/hp
HGNC:24259,TPRKB,TPRKB,biolink:Gene,https://purl.humanatlas.io/vocab/hp
HGNC:20233,COQ6,COQ6,biolink:Gene,https://purl.humanatlas.io/vocab/hp
HGNC:28027,WDPCP,WDPCP,biolink:Gene,https://purl.humanatlas.io/vocab/hp
HGNC:12744,MLXIPL,MLXIPL,biolink:Gene,https://purl.humanatlas.io/vocab/hp
HGNC:17341,TRNT1,TRNT1,biolink:Gene,https://purl.humanatlas.io/vocab/hp
HGNC:18828,NDUFAF1,NDUFAF1,biolink:Gene,https://purl.humanatlas.io/vocab/hp
HGNC:19440,SBDS,SBDS,biolink:Gene,https://purl.humanatlas.io/vocab/hp
HGNC:17966,CEP83,CEP83,biolink:Gene,https://purl.humanatlas.io/vocab/hp
HGNC:15594,DBR1,DBR1,biolink:Gene,https://purl.humanatlas.io/vocab/hp
HGNC:15518,DCTN4,DCTN4,biolink:Gene,https://purl.humanatlas.io/vocab/hp
HGNC:17175,PLCE1,PLCE1,biolink:Gene,https://purl.humanatlas.io/vocab/hp
HGNC:24316,TACO1,TACO1,biolink:Gene,https://purl.humanatlas.io/vocab/hp
HGNC:3046,PIGP,PIGP,biolink:Gene,https://purl.humanatlas.io/vocab/hp
HGNC:21066,TBC1D7,TBC1D7,biolink:Gene,https://purl.humanatlas.io/vocab/hp
HGNC:25018,TMEM216,TMEM216,biolink:Gene,https://purl.humanatlas.io/vocab/hp
HGNC:15631,TLR7,TLR7,biolink:Gene,https://purl.humanatlas.io/vocab/hp
HGNC:1321,TIMMDC1,TIMMDC1,biolink:Gene,https://purl.humanatlas.io/vocab/hp
HGNC:24156,PHF21A,PHF21A,biolink:Gene,https://purl.humanatlas.io/vocab/hp
HGNC:17327,WAC,WAC,biolink:Gene,https://purl.humanatlas.io/vocab/hp
HGNC:17748,DACT1,DACT1,biolink:Gene,https://purl.humanatlas.io/vocab/hp
HGNC:15455,MBTPS2,MBTPS2,biolink:Gene,https://purl.humanatlas.io/vocab/hp
HGNC:9386,PRKAG2,PRKAG2,biolink:Gene,https://purl.humanatlas.io/vocab/hp
HGNC:18141,DCDC2,DCDC2,biolink:Gene,https://purl.humanatlas.io/vocab/hp
HGNC:20763,ANKFY1,ANKFY1,biolink:Gene,https://purl.humanatlas.io/vocab/hp
HGNC:26944,TMEM138,TMEM138,biolink:Gene,https://purl.humanatlas.io/vocab/hp
HGNC:14938,PIGT,PIGT,biolink:Gene,https://purl.humanatlas.io/vocab/hp
HGNC:24595,DYNC2LI1,DYNC2LI1,biolink:Gene,https://purl.humanatlas.io/vocab/hp
HGNC:16466,SUFU,SUFU,biolink:Gene,https://purl.humanatlas.io/vocab/hp
HGNC:14263,RAB23,RAB23,biolink:Gene,https://purl.humanatlas.io/vocab/hp
HGNC:14889,DNAJB11,DNAJB11,biolink:Gene,https://purl.humanatlas.io/vocab/hp
HGNC:16461,WBP11,WBP11,biolink:Gene,https://purl.humanatlas.io/vocab/hp
HGNC:12799,WWOX,WWOX,biolink:Gene,https://purl.humanatlas.io/vocab/hp
HGNC:18173,ERAP1,ERAP1,biolink:Gene,https://purl.humanatlas.io/vocab/hp
HGNC:1839,ADA2,ADA2,biolink:Gene,https://purl.humanatlas.io/vocab/hp
HGNC:496,RIPK4,RIPK4,biolink:Gene,https://purl.humanatlas.io/vocab/hp
HGNC:11194,SOX18,SOX18,biolink:Gene,https://purl.humanatlas.io/vocab/hp
HGNC:12783,WNT4,WNT4,biolink:Gene,https://purl.humanatlas.io/vocab/hp
HGNC:14082,ANLN,ANLN,biolink:Gene,https://purl.humanatlas.io/vocab/hp
HGNC:25557,PRMT7,PRMT7,biolink:Gene,https://purl.humanatlas.io/vocab/hp
HGNC:18188,TMCO1,TMCO1,biolink:Gene,https://purl.humanatlas.io/vocab/hp
HGNC:20372,NDUFB11,NDUFB11,biolink:Gene,https://purl.humanatlas.io/vocab/hp
HGNC:2910,DLL4,DLL4,biolink:Gene,https://purl.humanatlas.io/vocab/hp
HGNC:6741,LZTFL1,LZTFL1,biolink:Gene,https://purl.humanatlas.io/vocab/hp
HGNC:17616,IL17RD,IL17RD,biolink:Gene,https://purl.humanatlas.io/vocab/hp
HGNC:23015,FAM20A,FAM20A,biolink:Gene,https://purl.humanatlas.io/vocab/hp
HGNC:30988,BNC2,BNC2,biolink:Gene,https://purl.humanatlas.io/vocab/hp
HGNC:103,CNNM2,CNNM2,biolink:Gene,https://purl.humanatlas.io/vocab/hp
HGNC:21575,AHI1,AHI1,biolink:Gene,https://purl.humanatlas.io/vocab/hp
HGNC:15984,APTX,APTX,biolink:Gene,https://purl.humanatlas.io/vocab/hp
HGNC:20893,BCOR,BCOR,biolink:Gene,https://purl.humanatlas.io/vocab/hp
HGNC:24715,TBC1D8B,TBC1D8B,biolink:Gene,https://purl.humanatlas.io/vocab/hp
HGNC:25994,NSUN2,NSUN2,biolink:Gene,https://purl.humanatlas.io/vocab/hp
HGNC:21904,NCAPG2,NCAPG2,biolink:Gene,https://purl.humanatlas.io/vocab/hp
HGNC:26002,CASZ1,CASZ1,biolink:Gene,https://purl.humanatlas.io/vocab/hp
HGNC:23326,PXK,PXK,biolink:Gene,https://purl.humanatlas.io/vocab/hp
HGNC:7121,MKS1,MKS1,biolink:Gene,https://purl.humanatlas.io/vocab/hp
HGNC:23377,FOCAD,FOCAD,biolink:Gene,https://purl.humanatlas.io/vocab/hp
HGNC:20185,TMEM260,TMEM260,biolink:Gene,https://purl.humanatlas.io/vocab/hp
HGNC:17697,SARS2,SARS2,biolink:Gene,https://purl.humanatlas.io/vocab/hp
HGNC:26034,SDHAF2,SDHAF2,biolink:Gene,https://purl.humanatlas.io/vocab/hp
HGNC:21176,RMND1,RMND1,biolink:Gene,https://purl.humanatlas.io/vocab/hp
HGNC:17485,PPP2R3C,PPP2R3C,biolink:Gene,https://purl.humanatlas.io/vocab/hp
HGNC:18233,BANK1,BANK1,biolink:Gene,https://purl.humanatlas.io/vocab/hp
HGNC:26087,HEATR3,HEATR3,biolink:Gene,https://purl.humanatlas.io/vocab/hp
HGNC:18234,MOCOS,MOCOS,biolink:Gene,https://purl.humanatlas.io/vocab/hp
HGNC:24684,AGGF1,AGGF1,biolink:Gene,https://purl.humanatlas.io/vocab/hp
HGNC:21862,DYNC2I1,DYNC2I1,biolink:Gene,https://purl.humanatlas.io/vocab/hp
HGNC:20748,FANCL,FANCL,biolink:Gene,https://purl.humanatlas.io/vocab/hp
HGNC:25539,RFWD3,RFWD3,biolink:Gene,https://purl.humanatlas.io/vocab/hp
HGNC:1161,CEP55,CEP55,biolink:Gene,https://purl.humanatlas.io/vocab/hp
HGNC:29832,NADSYN1,NADSYN1,biolink:Gene,https://purl.humanatlas.io/vocab/hp
HGNC:30064,PBRM1,PBRM1,biolink:Gene,https://purl.humanatlas.io/vocab/hp
HGNC:18758,BBS7,BBS7,biolink:Gene,https://purl.humanatlas.io/vocab/hp
HGNC:25568,FANCI,FANCI,biolink:Gene,https://purl.humanatlas.io/vocab/hp
HGNC:15734,KIRREL1,KIRREL1,biolink:Gene,https://purl.humanatlas.io/vocab/hp
HGNC:30935,YY1AP1,YY1AP1,biolink:Gene,https://purl.humanatlas.io/vocab/hp
HGNC:23805,ASXL2,ASXL2,biolink:Gene,https://purl.humanatlas.io/vocab/hp
HGNC:25604,TRAPPC14,TRAPPC14,biolink:Gene,https://purl.humanatlas.io/vocab/hp
HGNC:23096,SLC29A3,SLC29A3,biolink:Gene,https://purl.humanatlas.io/vocab/hp
HGNC:16491,PIDD1,PIDD1,biolink:Gene,https://purl.humanatlas.io/vocab/hp
HGNC:14575,MEG3,MEG3,biolink:Gene,https://purl.humanatlas.io/vocab/hp
HGNC:14006,TRPV6,TRPV6,biolink:Gene,https://purl.humanatlas.io/vocab/hp
HGNC:14378,NOP10,NOP10,biolink:Gene,https://purl.humanatlas.io/vocab/hp
HGNC:26927,FOXRED1,FOXRED1,biolink:Gene,https://purl.humanatlas.io/vocab/hp
HGNC:25402,OTUD5,OTUD5,biolink:Gene,https://purl.humanatlas.io/vocab/hp
HGNC:15859,TASP1,TASP1,biolink:Gene,https://purl.humanatlas.io/vocab/hp
HGNC:20626,CHD7,CHD7,biolink:Gene,https://purl.humanatlas.io/vocab/hp
HGNC:18028,OSGEP,OSGEP,biolink:Gene,https://purl.humanatlas.io/vocab/hp
HGNC:26031,PIGV,PIGV,biolink:Gene,https://purl.humanatlas.io/vocab/hp
HGNC:26038,TMEM127,TMEM127,biolink:Gene,https://purl.humanatlas.io/vocab/hp
HGNC:22965,PEX26,PEX26,biolink:Gene,https://purl.humanatlas.io/vocab/hp
HGNC:30032,PACS1,PACS1,biolink:Gene,https://purl.humanatlas.io/vocab/hp
HGNC:25507,VAC14,VAC14,biolink:Gene,https://purl.humanatlas.io/vocab/hp
HGNC:29685,IARS2,IARS2,biolink:Gene,https://purl.humanatlas.io/vocab/hp
HGNC:13831,WDR11,WDR11,biolink:Gene,https://purl.humanatlas.io/vocab/hp
HGNC:18016,NUP133,NUP133,biolink:Gene,https://purl.humanatlas.io/vocab/hp
HGNC:18672,CDK5RAP2,CDK5RAP2,biolink:Gene,https://purl.humanatlas.io/vocab/hp
HGNC:13556,IFT122,IFT122,biolink:Gene,https://purl.humanatlas.io/vocab/hp
HGNC:25636,MCTP2,MCTP2,biolink:Gene,https://purl.humanatlas.io/vocab/hp
HGNC:23038,LMBRD1,LMBRD1,biolink:Gene,https://purl.humanatlas.io/vocab/hp
HGNC:21285,ADCY10,ADCY10,biolink:Gene,https://purl.humanatlas.io/vocab/hp
HGNC:17272,CPAP,CPAP,biolink:Gene,https://purl.humanatlas.io/vocab/hp
HGNC:30760,TMEM165,TMEM165,biolink:Gene,https://purl.humanatlas.io/vocab/hp
HGNC:30883,TMEM126B,TMEM126B,biolink:Gene,https://purl.humanatlas.io/vocab/hp
HGNC:13315,HDAC8,HDAC8,biolink:Gene,https://purl.humanatlas.io/vocab/hp
HGNC:18294,ALG1,ALG1,biolink:Gene,https://purl.humanatlas.io/vocab/hp
HGNC:1142,BTNL2,BTNL2,biolink:Gene,https://purl.humanatlas.io/vocab/hp
HGNC:13446,SLC2A9,SLC2A9,biolink:Gene,https://purl.humanatlas.io/vocab/hp
HGNC:21474,INPP5E,INPP5E,biolink:Gene,https://purl.humanatlas.io/vocab/hp
HGNC:20637,DPYSL5,DPYSL5,biolink:Gene,https://purl.humanatlas.io/vocab/hp
HGNC:14508,MRPS22,MRPS22,biolink:Gene,https://purl.humanatlas.io/vocab/hp
HGNC:22140,FAM20C,FAM20C,biolink:Gene,https://purl.humanatlas.io/vocab/hp
HGNC:13995,PRDM10,PRDM10,biolink:Gene,https://purl.humanatlas.io/vocab/hp
HGNC:24641,VPS35L,VPS35L,biolink:Gene,https://purl.humanatlas.io/vocab/hp
HGNC:24054,KNL1,KNL1,biolink:Gene,https://purl.humanatlas.io/vocab/hp
HGNC:13436,RPGRIP1,RPGRIP1,biolink:Gene,https://purl.humanatlas.io/vocab/hp
HGNC:30802,PNPLA2,PNPLA2,biolink:Gene,https://purl.humanatlas.io/vocab/hp
HGNC:23041,PDSS2,PDSS2,biolink:Gene,https://purl.humanatlas.io/vocab/hp
HGNC:29914,NUP107,NUP107,biolink:Gene,https://purl.humanatlas.io/vocab/hp
HGNC:15924,SALL4,SALL4,biolink:Gene,https://purl.humanatlas.io/vocab/hp
HGNC:29271,ZNFX1,ZNFX1,biolink:Gene,https://purl.humanatlas.io/vocab/hp
HGNC:16493,ZMIZ1,ZMIZ1,biolink:Gene,https://purl.humanatlas.io/vocab/hp
HGNC:29203,TBC1D24,TBC1D24,biolink:Gene,https://purl.humanatlas.io/vocab/hp
HGNC:19304,SCAF4,SCAF4,biolink:Gene,https://purl.humanatlas.io/vocab/hp
HGNC:18040,ARID1B,ARID1B,biolink:Gene,https://purl.humanatlas.io/vocab/hp
HGNC:18621,COG6,COG6,biolink:Gene,https://purl.humanatlas.io/vocab/hp
HGNC:29250,WDR35,WDR35,biolink:Gene,https://purl.humanatlas.io/vocab/hp
HGNC:29253,CC2D2A,CC2D2A,biolink:Gene,https://purl.humanatlas.io/vocab/hp
HGNC:29259,TAOK1,TAOK1,biolink:Gene,https://purl.humanatlas.io/vocab/hp
HGNC:29262,IFT80,IFT80,biolink:Gene,https://purl.humanatlas.io/vocab/hp
HGNC:23141,TRMT5,TRMT5,biolink:Gene,https://purl.humanatlas.io/vocab/hp
HGNC:29277,ZNF687,ZNF687,biolink:Gene,https://purl.humanatlas.io/vocab/hp
HGNC:17210,DHX37,DHX37,biolink:Gene,https://purl.humanatlas.io/vocab/hp
HGNC:23168,FANCM,FANCM,biolink:Gene,https://purl.humanatlas.io/vocab/hp
HGNC:29331,EPG5,EPG5,biolink:Gene,https://purl.humanatlas.io/vocab/hp
HGNC:18340,WDR19,WDR19,biolink:Gene,https://purl.humanatlas.io/vocab/hp
HGNC:19903,RRAGD,RRAGD,biolink:Gene,https://purl.humanatlas.io/vocab/hp
HGNC:13743,ALOXE3,ALOXE3,biolink:Gene,https://purl.humanatlas.io/vocab/hp
HGNC:18374,HPSE2,HPSE2,biolink:Gene,https://purl.humanatlas.io/vocab/hp
HGNC:450,ALX4,ALX4,biolink:Gene,https://purl.humanatlas.io/vocab/hp
HGNC:18455,PROK2,PROK2,biolink:Gene,https://purl.humanatlas.io/vocab/hp
HGNC:20347,VIPAS39,VIPAS39,biolink:Gene,https://purl.humanatlas.io/vocab/hp
HGNC:26270,PIEZO2,PIEZO2,biolink:Gene,https://purl.humanatlas.io/vocab/hp
HGNC:28052,XPNPEP3,XPNPEP3,biolink:Gene,https://purl.humanatlas.io/vocab/hp
HGNC:14000,PRDM16,PRDM16,biolink:Gene,https://purl.humanatlas.io/vocab/hp
HGNC:20318,SMOC1,SMOC1,biolink:Gene,https://purl.humanatlas.io/vocab/hp
HGNC:5331,NOD2,NOD2,biolink:Gene,https://purl.humanatlas.io/vocab/hp
HGNC:15516,XYLT1,XYLT1,biolink:Gene,https://purl.humanatlas.io/vocab/hp
HGNC:15517,XYLT2,XYLT2,biolink:Gene,https://purl.humanatlas.io/vocab/hp
HGNC:18873,IFIH1,IFIH1,biolink:Gene,https://purl.humanatlas.io/vocab/hp
HGNC:10729,SEMA4A,SEMA4A,biolink:Gene,https://purl.humanatlas.io/vocab/hp
HGNC:30650,STRA6,STRA6,biolink:Gene,https://purl.humanatlas.io/vocab/hp
HGNC:13886,ABCG5,ABCG5,biolink:Gene,https://purl.humanatlas.io/vocab/hp
HGNC:13887,ABCG8,ABCG8,biolink:Gene,https://purl.humanatlas.io/vocab/hp
HGNC:18122,SOX17,SOX17,biolink:Gene,https://purl.humanatlas.io/vocab/hp
HGNC:14234,NSD1,NSD1,biolink:Gene,https://purl.humanatlas.io/vocab/hp
HGNC:18008,NXN,NXN,biolink:Gene,https://purl.humanatlas.io/vocab/hp
HGNC:17642,DCLRE1C,DCLRE1C,biolink:Gene,https://purl.humanatlas.io/vocab/hp
HGNC:23791,INF2,INF2,biolink:Gene,https://purl.humanatlas.io/vocab/hp
HGNC:14558,CLEC7A,CLEC7A,biolink:Gene,https://purl.humanatlas.io/vocab/hp
HGNC:17652,PORCN,PORCN,biolink:Gene,https://purl.humanatlas.io/vocab/hp
HGNC:26232,NABP1,NABP1,biolink:Gene,https://purl.humanatlas.io/vocab/hp
HGNC:25777,RFX7,RFX7,biolink:Gene,https://purl.humanatlas.io/vocab/hp
HGNC:14432,TMEM237,TMEM237,biolink:Gene,https://purl.humanatlas.io/vocab/hp
HGNC:18179,VPS33A,VPS33A,biolink:Gene,https://purl.humanatlas.io/vocab/hp
HGNC:25801,CPLANE1,CPLANE1,biolink:Gene,https://purl.humanatlas.io/vocab/hp
HGNC:16618,MRPS34,MRPS34,biolink:Gene,https://purl.humanatlas.io/vocab/hp
HGNC:14630,CRELD1,CRELD1,biolink:Gene,https://purl.humanatlas.io/vocab/hp
HGNC:17213,COLEC11,COLEC11,biolink:Gene,https://purl.humanatlas.io/vocab/hp
HGNC:29929,NUP37,NUP37,biolink:Gene,https://purl.humanatlas.io/vocab/hp
HGNC:23161,ALG8,ALG8,biolink:Gene,https://purl.humanatlas.io/vocab/hp
HGNC:15899,NDUFAF5,NDUFAF5,biolink:Gene,https://purl.humanatlas.io/vocab/hp
HGNC:17997,FKRP,FKRP,biolink:Gene,https://purl.humanatlas.io/vocab/hp
HGNC:29670,GNPTAB,GNPTAB,biolink:Gene,https://purl.humanatlas.io/vocab/hp
HGNC:28369,THOC6,THOC6,biolink:Gene,https://purl.humanatlas.io/vocab/hp
HGNC:28672,CYBC1,CYBC1,biolink:Gene,https://purl.humanatlas.io/vocab/hp
HGNC:16783,CDC73,CDC73,biolink:Gene,https://purl.humanatlas.io/vocab/hp
HGNC:37234,TMEM231,TMEM231,biolink:Gene,https://purl.humanatlas.io/vocab/hp
HGNC:26113,TCTN1,TCTN1,biolink:Gene,https://purl.humanatlas.io/vocab/hp
HGNC:26256,NDNF,NDNF,biolink:Gene,https://purl.humanatlas.io/vocab/hp
HGNC:23109,FAT4,FAT4,biolink:Gene,https://purl.humanatlas.io/vocab/hp
HGNC:6954,MCPH1,MCPH1,biolink:Gene,https://purl.humanatlas.io/vocab/hp
HGNC:2962,DYNC2H1,DYNC2H1,biolink:Gene,https://purl.humanatlas.io/vocab/hp
HGNC:28905,YRDC,YRDC,biolink:Gene,https://purl.humanatlas.io/vocab/hp
HGNC:29529,TBL1XR1,TBL1XR1,biolink:Gene,https://purl.humanatlas.io/vocab/hp
HGNC:25662,AAGAB,AAGAB,biolink:Gene,https://purl.humanatlas.io/vocab/hp
HGNC:26144,PALB2,PALB2,biolink:Gene,https://purl.humanatlas.io/vocab/hp
HGNC:26274,NARS2,NARS2,biolink:Gene,https://purl.humanatlas.io/vocab/hp
HGNC:26291,BBS10,BBS10,biolink:Gene,https://purl.humanatlas.io/vocab/hp
HGNC:19954,SLC25A22,SLC25A22,biolink:Gene,https://purl.humanatlas.io/vocab/hp
HGNC:20652,TXNDC15,TXNDC15,biolink:Gene,https://purl.humanatlas.io/vocab/hp
HGNC:15672,ALG9,ALG9,biolink:Gene,https://purl.humanatlas.io/vocab/hp
HGNC:25781,ARMC5,ARMC5,biolink:Gene,https://purl.humanatlas.io/vocab/hp
HGNC:25660,TTC21B,TTC21B,biolink:Gene,https://purl.humanatlas.io/vocab/hp
HGNC:24650,EHMT1,EHMT1,biolink:Gene,https://purl.humanatlas.io/vocab/hp
HGNC:26276,CAMKMT,CAMKMT,biolink:Gene,https://purl.humanatlas.io/vocab/hp
HGNC:26193,CSPP1,CSPP1,biolink:Gene,https://purl.humanatlas.io/vocab/hp
HGNC:25774,TCTN2,TCTN2,biolink:Gene,https://purl.humanatlas.io/vocab/hp
HGNC:8734,NUP85,NUP85,biolink:Gene,https://purl.humanatlas.io/vocab/hp
HGNC:30071,KIAA0319L,KIAA0319L,biolink:Gene,https://purl.humanatlas.io/vocab/hp
HGNC:19041,COQ8B,COQ8B,biolink:Gene,https://purl.humanatlas.io/vocab/hp
HGNC:20603,DHDDS,DHDDS,biolink:Gene,https://purl.humanatlas.io/vocab/hp
HGNC:30238,WLS,WLS,biolink:Gene,https://purl.humanatlas.io/vocab/hp
HGNC:21882,IFT56,IFT56,biolink:Gene,https://purl.humanatlas.io/vocab/hp
HGNC:31042,GREB1L,GREB1L,biolink:Gene,https://purl.humanatlas.io/vocab/hp
HGNC:19351,BICC1,BICC1,biolink:Gene,https://purl.humanatlas.io/vocab/hp
HGNC:19185,FRAS1,FRAS1,biolink:Gene,https://purl.humanatlas.io/vocab/hp
HGNC:21424,IFT74,IFT74,biolink:Gene,https://purl.humanatlas.io/vocab/hp
HGNC:29021,CEP290,CEP290,biolink:Gene,https://purl.humanatlas.io/vocab/hp
HGNC:26219,FUZ,FUZ,biolink:Gene,https://purl.humanatlas.io/vocab/hp
HGNC:20278,NUBPL,NUBPL,biolink:Gene,https://purl.humanatlas.io/vocab/hp
HGNC:25815,CEP63,CEP63,biolink:Gene,https://purl.humanatlas.io/vocab/hp
HGNC:28636,B9D2,B9D2,biolink:Gene,https://purl.humanatlas.io/vocab/hp
HGNC:2195,COL18A1,COL18A1,biolink:Gene,https://purl.humanatlas.io/vocab/hp
HGNC:24668,CFHR5,CFHR5,biolink:Gene,https://purl.humanatlas.io/vocab/hp
HGNC:30664,CLPB,CLPB,biolink:Gene,https://purl.humanatlas.io/vocab/hp
HGNC:15579,TRIM8,TRIM8,biolink:Gene,https://purl.humanatlas.io/vocab/hp
HGNC:19124,FIP1L1,FIP1L1,biolink:Gene,https://purl.humanatlas.io/vocab/hp
HGNC:14604,AMN,AMN,biolink:Gene,https://purl.humanatlas.io/vocab/hp
HGNC:15512,VANGL1,VANGL1,biolink:Gene,https://purl.humanatlas.io/vocab/hp
HGNC:15533,SPRY4,SPRY4,biolink:Gene,https://purl.humanatlas.io/vocab/hp
HGNC:28845,MED25,MED25,biolink:Gene,https://purl.humanatlas.io/vocab/hp
HGNC:25361,ARHGAP24,ARHGAP24,biolink:Gene,https://purl.humanatlas.io/vocab/hp
HGNC:25360,DDX59,DDX59,biolink:Gene,https://purl.humanatlas.io/vocab/hp
HGNC:25461,PUS3,PUS3,biolink:Gene,https://purl.humanatlas.io/vocab/hp
HGNC:13635,PLVAP,PLVAP,biolink:Gene,https://purl.humanatlas.io/vocab/hp
HGNC:15532,JAM3,JAM3,biolink:Gene,https://purl.humanatlas.io/vocab/hp
HGNC:20473,BRIP1,BRIP1,biolink:Gene,https://purl.humanatlas.io/vocab/hp
HGNC:15719,OBSCN,OBSCN,biolink:Gene,https://purl.humanatlas.io/vocab/hp
HGNC:13210,ARL6,ARL6,biolink:Gene,https://purl.humanatlas.io/vocab/hp
HGNC:30775,GTF2IRD2,GTF2IRD2,biolink:Gene,https://purl.humanatlas.io/vocab/hp
HGNC:21014,ANTXR1,ANTXR1,biolink:Gene,https://purl.humanatlas.io/vocab/hp
HGNC:16410,DNAJC30,DNAJC30,biolink:Gene,https://purl.humanatlas.io/vocab/hp
HGNC:21237,UQCC2,UQCC2,biolink:Gene,https://purl.humanatlas.io/vocab/hp
HGNC:28128,TMEM107,TMEM107,biolink:Gene,https://purl.humanatlas.io/vocab/hp
HGNC:23339,ACBD6,ACBD6,biolink:Gene,https://purl.humanatlas.io/vocab/hp
HGNC:20492,COA8,COA8,biolink:Gene,https://purl.humanatlas.io/vocab/hp
HGNC:23845,SLX4,SLX4,biolink:Gene,https://purl.humanatlas.io/vocab/hp
HGNC:20356,GON7,GON7,biolink:Gene,https://purl.humanatlas.io/vocab/hp
HGNC:29450,GLIS2,GLIS2,biolink:Gene,https://purl.humanatlas.io/vocab/hp
HGNC:23215,PIGO,PIGO,biolink:Gene,https://purl.humanatlas.io/vocab/hp
HGNC:18358,IL17RC,IL17RC,biolink:Gene,https://purl.humanatlas.io/vocab/hp
HGNC:6638,LMNB2,LMNB2,biolink:Gene,https://purl.humanatlas.io/vocab/hp
HGNC:30889,ATP5MK,ATP5MK,biolink:Gene,https://purl.humanatlas.io/vocab/hp
HGNC:25897,MFSD2A,MFSD2A,biolink:Gene,https://purl.humanatlas.io/vocab/hp
HGNC:14951,PPP1R15B,PPP1R15B,biolink:Gene,https://purl.humanatlas.io/vocab/hp
HGNC:25928,WDR73,WDR73,biolink:Gene,https://purl.humanatlas.io/vocab/hp
HGNC:19711,DISP1,DISP1,biolink:Gene,https://purl.humanatlas.io/vocab/hp
HGNC:28209,CEP19,CEP19,biolink:Gene,https://purl.humanatlas.io/vocab/hp
HGNC:28216,COX14,COX14,biolink:Gene,https://purl.humanatlas.io/vocab/hp
HGNC:28213,PIGY,PIGY,biolink:Gene,https://purl.humanatlas.io/vocab/hp
HGNC:14294,SHANK3,SHANK3,biolink:Gene,https://purl.humanatlas.io/vocab/hp
HGNC:28296,DYNC2I2,DYNC2I2,biolink:Gene,https://purl.humanatlas.io/vocab/hp
HGNC:25455,TSR2,TSR2,biolink:Gene,https://purl.humanatlas.io/vocab/hp
HGNC:18451,MCFD2,MCFD2,biolink:Gene,https://purl.humanatlas.io/vocab/hp
HGNC:30767,KNSTRN,KNSTRN,biolink:Gene,https://purl.humanatlas.io/vocab/hp
HGNC:23994,ERI1,ERI1,biolink:Gene,https://purl.humanatlas.io/vocab/hp
HGNC:28396,TMEM67,TMEM67,biolink:Gene,https://purl.humanatlas.io/vocab/hp
HGNC:19869,SCARF2,SCARF2,biolink:Gene,https://purl.humanatlas.io/vocab/hp
HGNC:25123,PKDCC,PKDCC,biolink:Gene,https://purl.humanatlas.io/vocab/hp
HGNC:18802,ATPAF2,ATPAF2,biolink:Gene,https://purl.humanatlas.io/vocab/hp
HGNC:25189,ALKBH8,ALKBH8,biolink:Gene,https://purl.humanatlas.io/vocab/hp
HGNC:28086,NDUFAF2,NDUFAF2,biolink:Gene,https://purl.humanatlas.io/vocab/hp
HGNC:18622,COG7,COG7,biolink:Gene,https://purl.humanatlas.io/vocab/hp
HGNC:28434,CCNQ,CCNQ,biolink:Gene,https://purl.humanatlas.io/vocab/hp
HGNC:30172,STRADA,STRADA,biolink:Gene,https://purl.humanatlas.io/vocab/hp
HGNC:28093,BBIP1,BBIP1,biolink:Gene,https://purl.humanatlas.io/vocab/hp
HGNC:24861,G6PC3,G6PC3,biolink:Gene,https://purl.humanatlas.io/vocab/hp
HGNC:16205,MGME1,MGME1,biolink:Gene,https://purl.humanatlas.io/vocab/hp
HGNC:14632,ADAMTSL1,ADAMTSL1,biolink:Gene,https://purl.humanatlas.io/vocab/hp
HGNC:23719,PGAP3,PGAP3,biolink:Gene,https://purl.humanatlas.io/vocab/hp
HGNC:28261,TBCK,TBCK,biolink:Gene,https://purl.humanatlas.io/vocab/hp
HGNC:16067,MYOCD,MYOCD,biolink:Gene,https://purl.humanatlas.io/vocab/hp
HGNC:12370,CEP41,CEP41,biolink:Gene,https://purl.humanatlas.io/vocab/hp
HGNC:16404,IL17F,IL17F,biolink:Gene,https://purl.humanatlas.io/vocab/hp
HGNC:29669,IFT43,IFT43,biolink:Gene,https://purl.humanatlas.io/vocab/hp
HGNC:25155,HOGA1,HOGA1,biolink:Gene,https://purl.humanatlas.io/vocab/hp
HGNC:16197,TP53RK,TP53RK,biolink:Gene,https://purl.humanatlas.io/vocab/hp
HGNC:25151,ADAT3,ADAT3,biolink:Gene,https://purl.humanatlas.io/vocab/hp
HGNC:24464,CHST14,CHST14,biolink:Gene,https://purl.humanatlas.io/vocab/hp
HGNC:16405,BUD23,BUD23,biolink:Gene,https://purl.humanatlas.io/vocab/hp
HGNC:16400,NLRP3,NLRP3,biolink:Gene,https://purl.humanatlas.io/vocab/hp
HGNC:14469,SLC26A9,SLC26A9,biolink:Gene,https://purl.humanatlas.io/vocab/hp
HGNC:17989,SLC22A12,SLC22A12,biolink:Gene,https://purl.humanatlas.io/vocab/hp
HGNC:29958,SDR9C7,SDR9C7,biolink:Gene,https://purl.humanatlas.io/vocab/hp
HGNC:20087,TTC8,TTC8,biolink:Gene,https://purl.humanatlas.io/vocab/hp
HGNC:20371,NDUFA11,NDUFA11,biolink:Gene,https://purl.humanatlas.io/vocab/hp
HGNC:26820,CYP4F22,CYP4F22,biolink:Gene,https://purl.humanatlas.io/vocab/hp
HGNC:17978,B3GALT6,B3GALT6,biolink:Gene,https://purl.humanatlas.io/vocab/hp
HGNC:16133,TBC1D20,TBC1D20,biolink:Gene,https://purl.humanatlas.io/vocab/hp
HGNC:15836,PROKR2,PROKR2,biolink:Gene,https://purl.humanatlas.io/vocab/hp
HGNC:28648,DIS3L2,DIS3L2,biolink:Gene,https://purl.humanatlas.io/vocab/hp
HGNC:970,BBS5,BBS5,biolink:Gene,https://purl.humanatlas.io/vocab/hp
HGNC:18971,AP1S3,AP1S3,biolink:Gene,https://purl.humanatlas.io/vocab/hp
HGNC:26406,SCLT1,SCLT1,biolink:Gene,https://purl.humanatlas.io/vocab/hp
HGNC:19747,EVC2,EVC2,biolink:Gene,https://purl.humanatlas.io/vocab/hp
HGNC:26404,NADK2,NADK2,biolink:Gene,https://purl.humanatlas.io/vocab/hp
HGNC:27030,DNAJC21,DNAJC21,biolink:Gene,https://purl.humanatlas.io/vocab/hp
HGNC:21685,CD109,CD109,biolink:Gene,https://purl.humanatlas.io/vocab/hp
HGNC:23018,TMEM270,TMEM270,biolink:Gene,https://purl.humanatlas.io/vocab/hp
HGNC:28625,NDUFAF6,NDUFAF6,biolink:Gene,https://purl.humanatlas.io/vocab/hp
HGNC:26837,AMER1,AMER1,biolink:Gene,https://purl.humanatlas.io/vocab/hp
HGNC:23483,DOCK11,DOCK11,biolink:Gene,https://purl.humanatlas.io/vocab/hp
HGNC:11018,SLC32A1,SLC32A1,biolink:Gene,https://purl.humanatlas.io/vocab/hp
HGNC:20305,SLC34A3,SLC34A3,biolink:Gene,https://purl.humanatlas.io/vocab/hp
HGNC:26789,LACC1,LACC1,biolink:Gene,https://purl.humanatlas.io/vocab/hp
HGNC:20207,B3GLCT,B3GLCT,biolink:Gene,https://purl.humanatlas.io/vocab/hp
HGNC:29426,CCBE1,CCBE1,biolink:Gene,https://purl.humanatlas.io/vocab/hp
HGNC:10891,SIX5,SIX5,biolink:Gene,https://purl.humanatlas.io/vocab/hp
HGNC:19100,IL23R,IL23R,biolink:Gene,https://purl.humanatlas.io/vocab/hp
HGNC:2040,CLDN19,CLDN19,biolink:Gene,https://purl.humanatlas.io/vocab/hp
HGNC:11142,SIK1,SIK1,biolink:Gene,https://purl.humanatlas.io/vocab/hp
HGNC:24048,ARL6IP6,ARL6IP6,biolink:Gene,https://purl.humanatlas.io/vocab/hp
HGNC:26321,ASPRV1,ASPRV1,biolink:Gene,https://purl.humanatlas.io/vocab/hp
HGNC:18762,SLC36A2,SLC36A2,biolink:Gene,https://purl.humanatlas.io/vocab/hp
HGNC:26690,CEP120,CEP120,biolink:Gene,https://purl.humanatlas.io/vocab/hp
HGNC:25239,ARSK,ARSK,biolink:Gene,https://purl.humanatlas.io/vocab/hp
HGNC:19068,METTL27,METTL27,biolink:Gene,https://purl.humanatlas.io/vocab/hp
HGNC:18287,VPS37D,VPS37D,biolink:Gene,https://purl.humanatlas.io/vocab/hp
HGNC:27230,ESCO2,ESCO2,biolink:Gene,https://purl.humanatlas.io/vocab/hp
HGNC:27232,CFAP418,CFAP418,biolink:Gene,https://purl.humanatlas.io/vocab/hp
HGNC:23399,FREM1,FREM1,biolink:Gene,https://purl.humanatlas.io/vocab/hp
HGNC:20249,SPRED1,SPRED1,biolink:Gene,https://purl.humanatlas.io/vocab/hp
HGNC:25403,SASS6,SASS6,biolink:Gene,https://purl.humanatlas.io/vocab/hp
HGNC:26648,BBS12,BBS12,biolink:Gene,https://purl.humanatlas.io/vocab/hp
HGNC:24154,BMPER,BMPER,biolink:Gene,https://purl.humanatlas.io/vocab/hp
HGNC:28510,GLIS3,GLIS3,biolink:Gene,https://purl.humanatlas.io/vocab/hp
HGNC:18060,ARX,ARX,biolink:Gene,https://purl.humanatlas.io/vocab/hp
HGNC:18318,ASXL1,ASXL1,biolink:Gene,https://purl.humanatlas.io/vocab/hp
HGNC:18037,ARID2,ARID2,biolink:Gene,https://purl.humanatlas.io/vocab/hp
HGNC:16808,UBR1,UBR1,biolink:Gene,https://purl.humanatlas.io/vocab/hp
HGNC:26551,DZIP1L,DZIP1L,biolink:Gene,https://purl.humanatlas.io/vocab/hp
HGNC:17722,SPRED2,SPRED2,biolink:Gene,https://purl.humanatlas.io/vocab/hp
HGNC:27310,FLCN,FLCN,biolink:Gene,https://purl.humanatlas.io/vocab/hp
HGNC:23147,UNC13D,UNC13D,biolink:Gene,https://purl.humanatlas.io/vocab/hp
HGNC:26887,TAPT1,TAPT1,biolink:Gene,https://purl.humanatlas.io/vocab/hp
HGNC:26724,ANKS6,ANKS6,biolink:Gene,https://purl.humanatlas.io/vocab/hp
HGNC:30494,USF3,USF3,biolink:Gene,https://purl.humanatlas.io/vocab/hp
HGNC:23508,STOX1,STOX1,biolink:Gene,https://purl.humanatlas.io/vocab/hp
HGNC:26558,HYLS1,HYLS1,biolink:Gene,https://purl.humanatlas.io/vocab/hp
HGNC:27344,TMEM218,TMEM218,biolink:Gene,https://purl.humanatlas.io/vocab/hp
HGNC:12313,JMJD1C,JMJD1C,biolink:Gene,https://purl.humanatlas.io/vocab/hp
HGNC:28917,JAZF1,JAZF1,biolink:Gene,https://purl.humanatlas.io/vocab/hp
HGNC:19087,EBF3,EBF3,biolink:Gene,https://purl.humanatlas.io/vocab/hp
HGNC:19429,SLC41A1,SLC41A1,biolink:Gene,https://purl.humanatlas.io/vocab/hp
HGNC:20001,PCSK9,PCSK9,biolink:Gene,https://purl.humanatlas.io/vocab/hp
HGNC:19048,ASPM,ASPM,biolink:Gene,https://purl.humanatlas.io/vocab/hp
HGNC:19104,NPHP4,NPHP4,biolink:Gene,https://purl.humanatlas.io/vocab/hp
HGNC:4713,H19,H19,biolink:Gene,https://purl.humanatlas.io/vocab/hp
HGNC:24565,KANSL1,KANSL1,biolink:Gene,https://purl.humanatlas.io/vocab/hp
HGNC:13387,NEK8,NEK8,biolink:Gene,https://purl.humanatlas.io/vocab/hp
HGNC:23213,PIGW,PIGW,biolink:Gene,https://purl.humanatlas.io/vocab/hp
HGNC:33551,NDUFAF8,NDUFAF8,biolink:Gene,https://purl.humanatlas.io/vocab/hp
HGNC:18249,KCTD1,KCTD1,biolink:Gene,https://purl.humanatlas.io/vocab/hp
HGNC:24502,WDR62,WDR62,biolink:Gene,https://purl.humanatlas.io/vocab/hp
HGNC:26821,CCDC141,CCDC141,biolink:Gene,https://purl.humanatlas.io/vocab/hp
HGNC:18688,CRB2,CRB2,biolink:Gene,https://purl.humanatlas.io/vocab/hp
HGNC:29162,FAM149B1,FAM149B1,biolink:Gene,https://purl.humanatlas.io/vocab/hp
HGNC:20486,UBAC2,UBAC2,biolink:Gene,https://purl.humanatlas.io/vocab/hp
HGNC:28583,RSPO2,RSPO2,biolink:Gene,https://purl.humanatlas.io/vocab/hp
HGNC:29433,NEXMIF,NEXMIF,biolink:Gene,https://purl.humanatlas.io/vocab/hp
HGNC:25396,FREM2,FREM2,biolink:Gene,https://purl.humanatlas.io/vocab/hp
HGNC:28005,CTU2,CTU2,biolink:Gene,https://purl.humanatlas.io/vocab/hp
HGNC:28018,NIPAL4,NIPAL4,biolink:Gene,https://purl.humanatlas.io/vocab/hp
HGNC:21729,IRF2BP2,IRF2BP2,biolink:Gene,https://purl.humanatlas.io/vocab/hp
HGNC:7714,NDUFS7,NDUFS7,biolink:Gene,https://purl.humanatlas.io/vocab/hp
HGNC:30497,KIF7,KIF7,biolink:Gene,https://purl.humanatlas.io/vocab/hp
HGNC:24750,ZNF699,ZNF699,biolink:Gene,https://purl.humanatlas.io/vocab/hp
HGNC:24008,MIA3,MIA3,biolink:Gene,https://purl.humanatlas.io/vocab/hp
HGNC:14665,RTL1,RTL1,biolink:Gene,https://purl.humanatlas.io/vocab/hp
HGNC:31399,SLC6A17,SLC6A17,biolink:Gene,https://purl.humanatlas.io/vocab/hp
HGNC:22788,FEZF1,FEZF1,biolink:Gene,https://purl.humanatlas.io/vocab/hp
HGNC:33778,MYMK,MYMK,biolink:Gene,https://purl.humanatlas.io/vocab/hp
HGNC:4221,GDF6,GDF6,biolink:Gene,https://purl.humanatlas.io/vocab/hp
HGNC:32687,MED11,MED11,biolink:Gene,https://purl.humanatlas.io/vocab/hp
HGNC:24212,CISD2,CISD2,biolink:Gene,https://purl.humanatlas.io/vocab/hp
HGNC:23452,LIPN,LIPN,biolink:Gene,https://purl.humanatlas.io/vocab/hp
HGNC:7660,NCF1,NCF1,biolink:Gene,https://purl.humanatlas.io/vocab/hp
HGNC:37212,KLLN,KLLN,biolink:Gene,https://purl.humanatlas.io/vocab/hp
HGNC:34033,RNU7-1,RNU7-1,biolink:Gene,https://purl.humanatlas.io/vocab/hp
HGNC:34016,RNU4ATAC,RNU4ATAC,biolink:Gene,https://purl.humanatlas.io/vocab/hp
HGNC:8104,OCLN,OCLN,biolink:Gene,https://purl.humanatlas.io/vocab/hp
HGNC:43984,HELLPAR,HELLPAR,biolink:Gene,https://purl.humanatlas.io/vocab/hp
HGNC:49094,IL12A-AS1,IL12A-AS1,biolink:Gene,https://purl.humanatlas.io/vocab/hp
HGNC:52391,MYMX,MYMX,biolink:Gene,https://purl.humanatlas.io/vocab/hp
