id,name,symbol,category,provided_by
CL:0000084,T cell,,biolink:Cell,https://purl.humanatlas.io/graph/hra-pop
CL:0000097,mast cell,,biolink:Cell,https://purl.humanatlas.io/graph/hra-pop
CL:0000236,B cell,,biolink:Cell,https://purl.humanatlas.io/graph/hra-pop
CL:0000648,kidney granular cell,,biolink:Cell,https://purl.humanatlas.io/graph/hra-pop
CL:0000650,mesangial cell,,biolink:Cell,https://purl.humanatlas.io/graph/hra-pop
CL:0000653,podocyte,,biolink:Cell,https://purl.humanatlas.io/graph/hra-pop
CL:0000775,neutrophil,,biolink:Cell,https://purl.humanatlas.io/graph/hra-pop
CL:0000786,plasma cell,,biolink:Cell,https://purl.humanatlas.io/graph/hra-pop
CL:0000814,mature NK T cell,,biolink:Cell,https://purl.humanatlas.io/graph/hra-pop
CL:0000875,non-classical monocyte,,biolink:Cell,https://purl.humanatlas.io/graph/hra-pop
CL:0000890,alternatively activated macrophage,,biolink:Cell,https://purl.humanatlas.io/graph/hra-pop
CL:0000990,conventional dendritic cell,,biolink:Cell,https://purl.humanatlas.io/graph/hra-pop
CL:0001058,"plasmacytoid dendritic cell, human",,biolink:Cell,https://purl.humanatlas.io/graph/hra-pop
CL:0002138,endothelial cell of lymphatic vessel,,biolink:Cell,https://purl.humanatlas.io/graph/hra-pop
CL:0002201,renal beta-intercalated cell,,biolink:Cell,https://purl.humanatlas.io/graph/hra-pop
CL:0002573,Schwann cell,,biolink:Cell,https://purl.humanatlas.io/graph/hra-pop
CL:0011031,monocyte-derived dendritic cell,,biolink:Cell,https://purl.humanatlas.io/graph/hra-pop
CL:1000412,endothelial cell of arteriole,,biolink:Cell,https://purl.humanatlas.io/graph/hra-pop
CL:1000452,parietal epithelial cell,,biolink:Cell,https://purl.humanatlas.io/graph/hra-pop
CL:1000597,papillary tips cell,,biolink:Cell,https://purl.humanatlas.io/graph/hra-pop
CL:1000692,kidney interstitial fibroblast,,biolink:Cell,https://purl.humanatlas.io/graph/hra-pop
CL:1000714,kidney cortex collecting duct principal cell,,biolink:Cell,https://purl.humanatlas.io/graph/hra-pop
CL:1000715,kidney cortex collecting duct intercalated cell,,biolink:Cell,https://purl.humanatlas.io/graph/hra-pop
CL:1000716,kidney outer medulla collecting duct principal cell,,biolink:Cell,https://purl.humanatlas.io/graph/hra-pop
CL:1000717,kidney outer medulla collecting duct intercalated cell,,biolink:Cell,https://purl.humanatlas.io/graph/hra-pop
CL:1000718,kidney inner medulla collecting duct principal cell,,biolink:Cell,https://purl.humanatlas.io/graph/hra-pop
CL:1000768,kidney connecting tubule epithelial cell,,biolink:Cell,https://purl.humanatlas.io/graph/hra-pop
CL:1000850,macula densa epithelial cell,,biolink:Cell,https://purl.humanatlas.io/graph/hra-pop
CL:1001005,glomerular capillary endothelial cell,,biolink:Cell,https://purl.humanatlas.io/graph/hra-pop
CL:1001107,kidney loop of Henle thin ascending limb epithelial cell,,biolink:Cell,https://purl.humanatlas.io/graph/hra-pop
CL:1001108,kidney loop of Henle medullary thick ascending limb epithelial cell,,biolink:Cell,https://purl.humanatlas.io/graph/hra-pop
CL:1001109,kidney loop of Henle cortical thick ascending limb epithelial cell,,biolink:Cell,https://purl.humanatlas.io/graph/hra-pop
CL:1001131,vasa recta ascending limb cell,,biolink:Cell,https://purl.humanatlas.io/graph/hra-pop
CL:1001318,renal interstitial pericyte,,biolink:Cell,https://purl.humanatlas.io/graph/hra-pop
CL:4030009,epithelial cell of proximal tubule segment 1,,biolink:Cell,https://purl.humanatlas.io/graph/hra-pop
CL:4030010,epithelial cell of proximal tubule segment 2,,biolink:Cell,https://purl.humanatlas.io/graph/hra-pop
CL:4030011,epithelial cell of proximal tubule segment 3,,biolink:Cell,https://purl.humanatlas.io/graph/hra-pop
CL:4030012,kidney loop of Henle short descending thin limb epithelial cell,,biolink:Cell,https://purl.humanatlas.io/graph/hra-pop
CL:4030013,kidney loop of Henle long descending thin limb outer medulla epithelial cell,,biolink:Cell,https://purl.humanatlas.io/graph/hra-pop
CL:4030014,kidney loop of Henle long descending thin limb inner medulla epithelial cell,,biolink:Cell,https://purl.humanatlas.io/graph/hra-pop
CL:4030016,epithelial cell of early distal convoluted tubule,,biolink:Cell,https://purl.humanatlas.io/graph/hra-pop
CL:4030017,epithelial cell of late distal convoluted tubule,,biolink:Cell,https://purl.humanatlas.io/graph/hra-pop
CL:4030018,kidney connecting tubule principal cell,,biolink:Cell,https://purl.humanatlas.io/graph/hra-pop
CL:4030020,kidney connecting tubule alpha-intercalated cell,,biolink:Cell,https://purl.humanatlas.io/graph/hra-pop
CL:4030022,renal medullary fibroblast,,biolink:Cell,https://purl.humanatlas.io/graph/hra-pop
CL:4033078,cycling mononuclear phagocyte,,biolink:Cell,https://purl.humanatlas.io/graph/hra-pop
NCIT:descending-vasa-recta-endothelial,Descending Vasa Recta Endothelial ,,biolink:Cell,https://purl.humanatlas.io/graph/hra-pop
NCIT:peritubular-capilary-endothelial,Peritubular Capilary Endothelial ,,biolink:Cell,https://purl.humanatlas.io/graph/hra-pop
HGNC:100,ASIC1,ASIC1,biolink:Gene,https://purl.humanatlas.io/graph/hra-pop
HGNC:10001,RGS5,RGS5,biolink:Gene,https://purl.humanatlas.io/graph/hra-pop
HGNC:10002,RGS6,RGS6,biolink:Gene,https://purl.humanatlas.io/graph/hra-pop
HGNC:10003,RGS7,RGS7,biolink:Gene,https://purl.humanatlas.io/graph/hra-pop
HGNC:10006,RHAG,RHAG,biolink:Gene,https://purl.humanatlas.io/graph/hra-pop
HGNC:1001,BCL6,BCL6,biolink:Gene,https://purl.humanatlas.io/graph/hra-pop
HGNC:10011,RHEB,RHEB,biolink:Gene,https://purl.humanatlas.io/graph/hra-pop
HGNC:1002,BCL6B,BCL6B,biolink:Gene,https://purl.humanatlas.io/graph/hra-pop
HGNC:10020,RIPK2,RIPK2,biolink:Gene,https://purl.humanatlas.io/graph/hra-pop
HGNC:10021,RIPK3,RIPK3,biolink:Gene,https://purl.humanatlas.io/graph/hra-pop
HGNC:10025,RLF,RLF,biolink:Gene,https://purl.humanatlas.io/graph/hra-pop
HGNC:10037,RN7SK,RN7SK,biolink:Gene,https://purl.humanatlas.io/graph/hra-pop
HGNC:10038,RN7SL1,RN7SL1,biolink:Gene,https://purl.humanatlas.io/graph/hra-pop
HGNC:10039,RN7SL4P,RN7SL4P,biolink:Gene,https://purl.humanatlas.io/graph/hra-pop
HGNC:1004,BCL7A,BCL7A,biolink:Gene,https://purl.humanatlas.io/graph/hra-pop
HGNC:10040,RN7SL5P,RN7SL5P,biolink:Gene,https://purl.humanatlas.io/graph/hra-pop
HGNC:10044,RNASE1,RNASE1,biolink:Gene,https://purl.humanatlas.io/graph/hra-pop
HGNC:10047,RNASE4,RNASE4,biolink:Gene,https://purl.humanatlas.io/graph/hra-pop
HGNC:10048,RNASE6,RNASE6,biolink:Gene,https://purl.humanatlas.io/graph/hra-pop
HGNC:10055,RNF10,RNF10,biolink:Gene,https://purl.humanatlas.io/graph/hra-pop
HGNC:10056,RNF11,RNF11,biolink:Gene,https://purl.humanatlas.io/graph/hra-pop
HGNC:10057,RNF13,RNF13,biolink:Gene,https://purl.humanatlas.io/graph/hra-pop
HGNC:10059,TRIM38,TRIM38,biolink:Gene,https://purl.humanatlas.io/graph/hra-pop
HGNC:1006,BCL7C,BCL7C,biolink:Gene,https://purl.humanatlas.io/graph/hra-pop
HGNC:10061,RNF2,RNF2,biolink:Gene,https://purl.humanatlas.io/graph/hra-pop
HGNC:10062,RNF20,RNF20,biolink:Gene,https://purl.humanatlas.io/graph/hra-pop
HGNC:10067,RNF4,RNF4,biolink:Gene,https://purl.humanatlas.io/graph/hra-pop
HGNC:10070,RNF7,RNF7,biolink:Gene,https://purl.humanatlas.io/graph/hra-pop
HGNC:10071,RNF8,RNF8,biolink:Gene,https://purl.humanatlas.io/graph/hra-pop
HGNC:10073,RNGTT,RNGTT,biolink:Gene,https://purl.humanatlas.io/graph/hra-pop
HGNC:10074,RNH1,RNH1,biolink:Gene,https://purl.humanatlas.io/graph/hra-pop
HGNC:10078,RNPEP,RNPEP,biolink:Gene,https://purl.humanatlas.io/graph/hra-pop
HGNC:10080,RNPS1,RNPS1,biolink:Gene,https://purl.humanatlas.io/graph/hra-pop
HGNC:10193,RNU4-2,RNU4-2,biolink:Gene,https://purl.humanatlas.io/graph/hra-pop
HGNC:1022,BCYRN1,BCYRN1,biolink:Gene,https://purl.humanatlas.io/graph/hra-pop
HGNC:10224,SNORA67,SNORA67,biolink:Gene,https://purl.humanatlas.io/graph/hra-pop
HGNC:10249,ROBO1,ROBO1,biolink:Gene,https://purl.humanatlas.io/graph/hra-pop
HGNC:10250,ROBO2,ROBO2,biolink:Gene,https://purl.humanatlas.io/graph/hra-pop
HGNC:10251,ROCK1,ROCK1,biolink:Gene,https://purl.humanatlas.io/graph/hra-pop
HGNC:10252,ROCK2,ROCK2,biolink:Gene,https://purl.humanatlas.io/graph/hra-pop
HGNC:10253,PTBP3,PTBP3,biolink:Gene,https://purl.humanatlas.io/graph/hra-pop
HGNC:10256,ROR1,ROR1,biolink:Gene,https://purl.humanatlas.io/graph/hra-pop
HGNC:10257,ROR2,ROR2,biolink:Gene,https://purl.humanatlas.io/graph/hra-pop
HGNC:10258,RORA,RORA,biolink:Gene,https://purl.humanatlas.io/graph/hra-pop
HGNC:10259,RORB,RORB,biolink:Gene,https://purl.humanatlas.io/graph/hra-pop
HGNC:10260,RORC,RORC,biolink:Gene,https://purl.humanatlas.io/graph/hra-pop
HGNC:10263,RP1,RP1,biolink:Gene,https://purl.humanatlas.io/graph/hra-pop
HGNC:10289,RPA1,RPA1,biolink:Gene,https://purl.humanatlas.io/graph/hra-pop
HGNC:10291,RPA3,RPA3,biolink:Gene,https://purl.humanatlas.io/graph/hra-pop
HGNC:10296,RPH3AL,RPH3AL,biolink:Gene,https://purl.humanatlas.io/graph/hra-pop
HGNC:10298,RPL10,RPL10,biolink:Gene,https://purl.humanatlas.io/graph/hra-pop
HGNC:10299,RPL10A,RPL10A,biolink:Gene,https://purl.humanatlas.io/graph/hra-pop
HGNC:103,CNNM2,CNNM2,biolink:Gene,https://purl.humanatlas.io/graph/hra-pop
HGNC:1030,BDKRB2,BDKRB2,biolink:Gene,https://purl.humanatlas.io/graph/hra-pop
HGNC:10301,RPL11,RPL11,biolink:Gene,https://purl.humanatlas.io/graph/hra-pop
HGNC:10302,RPL12,RPL12,biolink:Gene,https://purl.humanatlas.io/graph/hra-pop
HGNC:10303,RPL13,RPL13,biolink:Gene,https://purl.humanatlas.io/graph/hra-pop
HGNC:10304,RPL13A,RPL13A,biolink:Gene,https://purl.humanatlas.io/graph/hra-pop
HGNC:10305,RPL14,RPL14,biolink:Gene,https://purl.humanatlas.io/graph/hra-pop
HGNC:10306,RPL15,RPL15,biolink:Gene,https://purl.humanatlas.io/graph/hra-pop
HGNC:10307,RPL17,RPL17,biolink:Gene,https://purl.humanatlas.io/graph/hra-pop
HGNC:10310,RPL18,RPL18,biolink:Gene,https://purl.humanatlas.io/graph/hra-pop
HGNC:10311,RPL18A,RPL18A,biolink:Gene,https://purl.humanatlas.io/graph/hra-pop
HGNC:10312,RPL19,RPL19,biolink:Gene,https://purl.humanatlas.io/graph/hra-pop
HGNC:10313,RPL21,RPL21,biolink:Gene,https://purl.humanatlas.io/graph/hra-pop
HGNC:10314,RPL21P1,RPL21P1,biolink:Gene,https://purl.humanatlas.io/graph/hra-pop
HGNC:10315,RPL22,RPL22,biolink:Gene,https://purl.humanatlas.io/graph/hra-pop
HGNC:10316,RPL23,RPL23,biolink:Gene,https://purl.humanatlas.io/graph/hra-pop
HGNC:10317,RPL23A,RPL23A,biolink:Gene,https://purl.humanatlas.io/graph/hra-pop
HGNC:10319,RPL23AP2,RPL23AP2,biolink:Gene,https://purl.humanatlas.io/graph/hra-pop
HGNC:10325,RPL24,RPL24,biolink:Gene,https://purl.humanatlas.io/graph/hra-pop
HGNC:10327,RPL26,RPL26,biolink:Gene,https://purl.humanatlas.io/graph/hra-pop
HGNC:10328,RPL27,RPL27,biolink:Gene,https://purl.humanatlas.io/graph/hra-pop
HGNC:10329,RPL27A,RPL27A,biolink:Gene,https://purl.humanatlas.io/graph/hra-pop
HGNC:10330,RPL28,RPL28,biolink:Gene,https://purl.humanatlas.io/graph/hra-pop
HGNC:10331,RPL29,RPL29,biolink:Gene,https://purl.humanatlas.io/graph/hra-pop
HGNC:10332,RPL3,RPL3,biolink:Gene,https://purl.humanatlas.io/graph/hra-pop
HGNC:10333,RPL30,RPL30,biolink:Gene,https://purl.humanatlas.io/graph/hra-pop
HGNC:10334,RPL31,RPL31,biolink:Gene,https://purl.humanatlas.io/graph/hra-pop
HGNC:10336,RPL32,RPL32,biolink:Gene,https://purl.humanatlas.io/graph/hra-pop
HGNC:1034,BECN1,BECN1,biolink:Gene,https://purl.humanatlas.io/graph/hra-pop
HGNC:10340,RPL34,RPL34,biolink:Gene,https://purl.humanatlas.io/graph/hra-pop
HGNC:10344,RPL35,RPL35,biolink:Gene,https://purl.humanatlas.io/graph/hra-pop
HGNC:10345,RPL35A,RPL35A,biolink:Gene,https://purl.humanatlas.io/graph/hra-pop
HGNC:10346,RPL36AL,RPL36AL,biolink:Gene,https://purl.humanatlas.io/graph/hra-pop
HGNC:10347,RPL37,RPL37,biolink:Gene,https://purl.humanatlas.io/graph/hra-pop
HGNC:10348,RPL37A,RPL37A,biolink:Gene,https://purl.humanatlas.io/graph/hra-pop
HGNC:10349,RPL38,RPL38,biolink:Gene,https://purl.humanatlas.io/graph/hra-pop
HGNC:10350,RPL39,RPL39,biolink:Gene,https://purl.humanatlas.io/graph/hra-pop
HGNC:10352,RPL3P1,RPL3P1,biolink:Gene,https://purl.humanatlas.io/graph/hra-pop
HGNC:10353,RPL4,RPL4,biolink:Gene,https://purl.humanatlas.io/graph/hra-pop
HGNC:10354,RPL41,RPL41,biolink:Gene,https://purl.humanatlas.io/graph/hra-pop
HGNC:10356,RPL41P1,RPL41P1,biolink:Gene,https://purl.humanatlas.io/graph/hra-pop
HGNC:10357,RPL41P2,RPL41P2,biolink:Gene,https://purl.humanatlas.io/graph/hra-pop
HGNC:10359,RPL36A,RPL36A,biolink:Gene,https://purl.humanatlas.io/graph/hra-pop
HGNC:1036,BEX1,BEX1,biolink:Gene,https://purl.humanatlas.io/graph/hra-pop
HGNC:10360,RPL5,RPL5,biolink:Gene,https://purl.humanatlas.io/graph/hra-pop
HGNC:10361,RPL5P1,RPL5P1,biolink:Gene,https://purl.humanatlas.io/graph/hra-pop
HGNC:10362,RPL6,RPL6,biolink:Gene,https://purl.humanatlas.io/graph/hra-pop
HGNC:10363,RPL7,RPL7,biolink:Gene,https://purl.humanatlas.io/graph/hra-pop
HGNC:10364,RPL7A,RPL7A,biolink:Gene,https://purl.humanatlas.io/graph/hra-pop
HGNC:10367,RPL7P1,RPL7P1,biolink:Gene,https://purl.humanatlas.io/graph/hra-pop
HGNC:10368,RPL8,RPL8,biolink:Gene,https://purl.humanatlas.io/graph/hra-pop
HGNC:10369,RPL9,RPL9,biolink:Gene,https://purl.humanatlas.io/graph/hra-pop
HGNC:10371,RPLP0,RPLP0,biolink:Gene,https://purl.humanatlas.io/graph/hra-pop
HGNC:10372,RPLP1,RPLP1,biolink:Gene,https://purl.humanatlas.io/graph/hra-pop
HGNC:10377,RPLP2,RPLP2,biolink:Gene,https://purl.humanatlas.io/graph/hra-pop
HGNC:10379,MRPL3,MRPL3,biolink:Gene,https://purl.humanatlas.io/graph/hra-pop
HGNC:10380,MRPS12,MRPS12,biolink:Gene,https://purl.humanatlas.io/graph/hra-pop
HGNC:10382,RPN2,RPN2,biolink:Gene,https://purl.humanatlas.io/graph/hra-pop
HGNC:10383,RPS10,RPS10,biolink:Gene,https://purl.humanatlas.io/graph/hra-pop
HGNC:10384,RPS11,RPS11,biolink:Gene,https://purl.humanatlas.io/graph/hra-pop
HGNC:10385,RPS12,RPS12,biolink:Gene,https://purl.humanatlas.io/graph/hra-pop
HGNC:10386,RPS13,RPS13,biolink:Gene,https://purl.humanatlas.io/graph/hra-pop
HGNC:10387,RPS14,RPS14,biolink:Gene,https://purl.humanatlas.io/graph/hra-pop
HGNC:10388,RPS15,RPS15,biolink:Gene,https://purl.humanatlas.io/graph/hra-pop
HGNC:10389,RPS15A,RPS15A,biolink:Gene,https://purl.humanatlas.io/graph/hra-pop
HGNC:10396,RPS16,RPS16,biolink:Gene,https://purl.humanatlas.io/graph/hra-pop
HGNC:10397,RPS17,RPS17,biolink:Gene,https://purl.humanatlas.io/graph/hra-pop
HGNC:10398,RPS17P2,RPS17P2,biolink:Gene,https://purl.humanatlas.io/graph/hra-pop
HGNC:10401,RPS18,RPS18,biolink:Gene,https://purl.humanatlas.io/graph/hra-pop
HGNC:10402,RPS19,RPS19,biolink:Gene,https://purl.humanatlas.io/graph/hra-pop
HGNC:10404,RPS2,RPS2,biolink:Gene,https://purl.humanatlas.io/graph/hra-pop
HGNC:10405,RPS20,RPS20,biolink:Gene,https://purl.humanatlas.io/graph/hra-pop
HGNC:10409,RPS21,RPS21,biolink:Gene,https://purl.humanatlas.io/graph/hra-pop
HGNC:10410,RPS23,RPS23,biolink:Gene,https://purl.humanatlas.io/graph/hra-pop
HGNC:10411,RPS24,RPS24,biolink:Gene,https://purl.humanatlas.io/graph/hra-pop
HGNC:10413,RPS25,RPS25,biolink:Gene,https://purl.humanatlas.io/graph/hra-pop
HGNC:10414,RPS26,RPS26,biolink:Gene,https://purl.humanatlas.io/graph/hra-pop
HGNC:10416,RPS27,RPS27,biolink:Gene,https://purl.humanatlas.io/graph/hra-pop
HGNC:10417,RPS27A,RPS27A,biolink:Gene,https://purl.humanatlas.io/graph/hra-pop
HGNC:10418,RPS28,RPS28,biolink:Gene,https://purl.humanatlas.io/graph/hra-pop
HGNC:10419,RPS29,RPS29,biolink:Gene,https://purl.humanatlas.io/graph/hra-pop
HGNC:10420,RPS3,RPS3,biolink:Gene,https://purl.humanatlas.io/graph/hra-pop
HGNC:10421,RPS3A,RPS3A,biolink:Gene,https://purl.humanatlas.io/graph/hra-pop
HGNC:10424,RPS4X,RPS4X,biolink:Gene,https://purl.humanatlas.io/graph/hra-pop
HGNC:10425,RPS4Y1,RPS4Y1,biolink:Gene,https://purl.humanatlas.io/graph/hra-pop
HGNC:10426,RPS5,RPS5,biolink:Gene,https://purl.humanatlas.io/graph/hra-pop
HGNC:10429,RPS6,RPS6,biolink:Gene,https://purl.humanatlas.io/graph/hra-pop
HGNC:10430,RPS6KA1,RPS6KA1,biolink:Gene,https://purl.humanatlas.io/graph/hra-pop
HGNC:10431,RPS6KA2,RPS6KA2,biolink:Gene,https://purl.humanatlas.io/graph/hra-pop
HGNC:10432,RPS6KA3,RPS6KA3,biolink:Gene,https://purl.humanatlas.io/graph/hra-pop
HGNC:10434,RPS6KA5,RPS6KA5,biolink:Gene,https://purl.humanatlas.io/graph/hra-pop
HGNC:10437,RPS6KB2,RPS6KB2,biolink:Gene,https://purl.humanatlas.io/graph/hra-pop
HGNC:10439,RPS6KC1,RPS6KC1,biolink:Gene,https://purl.humanatlas.io/graph/hra-pop
HGNC:1044,BGN,BGN,biolink:Gene,https://purl.humanatlas.io/graph/hra-pop
HGNC:10440,RPS7,RPS7,biolink:Gene,https://purl.humanatlas.io/graph/hra-pop
HGNC:10441,RPS8,RPS8,biolink:Gene,https://purl.humanatlas.io/graph/hra-pop
HGNC:10442,RPS9,RPS9,biolink:Gene,https://purl.humanatlas.io/graph/hra-pop
HGNC:10445,CNOT9,CNOT9,biolink:Gene,https://purl.humanatlas.io/graph/hra-pop
HGNC:10446,RRAD,RRAD,biolink:Gene,https://purl.humanatlas.io/graph/hra-pop
HGNC:10447,RRAS,RRAS,biolink:Gene,https://purl.humanatlas.io/graph/hra-pop
HGNC:10448,RRBP1,RRBP1,biolink:Gene,https://purl.humanatlas.io/graph/hra-pop
HGNC:10449,RREB1,RREB1,biolink:Gene,https://purl.humanatlas.io/graph/hra-pop
HGNC:10452,RRM2,RRM2,biolink:Gene,https://purl.humanatlas.io/graph/hra-pop
HGNC:1046,BHLHE40,BHLHE40,biolink:Gene,https://purl.humanatlas.io/graph/hra-pop
HGNC:10466,RTKN,RTKN,biolink:Gene,https://purl.humanatlas.io/graph/hra-pop
HGNC:10467,RTN1,RTN1,biolink:Gene,https://purl.humanatlas.io/graph/hra-pop
HGNC:10468,RTN2,RTN2,biolink:Gene,https://purl.humanatlas.io/graph/hra-pop
HGNC:10469,RTN3,RTN3,biolink:Gene,https://purl.humanatlas.io/graph/hra-pop
HGNC:1047,BHMT,BHMT,biolink:Gene,https://purl.humanatlas.io/graph/hra-pop
HGNC:10471,RUNX1,RUNX1,biolink:Gene,https://purl.humanatlas.io/graph/hra-pop
HGNC:10472,RUNX2,RUNX2,biolink:Gene,https://purl.humanatlas.io/graph/hra-pop
HGNC:10473,RUNX3,RUNX3,biolink:Gene,https://purl.humanatlas.io/graph/hra-pop
HGNC:10475,RUVBL2,RUVBL2,biolink:Gene,https://purl.humanatlas.io/graph/hra-pop
HGNC:10477,RXRA,RXRA,biolink:Gene,https://purl.humanatlas.io/graph/hra-pop
HGNC:1048,BHMT2,BHMT2,biolink:Gene,https://purl.humanatlas.io/graph/hra-pop
HGNC:10483,RYR1,RYR1,biolink:Gene,https://purl.humanatlas.io/graph/hra-pop
HGNC:10484,RYR2,RYR2,biolink:Gene,https://purl.humanatlas.io/graph/hra-pop
HGNC:10485,RYR3,RYR3,biolink:Gene,https://purl.humanatlas.io/graph/hra-pop
HGNC:10486,S100A1,S100A1,biolink:Gene,https://purl.humanatlas.io/graph/hra-pop
HGNC:10487,S100A10,S100A10,biolink:Gene,https://purl.humanatlas.io/graph/hra-pop
HGNC:10488,S100A11,S100A11,biolink:Gene,https://purl.humanatlas.io/graph/hra-pop
HGNC:10489,S100A12,S100A12,biolink:Gene,https://purl.humanatlas.io/graph/hra-pop
HGNC:1049,BICD1,BICD1,biolink:Gene,https://purl.humanatlas.io/graph/hra-pop
HGNC:10490,S100A13,S100A13,biolink:Gene,https://purl.humanatlas.io/graph/hra-pop
HGNC:10492,S100A2,S100A2,biolink:Gene,https://purl.humanatlas.io/graph/hra-pop
HGNC:10494,S100A4,S100A4,biolink:Gene,https://purl.humanatlas.io/graph/hra-pop
HGNC:10496,S100A6,S100A6,biolink:Gene,https://purl.humanatlas.io/graph/hra-pop
HGNC:10498,S100A8,S100A8,biolink:Gene,https://purl.humanatlas.io/graph/hra-pop
HGNC:10499,S100A9,S100A9,biolink:Gene,https://purl.humanatlas.io/graph/hra-pop
HGNC:105,CNNM4,CNNM4,biolink:Gene,https://purl.humanatlas.io/graph/hra-pop
HGNC:1050,BID,BID,biolink:Gene,https://purl.humanatlas.io/graph/hra-pop
HGNC:10500,S100B,S100B,biolink:Gene,https://purl.humanatlas.io/graph/hra-pop
HGNC:10504,S100P,S100P,biolink:Gene,https://purl.humanatlas.io/graph/hra-pop
HGNC:10514,SAA2,SAA2,biolink:Gene,https://purl.humanatlas.io/graph/hra-pop
HGNC:10518,VPS52,VPS52,biolink:Gene,https://purl.humanatlas.io/graph/hra-pop
HGNC:10519,SACS,SACS,biolink:Gene,https://purl.humanatlas.io/graph/hra-pop
HGNC:1052,BIN1,BIN1,biolink:Gene,https://purl.humanatlas.io/graph/hra-pop
HGNC:10520,SAFB,SAFB,biolink:Gene,https://purl.humanatlas.io/graph/hra-pop
HGNC:10522,ACSM3,ACSM3,biolink:Gene,https://purl.humanatlas.io/graph/hra-pop
HGNC:10524,SALL1,SALL1,biolink:Gene,https://purl.humanatlas.io/graph/hra-pop
HGNC:10527,SALL3,SALL3,biolink:Gene,https://purl.humanatlas.io/graph/hra-pop
HGNC:10528,SAMSN1,SAMSN1,biolink:Gene,https://purl.humanatlas.io/graph/hra-pop
HGNC:1053,BIN2,BIN2,biolink:Gene,https://purl.humanatlas.io/graph/hra-pop
HGNC:10530,SAP18,SAP18,biolink:Gene,https://purl.humanatlas.io/graph/hra-pop
HGNC:10534,SAR1A,SAR1A,biolink:Gene,https://purl.humanatlas.io/graph/hra-pop
HGNC:10538,SART1,SART1,biolink:Gene,https://purl.humanatlas.io/graph/hra-pop
HGNC:1054,BIN3,BIN3,biolink:Gene,https://purl.humanatlas.io/graph/hra-pop
HGNC:10540,SAT1,SAT1,biolink:Gene,https://purl.humanatlas.io/graph/hra-pop
HGNC:10542,SBF1,SBF1,biolink:Gene,https://purl.humanatlas.io/graph/hra-pop
HGNC:10545,MSMO1,MSMO1,biolink:Gene,https://purl.humanatlas.io/graph/hra-pop
HGNC:10548,ATXN1,ATXN1,biolink:Gene,https://purl.humanatlas.io/graph/hra-pop
HGNC:10549,ATXN10,ATXN10,biolink:Gene,https://purl.humanatlas.io/graph/hra-pop
HGNC:1055,BLCAP,BLCAP,biolink:Gene,https://purl.humanatlas.io/graph/hra-pop
HGNC:10555,ATXN2,ATXN2,biolink:Gene,https://purl.humanatlas.io/graph/hra-pop
HGNC:10563,SCAMP1,SCAMP1,biolink:Gene,https://purl.humanatlas.io/graph/hra-pop
HGNC:10566,SCAND1,SCAND1,biolink:Gene,https://purl.humanatlas.io/graph/hra-pop
HGNC:1057,BLK,BLK,biolink:Gene,https://purl.humanatlas.io/graph/hra-pop
HGNC:10570,SERPINB4,SERPINB4,biolink:Gene,https://purl.humanatlas.io/graph/hra-pop
HGNC:10571,SCD,SCD,biolink:Gene,https://purl.humanatlas.io/graph/hra-pop
HGNC:10576,CLEC11A,CLEC11A,biolink:Gene,https://purl.humanatlas.io/graph/hra-pop
HGNC:10583,SCN11A,SCN11A,biolink:Gene,https://purl.humanatlas.io/graph/hra-pop
HGNC:10586,SCN1B,SCN1B,biolink:Gene,https://purl.humanatlas.io/graph/hra-pop
HGNC:10588,SCN2A,SCN2A,biolink:Gene,https://purl.humanatlas.io/graph/hra-pop
HGNC:1059,BLMH,BLMH,biolink:Gene,https://purl.humanatlas.io/graph/hra-pop
HGNC:10590,SCN3A,SCN3A,biolink:Gene,https://purl.humanatlas.io/graph/hra-pop
HGNC:10592,SCN4B,SCN4B,biolink:Gene,https://purl.humanatlas.io/graph/hra-pop
HGNC:10594,SCN7A,SCN7A,biolink:Gene,https://purl.humanatlas.io/graph/hra-pop
HGNC:10597,SCN9A,SCN9A,biolink:Gene,https://purl.humanatlas.io/graph/hra-pop
HGNC:10599,SCNN1A,SCNN1A,biolink:Gene,https://purl.humanatlas.io/graph/hra-pop
HGNC:1060,CXCR5,CXCR5,biolink:Gene,https://purl.humanatlas.io/graph/hra-pop
HGNC:10600,SCNN1B,SCNN1B,biolink:Gene,https://purl.humanatlas.io/graph/hra-pop
HGNC:10602,SCNN1G,SCNN1G,biolink:Gene,https://purl.humanatlas.io/graph/hra-pop
HGNC:10603,SCO1,SCO1,biolink:Gene,https://purl.humanatlas.io/graph/hra-pop
HGNC:10606,SCP2,SCP2,biolink:Gene,https://purl.humanatlas.io/graph/hra-pop
HGNC:10607,SCT,SCT,biolink:Gene,https://purl.humanatlas.io/graph/hra-pop
HGNC:10608,SCTR,SCTR,biolink:Gene,https://purl.humanatlas.io/graph/hra-pop
HGNC:10612,CCL14,CCL14,biolink:Gene,https://purl.humanatlas.io/graph/hra-pop
HGNC:10615,CCL17,CCL17,biolink:Gene,https://purl.humanatlas.io/graph/hra-pop
HGNC:10617,CCL19,CCL19,biolink:Gene,https://purl.humanatlas.io/graph/hra-pop
HGNC:10618,CCL2,CCL2,biolink:Gene,https://purl.humanatlas.io/graph/hra-pop
HGNC:10619,CCL20,CCL20,biolink:Gene,https://purl.humanatlas.io/graph/hra-pop
HGNC:10620,CCL21,CCL21,biolink:Gene,https://purl.humanatlas.io/graph/hra-pop
HGNC:10622,CCL23,CCL23,biolink:Gene,https://purl.humanatlas.io/graph/hra-pop
HGNC:10623,CCL24,CCL24,biolink:Gene,https://purl.humanatlas.io/graph/hra-pop
HGNC:10626,CCL27,CCL27,biolink:Gene,https://purl.humanatlas.io/graph/hra-pop
HGNC:10627,CCL3,CCL3,biolink:Gene,https://purl.humanatlas.io/graph/hra-pop
HGNC:1063,BLVRB,BLVRB,biolink:Gene,https://purl.humanatlas.io/graph/hra-pop
HGNC:10630,CCL4,CCL4,biolink:Gene,https://purl.humanatlas.io/graph/hra-pop
HGNC:10632,CCL5,CCL5,biolink:Gene,https://purl.humanatlas.io/graph/hra-pop
HGNC:10640,CXCL14,CXCL14,biolink:Gene,https://purl.humanatlas.io/graph/hra-pop
HGNC:10647,CX3CL1,CX3CL1,biolink:Gene,https://purl.humanatlas.io/graph/hra-pop
HGNC:10648,AIMP1,AIMP1,biolink:Gene,https://purl.humanatlas.io/graph/hra-pop
HGNC:1065,BLZF1,BLZF1,biolink:Gene,https://purl.humanatlas.io/graph/hra-pop
HGNC:10658,SDC1,SDC1,biolink:Gene,https://purl.humanatlas.io/graph/hra-pop
HGNC:10659,SDC2,SDC2,biolink:Gene,https://purl.humanatlas.io/graph/hra-pop
HGNC:10661,SDC4,SDC4,biolink:Gene,https://purl.humanatlas.io/graph/hra-pop
HGNC:10662,SDCBP,SDCBP,biolink:Gene,https://purl.humanatlas.io/graph/hra-pop
HGNC:10663,NEMF,NEMF,biolink:Gene,https://purl.humanatlas.io/graph/hra-pop
HGNC:10666,STARD10,STARD10,biolink:Gene,https://purl.humanatlas.io/graph/hra-pop
HGNC:10667,ENTR1,ENTR1,biolink:Gene,https://purl.humanatlas.io/graph/hra-pop
HGNC:1067,BMP1,BMP1,biolink:Gene,https://purl.humanatlas.io/graph/hra-pop
HGNC:10671,SDCCAG8,SDCCAG8,biolink:Gene,https://purl.humanatlas.io/graph/hra-pop
HGNC:10672,CXCL12,CXCL12,biolink:Gene,https://purl.humanatlas.io/graph/hra-pop
HGNC:10676,SDF2L1,SDF2L1,biolink:Gene,https://purl.humanatlas.io/graph/hra-pop
HGNC:10680,SDHA,SDHA,biolink:Gene,https://purl.humanatlas.io/graph/hra-pop
HGNC:10681,SDHB,SDHB,biolink:Gene,https://purl.humanatlas.io/graph/hra-pop
HGNC:10682,SDHC,SDHC,biolink:Gene,https://purl.humanatlas.io/graph/hra-pop
HGNC:10683,SDHD,SDHD,biolink:Gene,https://purl.humanatlas.io/graph/hra-pop
HGNC:1069,BMP2,BMP2,biolink:Gene,https://purl.humanatlas.io/graph/hra-pop
HGNC:10690,CAVIN2,CAVIN2,biolink:Gene,https://purl.humanatlas.io/graph/hra-pop
HGNC:10691,SDS,SDS,biolink:Gene,https://purl.humanatlas.io/graph/hra-pop
HGNC:10696,EXOC5,EXOC5,biolink:Gene,https://purl.humanatlas.io/graph/hra-pop
HGNC:10697,SEC13,SEC13,biolink:Gene,https://purl.humanatlas.io/graph/hra-pop
HGNC:10698,SEC14L1,SEC14L1,biolink:Gene,https://purl.humanatlas.io/graph/hra-pop
HGNC:10701,SEC23A,SEC23A,biolink:Gene,https://purl.humanatlas.io/graph/hra-pop
HGNC:10705,SEC24C,SEC24C,biolink:Gene,https://purl.humanatlas.io/graph/hra-pop
HGNC:10706,SEC24D,SEC24D,biolink:Gene,https://purl.humanatlas.io/graph/hra-pop
HGNC:10717,SEL1L,SEL1L,biolink:Gene,https://purl.humanatlas.io/graph/hra-pop
HGNC:10718,SELE,SELE,biolink:Gene,https://purl.humanatlas.io/graph/hra-pop
HGNC:10720,SELL,SELL,biolink:Gene,https://purl.humanatlas.io/graph/hra-pop
HGNC:10722,SELPLG,SELPLG,biolink:Gene,https://purl.humanatlas.io/graph/hra-pop
HGNC:10723,SEMA3A,SEMA3A,biolink:Gene,https://purl.humanatlas.io/graph/hra-pop
HGNC:10724,SEMA3B,SEMA3B,biolink:Gene,https://purl.humanatlas.io/graph/hra-pop
HGNC:10725,SEMA3C,SEMA3C,biolink:Gene,https://purl.humanatlas.io/graph/hra-pop
HGNC:10726,SEMA3D,SEMA3D,biolink:Gene,https://purl.humanatlas.io/graph/hra-pop
HGNC:10728,SEMA3F,SEMA3F,biolink:Gene,https://purl.humanatlas.io/graph/hra-pop
HGNC:10729,SEMA4A,SEMA4A,biolink:Gene,https://purl.humanatlas.io/graph/hra-pop
HGNC:1073,BMP6,BMP6,biolink:Gene,https://purl.humanatlas.io/graph/hra-pop
HGNC:10730,SEMA4B,SEMA4B,biolink:Gene,https://purl.humanatlas.io/graph/hra-pop
HGNC:10732,SEMA4D,SEMA4D,biolink:Gene,https://purl.humanatlas.io/graph/hra-pop
HGNC:10736,SEMA5A,SEMA5A,biolink:Gene,https://purl.humanatlas.io/graph/hra-pop
HGNC:10737,SEMA5B,SEMA5B,biolink:Gene,https://purl.humanatlas.io/graph/hra-pop
HGNC:10738,SEMA6A,SEMA6A,biolink:Gene,https://purl.humanatlas.io/graph/hra-pop
HGNC:10739,SEMA6B,SEMA6B,biolink:Gene,https://purl.humanatlas.io/graph/hra-pop
HGNC:1074,BMP7,BMP7,biolink:Gene,https://purl.humanatlas.io/graph/hra-pop
HGNC:10751,SELENOP,SELENOP,biolink:Gene,https://purl.humanatlas.io/graph/hra-pop
HGNC:10752,SELENOW,SELENOW,biolink:Gene,https://purl.humanatlas.io/graph/hra-pop
HGNC:10757,SERF2,SERF2,biolink:Gene,https://purl.humanatlas.io/graph/hra-pop
HGNC:10759,SERP1,SERP1,biolink:Gene,https://purl.humanatlas.io/graph/hra-pop
HGNC:10760,SET,SET,biolink:Gene,https://purl.humanatlas.io/graph/hra-pop
HGNC:10761,SETDB1,SETDB1,biolink:Gene,https://purl.humanatlas.io/graph/hra-pop
HGNC:10762,SETMAR,SETMAR,biolink:Gene,https://purl.humanatlas.io/graph/hra-pop
HGNC:10766,SF3A2,SF3A2,biolink:Gene,https://purl.humanatlas.io/graph/hra-pop
HGNC:10767,SF3A3,SF3A3,biolink:Gene,https://purl.humanatlas.io/graph/hra-pop
HGNC:10768,SF3B1,SF3B1,biolink:Gene,https://purl.humanatlas.io/graph/hra-pop
HGNC:10769,SF3B2,SF3B2,biolink:Gene,https://purl.humanatlas.io/graph/hra-pop
HGNC:1077,BMPR1B,BMPR1B,biolink:Gene,https://purl.humanatlas.io/graph/hra-pop
HGNC:10774,SFPQ,SFPQ,biolink:Gene,https://purl.humanatlas.io/graph/hra-pop
HGNC:10776,SFRP1,SFRP1,biolink:Gene,https://purl.humanatlas.io/graph/hra-pop
HGNC:10777,SFRP2,SFRP2,biolink:Gene,https://purl.humanatlas.io/graph/hra-pop
HGNC:10778,SFRP4,SFRP4,biolink:Gene,https://purl.humanatlas.io/graph/hra-pop
HGNC:1078,BMPR2,BMPR2,biolink:Gene,https://purl.humanatlas.io/graph/hra-pop
HGNC:10780,SRSF1,SRSF1,biolink:Gene,https://purl.humanatlas.io/graph/hra-pop
HGNC:10782,SRSF11,SRSF11,biolink:Gene,https://purl.humanatlas.io/graph/hra-pop
HGNC:10783,SRSF2,SRSF2,biolink:Gene,https://purl.humanatlas.io/graph/hra-pop
HGNC:10784,SCAF11,SCAF11,biolink:Gene,https://purl.humanatlas.io/graph/hra-pop
HGNC:10785,SRSF3,SRSF3,biolink:Gene,https://purl.humanatlas.io/graph/hra-pop
HGNC:10786,SRSF4,SRSF4,biolink:Gene,https://purl.humanatlas.io/graph/hra-pop
HGNC:10787,SRSF5,SRSF5,biolink:Gene,https://purl.humanatlas.io/graph/hra-pop
HGNC:10788,SRSF6,SRSF6,biolink:Gene,https://purl.humanatlas.io/graph/hra-pop
HGNC:10789,SRSF7,SRSF7,biolink:Gene,https://purl.humanatlas.io/graph/hra-pop
HGNC:10791,SRSF9,SRSF9,biolink:Gene,https://purl.humanatlas.io/graph/hra-pop
HGNC:108,ACHE,ACHE,biolink:Gene,https://purl.humanatlas.io/graph/hra-pop
HGNC:10801,SFTPB,SFTPB,biolink:Gene,https://purl.humanatlas.io/graph/hra-pop
HGNC:10806,SGCB,SGCB,biolink:Gene,https://purl.humanatlas.io/graph/hra-pop
HGNC:10807,SGCD,SGCD,biolink:Gene,https://purl.humanatlas.io/graph/hra-pop
HGNC:10808,SGCE,SGCE,biolink:Gene,https://purl.humanatlas.io/graph/hra-pop
HGNC:10810,SGK1,SGK1,biolink:Gene,https://purl.humanatlas.io/graph/hra-pop
HGNC:10812,SGK3,SGK3,biolink:Gene,https://purl.humanatlas.io/graph/hra-pop
HGNC:10820,SH2D1A,SH2D1A,biolink:Gene,https://purl.humanatlas.io/graph/hra-pop
HGNC:10823,SH3BGRL,SH3BGRL,biolink:Gene,https://purl.humanatlas.io/graph/hra-pop
HGNC:10824,SH3BP1,SH3BP1,biolink:Gene,https://purl.humanatlas.io/graph/hra-pop
HGNC:10825,SH3BP2,SH3BP2,biolink:Gene,https://purl.humanatlas.io/graph/hra-pop
HGNC:10826,SH3BP4,SH3BP4,biolink:Gene,https://purl.humanatlas.io/graph/hra-pop
HGNC:10827,SH3BP5,SH3BP5,biolink:Gene,https://purl.humanatlas.io/graph/hra-pop
HGNC:1083,BNIP2,BNIP2,biolink:Gene,https://purl.humanatlas.io/graph/hra-pop
HGNC:10830,SH3GL1,SH3GL1,biolink:Gene,https://purl.humanatlas.io/graph/hra-pop
HGNC:10832,SH3GL3,SH3GL3,biolink:Gene,https://purl.humanatlas.io/graph/hra-pop
HGNC:10833,SH3GLB1,SH3GLB1,biolink:Gene,https://purl.humanatlas.io/graph/hra-pop
HGNC:10838,SHB,SHB,biolink:Gene,https://purl.humanatlas.io/graph/hra-pop
HGNC:1084,BNIP3,BNIP3,biolink:Gene,https://purl.humanatlas.io/graph/hra-pop
HGNC:10840,SHC1,SHC1,biolink:Gene,https://purl.humanatlas.io/graph/hra-pop
HGNC:10845,SEM1,SEM1,biolink:Gene,https://purl.humanatlas.io/graph/hra-pop
HGNC:1085,BNIP3L,BNIP3L,biolink:Gene,https://purl.humanatlas.io/graph/hra-pop
HGNC:10850,SHMT1,SHMT1,biolink:Gene,https://purl.humanatlas.io/graph/hra-pop
HGNC:10856,SI,SI,biolink:Gene,https://purl.humanatlas.io/graph/hra-pop
HGNC:10858,SIAH2,SIAH2,biolink:Gene,https://purl.humanatlas.io/graph/hra-pop
HGNC:10860,ST6GAL1,ST6GAL1,biolink:Gene,https://purl.humanatlas.io/graph/hra-pop
HGNC:10862,ST3GAL1,ST3GAL1,biolink:Gene,https://purl.humanatlas.io/graph/hra-pop
HGNC:10866,ST3GAL3,ST3GAL3,biolink:Gene,https://purl.humanatlas.io/graph/hra-pop
HGNC:10869,ST8SIA1,ST8SIA1,biolink:Gene,https://purl.humanatlas.io/graph/hra-pop
HGNC:1087,BOK,BOK,biolink:Gene,https://purl.humanatlas.io/graph/hra-pop
HGNC:10871,ST8SIA4,ST8SIA4,biolink:Gene,https://purl.humanatlas.io/graph/hra-pop
HGNC:10872,ST3GAL5,ST3GAL5,biolink:Gene,https://purl.humanatlas.io/graph/hra-pop
HGNC:10874,SIGLEC5,SIGLEC5,biolink:Gene,https://purl.humanatlas.io/graph/hra-pop
HGNC:10875,SIGLEC6,SIGLEC6,biolink:Gene,https://purl.humanatlas.io/graph/hra-pop
HGNC:10879,STIL,STIL,biolink:Gene,https://purl.humanatlas.io/graph/hra-pop
HGNC:10882,SIM1,SIM1,biolink:Gene,https://purl.humanatlas.io/graph/hra-pop
HGNC:10883,SIM2,SIM2,biolink:Gene,https://purl.humanatlas.io/graph/hra-pop
HGNC:10885,SIPA1,SIPA1,biolink:Gene,https://purl.humanatlas.io/graph/hra-pop
HGNC:10896,SKI,SKI,biolink:Gene,https://purl.humanatlas.io/graph/hra-pop
HGNC:10897,SKIL,SKIL,biolink:Gene,https://purl.humanatlas.io/graph/hra-pop
HGNC:10899,SKP1,SKP1,biolink:Gene,https://purl.humanatlas.io/graph/hra-pop
HGNC:1090,DST,DST,biolink:Gene,https://purl.humanatlas.io/graph/hra-pop
HGNC:10902,SLA,SLA,biolink:Gene,https://purl.humanatlas.io/graph/hra-pop
HGNC:10903,SLAMF1,SLAMF1,biolink:Gene,https://purl.humanatlas.io/graph/hra-pop
HGNC:10904,SLBP,SLBP,biolink:Gene,https://purl.humanatlas.io/graph/hra-pop
HGNC:10907,SLC11A1,SLC11A1,biolink:Gene,https://purl.humanatlas.io/graph/hra-pop
HGNC:10909,SLC40A1,SLC40A1,biolink:Gene,https://purl.humanatlas.io/graph/hra-pop
HGNC:10910,SLC12A1,SLC12A1,biolink:Gene,https://purl.humanatlas.io/graph/hra-pop
HGNC:10911,SLC12A2,SLC12A2,biolink:Gene,https://purl.humanatlas.io/graph/hra-pop
HGNC:10912,SLC12A3,SLC12A3,biolink:Gene,https://purl.humanatlas.io/graph/hra-pop
HGNC:10914,SLC12A6,SLC12A6,biolink:Gene,https://purl.humanatlas.io/graph/hra-pop
HGNC:10916,SLC13A1,SLC13A1,biolink:Gene,https://purl.humanatlas.io/graph/hra-pop
HGNC:10917,SLC13A2,SLC13A2,biolink:Gene,https://purl.humanatlas.io/graph/hra-pop
HGNC:10918,SLC14A1,SLC14A1,biolink:Gene,https://purl.humanatlas.io/graph/hra-pop
HGNC:10919,SLC14A2,SLC14A2,biolink:Gene,https://purl.humanatlas.io/graph/hra-pop
HGNC:10924,SLC16A3,SLC16A3,biolink:Gene,https://purl.humanatlas.io/graph/hra-pop
HGNC:10925,SLC16A4,SLC16A4,biolink:Gene,https://purl.humanatlas.io/graph/hra-pop
HGNC:10926,SLC16A5,SLC16A5,biolink:Gene,https://purl.humanatlas.io/graph/hra-pop
HGNC:10928,SLC16A7,SLC16A7,biolink:Gene,https://purl.humanatlas.io/graph/hra-pop
HGNC:10929,SLC17A1,SLC17A1,biolink:Gene,https://purl.humanatlas.io/graph/hra-pop
HGNC:10931,SLC17A3,SLC17A3,biolink:Gene,https://purl.humanatlas.io/graph/hra-pop
HGNC:10933,SLC17A5,SLC17A5,biolink:Gene,https://purl.humanatlas.io/graph/hra-pop
HGNC:10935,SLC18A2,SLC18A2,biolink:Gene,https://purl.humanatlas.io/graph/hra-pop
HGNC:10939,SLC1A1,SLC1A1,biolink:Gene,https://purl.humanatlas.io/graph/hra-pop
HGNC:1094,BPHL,BPHL,biolink:Gene,https://purl.humanatlas.io/graph/hra-pop
HGNC:10941,SLC1A3,SLC1A3,biolink:Gene,https://purl.humanatlas.io/graph/hra-pop
HGNC:10943,SLC1A5,SLC1A5,biolink:Gene,https://purl.humanatlas.io/graph/hra-pop
HGNC:10946,SLC20A1,SLC20A1,biolink:Gene,https://purl.humanatlas.io/graph/hra-pop
HGNC:1095,BPI,BPI,biolink:Gene,https://purl.humanatlas.io/graph/hra-pop
HGNC:10952,SLCO3A1,SLCO3A1,biolink:Gene,https://purl.humanatlas.io/graph/hra-pop
HGNC:10953,SLCO4A1,SLCO4A1,biolink:Gene,https://purl.humanatlas.io/graph/hra-pop
HGNC:10955,SLCO2A1,SLCO2A1,biolink:Gene,https://purl.humanatlas.io/graph/hra-pop
HGNC:10956,SLCO1A2,SLCO1A2,biolink:Gene,https://purl.humanatlas.io/graph/hra-pop
HGNC:10962,SLCO2B1,SLCO2B1,biolink:Gene,https://purl.humanatlas.io/graph/hra-pop
HGNC:10966,SLC22A2,SLC22A2,biolink:Gene,https://purl.humanatlas.io/graph/hra-pop
HGNC:10968,SLC22A4,SLC22A4,biolink:Gene,https://purl.humanatlas.io/graph/hra-pop
HGNC:10969,SLC22A5,SLC22A5,biolink:Gene,https://purl.humanatlas.io/graph/hra-pop
HGNC:1097,BRAF,BRAF,biolink:Gene,https://purl.humanatlas.io/graph/hra-pop
HGNC:10970,SLC22A6,SLC22A6,biolink:Gene,https://purl.humanatlas.io/graph/hra-pop
HGNC:10971,SLC22A7,SLC22A7,biolink:Gene,https://purl.humanatlas.io/graph/hra-pop
HGNC:10972,SLC22A8,SLC22A8,biolink:Gene,https://purl.humanatlas.io/graph/hra-pop
HGNC:10973,SLC23A2,SLC23A2,biolink:Gene,https://purl.humanatlas.io/graph/hra-pop
HGNC:10977,SLC24A3,SLC24A3,biolink:Gene,https://purl.humanatlas.io/graph/hra-pop
HGNC:10978,SLC24A4,SLC24A4,biolink:Gene,https://purl.humanatlas.io/graph/hra-pop
HGNC:10979,SLC25A1,SLC25A1,biolink:Gene,https://purl.humanatlas.io/graph/hra-pop
HGNC:10980,SLC25A10,SLC25A10,biolink:Gene,https://purl.humanatlas.io/graph/hra-pop
HGNC:10981,SLC25A11,SLC25A11,biolink:Gene,https://purl.humanatlas.io/graph/hra-pop
HGNC:10983,SLC25A13,SLC25A13,biolink:Gene,https://purl.humanatlas.io/graph/hra-pop
HGNC:10988,SLC25A18,SLC25A18,biolink:Gene,https://purl.humanatlas.io/graph/hra-pop
HGNC:10989,SLC25A3,SLC25A3,biolink:Gene,https://purl.humanatlas.io/graph/hra-pop
HGNC:10991,SLC25A5,SLC25A5,biolink:Gene,https://purl.humanatlas.io/graph/hra-pop
HGNC:10992,SLC25A6,SLC25A6,biolink:Gene,https://purl.humanatlas.io/graph/hra-pop
HGNC:10994,SLC26A2,SLC26A2,biolink:Gene,https://purl.humanatlas.io/graph/hra-pop
HGNC:10996,SLC27A2,SLC27A2,biolink:Gene,https://purl.humanatlas.io/graph/hra-pop
HGNC:10997,SLC27A3,SLC27A3,biolink:Gene,https://purl.humanatlas.io/graph/hra-pop
HGNC:10998,SLC27A4,SLC27A4,biolink:Gene,https://purl.humanatlas.io/graph/hra-pop
HGNC:11001,SLC28A1,SLC28A1,biolink:Gene,https://purl.humanatlas.io/graph/hra-pop
HGNC:11007,SLC2A3,SLC2A3,biolink:Gene,https://purl.humanatlas.io/graph/hra-pop
HGNC:1101,BRCA2,BRCA2,biolink:Gene,https://purl.humanatlas.io/graph/hra-pop
HGNC:11013,SLC30A2,SLC30A2,biolink:Gene,https://purl.humanatlas.io/graph/hra-pop
HGNC:11017,SLC31A2,SLC31A2,biolink:Gene,https://purl.humanatlas.io/graph/hra-pop
HGNC:11019,SLC34A1,SLC34A1,biolink:Gene,https://purl.humanatlas.io/graph/hra-pop
HGNC:11020,SLC34A2,SLC34A2,biolink:Gene,https://purl.humanatlas.io/graph/hra-pop
HGNC:11023,SLC35A3,SLC35A3,biolink:Gene,https://purl.humanatlas.io/graph/hra-pop
HGNC:11025,SLC3A1,SLC3A1,biolink:Gene,https://purl.humanatlas.io/graph/hra-pop
HGNC:11026,SLC3A2,SLC3A2,biolink:Gene,https://purl.humanatlas.io/graph/hra-pop
HGNC:11027,SLC4A1,SLC4A1,biolink:Gene,https://purl.humanatlas.io/graph/hra-pop
HGNC:11028,SLC4A2,SLC4A2,biolink:Gene,https://purl.humanatlas.io/graph/hra-pop
HGNC:1103,BRD2,BRD2,biolink:Gene,https://purl.humanatlas.io/graph/hra-pop
HGNC:11030,SLC4A4,SLC4A4,biolink:Gene,https://purl.humanatlas.io/graph/hra-pop
HGNC:11033,SLC4A7,SLC4A7,biolink:Gene,https://purl.humanatlas.io/graph/hra-pop
HGNC:11035,SLC4A9,SLC4A9,biolink:Gene,https://purl.humanatlas.io/graph/hra-pop
HGNC:11037,SLC5A2,SLC5A2,biolink:Gene,https://purl.humanatlas.io/graph/hra-pop
HGNC:11038,SLC5A3,SLC5A3,biolink:Gene,https://purl.humanatlas.io/graph/hra-pop
HGNC:11039,SLC5A4,SLC5A4,biolink:Gene,https://purl.humanatlas.io/graph/hra-pop
HGNC:1104,BRD3,BRD3,biolink:Gene,https://purl.humanatlas.io/graph/hra-pop
HGNC:11045,SLC6A12,SLC6A12,biolink:Gene,https://purl.humanatlas.io/graph/hra-pop
HGNC:11046,SLC6A13,SLC6A13,biolink:Gene,https://purl.humanatlas.io/graph/hra-pop
HGNC:11050,SLC6A4,SLC6A4,biolink:Gene,https://purl.humanatlas.io/graph/hra-pop
HGNC:11052,SLC6A6,SLC6A6,biolink:Gene,https://purl.humanatlas.io/graph/hra-pop
HGNC:11056,SLC6A9,SLC6A9,biolink:Gene,https://purl.humanatlas.io/graph/hra-pop
HGNC:11057,SLC7A1,SLC7A1,biolink:Gene,https://purl.humanatlas.io/graph/hra-pop
HGNC:1106,BABAM2,BABAM2,biolink:Gene,https://purl.humanatlas.io/graph/hra-pop
HGNC:11060,SLC7A2,SLC7A2,biolink:Gene,https://purl.humanatlas.io/graph/hra-pop
HGNC:11063,SLC7A5,SLC7A5,biolink:Gene,https://purl.humanatlas.io/graph/hra-pop
HGNC:11065,SLC7A7,SLC7A7,biolink:Gene,https://purl.humanatlas.io/graph/hra-pop
HGNC:11066,SLC7A8,SLC7A8,biolink:Gene,https://purl.humanatlas.io/graph/hra-pop
HGNC:11068,SLC8A1,SLC8A1,biolink:Gene,https://purl.humanatlas.io/graph/hra-pop
HGNC:1107,ZFP36L1,ZFP36L1,biolink:Gene,https://purl.humanatlas.io/graph/hra-pop
HGNC:11070,SLC8A3,SLC8A3,biolink:Gene,https://purl.humanatlas.io/graph/hra-pop
HGNC:11073,SLC9A3,SLC9A3,biolink:Gene,https://purl.humanatlas.io/graph/hra-pop
HGNC:11076,NHERF2,NHERF2,biolink:Gene,https://purl.humanatlas.io/graph/hra-pop
HGNC:11077,SLC9A4,SLC9A4,biolink:Gene,https://purl.humanatlas.io/graph/hra-pop
HGNC:1108,ZFP36L2,ZFP36L2,biolink:Gene,https://purl.humanatlas.io/graph/hra-pop
HGNC:11086,SLIT2,SLIT2,biolink:Gene,https://purl.humanatlas.io/graph/hra-pop
HGNC:11087,SLIT3,SLIT3,biolink:Gene,https://purl.humanatlas.io/graph/hra-pop
HGNC:11088,SLK,SLK,biolink:Gene,https://purl.humanatlas.io/graph/hra-pop
HGNC:1109,BRI3,BRI3,biolink:Gene,https://purl.humanatlas.io/graph/hra-pop
HGNC:11092,SLPI,SLPI,biolink:Gene,https://purl.humanatlas.io/graph/hra-pop
HGNC:11097,SMARCA1,SMARCA1,biolink:Gene,https://purl.humanatlas.io/graph/hra-pop
HGNC:11098,SMARCA2,SMARCA2,biolink:Gene,https://purl.humanatlas.io/graph/hra-pop
HGNC:11099,HLTF,HLTF,biolink:Gene,https://purl.humanatlas.io/graph/hra-pop
HGNC:11100,SMARCA4,SMARCA4,biolink:Gene,https://purl.humanatlas.io/graph/hra-pop
HGNC:11102,SMARCAL1,SMARCAL1,biolink:Gene,https://purl.humanatlas.io/graph/hra-pop
HGNC:11104,SMARCC1,SMARCC1,biolink:Gene,https://purl.humanatlas.io/graph/hra-pop
HGNC:11105,SMARCC2,SMARCC2,biolink:Gene,https://purl.humanatlas.io/graph/hra-pop
HGNC:11106,SMARCD1,SMARCD1,biolink:Gene,https://purl.humanatlas.io/graph/hra-pop
HGNC:11108,SMARCD3,SMARCD3,biolink:Gene,https://purl.humanatlas.io/graph/hra-pop
HGNC:11109,SMARCE1,SMARCE1,biolink:Gene,https://purl.humanatlas.io/graph/hra-pop
HGNC:11110,ARID1A,ARID1A,biolink:Gene,https://purl.humanatlas.io/graph/hra-pop
HGNC:11111,SMC1A,SMC1A,biolink:Gene,https://purl.humanatlas.io/graph/hra-pop
HGNC:11115,KDM5D,KDM5D,biolink:Gene,https://purl.humanatlas.io/graph/hra-pop
HGNC:11117,SMN1,SMN1,biolink:Gene,https://purl.humanatlas.io/graph/hra-pop
HGNC:11120,SMPD1,SMPD1,biolink:Gene,https://purl.humanatlas.io/graph/hra-pop
HGNC:11123,SMS,SMS,biolink:Gene,https://purl.humanatlas.io/graph/hra-pop
HGNC:11125,SUMO2,SUMO2,biolink:Gene,https://purl.humanatlas.io/graph/hra-pop
HGNC:11126,SMTN,SMTN,biolink:Gene,https://purl.humanatlas.io/graph/hra-pop
HGNC:11127,SIGLEC1,SIGLEC1,biolink:Gene,https://purl.humanatlas.io/graph/hra-pop
HGNC:11128,SNAI1,SNAI1,biolink:Gene,https://purl.humanatlas.io/graph/hra-pop
HGNC:11133,SNAP29,SNAP29,biolink:Gene,https://purl.humanatlas.io/graph/hra-pop
HGNC:11136,SNAPC3,SNAPC3,biolink:Gene,https://purl.humanatlas.io/graph/hra-pop
HGNC:11138,SNCA,SNCA,biolink:Gene,https://purl.humanatlas.io/graph/hra-pop
HGNC:11139,SNCAIP,SNCAIP,biolink:Gene,https://purl.humanatlas.io/graph/hra-pop
HGNC:11141,SNCG,SNCG,biolink:Gene,https://purl.humanatlas.io/graph/hra-pop
HGNC:11142,SIK1,SIK1,biolink:Gene,https://purl.humanatlas.io/graph/hra-pop
HGNC:11148,FSCN1,FSCN1,biolink:Gene,https://purl.humanatlas.io/graph/hra-pop
HGNC:11149,SNN,SNN,biolink:Gene,https://purl.humanatlas.io/graph/hra-pop
HGNC:11150,SNRNP70,SNRNP70,biolink:Gene,https://purl.humanatlas.io/graph/hra-pop
HGNC:11152,SNRPA1,SNRPA1,biolink:Gene,https://purl.humanatlas.io/graph/hra-pop
HGNC:11153,SNRPB,SNRPB,biolink:Gene,https://purl.humanatlas.io/graph/hra-pop
HGNC:11157,SNRPC,SNRPC,biolink:Gene,https://purl.humanatlas.io/graph/hra-pop
HGNC:11158,SNRPD1,SNRPD1,biolink:Gene,https://purl.humanatlas.io/graph/hra-pop
HGNC:11159,SNRPD2,SNRPD2,biolink:Gene,https://purl.humanatlas.io/graph/hra-pop
HGNC:1116,BSG,BSG,biolink:Gene,https://purl.humanatlas.io/graph/hra-pop
HGNC:11160,SNRPD3,SNRPD3,biolink:Gene,https://purl.humanatlas.io/graph/hra-pop
HGNC:11161,SNRPE,SNRPE,biolink:Gene,https://purl.humanatlas.io/graph/hra-pop
HGNC:11162,SNRPF,SNRPF,biolink:Gene,https://purl.humanatlas.io/graph/hra-pop
HGNC:11163,SNRPG,SNRPG,biolink:Gene,https://purl.humanatlas.io/graph/hra-pop
HGNC:11164,SNRPN,SNRPN,biolink:Gene,https://purl.humanatlas.io/graph/hra-pop
HGNC:11168,SNTB1,SNTB1,biolink:Gene,https://purl.humanatlas.io/graph/hra-pop
HGNC:11169,SNTB2,SNTB2,biolink:Gene,https://purl.humanatlas.io/graph/hra-pop
HGNC:11171,SNURF,SNURF,biolink:Gene,https://purl.humanatlas.io/graph/hra-pop
HGNC:11172,SNX1,SNX1,biolink:Gene,https://purl.humanatlas.io/graph/hra-pop
HGNC:11173,SNX2,SNX2,biolink:Gene,https://purl.humanatlas.io/graph/hra-pop
HGNC:11174,SNX3,SNX3,biolink:Gene,https://purl.humanatlas.io/graph/hra-pop
HGNC:11175,SNX4,SNX4,biolink:Gene,https://purl.humanatlas.io/graph/hra-pop
HGNC:11177,SOAT1,SOAT1,biolink:Gene,https://purl.humanatlas.io/graph/hra-pop
HGNC:11179,SOD1,SOD1,biolink:Gene,https://purl.humanatlas.io/graph/hra-pop
HGNC:11180,SOD2,SOD2,biolink:Gene,https://purl.humanatlas.io/graph/hra-pop
HGNC:11181,SOD3,SOD3,biolink:Gene,https://purl.humanatlas.io/graph/hra-pop
HGNC:11183,SON,SON,biolink:Gene,https://purl.humanatlas.io/graph/hra-pop
HGNC:11184,SORD,SORD,biolink:Gene,https://purl.humanatlas.io/graph/hra-pop
HGNC:11185,SORL1,SORL1,biolink:Gene,https://purl.humanatlas.io/graph/hra-pop
HGNC:11186,SORT1,SORT1,biolink:Gene,https://purl.humanatlas.io/graph/hra-pop
HGNC:11187,SOS1,SOS1,biolink:Gene,https://purl.humanatlas.io/graph/hra-pop
HGNC:11188,SOS2,SOS2,biolink:Gene,https://purl.humanatlas.io/graph/hra-pop
HGNC:1119,BST2,BST2,biolink:Gene,https://purl.humanatlas.io/graph/hra-pop
HGNC:11190,SOX10,SOX10,biolink:Gene,https://purl.humanatlas.io/graph/hra-pop
HGNC:11192,SOX13,SOX13,biolink:Gene,https://purl.humanatlas.io/graph/hra-pop
HGNC:11194,SOX18,SOX18,biolink:Gene,https://purl.humanatlas.io/graph/hra-pop
HGNC:1120,BTBD1,BTBD1,biolink:Gene,https://purl.humanatlas.io/graph/hra-pop
HGNC:11200,SOX4,SOX4,biolink:Gene,https://purl.humanatlas.io/graph/hra-pop
HGNC:11201,SOX5,SOX5,biolink:Gene,https://purl.humanatlas.io/graph/hra-pop
HGNC:11204,SOX9,SOX9,biolink:Gene,https://purl.humanatlas.io/graph/hra-pop
HGNC:11206,SP100,SP100,biolink:Gene,https://purl.humanatlas.io/graph/hra-pop
HGNC:11208,SP3,SP3,biolink:Gene,https://purl.humanatlas.io/graph/hra-pop
HGNC:11209,SP4,SP4,biolink:Gene,https://purl.humanatlas.io/graph/hra-pop
HGNC:1121,BTC,BTC,biolink:Gene,https://purl.humanatlas.io/graph/hra-pop
HGNC:11212,SPAG1,SPAG1,biolink:Gene,https://purl.humanatlas.io/graph/hra-pop
HGNC:11219,SPARC,SPARC,biolink:Gene,https://purl.humanatlas.io/graph/hra-pop
HGNC:1122,BTD,BTD,biolink:Gene,https://purl.humanatlas.io/graph/hra-pop
HGNC:11220,SPARCL1,SPARCL1,biolink:Gene,https://purl.humanatlas.io/graph/hra-pop
HGNC:11226,SPG11,SPG11,biolink:Gene,https://purl.humanatlas.io/graph/hra-pop
HGNC:1123,KLF9,KLF9,biolink:Gene,https://purl.humanatlas.io/graph/hra-pop
HGNC:11231,ATL1,ATL1,biolink:Gene,https://purl.humanatlas.io/graph/hra-pop
HGNC:11237,SPG7,SPG7,biolink:Gene,https://purl.humanatlas.io/graph/hra-pop
HGNC:11241,SPI1,SPI1,biolink:Gene,https://purl.humanatlas.io/graph/hra-pop
HGNC:11242,SPIB,SPIB,biolink:Gene,https://purl.humanatlas.io/graph/hra-pop
HGNC:11243,SPIN1,SPIN1,biolink:Gene,https://purl.humanatlas.io/graph/hra-pop
HGNC:11244,SPINK1,SPINK1,biolink:Gene,https://purl.humanatlas.io/graph/hra-pop
HGNC:11246,SPINT1,SPINT1,biolink:Gene,https://purl.humanatlas.io/graph/hra-pop
HGNC:11247,SPINT2,SPINT2,biolink:Gene,https://purl.humanatlas.io/graph/hra-pop
HGNC:11249,SPN,SPN,biolink:Gene,https://purl.humanatlas.io/graph/hra-pop
HGNC:1125,BTF3,BTF3,biolink:Gene,https://purl.humanatlas.io/graph/hra-pop
HGNC:11251,SPOCK1,SPOCK1,biolink:Gene,https://purl.humanatlas.io/graph/hra-pop
HGNC:11252,SPON1,SPON1,biolink:Gene,https://purl.humanatlas.io/graph/hra-pop
HGNC:11253,SPON2,SPON2,biolink:Gene,https://purl.humanatlas.io/graph/hra-pop
HGNC:11254,SPOP,SPOP,biolink:Gene,https://purl.humanatlas.io/graph/hra-pop
HGNC:11255,SPP1,SPP1,biolink:Gene,https://purl.humanatlas.io/graph/hra-pop
HGNC:11269,SPRY1,SPRY1,biolink:Gene,https://purl.humanatlas.io/graph/hra-pop
HGNC:11270,SPRY2,SPRY2,biolink:Gene,https://purl.humanatlas.io/graph/hra-pop
HGNC:11272,SPTA1,SPTA1,biolink:Gene,https://purl.humanatlas.io/graph/hra-pop
HGNC:11274,SPTB,SPTB,biolink:Gene,https://purl.humanatlas.io/graph/hra-pop
HGNC:11275,SPTBN1,SPTBN1,biolink:Gene,https://purl.humanatlas.io/graph/hra-pop
HGNC:11276,SPTBN2,SPTBN2,biolink:Gene,https://purl.humanatlas.io/graph/hra-pop
HGNC:11278,SPTLC2,SPTLC2,biolink:Gene,https://purl.humanatlas.io/graph/hra-pop
HGNC:11280,SQSTM1,SQSTM1,biolink:Gene,https://purl.humanatlas.io/graph/hra-pop
HGNC:11283,SRC,SRC,biolink:Gene,https://purl.humanatlas.io/graph/hra-pop
HGNC:11284,SRD5A1,SRD5A1,biolink:Gene,https://purl.humanatlas.io/graph/hra-pop
HGNC:11292,SRI,SRI,biolink:Gene,https://purl.humanatlas.io/graph/hra-pop
HGNC:11299,SRP14,SRP14,biolink:Gene,https://purl.humanatlas.io/graph/hra-pop
HGNC:1130,BTG1,BTG1,biolink:Gene,https://purl.humanatlas.io/graph/hra-pop
HGNC:11300,SRP19,SRP19,biolink:Gene,https://purl.humanatlas.io/graph/hra-pop
HGNC:11301,SRP54,SRP54,biolink:Gene,https://purl.humanatlas.io/graph/hra-pop
HGNC:11302,SRP68,SRP68,biolink:Gene,https://purl.humanatlas.io/graph/hra-pop
HGNC:11304,SRP9,SRP9,biolink:Gene,https://purl.humanatlas.io/graph/hra-pop
HGNC:11305,SRPK1,SRPK1,biolink:Gene,https://purl.humanatlas.io/graph/hra-pop
HGNC:11306,SRPK2,SRPK2,biolink:Gene,https://purl.humanatlas.io/graph/hra-pop
HGNC:11309,SRPX,SRPX,biolink:Gene,https://purl.humanatlas.io/graph/hra-pop
HGNC:1131,BTG2,BTG2,biolink:Gene,https://purl.humanatlas.io/graph/hra-pop
HGNC:11313,RO60,RO60,biolink:Gene,https://purl.humanatlas.io/graph/hra-pop
HGNC:11316,SSB,SSB,biolink:Gene,https://purl.humanatlas.io/graph/hra-pop
HGNC:11317,SSBP1,SSBP1,biolink:Gene,https://purl.humanatlas.io/graph/hra-pop
HGNC:11319,ITPRID2,ITPRID2,biolink:Gene,https://purl.humanatlas.io/graph/hra-pop
HGNC:11322,SSPN,SSPN,biolink:Gene,https://purl.humanatlas.io/graph/hra-pop
HGNC:11323,SSR1,SSR1,biolink:Gene,https://purl.humanatlas.io/graph/hra-pop
HGNC:11324,SSR2,SSR2,biolink:Gene,https://purl.humanatlas.io/graph/hra-pop
HGNC:11326,SSR4,SSR4,biolink:Gene,https://purl.humanatlas.io/graph/hra-pop
HGNC:11327,SSRP1,SSRP1,biolink:Gene,https://purl.humanatlas.io/graph/hra-pop
HGNC:11328,ZNRD2,ZNRD2,biolink:Gene,https://purl.humanatlas.io/graph/hra-pop
HGNC:1133,BTK,BTK,biolink:Gene,https://purl.humanatlas.io/graph/hra-pop
HGNC:11340,SS18,SS18,biolink:Gene,https://purl.humanatlas.io/graph/hra-pop
HGNC:11343,ST13,ST13,biolink:Gene,https://purl.humanatlas.io/graph/hra-pop
HGNC:11344,ST14,ST14,biolink:Gene,https://purl.humanatlas.io/graph/hra-pop
HGNC:11345,RECK,RECK,biolink:Gene,https://purl.humanatlas.io/graph/hra-pop
HGNC:11350,DENND2B,DENND2B,biolink:Gene,https://purl.humanatlas.io/graph/hra-pop
HGNC:11353,STAC,STAC,biolink:Gene,https://purl.humanatlas.io/graph/hra-pop
HGNC:11354,STAG1,STAG1,biolink:Gene,https://purl.humanatlas.io/graph/hra-pop
HGNC:11355,STAG2,STAG2,biolink:Gene,https://purl.humanatlas.io/graph/hra-pop
HGNC:11357,STAM,STAM,biolink:Gene,https://purl.humanatlas.io/graph/hra-pop
HGNC:11358,STAM2,STAM2,biolink:Gene,https://purl.humanatlas.io/graph/hra-pop
HGNC:11359,STAR,STAR,biolink:Gene,https://purl.humanatlas.io/graph/hra-pop
HGNC:1136,BTN2A1,BTN2A1,biolink:Gene,https://purl.humanatlas.io/graph/hra-pop
HGNC:11362,STAT1,STAT1,biolink:Gene,https://purl.humanatlas.io/graph/hra-pop
HGNC:11363,STAT2,STAT2,biolink:Gene,https://purl.humanatlas.io/graph/hra-pop
HGNC:11364,STAT3,STAT3,biolink:Gene,https://purl.humanatlas.io/graph/hra-pop
HGNC:11365,STAT4,STAT4,biolink:Gene,https://purl.humanatlas.io/graph/hra-pop
HGNC:11366,STAT5A,STAT5A,biolink:Gene,https://purl.humanatlas.io/graph/hra-pop
HGNC:11368,STAT6,STAT6,biolink:Gene,https://purl.humanatlas.io/graph/hra-pop
HGNC:1137,BTN2A2,BTN2A2,biolink:Gene,https://purl.humanatlas.io/graph/hra-pop
HGNC:11370,STAU1,STAU1,biolink:Gene,https://purl.humanatlas.io/graph/hra-pop
HGNC:11371,STAU2,STAU2,biolink:Gene,https://purl.humanatlas.io/graph/hra-pop
HGNC:11373,STC1,STC1,biolink:Gene,https://purl.humanatlas.io/graph/hra-pop
HGNC:11374,STC2,STC2,biolink:Gene,https://purl.humanatlas.io/graph/hra-pop
HGNC:11377,SULT1E1,SULT1E1,biolink:Gene,https://purl.humanatlas.io/graph/hra-pop
HGNC:1138,BTN3A1,BTN3A1,biolink:Gene,https://purl.humanatlas.io/graph/hra-pop
HGNC:11386,STIM1,STIM1,biolink:Gene,https://purl.humanatlas.io/graph/hra-pop
HGNC:11387,STIP1,STIP1,biolink:Gene,https://purl.humanatlas.io/graph/hra-pop
HGNC:11388,STK10,STK10,biolink:Gene,https://purl.humanatlas.io/graph/hra-pop
HGNC:1139,BTN3A2,BTN3A2,biolink:Gene,https://purl.humanatlas.io/graph/hra-pop
HGNC:11394,STK16,STK16,biolink:Gene,https://purl.humanatlas.io/graph/hra-pop
HGNC:11395,STK17A,STK17A,biolink:Gene,https://purl.humanatlas.io/graph/hra-pop
HGNC:11396,STK17B,STK17B,biolink:Gene,https://purl.humanatlas.io/graph/hra-pop
HGNC:1140,BTN3A3,BTN3A3,biolink:Gene,https://purl.humanatlas.io/graph/hra-pop
HGNC:11404,STK25,STK25,biolink:Gene,https://purl.humanatlas.io/graph/hra-pop
HGNC:11405,BRSK2,BRSK2,biolink:Gene,https://purl.humanatlas.io/graph/hra-pop
HGNC:11406,STK3,STK3,biolink:Gene,https://purl.humanatlas.io/graph/hra-pop
HGNC:11408,STK4,STK4,biolink:Gene,https://purl.humanatlas.io/graph/hra-pop
HGNC:11424,STRN,STRN,biolink:Gene,https://purl.humanatlas.io/graph/hra-pop
HGNC:11425,STS,STS,biolink:Gene,https://purl.humanatlas.io/graph/hra-pop
HGNC:11427,STUB1,STUB1,biolink:Gene,https://purl.humanatlas.io/graph/hra-pop
HGNC:11429,STX11,STX11,biolink:Gene,https://purl.humanatlas.io/graph/hra-pop
HGNC:11430,STX12,STX12,biolink:Gene,https://purl.humanatlas.io/graph/hra-pop
HGNC:11438,STX3,STX3,biolink:Gene,https://purl.humanatlas.io/graph/hra-pop
HGNC:11439,STX4,STX4,biolink:Gene,https://purl.humanatlas.io/graph/hra-pop
HGNC:1144,BTRC,BTRC,biolink:Gene,https://purl.humanatlas.io/graph/hra-pop
HGNC:11440,STX5,STX5,biolink:Gene,https://purl.humanatlas.io/graph/hra-pop
HGNC:11442,STX7,STX7,biolink:Gene,https://purl.humanatlas.io/graph/hra-pop
HGNC:11443,STX8,STX8,biolink:Gene,https://purl.humanatlas.io/graph/hra-pop
HGNC:11444,STXBP1,STXBP1,biolink:Gene,https://purl.humanatlas.io/graph/hra-pop
HGNC:11445,STXBP2,STXBP2,biolink:Gene,https://purl.humanatlas.io/graph/hra-pop
HGNC:11446,STXBP3,STXBP3,biolink:Gene,https://purl.humanatlas.io/graph/hra-pop
HGNC:11448,SUCLA2,SUCLA2,biolink:Gene,https://purl.humanatlas.io/graph/hra-pop
HGNC:11449,SUCLG1,SUCLG1,biolink:Gene,https://purl.humanatlas.io/graph/hra-pop
HGNC:11450,SUCLG2,SUCLG2,biolink:Gene,https://purl.humanatlas.io/graph/hra-pop
HGNC:11451,RIOK3,RIOK3,biolink:Gene,https://purl.humanatlas.io/graph/hra-pop
HGNC:11454,SULT1A2,SULT1A2,biolink:Gene,https://purl.humanatlas.io/graph/hra-pop
HGNC:11456,SULT1C2,SULT1C2,biolink:Gene,https://purl.humanatlas.io/graph/hra-pop
HGNC:11459,SULT2B1,SULT2B1,biolink:Gene,https://purl.humanatlas.io/graph/hra-pop
HGNC:11466,SUPT3H,SUPT3H,biolink:Gene,https://purl.humanatlas.io/graph/hra-pop
HGNC:11467,SUPT4H1,SUPT4H1,biolink:Gene,https://purl.humanatlas.io/graph/hra-pop
HGNC:11469,SUPT5H,SUPT5H,biolink:Gene,https://purl.humanatlas.io/graph/hra-pop
HGNC:11470,SUPT6H,SUPT6H,biolink:Gene,https://purl.humanatlas.io/graph/hra-pop
HGNC:11473,MED21,MED21,biolink:Gene,https://purl.humanatlas.io/graph/hra-pop
HGNC:11474,SURF1,SURF1,biolink:Gene,https://purl.humanatlas.io/graph/hra-pop
HGNC:11480,SVIL,SVIL,biolink:Gene,https://purl.humanatlas.io/graph/hra-pop
HGNC:11491,SYK,SYK,biolink:Gene,https://purl.humanatlas.io/graph/hra-pop
HGNC:11495,SYN2,SYN2,biolink:Gene,https://purl.humanatlas.io/graph/hra-pop
HGNC:11496,SYN3,SYN3,biolink:Gene,https://purl.humanatlas.io/graph/hra-pop
HGNC:11498,SYNGR1,SYNGR1,biolink:Gene,https://purl.humanatlas.io/graph/hra-pop
HGNC:115,ACLY,ACLY,biolink:Gene,https://purl.humanatlas.io/graph/hra-pop
HGNC:11504,SYNJ2,SYNJ2,biolink:Gene,https://purl.humanatlas.io/graph/hra-pop
HGNC:11506,SYP,SYP,biolink:Gene,https://purl.humanatlas.io/graph/hra-pop
HGNC:11509,SYT1,SYT1,biolink:Gene,https://purl.humanatlas.io/graph/hra-pop
HGNC:11514,SYT7,SYT7,biolink:Gene,https://purl.humanatlas.io/graph/hra-pop
HGNC:11522,TACC1,TACC1,biolink:Gene,https://purl.humanatlas.io/graph/hra-pop
HGNC:11523,TACC2,TACC2,biolink:Gene,https://purl.humanatlas.io/graph/hra-pop
HGNC:11529,EPCAM,EPCAM,biolink:Gene,https://purl.humanatlas.io/graph/hra-pop
HGNC:11530,TACSTD2,TACSTD2,biolink:Gene,https://purl.humanatlas.io/graph/hra-pop
HGNC:11531,TADA2A,TADA2A,biolink:Gene,https://purl.humanatlas.io/graph/hra-pop
HGNC:11536,TAF2,TAF2,biolink:Gene,https://purl.humanatlas.io/graph/hra-pop
HGNC:11538,TAF4B,TAF4B,biolink:Gene,https://purl.humanatlas.io/graph/hra-pop
HGNC:11540,TAF6,TAF6,biolink:Gene,https://purl.humanatlas.io/graph/hra-pop
HGNC:11541,TAF7,TAF7,biolink:Gene,https://purl.humanatlas.io/graph/hra-pop
HGNC:11543,TAF10,TAF10,biolink:Gene,https://purl.humanatlas.io/graph/hra-pop
HGNC:11546,TAF13,TAF13,biolink:Gene,https://purl.humanatlas.io/graph/hra-pop
HGNC:11547,TAF15,TAF15,biolink:Gene,https://purl.humanatlas.io/graph/hra-pop
HGNC:11553,TAGLN,TAGLN,biolink:Gene,https://purl.humanatlas.io/graph/hra-pop
HGNC:11554,TAGLN2,TAGLN2,biolink:Gene,https://purl.humanatlas.io/graph/hra-pop
HGNC:11559,TALDO1,TALDO1,biolink:Gene,https://purl.humanatlas.io/graph/hra-pop
HGNC:11562,TANK,TANK,biolink:Gene,https://purl.humanatlas.io/graph/hra-pop
HGNC:11566,TAPBP,TAPBP,biolink:Gene,https://purl.humanatlas.io/graph/hra-pop
HGNC:11571,TARDBP,TARDBP,biolink:Gene,https://purl.humanatlas.io/graph/hra-pop
HGNC:11572,TARS1,TARS1,biolink:Gene,https://purl.humanatlas.io/graph/hra-pop
HGNC:11575,TAX1BP1,TAX1BP1,biolink:Gene,https://purl.humanatlas.io/graph/hra-pop
HGNC:11578,TBC1D1,TBC1D1,biolink:Gene,https://purl.humanatlas.io/graph/hra-pop
HGNC:11579,TBCA,TBCA,biolink:Gene,https://purl.humanatlas.io/graph/hra-pop
HGNC:1158,TSPO,TSPO,biolink:Gene,https://purl.humanatlas.io/graph/hra-pop
HGNC:11581,TBCD,TBCD,biolink:Gene,https://purl.humanatlas.io/graph/hra-pop
HGNC:11584,TBK1,TBK1,biolink:Gene,https://purl.humanatlas.io/graph/hra-pop
HGNC:11585,TBL1X,TBL1X,biolink:Gene,https://purl.humanatlas.io/graph/hra-pop
HGNC:11592,TBX1,TBX1,biolink:Gene,https://purl.humanatlas.io/graph/hra-pop
HGNC:11595,TBX18,TBX18,biolink:Gene,https://purl.humanatlas.io/graph/hra-pop
HGNC:11597,TBX2,TBX2,biolink:Gene,https://purl.humanatlas.io/graph/hra-pop
HGNC:11599,TBX21,TBX21,biolink:Gene,https://purl.humanatlas.io/graph/hra-pop
HGNC:11602,TBX3,TBX3,biolink:Gene,https://purl.humanatlas.io/graph/hra-pop
HGNC:11609,TBXAS1,TBXAS1,biolink:Gene,https://purl.humanatlas.io/graph/hra-pop
HGNC:11612,TCEA1,TCEA1,biolink:Gene,https://purl.humanatlas.io/graph/hra-pop
HGNC:11615,TCEA3,TCEA3,biolink:Gene,https://purl.humanatlas.io/graph/hra-pop
HGNC:11616,TCEAL1,TCEAL1,biolink:Gene,https://purl.humanatlas.io/graph/hra-pop
HGNC:11617,ELOC,ELOC,biolink:Gene,https://purl.humanatlas.io/graph/hra-pop
HGNC:11619,ELOB,ELOB,biolink:Gene,https://purl.humanatlas.io/graph/hra-pop
HGNC:1162,FRA10AC1,FRA10AC1,biolink:Gene,https://purl.humanatlas.io/graph/hra-pop
HGNC:11623,TCF12,TCF12,biolink:Gene,https://purl.humanatlas.io/graph/hra-pop
HGNC:11629,TCF19,TCF19,biolink:Gene,https://purl.humanatlas.io/graph/hra-pop
HGNC:11630,HNF1B,HNF1B,biolink:Gene,https://purl.humanatlas.io/graph/hra-pop
HGNC:11631,TCF20,TCF20,biolink:Gene,https://purl.humanatlas.io/graph/hra-pop
HGNC:11632,TCF21,TCF21,biolink:Gene,https://purl.humanatlas.io/graph/hra-pop
HGNC:11634,TCF4,TCF4,biolink:Gene,https://purl.humanatlas.io/graph/hra-pop
HGNC:11639,TCF7,TCF7,biolink:Gene,https://purl.humanatlas.io/graph/hra-pop
HGNC:1164,TMEM258,TMEM258,biolink:Gene,https://purl.humanatlas.io/graph/hra-pop
HGNC:11640,TCF7L1,TCF7L1,biolink:Gene,https://purl.humanatlas.io/graph/hra-pop
HGNC:11641,TCF7L2,TCF7L2,biolink:Gene,https://purl.humanatlas.io/graph/hra-pop
HGNC:11642,ZEB1,ZEB1,biolink:Gene,https://purl.humanatlas.io/graph/hra-pop
HGNC:11647,TCIRG1,TCIRG1,biolink:Gene,https://purl.humanatlas.io/graph/hra-pop
HGNC:11648,TCL1A,TCL1A,biolink:Gene,https://purl.humanatlas.io/graph/hra-pop
HGNC:11653,TCN2,TCN2,biolink:Gene,https://purl.humanatlas.io/graph/hra-pop
HGNC:11655,TCP1,TCP1,biolink:Gene,https://purl.humanatlas.io/graph/hra-pop
HGNC:11659,TCP1P1,TCP1P1,biolink:Gene,https://purl.humanatlas.io/graph/hra-pop
HGNC:1168,TMEM9B,TMEM9B,biolink:Gene,https://purl.humanatlas.io/graph/hra-pop
HGNC:11694,DYNLT3,DYNLT3,biolink:Gene,https://purl.humanatlas.io/graph/hra-pop
HGNC:11697,DYNLT1,DYNLT1,biolink:Gene,https://purl.humanatlas.io/graph/hra-pop
HGNC:11699,SERINC3,SERINC3,biolink:Gene,https://purl.humanatlas.io/graph/hra-pop
HGNC:117,ACO1,ACO1,biolink:Gene,https://purl.humanatlas.io/graph/hra-pop
HGNC:1170,AKIP1,AKIP1,biolink:Gene,https://purl.humanatlas.io/graph/hra-pop
HGNC:11700,TDG,TDG,biolink:Gene,https://purl.humanatlas.io/graph/hra-pop
HGNC:11714,TEAD1,TEAD1,biolink:Gene,https://purl.humanatlas.io/graph/hra-pop
HGNC:11715,TEAD2,TEAD2,biolink:Gene,https://purl.humanatlas.io/graph/hra-pop
HGNC:1172,VPS51,VPS51,biolink:Gene,https://purl.humanatlas.io/graph/hra-pop
HGNC:11722,TEF,TEF,biolink:Gene,https://purl.humanatlas.io/graph/hra-pop
HGNC:11723,TMBIM6,TMBIM6,biolink:Gene,https://purl.humanatlas.io/graph/hra-pop
HGNC:11724,TEK,TEK,biolink:Gene,https://purl.humanatlas.io/graph/hra-pop
HGNC:11728,TERF1,TERF1,biolink:Gene,https://purl.humanatlas.io/graph/hra-pop
HGNC:1173,PPP6R3,PPP6R3,biolink:Gene,https://purl.humanatlas.io/graph/hra-pop
HGNC:11731,TESK1,TESK1,biolink:Gene,https://purl.humanatlas.io/graph/hra-pop
HGNC:11737,TEX14,TEX14,biolink:Gene,https://purl.humanatlas.io/graph/hra-pop
HGNC:11742,TFAP2A,TFAP2A,biolink:Gene,https://purl.humanatlas.io/graph/hra-pop
HGNC:11745,TFAP4,TFAP4,biolink:Gene,https://purl.humanatlas.io/graph/hra-pop
HGNC:11748,TFCP2,TFCP2,biolink:Gene,https://purl.humanatlas.io/graph/hra-pop
HGNC:11751,TFDP2,TFDP2,biolink:Gene,https://purl.humanatlas.io/graph/hra-pop
HGNC:11754,TFEC,TFEC,biolink:Gene,https://purl.humanatlas.io/graph/hra-pop
HGNC:11755,TFF1,TFF1,biolink:Gene,https://purl.humanatlas.io/graph/hra-pop
HGNC:11757,TFF3,TFF3,biolink:Gene,https://purl.humanatlas.io/graph/hra-pop
HGNC:11760,TFPI,TFPI,biolink:Gene,https://purl.humanatlas.io/graph/hra-pop
HGNC:11761,TFPI2,TFPI2,biolink:Gene,https://purl.humanatlas.io/graph/hra-pop
HGNC:11763,TFRC,TFRC,biolink:Gene,https://purl.humanatlas.io/graph/hra-pop
HGNC:11764,TG,TG,biolink:Gene,https://purl.humanatlas.io/graph/hra-pop
HGNC:11765,TGFA,TGFA,biolink:Gene,https://purl.humanatlas.io/graph/hra-pop
HGNC:11766,TGFB1,TGFB1,biolink:Gene,https://purl.humanatlas.io/graph/hra-pop
HGNC:11768,TGFB2,TGFB2,biolink:Gene,https://purl.humanatlas.io/graph/hra-pop
HGNC:11771,TGFBI,TGFBI,biolink:Gene,https://purl.humanatlas.io/graph/hra-pop
HGNC:11772,TGFBR1,TGFBR1,biolink:Gene,https://purl.humanatlas.io/graph/hra-pop
HGNC:11773,TGFBR2,TGFBR2,biolink:Gene,https://purl.humanatlas.io/graph/hra-pop
HGNC:11774,TGFBR3,TGFBR3,biolink:Gene,https://purl.humanatlas.io/graph/hra-pop
HGNC:11776,TGIF1,TGIF1,biolink:Gene,https://purl.humanatlas.io/graph/hra-pop
HGNC:11778,TGM2,TGM2,biolink:Gene,https://purl.humanatlas.io/graph/hra-pop
HGNC:11781,TGM5,TGM5,biolink:Gene,https://purl.humanatlas.io/graph/hra-pop
HGNC:11784,THBD,THBD,biolink:Gene,https://purl.humanatlas.io/graph/hra-pop
HGNC:11785,THBS1,THBS1,biolink:Gene,https://purl.humanatlas.io/graph/hra-pop
HGNC:11786,THBS2,THBS2,biolink:Gene,https://purl.humanatlas.io/graph/hra-pop
HGNC:11795,THPO,THPO,biolink:Gene,https://purl.humanatlas.io/graph/hra-pop
HGNC:11796,THRA,THRA,biolink:Gene,https://purl.humanatlas.io/graph/hra-pop
HGNC:11799,THRB,THRB,biolink:Gene,https://purl.humanatlas.io/graph/hra-pop
HGNC:118,ACO2,ACO2,biolink:Gene,https://purl.humanatlas.io/graph/hra-pop
HGNC:1180,MPPED2,MPPED2,biolink:Gene,https://purl.humanatlas.io/graph/hra-pop
HGNC:11801,THY1,THY1,biolink:Gene,https://purl.humanatlas.io/graph/hra-pop
HGNC:11802,TIA1,TIA1,biolink:Gene,https://purl.humanatlas.io/graph/hra-pop
HGNC:11804,TIAL1,TIAL1,biolink:Gene,https://purl.humanatlas.io/graph/hra-pop
HGNC:11805,TIAM1,TIAM1,biolink:Gene,https://purl.humanatlas.io/graph/hra-pop
HGNC:11806,TIAM2,TIAM2,biolink:Gene,https://purl.humanatlas.io/graph/hra-pop
HGNC:11809,TIE1,TIE1,biolink:Gene,https://purl.humanatlas.io/graph/hra-pop
HGNC:1181,MYRF,MYRF,biolink:Gene,https://purl.humanatlas.io/graph/hra-pop
HGNC:11810,KLF10,KLF10,biolink:Gene,https://purl.humanatlas.io/graph/hra-pop
HGNC:11814,TIMM10,TIMM10,biolink:Gene,https://purl.humanatlas.io/graph/hra-pop
HGNC:11816,TIMM13,TIMM13,biolink:Gene,https://purl.humanatlas.io/graph/hra-pop
HGNC:11818,TIMM8B,TIMM8B,biolink:Gene,https://purl.humanatlas.io/graph/hra-pop
HGNC:11820,TIMP1,TIMP1,biolink:Gene,https://purl.humanatlas.io/graph/hra-pop
HGNC:11821,TIMP2,TIMP2,biolink:Gene,https://purl.humanatlas.io/graph/hra-pop
HGNC:11822,TIMP3,TIMP3,biolink:Gene,https://purl.humanatlas.io/graph/hra-pop
HGNC:11827,TJP1,TJP1,biolink:Gene,https://purl.humanatlas.io/graph/hra-pop
HGNC:1183,ANO2,ANO2,biolink:Gene,https://purl.humanatlas.io/graph/hra-pop
HGNC:11834,TKT,TKT,biolink:Gene,https://purl.humanatlas.io/graph/hra-pop
HGNC:11837,TLE1,TLE1,biolink:Gene,https://purl.humanatlas.io/graph/hra-pop
HGNC:11838,TLE2,TLE2,biolink:Gene,https://purl.humanatlas.io/graph/hra-pop
HGNC:11840,TLE4,TLE4,biolink:Gene,https://purl.humanatlas.io/graph/hra-pop
HGNC:11841,TLK1,TLK1,biolink:Gene,https://purl.humanatlas.io/graph/hra-pop
HGNC:11843,TLL1,TLL1,biolink:Gene,https://purl.humanatlas.io/graph/hra-pop
HGNC:11845,TLN1,TLN1,biolink:Gene,https://purl.humanatlas.io/graph/hra-pop
HGNC:11846,SEC62,SEC62,biolink:Gene,https://purl.humanatlas.io/graph/hra-pop
HGNC:11848,TLR2,TLR2,biolink:Gene,https://purl.humanatlas.io/graph/hra-pop
HGNC:11850,TLR4,TLR4,biolink:Gene,https://purl.humanatlas.io/graph/hra-pop
HGNC:11851,TLR5,TLR5,biolink:Gene,https://purl.humanatlas.io/graph/hra-pop
HGNC:11853,TM4SF1,TM4SF1,biolink:Gene,https://purl.humanatlas.io/graph/hra-pop
HGNC:11854,TSPAN7,TSPAN7,biolink:Gene,https://purl.humanatlas.io/graph/hra-pop
HGNC:11855,TSPAN8,TSPAN8,biolink:Gene,https://purl.humanatlas.io/graph/hra-pop
HGNC:11858,TSPAN6,TSPAN6,biolink:Gene,https://purl.humanatlas.io/graph/hra-pop
HGNC:11859,TSPAN4,TSPAN4,biolink:Gene,https://purl.humanatlas.io/graph/hra-pop
HGNC:1186,PARP11,PARP11,biolink:Gene,https://purl.humanatlas.io/graph/hra-pop
HGNC:11860,TM6SF1,TM6SF1,biolink:Gene,https://purl.humanatlas.io/graph/hra-pop
HGNC:11862,GPR137B,GPR137B,biolink:Gene,https://purl.humanatlas.io/graph/hra-pop
HGNC:11865,TM9SF2,TM9SF2,biolink:Gene,https://purl.humanatlas.io/graph/hra-pop
HGNC:11869,CEMIP2,CEMIP2,biolink:Gene,https://purl.humanatlas.io/graph/hra-pop
HGNC:11870,TMF1,TMF1,biolink:Gene,https://purl.humanatlas.io/graph/hra-pop
HGNC:11871,TMOD1,TMOD1,biolink:Gene,https://purl.humanatlas.io/graph/hra-pop
HGNC:11872,TMOD2,TMOD2,biolink:Gene,https://purl.humanatlas.io/graph/hra-pop
HGNC:11876,TMPRSS2,TMPRSS2,biolink:Gene,https://purl.humanatlas.io/graph/hra-pop
HGNC:11878,TMPRSS4,TMPRSS4,biolink:Gene,https://purl.humanatlas.io/graph/hra-pop
HGNC:11879,TMSB10,TMSB10,biolink:Gene,https://purl.humanatlas.io/graph/hra-pop
HGNC:1188,ATP5MJ,ATP5MJ,biolink:Gene,https://purl.humanatlas.io/graph/hra-pop
HGNC:11881,TMSB4X,TMSB4X,biolink:Gene,https://purl.humanatlas.io/graph/hra-pop
HGNC:11882,TMSB4Y,TMSB4Y,biolink:Gene,https://purl.humanatlas.io/graph/hra-pop
HGNC:11883,TMSB4XP1,TMSB4XP1,biolink:Gene,https://purl.humanatlas.io/graph/hra-pop
HGNC:11885,TMSB4XP8,TMSB4XP8,biolink:Gene,https://purl.humanatlas.io/graph/hra-pop
HGNC:11886,TMSB4XP4,TMSB4XP4,biolink:Gene,https://purl.humanatlas.io/graph/hra-pop
HGNC:11888,TMSB4XP6,TMSB4XP6,biolink:Gene,https://purl.humanatlas.io/graph/hra-pop
HGNC:11891,CLEC3B,CLEC3B,biolink:Gene,https://purl.humanatlas.io/graph/hra-pop
HGNC:11894,TNFAIP1,TNFAIP1,biolink:Gene,https://purl.humanatlas.io/graph/hra-pop
HGNC:11895,TNFAIP2,TNFAIP2,biolink:Gene,https://purl.humanatlas.io/graph/hra-pop
HGNC:11896,TNFAIP3,TNFAIP3,biolink:Gene,https://purl.humanatlas.io/graph/hra-pop
HGNC:1190,NPAP1,NPAP1,biolink:Gene,https://purl.humanatlas.io/graph/hra-pop
HGNC:11905,TNFRSF10B,TNFRSF10B,biolink:Gene,https://purl.humanatlas.io/graph/hra-pop
HGNC:11907,TNFRSF10D,TNFRSF10D,biolink:Gene,https://purl.humanatlas.io/graph/hra-pop
HGNC:11908,TNFRSF11A,TNFRSF11A,biolink:Gene,https://purl.humanatlas.io/graph/hra-pop
HGNC:11909,TNFRSF11B,TNFRSF11B,biolink:Gene,https://purl.humanatlas.io/graph/hra-pop
HGNC:1191,EID1,EID1,biolink:Gene,https://purl.humanatlas.io/graph/hra-pop
HGNC:11912,TNFRSF14,TNFRSF14,biolink:Gene,https://purl.humanatlas.io/graph/hra-pop
HGNC:11913,TNFRSF17,TNFRSF17,biolink:Gene,https://purl.humanatlas.io/graph/hra-pop
HGNC:11915,TNFRSF19,TNFRSF19,biolink:Gene,https://purl.humanatlas.io/graph/hra-pop
HGNC:11917,TNFRSF1B,TNFRSF1B,biolink:Gene,https://purl.humanatlas.io/graph/hra-pop
HGNC:11920,FAS,FAS,biolink:Gene,https://purl.humanatlas.io/graph/hra-pop
HGNC:11922,CD27,CD27,biolink:Gene,https://purl.humanatlas.io/graph/hra-pop
HGNC:11925,TNFSF10,TNFSF10,biolink:Gene,https://purl.humanatlas.io/graph/hra-pop
HGNC:11927,TNFSF12,TNFSF12,biolink:Gene,https://purl.humanatlas.io/graph/hra-pop
HGNC:11930,TNFSF14,TNFSF14,biolink:Gene,https://purl.humanatlas.io/graph/hra-pop
HGNC:11938,TNFSF8,TNFSF8,biolink:Gene,https://purl.humanatlas.io/graph/hra-pop
HGNC:11939,TNFSF9,TNFSF9,biolink:Gene,https://purl.humanatlas.io/graph/hra-pop
HGNC:11945,TNNI1,TNNI1,biolink:Gene,https://purl.humanatlas.io/graph/hra-pop
HGNC:11949,TNNT2,TNNT2,biolink:Gene,https://purl.humanatlas.io/graph/hra-pop
HGNC:11950,TNNT3,TNNT3,biolink:Gene,https://purl.humanatlas.io/graph/hra-pop
HGNC:11960,GIGYF2,GIGYF2,biolink:Gene,https://purl.humanatlas.io/graph/hra-pop
HGNC:11962,TNRC18,TNRC18,biolink:Gene,https://purl.humanatlas.io/graph/hra-pop
HGNC:11968,CNPY3,CNPY3,biolink:Gene,https://purl.humanatlas.io/graph/hra-pop
HGNC:11969,TNRC6A,TNRC6A,biolink:Gene,https://purl.humanatlas.io/graph/hra-pop
HGNC:11972,TOX3,TOX3,biolink:Gene,https://purl.humanatlas.io/graph/hra-pop
HGNC:11973,TNS1,TNS1,biolink:Gene,https://purl.humanatlas.io/graph/hra-pop
HGNC:11975,TNXA,TNXA,biolink:Gene,https://purl.humanatlas.io/graph/hra-pop
HGNC:11976,TNXB,TNXB,biolink:Gene,https://purl.humanatlas.io/graph/hra-pop
HGNC:11979,TOB1,TOB1,biolink:Gene,https://purl.humanatlas.io/graph/hra-pop
HGNC:11980,TOB2,TOB2,biolink:Gene,https://purl.humanatlas.io/graph/hra-pop
HGNC:11982,TOM1,TOM1,biolink:Gene,https://purl.humanatlas.io/graph/hra-pop
HGNC:11983,TOM1L1,TOM1L1,biolink:Gene,https://purl.humanatlas.io/graph/hra-pop
HGNC:11984,TOM1L2,TOM1L2,biolink:Gene,https://purl.humanatlas.io/graph/hra-pop
HGNC:11985,TOMM70,TOMM70,biolink:Gene,https://purl.humanatlas.io/graph/hra-pop
HGNC:11986,TOP1,TOP1,biolink:Gene,https://purl.humanatlas.io/graph/hra-pop
HGNC:11989,TOP2A,TOP2A,biolink:Gene,https://purl.humanatlas.io/graph/hra-pop
HGNC:11990,TOP2B,TOP2B,biolink:Gene,https://purl.humanatlas.io/graph/hra-pop
HGNC:11995,TOR1B,TOR1B,biolink:Gene,https://purl.humanatlas.io/graph/hra-pop
HGNC:11997,TOR3A,TOR3A,biolink:Gene,https://purl.humanatlas.io/graph/hra-pop
HGNC:11999,TP53BP1,TP53BP1,biolink:Gene,https://purl.humanatlas.io/graph/hra-pop
HGNC:12000,TP53BP2,TP53BP2,biolink:Gene,https://purl.humanatlas.io/graph/hra-pop
HGNC:12005,TPD52,TPD52,biolink:Gene,https://purl.humanatlas.io/graph/hra-pop
HGNC:12009,TPI1,TPI1,biolink:Gene,https://purl.humanatlas.io/graph/hra-pop
HGNC:12010,TPM1,TPM1,biolink:Gene,https://purl.humanatlas.io/graph/hra-pop
HGNC:12011,TPM2,TPM2,biolink:Gene,https://purl.humanatlas.io/graph/hra-pop
HGNC:12012,TPM3,TPM3,biolink:Gene,https://purl.humanatlas.io/graph/hra-pop
HGNC:12013,TPM4,TPM4,biolink:Gene,https://purl.humanatlas.io/graph/hra-pop
HGNC:12017,TPR,TPR,biolink:Gene,https://purl.humanatlas.io/graph/hra-pop
HGNC:12019,TPSAB1,TPSAB1,biolink:Gene,https://purl.humanatlas.io/graph/hra-pop
HGNC:12020,TPST1,TPST1,biolink:Gene,https://purl.humanatlas.io/graph/hra-pop
HGNC:12021,TPST2,TPST2,biolink:Gene,https://purl.humanatlas.io/graph/hra-pop
HGNC:12022,TPT1,TPT1,biolink:Gene,https://purl.humanatlas.io/graph/hra-pop
HGNC:12023,TPTE,TPTE,biolink:Gene,https://purl.humanatlas.io/graph/hra-pop
HGNC:12028,HSP90B1,HSP90B1,biolink:Gene,https://purl.humanatlas.io/graph/hra-pop
HGNC:12029,TRAC,TRAC,biolink:Gene,https://purl.humanatlas.io/graph/hra-pop
HGNC:12031,TRAF1,TRAF1,biolink:Gene,https://purl.humanatlas.io/graph/hra-pop
HGNC:12033,TRAF3,TRAF3,biolink:Gene,https://purl.humanatlas.io/graph/hra-pop
HGNC:12034,TRAF4,TRAF4,biolink:Gene,https://purl.humanatlas.io/graph/hra-pop
HGNC:12035,TRAF5,TRAF5,biolink:Gene,https://purl.humanatlas.io/graph/hra-pop
HGNC:121,ACOX3,ACOX3,biolink:Gene,https://purl.humanatlas.io/graph/hra-pop
HGNC:1212,FMNL1,FMNL1,biolink:Gene,https://purl.humanatlas.io/graph/hra-pop
HGNC:12129,TRAV30,TRAV30,biolink:Gene,https://purl.humanatlas.io/graph/hra-pop
HGNC:12140,TRAV4,TRAV4,biolink:Gene,https://purl.humanatlas.io/graph/hra-pop
HGNC:12147,TRAV8-2,TRAV8-2,biolink:Gene,https://purl.humanatlas.io/graph/hra-pop
HGNC:12157,TRBC2,TRBC2,biolink:Gene,https://purl.humanatlas.io/graph/hra-pop
HGNC:1224,LDLRAD4,LDLRAD4,biolink:Gene,https://purl.humanatlas.io/graph/hra-pop
HGNC:12253,TRDC,TRDC,biolink:Gene,https://purl.humanatlas.io/graph/hra-pop
HGNC:12266,TREH,TREH,biolink:Gene,https://purl.humanatlas.io/graph/hra-pop
HGNC:12270,TREX2,TREX2,biolink:Gene,https://purl.humanatlas.io/graph/hra-pop
HGNC:12276,TRGC2,TRGC2,biolink:Gene,https://purl.humanatlas.io/graph/hra-pop
HGNC:1228,SERPING1,SERPING1,biolink:Gene,https://purl.humanatlas.io/graph/hra-pop
HGNC:123,ACP2,ACP2,biolink:Gene,https://purl.humanatlas.io/graph/hra-pop
HGNC:12303,TRIO,TRIO,biolink:Gene,https://purl.humanatlas.io/graph/hra-pop
HGNC:12304,TRIP10,TRIP10,biolink:Gene,https://purl.humanatlas.io/graph/hra-pop
HGNC:12305,TRIP11,TRIP11,biolink:Gene,https://purl.humanatlas.io/graph/hra-pop
HGNC:12306,TRIP12,TRIP12,biolink:Gene,https://purl.humanatlas.io/graph/hra-pop
HGNC:12312,HMGN3,HMGN3,biolink:Gene,https://purl.humanatlas.io/graph/hra-pop
HGNC:12313,JMJD1C,JMJD1C,biolink:Gene,https://purl.humanatlas.io/graph/hra-pop
HGNC:12333,TRPC1,TRPC1,biolink:Gene,https://purl.humanatlas.io/graph/hra-pop
HGNC:12336,TRPC4,TRPC4,biolink:Gene,https://purl.humanatlas.io/graph/hra-pop
HGNC:12339,TRPM2,TRPM2,biolink:Gene,https://purl.humanatlas.io/graph/hra-pop
HGNC:12340,TRPS1,TRPS1,biolink:Gene,https://purl.humanatlas.io/graph/hra-pop
HGNC:12347,TRRAP,TRRAP,biolink:Gene,https://purl.humanatlas.io/graph/hra-pop
HGNC:12363,TSC2,TSC2,biolink:Gene,https://purl.humanatlas.io/graph/hra-pop
HGNC:12367,TSFM,TSFM,biolink:Gene,https://purl.humanatlas.io/graph/hra-pop
HGNC:1237,UBQLN4,UBQLN4,biolink:Gene,https://purl.humanatlas.io/graph/hra-pop
HGNC:12371,RSPH1,RSPH1,biolink:Gene,https://purl.humanatlas.io/graph/hra-pop
HGNC:12373,TSHR,TSHR,biolink:Gene,https://purl.humanatlas.io/graph/hra-pop
HGNC:12377,TSIX,TSIX,biolink:Gene,https://purl.humanatlas.io/graph/hra-pop
HGNC:12380,TSNAX,TSNAX,biolink:Gene,https://purl.humanatlas.io/graph/hra-pop
HGNC:12382,TSPYL1,TSPYL1,biolink:Gene,https://purl.humanatlas.io/graph/hra-pop
HGNC:12385,PHLDA2,PHLDA2,biolink:Gene,https://purl.humanatlas.io/graph/hra-pop
HGNC:12386,TSSC4,TSSC4,biolink:Gene,https://purl.humanatlas.io/graph/hra-pop
HGNC:12388,TST,TST,biolink:Gene,https://purl.humanatlas.io/graph/hra-pop
HGNC:1239,TMEM59,TMEM59,biolink:Gene,https://purl.humanatlas.io/graph/hra-pop
HGNC:12390,GFUS,GFUS,biolink:Gene,https://purl.humanatlas.io/graph/hra-pop
HGNC:12392,DNAJC7,DNAJC7,biolink:Gene,https://purl.humanatlas.io/graph/hra-pop
HGNC:12393,TTC3,TTC3,biolink:Gene,https://purl.humanatlas.io/graph/hra-pop
HGNC:12397,TTF1,TTF1,biolink:Gene,https://purl.humanatlas.io/graph/hra-pop
HGNC:124,ACP5,ACP5,biolink:Gene,https://purl.humanatlas.io/graph/hra-pop
HGNC:1240,SUCO,SUCO,biolink:Gene,https://purl.humanatlas.io/graph/hra-pop
HGNC:12403,TTN,TTN,biolink:Gene,https://purl.humanatlas.io/graph/hra-pop
HGNC:12406,TUB,TUB,biolink:Gene,https://purl.humanatlas.io/graph/hra-pop
HGNC:12407,TUBA4A,TUBA4A,biolink:Gene,https://purl.humanatlas.io/graph/hra-pop
HGNC:1241,C1QA,C1QA,biolink:Gene,https://purl.humanatlas.io/graph/hra-pop
HGNC:12412,TUBB2A,TUBB2A,biolink:Gene,https://purl.humanatlas.io/graph/hra-pop
HGNC:1242,C1QB,C1QB,biolink:Gene,https://purl.humanatlas.io/graph/hra-pop
HGNC:12420,TUFM,TUFM,biolink:Gene,https://purl.humanatlas.io/graph/hra-pop
HGNC:12425,TULP3,TULP3,biolink:Gene,https://purl.humanatlas.io/graph/hra-pop
HGNC:12428,TWIST1,TWIST1,biolink:Gene,https://purl.humanatlas.io/graph/hra-pop
HGNC:12429,TWSG1,TWSG1,biolink:Gene,https://purl.humanatlas.io/graph/hra-pop
HGNC:1243,C1QBP,C1QBP,biolink:Gene,https://purl.humanatlas.io/graph/hra-pop
HGNC:12434,TXK,TXK,biolink:Gene,https://purl.humanatlas.io/graph/hra-pop
HGNC:12435,TXN,TXN,biolink:Gene,https://purl.humanatlas.io/graph/hra-pop
HGNC:12437,TXNRD1,TXNRD1,biolink:Gene,https://purl.humanatlas.io/graph/hra-pop
HGNC:12441,TYMS,TYMS,biolink:Gene,https://purl.humanatlas.io/graph/hra-pop
HGNC:12446,TYRO3,TYRO3,biolink:Gene,https://purl.humanatlas.io/graph/hra-pop
HGNC:12449,TYROBP,TYROBP,biolink:Gene,https://purl.humanatlas.io/graph/hra-pop
HGNC:1245,C1QC,C1QC,biolink:Gene,https://purl.humanatlas.io/graph/hra-pop
HGNC:12453,U2AF1,U2AF1,biolink:Gene,https://purl.humanatlas.io/graph/hra-pop
HGNC:12457,UAP1,UAP1,biolink:Gene,https://purl.humanatlas.io/graph/hra-pop
HGNC:12458,UBA52,UBA52,biolink:Gene,https://purl.humanatlas.io/graph/hra-pop
HGNC:1246,C1R,C1R,biolink:Gene,https://purl.humanatlas.io/graph/hra-pop
HGNC:12463,UBB,UBB,biolink:Gene,https://purl.humanatlas.io/graph/hra-pop
HGNC:12464,UBBP1,UBBP1,biolink:Gene,https://purl.humanatlas.io/graph/hra-pop
HGNC:12468,UBC,UBC,biolink:Gene,https://purl.humanatlas.io/graph/hra-pop
HGNC:12469,UBA1,UBA1,biolink:Gene,https://purl.humanatlas.io/graph/hra-pop
HGNC:1247,C1S,C1S,biolink:Gene,https://purl.humanatlas.io/graph/hra-pop
HGNC:12470,UBA3,UBA3,biolink:Gene,https://purl.humanatlas.io/graph/hra-pop
HGNC:12472,UBE2A,UBE2A,biolink:Gene,https://purl.humanatlas.io/graph/hra-pop
HGNC:12473,UBE2B,UBE2B,biolink:Gene,https://purl.humanatlas.io/graph/hra-pop
HGNC:12474,UBE2D1,UBE2D1,biolink:Gene,https://purl.humanatlas.io/graph/hra-pop
HGNC:12475,UBE2D2,UBE2D2,biolink:Gene,https://purl.humanatlas.io/graph/hra-pop
HGNC:12476,UBE2D3,UBE2D3,biolink:Gene,https://purl.humanatlas.io/graph/hra-pop
HGNC:12477,UBE2E1,UBE2E1,biolink:Gene,https://purl.humanatlas.io/graph/hra-pop
HGNC:12478,UBE2E2,UBE2E2,biolink:Gene,https://purl.humanatlas.io/graph/hra-pop
HGNC:12479,UBE2E3,UBE2E3,biolink:Gene,https://purl.humanatlas.io/graph/hra-pop
HGNC:12482,UBE2G1,UBE2G1,biolink:Gene,https://purl.humanatlas.io/graph/hra-pop
HGNC:12483,UBE2G2,UBE2G2,biolink:Gene,https://purl.humanatlas.io/graph/hra-pop
HGNC:12484,UBE2H,UBE2H,biolink:Gene,https://purl.humanatlas.io/graph/hra-pop
HGNC:12485,UBE2I,UBE2I,biolink:Gene,https://purl.humanatlas.io/graph/hra-pop
HGNC:12488,UBE2L3,UBE2L3,biolink:Gene,https://purl.humanatlas.io/graph/hra-pop
HGNC:12491,UBE2M,UBE2M,biolink:Gene,https://purl.humanatlas.io/graph/hra-pop
HGNC:12492,UBE2N,UBE2N,biolink:Gene,https://purl.humanatlas.io/graph/hra-pop
HGNC:12494,UBE2V1,UBE2V1,biolink:Gene,https://purl.humanatlas.io/graph/hra-pop
HGNC:12496,UBE3A,UBE3A,biolink:Gene,https://purl.humanatlas.io/graph/hra-pop
HGNC:12499,UBE4A,UBE4A,biolink:Gene,https://purl.humanatlas.io/graph/hra-pop
HGNC:125,ACP3,ACP3,biolink:Gene,https://purl.humanatlas.io/graph/hra-pop
HGNC:12502,SUMO1,SUMO1,biolink:Gene,https://purl.humanatlas.io/graph/hra-pop
HGNC:12504,UBL3,UBL3,biolink:Gene,https://purl.humanatlas.io/graph/hra-pop
HGNC:12505,UBL4A,UBL4A,biolink:Gene,https://purl.humanatlas.io/graph/hra-pop
HGNC:12511,UBTF,UBTF,biolink:Gene,https://purl.humanatlas.io/graph/hra-pop
HGNC:12513,UCHL1,UCHL1,biolink:Gene,https://purl.humanatlas.io/graph/hra-pop
HGNC:12518,UCP2,UCP2,biolink:Gene,https://purl.humanatlas.io/graph/hra-pop
HGNC:12524,UGCG,UGCG,biolink:Gene,https://purl.humanatlas.io/graph/hra-pop
HGNC:12527,UGP2,UGP2,biolink:Gene,https://purl.humanatlas.io/graph/hra-pop
HGNC:1253,FAM3B,FAM3B,biolink:Gene,https://purl.humanatlas.io/graph/hra-pop
HGNC:12530,UGT1A1,UGT1A1,biolink:Gene,https://purl.humanatlas.io/graph/hra-pop
HGNC:12531,UGT1A10,UGT1A10,biolink:Gene,https://purl.humanatlas.io/graph/hra-pop
HGNC:12536,UGT1A4,UGT1A4,biolink:Gene,https://purl.humanatlas.io/graph/hra-pop
HGNC:12538,UGT1A6,UGT1A6,biolink:Gene,https://purl.humanatlas.io/graph/hra-pop
HGNC:12539,UGT1A7,UGT1A7,biolink:Gene,https://purl.humanatlas.io/graph/hra-pop
HGNC:12540,UGT1A8,UGT1A8,biolink:Gene,https://purl.humanatlas.io/graph/hra-pop
HGNC:12541,UGT1A9,UGT1A9,biolink:Gene,https://purl.humanatlas.io/graph/hra-pop
HGNC:12547,UGT2B17,UGT2B17,biolink:Gene,https://purl.humanatlas.io/graph/hra-pop
HGNC:12554,UGT2B7,UGT2B7,biolink:Gene,https://purl.humanatlas.io/graph/hra-pop
HGNC:12555,UGT8,UGT8,biolink:Gene,https://purl.humanatlas.io/graph/hra-pop
HGNC:12556,UHRF1,UHRF1,biolink:Gene,https://purl.humanatlas.io/graph/hra-pop
HGNC:12559,UMOD,UMOD,biolink:Gene,https://purl.humanatlas.io/graph/hra-pop
HGNC:12563,UMPS,UMPS,biolink:Gene,https://purl.humanatlas.io/graph/hra-pop
HGNC:12568,UNC5B,UNC5B,biolink:Gene,https://purl.humanatlas.io/graph/hra-pop
HGNC:12569,UNC5C,UNC5C,biolink:Gene,https://purl.humanatlas.io/graph/hra-pop
HGNC:12572,UNG,UNG,biolink:Gene,https://purl.humanatlas.io/graph/hra-pop
HGNC:12576,UPP1,UPP1,biolink:Gene,https://purl.humanatlas.io/graph/hra-pop
HGNC:12577,UPK1A,UPK1A,biolink:Gene,https://purl.humanatlas.io/graph/hra-pop
HGNC:1258,SETD4,SETD4,biolink:Gene,https://purl.humanatlas.io/graph/hra-pop
HGNC:12582,UQCRB,UQCRB,biolink:Gene,https://purl.humanatlas.io/graph/hra-pop
HGNC:12585,UQCRC1,UQCRC1,biolink:Gene,https://purl.humanatlas.io/graph/hra-pop
HGNC:12587,UQCRFS1,UQCRFS1,biolink:Gene,https://purl.humanatlas.io/graph/hra-pop
HGNC:12590,UQCRH,UQCRH,biolink:Gene,https://purl.humanatlas.io/graph/hra-pop
HGNC:12594,USF2,USF2,biolink:Gene,https://purl.humanatlas.io/graph/hra-pop
HGNC:12597,USH1C,USH1C,biolink:Gene,https://purl.humanatlas.io/graph/hra-pop
HGNC:12607,USP1,USP1,biolink:Gene,https://purl.humanatlas.io/graph/hra-pop
HGNC:12608,USP10,USP10,biolink:Gene,https://purl.humanatlas.io/graph/hra-pop
HGNC:12611,USP13,USP13,biolink:Gene,https://purl.humanatlas.io/graph/hra-pop
HGNC:12612,USP14,USP14,biolink:Gene,https://purl.humanatlas.io/graph/hra-pop
HGNC:12613,USP15,USP15,biolink:Gene,https://purl.humanatlas.io/graph/hra-pop
HGNC:12614,USP16,USP16,biolink:Gene,https://purl.humanatlas.io/graph/hra-pop
HGNC:12618,USP2,USP2,biolink:Gene,https://purl.humanatlas.io/graph/hra-pop
HGNC:12619,USP20,USP20,biolink:Gene,https://purl.humanatlas.io/graph/hra-pop
HGNC:12621,USP22,USP22,biolink:Gene,https://purl.humanatlas.io/graph/hra-pop
HGNC:12623,USP24,USP24,biolink:Gene,https://purl.humanatlas.io/graph/hra-pop
HGNC:12624,USP25,USP25,biolink:Gene,https://purl.humanatlas.io/graph/hra-pop
HGNC:12626,USP3,USP3,biolink:Gene,https://purl.humanatlas.io/graph/hra-pop
HGNC:12630,USP7,USP7,biolink:Gene,https://purl.humanatlas.io/graph/hra-pop
HGNC:12631,USP8,USP8,biolink:Gene,https://purl.humanatlas.io/graph/hra-pop
HGNC:12632,USP9X,USP9X,biolink:Gene,https://purl.humanatlas.io/graph/hra-pop
HGNC:12633,USP9Y,USP9Y,biolink:Gene,https://purl.humanatlas.io/graph/hra-pop
HGNC:12635,UTRN,UTRN,biolink:Gene,https://purl.humanatlas.io/graph/hra-pop
HGNC:12637,KDM6A,KDM6A,biolink:Gene,https://purl.humanatlas.io/graph/hra-pop
HGNC:12638,UTY,UTY,biolink:Gene,https://purl.humanatlas.io/graph/hra-pop
HGNC:12640,UVRAG,UVRAG,biolink:Gene,https://purl.humanatlas.io/graph/hra-pop
HGNC:12641,UXT,UXT,biolink:Gene,https://purl.humanatlas.io/graph/hra-pop
HGNC:12643,VAMP2,VAMP2,biolink:Gene,https://purl.humanatlas.io/graph/hra-pop
HGNC:12646,VAMP5,VAMP5,biolink:Gene,https://purl.humanatlas.io/graph/hra-pop
HGNC:12647,VAMP8,VAMP8,biolink:Gene,https://purl.humanatlas.io/graph/hra-pop
HGNC:12648,VAPA,VAPA,biolink:Gene,https://purl.humanatlas.io/graph/hra-pop
HGNC:12652,VASP,VASP,biolink:Gene,https://purl.humanatlas.io/graph/hra-pop
HGNC:12657,VAV1,VAV1,biolink:Gene,https://purl.humanatlas.io/graph/hra-pop
HGNC:12658,VAV2,VAV2,biolink:Gene,https://purl.humanatlas.io/graph/hra-pop
HGNC:12659,VAV3,VAV3,biolink:Gene,https://purl.humanatlas.io/graph/hra-pop
HGNC:12661,VAX2,VAX2,biolink:Gene,https://purl.humanatlas.io/graph/hra-pop
HGNC:12663,VCAM1,VCAM1,biolink:Gene,https://purl.humanatlas.io/graph/hra-pop
HGNC:12665,VCL,VCL,biolink:Gene,https://purl.humanatlas.io/graph/hra-pop
HGNC:12666,VCP,VCP,biolink:Gene,https://purl.humanatlas.io/graph/hra-pop
HGNC:12669,VDAC1,VDAC1,biolink:Gene,https://purl.humanatlas.io/graph/hra-pop
HGNC:12672,VDAC2,VDAC2,biolink:Gene,https://purl.humanatlas.io/graph/hra-pop
HGNC:12674,VDAC3,VDAC3,biolink:Gene,https://purl.humanatlas.io/graph/hra-pop
HGNC:12675,VDAC1P4,VDAC1P4,biolink:Gene,https://purl.humanatlas.io/graph/hra-pop
HGNC:12679,VDR,VDR,biolink:Gene,https://purl.humanatlas.io/graph/hra-pop
HGNC:12680,VEGFA,VEGFA,biolink:Gene,https://purl.humanatlas.io/graph/hra-pop
HGNC:12681,VEGFB,VEGFB,biolink:Gene,https://purl.humanatlas.io/graph/hra-pop
HGNC:12682,VEGFC,VEGFC,biolink:Gene,https://purl.humanatlas.io/graph/hra-pop
HGNC:12687,VHL,VHL,biolink:Gene,https://purl.humanatlas.io/graph/hra-pop
HGNC:12691,EZR,EZR,biolink:Gene,https://purl.humanatlas.io/graph/hra-pop
HGNC:12692,VIM,VIM,biolink:Gene,https://purl.humanatlas.io/graph/hra-pop
HGNC:12694,VIPR1,VIPR1,biolink:Gene,https://purl.humanatlas.io/graph/hra-pop
HGNC:12697,VIT,VIT,biolink:Gene,https://purl.humanatlas.io/graph/hra-pop
HGNC:12698,VLDLR,VLDLR,biolink:Gene,https://purl.humanatlas.io/graph/hra-pop
HGNC:12703,BEST1,BEST1,biolink:Gene,https://purl.humanatlas.io/graph/hra-pop
HGNC:12710,VPREB3,VPREB3,biolink:Gene,https://purl.humanatlas.io/graph/hra-pop
HGNC:12716,TRPV1,TRPV1,biolink:Gene,https://purl.humanatlas.io/graph/hra-pop
HGNC:12719,VRK2,VRK2,biolink:Gene,https://purl.humanatlas.io/graph/hra-pop
HGNC:12726,VWF,VWF,biolink:Gene,https://purl.humanatlas.io/graph/hra-pop
HGNC:1273,GATD3,GATD3,biolink:Gene,https://purl.humanatlas.io/graph/hra-pop
HGNC:12731,WAS,WAS,biolink:Gene,https://purl.humanatlas.io/graph/hra-pop
HGNC:12733,WASF2,WASF2,biolink:Gene,https://purl.humanatlas.io/graph/hra-pop
HGNC:12734,WASF3,WASF3,biolink:Gene,https://purl.humanatlas.io/graph/hra-pop
HGNC:12735,WASL,WASL,biolink:Gene,https://purl.humanatlas.io/graph/hra-pop
HGNC:12736,WIPF1,WIPF1,biolink:Gene,https://purl.humanatlas.io/graph/hra-pop
HGNC:12738,WBP2,WBP2,biolink:Gene,https://purl.humanatlas.io/graph/hra-pop
HGNC:12739,WBP4,WBP4,biolink:Gene,https://purl.humanatlas.io/graph/hra-pop
HGNC:1274,MIR99AHG,MIR99AHG,biolink:Gene,https://purl.humanatlas.io/graph/hra-pop
HGNC:12741,EIF4H,EIF4H,biolink:Gene,https://purl.humanatlas.io/graph/hra-pop
HGNC:12744,MLXIPL,MLXIPL,biolink:Gene,https://purl.humanatlas.io/graph/hra-pop
HGNC:12749,LAT2,LAT2,biolink:Gene,https://purl.humanatlas.io/graph/hra-pop
HGNC:12760,BRWD1,BRWD1,biolink:Gene,https://purl.humanatlas.io/graph/hra-pop
HGNC:12768,NELFA,NELFA,biolink:Gene,https://purl.humanatlas.io/graph/hra-pop
HGNC:12769,CCN4,CCN4,biolink:Gene,https://purl.humanatlas.io/graph/hra-pop
HGNC:12784,WNT5A,WNT5A,biolink:Gene,https://purl.humanatlas.io/graph/hra-pop
HGNC:12785,WNT6,WNT6,biolink:Gene,https://purl.humanatlas.io/graph/hra-pop
HGNC:12787,WNT7B,WNT7B,biolink:Gene,https://purl.humanatlas.io/graph/hra-pop
HGNC:12791,WRN,WRN,biolink:Gene,https://purl.humanatlas.io/graph/hra-pop
HGNC:12796,WT1,WT1,biolink:Gene,https://purl.humanatlas.io/graph/hra-pop
HGNC:12799,WWOX,WWOX,biolink:Gene,https://purl.humanatlas.io/graph/hra-pop
HGNC:1280,TMEM50B,TMEM50B,biolink:Gene,https://purl.humanatlas.io/graph/hra-pop
HGNC:12801,XBP1,XBP1,biolink:Gene,https://purl.humanatlas.io/graph/hra-pop
HGNC:12810,XIST,XIST,biolink:Gene,https://purl.humanatlas.io/graph/hra-pop
HGNC:12820,REXO4,REXO4,biolink:Gene,https://purl.humanatlas.io/graph/hra-pop
HGNC:12822,XPNPEP1,XPNPEP1,biolink:Gene,https://purl.humanatlas.io/graph/hra-pop
HGNC:12823,XPNPEP2,XPNPEP2,biolink:Gene,https://purl.humanatlas.io/graph/hra-pop
HGNC:12825,XPO1,XPO1,biolink:Gene,https://purl.humanatlas.io/graph/hra-pop
HGNC:12826,XPOT,XPOT,biolink:Gene,https://purl.humanatlas.io/graph/hra-pop
HGNC:12827,XPR1,XPR1,biolink:Gene,https://purl.humanatlas.io/graph/hra-pop
HGNC:12828,XRCC1,XRCC1,biolink:Gene,https://purl.humanatlas.io/graph/hra-pop
HGNC:12833,XRCC5,XRCC5,biolink:Gene,https://purl.humanatlas.io/graph/hra-pop
HGNC:12839,XYLB,XYLB,biolink:Gene,https://purl.humanatlas.io/graph/hra-pop
HGNC:12841,YES1,YES1,biolink:Gene,https://purl.humanatlas.io/graph/hra-pop
HGNC:12843,YME1L1,YME1L1,biolink:Gene,https://purl.humanatlas.io/graph/hra-pop
HGNC:12845,YPEL1,YPEL1,biolink:Gene,https://purl.humanatlas.io/graph/hra-pop
HGNC:12849,YWHAB,YWHAB,biolink:Gene,https://purl.humanatlas.io/graph/hra-pop
HGNC:12851,YWHAE,YWHAE,biolink:Gene,https://purl.humanatlas.io/graph/hra-pop
HGNC:12852,YWHAG,YWHAG,biolink:Gene,https://purl.humanatlas.io/graph/hra-pop
HGNC:12853,YWHAH,YWHAH,biolink:Gene,https://purl.humanatlas.io/graph/hra-pop
HGNC:12854,YWHAQ,YWHAQ,biolink:Gene,https://purl.humanatlas.io/graph/hra-pop
HGNC:12855,YWHAZ,YWHAZ,biolink:Gene,https://purl.humanatlas.io/graph/hra-pop
HGNC:12856,YY1,YY1,biolink:Gene,https://purl.humanatlas.io/graph/hra-pop
HGNC:12858,ZAP70,ZAP70,biolink:Gene,https://purl.humanatlas.io/graph/hra-pop
HGNC:12859,RNF103,RNF103,biolink:Gene,https://purl.humanatlas.io/graph/hra-pop
HGNC:12860,ZBTB14,ZBTB14,biolink:Gene,https://purl.humanatlas.io/graph/hra-pop
HGNC:12862,ZFP36,ZFP36,biolink:Gene,https://purl.humanatlas.io/graph/hra-pop
HGNC:12876,SLC39A1,SLC39A1,biolink:Gene,https://purl.humanatlas.io/graph/hra-pop
HGNC:12877,ZMPSTE24,ZMPSTE24,biolink:Gene,https://purl.humanatlas.io/graph/hra-pop
HGNC:12886,ZNF106,ZNF106,biolink:Gene,https://purl.humanatlas.io/graph/hra-pop
HGNC:12887,ZNF107,ZNF107,biolink:Gene,https://purl.humanatlas.io/graph/hra-pop
HGNC:12907,ZNF124,ZNF124,biolink:Gene,https://purl.humanatlas.io/graph/hra-pop
HGNC:12915,ZNF131,ZNF131,biolink:Gene,https://purl.humanatlas.io/graph/hra-pop
HGNC:12917,ZNF133,ZNF133,biolink:Gene,https://purl.humanatlas.io/graph/hra-pop
HGNC:12919,ZNF135,ZNF135,biolink:Gene,https://purl.humanatlas.io/graph/hra-pop
HGNC:12926,ZNF141,ZNF141,biolink:Gene,https://purl.humanatlas.io/graph/hra-pop
HGNC:1293,SMIM11,SMIM11,biolink:Gene,https://purl.humanatlas.io/graph/hra-pop
HGNC:12930,ZBTB16,ZBTB16,biolink:Gene,https://purl.humanatlas.io/graph/hra-pop
HGNC:12933,ZNF148,ZNF148,biolink:Gene,https://purl.humanatlas.io/graph/hra-pop
HGNC:12939,ZNF154,ZNF154,biolink:Gene,https://purl.humanatlas.io/graph/hra-pop
HGNC:12940,ZNF155,ZNF155,biolink:Gene,https://purl.humanatlas.io/graph/hra-pop
HGNC:12945,ZNF708,ZNF708,biolink:Gene,https://purl.humanatlas.io/graph/hra-pop
HGNC:12948,ZNF160,ZNF160,biolink:Gene,https://purl.humanatlas.io/graph/hra-pop
HGNC:12949,VEZF1,VEZF1,biolink:Gene,https://purl.humanatlas.io/graph/hra-pop
HGNC:12950,SF1,SF1,biolink:Gene,https://purl.humanatlas.io/graph/hra-pop
HGNC:12958,ZNF17,ZNF17,biolink:Gene,https://purl.humanatlas.io/graph/hra-pop
HGNC:12962,TRIM26,TRIM26,biolink:Gene,https://purl.humanatlas.io/graph/hra-pop
HGNC:1298,SPATC1L,SPATC1L,biolink:Gene,https://purl.humanatlas.io/graph/hra-pop
HGNC:12980,ZNF189,ZNF189,biolink:Gene,https://purl.humanatlas.io/graph/hra-pop
HGNC:12984,ZSCAN9,ZSCAN9,biolink:Gene,https://purl.humanatlas.io/graph/hra-pop
HGNC:12989,ZMYM2,ZMYM2,biolink:Gene,https://purl.humanatlas.io/graph/hra-pop
HGNC:1299,YBEY,YBEY,biolink:Gene,https://purl.humanatlas.io/graph/hra-pop
HGNC:12996,ZNF205,ZNF205,biolink:Gene,https://purl.humanatlas.io/graph/hra-pop
HGNC:12997,ZSCAN10,ZSCAN10,biolink:Gene,https://purl.humanatlas.io/graph/hra-pop
HGNC:12998,ZNF207,ZNF207,biolink:Gene,https://purl.humanatlas.io/graph/hra-pop
HGNC:130,ACTA2,ACTA2,biolink:Gene,https://purl.humanatlas.io/graph/hra-pop
HGNC:13004,ZNF212,ZNF212,biolink:Gene,https://purl.humanatlas.io/graph/hra-pop
HGNC:13007,ZNF215,ZNF215,biolink:Gene,https://purl.humanatlas.io/graph/hra-pop
HGNC:13008,ZFAND5,ZFAND5,biolink:Gene,https://purl.humanatlas.io/graph/hra-pop
HGNC:1301,CFAP298,CFAP298,biolink:Gene,https://purl.humanatlas.io/graph/hra-pop
HGNC:13010,TSHZ2,TSHZ2,biolink:Gene,https://purl.humanatlas.io/graph/hra-pop
HGNC:13011,ZNF219,ZNF219,biolink:Gene,https://purl.humanatlas.io/graph/hra-pop
HGNC:13012,ZNF22,ZNF22,biolink:Gene,https://purl.humanatlas.io/graph/hra-pop
HGNC:13013,KAT6A,KAT6A,biolink:Gene,https://purl.humanatlas.io/graph/hra-pop
HGNC:13019,ZNF226,ZNF226,biolink:Gene,https://purl.humanatlas.io/graph/hra-pop
HGNC:13028,ZNF236,ZNF236,biolink:Gene,https://purl.humanatlas.io/graph/hra-pop
HGNC:13032,ZNF24,ZNF24,biolink:Gene,https://purl.humanatlas.io/graph/hra-pop
HGNC:13041,ZNF248,ZNF248,biolink:Gene,https://purl.humanatlas.io/graph/hra-pop
HGNC:13044,ZNF250,ZNF250,biolink:Gene,https://purl.humanatlas.io/graph/hra-pop
HGNC:13046,ZNF252P,ZNF252P,biolink:Gene,https://purl.humanatlas.io/graph/hra-pop
HGNC:13047,ZNF254,ZNF254,biolink:Gene,https://purl.humanatlas.io/graph/hra-pop
HGNC:1305,EPCIP,EPCIP,biolink:Gene,https://purl.humanatlas.io/graph/hra-pop
HGNC:13055,ZMYM4,ZMYM4,biolink:Gene,https://purl.humanatlas.io/graph/hra-pop
HGNC:13056,ZNF263,ZNF263,biolink:Gene,https://purl.humanatlas.io/graph/hra-pop
HGNC:13057,ZNF264,ZNF264,biolink:Gene,https://purl.humanatlas.io/graph/hra-pop
HGNC:13058,ZRANB2,ZRANB2,biolink:Gene,https://purl.humanatlas.io/graph/hra-pop
HGNC:13065,ZNF271P,ZNF271P,biolink:Gene,https://purl.humanatlas.io/graph/hra-pop
HGNC:1307,CBY1,CBY1,biolink:Gene,https://purl.humanatlas.io/graph/hra-pop
HGNC:13076,ZNF282,ZNF282,biolink:Gene,https://purl.humanatlas.io/graph/hra-pop
HGNC:13079,ZNF285,ZNF285,biolink:Gene,https://purl.humanatlas.io/graph/hra-pop
HGNC:13081,SCAPER,SCAPER,biolink:Gene,https://purl.humanatlas.io/graph/hra-pop
HGNC:13082,LTN1,LTN1,biolink:Gene,https://purl.humanatlas.io/graph/hra-pop
HGNC:13089,ZNF3,ZNF3,biolink:Gene,https://purl.humanatlas.io/graph/hra-pop
HGNC:1309,TBC1D22A,TBC1D22A,biolink:Gene,https://purl.humanatlas.io/graph/hra-pop
HGNC:13094,RNF114,RNF114,biolink:Gene,https://purl.humanatlas.io/graph/hra-pop
HGNC:13096,ZNF33A,ZNF33A,biolink:Gene,https://purl.humanatlas.io/graph/hra-pop
HGNC:13097,ZNF33B,ZNF33B,biolink:Gene,https://purl.humanatlas.io/graph/hra-pop
HGNC:13110,ZNF44,ZNF44,biolink:Gene,https://purl.humanatlas.io/graph/hra-pop
HGNC:13112,ZBTB25,ZBTB25,biolink:Gene,https://purl.humanatlas.io/graph/hra-pop
HGNC:13125,ZNF57,ZNF57,biolink:Gene,https://purl.humanatlas.io/graph/hra-pop
HGNC:13138,ZNF69,ZNF69,biolink:Gene,https://purl.humanatlas.io/graph/hra-pop
HGNC:13139,ZNF7,ZNF7,biolink:Gene,https://purl.humanatlas.io/graph/hra-pop
HGNC:13145,ZNF75D,ZNF75D,biolink:Gene,https://purl.humanatlas.io/graph/hra-pop
HGNC:13146,ZNF75A,ZNF75A,biolink:Gene,https://purl.humanatlas.io/graph/hra-pop
HGNC:13149,ZNF76,ZNF76,biolink:Gene,https://purl.humanatlas.io/graph/hra-pop
HGNC:13156,ZNF81,ZNF81,biolink:Gene,https://purl.humanatlas.io/graph/hra-pop
HGNC:13158,ZNF83,ZNF83,biolink:Gene,https://purl.humanatlas.io/graph/hra-pop
HGNC:1316,EML4,EML4,biolink:Gene,https://purl.humanatlas.io/graph/hra-pop
HGNC:13164,CNBP,CNBP,biolink:Gene,https://purl.humanatlas.io/graph/hra-pop
HGNC:13165,ZNF90,ZNF90,biolink:Gene,https://purl.humanatlas.io/graph/hra-pop
HGNC:13166,ZNF91,ZNF91,biolink:Gene,https://purl.humanatlas.io/graph/hra-pop
HGNC:13176,IKZF1,IKZF1,biolink:Gene,https://purl.humanatlas.io/graph/hra-pop
HGNC:13177,IKZF2,IKZF2,biolink:Gene,https://purl.humanatlas.io/graph/hra-pop
HGNC:13178,IKZF3,IKZF3,biolink:Gene,https://purl.humanatlas.io/graph/hra-pop
HGNC:1318,C3,C3,biolink:Gene,https://purl.humanatlas.io/graph/hra-pop
HGNC:1319,C3AR1,C3AR1,biolink:Gene,https://purl.humanatlas.io/graph/hra-pop
HGNC:132,ACTB,ACTB,biolink:Gene,https://purl.humanatlas.io/graph/hra-pop
HGNC:13202,ADAMTS9,ADAMTS9,biolink:Gene,https://purl.humanatlas.io/graph/hra-pop
HGNC:13205,STRADB,STRADB,biolink:Gene,https://purl.humanatlas.io/graph/hra-pop
HGNC:1321,TIMMDC1,TIMMDC1,biolink:Gene,https://purl.humanatlas.io/graph/hra-pop
HGNC:13211,ATP2C1,ATP2C1,biolink:Gene,https://purl.humanatlas.io/graph/hra-pop
HGNC:1322,CLDND1,CLDND1,biolink:Gene,https://purl.humanatlas.io/graph/hra-pop
HGNC:13221,BCL11A,BCL11A,biolink:Gene,https://purl.humanatlas.io/graph/hra-pop
HGNC:13222,BCL11B,BCL11B,biolink:Gene,https://purl.humanatlas.io/graph/hra-pop
HGNC:13229,BTN2A3P,BTN2A3P,biolink:Gene,https://purl.humanatlas.io/graph/hra-pop
HGNC:1323,C4A,C4A,biolink:Gene,https://purl.humanatlas.io/graph/hra-pop
HGNC:13232,RASSF8,RASSF8,biolink:Gene,https://purl.humanatlas.io/graph/hra-pop
HGNC:13236,URI1,URI1,biolink:Gene,https://purl.humanatlas.io/graph/hra-pop
HGNC:13237,TMEM59L,TMEM59L,biolink:Gene,https://purl.humanatlas.io/graph/hra-pop
HGNC:13238,APMAP,APMAP,biolink:Gene,https://purl.humanatlas.io/graph/hra-pop
HGNC:13239,EVA1C,EVA1C,biolink:Gene,https://purl.humanatlas.io/graph/hra-pop
HGNC:13241,RIBC2,RIBC2,biolink:Gene,https://purl.humanatlas.io/graph/hra-pop
HGNC:13244,NOM1,NOM1,biolink:Gene,https://purl.humanatlas.io/graph/hra-pop
HGNC:13247,FAM120A,FAM120A,biolink:Gene,https://purl.humanatlas.io/graph/hra-pop
HGNC:13249,CAPN12,CAPN12,biolink:Gene,https://purl.humanatlas.io/graph/hra-pop
HGNC:13253,CKLF,CKLF,biolink:Gene,https://purl.humanatlas.io/graph/hra-pop
HGNC:13257,CLEC4A,CLEC4A,biolink:Gene,https://purl.humanatlas.io/graph/hra-pop
HGNC:13258,CLEC4C,CLEC4C,biolink:Gene,https://purl.humanatlas.io/graph/hra-pop
HGNC:13266,DDX24,DDX24,biolink:Gene,https://purl.humanatlas.io/graph/hra-pop
HGNC:13273,DUOX2,DUOX2,biolink:Gene,https://purl.humanatlas.io/graph/hra-pop
HGNC:13275,ECE2,ECE2,biolink:Gene,https://purl.humanatlas.io/graph/hra-pop
HGNC:13276,EI24,EI24,biolink:Gene,https://purl.humanatlas.io/graph/hra-pop
HGNC:13278,EPB41L4A,EPB41L4A,biolink:Gene,https://purl.humanatlas.io/graph/hra-pop
HGNC:13280,ERO1A,ERO1A,biolink:Gene,https://purl.humanatlas.io/graph/hra-pop
HGNC:13285,FIGN,FIGN,biolink:Gene,https://purl.humanatlas.io/graph/hra-pop
HGNC:13286,FIGNL1,FIGNL1,biolink:Gene,https://purl.humanatlas.io/graph/hra-pop
HGNC:13287,FIGNL2,FIGNL2,biolink:Gene,https://purl.humanatlas.io/graph/hra-pop
HGNC:1329,SLC30A9,SLC30A9,biolink:Gene,https://purl.humanatlas.io/graph/hra-pop
HGNC:13291,GABARAPL2,GABARAPL2,biolink:Gene,https://purl.humanatlas.io/graph/hra-pop
HGNC:13299,LGR4,LGR4,biolink:Gene,https://purl.humanatlas.io/graph/hra-pop
HGNC:133,POTEH,POTEH,biolink:Gene,https://purl.humanatlas.io/graph/hra-pop
HGNC:13308,GPRC5B,GPRC5B,biolink:Gene,https://purl.humanatlas.io/graph/hra-pop
HGNC:13309,GPRC5C,GPRC5C,biolink:Gene,https://purl.humanatlas.io/graph/hra-pop
HGNC:13311,GSDMA,GSDMA,biolink:Gene,https://purl.humanatlas.io/graph/hra-pop
HGNC:13315,HDAC8,HDAC8,biolink:Gene,https://purl.humanatlas.io/graph/hra-pop
HGNC:13326,HUNK,HUNK,biolink:Gene,https://purl.humanatlas.io/graph/hra-pop
HGNC:1333,FAM114A2,FAM114A2,biolink:Gene,https://purl.humanatlas.io/graph/hra-pop
HGNC:13342,KLRF1,KLRF1,biolink:Gene,https://purl.humanatlas.io/graph/hra-pop
HGNC:13345,LPIN1,LPIN1,biolink:Gene,https://purl.humanatlas.io/graph/hra-pop
HGNC:13347,LXN,LXN,biolink:Gene,https://purl.humanatlas.io/graph/hra-pop
HGNC:13348,LY6D,LY6D,biolink:Gene,https://purl.humanatlas.io/graph/hra-pop
HGNC:1335,FAM13B,FAM13B,biolink:Gene,https://purl.humanatlas.io/graph/hra-pop
HGNC:13352,MAP1LC3B,MAP1LC3B,biolink:Gene,https://purl.humanatlas.io/graph/hra-pop
HGNC:13357,MCOLN2,MCOLN2,biolink:Gene,https://purl.humanatlas.io/graph/hra-pop
HGNC:13358,MCOLN3,MCOLN3,biolink:Gene,https://purl.humanatlas.io/graph/hra-pop
HGNC:13371,MS4A4A,MS4A4A,biolink:Gene,https://purl.humanatlas.io/graph/hra-pop
HGNC:13375,MS4A6A,MS4A6A,biolink:Gene,https://purl.humanatlas.io/graph/hra-pop
HGNC:13378,MS4A7,MS4A7,biolink:Gene,https://purl.humanatlas.io/graph/hra-pop
HGNC:1338,C5AR1,C5AR1,biolink:Gene,https://purl.humanatlas.io/graph/hra-pop
HGNC:13386,NEK7,NEK7,biolink:Gene,https://purl.humanatlas.io/graph/hra-pop
HGNC:13388,BEX3,BEX3,biolink:Gene,https://purl.humanatlas.io/graph/hra-pop
HGNC:13389,NID2,NID2,biolink:Gene,https://purl.humanatlas.io/graph/hra-pop
HGNC:1339,C6,C6,biolink:Gene,https://purl.humanatlas.io/graph/hra-pop
HGNC:13394,NPHS2,NPHS2,biolink:Gene,https://purl.humanatlas.io/graph/hra-pop
HGNC:13395,NAPSA,NAPSA,biolink:Gene,https://purl.humanatlas.io/graph/hra-pop
HGNC:13403,PBX4,PBX4,biolink:Gene,https://purl.humanatlas.io/graph/hra-pop
HGNC:13404,PCDH10,PCDH10,biolink:Gene,https://purl.humanatlas.io/graph/hra-pop
HGNC:13410,TSPAN32,TSPAN32,biolink:Gene,https://purl.humanatlas.io/graph/hra-pop
HGNC:13411,PHTF2,PHTF2,biolink:Gene,https://purl.humanatlas.io/graph/hra-pop
HGNC:13417,PPP2R3B,PPP2R3B,biolink:Gene,https://purl.humanatlas.io/graph/hra-pop
HGNC:13427,RBMS3,RBMS3,biolink:Gene,https://purl.humanatlas.io/graph/hra-pop
HGNC:13429,RLIM,RLIM,biolink:Gene,https://purl.humanatlas.io/graph/hra-pop
HGNC:1343,TRAF3IP2,TRAF3IP2,biolink:Gene,https://purl.humanatlas.io/graph/hra-pop
HGNC:13432,RNF19A,RNF19A,biolink:Gene,https://purl.humanatlas.io/graph/hra-pop
HGNC:13433,ROBO3,ROBO3,biolink:Gene,https://purl.humanatlas.io/graph/hra-pop
HGNC:13437,RSPH14,RSPH14,biolink:Gene,https://purl.humanatlas.io/graph/hra-pop
HGNC:13441,SCUBE1,SCUBE1,biolink:Gene,https://purl.humanatlas.io/graph/hra-pop
HGNC:13446,SLC2A9,SLC2A9,biolink:Gene,https://purl.humanatlas.io/graph/hra-pop
HGNC:13447,SLC38A1,SLC38A1,biolink:Gene,https://purl.humanatlas.io/graph/hra-pop
HGNC:13448,SLC38A2,SLC38A2,biolink:Gene,https://purl.humanatlas.io/graph/hra-pop
HGNC:13450,BANP,BANP,biolink:Gene,https://purl.humanatlas.io/graph/hra-pop
HGNC:13452,SPAG5,SPAG5,biolink:Gene,https://purl.humanatlas.io/graph/hra-pop
HGNC:1346,C7,C7,biolink:Gene,https://purl.humanatlas.io/graph/hra-pop
HGNC:13464,SERINC1,SERINC1,biolink:Gene,https://purl.humanatlas.io/graph/hra-pop
HGNC:13469,TNFRSF21,TNFRSF21,biolink:Gene,https://purl.humanatlas.io/graph/hra-pop
HGNC:13480,ULK2,ULK2,biolink:Gene,https://purl.humanatlas.io/graph/hra-pop
HGNC:13481,UNC93B1,UNC93B1,biolink:Gene,https://purl.humanatlas.io/graph/hra-pop
HGNC:13487,VPS35,VPS35,biolink:Gene,https://purl.humanatlas.io/graph/hra-pop
HGNC:13490,WDR7,WDR7,biolink:Gene,https://purl.humanatlas.io/graph/hra-pop
HGNC:13498,ZNF257,ZNF257,biolink:Gene,https://purl.humanatlas.io/graph/hra-pop
HGNC:13503,ZBTB20,ZBTB20,biolink:Gene,https://purl.humanatlas.io/graph/hra-pop
HGNC:13507,ZNF317,ZNF317,biolink:Gene,https://purl.humanatlas.io/graph/hra-pop
HGNC:13516,BIRC6,BIRC6,biolink:Gene,https://purl.humanatlas.io/graph/hra-pop
HGNC:13517,CLIC5,CLIC5,biolink:Gene,https://purl.humanatlas.io/graph/hra-pop
HGNC:13518,CLIC4,CLIC4,biolink:Gene,https://purl.humanatlas.io/graph/hra-pop
HGNC:13519,TLNRD1,TLNRD1,biolink:Gene,https://purl.humanatlas.io/graph/hra-pop
HGNC:13520,MESD,MESD,biolink:Gene,https://purl.humanatlas.io/graph/hra-pop
HGNC:13524,PTTG1IP,PTTG1IP,biolink:Gene,https://purl.humanatlas.io/graph/hra-pop
HGNC:13528,B3GNT3,B3GNT3,biolink:Gene,https://purl.humanatlas.io/graph/hra-pop
HGNC:13529,CNPY2,CNPY2,biolink:Gene,https://purl.humanatlas.io/graph/hra-pop
HGNC:13531,ATP8A1,ATP8A1,biolink:Gene,https://purl.humanatlas.io/graph/hra-pop
HGNC:13533,ATP8A2,ATP8A2,biolink:Gene,https://purl.humanatlas.io/graph/hra-pop
HGNC:13534,ATP8B2,ATP8B2,biolink:Gene,https://purl.humanatlas.io/graph/hra-pop
HGNC:13536,ATP8B4,ATP8B4,biolink:Gene,https://purl.humanatlas.io/graph/hra-pop
HGNC:13538,MARK4,MARK4,biolink:Gene,https://purl.humanatlas.io/graph/hra-pop
HGNC:13540,ATP9A,ATP9A,biolink:Gene,https://purl.humanatlas.io/graph/hra-pop
HGNC:13541,ATP9B,ATP9B,biolink:Gene,https://purl.humanatlas.io/graph/hra-pop
HGNC:13542,ATP10A,ATP10A,biolink:Gene,https://purl.humanatlas.io/graph/hra-pop
HGNC:13549,ATP10D,ATP10D,biolink:Gene,https://purl.humanatlas.io/graph/hra-pop
HGNC:13552,ATP11A,ATP11A,biolink:Gene,https://purl.humanatlas.io/graph/hra-pop
HGNC:13553,ATP11B,ATP11B,biolink:Gene,https://purl.humanatlas.io/graph/hra-pop
HGNC:13554,ATP11C,ATP11C,biolink:Gene,https://purl.humanatlas.io/graph/hra-pop
HGNC:13557,ACE2,ACE2,biolink:Gene,https://purl.humanatlas.io/graph/hra-pop
HGNC:13561,HIVEP3,HIVEP3,biolink:Gene,https://purl.humanatlas.io/graph/hra-pop
HGNC:13564,SPOCK2,SPOCK2,biolink:Gene,https://purl.humanatlas.io/graph/hra-pop
HGNC:13565,SPOCK3,SPOCK3,biolink:Gene,https://purl.humanatlas.io/graph/hra-pop
HGNC:13568,PGPEP1,PGPEP1,biolink:Gene,https://purl.humanatlas.io/graph/hra-pop
HGNC:1357,TCIM,TCIM,biolink:Gene,https://purl.humanatlas.io/graph/hra-pop
HGNC:13572,FCGBP,FCGBP,biolink:Gene,https://purl.humanatlas.io/graph/hra-pop
HGNC:13575,BRD4,BRD4,biolink:Gene,https://purl.humanatlas.io/graph/hra-pop
HGNC:13578,ZNF318,ZNF318,biolink:Gene,https://purl.humanatlas.io/graph/hra-pop
HGNC:13579,PAXBP1,PAXBP1,biolink:Gene,https://purl.humanatlas.io/graph/hra-pop
HGNC:1358,C9,C9,biolink:Gene,https://purl.humanatlas.io/graph/hra-pop
HGNC:13582,FBXO3,FBXO3,biolink:Gene,https://purl.humanatlas.io/graph/hra-pop
HGNC:13588,FBXO9,FBXO9,biolink:Gene,https://purl.humanatlas.io/graph/hra-pop
HGNC:13590,FBXO11,FBXO11,biolink:Gene,https://purl.humanatlas.io/graph/hra-pop
HGNC:13592,FBXO21,FBXO21,biolink:Gene,https://purl.humanatlas.io/graph/hra-pop
HGNC:13596,FBXO25,FBXO25,biolink:Gene,https://purl.humanatlas.io/graph/hra-pop
HGNC:13598,FBXL2,FBXL2,biolink:Gene,https://purl.humanatlas.io/graph/hra-pop
HGNC:13604,FBXL7,FBXL7,biolink:Gene,https://purl.humanatlas.io/graph/hra-pop
HGNC:13606,KDM2A,KDM2A,biolink:Gene,https://purl.humanatlas.io/graph/hra-pop
HGNC:1361,AOPEP,AOPEP,biolink:Gene,https://purl.humanatlas.io/graph/hra-pop
HGNC:13610,KDM2B,KDM2B,biolink:Gene,https://purl.humanatlas.io/graph/hra-pop
HGNC:13615,FBXL17,FBXL17,biolink:Gene,https://purl.humanatlas.io/graph/hra-pop
HGNC:13618,FBXO16,FBXO16,biolink:Gene,https://purl.humanatlas.io/graph/hra-pop
HGNC:13628,CACNG8,CACNG8,biolink:Gene,https://purl.humanatlas.io/graph/hra-pop
HGNC:13631,RPL36,RPL36,biolink:Gene,https://purl.humanatlas.io/graph/hra-pop
HGNC:13634,MAL2,MAL2,biolink:Gene,https://purl.humanatlas.io/graph/hra-pop
HGNC:13635,PLVAP,PLVAP,biolink:Gene,https://purl.humanatlas.io/graph/hra-pop
HGNC:13646,LAPTM4B,LAPTM4B,biolink:Gene,https://purl.humanatlas.io/graph/hra-pop
HGNC:13652,BDP1,BDP1,biolink:Gene,https://purl.humanatlas.io/graph/hra-pop
HGNC:13658,NTN4,NTN4,biolink:Gene,https://purl.humanatlas.io/graph/hra-pop
HGNC:13664,MACF1,MACF1,biolink:Gene,https://purl.humanatlas.io/graph/hra-pop
HGNC:13667,AP1M1,AP1M1,biolink:Gene,https://purl.humanatlas.io/graph/hra-pop
HGNC:13672,KLF13,KLF13,biolink:Gene,https://purl.humanatlas.io/graph/hra-pop
HGNC:13681,DCHS1,DCHS1,biolink:Gene,https://purl.humanatlas.io/graph/hra-pop
HGNC:1369,CA10,CA10,biolink:Gene,https://purl.humanatlas.io/graph/hra-pop
HGNC:13709,DEGS1,DEGS1,biolink:Gene,https://purl.humanatlas.io/graph/hra-pop
HGNC:1371,CA12,CA12,biolink:Gene,https://purl.humanatlas.io/graph/hra-pop
HGNC:13718,FOSL1,FOSL1,biolink:Gene,https://purl.humanatlas.io/graph/hra-pop
HGNC:13722,NUTF2,NUTF2,biolink:Gene,https://purl.humanatlas.io/graph/hra-pop
HGNC:13726,KMT2C,KMT2C,biolink:Gene,https://purl.humanatlas.io/graph/hra-pop
HGNC:13727,RANBP9,RANBP9,biolink:Gene,https://purl.humanatlas.io/graph/hra-pop
HGNC:1373,CA2,CA2,biolink:Gene,https://purl.humanatlas.io/graph/hra-pop
HGNC:13731,MAEA,MAEA,biolink:Gene,https://purl.humanatlas.io/graph/hra-pop
HGNC:13733,CDH23,CDH23,biolink:Gene,https://purl.humanatlas.io/graph/hra-pop
HGNC:13734,GLYAT,GLYAT,biolink:Gene,https://purl.humanatlas.io/graph/hra-pop
HGNC:13735,RGS19,RGS19,biolink:Gene,https://purl.humanatlas.io/graph/hra-pop
HGNC:13736,UBL5,UBL5,biolink:Gene,https://purl.humanatlas.io/graph/hra-pop
HGNC:1374,CA3,CA3,biolink:Gene,https://purl.humanatlas.io/graph/hra-pop
HGNC:13740,SNTG1,SNTG1,biolink:Gene,https://purl.humanatlas.io/graph/hra-pop
HGNC:13741,SNTG2,SNTG2,biolink:Gene,https://purl.humanatlas.io/graph/hra-pop
HGNC:13744,HERPUD1,HERPUD1,biolink:Gene,https://purl.humanatlas.io/graph/hra-pop
HGNC:13747,DLEU1,DLEU1,biolink:Gene,https://purl.humanatlas.io/graph/hra-pop
HGNC:13748,DLEU2,DLEU2,biolink:Gene,https://purl.humanatlas.io/graph/hra-pop
HGNC:13749,FAM3A,FAM3A,biolink:Gene,https://purl.humanatlas.io/graph/hra-pop
HGNC:1375,CA4,CA4,biolink:Gene,https://purl.humanatlas.io/graph/hra-pop
HGNC:13759,CYFIP1,CYFIP1,biolink:Gene,https://purl.humanatlas.io/graph/hra-pop
HGNC:13760,CYFIP2,CYFIP2,biolink:Gene,https://purl.humanatlas.io/graph/hra-pop
HGNC:13764,RELT,RELT,biolink:Gene,https://purl.humanatlas.io/graph/hra-pop
HGNC:13771,SOST,SOST,biolink:Gene,https://purl.humanatlas.io/graph/hra-pop
HGNC:13779,RNF24,RNF24,biolink:Gene,https://purl.humanatlas.io/graph/hra-pop
HGNC:1378,CA5B,CA5B,biolink:Gene,https://purl.humanatlas.io/graph/hra-pop
HGNC:13796,C18orf54,C18orf54,biolink:Gene,https://purl.humanatlas.io/graph/hra-pop
HGNC:13799,ERP29,ERP29,biolink:Gene,https://purl.humanatlas.io/graph/hra-pop
HGNC:13811,SLC4A10,SLC4A10,biolink:Gene,https://purl.humanatlas.io/graph/hra-pop
HGNC:13816,ATP12A,ATP12A,biolink:Gene,https://purl.humanatlas.io/graph/hra-pop
HGNC:1382,CA8,CA8,biolink:Gene,https://purl.humanatlas.io/graph/hra-pop
HGNC:13824,MMS19,MMS19,biolink:Gene,https://purl.humanatlas.io/graph/hra-pop
HGNC:1383,CA9,CA9,biolink:Gene,https://purl.humanatlas.io/graph/hra-pop
HGNC:13830,CNTNAP2,CNTNAP2,biolink:Gene,https://purl.humanatlas.io/graph/hra-pop
HGNC:13834,CNTNAP3,CNTNAP3,biolink:Gene,https://purl.humanatlas.io/graph/hra-pop
HGNC:13839,ADGRA3,ADGRA3,biolink:Gene,https://purl.humanatlas.io/graph/hra-pop
HGNC:13840,GPR89B,GPR89B,biolink:Gene,https://purl.humanatlas.io/graph/hra-pop
HGNC:13841,ADGRG6,ADGRG6,biolink:Gene,https://purl.humanatlas.io/graph/hra-pop
HGNC:13848,ZNF302,ZNF302,biolink:Gene,https://purl.humanatlas.io/graph/hra-pop
HGNC:13851,SCAND3,SCAND3,biolink:Gene,https://purl.humanatlas.io/graph/hra-pop
HGNC:1386,CABP4,CABP4,biolink:Gene,https://purl.humanatlas.io/graph/hra-pop
HGNC:13867,SH3KBP1,SH3KBP1,biolink:Gene,https://purl.humanatlas.io/graph/hra-pop
HGNC:13871,CPSF6,CPSF6,biolink:Gene,https://purl.humanatlas.io/graph/hra-pop
HGNC:13872,RIPOR2,RIPOR2,biolink:Gene,https://purl.humanatlas.io/graph/hra-pop
HGNC:13875,FOXP2,FOXP2,biolink:Gene,https://purl.humanatlas.io/graph/hra-pop
HGNC:13880,MYO1G,MYO1G,biolink:Gene,https://purl.humanatlas.io/graph/hra-pop
HGNC:13890,ITCH,ITCH,biolink:Gene,https://purl.humanatlas.io/graph/hra-pop
HGNC:1390,CACNA1C,CACNA1C,biolink:Gene,https://purl.humanatlas.io/graph/hra-pop
HGNC:13900,SGK2,SGK2,biolink:Gene,https://purl.humanatlas.io/graph/hra-pop
HGNC:13902,SERPINB7,SERPINB7,biolink:Gene,https://purl.humanatlas.io/graph/hra-pop
HGNC:13906,MXD4,MXD4,biolink:Gene,https://purl.humanatlas.io/graph/hra-pop
HGNC:1391,CACNA1D,CACNA1D,biolink:Gene,https://purl.humanatlas.io/graph/hra-pop
HGNC:13916,APOM,APOM,biolink:Gene,https://purl.humanatlas.io/graph/hra-pop
HGNC:13917,DDX39B,DDX39B,biolink:Gene,https://purl.humanatlas.io/graph/hra-pop
HGNC:1392,CACNA1E,CACNA1E,biolink:Gene,https://purl.humanatlas.io/graph/hra-pop
HGNC:13920,GPANK1,GPANK1,biolink:Gene,https://purl.humanatlas.io/graph/hra-pop
HGNC:13922,TSBP1,TSBP1,biolink:Gene,https://purl.humanatlas.io/graph/hra-pop
HGNC:13924,POLR1HASP,POLR1HASP,biolink:Gene,https://purl.humanatlas.io/graph/hra-pop
HGNC:13938,SAPCD1,SAPCD1,biolink:Gene,https://purl.humanatlas.io/graph/hra-pop
HGNC:1394,CACNA1G,CACNA1G,biolink:Gene,https://purl.humanatlas.io/graph/hra-pop
HGNC:13941,SLC44A4,SLC44A4,biolink:Gene,https://purl.humanatlas.io/graph/hra-pop
HGNC:13944,EGFL8,EGFL8,biolink:Gene,https://purl.humanatlas.io/graph/hra-pop
HGNC:13945,GPSM3,GPSM3,biolink:Gene,https://purl.humanatlas.io/graph/hra-pop
HGNC:13954,H2BC12,H2BC12,biolink:Gene,https://purl.humanatlas.io/graph/hra-pop
HGNC:1399,CACNA2D1,CACNA2D1,biolink:Gene,https://purl.humanatlas.io/graph/hra-pop
HGNC:13992,PDLIM2,PDLIM2,biolink:Gene,https://purl.humanatlas.io/graph/hra-pop
HGNC:13996,PRDM11,PRDM11,biolink:Gene,https://purl.humanatlas.io/graph/hra-pop
HGNC:14000,PRDM16,PRDM16,biolink:Gene,https://purl.humanatlas.io/graph/hra-pop
HGNC:14002,CDK2AP1,CDK2AP1,biolink:Gene,https://purl.humanatlas.io/graph/hra-pop
HGNC:14004,ANO3,ANO3,biolink:Gene,https://purl.humanatlas.io/graph/hra-pop
HGNC:14010,MGA,MGA,biolink:Gene,https://purl.humanatlas.io/graph/hra-pop
HGNC:1402,CACNB2,CACNB2,biolink:Gene,https://purl.humanatlas.io/graph/hra-pop
HGNC:14025,SLC5A7,SLC5A7,biolink:Gene,https://purl.humanatlas.io/graph/hra-pop
HGNC:14026,CSMD1,CSMD1,biolink:Gene,https://purl.humanatlas.io/graph/hra-pop
HGNC:14027,MRPL39,MRPL39,biolink:Gene,https://purl.humanatlas.io/graph/hra-pop
HGNC:14034,MRPL37,MRPL37,biolink:Gene,https://purl.humanatlas.io/graph/hra-pop
HGNC:14036,MRPL30,MRPL30,biolink:Gene,https://purl.humanatlas.io/graph/hra-pop
HGNC:1404,CACNB4,CACNB4,biolink:Gene,https://purl.humanatlas.io/graph/hra-pop
HGNC:14044,MRPL51,MRPL51,biolink:Gene,https://purl.humanatlas.io/graph/hra-pop
HGNC:14045,MRPS26,MRPS26,biolink:Gene,https://purl.humanatlas.io/graph/hra-pop
HGNC:14046,MRPS21,MRPS21,biolink:Gene,https://purl.humanatlas.io/graph/hra-pop
HGNC:14047,MRPS17,MRPS17,biolink:Gene,https://purl.humanatlas.io/graph/hra-pop
HGNC:14051,MRPS6,MRPS6,biolink:Gene,https://purl.humanatlas.io/graph/hra-pop
HGNC:14052,MRPL19,MRPL19,biolink:Gene,https://purl.humanatlas.io/graph/hra-pop
HGNC:14053,MRPL17,MRPL17,biolink:Gene,https://purl.humanatlas.io/graph/hra-pop
HGNC:14054,MRPL15,MRPL15,biolink:Gene,https://purl.humanatlas.io/graph/hra-pop
HGNC:14055,MRPL10,MRPL10,biolink:Gene,https://purl.humanatlas.io/graph/hra-pop
HGNC:14056,MRPL2,MRPL2,biolink:Gene,https://purl.humanatlas.io/graph/hra-pop
HGNC:14059,CELF6,CELF6,biolink:Gene,https://purl.humanatlas.io/graph/hra-pop
HGNC:1406,CACNG2,CACNG2,biolink:Gene,https://purl.humanatlas.io/graph/hra-pop
HGNC:14060,REV1,REV1,biolink:Gene,https://purl.humanatlas.io/graph/hra-pop
HGNC:14062,IGF2-AS,IGF2-AS,biolink:Gene,https://purl.humanatlas.io/graph/hra-pop
HGNC:14063,HDAC4,HDAC4,biolink:Gene,https://purl.humanatlas.io/graph/hra-pop
HGNC:14064,HDAC6,HDAC6,biolink:Gene,https://purl.humanatlas.io/graph/hra-pop
HGNC:14065,HDAC9,HDAC9,biolink:Gene,https://purl.humanatlas.io/graph/hra-pop
HGNC:14067,HDAC7,HDAC7,biolink:Gene,https://purl.humanatlas.io/graph/hra-pop
HGNC:14068,HDAC5,HDAC5,biolink:Gene,https://purl.humanatlas.io/graph/hra-pop
HGNC:14074,FMN2,FMN2,biolink:Gene,https://purl.humanatlas.io/graph/hra-pop
HGNC:14075,SGCZ,SGCZ,biolink:Gene,https://purl.humanatlas.io/graph/hra-pop
HGNC:14076,CERS2,CERS2,biolink:Gene,https://purl.humanatlas.io/graph/hra-pop
HGNC:14078,BACH2,BACH2,biolink:Gene,https://purl.humanatlas.io/graph/hra-pop
HGNC:1408,CACNG4,CACNG4,biolink:Gene,https://purl.humanatlas.io/graph/hra-pop
HGNC:14083,MYO15B,MYO15B,biolink:Gene,https://purl.humanatlas.io/graph/hra-pop
HGNC:14085,RTN4,RTN4,biolink:Gene,https://purl.humanatlas.io/graph/hra-pop
HGNC:14088,RGS17,RGS17,biolink:Gene,https://purl.humanatlas.io/graph/hra-pop
HGNC:14089,XAB2,XAB2,biolink:Gene,https://purl.humanatlas.io/graph/hra-pop
HGNC:14097,ZSCAN31,ZSCAN31,biolink:Gene,https://purl.humanatlas.io/graph/hra-pop
HGNC:14101,CNOT7,CNOT7,biolink:Gene,https://purl.humanatlas.io/graph/hra-pop
HGNC:14103,ARHGEF10,ARHGEF10,biolink:Gene,https://purl.humanatlas.io/graph/hra-pop
HGNC:14106,POLD4,POLD4,biolink:Gene,https://purl.humanatlas.io/graph/hra-pop
HGNC:14107,PMEPA1,PMEPA1,biolink:Gene,https://purl.humanatlas.io/graph/hra-pop
HGNC:14118,TPSD1,TPSD1,biolink:Gene,https://purl.humanatlas.io/graph/hra-pop
HGNC:14120,TPSB2,TPSB2,biolink:Gene,https://purl.humanatlas.io/graph/hra-pop
HGNC:14122,CRAMP1,CRAMP1,biolink:Gene,https://purl.humanatlas.io/graph/hra-pop
HGNC:14126,WASH4P,WASH4P,biolink:Gene,https://purl.humanatlas.io/graph/hra-pop
HGNC:14130,ARHGAP9,ARHGAP9,biolink:Gene,https://purl.humanatlas.io/graph/hra-pop
HGNC:14132,DOCK9,DOCK9,biolink:Gene,https://purl.humanatlas.io/graph/hra-pop
HGNC:14133,MSRB1,MSRB1,biolink:Gene,https://purl.humanatlas.io/graph/hra-pop
HGNC:14135,PIGQ,PIGQ,biolink:Gene,https://purl.humanatlas.io/graph/hra-pop
HGNC:14139,PRR35,PRR35,biolink:Gene,https://purl.humanatlas.io/graph/hra-pop
HGNC:14141,METTL26,METTL26,biolink:Gene,https://purl.humanatlas.io/graph/hra-pop
HGNC:14142,MCRIP2,MCRIP2,biolink:Gene,https://purl.humanatlas.io/graph/hra-pop
HGNC:14151,METRN,METRN,biolink:Gene,https://purl.humanatlas.io/graph/hra-pop
HGNC:14152,ANTKMT,ANTKMT,biolink:Gene,https://purl.humanatlas.io/graph/hra-pop
HGNC:14158,TMEM204,TMEM204,biolink:Gene,https://purl.humanatlas.io/graph/hra-pop
HGNC:14161,SNRNP25,SNRNP25,biolink:Gene,https://purl.humanatlas.io/graph/hra-pop
HGNC:14163,FAM234A,FAM234A,biolink:Gene,https://purl.humanatlas.io/graph/hra-pop
HGNC:14169,FAHD1,FAHD1,biolink:Gene,https://purl.humanatlas.io/graph/hra-pop
HGNC:14175,TSR3,TSR3,biolink:Gene,https://purl.humanatlas.io/graph/hra-pop
HGNC:14188,AVIL,AVIL,biolink:Gene,https://purl.humanatlas.io/graph/hra-pop
HGNC:14189,LST1,LST1,biolink:Gene,https://purl.humanatlas.io/graph/hra-pop
HGNC:14193,ARHGEF12,ARHGEF12,biolink:Gene,https://purl.humanatlas.io/graph/hra-pop
HGNC:14201,JPH1,JPH1,biolink:Gene,https://purl.humanatlas.io/graph/hra-pop
HGNC:14202,JPH2,JPH2,biolink:Gene,https://purl.humanatlas.io/graph/hra-pop
HGNC:14211,BLNK,BLNK,biolink:Gene,https://purl.humanatlas.io/graph/hra-pop
HGNC:14214,CIC,CIC,biolink:Gene,https://purl.humanatlas.io/graph/hra-pop
HGNC:14215,TRIM55,TRIM55,biolink:Gene,https://purl.humanatlas.io/graph/hra-pop
HGNC:14217,STK32B,STK32B,biolink:Gene,https://purl.humanatlas.io/graph/hra-pop
HGNC:14222,LHX9,LHX9,biolink:Gene,https://purl.humanatlas.io/graph/hra-pop
HGNC:14234,NSD1,NSD1,biolink:Gene,https://purl.humanatlas.io/graph/hra-pop
HGNC:14235,AASDHPPT,AASDHPPT,biolink:Gene,https://purl.humanatlas.io/graph/hra-pop
HGNC:14236,DERL3,DERL3,biolink:Gene,https://purl.humanatlas.io/graph/hra-pop
HGNC:14237,GUCD1,GUCD1,biolink:Gene,https://purl.humanatlas.io/graph/hra-pop
HGNC:14247,ATP5MG,ATP5MG,biolink:Gene,https://purl.humanatlas.io/graph/hra-pop
HGNC:14256,BRPF3,BRPF3,biolink:Gene,https://purl.humanatlas.io/graph/hra-pop
HGNC:14258,CD2AP,CD2AP,biolink:Gene,https://purl.humanatlas.io/graph/hra-pop
HGNC:1426,CADPS,CADPS,biolink:Gene,https://purl.humanatlas.io/graph/hra-pop
HGNC:14262,AUTS2,AUTS2,biolink:Gene,https://purl.humanatlas.io/graph/hra-pop
HGNC:14263,RAB23,RAB23,biolink:Gene,https://purl.humanatlas.io/graph/hra-pop
HGNC:14267,PCDH17,PCDH17,biolink:Gene,https://purl.humanatlas.io/graph/hra-pop
HGNC:14271,RASSF3,RASSF3,biolink:Gene,https://purl.humanatlas.io/graph/hra-pop
HGNC:14276,MRPL4,MRPL4,biolink:Gene,https://purl.humanatlas.io/graph/hra-pop
HGNC:14277,MRPL9,MRPL9,biolink:Gene,https://purl.humanatlas.io/graph/hra-pop
HGNC:14278,MRPL13,MRPL13,biolink:Gene,https://purl.humanatlas.io/graph/hra-pop
HGNC:14279,MRPL14,MRPL14,biolink:Gene,https://purl.humanatlas.io/graph/hra-pop
HGNC:14281,CRLF2,CRLF2,biolink:Gene,https://purl.humanatlas.io/graph/hra-pop
HGNC:14284,MS4A4E,MS4A4E,biolink:Gene,https://purl.humanatlas.io/graph/hra-pop
HGNC:14285,MS4A6E,MS4A6E,biolink:Gene,https://purl.humanatlas.io/graph/hra-pop
HGNC:14287,NLGN4X,NLGN4X,biolink:Gene,https://purl.humanatlas.io/graph/hra-pop
HGNC:14288,NTNG2,NTNG2,biolink:Gene,https://purl.humanatlas.io/graph/hra-pop
HGNC:14291,NLGN1,NLGN1,biolink:Gene,https://purl.humanatlas.io/graph/hra-pop
HGNC:14294,SHANK3,SHANK3,biolink:Gene,https://purl.humanatlas.io/graph/hra-pop
HGNC:14295,SHANK2,SHANK2,biolink:Gene,https://purl.humanatlas.io/graph/hra-pop
HGNC:14296,MT1M,MT1M,biolink:Gene,https://purl.humanatlas.io/graph/hra-pop
HGNC:14297,SPRYD7,SPRYD7,biolink:Gene,https://purl.humanatlas.io/graph/hra-pop
HGNC:14300,CSRNP1,CSRNP1,biolink:Gene,https://purl.humanatlas.io/graph/hra-pop
HGNC:14311,NUAK1,NUAK1,biolink:Gene,https://purl.humanatlas.io/graph/hra-pop
HGNC:14313,IFT81,IFT81,biolink:Gene,https://purl.humanatlas.io/graph/hra-pop
HGNC:14315,FCMR,FCMR,biolink:Gene,https://purl.humanatlas.io/graph/hra-pop
HGNC:14324,C1QTNF1,C1QTNF1,biolink:Gene,https://purl.humanatlas.io/graph/hra-pop
HGNC:14333,BAALC,BAALC,biolink:Gene,https://purl.humanatlas.io/graph/hra-pop
HGNC:14334,MRTFA,MRTFA,biolink:Gene,https://purl.humanatlas.io/graph/hra-pop
HGNC:14335,PLEKHA1,PLEKHA1,biolink:Gene,https://purl.humanatlas.io/graph/hra-pop
HGNC:14336,PLEKHA2,PLEKHA2,biolink:Gene,https://purl.humanatlas.io/graph/hra-pop
HGNC:14338,PLEKHA3,PLEKHA3,biolink:Gene,https://purl.humanatlas.io/graph/hra-pop
HGNC:1434,CALB1,CALB1,biolink:Gene,https://purl.humanatlas.io/graph/hra-pop
HGNC:14340,VPS29,VPS29,biolink:Gene,https://purl.humanatlas.io/graph/hra-pop
HGNC:14341,EDARADD,EDARADD,biolink:Gene,https://purl.humanatlas.io/graph/hra-pop
HGNC:14342,C1QTNF7,C1QTNF7,biolink:Gene,https://purl.humanatlas.io/graph/hra-pop
HGNC:14343,C1QTNF6,C1QTNF6,biolink:Gene,https://purl.humanatlas.io/graph/hra-pop
HGNC:14344,C1QTNF5,C1QTNF5,biolink:Gene,https://purl.humanatlas.io/graph/hra-pop
HGNC:14347,BCAS3,BCAS3,biolink:Gene,https://purl.humanatlas.io/graph/hra-pop
HGNC:14350,ARID3B,ARID3B,biolink:Gene,https://purl.humanatlas.io/graph/hra-pop
HGNC:14351,CLEC2D,CLEC2D,biolink:Gene,https://purl.humanatlas.io/graph/hra-pop
HGNC:14352,WDR13,WDR13,biolink:Gene,https://purl.humanatlas.io/graph/hra-pop
HGNC:14353,DNALI1,DNALI1,biolink:Gene,https://purl.humanatlas.io/graph/hra-pop
HGNC:14359,IRX2,IRX2,biolink:Gene,https://purl.humanatlas.io/graph/hra-pop
HGNC:14360,IRX3,IRX3,biolink:Gene,https://purl.humanatlas.io/graph/hra-pop
HGNC:14366,MMP28,MMP28,biolink:Gene,https://purl.humanatlas.io/graph/hra-pop
HGNC:14367,BCAS4,BCAS4,biolink:Gene,https://purl.humanatlas.io/graph/hra-pop
HGNC:14368,PRSS22,PRSS22,biolink:Gene,https://purl.humanatlas.io/graph/hra-pop
HGNC:1437,CALCA,CALCA,biolink:Gene,https://purl.humanatlas.io/graph/hra-pop
HGNC:14370,PRSS23,PRSS23,biolink:Gene,https://purl.humanatlas.io/graph/hra-pop
HGNC:14372,SCYL1,SCYL1,biolink:Gene,https://purl.humanatlas.io/graph/hra-pop
HGNC:14373,GLMN,GLMN,biolink:Gene,https://purl.humanatlas.io/graph/hra-pop
HGNC:14374,NLRP1,NLRP1,biolink:Gene,https://purl.humanatlas.io/graph/hra-pop
HGNC:14375,PPP1R15A,PPP1R15A,biolink:Gene,https://purl.humanatlas.io/graph/hra-pop
HGNC:14378,NOP10,NOP10,biolink:Gene,https://purl.humanatlas.io/graph/hra-pop
HGNC:14383,CDRT4,CDRT4,biolink:Gene,https://purl.humanatlas.io/graph/hra-pop
HGNC:14399,CPVL,CPVL,biolink:Gene,https://purl.humanatlas.io/graph/hra-pop
HGNC:144,ACTG1,ACTG1,biolink:Gene,https://purl.humanatlas.io/graph/hra-pop
HGNC:1440,CALCR,CALCR,biolink:Gene,https://purl.humanatlas.io/graph/hra-pop
HGNC:14402,HIPK2,HIPK2,biolink:Gene,https://purl.humanatlas.io/graph/hra-pop
HGNC:14405,KIF13B,KIF13B,biolink:Gene,https://purl.humanatlas.io/graph/hra-pop
HGNC:14406,PTPN23,PTPN23,biolink:Gene,https://purl.humanatlas.io/graph/hra-pop
HGNC:1441,CALD1,CALD1,biolink:Gene,https://purl.humanatlas.io/graph/hra-pop
HGNC:14410,DHX36,DHX36,biolink:Gene,https://purl.humanatlas.io/graph/hra-pop
HGNC:14411,SLC25A21,SLC25A21,biolink:Gene,https://purl.humanatlas.io/graph/hra-pop
HGNC:14412,AGXT2,AGXT2,biolink:Gene,https://purl.humanatlas.io/graph/hra-pop
HGNC:1442,CALM1,CALM1,biolink:Gene,https://purl.humanatlas.io/graph/hra-pop
HGNC:14422,BBX,BBX,biolink:Gene,https://purl.humanatlas.io/graph/hra-pop
HGNC:14428,RANBP17,RANBP17,biolink:Gene,https://purl.humanatlas.io/graph/hra-pop
HGNC:14430,SLC13A3,SLC13A3,biolink:Gene,https://purl.humanatlas.io/graph/hra-pop
HGNC:14432,TMEM237,TMEM237,biolink:Gene,https://purl.humanatlas.io/graph/hra-pop
HGNC:14434,CDK15,CDK15,biolink:Gene,https://purl.humanatlas.io/graph/hra-pop
HGNC:14436,RAPH1,RAPH1,biolink:Gene,https://purl.humanatlas.io/graph/hra-pop
HGNC:14437,CFLAR-AS1,CFLAR-AS1,biolink:Gene,https://purl.humanatlas.io/graph/hra-pop
HGNC:14440,FAM117B,FAM117B,biolink:Gene,https://purl.humanatlas.io/graph/hra-pop
HGNC:14442,ICA1L,ICA1L,biolink:Gene,https://purl.humanatlas.io/graph/hra-pop
HGNC:14446,PARD3B,PARD3B,biolink:Gene,https://purl.humanatlas.io/graph/hra-pop
HGNC:1445,CALM2,CALM2,biolink:Gene,https://purl.humanatlas.io/graph/hra-pop
HGNC:14450,LPIN2,LPIN2,biolink:Gene,https://purl.humanatlas.io/graph/hra-pop
HGNC:14452,ANAPC11,ANAPC11,biolink:Gene,https://purl.humanatlas.io/graph/hra-pop
HGNC:14453,MACROH2A2,MACROH2A2,biolink:Gene,https://purl.humanatlas.io/graph/hra-pop
HGNC:14456,H2AJ,H2AJ,biolink:Gene,https://purl.humanatlas.io/graph/hra-pop
HGNC:14458,GAB2,GAB2,biolink:Gene,https://purl.humanatlas.io/graph/hra-pop
HGNC:14460,NDRG2,NDRG2,biolink:Gene,https://purl.humanatlas.io/graph/hra-pop
HGNC:14461,SSC4D,SSC4D,biolink:Gene,https://purl.humanatlas.io/graph/hra-pop
HGNC:14463,SLC39A11,SLC39A11,biolink:Gene,https://purl.humanatlas.io/graph/hra-pop
HGNC:14466,NDRG4,NDRG4,biolink:Gene,https://purl.humanatlas.io/graph/hra-pop
HGNC:14467,SLC26A7,SLC26A7,biolink:Gene,https://purl.humanatlas.io/graph/hra-pop
HGNC:14468,SLC26A8,SLC26A8,biolink:Gene,https://purl.humanatlas.io/graph/hra-pop
HGNC:1447,CALM2P2,CALM2P2,biolink:Gene,https://purl.humanatlas.io/graph/hra-pop
HGNC:14477,MRPL18,MRPL18,biolink:Gene,https://purl.humanatlas.io/graph/hra-pop
HGNC:14478,MRPL20,MRPL20,biolink:Gene,https://purl.humanatlas.io/graph/hra-pop
HGNC:14484,MRPL28,MRPL28,biolink:Gene,https://purl.humanatlas.io/graph/hra-pop
HGNC:14487,MRPL33,MRPL33,biolink:Gene,https://purl.humanatlas.io/graph/hra-pop
HGNC:14488,MRPL34,MRPL34,biolink:Gene,https://purl.humanatlas.io/graph/hra-pop
HGNC:14489,MRPL35,MRPL35,biolink:Gene,https://purl.humanatlas.io/graph/hra-pop
HGNC:1449,CALM3,CALM3,biolink:Gene,https://purl.humanatlas.io/graph/hra-pop
HGNC:14490,MRPL36,MRPL36,biolink:Gene,https://purl.humanatlas.io/graph/hra-pop
HGNC:14491,MRPL40,MRPL40,biolink:Gene,https://purl.humanatlas.io/graph/hra-pop
HGNC:14492,MRPL41,MRPL41,biolink:Gene,https://purl.humanatlas.io/graph/hra-pop
HGNC:14493,MRPL42,MRPL42,biolink:Gene,https://purl.humanatlas.io/graph/hra-pop
HGNC:14498,MRPS5,MRPS5,biolink:Gene,https://purl.humanatlas.io/graph/hra-pop
HGNC:14499,MRPS7,MRPS7,biolink:Gene,https://purl.humanatlas.io/graph/hra-pop
HGNC:145,ACTG2,ACTG2,biolink:Gene,https://purl.humanatlas.io/graph/hra-pop
HGNC:14501,MRPS9,MRPS9,biolink:Gene,https://purl.humanatlas.io/graph/hra-pop
HGNC:14504,MRPS15,MRPS15,biolink:Gene,https://purl.humanatlas.io/graph/hra-pop
HGNC:14510,MRPS24,MRPS24,biolink:Gene,https://purl.humanatlas.io/graph/hra-pop
HGNC:14511,MRPS25,MRPS25,biolink:Gene,https://purl.humanatlas.io/graph/hra-pop
HGNC:14514,MRPL57,MRPL57,biolink:Gene,https://purl.humanatlas.io/graph/hra-pop
HGNC:14517,MRPL43,MRPL43,biolink:Gene,https://purl.humanatlas.io/graph/hra-pop
HGNC:14522,MIOX,MIOX,biolink:Gene,https://purl.humanatlas.io/graph/hra-pop
HGNC:14524,SPAG9,SPAG9,biolink:Gene,https://purl.humanatlas.io/graph/hra-pop
HGNC:14537,NPC2,NPC2,biolink:Gene,https://purl.humanatlas.io/graph/hra-pop
HGNC:14539,RNF213,RNF213,biolink:Gene,https://purl.humanatlas.io/graph/hra-pop
HGNC:14540,WNK1,WNK1,biolink:Gene,https://purl.humanatlas.io/graph/hra-pop
HGNC:14543,WNK3,WNK3,biolink:Gene,https://purl.humanatlas.io/graph/hra-pop
HGNC:14544,WNK4,WNK4,biolink:Gene,https://purl.humanatlas.io/graph/hra-pop
HGNC:14545,RASGRP3,RASGRP3,biolink:Gene,https://purl.humanatlas.io/graph/hra-pop
HGNC:14546,PCDHB16,PCDHB16,biolink:Gene,https://purl.humanatlas.io/graph/hra-pop
HGNC:1455,CALR,CALR,biolink:Gene,https://purl.humanatlas.io/graph/hra-pop
HGNC:14553,LRP10,LRP10,biolink:Gene,https://purl.humanatlas.io/graph/hra-pop
HGNC:14555,CLEC4E,CLEC4E,biolink:Gene,https://purl.humanatlas.io/graph/hra-pop
HGNC:14558,CLEC7A,CLEC7A,biolink:Gene,https://purl.humanatlas.io/graph/hra-pop
HGNC:14560,STOML1,STOML1,biolink:Gene,https://purl.humanatlas.io/graph/hra-pop
HGNC:14561,ARHGEF9,ARHGEF9,biolink:Gene,https://purl.humanatlas.io/graph/hra-pop
HGNC:14565,SORBS1,SORBS1,biolink:Gene,https://purl.humanatlas.io/graph/hra-pop
HGNC:14566,KIF13A,KIF13A,biolink:Gene,https://purl.humanatlas.io/graph/hra-pop
HGNC:14568,STK33,STK33,biolink:Gene,https://purl.humanatlas.io/graph/hra-pop
HGNC:14569,JPT1,JPT1,biolink:Gene,https://purl.humanatlas.io/graph/hra-pop
HGNC:14572,RHBG,RHBG,biolink:Gene,https://purl.humanatlas.io/graph/hra-pop
HGNC:14573,ENTPD4,ENTPD4,biolink:Gene,https://purl.humanatlas.io/graph/hra-pop
HGNC:14575,MEG3,MEG3,biolink:Gene,https://purl.humanatlas.io/graph/hra-pop
HGNC:14576,MCF2L,MCF2L,biolink:Gene,https://purl.humanatlas.io/graph/hra-pop
HGNC:1458,CALU,CALU,biolink:Gene,https://purl.humanatlas.io/graph/hra-pop
HGNC:14582,LAMP3,LAMP3,biolink:Gene,https://purl.humanatlas.io/graph/hra-pop
HGNC:14583,VPS11,VPS11,biolink:Gene,https://purl.humanatlas.io/graph/hra-pop
HGNC:14584,VPS16,VPS16,biolink:Gene,https://purl.humanatlas.io/graph/hra-pop
HGNC:14585,CAMK1G,CAMK1G,biolink:Gene,https://purl.humanatlas.io/graph/hra-pop
HGNC:14587,ING3,ING3,biolink:Gene,https://purl.humanatlas.io/graph/hra-pop
HGNC:14592,NET1,NET1,biolink:Gene,https://purl.humanatlas.io/graph/hra-pop
HGNC:14598,IMMP2L,IMMP2L,biolink:Gene,https://purl.humanatlas.io/graph/hra-pop
HGNC:14599,TINAG,TINAG,biolink:Gene,https://purl.humanatlas.io/graph/hra-pop
HGNC:146,ACTG1P1,ACTG1P1,biolink:Gene,https://purl.humanatlas.io/graph/hra-pop
HGNC:14601,ECI2,ECI2,biolink:Gene,https://purl.humanatlas.io/graph/hra-pop
HGNC:14603,DMTF1,DMTF1,biolink:Gene,https://purl.humanatlas.io/graph/hra-pop
HGNC:14604,AMN,AMN,biolink:Gene,https://purl.humanatlas.io/graph/hra-pop
HGNC:14605,ADAMTS12,ADAMTS12,biolink:Gene,https://purl.humanatlas.io/graph/hra-pop
HGNC:14615,PAPPA2,PAPPA2,biolink:Gene,https://purl.humanatlas.io/graph/hra-pop
HGNC:1462,CAMK2D,CAMK2D,biolink:Gene,https://purl.humanatlas.io/graph/hra-pop
HGNC:14621,NUF2,NUF2,biolink:Gene,https://purl.humanatlas.io/graph/hra-pop
HGNC:14626,CDCA5,CDCA5,biolink:Gene,https://purl.humanatlas.io/graph/hra-pop
HGNC:1463,CAMK2G,CAMK2G,biolink:Gene,https://purl.humanatlas.io/graph/hra-pop
HGNC:14631,ADAMTSL2,ADAMTSL2,biolink:Gene,https://purl.humanatlas.io/graph/hra-pop
HGNC:14632,ADAMTSL1,ADAMTSL1,biolink:Gene,https://purl.humanatlas.io/graph/hra-pop
HGNC:14633,ADAMTSL3,ADAMTSL3,biolink:Gene,https://purl.humanatlas.io/graph/hra-pop
HGNC:14634,PDAP1,PDAP1,biolink:Gene,https://purl.humanatlas.io/graph/hra-pop
HGNC:14638,ABCA13,ABCA13,biolink:Gene,https://purl.humanatlas.io/graph/hra-pop
HGNC:1464,CAMK4,CAMK4,biolink:Gene,https://purl.humanatlas.io/graph/hra-pop
HGNC:14644,NETO2,NETO2,biolink:Gene,https://purl.humanatlas.io/graph/hra-pop
HGNC:14648,LETM2,LETM2,biolink:Gene,https://purl.humanatlas.io/graph/hra-pop
HGNC:14652,PARVA,PARVA,biolink:Gene,https://purl.humanatlas.io/graph/hra-pop
HGNC:14653,PARVB,PARVB,biolink:Gene,https://purl.humanatlas.io/graph/hra-pop
HGNC:14654,PARVG,PARVG,biolink:Gene,https://purl.humanatlas.io/graph/hra-pop
HGNC:14656,DSCAML1,DSCAML1,biolink:Gene,https://purl.humanatlas.io/graph/hra-pop
HGNC:14661,EGLN3,EGLN3,biolink:Gene,https://purl.humanatlas.io/graph/hra-pop
HGNC:14673,FYCO1,FYCO1,biolink:Gene,https://purl.humanatlas.io/graph/hra-pop
HGNC:14674,PCDH15,PCDH15,biolink:Gene,https://purl.humanatlas.io/graph/hra-pop
HGNC:14676,LRRC2,LRRC2,biolink:Gene,https://purl.humanatlas.io/graph/hra-pop
HGNC:14677,DEAF1,DEAF1,biolink:Gene,https://purl.humanatlas.io/graph/hra-pop
HGNC:14678,KCTD12,KCTD12,biolink:Gene,https://purl.humanatlas.io/graph/hra-pop
HGNC:14679,SLC38A4,SLC38A4,biolink:Gene,https://purl.humanatlas.io/graph/hra-pop
HGNC:14681,SPATA2,SPATA2,biolink:Gene,https://purl.humanatlas.io/graph/hra-pop
HGNC:14683,POFUT2,POFUT2,biolink:Gene,https://purl.humanatlas.io/graph/hra-pop
HGNC:14685,F11R,F11R,biolink:Gene,https://purl.humanatlas.io/graph/hra-pop
HGNC:14686,JAM2,JAM2,biolink:Gene,https://purl.humanatlas.io/graph/hra-pop
HGNC:14687,LYVE1,LYVE1,biolink:Gene,https://purl.humanatlas.io/graph/hra-pop
HGNC:1469,CAMKK1,CAMKK1,biolink:Gene,https://purl.humanatlas.io/graph/hra-pop
HGNC:14725,OR2T2,OR2T2,biolink:Gene,https://purl.humanatlas.io/graph/hra-pop
HGNC:14729,OR2A4,OR2A4,biolink:Gene,https://purl.humanatlas.io/graph/hra-pop
HGNC:1473,CANX,CANX,biolink:Gene,https://purl.humanatlas.io/graph/hra-pop
HGNC:1474,CAPG,CAPG,biolink:Gene,https://purl.humanatlas.io/graph/hra-pop
HGNC:1476,CAPN1,CAPN1,biolink:Gene,https://purl.humanatlas.io/graph/hra-pop
HGNC:1477,CAPN10,CAPN10,biolink:Gene,https://purl.humanatlas.io/graph/hra-pop
HGNC:14773,OR5H8,OR5H8,biolink:Gene,https://purl.humanatlas.io/graph/hra-pop
HGNC:1479,CAPN2,CAPN2,biolink:Gene,https://purl.humanatlas.io/graph/hra-pop
HGNC:1481,CAPNS1,CAPNS1,biolink:Gene,https://purl.humanatlas.io/graph/hra-pop
HGNC:1484,CAPN7,CAPN7,biolink:Gene,https://purl.humanatlas.io/graph/hra-pop
HGNC:1485,CAPN8,CAPN8,biolink:Gene,https://purl.humanatlas.io/graph/hra-pop
HGNC:14859,UCK1,UCK1,biolink:Gene,https://purl.humanatlas.io/graph/hra-pop
HGNC:14860,UBXN4,UBXN4,biolink:Gene,https://purl.humanatlas.io/graph/hra-pop
HGNC:14865,ESX1,ESX1,biolink:Gene,https://purl.humanatlas.io/graph/hra-pop
HGNC:14868,APOL3,APOL3,biolink:Gene,https://purl.humanatlas.io/graph/hra-pop
HGNC:1487,CAPS,CAPS,biolink:Gene,https://purl.humanatlas.io/graph/hra-pop
HGNC:14870,APOL6,APOL6,biolink:Gene,https://purl.humanatlas.io/graph/hra-pop
HGNC:14871,PPP1R14A,PPP1R14A,biolink:Gene,https://purl.humanatlas.io/graph/hra-pop
HGNC:14872,ASPN,ASPN,biolink:Gene,https://purl.humanatlas.io/graph/hra-pop
HGNC:14873,RAI14,RAI14,biolink:Gene,https://purl.humanatlas.io/graph/hra-pop
HGNC:14874,NOX5,NOX5,biolink:Gene,https://purl.humanatlas.io/graph/hra-pop
HGNC:14875,FCRL2,FCRL2,biolink:Gene,https://purl.humanatlas.io/graph/hra-pop
HGNC:1488,CAPZA1,CAPZA1,biolink:Gene,https://purl.humanatlas.io/graph/hra-pop
HGNC:14881,ZEB2,ZEB2,biolink:Gene,https://purl.humanatlas.io/graph/hra-pop
HGNC:14886,DNAJB4,DNAJB4,biolink:Gene,https://purl.humanatlas.io/graph/hra-pop
HGNC:14887,DNAJB5,DNAJB5,biolink:Gene,https://purl.humanatlas.io/graph/hra-pop
HGNC:14888,DNAJB6,DNAJB6,biolink:Gene,https://purl.humanatlas.io/graph/hra-pop
HGNC:14890,THUMPD2,THUMPD2,biolink:Gene,https://purl.humanatlas.io/graph/hra-pop
HGNC:14892,DPP7,DPP7,biolink:Gene,https://purl.humanatlas.io/graph/hra-pop
HGNC:14897,ITPKC,ITPKC,biolink:Gene,https://purl.humanatlas.io/graph/hra-pop
HGNC:1490,CAPZA2,CAPZA2,biolink:Gene,https://purl.humanatlas.io/graph/hra-pop
HGNC:14906,NIN,NIN,biolink:Gene,https://purl.humanatlas.io/graph/hra-pop
HGNC:14909,TAS2R1,TAS2R1,biolink:Gene,https://purl.humanatlas.io/graph/hra-pop
HGNC:1491,CAPZB,CAPZB,biolink:Gene,https://purl.humanatlas.io/graph/hra-pop
HGNC:1492,SHPK,SHPK,biolink:Gene,https://purl.humanatlas.io/graph/hra-pop
HGNC:1493,CARS1,CARS1,biolink:Gene,https://purl.humanatlas.io/graph/hra-pop
HGNC:14933,SIRT5,SIRT5,biolink:Gene,https://purl.humanatlas.io/graph/hra-pop
HGNC:14937,PIGS,PIGS,biolink:Gene,https://purl.humanatlas.io/graph/hra-pop
HGNC:14938,PIGT,PIGT,biolink:Gene,https://purl.humanatlas.io/graph/hra-pop
HGNC:14940,PPP1R1C,PPP1R1C,biolink:Gene,https://purl.humanatlas.io/graph/hra-pop
HGNC:14942,PPP1R3B,PPP1R3B,biolink:Gene,https://purl.humanatlas.io/graph/hra-pop
HGNC:14946,PPP1R9A,PPP1R9A,biolink:Gene,https://purl.humanatlas.io/graph/hra-pop
HGNC:14948,RCC1L,RCC1L,biolink:Gene,https://purl.humanatlas.io/graph/hra-pop
HGNC:14950,PPP1R13B,PPP1R13B,biolink:Gene,https://purl.humanatlas.io/graph/hra-pop
HGNC:14957,PUM1,PUM1,biolink:Gene,https://purl.humanatlas.io/graph/hra-pop
HGNC:14958,PUM2,PUM2,biolink:Gene,https://purl.humanatlas.io/graph/hra-pop
HGNC:14959,RBM15,RBM15,biolink:Gene,https://purl.humanatlas.io/graph/hra-pop
HGNC:14966,PXDN,PXDN,biolink:Gene,https://purl.humanatlas.io/graph/hra-pop
HGNC:14969,SNX5,SNX5,biolink:Gene,https://purl.humanatlas.io/graph/hra-pop
HGNC:1497,CASK,CASK,biolink:Gene,https://purl.humanatlas.io/graph/hra-pop
HGNC:14970,SNX6,SNX6,biolink:Gene,https://purl.humanatlas.io/graph/hra-pop
HGNC:14972,SNX8,SNX8,biolink:Gene,https://purl.humanatlas.io/graph/hra-pop
HGNC:14973,SNX9,SNX9,biolink:Gene,https://purl.humanatlas.io/graph/hra-pop
HGNC:14974,SNX10,SNX10,biolink:Gene,https://purl.humanatlas.io/graph/hra-pop
HGNC:14977,SNX14,SNX14,biolink:Gene,https://purl.humanatlas.io/graph/hra-pop
HGNC:14979,SNX17,SNX17,biolink:Gene,https://purl.humanatlas.io/graph/hra-pop
HGNC:14981,PAPOLA,PAPOLA,biolink:Gene,https://purl.humanatlas.io/graph/hra-pop
HGNC:14985,LUZP1,LUZP1,biolink:Gene,https://purl.humanatlas.io/graph/hra-pop
HGNC:14988,POFUT1,POFUT1,biolink:Gene,https://purl.humanatlas.io/graph/hra-pop
HGNC:1499,CASP1,CASP1,biolink:Gene,https://purl.humanatlas.io/graph/hra-pop
HGNC:1504,CASP3,CASP3,biolink:Gene,https://purl.humanatlas.io/graph/hra-pop
HGNC:1507,CASP6,CASP6,biolink:Gene,https://purl.humanatlas.io/graph/hra-pop
HGNC:1509,CASP8,CASP8,biolink:Gene,https://purl.humanatlas.io/graph/hra-pop
HGNC:1510,CASP8AP2,CASP8AP2,biolink:Gene,https://purl.humanatlas.io/graph/hra-pop
HGNC:1511,CASP9,CASP9,biolink:Gene,https://purl.humanatlas.io/graph/hra-pop
HGNC:15110,OR1L8,OR1L8,biolink:Gene,https://purl.humanatlas.io/graph/hra-pop
HGNC:1514,CASR,CASR,biolink:Gene,https://purl.humanatlas.io/graph/hra-pop
HGNC:1515,CAST,CAST,biolink:Gene,https://purl.humanatlas.io/graph/hra-pop
HGNC:1516,CAT,CAT,biolink:Gene,https://purl.humanatlas.io/graph/hra-pop
HGNC:15194,OR51E1,OR51E1,biolink:Gene,https://purl.humanatlas.io/graph/hra-pop
HGNC:15201,OR51I2,OR51I2,biolink:Gene,https://purl.humanatlas.io/graph/hra-pop
HGNC:15220,OR52I1,OR52I1,biolink:Gene,https://purl.humanatlas.io/graph/hra-pop
HGNC:15246,OR56B2P,OR56B2P,biolink:Gene,https://purl.humanatlas.io/graph/hra-pop
HGNC:1527,CAV1,CAV1,biolink:Gene,https://purl.humanatlas.io/graph/hra-pop
HGNC:15273,OR5BE1P,OR5BE1P,biolink:Gene,https://purl.humanatlas.io/graph/hra-pop
HGNC:1528,CAV2,CAV2,biolink:Gene,https://purl.humanatlas.io/graph/hra-pop
HGNC:1530,MICU1,MICU1,biolink:Gene,https://purl.humanatlas.io/graph/hra-pop
HGNC:15335,OR2AP1,OR2AP1,biolink:Gene,https://purl.humanatlas.io/graph/hra-pop
HGNC:15347,OR11H4,OR11H4,biolink:Gene,https://purl.humanatlas.io/graph/hra-pop
HGNC:1535,RUNX1T1,RUNX1T1,biolink:Gene,https://purl.humanatlas.io/graph/hra-pop
HGNC:1536,CBFA2T2,CBFA2T2,biolink:Gene,https://purl.humanatlas.io/graph/hra-pop
HGNC:1537,CBFA2T3,CBFA2T3,biolink:Gene,https://purl.humanatlas.io/graph/hra-pop
HGNC:1539,CBFB,CBFB,biolink:Gene,https://purl.humanatlas.io/graph/hra-pop
HGNC:1541,CBL,CBL,biolink:Gene,https://purl.humanatlas.io/graph/hra-pop
HGNC:1542,CBLB,CBLB,biolink:Gene,https://purl.humanatlas.io/graph/hra-pop
HGNC:15448,GOLIM4,GOLIM4,biolink:Gene,https://purl.humanatlas.io/graph/hra-pop
HGNC:15451,GOLM1,GOLM1,biolink:Gene,https://purl.humanatlas.io/graph/hra-pop
HGNC:15453,ACBD3,ACBD3,biolink:Gene,https://purl.humanatlas.io/graph/hra-pop
HGNC:15454,SHOC2,SHOC2,biolink:Gene,https://purl.humanatlas.io/graph/hra-pop
HGNC:15456,MBTPS1,MBTPS1,biolink:Gene,https://purl.humanatlas.io/graph/hra-pop
HGNC:1546,SERPINH1,SERPINH1,biolink:Gene,https://purl.humanatlas.io/graph/hra-pop
HGNC:15460,CACNA2D3,CACNA2D3,biolink:Gene,https://purl.humanatlas.io/graph/hra-pop
HGNC:15465,GPHN,GPHN,biolink:Gene,https://purl.humanatlas.io/graph/hra-pop
HGNC:15466,WFDC1,WFDC1,biolink:Gene,https://purl.humanatlas.io/graph/hra-pop
HGNC:15468,DYNLRB1,DYNLRB1,biolink:Gene,https://purl.humanatlas.io/graph/hra-pop
HGNC:15469,DNAJC6,DNAJC6,biolink:Gene,https://purl.humanatlas.io/graph/hra-pop
HGNC:15470,DNAJC8,DNAJC8,biolink:Gene,https://purl.humanatlas.io/graph/hra-pop
HGNC:15471,ALDH8A1,ALDH8A1,biolink:Gene,https://purl.humanatlas.io/graph/hra-pop
HGNC:15472,ALDH1A2,ALDH1A2,biolink:Gene,https://purl.humanatlas.io/graph/hra-pop
HGNC:15476,DYNLL1,DYNLL1,biolink:Gene,https://purl.humanatlas.io/graph/hra-pop
HGNC:1548,CBR1,CBR1,biolink:Gene,https://purl.humanatlas.io/graph/hra-pop
HGNC:15480,DIAPH3,DIAPH3,biolink:Gene,https://purl.humanatlas.io/graph/hra-pop
HGNC:15483,CDKL3,CDKL3,biolink:Gene,https://purl.humanatlas.io/graph/hra-pop
HGNC:15486,NCKIPSD,NCKIPSD,biolink:Gene,https://purl.humanatlas.io/graph/hra-pop
HGNC:15488,IL23A,IL23A,biolink:Gene,https://purl.humanatlas.io/graph/hra-pop
HGNC:15489,ZNF331,ZNF331,biolink:Gene,https://purl.humanatlas.io/graph/hra-pop
HGNC:15494,C1orf21,C1orf21,biolink:Gene,https://purl.humanatlas.io/graph/hra-pop
HGNC:15500,LENG8,LENG8,biolink:Gene,https://purl.humanatlas.io/graph/hra-pop
HGNC:15503,LILRA4,LILRA4,biolink:Gene,https://purl.humanatlas.io/graph/hra-pop
HGNC:15504,BTBD2,BTBD2,biolink:Gene,https://purl.humanatlas.io/graph/hra-pop
HGNC:15506,TSEN34,TSEN34,biolink:Gene,https://purl.humanatlas.io/graph/hra-pop
HGNC:15508,PUS1,PUS1,biolink:Gene,https://purl.humanatlas.io/graph/hra-pop
HGNC:15513,SMYD3,SMYD3,biolink:Gene,https://purl.humanatlas.io/graph/hra-pop
HGNC:15514,PICALM,PICALM,biolink:Gene,https://purl.humanatlas.io/graph/hra-pop
HGNC:15515,ARHGEF16,ARHGEF16,biolink:Gene,https://purl.humanatlas.io/graph/hra-pop
HGNC:15516,XYLT1,XYLT1,biolink:Gene,https://purl.humanatlas.io/graph/hra-pop
HGNC:15517,XYLT2,XYLT2,biolink:Gene,https://purl.humanatlas.io/graph/hra-pop
HGNC:15519,BOP1,BOP1,biolink:Gene,https://purl.humanatlas.io/graph/hra-pop
HGNC:15520,LPAR6,LPAR6,biolink:Gene,https://purl.humanatlas.io/graph/hra-pop
HGNC:15521,KCNIP1,KCNIP1,biolink:Gene,https://purl.humanatlas.io/graph/hra-pop
HGNC:15524,P2RY8,P2RY8,biolink:Gene,https://purl.humanatlas.io/graph/hra-pop
HGNC:1553,CBX3,CBX3,biolink:Gene,https://purl.humanatlas.io/graph/hra-pop
HGNC:15530,TULP4,TULP4,biolink:Gene,https://purl.humanatlas.io/graph/hra-pop
HGNC:15531,EBNA1BP2,EBNA1BP2,biolink:Gene,https://purl.humanatlas.io/graph/hra-pop
HGNC:15532,JAM3,JAM3,biolink:Gene,https://purl.humanatlas.io/graph/hra-pop
HGNC:1555,CBX5,CBX5,biolink:Gene,https://purl.humanatlas.io/graph/hra-pop
HGNC:15550,ARID4B,ARID4B,biolink:Gene,https://purl.humanatlas.io/graph/hra-pop
HGNC:15559,CHCHD10,CHCHD10,biolink:Gene,https://purl.humanatlas.io/graph/hra-pop
HGNC:15568,SH3BGRL3,SH3BGRL3,biolink:Gene,https://purl.humanatlas.io/graph/hra-pop
HGNC:15573,SETBP1,SETBP1,biolink:Gene,https://purl.humanatlas.io/graph/hra-pop
HGNC:15574,RB1CC1,RB1CC1,biolink:Gene,https://purl.humanatlas.io/graph/hra-pop
HGNC:15576,MYO3B,MYO3B,biolink:Gene,https://purl.humanatlas.io/graph/hra-pop
HGNC:15580,PDE4DIP,PDE4DIP,biolink:Gene,https://purl.humanatlas.io/graph/hra-pop
HGNC:15584,SYTL1,SYTL1,biolink:Gene,https://purl.humanatlas.io/graph/hra-pop
HGNC:15585,SYTL2,SYTL2,biolink:Gene,https://purl.humanatlas.io/graph/hra-pop
HGNC:15587,SYTL3,SYTL3,biolink:Gene,https://purl.humanatlas.io/graph/hra-pop
HGNC:15590,ARHGEF15,ARHGEF15,biolink:Gene,https://purl.humanatlas.io/graph/hra-pop
HGNC:15592,SS18L1,SS18L1,biolink:Gene,https://purl.humanatlas.io/graph/hra-pop
HGNC:15595,SLC12A8,SLC12A8,biolink:Gene,https://purl.humanatlas.io/graph/hra-pop
HGNC:15605,SKAP1,SKAP1,biolink:Gene,https://purl.humanatlas.io/graph/hra-pop
HGNC:15606,LAMTOR3,LAMTOR3,biolink:Gene,https://purl.humanatlas.io/graph/hra-pop
HGNC:15608,NOLC1,NOLC1,biolink:Gene,https://purl.humanatlas.io/graph/hra-pop
HGNC:15620,SIGLEC10,SIGLEC10,biolink:Gene,https://purl.humanatlas.io/graph/hra-pop
HGNC:15625,NBAS,NBAS,biolink:Gene,https://purl.humanatlas.io/graph/hra-pop
HGNC:15626,FCGR2C,FCGR2C,biolink:Gene,https://purl.humanatlas.io/graph/hra-pop
HGNC:15631,TLR7,TLR7,biolink:Gene,https://purl.humanatlas.io/graph/hra-pop
HGNC:15664,UGGT2,UGGT2,biolink:Gene,https://purl.humanatlas.io/graph/hra-pop
HGNC:15667,MTPN,MTPN,biolink:Gene,https://purl.humanatlas.io/graph/hra-pop
HGNC:15669,TAGAP,TAGAP,biolink:Gene,https://purl.humanatlas.io/graph/hra-pop
HGNC:15671,NFKBID,NFKBID,biolink:Gene,https://purl.humanatlas.io/graph/hra-pop
HGNC:15673,PHIP,PHIP,biolink:Gene,https://purl.humanatlas.io/graph/hra-pop
HGNC:15674,SSBP3,SSBP3,biolink:Gene,https://purl.humanatlas.io/graph/hra-pop
HGNC:15676,SSBP4,SSBP4,biolink:Gene,https://purl.humanatlas.io/graph/hra-pop
HGNC:15679,CTTNBP2,CTTNBP2,biolink:Gene,https://purl.humanatlas.io/graph/hra-pop
HGNC:15682,PHC3,PHC3,biolink:Gene,https://purl.humanatlas.io/graph/hra-pop
HGNC:15687,SKAP2,SKAP2,biolink:Gene,https://purl.humanatlas.io/graph/hra-pop
HGNC:15708,PAQR8,PAQR8,biolink:Gene,https://purl.humanatlas.io/graph/hra-pop
HGNC:15710,LDB3,LDB3,biolink:Gene,https://purl.humanatlas.io/graph/hra-pop
HGNC:15714,LRPPRC,LRPPRC,biolink:Gene,https://purl.humanatlas.io/graph/hra-pop
HGNC:15715,MAP1S,MAP1S,biolink:Gene,https://purl.humanatlas.io/graph/hra-pop
HGNC:15716,HEBP2,HEBP2,biolink:Gene,https://purl.humanatlas.io/graph/hra-pop
HGNC:15717,GEMIN4,GEMIN4,biolink:Gene,https://purl.humanatlas.io/graph/hra-pop
HGNC:15718,APCDD1,APCDD1,biolink:Gene,https://purl.humanatlas.io/graph/hra-pop
HGNC:15719,OBSCN,OBSCN,biolink:Gene,https://purl.humanatlas.io/graph/hra-pop
HGNC:15720,STRN3,STRN3,biolink:Gene,https://purl.humanatlas.io/graph/hra-pop
HGNC:15734,KIRREL1,KIRREL1,biolink:Gene,https://purl.humanatlas.io/graph/hra-pop
HGNC:15736,HID1,HID1,biolink:Gene,https://purl.humanatlas.io/graph/hra-pop
HGNC:15739,RASSF9,RASSF9,biolink:Gene,https://purl.humanatlas.io/graph/hra-pop
HGNC:15750,DSTN,DSTN,biolink:Gene,https://purl.humanatlas.io/graph/hra-pop
HGNC:15751,NAPB,NAPB,biolink:Gene,https://purl.humanatlas.io/graph/hra-pop
HGNC:15754,MYL9,MYL9,biolink:Gene,https://purl.humanatlas.io/graph/hra-pop
HGNC:15759,ADRM1,ADRM1,biolink:Gene,https://purl.humanatlas.io/graph/hra-pop
HGNC:15764,TGIF2,TGIF2,biolink:Gene,https://purl.humanatlas.io/graph/hra-pop
HGNC:15766,ADNP,ADNP,biolink:Gene,https://purl.humanatlas.io/graph/hra-pop
HGNC:15767,FERMT2,FERMT2,biolink:Gene,https://purl.humanatlas.io/graph/hra-pop
HGNC:15768,OGFR,OGFR,biolink:Gene,https://purl.humanatlas.io/graph/hra-pop
HGNC:15769,NT5M,NT5M,biolink:Gene,https://purl.humanatlas.io/graph/hra-pop
HGNC:15771,CPXM1,CPXM1,biolink:Gene,https://purl.humanatlas.io/graph/hra-pop
HGNC:15772,ARFGEF1,ARFGEF1,biolink:Gene,https://purl.humanatlas.io/graph/hra-pop
HGNC:15784,ULK4,ULK4,biolink:Gene,https://purl.humanatlas.io/graph/hra-pop
HGNC:15789,METAP1,METAP1,biolink:Gene,https://purl.humanatlas.io/graph/hra-pop
HGNC:15801,FER1L4,FER1L4,biolink:Gene,https://purl.humanatlas.io/graph/hra-pop
HGNC:15808,GZF1,GZF1,biolink:Gene,https://purl.humanatlas.io/graph/hra-pop
HGNC:15811,SLX9,SLX9,biolink:Gene,https://purl.humanatlas.io/graph/hra-pop
HGNC:1582,CCND1,CCND1,biolink:Gene,https://purl.humanatlas.io/graph/hra-pop
HGNC:15822,OXR1,OXR1,biolink:Gene,https://purl.humanatlas.io/graph/hra-pop
HGNC:15825,HIF3A,HIF3A,biolink:Gene,https://purl.humanatlas.io/graph/hra-pop
HGNC:15828,RASD1,RASD1,biolink:Gene,https://purl.humanatlas.io/graph/hra-pop
HGNC:1583,CCND2,CCND2,biolink:Gene,https://purl.humanatlas.io/graph/hra-pop
HGNC:15831,SSBP2,SSBP2,biolink:Gene,https://purl.humanatlas.io/graph/hra-pop
HGNC:15833,PHACTR3,PHACTR3,biolink:Gene,https://purl.humanatlas.io/graph/hra-pop
HGNC:15838,RPS2P7,RPS2P7,biolink:Gene,https://purl.humanatlas.io/graph/hra-pop
HGNC:15846,PALMD,PALMD,biolink:Gene,https://purl.humanatlas.io/graph/hra-pop
HGNC:15847,RBP5,RBP5,biolink:Gene,https://purl.humanatlas.io/graph/hra-pop
HGNC:15848,SEPTIN6,SEPTIN6,biolink:Gene,https://purl.humanatlas.io/graph/hra-pop
HGNC:1585,CCND3,CCND3,biolink:Gene,https://purl.humanatlas.io/graph/hra-pop
HGNC:15850,PPP1R16B,PPP1R16B,biolink:Gene,https://purl.humanatlas.io/graph/hra-pop
HGNC:15851,NECAB3,NECAB3,biolink:Gene,https://purl.humanatlas.io/graph/hra-pop
HGNC:15852,ARFGAP1,ARFGAP1,biolink:Gene,https://purl.humanatlas.io/graph/hra-pop
HGNC:15853,ARFGEF2,ARFGEF2,biolink:Gene,https://purl.humanatlas.io/graph/hra-pop
HGNC:15854,BTBD3,BTBD3,biolink:Gene,https://purl.humanatlas.io/graph/hra-pop
HGNC:15855,CD93,CD93,biolink:Gene,https://purl.humanatlas.io/graph/hra-pop
HGNC:15864,RBCK1,RBCK1,biolink:Gene,https://purl.humanatlas.io/graph/hra-pop
HGNC:15865,KIZ,KIZ,biolink:Gene,https://purl.humanatlas.io/graph/hra-pop
HGNC:15866,MRGBP,MRGBP,biolink:Gene,https://purl.humanatlas.io/graph/hra-pop
HGNC:15867,YTHDF1,YTHDF1,biolink:Gene,https://purl.humanatlas.io/graph/hra-pop
HGNC:15868,ABHD12,ABHD12,biolink:Gene,https://purl.humanatlas.io/graph/hra-pop
HGNC:15869,KIF16B,KIF16B,biolink:Gene,https://purl.humanatlas.io/graph/hra-pop
HGNC:1587,CCNDBP1,CCNDBP1,biolink:Gene,https://purl.humanatlas.io/graph/hra-pop
HGNC:15872,CFAP61,CFAP61,biolink:Gene,https://purl.humanatlas.io/graph/hra-pop
HGNC:15873,ADISSP,ADISSP,biolink:Gene,https://purl.humanatlas.io/graph/hra-pop
HGNC:15876,TMEM230,TMEM230,biolink:Gene,https://purl.humanatlas.io/graph/hra-pop
HGNC:15879,CTNNBL1,CTNNBL1,biolink:Gene,https://purl.humanatlas.io/graph/hra-pop
HGNC:15880,CDK5RAP1,CDK5RAP1,biolink:Gene,https://purl.humanatlas.io/graph/hra-pop
HGNC:15882,PCMTD2,PCMTD2,biolink:Gene,https://purl.humanatlas.io/graph/hra-pop
HGNC:15887,LSM14B,LSM14B,biolink:Gene,https://purl.humanatlas.io/graph/hra-pop
HGNC:15889,FERMT1,FERMT1,biolink:Gene,https://purl.humanatlas.io/graph/hra-pop
HGNC:15891,UQCC1,UQCC1,biolink:Gene,https://purl.humanatlas.io/graph/hra-pop
HGNC:15894,PANK2,PANK2,biolink:Gene,https://purl.humanatlas.io/graph/hra-pop
HGNC:15898,ESF1,ESF1,biolink:Gene,https://purl.humanatlas.io/graph/hra-pop
HGNC:15899,NDUFAF5,NDUFAF5,biolink:Gene,https://purl.humanatlas.io/graph/hra-pop
HGNC:15905,L3MBTL1,L3MBTL1,biolink:Gene,https://purl.humanatlas.io/graph/hra-pop
HGNC:15906,MYH7B,MYH7B,biolink:Gene,https://purl.humanatlas.io/graph/hra-pop
HGNC:15908,NAA20,NAA20,biolink:Gene,https://purl.humanatlas.io/graph/hra-pop
HGNC:15909,NCOA5,NCOA5,biolink:Gene,https://purl.humanatlas.io/graph/hra-pop
HGNC:1591,CCNF,CCNF,biolink:Gene,https://purl.humanatlas.io/graph/hra-pop
HGNC:15911,NOP56,NOP56,biolink:Gene,https://purl.humanatlas.io/graph/hra-pop
HGNC:15912,NSFL1C,NSFL1C,biolink:Gene,https://purl.humanatlas.io/graph/hra-pop
HGNC:15917,PLCB1,PLCB1,biolink:Gene,https://purl.humanatlas.io/graph/hra-pop
HGNC:1592,CCNG1,CCNG1,biolink:Gene,https://purl.humanatlas.io/graph/hra-pop
HGNC:15921,RALY,RALY,biolink:Gene,https://purl.humanatlas.io/graph/hra-pop
HGNC:15923,RBM39,RBM39,biolink:Gene,https://purl.humanatlas.io/graph/hra-pop
HGNC:15925,SAMHD1,SAMHD1,biolink:Gene,https://purl.humanatlas.io/graph/hra-pop
HGNC:15927,ERGIC3,ERGIC3,biolink:Gene,https://purl.humanatlas.io/graph/hra-pop
HGNC:15935,ZHX3,ZHX3,biolink:Gene,https://purl.humanatlas.io/graph/hra-pop
HGNC:15938,UCKL1,UCKL1,biolink:Gene,https://purl.humanatlas.io/graph/hra-pop
HGNC:15939,WFDC2,WFDC2,biolink:Gene,https://purl.humanatlas.io/graph/hra-pop
HGNC:1594,CCNH,CCNH,biolink:Gene,https://purl.humanatlas.io/graph/hra-pop
HGNC:15940,ZFP64,ZFP64,biolink:Gene,https://purl.humanatlas.io/graph/hra-pop
HGNC:15942,STX18,STX18,biolink:Gene,https://purl.humanatlas.io/graph/hra-pop
HGNC:15943,PARD6A,PARD6A,biolink:Gene,https://purl.humanatlas.io/graph/hra-pop
HGNC:15947,UACA,UACA,biolink:Gene,https://purl.humanatlas.io/graph/hra-pop
HGNC:15948,ZGPAT,ZGPAT,biolink:Gene,https://purl.humanatlas.io/graph/hra-pop
HGNC:1595,CCNI,CCNI,biolink:Gene,https://purl.humanatlas.io/graph/hra-pop
HGNC:15951,RPL12P12,RPL12P12,biolink:Gene,https://purl.humanatlas.io/graph/hra-pop
HGNC:15956,SLC2A13,SLC2A13,biolink:Gene,https://purl.humanatlas.io/graph/hra-pop
HGNC:1596,CCNK,CCNK,biolink:Gene,https://purl.humanatlas.io/graph/hra-pop
HGNC:15971,TSG101,TSG101,biolink:Gene,https://purl.humanatlas.io/graph/hra-pop
HGNC:15973,DTX2,DTX2,biolink:Gene,https://purl.humanatlas.io/graph/hra-pop
HGNC:15974,TRIM2,TRIM2,biolink:Gene,https://purl.humanatlas.io/graph/hra-pop
HGNC:15975,SASH3,SASH3,biolink:Gene,https://purl.humanatlas.io/graph/hra-pop
HGNC:15979,TP63,TP63,biolink:Gene,https://purl.humanatlas.io/graph/hra-pop
HGNC:15980,RERG,RERG,biolink:Gene,https://purl.humanatlas.io/graph/hra-pop
HGNC:15985,SVEP1,SVEP1,biolink:Gene,https://purl.humanatlas.io/graph/hra-pop
HGNC:15989,NAV1,NAV1,biolink:Gene,https://purl.humanatlas.io/graph/hra-pop
HGNC:1599,CCNT1,CCNT1,biolink:Gene,https://purl.humanatlas.io/graph/hra-pop
HGNC:15990,GCA,GCA,biolink:Gene,https://purl.humanatlas.io/graph/hra-pop
HGNC:15997,NAV2,NAV2,biolink:Gene,https://purl.humanatlas.io/graph/hra-pop
HGNC:15998,NAV3,NAV3,biolink:Gene,https://purl.humanatlas.io/graph/hra-pop
HGNC:15999,SELENON,SELENON,biolink:Gene,https://purl.humanatlas.io/graph/hra-pop
HGNC:16,SERPINA3,SERPINA3,biolink:Gene,https://purl.humanatlas.io/graph/hra-pop
HGNC:160,ACTL6B,ACTL6B,biolink:Gene,https://purl.humanatlas.io/graph/hra-pop
HGNC:1600,CCNT2,CCNT2,biolink:Gene,https://purl.humanatlas.io/graph/hra-pop
HGNC:16000,ST7-AS1,ST7-AS1,biolink:Gene,https://purl.humanatlas.io/graph/hra-pop
HGNC:16001,SUGCT,SUGCT,biolink:Gene,https://purl.humanatlas.io/graph/hra-pop
HGNC:16015,MOB1A,MOB1A,biolink:Gene,https://purl.humanatlas.io/graph/hra-pop
HGNC:16016,COLEC12,COLEC12,biolink:Gene,https://purl.humanatlas.io/graph/hra-pop
HGNC:16017,ZNF343,ZNF343,biolink:Gene,https://purl.humanatlas.io/graph/hra-pop
HGNC:16018,CADPS2,CADPS2,biolink:Gene,https://purl.humanatlas.io/graph/hra-pop
HGNC:1602,CCR1,CCR1,biolink:Gene,https://purl.humanatlas.io/graph/hra-pop
HGNC:16022,ABCC13,ABCC13,biolink:Gene,https://purl.humanatlas.io/graph/hra-pop
HGNC:16028,IL33,IL33,biolink:Gene,https://purl.humanatlas.io/graph/hra-pop
HGNC:16034,BIVM,BIVM,biolink:Gene,https://purl.humanatlas.io/graph/hra-pop
HGNC:16036,ORMDL1,ORMDL1,biolink:Gene,https://purl.humanatlas.io/graph/hra-pop
HGNC:16038,ORMDL3,ORMDL3,biolink:Gene,https://purl.humanatlas.io/graph/hra-pop
HGNC:16039,ANGPTL4,ANGPTL4,biolink:Gene,https://purl.humanatlas.io/graph/hra-pop
HGNC:16040,ATG4C,ATG4C,biolink:Gene,https://purl.humanatlas.io/graph/hra-pop
HGNC:16041,EMCN,EMCN,biolink:Gene,https://purl.humanatlas.io/graph/hra-pop
HGNC:16048,FRAT2,FRAT2,biolink:Gene,https://purl.humanatlas.io/graph/hra-pop
HGNC:16049,PTGES3,PTGES3,biolink:Gene,https://purl.humanatlas.io/graph/hra-pop
HGNC:16050,MED12L,MED12L,biolink:Gene,https://purl.humanatlas.io/graph/hra-pop
HGNC:16051,PARD3,PARD3,biolink:Gene,https://purl.humanatlas.io/graph/hra-pop
HGNC:1606,CCR5,CCR5,biolink:Gene,https://purl.humanatlas.io/graph/hra-pop
HGNC:16061,PAK6,PAK6,biolink:Gene,https://purl.humanatlas.io/graph/hra-pop
HGNC:16062,CRTC1,CRTC1,biolink:Gene,https://purl.humanatlas.io/graph/hra-pop
HGNC:16063,MLLT10,MLLT10,biolink:Gene,https://purl.humanatlas.io/graph/hra-pop
HGNC:16064,GGA2,GGA2,biolink:Gene,https://purl.humanatlas.io/graph/hra-pop
HGNC:16066,ACER3,ACER3,biolink:Gene,https://purl.humanatlas.io/graph/hra-pop
HGNC:16068,PCNT,PCNT,biolink:Gene,https://purl.humanatlas.io/graph/hra-pop
HGNC:16070,RPL12P2,RPL12P2,biolink:Gene,https://purl.humanatlas.io/graph/hra-pop
HGNC:16073,SFXN5,SFXN5,biolink:Gene,https://purl.humanatlas.io/graph/hra-pop
HGNC:16074,OCIAD1,OCIAD1,biolink:Gene,https://purl.humanatlas.io/graph/hra-pop
HGNC:16077,DUSP22,DUSP22,biolink:Gene,https://purl.humanatlas.io/graph/hra-pop
HGNC:1608,CCR7,CCR7,biolink:Gene,https://purl.humanatlas.io/graph/hra-pop
HGNC:16083,RHBDL2,RHBDL2,biolink:Gene,https://purl.humanatlas.io/graph/hra-pop
HGNC:16084,LIMS2,LIMS2,biolink:Gene,https://purl.humanatlas.io/graph/hra-pop
HGNC:16085,SFXN1,SFXN1,biolink:Gene,https://purl.humanatlas.io/graph/hra-pop
HGNC:16086,SFXN2,SFXN2,biolink:Gene,https://purl.humanatlas.io/graph/hra-pop
HGNC:16090,PGRMC1,PGRMC1,biolink:Gene,https://purl.humanatlas.io/graph/hra-pop
HGNC:16091,ACSS1,ACSS1,biolink:Gene,https://purl.humanatlas.io/graph/hra-pop
HGNC:16094,ZBTB46,ZBTB46,biolink:Gene,https://purl.humanatlas.io/graph/hra-pop
HGNC:16095,TOX2,TOX2,biolink:Gene,https://purl.humanatlas.io/graph/hra-pop
HGNC:16097,LAMP5,LAMP5,biolink:Gene,https://purl.humanatlas.io/graph/hra-pop
HGNC:16098,PHF20,PHF20,biolink:Gene,https://purl.humanatlas.io/graph/hra-pop
HGNC:16101,FAM209B,FAM209B,biolink:Gene,https://purl.humanatlas.io/graph/hra-pop
HGNC:16105,OSER1,OSER1,biolink:Gene,https://purl.humanatlas.io/graph/hra-pop
HGNC:16106,NOL4L,NOL4L,biolink:Gene,https://purl.humanatlas.io/graph/hra-pop
HGNC:1611,ACKR4,ACKR4,biolink:Gene,https://purl.humanatlas.io/graph/hra-pop
HGNC:16110,DDRGK1,DDRGK1,biolink:Gene,https://purl.humanatlas.io/graph/hra-pop
HGNC:16111,MTCL2,MTCL2,biolink:Gene,https://purl.humanatlas.io/graph/hra-pop
HGNC:16112,TLDC2,TLDC2,biolink:Gene,https://purl.humanatlas.io/graph/hra-pop
HGNC:16125,MROH8,MROH8,biolink:Gene,https://purl.humanatlas.io/graph/hra-pop
HGNC:16126,MACROD2,MACROD2,biolink:Gene,https://purl.humanatlas.io/graph/hra-pop
HGNC:16142,PPDPF,PPDPF,biolink:Gene,https://purl.humanatlas.io/graph/hra-pop
HGNC:1615,CCT2,CCT2,biolink:Gene,https://purl.humanatlas.io/graph/hra-pop
HGNC:16153,CCM2L,CCM2L,biolink:Gene,https://purl.humanatlas.io/graph/hra-pop
HGNC:16155,ZSWIM1,ZSWIM1,biolink:Gene,https://purl.humanatlas.io/graph/hra-pop
HGNC:1616,CCT3,CCT3,biolink:Gene,https://purl.humanatlas.io/graph/hra-pop
HGNC:16160,DNTTIP1,DNTTIP1,biolink:Gene,https://purl.humanatlas.io/graph/hra-pop
HGNC:16162,SYS1,SYS1,biolink:Gene,https://purl.humanatlas.io/graph/hra-pop
HGNC:16167,ZNF831,ZNF831,biolink:Gene,https://purl.humanatlas.io/graph/hra-pop
HGNC:16168,RIPOR3,RIPOR3,biolink:Gene,https://purl.humanatlas.io/graph/hra-pop
HGNC:1617,CCT4,CCT4,biolink:Gene,https://purl.humanatlas.io/graph/hra-pop
HGNC:16171,CHMP4B,CHMP4B,biolink:Gene,https://purl.humanatlas.io/graph/hra-pop
HGNC:16173,DOK5,DOK5,biolink:Gene,https://purl.humanatlas.io/graph/hra-pop
HGNC:16181,TRPC4AP,TRPC4AP,biolink:Gene,https://purl.humanatlas.io/graph/hra-pop
HGNC:16185,ROMO1,ROMO1,biolink:Gene,https://purl.humanatlas.io/graph/hra-pop
HGNC:16191,NKAIN4,NKAIN4,biolink:Gene,https://purl.humanatlas.io/graph/hra-pop
HGNC:16193,HSPA12B,HSPA12B,biolink:Gene,https://purl.humanatlas.io/graph/hra-pop
HGNC:16195,LINC01620,LINC01620,biolink:Gene,https://purl.humanatlas.io/graph/hra-pop
HGNC:16197,TP53RK,TP53RK,biolink:Gene,https://purl.humanatlas.io/graph/hra-pop
HGNC:1620,CCT6A,CCT6A,biolink:Gene,https://purl.humanatlas.io/graph/hra-pop
HGNC:16207,RALGAPA2,RALGAPA2,biolink:Gene,https://purl.humanatlas.io/graph/hra-pop
HGNC:16209,RPRD1B,RPRD1B,biolink:Gene,https://purl.humanatlas.io/graph/hra-pop
HGNC:16213,ISM1,ISM1,biolink:Gene,https://purl.humanatlas.io/graph/hra-pop
HGNC:16219,DTD1,DTD1,biolink:Gene,https://purl.humanatlas.io/graph/hra-pop
HGNC:1622,CCT7,CCT7,biolink:Gene,https://purl.humanatlas.io/graph/hra-pop
HGNC:16223,COMMD7,COMMD7,biolink:Gene,https://purl.humanatlas.io/graph/hra-pop
HGNC:16229,NRSN2,NRSN2,biolink:Gene,https://purl.humanatlas.io/graph/hra-pop
HGNC:1623,CCT8,CCT8,biolink:Gene,https://purl.humanatlas.io/graph/hra-pop
HGNC:16230,ZCCHC3,ZCCHC3,biolink:Gene,https://purl.humanatlas.io/graph/hra-pop
HGNC:16232,COX4I2,COX4I2,biolink:Gene,https://purl.humanatlas.io/graph/hra-pop
HGNC:16235,DNAJC5,DNAJC5,biolink:Gene,https://purl.humanatlas.io/graph/hra-pop
HGNC:16236,DUSP15,DUSP15,biolink:Gene,https://purl.humanatlas.io/graph/hra-pop
HGNC:16240,HMGB3P1,HMGB3P1,biolink:Gene,https://purl.humanatlas.io/graph/hra-pop
HGNC:16244,NPEPL1,NPEPL1,biolink:Gene,https://purl.humanatlas.io/graph/hra-pop
HGNC:16245,PARD6B,PARD6B,biolink:Gene,https://purl.humanatlas.io/graph/hra-pop
HGNC:16246,PPIAP21,PPIAP21,biolink:Gene,https://purl.humanatlas.io/graph/hra-pop
HGNC:16247,SIRPB2,SIRPB2,biolink:Gene,https://purl.humanatlas.io/graph/hra-pop
HGNC:16253,SPTLC3,SPTLC3,biolink:Gene,https://purl.humanatlas.io/graph/hra-pop
HGNC:16255,TGM6,TGM6,biolink:Gene,https://purl.humanatlas.io/graph/hra-pop
HGNC:16256,TSPY26P,TSPY26P,biolink:Gene,https://purl.humanatlas.io/graph/hra-pop
HGNC:16259,MAML2,MAML2,biolink:Gene,https://purl.humanatlas.io/graph/hra-pop
HGNC:16262,YAP1,YAP1,biolink:Gene,https://purl.humanatlas.io/graph/hra-pop
HGNC:16265,WNT5B,WNT5B,biolink:Gene,https://purl.humanatlas.io/graph/hra-pop
HGNC:16266,SLC19A3,SLC19A3,biolink:Gene,https://purl.humanatlas.io/graph/hra-pop
HGNC:16268,PNPLA6,PNPLA6,biolink:Gene,https://purl.humanatlas.io/graph/hra-pop
HGNC:16272,MAML3,MAML3,biolink:Gene,https://purl.humanatlas.io/graph/hra-pop
HGNC:16273,SYAP1,SYAP1,biolink:Gene,https://purl.humanatlas.io/graph/hra-pop
HGNC:16274,CYYR1,CYYR1,biolink:Gene,https://purl.humanatlas.io/graph/hra-pop
HGNC:16278,TRIM7,TRIM7,biolink:Gene,https://purl.humanatlas.io/graph/hra-pop
HGNC:1628,CD14,CD14,biolink:Gene,https://purl.humanatlas.io/graph/hra-pop
HGNC:16283,TRIM14,TRIM14,biolink:Gene,https://purl.humanatlas.io/graph/hra-pop
HGNC:16286,ELMO1,ELMO1,biolink:Gene,https://purl.humanatlas.io/graph/hra-pop
HGNC:16288,TRIM9,TRIM9,biolink:Gene,https://purl.humanatlas.io/graph/hra-pop
HGNC:16290,TRIM33,TRIM33,biolink:Gene,https://purl.humanatlas.io/graph/hra-pop
HGNC:16297,UPB1,UPB1,biolink:Gene,https://purl.humanatlas.io/graph/hra-pop
HGNC:16298,MIDN,MIDN,biolink:Gene,https://purl.humanatlas.io/graph/hra-pop
HGNC:163,ACTN1,ACTN1,biolink:Gene,https://purl.humanatlas.io/graph/hra-pop
HGNC:1630,CD151,CD151,biolink:Gene,https://purl.humanatlas.io/graph/hra-pop
HGNC:16305,ADAMTS15,ADAMTS15,biolink:Gene,https://purl.humanatlas.io/graph/hra-pop
HGNC:16306,LENG9,LENG9,biolink:Gene,https://purl.humanatlas.io/graph/hra-pop
HGNC:1631,CD163,CD163,biolink:Gene,https://purl.humanatlas.io/graph/hra-pop
HGNC:16315,SNX22,SNX22,biolink:Gene,https://purl.humanatlas.io/graph/hra-pop
HGNC:1632,CD164,CD164,biolink:Gene,https://purl.humanatlas.io/graph/hra-pop
HGNC:16330,PPP1R14BP3,PPP1R14BP3,biolink:Gene,https://purl.humanatlas.io/graph/hra-pop
HGNC:16336,RPL7P2,RPL7P2,biolink:Gene,https://purl.humanatlas.io/graph/hra-pop
HGNC:16347,GALNT17,GALNT17,biolink:Gene,https://purl.humanatlas.io/graph/hra-pop
HGNC:16348,ARHGAP12,ARHGAP12,biolink:Gene,https://purl.humanatlas.io/graph/hra-pop
HGNC:16353,MAGED2,MAGED2,biolink:Gene,https://purl.humanatlas.io/graph/hra-pop
HGNC:16355,GAS5,GAS5,biolink:Gene,https://purl.humanatlas.io/graph/hra-pop
HGNC:16367,ZNF345,ZNF345,biolink:Gene,https://purl.humanatlas.io/graph/hra-pop
HGNC:16369,PARK7,PARK7,biolink:Gene,https://purl.humanatlas.io/graph/hra-pop
HGNC:16370,OSBPL3,OSBPL3,biolink:Gene,https://purl.humanatlas.io/graph/hra-pop
HGNC:16378,OTOA,OTOA,biolink:Gene,https://purl.humanatlas.io/graph/hra-pop
HGNC:16379,TRIM22,TRIM22,biolink:Gene,https://purl.humanatlas.io/graph/hra-pop
HGNC:16380,TRIM32,TRIM32,biolink:Gene,https://purl.humanatlas.io/graph/hra-pop
HGNC:16381,PPM1L,PPM1L,biolink:Gene,https://purl.humanatlas.io/graph/hra-pop
HGNC:16384,TRIM28,TRIM28,biolink:Gene,https://purl.humanatlas.io/graph/hra-pop
HGNC:16386,OSBPL9,OSBPL9,biolink:Gene,https://purl.humanatlas.io/graph/hra-pop
HGNC:16388,OSBPL6,OSBPL6,biolink:Gene,https://purl.humanatlas.io/graph/hra-pop
HGNC:1639,CD2,CD2,biolink:Gene,https://purl.humanatlas.io/graph/hra-pop
HGNC:16390,NOD1,NOD1,biolink:Gene,https://purl.humanatlas.io/graph/hra-pop
HGNC:16392,OSBPL5,OSBPL5,biolink:Gene,https://purl.humanatlas.io/graph/hra-pop
HGNC:16393,CARD11,CARD11,biolink:Gene,https://purl.humanatlas.io/graph/hra-pop
HGNC:16394,CARD6,CARD6,biolink:Gene,https://purl.humanatlas.io/graph/hra-pop
HGNC:16395,OSBPL10,OSBPL10,biolink:Gene,https://purl.humanatlas.io/graph/hra-pop
HGNC:16396,OSBPL8,OSBPL8,biolink:Gene,https://purl.humanatlas.io/graph/hra-pop
HGNC:16398,OSBPL1A,OSBPL1A,biolink:Gene,https://purl.humanatlas.io/graph/hra-pop
HGNC:16400,NLRP3,NLRP3,biolink:Gene,https://purl.humanatlas.io/graph/hra-pop
HGNC:16410,DNAJC30,DNAJC30,biolink:Gene,https://purl.humanatlas.io/graph/hra-pop
HGNC:16412,NLRC4,NLRC4,biolink:Gene,https://purl.humanatlas.io/graph/hra-pop
HGNC:16414,LINC00310,LINC00310,biolink:Gene,https://purl.humanatlas.io/graph/hra-pop
HGNC:16421,SOX6,SOX6,biolink:Gene,https://purl.humanatlas.io/graph/hra-pop
HGNC:16429,LIAS,LIAS,biolink:Gene,https://purl.humanatlas.io/graph/hra-pop
HGNC:16435,HM13,HM13,biolink:Gene,https://purl.humanatlas.io/graph/hra-pop
HGNC:16438,SLC4A11,SLC4A11,biolink:Gene,https://purl.humanatlas.io/graph/hra-pop
HGNC:16442,P2RY14,P2RY14,biolink:Gene,https://purl.humanatlas.io/graph/hra-pop
HGNC:16443,NKAIN2,NKAIN2,biolink:Gene,https://purl.humanatlas.io/graph/hra-pop
HGNC:16446,CARD14,CARD14,biolink:Gene,https://purl.humanatlas.io/graph/hra-pop
HGNC:16448,ASRGL1,ASRGL1,biolink:Gene,https://purl.humanatlas.io/graph/hra-pop
HGNC:1645,CD24,CD24,biolink:Gene,https://purl.humanatlas.io/graph/hra-pop
HGNC:16462,STRBP,STRBP,biolink:Gene,https://purl.humanatlas.io/graph/hra-pop
HGNC:16463,PRPF40A,PRPF40A,biolink:Gene,https://purl.humanatlas.io/graph/hra-pop
HGNC:16467,ACAP1,ACAP1,biolink:Gene,https://purl.humanatlas.io/graph/hra-pop
HGNC:16468,LACTB,LACTB,biolink:Gene,https://purl.humanatlas.io/graph/hra-pop
HGNC:16469,ACAP2,ACAP2,biolink:Gene,https://purl.humanatlas.io/graph/hra-pop
HGNC:16475,HSDL1,HSDL1,biolink:Gene,https://purl.humanatlas.io/graph/hra-pop
HGNC:16476,TOLLIP,TOLLIP,biolink:Gene,https://purl.humanatlas.io/graph/hra-pop
HGNC:16481,TTTY4,TTTY4,biolink:Gene,https://purl.humanatlas.io/graph/hra-pop
HGNC:16486,ADAP1,ADAP1,biolink:Gene,https://purl.humanatlas.io/graph/hra-pop
HGNC:16487,ADAP2,ADAP2,biolink:Gene,https://purl.humanatlas.io/graph/hra-pop
HGNC:16490,DPP8,DPP8,biolink:Gene,https://purl.humanatlas.io/graph/hra-pop
HGNC:16492,FHIP2B,FHIP2B,biolink:Gene,https://purl.humanatlas.io/graph/hra-pop
HGNC:16493,ZMIZ1,ZMIZ1,biolink:Gene,https://purl.humanatlas.io/graph/hra-pop
HGNC:16497,PLSCR4,PLSCR4,biolink:Gene,https://purl.humanatlas.io/graph/hra-pop
HGNC:16500,DAPP1,DAPP1,biolink:Gene,https://purl.humanatlas.io/graph/hra-pop
HGNC:16501,PDLIM4,PDLIM4,biolink:Gene,https://purl.humanatlas.io/graph/hra-pop
HGNC:16508,RAB3IP,RAB3IP,biolink:Gene,https://purl.humanatlas.io/graph/hra-pop
HGNC:16512,BSND,BSND,biolink:Gene,https://purl.humanatlas.io/graph/hra-pop
HGNC:16513,TMC1,TMC1,biolink:Gene,https://purl.humanatlas.io/graph/hra-pop
HGNC:16516,KLF3,KLF3,biolink:Gene,https://purl.humanatlas.io/graph/hra-pop
HGNC:16519,RAB34,RAB34,biolink:Gene,https://purl.humanatlas.io/graph/hra-pop
HGNC:16522,LARGE2,LARGE2,biolink:Gene,https://purl.humanatlas.io/graph/hra-pop
HGNC:16524,RAB14,RAB14,biolink:Gene,https://purl.humanatlas.io/graph/hra-pop
HGNC:16533,RPL21P3,RPL21P3,biolink:Gene,https://purl.humanatlas.io/graph/hra-pop
HGNC:16545,PPIAP3,PPIAP3,biolink:Gene,https://purl.humanatlas.io/graph/hra-pop
HGNC:16572,RPS27AP2,RPS27AP2,biolink:Gene,https://purl.humanatlas.io/graph/hra-pop
HGNC:16587,RPL12P4,RPL12P4,biolink:Gene,https://purl.humanatlas.io/graph/hra-pop
HGNC:16597,RPL24P2,RPL24P2,biolink:Gene,https://purl.humanatlas.io/graph/hra-pop
HGNC:16599,ARF4P2,ARF4P2,biolink:Gene,https://purl.humanatlas.io/graph/hra-pop
HGNC:166,ACTN4,ACTN4,biolink:Gene,https://purl.humanatlas.io/graph/hra-pop
HGNC:16608,PYCARD,PYCARD,biolink:Gene,https://purl.humanatlas.io/graph/hra-pop
HGNC:16617,BHLHE41,BHLHE41,biolink:Gene,https://purl.humanatlas.io/graph/hra-pop
HGNC:1662,CD34,CD34,biolink:Gene,https://purl.humanatlas.io/graph/hra-pop
HGNC:16626,RAPGEF4,RAPGEF4,biolink:Gene,https://purl.humanatlas.io/graph/hra-pop
HGNC:16629,RAPGEF3,RAPGEF3,biolink:Gene,https://purl.humanatlas.io/graph/hra-pop
HGNC:1663,CD36,CD36,biolink:Gene,https://purl.humanatlas.io/graph/hra-pop
HGNC:16631,KGD4,KGD4,biolink:Gene,https://purl.humanatlas.io/graph/hra-pop
HGNC:16632,MRPS31,MRPS31,biolink:Gene,https://purl.humanatlas.io/graph/hra-pop
HGNC:16634,MRPS33,MRPS33,biolink:Gene,https://purl.humanatlas.io/graph/hra-pop
HGNC:16636,KIF1B,KIF1B,biolink:Gene,https://purl.humanatlas.io/graph/hra-pop
HGNC:16639,SRRM2,SRRM2,biolink:Gene,https://purl.humanatlas.io/graph/hra-pop
HGNC:16642,CXCL16,CXCL16,biolink:Gene,https://purl.humanatlas.io/graph/hra-pop
HGNC:16645,TRA2A,TRA2A,biolink:Gene,https://purl.humanatlas.io/graph/hra-pop
HGNC:16647,CXCR6,CXCR6,biolink:Gene,https://purl.humanatlas.io/graph/hra-pop
HGNC:16648,PJA1,PJA1,biolink:Gene,https://purl.humanatlas.io/graph/hra-pop
HGNC:1665,SCARB2,SCARB2,biolink:Gene,https://purl.humanatlas.io/graph/hra-pop
HGNC:16650,MRPL44,MRPL44,biolink:Gene,https://purl.humanatlas.io/graph/hra-pop
HGNC:16653,MRPL48,MRPL48,biolink:Gene,https://purl.humanatlas.io/graph/hra-pop
HGNC:1666,CD37,CD37,biolink:Gene,https://purl.humanatlas.io/graph/hra-pop
HGNC:16665,APLN,APLN,biolink:Gene,https://purl.humanatlas.io/graph/hra-pop
HGNC:16666,KIF9,KIF9,biolink:Gene,https://purl.humanatlas.io/graph/hra-pop
HGNC:16668,C19orf33,C19orf33,biolink:Gene,https://purl.humanatlas.io/graph/hra-pop
HGNC:16669,IGSF11,IGSF11,biolink:Gene,https://purl.humanatlas.io/graph/hra-pop
HGNC:1667,CD38,CD38,biolink:Gene,https://purl.humanatlas.io/graph/hra-pop
HGNC:16672,METAP2,METAP2,biolink:Gene,https://purl.humanatlas.io/graph/hra-pop
HGNC:16673,ANP32E,ANP32E,biolink:Gene,https://purl.humanatlas.io/graph/hra-pop
HGNC:16685,MRPL54,MRPL54,biolink:Gene,https://purl.humanatlas.io/graph/hra-pop
HGNC:16686,MRPL55,MRPL55,biolink:Gene,https://purl.humanatlas.io/graph/hra-pop
HGNC:16687,EIF4ENIF1,EIF4ENIF1,biolink:Gene,https://purl.humanatlas.io/graph/hra-pop
HGNC:16688,YIF1A,YIF1A,biolink:Gene,https://purl.humanatlas.io/graph/hra-pop
HGNC:16694,RPS27P4,RPS27P4,biolink:Gene,https://purl.humanatlas.io/graph/hra-pop
HGNC:16695,BCAP31,BCAP31,biolink:Gene,https://purl.humanatlas.io/graph/hra-pop
HGNC:16696,SNW1,SNW1,biolink:Gene,https://purl.humanatlas.io/graph/hra-pop
HGNC:16697,SORCS1,SORCS1,biolink:Gene,https://purl.humanatlas.io/graph/hra-pop
HGNC:16698,SORCS2,SORCS2,biolink:Gene,https://purl.humanatlas.io/graph/hra-pop
HGNC:16699,SORCS3,SORCS3,biolink:Gene,https://purl.humanatlas.io/graph/hra-pop
HGNC:16700,ZFPM2,ZFPM2,biolink:Gene,https://purl.humanatlas.io/graph/hra-pop
HGNC:16701,MYL12A,MYL12A,biolink:Gene,https://purl.humanatlas.io/graph/hra-pop
HGNC:16705,TENT4A,TENT4A,biolink:Gene,https://purl.humanatlas.io/graph/hra-pop
HGNC:16708,FAM89B,FAM89B,biolink:Gene,https://purl.humanatlas.io/graph/hra-pop
HGNC:16709,CALCRL,CALCRL,biolink:Gene,https://purl.humanatlas.io/graph/hra-pop
HGNC:16712,FBXW7,FBXW7,biolink:Gene,https://purl.humanatlas.io/graph/hra-pop
HGNC:16713,SRSF10,SRSF10,biolink:Gene,https://purl.humanatlas.io/graph/hra-pop
HGNC:16714,PKNOX2,PKNOX2,biolink:Gene,https://purl.humanatlas.io/graph/hra-pop
HGNC:16716,DHX30,DHX30,biolink:Gene,https://purl.humanatlas.io/graph/hra-pop
HGNC:16725,DNAAF11,DNAAF11,biolink:Gene,https://purl.humanatlas.io/graph/hra-pop
HGNC:1673,CD3D,CD3D,biolink:Gene,https://purl.humanatlas.io/graph/hra-pop
HGNC:16731,FBXO32,FBXO32,biolink:Gene,https://purl.humanatlas.io/graph/hra-pop
HGNC:16732,MCEE,MCEE,biolink:Gene,https://purl.humanatlas.io/graph/hra-pop
HGNC:1674,CD3E,CD3E,biolink:Gene,https://purl.humanatlas.io/graph/hra-pop
HGNC:16743,SHC4,SHC4,biolink:Gene,https://purl.humanatlas.io/graph/hra-pop
HGNC:16744,CIZ1,CIZ1,biolink:Gene,https://purl.humanatlas.io/graph/hra-pop
HGNC:16746,MBNL2,MBNL2,biolink:Gene,https://purl.humanatlas.io/graph/hra-pop
HGNC:1675,CD3G,CD3G,biolink:Gene,https://purl.humanatlas.io/graph/hra-pop
HGNC:16753,PRDX6,PRDX6,biolink:Gene,https://purl.humanatlas.io/graph/hra-pop
HGNC:16757,DGCR5,DGCR5,biolink:Gene,https://purl.humanatlas.io/graph/hra-pop
HGNC:16762,ZNF423,ZNF423,biolink:Gene,https://purl.humanatlas.io/graph/hra-pop
HGNC:16769,GORASP1,GORASP1,biolink:Gene,https://purl.humanatlas.io/graph/hra-pop
HGNC:1677,CD247,CD247,biolink:Gene,https://purl.humanatlas.io/graph/hra-pop
HGNC:16770,SEMA6D,SEMA6D,biolink:Gene,https://purl.humanatlas.io/graph/hra-pop
HGNC:1678,CD4,CD4,biolink:Gene,https://purl.humanatlas.io/graph/hra-pop
HGNC:16781,NPL,NPL,biolink:Gene,https://purl.humanatlas.io/graph/hra-pop
HGNC:16784,NIBAN1,NIBAN1,biolink:Gene,https://purl.humanatlas.io/graph/hra-pop
HGNC:16785,SWT1,SWT1,biolink:Gene,https://purl.humanatlas.io/graph/hra-pop
HGNC:16787,EDEM3,EDEM3,biolink:Gene,https://purl.humanatlas.io/graph/hra-pop
HGNC:16788,SHCBP1L,SHCBP1L,biolink:Gene,https://purl.humanatlas.io/graph/hra-pop
HGNC:16789,NMNAT2,NMNAT2,biolink:Gene,https://purl.humanatlas.io/graph/hra-pop
HGNC:168,ACTR1B,ACTR1B,biolink:Gene,https://purl.humanatlas.io/graph/hra-pop
HGNC:16804,WWP2,WWP2,biolink:Gene,https://purl.humanatlas.io/graph/hra-pop
HGNC:16806,UBR5,UBR5,biolink:Gene,https://purl.humanatlas.io/graph/hra-pop
HGNC:16807,SMURF1,SMURF1,biolink:Gene,https://purl.humanatlas.io/graph/hra-pop
HGNC:16808,UBR1,UBR1,biolink:Gene,https://purl.humanatlas.io/graph/hra-pop
HGNC:16809,SMURF2,SMURF2,biolink:Gene,https://purl.humanatlas.io/graph/hra-pop
HGNC:1681,CD44,CD44,biolink:Gene,https://purl.humanatlas.io/graph/hra-pop
HGNC:16812,COQ8A,COQ8A,biolink:Gene,https://purl.humanatlas.io/graph/hra-pop
HGNC:16814,DACH2,DACH2,biolink:Gene,https://purl.humanatlas.io/graph/hra-pop
HGNC:1682,CD47,CD47,biolink:Gene,https://purl.humanatlas.io/graph/hra-pop
HGNC:16820,SCARF1,SCARF1,biolink:Gene,https://purl.humanatlas.io/graph/hra-pop
HGNC:16822,FAM193A,FAM193A,biolink:Gene,https://purl.humanatlas.io/graph/hra-pop
HGNC:16825,MTMR8,MTMR8,biolink:Gene,https://purl.humanatlas.io/graph/hra-pop
HGNC:16826,TSC22D1,TSC22D1,biolink:Gene,https://purl.humanatlas.io/graph/hra-pop
HGNC:1683,CD48,CD48,biolink:Gene,https://purl.humanatlas.io/graph/hra-pop
HGNC:16830,IL32,IL32,biolink:Gene,https://purl.humanatlas.io/graph/hra-pop
HGNC:16832,ATP6V1F,ATP6V1F,biolink:Gene,https://purl.humanatlas.io/graph/hra-pop
HGNC:16834,NREP,NREP,biolink:Gene,https://purl.humanatlas.io/graph/hra-pop
HGNC:16837,LY86,LY86,biolink:Gene,https://purl.humanatlas.io/graph/hra-pop
HGNC:16838,ZNF358,ZNF358,biolink:Gene,https://purl.humanatlas.io/graph/hra-pop
HGNC:16839,THEMIS2,THEMIS2,biolink:Gene,https://purl.humanatlas.io/graph/hra-pop
HGNC:16841,LITAF,LITAF,biolink:Gene,https://purl.humanatlas.io/graph/hra-pop
HGNC:16844,CREB5,CREB5,biolink:Gene,https://purl.humanatlas.io/graph/hra-pop
HGNC:16846,WTAP,WTAP,biolink:Gene,https://purl.humanatlas.io/graph/hra-pop
HGNC:16849,MORF4L2,MORF4L2,biolink:Gene,https://purl.humanatlas.io/graph/hra-pop
HGNC:1685,CD5,CD5,biolink:Gene,https://purl.humanatlas.io/graph/hra-pop
HGNC:16850,CTR9,CTR9,biolink:Gene,https://purl.humanatlas.io/graph/hra-pop
HGNC:16851,RALGPS1,RALGPS1,biolink:Gene,https://purl.humanatlas.io/graph/hra-pop
HGNC:16854,RAPGEF2,RAPGEF2,biolink:Gene,https://purl.humanatlas.io/graph/hra-pop
HGNC:16855,TRAM2,TRAM2,biolink:Gene,https://purl.humanatlas.io/graph/hra-pop
HGNC:16857,KLF16,KLF16,biolink:Gene,https://purl.humanatlas.io/graph/hra-pop
HGNC:16858,USP6NL,USP6NL,biolink:Gene,https://purl.humanatlas.io/graph/hra-pop
HGNC:16859,NOS1AP,NOS1AP,biolink:Gene,https://purl.humanatlas.io/graph/hra-pop
HGNC:1686,CD53,CD53,biolink:Gene,https://purl.humanatlas.io/graph/hra-pop
HGNC:16862,RAPGEF5,RAPGEF5,biolink:Gene,https://purl.humanatlas.io/graph/hra-pop
HGNC:16863,BCLAF1,BCLAF1,biolink:Gene,https://purl.humanatlas.io/graph/hra-pop
HGNC:16865,PHYHIP,PHYHIP,biolink:Gene,https://purl.humanatlas.io/graph/hra-pop
HGNC:16869,ARMCX2,ARMCX2,biolink:Gene,https://purl.humanatlas.io/graph/hra-pop
HGNC:16873,FIG4,FIG4,biolink:Gene,https://purl.humanatlas.io/graph/hra-pop
HGNC:16875,MRC2,MRC2,biolink:Gene,https://purl.humanatlas.io/graph/hra-pop
HGNC:16876,ARNT2,ARNT2,biolink:Gene,https://purl.humanatlas.io/graph/hra-pop
HGNC:16878,HELZ,HELZ,biolink:Gene,https://purl.humanatlas.io/graph/hra-pop
HGNC:16879,REC8,REC8,biolink:Gene,https://purl.humanatlas.io/graph/hra-pop
HGNC:16881,PRXL2C,PRXL2C,biolink:Gene,https://purl.humanatlas.io/graph/hra-pop
HGNC:16884,SH2D3C,SH2D3C,biolink:Gene,https://purl.humanatlas.io/graph/hra-pop
HGNC:16885,SH2D3A,SH2D3A,biolink:Gene,https://purl.humanatlas.io/graph/hra-pop
HGNC:16887,PDZK1IP1,PDZK1IP1,biolink:Gene,https://purl.humanatlas.io/graph/hra-pop
HGNC:16889,PSMD14,PSMD14,biolink:Gene,https://purl.humanatlas.io/graph/hra-pop
HGNC:1689,CD59,CD59,biolink:Gene,https://purl.humanatlas.io/graph/hra-pop
HGNC:16890,CTDSPL,CTDSPL,biolink:Gene,https://purl.humanatlas.io/graph/hra-pop
HGNC:16892,CD96,CD96,biolink:Gene,https://purl.humanatlas.io/graph/hra-pop
HGNC:16893,PLIN3,PLIN3,biolink:Gene,https://purl.humanatlas.io/graph/hra-pop
HGNC:16896,RABEPK,RABEPK,biolink:Gene,https://purl.humanatlas.io/graph/hra-pop
HGNC:16897,RIDA,RIDA,biolink:Gene,https://purl.humanatlas.io/graph/hra-pop
HGNC:169,ACTR2,ACTR2,biolink:Gene,https://purl.humanatlas.io/graph/hra-pop
HGNC:16900,SMNDC1,SMNDC1,biolink:Gene,https://purl.humanatlas.io/graph/hra-pop
HGNC:16902,BCKDK,BCKDK,biolink:Gene,https://purl.humanatlas.io/graph/hra-pop
HGNC:16903,TNIP1,TNIP1,biolink:Gene,https://purl.humanatlas.io/graph/hra-pop
HGNC:16910,CPQ,CPQ,biolink:Gene,https://purl.humanatlas.io/graph/hra-pop
HGNC:16913,CTNNBIP1,CTNNBIP1,biolink:Gene,https://purl.humanatlas.io/graph/hra-pop
HGNC:16915,HAX1,HAX1,biolink:Gene,https://purl.humanatlas.io/graph/hra-pop
HGNC:16916,CLEC10A,CLEC10A,biolink:Gene,https://purl.humanatlas.io/graph/hra-pop
HGNC:16918,SYNCRIP,SYNCRIP,biolink:Gene,https://purl.humanatlas.io/graph/hra-pop
HGNC:16919,VAT1,VAT1,biolink:Gene,https://purl.humanatlas.io/graph/hra-pop
HGNC:1692,CD63,CD63,biolink:Gene,https://purl.humanatlas.io/graph/hra-pop
HGNC:16920,CIB1,CIB1,biolink:Gene,https://purl.humanatlas.io/graph/hra-pop
HGNC:16922,AGAP1,AGAP1,biolink:Gene,https://purl.humanatlas.io/graph/hra-pop
HGNC:16923,AGAP3,AGAP3,biolink:Gene,https://purl.humanatlas.io/graph/hra-pop
HGNC:16924,ARAP2,ARAP2,biolink:Gene,https://purl.humanatlas.io/graph/hra-pop
HGNC:16925,ARAP1,ARAP1,biolink:Gene,https://purl.humanatlas.io/graph/hra-pop
HGNC:1693,CD68,CD68,biolink:Gene,https://purl.humanatlas.io/graph/hra-pop
HGNC:16932,NEBL,NEBL,biolink:Gene,https://purl.humanatlas.io/graph/hra-pop
HGNC:16935,ATG7,ATG7,biolink:Gene,https://purl.humanatlas.io/graph/hra-pop
HGNC:16936,LRP11,LRP11,biolink:Gene,https://purl.humanatlas.io/graph/hra-pop
HGNC:16937,ARL6IP5,ARL6IP5,biolink:Gene,https://purl.humanatlas.io/graph/hra-pop
HGNC:1694,CD69,CD69,biolink:Gene,https://purl.humanatlas.io/graph/hra-pop
HGNC:16943,CDC42EP3,CDC42EP3,biolink:Gene,https://purl.humanatlas.io/graph/hra-pop
HGNC:16946,P3H4,P3H4,biolink:Gene,https://purl.humanatlas.io/graph/hra-pop
HGNC:16948,MYDGF,MYDGF,biolink:Gene,https://purl.humanatlas.io/graph/hra-pop
HGNC:1695,CD7,CD7,biolink:Gene,https://purl.humanatlas.io/graph/hra-pop
HGNC:16951,IVNS1ABP,IVNS1ABP,biolink:Gene,https://purl.humanatlas.io/graph/hra-pop
HGNC:16952,TXNIP,TXNIP,biolink:Gene,https://purl.humanatlas.io/graph/hra-pop
HGNC:16953,POSTN,POSTN,biolink:Gene,https://purl.humanatlas.io/graph/hra-pop
HGNC:16961,CD226,CD226,biolink:Gene,https://purl.humanatlas.io/graph/hra-pop
HGNC:16963,RRAGA,RRAGA,biolink:Gene,https://purl.humanatlas.io/graph/hra-pop
HGNC:16966,ZMYND11,ZMYND11,biolink:Gene,https://purl.humanatlas.io/graph/hra-pop
HGNC:16967,ARPP19,ARPP19,biolink:Gene,https://purl.humanatlas.io/graph/hra-pop
HGNC:16969,HSPH1,HSPH1,biolink:Gene,https://purl.humanatlas.io/graph/hra-pop
HGNC:1697,CD74,CD74,biolink:Gene,https://purl.humanatlas.io/graph/hra-pop
HGNC:16977,HCST,HCST,biolink:Gene,https://purl.humanatlas.io/graph/hra-pop
HGNC:1698,CD79A,CD79A,biolink:Gene,https://purl.humanatlas.io/graph/hra-pop
HGNC:16982,MFHAS1,MFHAS1,biolink:Gene,https://purl.humanatlas.io/graph/hra-pop
HGNC:16985,DHRS4,DHRS4,biolink:Gene,https://purl.humanatlas.io/graph/hra-pop
HGNC:16986,LMAN2,LMAN2,biolink:Gene,https://purl.humanatlas.io/graph/hra-pop
HGNC:16987,SUGT1,SUGT1,biolink:Gene,https://purl.humanatlas.io/graph/hra-pop
HGNC:16989,MORF4L1,MORF4L1,biolink:Gene,https://purl.humanatlas.io/graph/hra-pop
HGNC:1699,CD79B,CD79B,biolink:Gene,https://purl.humanatlas.io/graph/hra-pop
HGNC:16990,C11orf58,C11orf58,biolink:Gene,https://purl.humanatlas.io/graph/hra-pop
HGNC:16992,LRRC8D,LRRC8D,biolink:Gene,https://purl.humanatlas.io/graph/hra-pop
HGNC:16993,SEC61B,SEC61B,biolink:Gene,https://purl.humanatlas.io/graph/hra-pop
HGNC:16994,OS9,OS9,biolink:Gene,https://purl.humanatlas.io/graph/hra-pop
HGNC:16996,TMED2,TMED2,biolink:Gene,https://purl.humanatlas.io/graph/hra-pop
HGNC:16998,TMED10,TMED10,biolink:Gene,https://purl.humanatlas.io/graph/hra-pop
HGNC:170,ACTR3,ACTR3,biolink:Gene,https://purl.humanatlas.io/graph/hra-pop
HGNC:17001,GLIPR1,GLIPR1,biolink:Gene,https://purl.humanatlas.io/graph/hra-pop
HGNC:17003,STON1,STON1,biolink:Gene,https://purl.humanatlas.io/graph/hra-pop
HGNC:17004,WWP1,WWP1,biolink:Gene,https://purl.humanatlas.io/graph/hra-pop
HGNC:17009,TRIOBP,TRIOBP,biolink:Gene,https://purl.humanatlas.io/graph/hra-pop
HGNC:1701,CD81,CD81,biolink:Gene,https://purl.humanatlas.io/graph/hra-pop
HGNC:17010,NUP42,NUP42,biolink:Gene,https://purl.humanatlas.io/graph/hra-pop
HGNC:17011,HNRNPUL1,HNRNPUL1,biolink:Gene,https://purl.humanatlas.io/graph/hra-pop
HGNC:17019,PRICKLE1,PRICKLE1,biolink:Gene,https://purl.humanatlas.io/graph/hra-pop
HGNC:17020,IRAK3,IRAK3,biolink:Gene,https://purl.humanatlas.io/graph/hra-pop
HGNC:17021,ASTN2,ASTN2,biolink:Gene,https://purl.humanatlas.io/graph/hra-pop
HGNC:17022,HPS5,HPS5,biolink:Gene,https://purl.humanatlas.io/graph/hra-pop
HGNC:17025,COL21A1,COL21A1,biolink:Gene,https://purl.humanatlas.io/graph/hra-pop
HGNC:17027,SLC16A10,SLC16A10,biolink:Gene,https://purl.humanatlas.io/graph/hra-pop
HGNC:1703,CD83,CD83,biolink:Gene,https://purl.humanatlas.io/graph/hra-pop
HGNC:17032,VSIG4,VSIG4,biolink:Gene,https://purl.humanatlas.io/graph/hra-pop
HGNC:17038,MGLL,MGLL,biolink:Gene,https://purl.humanatlas.io/graph/hra-pop
HGNC:17039,TMEM259,TMEM259,biolink:Gene,https://purl.humanatlas.io/graph/hra-pop
HGNC:1704,CD84,CD84,biolink:Gene,https://purl.humanatlas.io/graph/hra-pop
HGNC:17042,PUF60,PUF60,biolink:Gene,https://purl.humanatlas.io/graph/hra-pop
HGNC:17045,NKD1,NKD1,biolink:Gene,https://purl.humanatlas.io/graph/hra-pop
HGNC:1705,CD86,CD86,biolink:Gene,https://purl.humanatlas.io/graph/hra-pop
HGNC:17050,RPL26L1,RPL26L1,biolink:Gene,https://purl.humanatlas.io/graph/hra-pop
HGNC:17052,SEC31A,SEC31A,biolink:Gene,https://purl.humanatlas.io/graph/hra-pop
HGNC:17053,PLEKHA6,PLEKHA6,biolink:Gene,https://purl.humanatlas.io/graph/hra-pop
HGNC:17057,CARD8,CARD8,biolink:Gene,https://purl.humanatlas.io/graph/hra-pop
HGNC:17058,SLC35E4,SLC35E4,biolink:Gene,https://purl.humanatlas.io/graph/hra-pop
HGNC:1706,CD8A,CD8A,biolink:Gene,https://purl.humanatlas.io/graph/hra-pop
HGNC:17060,KIFAP3,KIFAP3,biolink:Gene,https://purl.humanatlas.io/graph/hra-pop
HGNC:17063,RAB3GAP1,RAB3GAP1,biolink:Gene,https://purl.humanatlas.io/graph/hra-pop
HGNC:17064,ELL2,ELL2,biolink:Gene,https://purl.humanatlas.io/graph/hra-pop
HGNC:17066,ACIN1,ACIN1,biolink:Gene,https://purl.humanatlas.io/graph/hra-pop
HGNC:17067,FAIM2,FAIM2,biolink:Gene,https://purl.humanatlas.io/graph/hra-pop
HGNC:17068,PALLD,PALLD,biolink:Gene,https://purl.humanatlas.io/graph/hra-pop
HGNC:17069,FNBP1,FNBP1,biolink:Gene,https://purl.humanatlas.io/graph/hra-pop
HGNC:1707,CD8B,CD8B,biolink:Gene,https://purl.humanatlas.io/graph/hra-pop
HGNC:17070,SWAP70,SWAP70,biolink:Gene,https://purl.humanatlas.io/graph/hra-pop
HGNC:17071,KDM4C,KDM4C,biolink:Gene,https://purl.humanatlas.io/graph/hra-pop
HGNC:17072,ERC1,ERC1,biolink:Gene,https://purl.humanatlas.io/graph/hra-pop
HGNC:17073,ARHGAP26,ARHGAP26,biolink:Gene,https://purl.humanatlas.io/graph/hra-pop
HGNC:17075,TAB2,TAB2,biolink:Gene,https://purl.humanatlas.io/graph/hra-pop
HGNC:17077,CTDSP2,CTDSP2,biolink:Gene,https://purl.humanatlas.io/graph/hra-pop
HGNC:17078,CLASP2,CLASP2,biolink:Gene,https://purl.humanatlas.io/graph/hra-pop
HGNC:17079,GGA3,GGA3,biolink:Gene,https://purl.humanatlas.io/graph/hra-pop
HGNC:17081,RPS7P1,RPS7P1,biolink:Gene,https://purl.humanatlas.io/graph/hra-pop
HGNC:17084,SYNE2,SYNE2,biolink:Gene,https://purl.humanatlas.io/graph/hra-pop
HGNC:17085,EXOC6B,EXOC6B,biolink:Gene,https://purl.humanatlas.io/graph/hra-pop
HGNC:17087,ICOSLG,ICOSLG,biolink:Gene,https://purl.humanatlas.io/graph/hra-pop
HGNC:17088,CLASP1,CLASP1,biolink:Gene,https://purl.humanatlas.io/graph/hra-pop
HGNC:17089,SYNE1,SYNE1,biolink:Gene,https://purl.humanatlas.io/graph/hra-pop
HGNC:1709,CD9,CD9,biolink:Gene,https://purl.humanatlas.io/graph/hra-pop
HGNC:17090,ARHGEF18,ARHGEF18,biolink:Gene,https://purl.humanatlas.io/graph/hra-pop
HGNC:17091,NCSTN,NCSTN,biolink:Gene,https://purl.humanatlas.io/graph/hra-pop
HGNC:17095,LARS2,LARS2,biolink:Gene,https://purl.humanatlas.io/graph/hra-pop
HGNC:17098,DICER1,DICER1,biolink:Gene,https://purl.humanatlas.io/graph/hra-pop
HGNC:17101,SUZ12,SUZ12,biolink:Gene,https://purl.humanatlas.io/graph/hra-pop
HGNC:17102,ARHGAP45,ARHGAP45,biolink:Gene,https://purl.humanatlas.io/graph/hra-pop
HGNC:17103,TNPO3,TNPO3,biolink:Gene,https://purl.humanatlas.io/graph/hra-pop
HGNC:17104,CDON,CDON,biolink:Gene,https://purl.humanatlas.io/graph/hra-pop
HGNC:17108,ADAMTS16,ADAMTS16,biolink:Gene,https://purl.humanatlas.io/graph/hra-pop
HGNC:17109,ADAMTS17,ADAMTS17,biolink:Gene,https://purl.humanatlas.io/graph/hra-pop
HGNC:1711,ADGRE5,ADGRE5,biolink:Gene,https://purl.humanatlas.io/graph/hra-pop
HGNC:17111,ADAMTS19,ADAMTS19,biolink:Gene,https://purl.humanatlas.io/graph/hra-pop
HGNC:17113,HIF1AN,HIF1AN,biolink:Gene,https://purl.humanatlas.io/graph/hra-pop
HGNC:17116,CATSPER1,CATSPER1,biolink:Gene,https://purl.humanatlas.io/graph/hra-pop
HGNC:17117,SLC35C2,SLC35C2,biolink:Gene,https://purl.humanatlas.io/graph/hra-pop
HGNC:1712,CDA,CDA,biolink:Gene,https://purl.humanatlas.io/graph/hra-pop
HGNC:17121,RPS27AP1,RPS27AP1,biolink:Gene,https://purl.humanatlas.io/graph/hra-pop
HGNC:17123,SLC9A7,SLC9A7,biolink:Gene,https://purl.humanatlas.io/graph/hra-pop
HGNC:17128,SLC39A3,SLC39A3,biolink:Gene,https://purl.humanatlas.io/graph/hra-pop
HGNC:17133,SP140,SP140,biolink:Gene,https://purl.humanatlas.io/graph/hra-pop
HGNC:17134,ZNG1A,ZNG1A,biolink:Gene,https://purl.humanatlas.io/graph/hra-pop
HGNC:17142,OPTN,OPTN,biolink:Gene,https://purl.humanatlas.io/graph/hra-pop
HGNC:17144,NT5C,NT5C,biolink:Gene,https://purl.humanatlas.io/graph/hra-pop
HGNC:17145,SNAPIN,SNAPIN,biolink:Gene,https://purl.humanatlas.io/graph/hra-pop
HGNC:17147,CDC42EP4,CDC42EP4,biolink:Gene,https://purl.humanatlas.io/graph/hra-pop
HGNC:17150,CARHSP1,CARHSP1,biolink:Gene,https://purl.humanatlas.io/graph/hra-pop
HGNC:17151,ORC6,ORC6,biolink:Gene,https://purl.humanatlas.io/graph/hra-pop
HGNC:17153,RUSC1,RUSC1,biolink:Gene,https://purl.humanatlas.io/graph/hra-pop
HGNC:17156,LY96,LY96,biolink:Gene,https://purl.humanatlas.io/graph/hra-pop
HGNC:17157,EDC4,EDC4,biolink:Gene,https://purl.humanatlas.io/graph/hra-pop
HGNC:17158,PLD3,PLD3,biolink:Gene,https://purl.humanatlas.io/graph/hra-pop
HGNC:17168,RAB3GAP2,RAB3GAP2,biolink:Gene,https://purl.humanatlas.io/graph/hra-pop
HGNC:17169,PRDX4,PRDX4,biolink:Gene,https://purl.humanatlas.io/graph/hra-pop
HGNC:1717,SEPTIN7,SEPTIN7,biolink:Gene,https://purl.humanatlas.io/graph/hra-pop
HGNC:17171,LOXL4,LOXL4,biolink:Gene,https://purl.humanatlas.io/graph/hra-pop
HGNC:17173,BOC,BOC,biolink:Gene,https://purl.humanatlas.io/graph/hra-pop
HGNC:17174,NAGK,NAGK,biolink:Gene,https://purl.humanatlas.io/graph/hra-pop
HGNC:17175,PLCE1,PLCE1,biolink:Gene,https://purl.humanatlas.io/graph/hra-pop
HGNC:17176,HEBP1,HEBP1,biolink:Gene,https://purl.humanatlas.io/graph/hra-pop
HGNC:1718,CDC14A,CDC14A,biolink:Gene,https://purl.humanatlas.io/graph/hra-pop
HGNC:17183,ASB8,ASB8,biolink:Gene,https://purl.humanatlas.io/graph/hra-pop
HGNC:1719,CDC14B,CDC14B,biolink:Gene,https://purl.humanatlas.io/graph/hra-pop
HGNC:17190,OLFM4,OLFM4,biolink:Gene,https://purl.humanatlas.io/graph/hra-pop
HGNC:17194,NDUFA13,NDUFA13,biolink:Gene,https://purl.humanatlas.io/graph/hra-pop
HGNC:17196,HELB,HELB,biolink:Gene,https://purl.humanatlas.io/graph/hra-pop
HGNC:17197,ZNF354B,ZNF354B,biolink:Gene,https://purl.humanatlas.io/graph/hra-pop
HGNC:17198,CHSY1,CHSY1,biolink:Gene,https://purl.humanatlas.io/graph/hra-pop
HGNC:172,ACVR1B,ACVR1B,biolink:Gene,https://purl.humanatlas.io/graph/hra-pop
HGNC:17200,LRRN3,LRRN3,biolink:Gene,https://purl.humanatlas.io/graph/hra-pop
HGNC:17205,PGAP6,PGAP6,biolink:Gene,https://purl.humanatlas.io/graph/hra-pop
HGNC:17208,BICD2,BICD2,biolink:Gene,https://purl.humanatlas.io/graph/hra-pop
HGNC:17211,DHX38,DHX38,biolink:Gene,https://purl.humanatlas.io/graph/hra-pop
HGNC:17213,COLEC11,COLEC11,biolink:Gene,https://purl.humanatlas.io/graph/hra-pop
HGNC:1722,CDK1,CDK1,biolink:Gene,https://purl.humanatlas.io/graph/hra-pop
HGNC:17224,RAB11FIP3,RAB11FIP3,biolink:Gene,https://purl.humanatlas.io/graph/hra-pop
HGNC:17228,RAD54B,RAD54B,biolink:Gene,https://purl.humanatlas.io/graph/hra-pop
HGNC:17233,ELMO2,ELMO2,biolink:Gene,https://purl.humanatlas.io/graph/hra-pop
HGNC:17234,ANKRD30A,ANKRD30A,biolink:Gene,https://purl.humanatlas.io/graph/hra-pop
HGNC:17236,PPIAP22,PPIAP22,biolink:Gene,https://purl.humanatlas.io/graph/hra-pop
HGNC:17256,ACTR3B,ACTR3B,biolink:Gene,https://purl.humanatlas.io/graph/hra-pop
HGNC:17258,AGTPBP1,AGTPBP1,biolink:Gene,https://purl.humanatlas.io/graph/hra-pop
HGNC:17259,LSM4,LSM4,biolink:Gene,https://purl.humanatlas.io/graph/hra-pop
HGNC:17260,TNFAIP8,TNFAIP8,biolink:Gene,https://purl.humanatlas.io/graph/hra-pop
HGNC:17261,MOB4,MOB4,biolink:Gene,https://purl.humanatlas.io/graph/hra-pop
HGNC:17265,ABI3BP,ABI3BP,biolink:Gene,https://purl.humanatlas.io/graph/hra-pop
HGNC:17276,ERI3,ERI3,biolink:Gene,https://purl.humanatlas.io/graph/hra-pop
HGNC:17277,ZFR,ZFR,biolink:Gene,https://purl.humanatlas.io/graph/hra-pop
HGNC:17278,PNRC1,PNRC1,biolink:Gene,https://purl.humanatlas.io/graph/hra-pop
HGNC:1728,CDC27,CDC27,biolink:Gene,https://purl.humanatlas.io/graph/hra-pop
HGNC:17281,GHITM,GHITM,biolink:Gene,https://purl.humanatlas.io/graph/hra-pop
HGNC:17283,RIMS2,RIMS2,biolink:Gene,https://purl.humanatlas.io/graph/hra-pop
HGNC:17284,POT1,POT1,biolink:Gene,https://purl.humanatlas.io/graph/hra-pop
HGNC:1729,CDK11B,CDK11B,biolink:Gene,https://purl.humanatlas.io/graph/hra-pop
HGNC:17290,IL27RA,IL27RA,biolink:Gene,https://purl.humanatlas.io/graph/hra-pop
HGNC:17293,PRKD2,PRKD2,biolink:Gene,https://purl.humanatlas.io/graph/hra-pop
HGNC:17299,TPTE2,TPTE2,biolink:Gene,https://purl.humanatlas.io/graph/hra-pop
HGNC:17300,TAF8,TAF8,biolink:Gene,https://purl.humanatlas.io/graph/hra-pop
HGNC:17301,PCSK1N,PCSK1N,biolink:Gene,https://purl.humanatlas.io/graph/hra-pop
HGNC:17302,NEGR1,NEGR1,biolink:Gene,https://purl.humanatlas.io/graph/hra-pop
HGNC:17303,TAF3,TAF3,biolink:Gene,https://purl.humanatlas.io/graph/hra-pop
HGNC:17305,TAF6L,TAF6L,biolink:Gene,https://purl.humanatlas.io/graph/hra-pop
HGNC:17307,BTAF1,BTAF1,biolink:Gene,https://purl.humanatlas.io/graph/hra-pop
HGNC:17313,IP6K2,IP6K2,biolink:Gene,https://purl.humanatlas.io/graph/hra-pop
HGNC:17316,TIMM44,TIMM44,biolink:Gene,https://purl.humanatlas.io/graph/hra-pop
HGNC:17317,TIMM22,TIMM22,biolink:Gene,https://purl.humanatlas.io/graph/hra-pop
HGNC:17325,PRODH2,PRODH2,biolink:Gene,https://purl.humanatlas.io/graph/hra-pop
HGNC:17327,WAC,WAC,biolink:Gene,https://purl.humanatlas.io/graph/hra-pop
HGNC:17329,SLA2,SLA2,biolink:Gene,https://purl.humanatlas.io/graph/hra-pop
HGNC:1733,CDK13,CDK13,biolink:Gene,https://purl.humanatlas.io/graph/hra-pop
HGNC:17337,LCN6,LCN6,biolink:Gene,https://purl.humanatlas.io/graph/hra-pop
HGNC:17342,BRWD3,BRWD3,biolink:Gene,https://purl.humanatlas.io/graph/hra-pop
HGNC:17346,PRP4K,PRP4K,biolink:Gene,https://purl.humanatlas.io/graph/hra-pop
HGNC:17348,PRPF3,PRPF3,biolink:Gene,https://purl.humanatlas.io/graph/hra-pop
HGNC:1735,CDC37,CDC37,biolink:Gene,https://purl.humanatlas.io/graph/hra-pop
HGNC:17351,PRPF18,PRPF18,biolink:Gene,https://purl.humanatlas.io/graph/hra-pop
HGNC:17353,APOBEC3C,APOBEC3C,biolink:Gene,https://purl.humanatlas.io/graph/hra-pop
HGNC:17358,TPK1,TPK1,biolink:Gene,https://purl.humanatlas.io/graph/hra-pop
HGNC:1736,CDC42,CDC42,biolink:Gene,https://purl.humanatlas.io/graph/hra-pop
HGNC:17361,ARID5A,ARID5A,biolink:Gene,https://purl.humanatlas.io/graph/hra-pop
HGNC:17362,ARID5B,ARID5B,biolink:Gene,https://purl.humanatlas.io/graph/hra-pop
HGNC:17363,YAF2,YAF2,biolink:Gene,https://purl.humanatlas.io/graph/hra-pop
HGNC:17366,AASS,AASS,biolink:Gene,https://purl.humanatlas.io/graph/hra-pop
HGNC:17367,IFT57,IFT57,biolink:Gene,https://purl.humanatlas.io/graph/hra-pop
HGNC:17368,IRAK1BP1,IRAK1BP1,biolink:Gene,https://purl.humanatlas.io/graph/hra-pop
HGNC:1737,CDC42BPA,CDC42BPA,biolink:Gene,https://purl.humanatlas.io/graph/hra-pop
HGNC:17371,FHL5,FHL5,biolink:Gene,https://purl.humanatlas.io/graph/hra-pop
HGNC:17376,AK3,AK3,biolink:Gene,https://purl.humanatlas.io/graph/hra-pop
HGNC:17379,APBB1IP,APBB1IP,biolink:Gene,https://purl.humanatlas.io/graph/hra-pop
HGNC:1738,CDC42BPB,CDC42BPB,biolink:Gene,https://purl.humanatlas.io/graph/hra-pop
HGNC:17381,SH2B2,SH2B2,biolink:Gene,https://purl.humanatlas.io/graph/hra-pop
HGNC:17382,SRGAP1,SRGAP1,biolink:Gene,https://purl.humanatlas.io/graph/hra-pop
HGNC:17393,MARCHF7,MARCHF7,biolink:Gene,https://purl.humanatlas.io/graph/hra-pop
HGNC:17397,BANF1,BANF1,biolink:Gene,https://purl.humanatlas.io/graph/hra-pop
HGNC:17407,ZC3H12B,ZC3H12B,biolink:Gene,https://purl.humanatlas.io/graph/hra-pop
HGNC:17408,CDC42EP5,CDC42EP5,biolink:Gene,https://purl.humanatlas.io/graph/hra-pop
HGNC:17409,ZNF382,ZNF382,biolink:Gene,https://purl.humanatlas.io/graph/hra-pop
HGNC:17412,CLCF1,CLCF1,biolink:Gene,https://purl.humanatlas.io/graph/hra-pop
HGNC:17416,ADGRV1,ADGRV1,biolink:Gene,https://purl.humanatlas.io/graph/hra-pop
HGNC:1742,LRBA,LRBA,biolink:Gene,https://purl.humanatlas.io/graph/hra-pop
HGNC:17422,CHST11,CHST11,biolink:Gene,https://purl.humanatlas.io/graph/hra-pop
HGNC:17427,DPF3,DPF3,biolink:Gene,https://purl.humanatlas.io/graph/hra-pop
HGNC:17438,CLNK,CLNK,biolink:Gene,https://purl.humanatlas.io/graph/hra-pop
HGNC:17440,COP1,COP1,biolink:Gene,https://purl.humanatlas.io/graph/hra-pop
HGNC:17441,RCOR1,RCOR1,biolink:Gene,https://purl.humanatlas.io/graph/hra-pop
HGNC:17443,TBRG4,TBRG4,biolink:Gene,https://purl.humanatlas.io/graph/hra-pop
HGNC:17445,RPS27P3,RPS27P3,biolink:Gene,https://purl.humanatlas.io/graph/hra-pop
HGNC:17448,CLSTN2,CLSTN2,biolink:Gene,https://purl.humanatlas.io/graph/hra-pop
HGNC:17451,CYSLTR1,CYSLTR1,biolink:Gene,https://purl.humanatlas.io/graph/hra-pop
HGNC:17468,PDLIM5,PDLIM5,biolink:Gene,https://purl.humanatlas.io/graph/hra-pop
HGNC:17474,ESAM,ESAM,biolink:Gene,https://purl.humanatlas.io/graph/hra-pop
HGNC:1748,CDH1,CDH1,biolink:Gene,https://purl.humanatlas.io/graph/hra-pop
HGNC:17482,GPR132,GPR132,biolink:Gene,https://purl.humanatlas.io/graph/hra-pop
HGNC:17485,PPP2R3C,PPP2R3C,biolink:Gene,https://purl.humanatlas.io/graph/hra-pop
HGNC:1749,CDH10,CDH10,biolink:Gene,https://purl.humanatlas.io/graph/hra-pop
HGNC:17493,GMNN,GMNN,biolink:Gene,https://purl.humanatlas.io/graph/hra-pop
HGNC:17499,SERGEF,SERGEF,biolink:Gene,https://purl.humanatlas.io/graph/hra-pop
HGNC:175,ACVRL1,ACVRL1,biolink:Gene,https://purl.humanatlas.io/graph/hra-pop
HGNC:1750,CDH11,CDH11,biolink:Gene,https://purl.humanatlas.io/graph/hra-pop
HGNC:17509,HEMGN,HEMGN,biolink:Gene,https://purl.humanatlas.io/graph/hra-pop
HGNC:1751,CDH12,CDH12,biolink:Gene,https://purl.humanatlas.io/graph/hra-pop
HGNC:1753,CDH13,CDH13,biolink:Gene,https://purl.humanatlas.io/graph/hra-pop
HGNC:17537,ASIC5,ASIC5,biolink:Gene,https://purl.humanatlas.io/graph/hra-pop
HGNC:1754,CDH15,CDH15,biolink:Gene,https://purl.humanatlas.io/graph/hra-pop
HGNC:1755,CDH16,CDH16,biolink:Gene,https://purl.humanatlas.io/graph/hra-pop
HGNC:17550,KREMEN1,KREMEN1,biolink:Gene,https://purl.humanatlas.io/graph/hra-pop
HGNC:17556,MED16,MED16,biolink:Gene,https://purl.humanatlas.io/graph/hra-pop
HGNC:17565,MINK1,MINK1,biolink:Gene,https://purl.humanatlas.io/graph/hra-pop
HGNC:17567,DLEU7,DLEU7,biolink:Gene,https://purl.humanatlas.io/graph/hra-pop
HGNC:1757,CDH18,CDH18,biolink:Gene,https://purl.humanatlas.io/graph/hra-pop
HGNC:17572,EPDR1,EPDR1,biolink:Gene,https://purl.humanatlas.io/graph/hra-pop
HGNC:17574,ALPK3,ALPK3,biolink:Gene,https://purl.humanatlas.io/graph/hra-pop
HGNC:17575,SPEN,SPEN,biolink:Gene,https://purl.humanatlas.io/graph/hra-pop
HGNC:1758,CDH19,CDH19,biolink:Gene,https://purl.humanatlas.io/graph/hra-pop
HGNC:17581,APIP,APIP,biolink:Gene,https://purl.humanatlas.io/graph/hra-pop
HGNC:17582,KAT6B,KAT6B,biolink:Gene,https://purl.humanatlas.io/graph/hra-pop
HGNC:17585,KCP,KCP,biolink:Gene,https://purl.humanatlas.io/graph/hra-pop
HGNC:17586,MTCH1,MTCH1,biolink:Gene,https://purl.humanatlas.io/graph/hra-pop
HGNC:1759,CDH2,CDH2,biolink:Gene,https://purl.humanatlas.io/graph/hra-pop
HGNC:17592,NDFIP1,NDFIP1,biolink:Gene,https://purl.humanatlas.io/graph/hra-pop
HGNC:1760,CDH20,CDH20,biolink:Gene,https://purl.humanatlas.io/graph/hra-pop
HGNC:17609,RASSF5,RASSF5,biolink:Gene,https://purl.humanatlas.io/graph/hra-pop
HGNC:17613,BFAR,BFAR,biolink:Gene,https://purl.humanatlas.io/graph/hra-pop
HGNC:17619,NDE1,NDE1,biolink:Gene,https://purl.humanatlas.io/graph/hra-pop
HGNC:17623,NUB1,NUB1,biolink:Gene,https://purl.humanatlas.io/graph/hra-pop
HGNC:1763,CDH4,CDH4,biolink:Gene,https://purl.humanatlas.io/graph/hra-pop
HGNC:17633,NAMPTP1,NAMPTP1,biolink:Gene,https://purl.humanatlas.io/graph/hra-pop
HGNC:17634,NUFIP2,NUFIP2,biolink:Gene,https://purl.humanatlas.io/graph/hra-pop
HGNC:17637,PERP,PERP,biolink:Gene,https://purl.humanatlas.io/graph/hra-pop
HGNC:1764,CDH5,CDH5,biolink:Gene,https://purl.humanatlas.io/graph/hra-pop
HGNC:17643,GOPC,GOPC,biolink:Gene,https://purl.humanatlas.io/graph/hra-pop
HGNC:17646,NGLY1,NGLY1,biolink:Gene,https://purl.humanatlas.io/graph/hra-pop
HGNC:1765,CDH6,CDH6,biolink:Gene,https://purl.humanatlas.io/graph/hra-pop
HGNC:17650,SH3RF1,SH3RF1,biolink:Gene,https://purl.humanatlas.io/graph/hra-pop
HGNC:17663,PITRM1,PITRM1,biolink:Gene,https://purl.humanatlas.io/graph/hra-pop
HGNC:17675,XPO5,XPO5,biolink:Gene,https://purl.humanatlas.io/graph/hra-pop
HGNC:17676,RABGEF1,RABGEF1,biolink:Gene,https://purl.humanatlas.io/graph/hra-pop
HGNC:17677,RABEP1,RABEP1,biolink:Gene,https://purl.humanatlas.io/graph/hra-pop
HGNC:1768,CDH9,CDH9,biolink:Gene,https://purl.humanatlas.io/graph/hra-pop
HGNC:17687,RCL1,RCL1,biolink:Gene,https://purl.humanatlas.io/graph/hra-pop
HGNC:17688,RPP30,RPP30,biolink:Gene,https://purl.humanatlas.io/graph/hra-pop
HGNC:1769,CDIPT,CDIPT,biolink:Gene,https://purl.humanatlas.io/graph/hra-pop
HGNC:17693,DHRS3,DHRS3,biolink:Gene,https://purl.humanatlas.io/graph/hra-pop
HGNC:177,ACY1,ACY1,biolink:Gene,https://purl.humanatlas.io/graph/hra-pop
HGNC:17700,CCL28,CCL28,biolink:Gene,https://purl.humanatlas.io/graph/hra-pop
HGNC:17704,PDZRN3,PDZRN3,biolink:Gene,https://purl.humanatlas.io/graph/hra-pop
HGNC:17705,SELENOF,SELENOF,biolink:Gene,https://purl.humanatlas.io/graph/hra-pop
HGNC:17712,SIVA1,SIVA1,biolink:Gene,https://purl.humanatlas.io/graph/hra-pop
HGNC:17717,STK39,STK39,biolink:Gene,https://purl.humanatlas.io/graph/hra-pop
HGNC:17718,SEC11A,SEC11A,biolink:Gene,https://purl.humanatlas.io/graph/hra-pop
HGNC:17719,CDC42SE1,CDC42SE1,biolink:Gene,https://purl.humanatlas.io/graph/hra-pop
HGNC:17720,SGPP1,SGPP1,biolink:Gene,https://purl.humanatlas.io/graph/hra-pop
HGNC:17721,DNAAF9,DNAAF9,biolink:Gene,https://purl.humanatlas.io/graph/hra-pop
HGNC:17722,SPRED2,SPRED2,biolink:Gene,https://purl.humanatlas.io/graph/hra-pop
HGNC:17729,UXS1,UXS1,biolink:Gene,https://purl.humanatlas.io/graph/hra-pop
HGNC:1773,CDK4,CDK4,biolink:Gene,https://purl.humanatlas.io/graph/hra-pop
HGNC:17731,CLASRP,CLASRP,biolink:Gene,https://purl.humanatlas.io/graph/hra-pop
HGNC:17732,SYNPO2,SYNPO2,biolink:Gene,https://purl.humanatlas.io/graph/hra-pop
HGNC:17733,PLEKHH1,PLEKHH1,biolink:Gene,https://purl.humanatlas.io/graph/hra-pop
HGNC:1774,CDK5,CDK5,biolink:Gene,https://purl.humanatlas.io/graph/hra-pop
HGNC:17748,DACT1,DACT1,biolink:Gene,https://purl.humanatlas.io/graph/hra-pop
HGNC:17751,CRIP3,CRIP3,biolink:Gene,https://purl.humanatlas.io/graph/hra-pop
HGNC:17752,TSPAN3,TSPAN3,biolink:Gene,https://purl.humanatlas.io/graph/hra-pop
HGNC:17753,TSPAN5,TSPAN5,biolink:Gene,https://purl.humanatlas.io/graph/hra-pop
HGNC:17755,TNFRSF13C,TNFRSF13C,biolink:Gene,https://purl.humanatlas.io/graph/hra-pop
HGNC:17756,EDA2R,EDA2R,biolink:Gene,https://purl.humanatlas.io/graph/hra-pop
HGNC:17760,TREM1,TREM1,biolink:Gene,https://purl.humanatlas.io/graph/hra-pop
HGNC:17765,RNF138,RNF138,biolink:Gene,https://purl.humanatlas.io/graph/hra-pop
HGNC:17768,TDP2,TDP2,biolink:Gene,https://purl.humanatlas.io/graph/hra-pop
HGNC:1777,CDK6,CDK6,biolink:Gene,https://purl.humanatlas.io/graph/hra-pop
HGNC:17770,RALGAPA1,RALGAPA1,biolink:Gene,https://purl.humanatlas.io/graph/hra-pop
HGNC:17772,TXN2,TXN2,biolink:Gene,https://purl.humanatlas.io/graph/hra-pop
HGNC:17777,UBOX5,UBOX5,biolink:Gene,https://purl.humanatlas.io/graph/hra-pop
HGNC:1779,CDK8,CDK8,biolink:Gene,https://purl.humanatlas.io/graph/hra-pop
HGNC:17791,TBC1D8,TBC1D8,biolink:Gene,https://purl.humanatlas.io/graph/hra-pop
HGNC:17792,VTI1A,VTI1A,biolink:Gene,https://purl.humanatlas.io/graph/hra-pop
HGNC:17793,VTI1B,VTI1B,biolink:Gene,https://purl.humanatlas.io/graph/hra-pop
HGNC:17794,RHOU,RHOU,biolink:Gene,https://purl.humanatlas.io/graph/hra-pop
HGNC:17795,SAV1,SAV1,biolink:Gene,https://purl.humanatlas.io/graph/hra-pop
HGNC:17797,MAP3K20,MAP3K20,biolink:Gene,https://purl.humanatlas.io/graph/hra-pop
HGNC:17798,YLPM1,YLPM1,biolink:Gene,https://purl.humanatlas.io/graph/hra-pop
HGNC:17801,ZFP28,ZFP28,biolink:Gene,https://purl.humanatlas.io/graph/hra-pop
HGNC:17804,PIPOX,PIPOX,biolink:Gene,https://purl.humanatlas.io/graph/hra-pop
HGNC:17805,DIRC3,DIRC3,biolink:Gene,https://purl.humanatlas.io/graph/hra-pop
HGNC:17806,ZFTRAF1,ZFTRAF1,biolink:Gene,https://purl.humanatlas.io/graph/hra-pop
HGNC:17808,ZC3H4,ZC3H4,biolink:Gene,https://purl.humanatlas.io/graph/hra-pop
HGNC:17809,SMG6,SMG6,biolink:Gene,https://purl.humanatlas.io/graph/hra-pop
HGNC:1781,CDKL1,CDKL1,biolink:Gene,https://purl.humanatlas.io/graph/hra-pop
HGNC:17811,AMOTL1,AMOTL1,biolink:Gene,https://purl.humanatlas.io/graph/hra-pop
HGNC:17812,AMOTL2,AMOTL2,biolink:Gene,https://purl.humanatlas.io/graph/hra-pop
HGNC:17813,IGSF8,IGSF8,biolink:Gene,https://purl.humanatlas.io/graph/hra-pop
HGNC:17814,SLF2,SLF2,biolink:Gene,https://purl.humanatlas.io/graph/hra-pop
HGNC:17817,IFI44L,IFI44L,biolink:Gene,https://purl.humanatlas.io/graph/hra-pop
HGNC:1782,CDKL2,CDKL2,biolink:Gene,https://purl.humanatlas.io/graph/hra-pop
HGNC:17820,NT5C3A,NT5C3A,biolink:Gene,https://purl.humanatlas.io/graph/hra-pop
HGNC:17822,PTGES2,PTGES2,biolink:Gene,https://purl.humanatlas.io/graph/hra-pop
HGNC:17823,BBLN,BBLN,biolink:Gene,https://purl.humanatlas.io/graph/hra-pop
HGNC:17825,PLAAT3,PLAAT3,biolink:Gene,https://purl.humanatlas.io/graph/hra-pop
HGNC:17827,ST8SIA5,ST8SIA5,biolink:Gene,https://purl.humanatlas.io/graph/hra-pop
HGNC:17834,RPL3P2,RPL3P2,biolink:Gene,https://purl.humanatlas.io/graph/hra-pop
HGNC:1784,CDKN1A,CDKN1A,biolink:Gene,https://purl.humanatlas.io/graph/hra-pop
HGNC:17840,CHCHD5,CHCHD5,biolink:Gene,https://purl.humanatlas.io/graph/hra-pop
HGNC:17843,TGS1,TGS1,biolink:Gene,https://purl.humanatlas.io/graph/hra-pop
HGNC:17847,STK38,STK38,biolink:Gene,https://purl.humanatlas.io/graph/hra-pop
HGNC:17848,STK38L,STK38L,biolink:Gene,https://purl.humanatlas.io/graph/hra-pop
HGNC:17849,ADGRA2,ADGRA2,biolink:Gene,https://purl.humanatlas.io/graph/hra-pop
HGNC:17851,REXO2,REXO2,biolink:Gene,https://purl.humanatlas.io/graph/hra-pop
HGNC:17852,CHPT1,CHPT1,biolink:Gene,https://purl.humanatlas.io/graph/hra-pop
HGNC:17854,UPF2,UPF2,biolink:Gene,https://purl.humanatlas.io/graph/hra-pop
HGNC:17855,GLCE,GLCE,biolink:Gene,https://purl.humanatlas.io/graph/hra-pop
HGNC:17857,TRIM69,TRIM69,biolink:Gene,https://purl.humanatlas.io/graph/hra-pop
HGNC:1786,CDKN1C,CDKN1C,biolink:Gene,https://purl.humanatlas.io/graph/hra-pop
HGNC:17860,SERBP1,SERBP1,biolink:Gene,https://purl.humanatlas.io/graph/hra-pop
HGNC:17861,TRAF3IP1,TRAF3IP1,biolink:Gene,https://purl.humanatlas.io/graph/hra-pop
HGNC:17862,SENP3,SENP3,biolink:Gene,https://purl.humanatlas.io/graph/hra-pop
HGNC:17865,FAM162A,FAM162A,biolink:Gene,https://purl.humanatlas.io/graph/hra-pop
HGNC:17866,HAVCR1,HAVCR1,biolink:Gene,https://purl.humanatlas.io/graph/hra-pop
HGNC:17867,NPTN,NPTN,biolink:Gene,https://purl.humanatlas.io/graph/hra-pop
HGNC:17869,AFF4,AFF4,biolink:Gene,https://purl.humanatlas.io/graph/hra-pop
HGNC:17874,LSM3,LSM3,biolink:Gene,https://purl.humanatlas.io/graph/hra-pop
HGNC:17880,LMTK2,LMTK2,biolink:Gene,https://purl.humanatlas.io/graph/hra-pop
HGNC:17882,SREK1,SREK1,biolink:Gene,https://purl.humanatlas.io/graph/hra-pop
HGNC:17887,DHDH,DHDH,biolink:Gene,https://purl.humanatlas.io/graph/hra-pop
HGNC:17889,APEX2,APEX2,biolink:Gene,https://purl.humanatlas.io/graph/hra-pop
HGNC:17890,HPGDS,HPGDS,biolink:Gene,https://purl.humanatlas.io/graph/hra-pop
HGNC:17894,ZNF638,ZNF638,biolink:Gene,https://purl.humanatlas.io/graph/hra-pop
HGNC:17896,PRPF19,PRPF19,biolink:Gene,https://purl.humanatlas.io/graph/hra-pop
HGNC:17897,UTP20,UTP20,biolink:Gene,https://purl.humanatlas.io/graph/hra-pop
HGNC:17898,NKIRAS2,NKIRAS2,biolink:Gene,https://purl.humanatlas.io/graph/hra-pop
HGNC:17899,NKIRAS1,NKIRAS1,biolink:Gene,https://purl.humanatlas.io/graph/hra-pop
HGNC:17903,MED4,MED4,biolink:Gene,https://purl.humanatlas.io/graph/hra-pop
HGNC:17904,DROSHA,DROSHA,biolink:Gene,https://purl.humanatlas.io/graph/hra-pop
HGNC:17907,ZNG1B,ZNG1B,biolink:Gene,https://purl.humanatlas.io/graph/hra-pop
HGNC:17909,DUSP16,DUSP16,biolink:Gene,https://purl.humanatlas.io/graph/hra-pop
HGNC:17925,TFCP2L1,TFCP2L1,biolink:Gene,https://purl.humanatlas.io/graph/hra-pop
HGNC:17932,SERTAD1,SERTAD1,biolink:Gene,https://purl.humanatlas.io/graph/hra-pop
HGNC:17940,MYEF2,MYEF2,biolink:Gene,https://purl.humanatlas.io/graph/hra-pop
HGNC:17941,NTM,NTM,biolink:Gene,https://purl.humanatlas.io/graph/hra-pop
HGNC:17948,YBX2,YBX2,biolink:Gene,https://purl.humanatlas.io/graph/hra-pop
HGNC:1795,CDO1,CDO1,biolink:Gene,https://purl.humanatlas.io/graph/hra-pop
HGNC:17955,LAMTOR5,LAMTOR5,biolink:Gene,https://purl.humanatlas.io/graph/hra-pop
HGNC:17960,RPLP0P2,RPLP0P2,biolink:Gene,https://purl.humanatlas.io/graph/hra-pop
HGNC:17964,RDH11,RDH11,biolink:Gene,https://purl.humanatlas.io/graph/hra-pop
HGNC:17970,PAIP2,PAIP2,biolink:Gene,https://purl.humanatlas.io/graph/hra-pop
HGNC:17972,NRN1,NRN1,biolink:Gene,https://purl.humanatlas.io/graph/hra-pop
HGNC:17973,GCNT4,GCNT4,biolink:Gene,https://purl.humanatlas.io/graph/hra-pop
HGNC:17984,FAUP1,FAUP1,biolink:Gene,https://purl.humanatlas.io/graph/hra-pop
HGNC:17985,ROBO4,ROBO4,biolink:Gene,https://purl.humanatlas.io/graph/hra-pop
HGNC:17986,LINC01545,LINC01545,biolink:Gene,https://purl.humanatlas.io/graph/hra-pop
HGNC:17989,SLC22A12,SLC22A12,biolink:Gene,https://purl.humanatlas.io/graph/hra-pop
HGNC:1799,CDR2,CDR2,biolink:Gene,https://purl.humanatlas.io/graph/hra-pop
HGNC:17990,OLFM3,OLFM3,biolink:Gene,https://purl.humanatlas.io/graph/hra-pop
HGNC:17992,TRPM3,TRPM3,biolink:Gene,https://purl.humanatlas.io/graph/hra-pop
HGNC:17994,TRPM7,TRPM7,biolink:Gene,https://purl.humanatlas.io/graph/hra-pop
HGNC:17995,TRPM6,TRPM6,biolink:Gene,https://purl.humanatlas.io/graph/hra-pop
HGNC:17998,RPL22P1,RPL22P1,biolink:Gene,https://purl.humanatlas.io/graph/hra-pop
HGNC:18,AAMP,AAMP,biolink:Gene,https://purl.humanatlas.io/graph/hra-pop
HGNC:180,ACYP2,ACYP2,biolink:Gene,https://purl.humanatlas.io/graph/hra-pop
HGNC:1800,CDS1,CDS1,biolink:Gene,https://purl.humanatlas.io/graph/hra-pop
HGNC:18001,TOMM40,TOMM40,biolink:Gene,https://purl.humanatlas.io/graph/hra-pop
HGNC:18005,GIMAP5,GIMAP5,biolink:Gene,https://purl.humanatlas.io/graph/hra-pop
HGNC:18006,NISCH,NISCH,biolink:Gene,https://purl.humanatlas.io/graph/hra-pop
HGNC:18007,GLIPR2,GLIPR2,biolink:Gene,https://purl.humanatlas.io/graph/hra-pop
HGNC:18008,NXN,NXN,biolink:Gene,https://purl.humanatlas.io/graph/hra-pop
HGNC:1801,CDS2,CDS2,biolink:Gene,https://purl.humanatlas.io/graph/hra-pop
HGNC:18015,IL17RB,IL17RB,biolink:Gene,https://purl.humanatlas.io/graph/hra-pop
HGNC:18016,NUP133,NUP133,biolink:Gene,https://purl.humanatlas.io/graph/hra-pop
HGNC:18017,NUP160,NUP160,biolink:Gene,https://purl.humanatlas.io/graph/hra-pop
HGNC:18019,ZFAND3,ZFAND3,biolink:Gene,https://purl.humanatlas.io/graph/hra-pop
HGNC:18022,TP53INP1,TP53INP1,biolink:Gene,https://purl.humanatlas.io/graph/hra-pop
HGNC:18025,COA6,COA6,biolink:Gene,https://purl.humanatlas.io/graph/hra-pop
HGNC:18026,TBC1D2,TBC1D2,biolink:Gene,https://purl.humanatlas.io/graph/hra-pop
HGNC:18027,POLR1F,POLR1F,biolink:Gene,https://purl.humanatlas.io/graph/hra-pop
HGNC:18036,EMID1,EMID1,biolink:Gene,https://purl.humanatlas.io/graph/hra-pop
HGNC:18037,ARID2,ARID2,biolink:Gene,https://purl.humanatlas.io/graph/hra-pop
HGNC:18038,COL26A1,COL26A1,biolink:Gene,https://purl.humanatlas.io/graph/hra-pop
HGNC:1804,CD52,CD52,biolink:Gene,https://purl.humanatlas.io/graph/hra-pop
HGNC:18040,ARID1B,ARID1B,biolink:Gene,https://purl.humanatlas.io/graph/hra-pop
HGNC:18041,BMP2K,BMP2K,biolink:Gene,https://purl.humanatlas.io/graph/hra-pop
HGNC:18042,CNOT6L,CNOT6L,biolink:Gene,https://purl.humanatlas.io/graph/hra-pop
HGNC:18052,RNF38,RNF38,biolink:Gene,https://purl.humanatlas.io/graph/hra-pop
HGNC:18053,PKD1L1,PKD1L1,biolink:Gene,https://purl.humanatlas.io/graph/hra-pop
HGNC:18057,SLC22A10,SLC22A10,biolink:Gene,https://purl.humanatlas.io/graph/hra-pop
HGNC:18058,STARD4,STARD4,biolink:Gene,https://purl.humanatlas.io/graph/hra-pop
HGNC:18062,GPT2,GPT2,biolink:Gene,https://purl.humanatlas.io/graph/hra-pop
HGNC:18063,STARD7,STARD7,biolink:Gene,https://purl.humanatlas.io/graph/hra-pop
HGNC:18065,STARD5,STARD5,biolink:Gene,https://purl.humanatlas.io/graph/hra-pop
HGNC:18068,SLC15A3,SLC15A3,biolink:Gene,https://purl.humanatlas.io/graph/hra-pop
HGNC:18069,NAT8,NAT8,biolink:Gene,https://purl.humanatlas.io/graph/hra-pop
HGNC:18070,SLC38A5,SLC38A5,biolink:Gene,https://purl.humanatlas.io/graph/hra-pop
HGNC:18075,AHSP,AHSP,biolink:Gene,https://purl.humanatlas.io/graph/hra-pop
HGNC:18076,ARL6IP4,ARL6IP4,biolink:Gene,https://purl.humanatlas.io/graph/hra-pop
HGNC:18077,NGRN,NGRN,biolink:Gene,https://purl.humanatlas.io/graph/hra-pop
HGNC:18078,ZBTB7A,ZBTB7A,biolink:Gene,https://purl.humanatlas.io/graph/hra-pop
HGNC:18079,ZNF362,ZNF362,biolink:Gene,https://purl.humanatlas.io/graph/hra-pop
HGNC:18080,ST3GAL6,ST3GAL6,biolink:Gene,https://purl.humanatlas.io/graph/hra-pop
HGNC:18083,TRPV4,TRPV4,biolink:Gene,https://purl.humanatlas.io/graph/hra-pop
HGNC:1811,CDYL,CDYL,biolink:Gene,https://purl.humanatlas.io/graph/hra-pop
HGNC:18111,CCDC50,CCDC50,biolink:Gene,https://purl.humanatlas.io/graph/hra-pop
HGNC:18114,KHDRBS2,KHDRBS2,biolink:Gene,https://purl.humanatlas.io/graph/hra-pop
HGNC:18116,KHDRBS1,KHDRBS1,biolink:Gene,https://purl.humanatlas.io/graph/hra-pop
HGNC:18117,KHDRBS3,KHDRBS3,biolink:Gene,https://purl.humanatlas.io/graph/hra-pop
HGNC:18118,RSF1,RSF1,biolink:Gene,https://purl.humanatlas.io/graph/hra-pop
HGNC:18119,AFG2A,AFG2A,biolink:Gene,https://purl.humanatlas.io/graph/hra-pop
HGNC:18120,SLC22A11,SLC22A11,biolink:Gene,https://purl.humanatlas.io/graph/hra-pop
HGNC:18121,MFRP,MFRP,biolink:Gene,https://purl.humanatlas.io/graph/hra-pop
HGNC:18122,SOX17,SOX17,biolink:Gene,https://purl.humanatlas.io/graph/hra-pop
HGNC:18126,ZNRF3,ZNRF3,biolink:Gene,https://purl.humanatlas.io/graph/hra-pop
HGNC:18129,GHRL,GHRL,biolink:Gene,https://purl.humanatlas.io/graph/hra-pop
HGNC:18133,TAOK3,TAOK3,biolink:Gene,https://purl.humanatlas.io/graph/hra-pop
HGNC:18135,WT1-AS,WT1-AS,biolink:Gene,https://purl.humanatlas.io/graph/hra-pop
HGNC:18137,CHST15,CHST15,biolink:Gene,https://purl.humanatlas.io/graph/hra-pop
HGNC:18138,EIF3L,EIF3L,biolink:Gene,https://purl.humanatlas.io/graph/hra-pop
HGNC:1814,CEACAM1,CEACAM1,biolink:Gene,https://purl.humanatlas.io/graph/hra-pop
HGNC:18140,RHCG,RHCG,biolink:Gene,https://purl.humanatlas.io/graph/hra-pop
HGNC:18141,DCDC2,DCDC2,biolink:Gene,https://purl.humanatlas.io/graph/hra-pop
HGNC:18142,DAAM1,DAAM1,biolink:Gene,https://purl.humanatlas.io/graph/hra-pop
HGNC:18143,DAAM2,DAAM2,biolink:Gene,https://purl.humanatlas.io/graph/hra-pop
HGNC:18150,MYO18B,MYO18B,biolink:Gene,https://purl.humanatlas.io/graph/hra-pop
HGNC:18152,TNFRSF12A,TNFRSF12A,biolink:Gene,https://purl.humanatlas.io/graph/hra-pop
HGNC:18154,RNF115,RNF115,biolink:Gene,https://purl.humanatlas.io/graph/hra-pop
HGNC:18155,TXNRD2,TXNRD2,biolink:Gene,https://purl.humanatlas.io/graph/hra-pop
HGNC:18156,ACOT11,ACOT11,biolink:Gene,https://purl.humanatlas.io/graph/hra-pop
HGNC:18157,TAB1,TAB1,biolink:Gene,https://purl.humanatlas.io/graph/hra-pop
HGNC:18159,VCX3A,VCX3A,biolink:Gene,https://purl.humanatlas.io/graph/hra-pop
HGNC:18165,STYXL1,STYXL1,biolink:Gene,https://purl.humanatlas.io/graph/hra-pop
HGNC:18167,PALS2,PALS2,biolink:Gene,https://purl.humanatlas.io/graph/hra-pop
HGNC:18170,CMPK1,CMPK1,biolink:Gene,https://purl.humanatlas.io/graph/hra-pop
HGNC:18171,CD244,CD244,biolink:Gene,https://purl.humanatlas.io/graph/hra-pop
HGNC:18173,ERAP1,ERAP1,biolink:Gene,https://purl.humanatlas.io/graph/hra-pop
HGNC:18175,COQ3,COQ3,biolink:Gene,https://purl.humanatlas.io/graph/hra-pop
HGNC:18177,GIPC2,GIPC2,biolink:Gene,https://purl.humanatlas.io/graph/hra-pop
HGNC:18178,VPS28,VPS28,biolink:Gene,https://purl.humanatlas.io/graph/hra-pop
HGNC:18181,SHC3,SHC3,biolink:Gene,https://purl.humanatlas.io/graph/hra-pop
HGNC:18182,TPCN1,TPCN1,biolink:Gene,https://purl.humanatlas.io/graph/hra-pop
HGNC:18184,DCUN1D1,DCUN1D1,biolink:Gene,https://purl.humanatlas.io/graph/hra-pop
HGNC:18185,ERRFI1,ERRFI1,biolink:Gene,https://purl.humanatlas.io/graph/hra-pop
HGNC:18188,TMCO1,TMCO1,biolink:Gene,https://purl.humanatlas.io/graph/hra-pop
HGNC:18189,EXOSC4,EXOSC4,biolink:Gene,https://purl.humanatlas.io/graph/hra-pop
HGNC:18197,EML5,EML5,biolink:Gene,https://purl.humanatlas.io/graph/hra-pop
HGNC:18210,MOGAT1,MOGAT1,biolink:Gene,https://purl.humanatlas.io/graph/hra-pop
HGNC:18211,PLEKHJ1,PLEKHJ1,biolink:Gene,https://purl.humanatlas.io/graph/hra-pop
HGNC:18215,PI4K2B,PI4K2B,biolink:Gene,https://purl.humanatlas.io/graph/hra-pop
HGNC:18216,TMEM37,TMEM37,biolink:Gene,https://purl.humanatlas.io/graph/hra-pop
HGNC:18219,CD248,CD248,biolink:Gene,https://purl.humanatlas.io/graph/hra-pop
HGNC:18222,RBFOX1,RBFOX1,biolink:Gene,https://purl.humanatlas.io/graph/hra-pop
HGNC:18224,ZRANB1,ZRANB1,biolink:Gene,https://purl.humanatlas.io/graph/hra-pop
HGNC:18233,BANK1,BANK1,biolink:Gene,https://purl.humanatlas.io/graph/hra-pop
HGNC:18237,CD99L2,CD99L2,biolink:Gene,https://purl.humanatlas.io/graph/hra-pop
HGNC:18239,ARHGAP17,ARHGAP17,biolink:Gene,https://purl.humanatlas.io/graph/hra-pop
HGNC:18242,APPL2,APPL2,biolink:Gene,https://purl.humanatlas.io/graph/hra-pop
HGNC:18246,CRYL1,CRYL1,biolink:Gene,https://purl.humanatlas.io/graph/hra-pop
HGNC:18247,SMU1,SMU1,biolink:Gene,https://purl.humanatlas.io/graph/hra-pop
HGNC:18248,ELP2,ELP2,biolink:Gene,https://purl.humanatlas.io/graph/hra-pop
HGNC:18249,KCTD1,KCTD1,biolink:Gene,https://purl.humanatlas.io/graph/hra-pop
HGNC:18250,PHF10,PHF10,biolink:Gene,https://purl.humanatlas.io/graph/hra-pop
HGNC:18251,SELENOH,SELENOH,biolink:Gene,https://purl.humanatlas.io/graph/hra-pop
HGNC:18258,VEZT,VEZT,biolink:Gene,https://purl.humanatlas.io/graph/hra-pop
HGNC:18260,RAB20,RAB20,biolink:Gene,https://purl.humanatlas.io/graph/hra-pop
HGNC:18261,NPLOC4,NPLOC4,biolink:Gene,https://purl.humanatlas.io/graph/hra-pop
HGNC:18262,MFN1,MFN1,biolink:Gene,https://purl.humanatlas.io/graph/hra-pop
HGNC:18264,ATP6V1C2,ATP6V1C2,biolink:Gene,https://purl.humanatlas.io/graph/hra-pop
HGNC:18265,ATP6V1G3,ATP6V1G3,biolink:Gene,https://purl.humanatlas.io/graph/hra-pop
HGNC:18266,ATP6V0D2,ATP6V0D2,biolink:Gene,https://purl.humanatlas.io/graph/hra-pop
HGNC:18267,FMNL2,FMNL2,biolink:Gene,https://purl.humanatlas.io/graph/hra-pop
HGNC:18268,LMBR1L,LMBR1L,biolink:Gene,https://purl.humanatlas.io/graph/hra-pop
HGNC:18269,BTBD7,BTBD7,biolink:Gene,https://purl.humanatlas.io/graph/hra-pop
HGNC:18271,ENAH,ENAH,biolink:Gene,https://purl.humanatlas.io/graph/hra-pop
HGNC:18273,TRERF1,TRERF1,biolink:Gene,https://purl.humanatlas.io/graph/hra-pop
HGNC:18275,ABTB1,ABTB1,biolink:Gene,https://purl.humanatlas.io/graph/hra-pop
HGNC:18276,SEC61A1,SEC61A1,biolink:Gene,https://purl.humanatlas.io/graph/hra-pop
HGNC:18277,SEC61G,SEC61G,biolink:Gene,https://purl.humanatlas.io/graph/hra-pop
HGNC:18280,RNF130,RNF130,biolink:Gene,https://purl.humanatlas.io/graph/hra-pop
HGNC:18284,RAB40B,RAB40B,biolink:Gene,https://purl.humanatlas.io/graph/hra-pop
HGNC:18290,CMAS,CMAS,biolink:Gene,https://purl.humanatlas.io/graph/hra-pop
HGNC:18291,DMAP1,DMAP1,biolink:Gene,https://purl.humanatlas.io/graph/hra-pop
HGNC:18296,PPP4R2,PPP4R2,biolink:Gene,https://purl.humanatlas.io/graph/hra-pop
HGNC:18297,PILRB,PILRB,biolink:Gene,https://purl.humanatlas.io/graph/hra-pop
HGNC:18302,MDN1,MDN1,biolink:Gene,https://purl.humanatlas.io/graph/hra-pop
HGNC:18303,ATP6V1H,ATP6V1H,biolink:Gene,https://purl.humanatlas.io/graph/hra-pop
HGNC:18304,COTL1,COTL1,biolink:Gene,https://purl.humanatlas.io/graph/hra-pop
HGNC:18305,ATP6AP2,ATP6AP2,biolink:Gene,https://purl.humanatlas.io/graph/hra-pop
HGNC:18308,TMLHE,TMLHE,biolink:Gene,https://purl.humanatlas.io/graph/hra-pop
HGNC:18309,SPATA6,SPATA6,biolink:Gene,https://purl.humanatlas.io/graph/hra-pop
HGNC:18311,ERP44,ERP44,biolink:Gene,https://purl.humanatlas.io/graph/hra-pop
HGNC:18316,ZNF366,ZNF366,biolink:Gene,https://purl.humanatlas.io/graph/hra-pop
HGNC:18319,PRIMA1,PRIMA1,biolink:Gene,https://purl.humanatlas.io/graph/hra-pop
HGNC:18320,ZNF367,ZNF367,biolink:Gene,https://purl.humanatlas.io/graph/hra-pop
HGNC:18326,YPEL2,YPEL2,biolink:Gene,https://purl.humanatlas.io/graph/hra-pop
HGNC:18327,YPEL3,YPEL3,biolink:Gene,https://purl.humanatlas.io/graph/hra-pop
HGNC:18329,YPEL5,YPEL5,biolink:Gene,https://purl.humanatlas.io/graph/hra-pop
HGNC:18335,TIGD4,TIGD4,biolink:Gene,https://purl.humanatlas.io/graph/hra-pop
HGNC:1834,CEBPB,CEBPB,biolink:Gene,https://purl.humanatlas.io/graph/hra-pop
HGNC:18344,HINT2,HINT2,biolink:Gene,https://purl.humanatlas.io/graph/hra-pop
HGNC:18345,TENT5A,TENT5A,biolink:Gene,https://purl.humanatlas.io/graph/hra-pop
HGNC:18349,DHRS2,DHRS2,biolink:Gene,https://purl.humanatlas.io/graph/hra-pop
HGNC:1835,CEBPD,CEBPD,biolink:Gene,https://purl.humanatlas.io/graph/hra-pop
HGNC:18355,CLYBL,CLYBL,biolink:Gene,https://purl.humanatlas.io/graph/hra-pop
HGNC:1837,CEBPG,CEBPG,biolink:Gene,https://purl.humanatlas.io/graph/hra-pop
HGNC:18371,CLSTN3,CLSTN3,biolink:Gene,https://purl.humanatlas.io/graph/hra-pop
HGNC:18374,HPSE2,HPSE2,biolink:Gene,https://purl.humanatlas.io/graph/hra-pop
HGNC:18379,SESTD1,SESTD1,biolink:Gene,https://purl.humanatlas.io/graph/hra-pop
HGNC:18380,BZW1,BZW1,biolink:Gene,https://purl.humanatlas.io/graph/hra-pop
HGNC:18386,SFTA2,SFTA2,biolink:Gene,https://purl.humanatlas.io/graph/hra-pop
HGNC:1839,ADA2,ADA2,biolink:Gene,https://purl.humanatlas.io/graph/hra-pop
HGNC:18398,SMARCAD1,SMARCAD1,biolink:Gene,https://purl.humanatlas.io/graph/hra-pop
HGNC:18399,DHRSX,DHRSX,biolink:Gene,https://purl.humanatlas.io/graph/hra-pop
HGNC:1840,CECR2,CECR2,biolink:Gene,https://purl.humanatlas.io/graph/hra-pop
HGNC:18402,UBXN1,UBXN1,biolink:Gene,https://purl.humanatlas.io/graph/hra-pop
HGNC:18406,GTSCR1,GTSCR1,biolink:Gene,https://purl.humanatlas.io/graph/hra-pop
HGNC:18407,AGMAT,AGMAT,biolink:Gene,https://purl.humanatlas.io/graph/hra-pop
HGNC:18410,ZNF292,ZNF292,biolink:Gene,https://purl.humanatlas.io/graph/hra-pop
HGNC:18411,SNAI3,SNAI3,biolink:Gene,https://purl.humanatlas.io/graph/hra-pop
HGNC:18412,ZDHHC17,ZDHHC17,biolink:Gene,https://purl.humanatlas.io/graph/hra-pop
HGNC:18413,ZDHHC13,ZDHHC13,biolink:Gene,https://purl.humanatlas.io/graph/hra-pop
HGNC:18415,HIP1R,HIP1R,biolink:Gene,https://purl.humanatlas.io/graph/hra-pop
HGNC:18420,SETD2,SETD2,biolink:Gene,https://purl.humanatlas.io/graph/hra-pop
HGNC:18421,AGO3,AGO3,biolink:Gene,https://purl.humanatlas.io/graph/hra-pop
HGNC:18423,DEPDC5,DEPDC5,biolink:Gene,https://purl.humanatlas.io/graph/hra-pop
HGNC:18424,AGO4,AGO4,biolink:Gene,https://purl.humanatlas.io/graph/hra-pop
HGNC:18429,PTGR1,PTGR1,biolink:Gene,https://purl.humanatlas.io/graph/hra-pop
HGNC:18432,MIA2,MIA2,biolink:Gene,https://purl.humanatlas.io/graph/hra-pop
HGNC:18437,HAVCR2,HAVCR2,biolink:Gene,https://purl.humanatlas.io/graph/hra-pop
HGNC:18444,PIWIL4,PIWIL4,biolink:Gene,https://purl.humanatlas.io/graph/hra-pop
HGNC:18445,CALML4,CALML4,biolink:Gene,https://purl.humanatlas.io/graph/hra-pop
HGNC:18449,LAP3,LAP3,biolink:Gene,https://purl.humanatlas.io/graph/hra-pop
HGNC:1845,CECR7,CECR7,biolink:Gene,https://purl.humanatlas.io/graph/hra-pop
HGNC:18451,MCFD2,MCFD2,biolink:Gene,https://purl.humanatlas.io/graph/hra-pop
HGNC:18452,ZNRF1,ZNRF1,biolink:Gene,https://purl.humanatlas.io/graph/hra-pop
HGNC:18453,NAXE,NAXE,biolink:Gene,https://purl.humanatlas.io/graph/hra-pop
HGNC:18461,LINC00189,LINC00189,biolink:Gene,https://purl.humanatlas.io/graph/hra-pop
HGNC:18468,HINT3,HINT3,biolink:Gene,https://purl.humanatlas.io/graph/hra-pop
HGNC:18469,ZDHHC2,ZDHHC2,biolink:Gene,https://purl.humanatlas.io/graph/hra-pop
HGNC:18470,ZDHHC3,ZDHHC3,biolink:Gene,https://purl.humanatlas.io/graph/hra-pop
HGNC:18471,ZDHHC4,ZDHHC4,biolink:Gene,https://purl.humanatlas.io/graph/hra-pop
HGNC:18476,RPS27L,RPS27L,biolink:Gene,https://purl.humanatlas.io/graph/hra-pop
HGNC:18479,RSL24D1,RSL24D1,biolink:Gene,https://purl.humanatlas.io/graph/hra-pop
HGNC:18481,ATP6V0A2,ATP6V0A2,biolink:Gene,https://purl.humanatlas.io/graph/hra-pop
HGNC:18486,PDZD2,PDZD2,biolink:Gene,https://purl.humanatlas.io/graph/hra-pop
HGNC:18495,TTTY14,TTTY14,biolink:Gene,https://purl.humanatlas.io/graph/hra-pop
HGNC:1850,CELSR1,CELSR1,biolink:Gene,https://purl.humanatlas.io/graph/hra-pop
HGNC:18503,BCO2,BCO2,biolink:Gene,https://purl.humanatlas.io/graph/hra-pop
HGNC:18508,FCRL5,FCRL5,biolink:Gene,https://purl.humanatlas.io/graph/hra-pop
HGNC:18509,FCRL1,FCRL1,biolink:Gene,https://purl.humanatlas.io/graph/hra-pop
HGNC:18511,EMX2OS,EMX2OS,biolink:Gene,https://purl.humanatlas.io/graph/hra-pop
HGNC:18513,ZHX2,ZHX2,biolink:Gene,https://purl.humanatlas.io/graph/hra-pop
HGNC:18514,SPART,SPART,biolink:Gene,https://purl.humanatlas.io/graph/hra-pop
HGNC:18515,TMEM47,TMEM47,biolink:Gene,https://purl.humanatlas.io/graph/hra-pop
HGNC:18517,VASN,VASN,biolink:Gene,https://purl.humanatlas.io/graph/hra-pop
HGNC:18519,ZNG1C,ZNG1C,biolink:Gene,https://purl.humanatlas.io/graph/hra-pop
HGNC:1852,CENPB,CENPB,biolink:Gene,https://purl.humanatlas.io/graph/hra-pop
HGNC:18525,CYS1,CYS1,biolink:Gene,https://purl.humanatlas.io/graph/hra-pop
HGNC:18533,USP48,USP48,biolink:Gene,https://purl.humanatlas.io/graph/hra-pop
HGNC:18538,NUSAP1,NUSAP1,biolink:Gene,https://purl.humanatlas.io/graph/hra-pop
HGNC:18541,KMT2E,KMT2E,biolink:Gene,https://purl.humanatlas.io/graph/hra-pop
HGNC:18547,CDC42SE2,CDC42SE2,biolink:Gene,https://purl.humanatlas.io/graph/hra-pop
HGNC:18551,DGCR6L,DGCR6L,biolink:Gene,https://purl.humanatlas.io/graph/hra-pop
HGNC:18553,PLLP,PLLP,biolink:Gene,https://purl.humanatlas.io/graph/hra-pop
HGNC:1856,CENPE,CENPE,biolink:Gene,https://purl.humanatlas.io/graph/hra-pop
HGNC:18561,BLOC1S5,BLOC1S5,biolink:Gene,https://purl.humanatlas.io/graph/hra-pop
HGNC:1857,CENPF,CENPF,biolink:Gene,https://purl.humanatlas.io/graph/hra-pop
HGNC:18572,HSDL2,HSDL2,biolink:Gene,https://purl.humanatlas.io/graph/hra-pop
HGNC:18576,CCNO,CCNO,biolink:Gene,https://purl.humanatlas.io/graph/hra-pop
HGNC:1858,CNTRL,CNTRL,biolink:Gene,https://purl.humanatlas.io/graph/hra-pop
HGNC:18581,LIX1,LIX1,biolink:Gene,https://purl.humanatlas.io/graph/hra-pop
HGNC:18582,ADGRL2,ADGRL2,biolink:Gene,https://purl.humanatlas.io/graph/hra-pop
HGNC:18583,PPM1H,PPM1H,biolink:Gene,https://purl.humanatlas.io/graph/hra-pop
HGNC:18584,IFNLR1,IFNLR1,biolink:Gene,https://purl.humanatlas.io/graph/hra-pop
HGNC:18585,MSI2,MSI2,biolink:Gene,https://purl.humanatlas.io/graph/hra-pop
HGNC:18586,TSNAXIP1,TSNAXIP1,biolink:Gene,https://purl.humanatlas.io/graph/hra-pop
HGNC:18587,SUN1,SUN1,biolink:Gene,https://purl.humanatlas.io/graph/hra-pop
HGNC:18592,NEK10,NEK10,biolink:Gene,https://purl.humanatlas.io/graph/hra-pop
HGNC:18595,HIC2,HIC2,biolink:Gene,https://purl.humanatlas.io/graph/hra-pop
HGNC:18599,TUBGCP2,TUBGCP2,biolink:Gene,https://purl.humanatlas.io/graph/hra-pop
HGNC:186,ADA,ADA,biolink:Gene,https://purl.humanatlas.io/graph/hra-pop
HGNC:18603,COL25A1,COL25A1,biolink:Gene,https://purl.humanatlas.io/graph/hra-pop
HGNC:18607,SLC39A6,SLC39A6,biolink:Gene,https://purl.humanatlas.io/graph/hra-pop
HGNC:18608,LRRK1,LRRK1,biolink:Gene,https://purl.humanatlas.io/graph/hra-pop
HGNC:18610,KSR2,KSR2,biolink:Gene,https://purl.humanatlas.io/graph/hra-pop
HGNC:18618,LRRK2,LRRK2,biolink:Gene,https://purl.humanatlas.io/graph/hra-pop
HGNC:18623,COG8,COG8,biolink:Gene,https://purl.humanatlas.io/graph/hra-pop
HGNC:18624,FKBP11,FKBP11,biolink:Gene,https://purl.humanatlas.io/graph/hra-pop
HGNC:18626,IFT27,IFT27,biolink:Gene,https://purl.humanatlas.io/graph/hra-pop
HGNC:18628,STAB1,STAB1,biolink:Gene,https://purl.humanatlas.io/graph/hra-pop
HGNC:18629,STAB2,STAB2,biolink:Gene,https://purl.humanatlas.io/graph/hra-pop
HGNC:18630,RPS3AP6,RPS3AP6,biolink:Gene,https://purl.humanatlas.io/graph/hra-pop
HGNC:18634,UNC5D,UNC5D,biolink:Gene,https://purl.humanatlas.io/graph/hra-pop
HGNC:18636,RGSL1,RGSL1,biolink:Gene,https://purl.humanatlas.io/graph/hra-pop
HGNC:18639,EPN2,EPN2,biolink:Gene,https://purl.humanatlas.io/graph/hra-pop
HGNC:1864,CES2,CES2,biolink:Gene,https://purl.humanatlas.io/graph/hra-pop
HGNC:18641,SUGP2,SUGP2,biolink:Gene,https://purl.humanatlas.io/graph/hra-pop
HGNC:18646,HSD17B12,HSD17B12,biolink:Gene,https://purl.humanatlas.io/graph/hra-pop
HGNC:18649,GULP1,GULP1,biolink:Gene,https://purl.humanatlas.io/graph/hra-pop
HGNC:18650,SPATS2,SPATS2,biolink:Gene,https://purl.humanatlas.io/graph/hra-pop
HGNC:18653,KLHL6,KLHL6,biolink:Gene,https://purl.humanatlas.io/graph/hra-pop
HGNC:18654,RTTN,RTTN,biolink:Gene,https://purl.humanatlas.io/graph/hra-pop
HGNC:18664,FAM3C,FAM3C,biolink:Gene,https://purl.humanatlas.io/graph/hra-pop
HGNC:18665,FAM3D,FAM3D,biolink:Gene,https://purl.humanatlas.io/graph/hra-pop
HGNC:18666,RNPC3,RNPC3,biolink:Gene,https://purl.humanatlas.io/graph/hra-pop
HGNC:18669,PALS1,PALS1,biolink:Gene,https://purl.humanatlas.io/graph/hra-pop
HGNC:18673,CDK5RAP3,CDK5RAP3,biolink:Gene,https://purl.humanatlas.io/graph/hra-pop
HGNC:18676,DDX42,DDX42,biolink:Gene,https://purl.humanatlas.io/graph/hra-pop
HGNC:18677,DDX43,DDX43,biolink:Gene,https://purl.humanatlas.io/graph/hra-pop
HGNC:18681,DDX46,DDX46,biolink:Gene,https://purl.humanatlas.io/graph/hra-pop
HGNC:18683,EIF4A3,EIF4A3,biolink:Gene,https://purl.humanatlas.io/graph/hra-pop
HGNC:18684,DDX49,DDX49,biolink:Gene,https://purl.humanatlas.io/graph/hra-pop
HGNC:18685,HSD17B13,HSD17B13,biolink:Gene,https://purl.humanatlas.io/graph/hra-pop
HGNC:18688,CRB2,CRB2,biolink:Gene,https://purl.humanatlas.io/graph/hra-pop
HGNC:18695,ST18,ST18,biolink:Gene,https://purl.humanatlas.io/graph/hra-pop
HGNC:18696,CITED4,CITED4,biolink:Gene,https://purl.humanatlas.io/graph/hra-pop
HGNC:18697,ASCC3,ASCC3,biolink:Gene,https://purl.humanatlas.io/graph/hra-pop
HGNC:18703,FAIM,FAIM,biolink:Gene,https://purl.humanatlas.io/graph/hra-pop
HGNC:18704,NAA10,NAA10,biolink:Gene,https://purl.humanatlas.io/graph/hra-pop
HGNC:18705,MT4,MT4,biolink:Gene,https://purl.humanatlas.io/graph/hra-pop
HGNC:18707,TAMALIN,TAMALIN,biolink:Gene,https://purl.humanatlas.io/graph/hra-pop
HGNC:18708,GRIP1,GRIP1,biolink:Gene,https://purl.humanatlas.io/graph/hra-pop
HGNC:18710,LGI2,LGI2,biolink:Gene,https://purl.humanatlas.io/graph/hra-pop
HGNC:18713,GLCCI1,GLCCI1,biolink:Gene,https://purl.humanatlas.io/graph/hra-pop
HGNC:18717,ABHD2,ABHD2,biolink:Gene,https://purl.humanatlas.io/graph/hra-pop
HGNC:18718,ABHD3,ABHD3,biolink:Gene,https://purl.humanatlas.io/graph/hra-pop
HGNC:18726,NFXL1,NFXL1,biolink:Gene,https://purl.humanatlas.io/graph/hra-pop
HGNC:1873,CFDP1,CFDP1,biolink:Gene,https://purl.humanatlas.io/graph/hra-pop
HGNC:18732,KLHL9,KLHL9,biolink:Gene,https://purl.humanatlas.io/graph/hra-pop
HGNC:18734,MTREX,MTREX,biolink:Gene,https://purl.humanatlas.io/graph/hra-pop
HGNC:18738,RHOBTB1,RHOBTB1,biolink:Gene,https://purl.humanatlas.io/graph/hra-pop
HGNC:1874,CFL1,CFL1,biolink:Gene,https://purl.humanatlas.io/graph/hra-pop
HGNC:18745,DYNC1LI1,DYNC1LI1,biolink:Gene,https://purl.humanatlas.io/graph/hra-pop
HGNC:18748,CNTNAP5,CNTNAP5,biolink:Gene,https://purl.humanatlas.io/graph/hra-pop
HGNC:18750,RIN2,RIN2,biolink:Gene,https://purl.humanatlas.io/graph/hra-pop
HGNC:18751,RIN3,RIN3,biolink:Gene,https://purl.humanatlas.io/graph/hra-pop
HGNC:18752,MAPKAP1,MAPKAP1,biolink:Gene,https://purl.humanatlas.io/graph/hra-pop
HGNC:18754,FBXO17,FBXO17,biolink:Gene,https://purl.humanatlas.io/graph/hra-pop
HGNC:18755,POLE4,POLE4,biolink:Gene,https://purl.humanatlas.io/graph/hra-pop
HGNC:18756,RHOBTB2,RHOBTB2,biolink:Gene,https://purl.humanatlas.io/graph/hra-pop
HGNC:18757,RHOBTB3,RHOBTB3,biolink:Gene,https://purl.humanatlas.io/graph/hra-pop
HGNC:1876,CFLAR,CFLAR,biolink:Gene,https://purl.humanatlas.io/graph/hra-pop
HGNC:18762,SLC36A2,SLC36A2,biolink:Gene,https://purl.humanatlas.io/graph/hra-pop
HGNC:18781,SDHAP3,SDHAP3,biolink:Gene,https://purl.humanatlas.io/graph/hra-pop
HGNC:18782,CCDC6,CCDC6,biolink:Gene,https://purl.humanatlas.io/graph/hra-pop
HGNC:18783,AKAP17A,AKAP17A,biolink:Gene,https://purl.humanatlas.io/graph/hra-pop
HGNC:18786,FAM50A,FAM50A,biolink:Gene,https://purl.humanatlas.io/graph/hra-pop
HGNC:18794,FBN3,FBN3,biolink:Gene,https://purl.humanatlas.io/graph/hra-pop
HGNC:18795,UBD,UBD,biolink:Gene,https://purl.humanatlas.io/graph/hra-pop
HGNC:18798,SLC44A1,SLC44A1,biolink:Gene,https://purl.humanatlas.io/graph/hra-pop
HGNC:188,ADAM10,ADAM10,biolink:Gene,https://purl.humanatlas.io/graph/hra-pop
HGNC:18800,POGK,POGK,biolink:Gene,https://purl.humanatlas.io/graph/hra-pop
HGNC:18801,POGZ,POGZ,biolink:Gene,https://purl.humanatlas.io/graph/hra-pop
HGNC:18806,CAMTA1,CAMTA1,biolink:Gene,https://purl.humanatlas.io/graph/hra-pop
HGNC:18809,TUBA1B,TUBA1B,biolink:Gene,https://purl.humanatlas.io/graph/hra-pop
HGNC:18810,CATSPER2,CATSPER2,biolink:Gene,https://purl.humanatlas.io/graph/hra-pop
HGNC:18818,ZNF397,ZNF397,biolink:Gene,https://purl.humanatlas.io/graph/hra-pop
HGNC:18825,SERINC5,SERINC5,biolink:Gene,https://purl.humanatlas.io/graph/hra-pop
HGNC:18831,CTHRC1,CTHRC1,biolink:Gene,https://purl.humanatlas.io/graph/hra-pop
HGNC:1884,CFTR,CFTR,biolink:Gene,https://purl.humanatlas.io/graph/hra-pop
HGNC:18859,SPHK2,SPHK2,biolink:Gene,https://purl.humanatlas.io/graph/hra-pop
HGNC:18860,ASAH2,ASAH2,biolink:Gene,https://purl.humanatlas.io/graph/hra-pop
HGNC:18861,KCNV1,KCNV1,biolink:Gene,https://purl.humanatlas.io/graph/hra-pop
HGNC:18864,KCNH8,KCNH8,biolink:Gene,https://purl.humanatlas.io/graph/hra-pop
HGNC:18866,KCNT2,KCNT2,biolink:Gene,https://purl.humanatlas.io/graph/hra-pop
HGNC:18867,KCNU1,KCNU1,biolink:Gene,https://purl.humanatlas.io/graph/hra-pop
HGNC:18894,DUSP19,DUSP19,biolink:Gene,https://purl.humanatlas.io/graph/hra-pop
HGNC:18896,TMEM185B,TMEM185B,biolink:Gene,https://purl.humanatlas.io/graph/hra-pop
HGNC:18901,S100A14,S100A14,biolink:Gene,https://purl.humanatlas.io/graph/hra-pop
HGNC:18955,SYNJ2BP,SYNJ2BP,biolink:Gene,https://purl.humanatlas.io/graph/hra-pop
HGNC:18957,MAGI2,MAGI2,biolink:Gene,https://purl.humanatlas.io/graph/hra-pop
HGNC:18966,CSAD,CSAD,biolink:Gene,https://purl.humanatlas.io/graph/hra-pop
HGNC:18971,AP1S3,AP1S3,biolink:Gene,https://purl.humanatlas.io/graph/hra-pop
HGNC:18975,DDX50P2,DDX50P2,biolink:Gene,https://purl.humanatlas.io/graph/hra-pop
HGNC:18981,PDIK1L,PDIK1L,biolink:Gene,https://purl.humanatlas.io/graph/hra-pop
HGNC:18985,DCXR,DCXR,biolink:Gene,https://purl.humanatlas.io/graph/hra-pop
HGNC:18988,TOX,TOX,biolink:Gene,https://purl.humanatlas.io/graph/hra-pop
HGNC:18990,ADGRF1,ADGRF1,biolink:Gene,https://purl.humanatlas.io/graph/hra-pop
HGNC:18994,BRSK1,BRSK1,biolink:Gene,https://purl.humanatlas.io/graph/hra-pop
HGNC:18996,VRK3,VRK3,biolink:Gene,https://purl.humanatlas.io/graph/hra-pop
HGNC:190,ADAM12,ADAM12,biolink:Gene,https://purl.humanatlas.io/graph/hra-pop
HGNC:19000,SCARA3,SCARA3,biolink:Gene,https://purl.humanatlas.io/graph/hra-pop
HGNC:19003,SCMH1,SCMH1,biolink:Gene,https://purl.humanatlas.io/graph/hra-pop
HGNC:19009,CLUAP1,CLUAP1,biolink:Gene,https://purl.humanatlas.io/graph/hra-pop
HGNC:19010,ADGRG5,ADGRG5,biolink:Gene,https://purl.humanatlas.io/graph/hra-pop
HGNC:19012,CORIN,CORIN,biolink:Gene,https://purl.humanatlas.io/graph/hra-pop
HGNC:19016,TRIM44,TRIM44,biolink:Gene,https://purl.humanatlas.io/graph/hra-pop
HGNC:19017,TRIM50,TRIM50,biolink:Gene,https://purl.humanatlas.io/graph/hra-pop
HGNC:19022,HSPA12A,HSPA12A,biolink:Gene,https://purl.humanatlas.io/graph/hra-pop
HGNC:19027,LRRC8A,LRRC8A,biolink:Gene,https://purl.humanatlas.io/graph/hra-pop
HGNC:19028,TRIM56,TRIM56,biolink:Gene,https://purl.humanatlas.io/graph/hra-pop
HGNC:19030,ADGRF5,ADGRF5,biolink:Gene,https://purl.humanatlas.io/graph/hra-pop
HGNC:19032,C1orf35,C1orf35,biolink:Gene,https://purl.humanatlas.io/graph/hra-pop
HGNC:19036,MAST3,MAST3,biolink:Gene,https://purl.humanatlas.io/graph/hra-pop
HGNC:19037,MAST4,MAST4,biolink:Gene,https://purl.humanatlas.io/graph/hra-pop
HGNC:19043,ZBTB8OSP1,ZBTB8OSP1,biolink:Gene,https://purl.humanatlas.io/graph/hra-pop
HGNC:19044,FER1L5,FER1L5,biolink:Gene,https://purl.humanatlas.io/graph/hra-pop
HGNC:19046,SLCO5A1,SLCO5A1,biolink:Gene,https://purl.humanatlas.io/graph/hra-pop
HGNC:19048,ASPM,ASPM,biolink:Gene,https://purl.humanatlas.io/graph/hra-pop
HGNC:19057,CHD6,CHD6,biolink:Gene,https://purl.humanatlas.io/graph/hra-pop
HGNC:19061,FFAR4,FFAR4,biolink:Gene,https://purl.humanatlas.io/graph/hra-pop
HGNC:19071,ALYREF,ALYREF,biolink:Gene,https://purl.humanatlas.io/graph/hra-pop
HGNC:19072,THOC3,THOC3,biolink:Gene,https://purl.humanatlas.io/graph/hra-pop
HGNC:19078,SNHG32,SNHG32,biolink:Gene,https://purl.humanatlas.io/graph/hra-pop
HGNC:19079,PLEKHB1,PLEKHB1,biolink:Gene,https://purl.humanatlas.io/graph/hra-pop
HGNC:1908,VPS13A,VPS13A,biolink:Gene,https://purl.humanatlas.io/graph/hra-pop
HGNC:19080,MAN1C1,MAN1C1,biolink:Gene,https://purl.humanatlas.io/graph/hra-pop
HGNC:19081,TNKS1BP1,TNKS1BP1,biolink:Gene,https://purl.humanatlas.io/graph/hra-pop
HGNC:19082,NALCN,NALCN,biolink:Gene,https://purl.humanatlas.io/graph/hra-pop
HGNC:19083,CKS1B,CKS1B,biolink:Gene,https://purl.humanatlas.io/graph/hra-pop
HGNC:19084,JAML,JAML,biolink:Gene,https://purl.humanatlas.io/graph/hra-pop
HGNC:19085,CTDNEP1,CTDNEP1,biolink:Gene,https://purl.humanatlas.io/graph/hra-pop
HGNC:19088,ASH1L,ASH1L,biolink:Gene,https://purl.humanatlas.io/graph/hra-pop
HGNC:1909,CHAD,CHAD,biolink:Gene,https://purl.humanatlas.io/graph/hra-pop
HGNC:19093,PSD3,PSD3,biolink:Gene,https://purl.humanatlas.io/graph/hra-pop
HGNC:19094,IL4I1,IL4I1,biolink:Gene,https://purl.humanatlas.io/graph/hra-pop
HGNC:19097,RBPMS,RBPMS,biolink:Gene,https://purl.humanatlas.io/graph/hra-pop
HGNC:19098,RBPMS2,RBPMS2,biolink:Gene,https://purl.humanatlas.io/graph/hra-pop
HGNC:1910,CHAF1A,CHAF1A,biolink:Gene,https://purl.humanatlas.io/graph/hra-pop
HGNC:19102,RIGI,RIGI,biolink:Gene,https://purl.humanatlas.io/graph/hra-pop
HGNC:1911,CHAF1B,CHAF1B,biolink:Gene,https://purl.humanatlas.io/graph/hra-pop
HGNC:19113,TAS2R31,TAS2R31,biolink:Gene,https://purl.humanatlas.io/graph/hra-pop
HGNC:19117,FGD5,FGD5,biolink:Gene,https://purl.humanatlas.io/graph/hra-pop
HGNC:19119,SLC5A8,SLC5A8,biolink:Gene,https://purl.humanatlas.io/graph/hra-pop
HGNC:19125,FGD4,FGD4,biolink:Gene,https://purl.humanatlas.io/graph/hra-pop
HGNC:19129,PSAT1,PSAT1,biolink:Gene,https://purl.humanatlas.io/graph/hra-pop
HGNC:19133,HS6ST2,HS6ST2,biolink:Gene,https://purl.humanatlas.io/graph/hra-pop
HGNC:19134,HS6ST3,HS6ST3,biolink:Gene,https://purl.humanatlas.io/graph/hra-pop
HGNC:1914,RCBTB2,RCBTB2,biolink:Gene,https://purl.humanatlas.io/graph/hra-pop
HGNC:19140,TTBK1,TTBK1,biolink:Gene,https://purl.humanatlas.io/graph/hra-pop
HGNC:19143,USP32,USP32,biolink:Gene,https://purl.humanatlas.io/graph/hra-pop
HGNC:1915,CHD1,CHD1,biolink:Gene,https://purl.humanatlas.io/graph/hra-pop
HGNC:19152,PACRG,PACRG,biolink:Gene,https://purl.humanatlas.io/graph/hra-pop
HGNC:19156,MYRIP,MYRIP,biolink:Gene,https://purl.humanatlas.io/graph/hra-pop
HGNC:19158,ZDHHC11,ZDHHC11,biolink:Gene,https://purl.humanatlas.io/graph/hra-pop
HGNC:19160,ZDHHC6,ZDHHC6,biolink:Gene,https://purl.humanatlas.io/graph/hra-pop
HGNC:19162,STARD9,STARD9,biolink:Gene,https://purl.humanatlas.io/graph/hra-pop
HGNC:19163,H1-12P,H1-12P,biolink:Gene,https://purl.humanatlas.io/graph/hra-pop
HGNC:19164,STARD13,STARD13,biolink:Gene,https://purl.humanatlas.io/graph/hra-pop
HGNC:19165,TBC1D4,TBC1D4,biolink:Gene,https://purl.humanatlas.io/graph/hra-pop
HGNC:19166,TBC1D5,TBC1D5,biolink:Gene,https://purl.humanatlas.io/graph/hra-pop
HGNC:19167,KIF17,KIF17,biolink:Gene,https://purl.humanatlas.io/graph/hra-pop
HGNC:19168,TINAGL1,TINAGL1,biolink:Gene,https://purl.humanatlas.io/graph/hra-pop
HGNC:19169,STARD3NL,STARD3NL,biolink:Gene,https://purl.humanatlas.io/graph/hra-pop
HGNC:1917,CHD2,CHD2,biolink:Gene,https://purl.humanatlas.io/graph/hra-pop
HGNC:19174,CMTM3,CMTM3,biolink:Gene,https://purl.humanatlas.io/graph/hra-pop
HGNC:19178,CMTM7,CMTM7,biolink:Gene,https://purl.humanatlas.io/graph/hra-pop
HGNC:19179,CMTM8,CMTM8,biolink:Gene,https://purl.humanatlas.io/graph/hra-pop
HGNC:1918,CHD3,CHD3,biolink:Gene,https://purl.humanatlas.io/graph/hra-pop
HGNC:19182,SASH1,SASH1,biolink:Gene,https://purl.humanatlas.io/graph/hra-pop
HGNC:19185,FRAS1,FRAS1,biolink:Gene,https://purl.humanatlas.io/graph/hra-pop
HGNC:19189,DOCK6,DOCK6,biolink:Gene,https://purl.humanatlas.io/graph/hra-pop
HGNC:1919,CHD4,CHD4,biolink:Gene,https://purl.humanatlas.io/graph/hra-pop
HGNC:19190,DOCK7,DOCK7,biolink:Gene,https://purl.humanatlas.io/graph/hra-pop
HGNC:19191,DOCK8,DOCK8,biolink:Gene,https://purl.humanatlas.io/graph/hra-pop
HGNC:19192,DOCK4,DOCK4,biolink:Gene,https://purl.humanatlas.io/graph/hra-pop
HGNC:19193,SERPINA11,SERPINA11,biolink:Gene,https://purl.humanatlas.io/graph/hra-pop
HGNC:19194,HMCN1,HMCN1,biolink:Gene,https://purl.humanatlas.io/graph/hra-pop
HGNC:19195,ABLIM2,ABLIM2,biolink:Gene,https://purl.humanatlas.io/graph/hra-pop
HGNC:19205,STIM2,STIM2,biolink:Gene,https://purl.humanatlas.io/graph/hra-pop
HGNC:19213,BMERB1,BMERB1,biolink:Gene,https://purl.humanatlas.io/graph/hra-pop
HGNC:19217,THADA,THADA,biolink:Gene,https://purl.humanatlas.io/graph/hra-pop
HGNC:19218,PLCZ1,PLCZ1,biolink:Gene,https://purl.humanatlas.io/graph/hra-pop
HGNC:19221,WSB1,WSB1,biolink:Gene,https://purl.humanatlas.io/graph/hra-pop
HGNC:19222,WSB2,WSB2,biolink:Gene,https://purl.humanatlas.io/graph/hra-pop
HGNC:19225,C4orf3,C4orf3,biolink:Gene,https://purl.humanatlas.io/graph/hra-pop
HGNC:19234,FUT10,FUT10,biolink:Gene,https://purl.humanatlas.io/graph/hra-pop
HGNC:19235,AATF,AATF,biolink:Gene,https://purl.humanatlas.io/graph/hra-pop
HGNC:19236,PLEKHB2,PLEKHB2,biolink:Gene,https://purl.humanatlas.io/graph/hra-pop
HGNC:19237,NANS,NANS,biolink:Gene,https://purl.humanatlas.io/graph/hra-pop
HGNC:19239,SYT11,SYT11,biolink:Gene,https://purl.humanatlas.io/graph/hra-pop
HGNC:19246,TERF2IP,TERF2IP,biolink:Gene,https://purl.humanatlas.io/graph/hra-pop
HGNC:19253,PPP6R2,PPP6R2,biolink:Gene,https://purl.humanatlas.io/graph/hra-pop
HGNC:19254,PLAC8,PLAC8,biolink:Gene,https://purl.humanatlas.io/graph/hra-pop
HGNC:19255,PLAC9,PLAC9,biolink:Gene,https://purl.humanatlas.io/graph/hra-pop
HGNC:19256,CERK,CERK,biolink:Gene,https://purl.humanatlas.io/graph/hra-pop
HGNC:19259,KRT18P5,KRT18P5,biolink:Gene,https://purl.humanatlas.io/graph/hra-pop
HGNC:19262,PAPLN,PAPLN,biolink:Gene,https://purl.humanatlas.io/graph/hra-pop
HGNC:19264,SYT8,SYT8,biolink:Gene,https://purl.humanatlas.io/graph/hra-pop
HGNC:19268,UBE2J2,UBE2J2,biolink:Gene,https://purl.humanatlas.io/graph/hra-pop
HGNC:1928,FOXN3,FOXN3,biolink:Gene,https://purl.humanatlas.io/graph/hra-pop
HGNC:19285,SCYL3,SCYL3,biolink:Gene,https://purl.humanatlas.io/graph/hra-pop
HGNC:19288,ACMSD,ACMSD,biolink:Gene,https://purl.humanatlas.io/graph/hra-pop
HGNC:1929,CHGA,CHGA,biolink:Gene,https://purl.humanatlas.io/graph/hra-pop
HGNC:19290,CSMD2,CSMD2,biolink:Gene,https://purl.humanatlas.io/graph/hra-pop
HGNC:19291,CSMD3,CSMD3,biolink:Gene,https://purl.humanatlas.io/graph/hra-pop
HGNC:19296,EPHA6,EPHA6,biolink:Gene,https://purl.humanatlas.io/graph/hra-pop
HGNC:19299,PIP4P1,PIP4P1,biolink:Gene,https://purl.humanatlas.io/graph/hra-pop
HGNC:193,ADAM15,ADAM15,biolink:Gene,https://purl.humanatlas.io/graph/hra-pop
HGNC:1930,CHGB,CHGB,biolink:Gene,https://purl.humanatlas.io/graph/hra-pop
HGNC:19306,SLC30A7,SLC30A7,biolink:Gene,https://purl.humanatlas.io/graph/hra-pop
HGNC:19307,SDK1,SDK1,biolink:Gene,https://purl.humanatlas.io/graph/hra-pop
HGNC:19308,SDK2,SDK2,biolink:Gene,https://purl.humanatlas.io/graph/hra-pop
HGNC:19309,KANK1,KANK1,biolink:Gene,https://purl.humanatlas.io/graph/hra-pop
HGNC:19310,PIM3,PIM3,biolink:Gene,https://purl.humanatlas.io/graph/hra-pop
HGNC:19311,NPAS3,NPAS3,biolink:Gene,https://purl.humanatlas.io/graph/hra-pop
HGNC:19312,EAPP,EAPP,biolink:Gene,https://purl.humanatlas.io/graph/hra-pop
HGNC:19317,P3H2,P3H2,biolink:Gene,https://purl.humanatlas.io/graph/hra-pop
HGNC:19319,CD300A,CD300A,biolink:Gene,https://purl.humanatlas.io/graph/hra-pop
HGNC:1932,CHI3L1,CHI3L1,biolink:Gene,https://purl.humanatlas.io/graph/hra-pop
HGNC:19322,PPM1E,PPM1E,biolink:Gene,https://purl.humanatlas.io/graph/hra-pop
HGNC:19334,DTWD2,DTWD2,biolink:Gene,https://purl.humanatlas.io/graph/hra-pop
HGNC:19336,SHPRH,SHPRH,biolink:Gene,https://purl.humanatlas.io/graph/hra-pop
HGNC:19338,CDK19,CDK19,biolink:Gene,https://purl.humanatlas.io/graph/hra-pop
HGNC:19339,NRBP2,NRBP2,biolink:Gene,https://purl.humanatlas.io/graph/hra-pop
HGNC:19341,CAMK1D,CAMK1D,biolink:Gene,https://purl.humanatlas.io/graph/hra-pop
HGNC:19343,ST6GALNAC3,ST6GALNAC3,biolink:Gene,https://purl.humanatlas.io/graph/hra-pop
HGNC:19344,DENND5A,DENND5A,biolink:Gene,https://purl.humanatlas.io/graph/hra-pop
HGNC:19347,CUX2,CUX2,biolink:Gene,https://purl.humanatlas.io/graph/hra-pop
HGNC:19349,KIF21A,KIF21A,biolink:Gene,https://purl.humanatlas.io/graph/hra-pop
HGNC:1935,CHIC2,CHIC2,biolink:Gene,https://purl.humanatlas.io/graph/hra-pop
HGNC:19350,POGLUT2,POGLUT2,biolink:Gene,https://purl.humanatlas.io/graph/hra-pop
HGNC:19351,BICC1,BICC1,biolink:Gene,https://purl.humanatlas.io/graph/hra-pop
HGNC:19354,SIN3B,SIN3B,biolink:Gene,https://purl.humanatlas.io/graph/hra-pop
HGNC:19356,COPZ2,COPZ2,biolink:Gene,https://purl.humanatlas.io/graph/hra-pop
HGNC:19357,GGNBP2,GGNBP2,biolink:Gene,https://purl.humanatlas.io/graph/hra-pop
HGNC:19367,FAM13A,FAM13A,biolink:Gene,https://purl.humanatlas.io/graph/hra-pop
HGNC:1937,CHKA,CHKA,biolink:Gene,https://purl.humanatlas.io/graph/hra-pop
HGNC:19371,FAM13C,FAM13C,biolink:Gene,https://purl.humanatlas.io/graph/hra-pop
HGNC:19373,TP53I3,TP53I3,biolink:Gene,https://purl.humanatlas.io/graph/hra-pop
HGNC:1938,CHKB,CHKB,biolink:Gene,https://purl.humanatlas.io/graph/hra-pop
HGNC:19383,SOCS1,SOCS1,biolink:Gene,https://purl.humanatlas.io/graph/hra-pop
HGNC:19388,PPM1F,PPM1F,biolink:Gene,https://purl.humanatlas.io/graph/hra-pop
HGNC:1939,CHL1,CHL1,biolink:Gene,https://purl.humanatlas.io/graph/hra-pop
HGNC:19391,SOCS3,SOCS3,biolink:Gene,https://purl.humanatlas.io/graph/hra-pop
HGNC:19392,SOCS4,SOCS4,biolink:Gene,https://purl.humanatlas.io/graph/hra-pop
HGNC:19410,LRRTM3,LRRTM3,biolink:Gene,https://purl.humanatlas.io/graph/hra-pop
HGNC:19411,LRRTM4,LRRTM4,biolink:Gene,https://purl.humanatlas.io/graph/hra-pop
HGNC:19414,DPY19L2,DPY19L2,biolink:Gene,https://purl.humanatlas.io/graph/hra-pop
HGNC:19419,HS3ST5,HS3ST5,biolink:Gene,https://purl.humanatlas.io/graph/hra-pop
HGNC:19422,TADA3,TADA3,biolink:Gene,https://purl.humanatlas.io/graph/hra-pop
HGNC:19423,ING4,ING4,biolink:Gene,https://purl.humanatlas.io/graph/hra-pop
HGNC:19428,RPS9P2,RPS9P2,biolink:Gene,https://purl.humanatlas.io/graph/hra-pop
HGNC:1943,CHN1,CHN1,biolink:Gene,https://purl.humanatlas.io/graph/hra-pop
HGNC:19431,CNIH1,CNIH1,biolink:Gene,https://purl.humanatlas.io/graph/hra-pop
HGNC:19440,SBDS,SBDS,biolink:Gene,https://purl.humanatlas.io/graph/hra-pop
HGNC:195,ADAM17,ADAM17,biolink:Gene,https://purl.humanatlas.io/graph/hra-pop
HGNC:1952,CHRM3,CHRM3,biolink:Gene,https://purl.humanatlas.io/graph/hra-pop
HGNC:1959,CHRNA5,CHRNA5,biolink:Gene,https://purl.humanatlas.io/graph/hra-pop
HGNC:1960,CHRNA7,CHRNA7,biolink:Gene,https://purl.humanatlas.io/graph/hra-pop
HGNC:1964,CHRNB4,CHRNB4,biolink:Gene,https://purl.humanatlas.io/graph/hra-pop
HGNC:19651,SMAP1,SMAP1,biolink:Gene,https://purl.humanatlas.io/graph/hra-pop
HGNC:19663,GNG12,GNG12,biolink:Gene,https://purl.humanatlas.io/graph/hra-pop
HGNC:19665,STXBP5,STXBP5,biolink:Gene,https://purl.humanatlas.io/graph/hra-pop
HGNC:19666,STXBP6,STXBP6,biolink:Gene,https://purl.humanatlas.io/graph/hra-pop
HGNC:1968,LYST,LYST,biolink:Gene,https://purl.humanatlas.io/graph/hra-pop
HGNC:19683,UHMK1,UHMK1,biolink:Gene,https://purl.humanatlas.io/graph/hra-pop
HGNC:19686,SEPHS2,SEPHS2,biolink:Gene,https://purl.humanatlas.io/graph/hra-pop
HGNC:19689,RD3,RD3,biolink:Gene,https://purl.humanatlas.io/graph/hra-pop
HGNC:1969,CHST1,CHST1,biolink:Gene,https://purl.humanatlas.io/graph/hra-pop
HGNC:19690,LINC00320,LINC00320,biolink:Gene,https://purl.humanatlas.io/graph/hra-pop
HGNC:19694,STXBP4,STXBP4,biolink:Gene,https://purl.humanatlas.io/graph/hra-pop
HGNC:19698,KCNV2,KCNV2,biolink:Gene,https://purl.humanatlas.io/graph/hra-pop
HGNC:19699,PLK2,PLK2,biolink:Gene,https://purl.humanatlas.io/graph/hra-pop
HGNC:197,ADAM19,ADAM19,biolink:Gene,https://purl.humanatlas.io/graph/hra-pop
HGNC:1970,CHST2,CHST2,biolink:Gene,https://purl.humanatlas.io/graph/hra-pop
HGNC:19702,POM121,POM121,biolink:Gene,https://purl.humanatlas.io/graph/hra-pop
HGNC:19711,DISP1,DISP1,biolink:Gene,https://purl.humanatlas.io/graph/hra-pop
HGNC:19712,DISP2,DISP2,biolink:Gene,https://purl.humanatlas.io/graph/hra-pop
HGNC:19716,GSG1,GSG1,biolink:Gene,https://purl.humanatlas.io/graph/hra-pop
HGNC:19718,RXFP1,RXFP1,biolink:Gene,https://purl.humanatlas.io/graph/hra-pop
HGNC:19731,DHRS4L2,DHRS4L2,biolink:Gene,https://purl.humanatlas.io/graph/hra-pop
HGNC:19733,XPO6,XPO6,biolink:Gene,https://purl.humanatlas.io/graph/hra-pop
HGNC:19735,EPM2AIP1,EPM2AIP1,biolink:Gene,https://purl.humanatlas.io/graph/hra-pop
HGNC:19737,TNS2,TNS2,biolink:Gene,https://purl.humanatlas.io/graph/hra-pop
HGNC:19740,PCNX1,PCNX1,biolink:Gene,https://purl.humanatlas.io/graph/hra-pop
HGNC:19741,KLHL28,KLHL28,biolink:Gene,https://purl.humanatlas.io/graph/hra-pop
HGNC:19744,SRGAP3,SRGAP3,biolink:Gene,https://purl.humanatlas.io/graph/hra-pop
HGNC:19745,ENTPD7,ENTPD7,biolink:Gene,https://purl.humanatlas.io/graph/hra-pop
HGNC:19750,TTC7A,TTC7A,biolink:Gene,https://purl.humanatlas.io/graph/hra-pop
HGNC:19751,SRGAP2,SRGAP2,biolink:Gene,https://purl.humanatlas.io/graph/hra-pop
HGNC:19752,FNBP4,FNBP4,biolink:Gene,https://purl.humanatlas.io/graph/hra-pop
HGNC:19753,IFI27L2,IFI27L2,biolink:Gene,https://purl.humanatlas.io/graph/hra-pop
HGNC:19761,RUFY2,RUFY2,biolink:Gene,https://purl.humanatlas.io/graph/hra-pop
HGNC:19762,ZFPM1,ZFPM1,biolink:Gene,https://purl.humanatlas.io/graph/hra-pop
HGNC:19765,ASB13,ASB13,biolink:Gene,https://purl.humanatlas.io/graph/hra-pop
HGNC:19785,RPL7AP6,RPL7AP6,biolink:Gene,https://purl.humanatlas.io/graph/hra-pop
HGNC:19800,RPL21P11,RPL21P11,biolink:Gene,https://purl.humanatlas.io/graph/hra-pop
HGNC:19805,RPL3P4,RPL3P4,biolink:Gene,https://purl.humanatlas.io/graph/hra-pop
HGNC:19813,RPL10AP1,RPL10AP1,biolink:Gene,https://purl.humanatlas.io/graph/hra-pop
HGNC:19819,EPB41L5,EPB41L5,biolink:Gene,https://purl.humanatlas.io/graph/hra-pop
HGNC:1982,CIRBP,CIRBP,biolink:Gene,https://purl.humanatlas.io/graph/hra-pop
HGNC:19824,SYF2,SYF2,biolink:Gene,https://purl.humanatlas.io/graph/hra-pop
HGNC:1983,UTP4,UTP4,biolink:Gene,https://purl.humanatlas.io/graph/hra-pop
HGNC:19832,CLEC14A,CLEC14A,biolink:Gene,https://purl.humanatlas.io/graph/hra-pop
HGNC:19833,FBXO33,FBXO33,biolink:Gene,https://purl.humanatlas.io/graph/hra-pop
HGNC:19836,KLHDC1,KLHDC1,biolink:Gene,https://purl.humanatlas.io/graph/hra-pop
HGNC:19839,FRMD6,FRMD6,biolink:Gene,https://purl.humanatlas.io/graph/hra-pop
HGNC:19840,MAPK1IP1L,MAPK1IP1L,biolink:Gene,https://purl.humanatlas.io/graph/hra-pop
HGNC:19844,NAA30,NAA30,biolink:Gene,https://purl.humanatlas.io/graph/hra-pop
HGNC:19846,ARMH4,ARMH4,biolink:Gene,https://purl.humanatlas.io/graph/hra-pop
HGNC:19856,LIN52,LIN52,biolink:Gene,https://purl.humanatlas.io/graph/hra-pop
HGNC:19859,TC2N,TC2N,biolink:Gene,https://purl.humanatlas.io/graph/hra-pop
HGNC:19861,SYNE3,SYNE3,biolink:Gene,https://purl.humanatlas.io/graph/hra-pop
HGNC:19875,GALNT11,GALNT11,biolink:Gene,https://purl.humanatlas.io/graph/hra-pop
HGNC:19880,EMILIN1,EMILIN1,biolink:Gene,https://purl.humanatlas.io/graph/hra-pop
HGNC:19881,EMILIN2,EMILIN2,biolink:Gene,https://purl.humanatlas.io/graph/hra-pop
HGNC:19883,ZBTB49,ZBTB49,biolink:Gene,https://purl.humanatlas.io/graph/hra-pop
HGNC:19884,HOOK1,HOOK1,biolink:Gene,https://purl.humanatlas.io/graph/hra-pop
HGNC:19885,HOOK2,HOOK2,biolink:Gene,https://purl.humanatlas.io/graph/hra-pop
HGNC:19888,MMRN2,MMRN2,biolink:Gene,https://purl.humanatlas.io/graph/hra-pop
HGNC:19889,NLE1,NLE1,biolink:Gene,https://purl.humanatlas.io/graph/hra-pop
HGNC:1989,TBCB,TBCB,biolink:Gene,https://purl.humanatlas.io/graph/hra-pop
HGNC:19891,NHERF4,NHERF4,biolink:Gene,https://purl.humanatlas.io/graph/hra-pop
HGNC:19894,TRAPPC1,TRAPPC1,biolink:Gene,https://purl.humanatlas.io/graph/hra-pop
HGNC:19895,GBP5,GBP5,biolink:Gene,https://purl.humanatlas.io/graph/hra-pop
HGNC:19898,CHST9,CHST9,biolink:Gene,https://purl.humanatlas.io/graph/hra-pop
HGNC:19899,ZFAT,ZFAT,biolink:Gene,https://purl.humanatlas.io/graph/hra-pop
HGNC:19902,RRAGC,RRAGC,biolink:Gene,https://purl.humanatlas.io/graph/hra-pop
HGNC:19903,RRAGD,RRAGD,biolink:Gene,https://purl.humanatlas.io/graph/hra-pop
HGNC:19904,ZNF407,ZNF407,biolink:Gene,https://purl.humanatlas.io/graph/hra-pop
HGNC:19906,P2RY10,P2RY10,biolink:Gene,https://purl.humanatlas.io/graph/hra-pop
HGNC:19907,UBE2R2,UBE2R2,biolink:Gene,https://purl.humanatlas.io/graph/hra-pop
HGNC:1991,CKB,CKB,biolink:Gene,https://purl.humanatlas.io/graph/hra-pop
HGNC:19910,NOL6,NOL6,biolink:Gene,https://purl.humanatlas.io/graph/hra-pop
HGNC:19911,DCAF12,DCAF12,biolink:Gene,https://purl.humanatlas.io/graph/hra-pop
HGNC:19920,FAM219A,FAM219A,biolink:Gene,https://purl.humanatlas.io/graph/hra-pop
HGNC:19943,TRAPPC4,TRAPPC4,biolink:Gene,https://purl.humanatlas.io/graph/hra-pop
HGNC:19949,POP7,POP7,biolink:Gene,https://purl.humanatlas.io/graph/hra-pop
HGNC:19953,SGPP2,SGPP2,biolink:Gene,https://purl.humanatlas.io/graph/hra-pop
HGNC:19956,SUSD6,SUSD6,biolink:Gene,https://purl.humanatlas.io/graph/hra-pop
HGNC:19958,PRORP,PRORP,biolink:Gene,https://purl.humanatlas.io/graph/hra-pop
HGNC:19960,KIAA0586,KIAA0586,biolink:Gene,https://purl.humanatlas.io/graph/hra-pop
HGNC:19964,VASH1,VASH1,biolink:Gene,https://purl.humanatlas.io/graph/hra-pop
HGNC:19966,UNC79,UNC79,biolink:Gene,https://purl.humanatlas.io/graph/hra-pop
HGNC:19967,CCDC88C,CCDC88C,biolink:Gene,https://purl.humanatlas.io/graph/hra-pop
HGNC:19971,MED8,MED8,biolink:Gene,https://purl.humanatlas.io/graph/hra-pop
HGNC:19972,CLMN,CLMN,biolink:Gene,https://purl.humanatlas.io/graph/hra-pop
HGNC:19975,RDH10,RDH10,biolink:Gene,https://purl.humanatlas.io/graph/hra-pop
HGNC:19978,RDH13,RDH13,biolink:Gene,https://purl.humanatlas.io/graph/hra-pop
HGNC:19979,RDH14,RDH14,biolink:Gene,https://purl.humanatlas.io/graph/hra-pop
HGNC:19985,SUB1,SUB1,biolink:Gene,https://purl.humanatlas.io/graph/hra-pop
HGNC:19986,CYCS,CYCS,biolink:Gene,https://purl.humanatlas.io/graph/hra-pop
HGNC:19997,GPR141,GPR141,biolink:Gene,https://purl.humanatlas.io/graph/hra-pop
HGNC:20,AARS1,AARS1,biolink:Gene,https://purl.humanatlas.io/graph/hra-pop
HGNC:2000,CKS2,CKS2,biolink:Gene,https://purl.humanatlas.io/graph/hra-pop
HGNC:20028,PPIAP6,PPIAP6,biolink:Gene,https://purl.humanatlas.io/graph/hra-pop
HGNC:20038,DDX52,DDX52,biolink:Gene,https://purl.humanatlas.io/graph/hra-pop
HGNC:20039,CAP2,CAP2,biolink:Gene,https://purl.humanatlas.io/graph/hra-pop
HGNC:20040,CAP1,CAP1,biolink:Gene,https://purl.humanatlas.io/graph/hra-pop
HGNC:20045,GEMIN7,GEMIN7,biolink:Gene,https://purl.humanatlas.io/graph/hra-pop
HGNC:20052,HSPE1P2,HSPE1P2,biolink:Gene,https://purl.humanatlas.io/graph/hra-pop
HGNC:20059,USP33,USP33,biolink:Gene,https://purl.humanatlas.io/graph/hra-pop
HGNC:20066,USP34,USP34,biolink:Gene,https://purl.humanatlas.io/graph/hra-pop
HGNC:20068,USP42,USP42,biolink:Gene,https://purl.humanatlas.io/graph/hra-pop
HGNC:20073,SNX27,SNX27,biolink:Gene,https://purl.humanatlas.io/graph/hra-pop
HGNC:20075,USP46,USP46,biolink:Gene,https://purl.humanatlas.io/graph/hra-pop
HGNC:20076,USP47,USP47,biolink:Gene,https://purl.humanatlas.io/graph/hra-pop
HGNC:20079,USP50,USP50,biolink:Gene,https://purl.humanatlas.io/graph/hra-pop
HGNC:20082,DDX51,DDX51,biolink:Gene,https://purl.humanatlas.io/graph/hra-pop
HGNC:20085,DDX55,DDX55,biolink:Gene,https://purl.humanatlas.io/graph/hra-pop
HGNC:20090,DNAJC1,DNAJC1,biolink:Gene,https://purl.humanatlas.io/graph/hra-pop
HGNC:20092,ATF7IP,ATF7IP,biolink:Gene,https://purl.humanatlas.io/graph/hra-pop
HGNC:20093,ADSS1,ADSS1,biolink:Gene,https://purl.humanatlas.io/graph/hra-pop
HGNC:20099,CHURC1,CHURC1,biolink:Gene,https://purl.humanatlas.io/graph/hra-pop
HGNC:20105,FLVCR2,FLVCR2,biolink:Gene,https://purl.humanatlas.io/graph/hra-pop
HGNC:20116,SLC25A29,SLC25A29,biolink:Gene,https://purl.humanatlas.io/graph/hra-pop
HGNC:20127,TEDC1,TEDC1,biolink:Gene,https://purl.humanatlas.io/graph/hra-pop
HGNC:20130,TMEM229B,TMEM229B,biolink:Gene,https://purl.humanatlas.io/graph/hra-pop
HGNC:20134,GLRX5,GLRX5,biolink:Gene,https://purl.humanatlas.io/graph/hra-pop
HGNC:20139,RPSAP5,RPSAP5,biolink:Gene,https://purl.humanatlas.io/graph/hra-pop
HGNC:20147,CYB5R4,CYB5R4,biolink:Gene,https://purl.humanatlas.io/graph/hra-pop
HGNC:20149,PTGR2,PTGR2,biolink:Gene,https://purl.humanatlas.io/graph/hra-pop
HGNC:20150,RAB15,RAB15,biolink:Gene,https://purl.humanatlas.io/graph/hra-pop
HGNC:20153,CHD8,CHD8,biolink:Gene,https://purl.humanatlas.io/graph/hra-pop
HGNC:20155,RBM23,RBM23,biolink:Gene,https://purl.humanatlas.io/graph/hra-pop
HGNC:20157,HECTD1,HECTD1,biolink:Gene,https://purl.humanatlas.io/graph/hra-pop
HGNC:20175,GOLT1B,GOLT1B,biolink:Gene,https://purl.humanatlas.io/graph/hra-pop
HGNC:20184,JKAMP,JKAMP,biolink:Gene,https://purl.humanatlas.io/graph/hra-pop
HGNC:20186,NRDE2,NRDE2,biolink:Gene,https://purl.humanatlas.io/graph/hra-pop
HGNC:20189,CCDC198,CCDC198,biolink:Gene,https://purl.humanatlas.io/graph/hra-pop
HGNC:20193,HFM1,HFM1,biolink:Gene,https://purl.humanatlas.io/graph/hra-pop
HGNC:20202,CACNA2D4,CACNA2D4,biolink:Gene,https://purl.humanatlas.io/graph/hra-pop
HGNC:20203,NOSTRIN,NOSTRIN,biolink:Gene,https://purl.humanatlas.io/graph/hra-pop
HGNC:20209,SOX2-OT,SOX2-OT,biolink:Gene,https://purl.humanatlas.io/graph/hra-pop
HGNC:2021,CLCN3,CLCN3,biolink:Gene,https://purl.humanatlas.io/graph/hra-pop
HGNC:20218,LYSET,LYSET,biolink:Gene,https://purl.humanatlas.io/graph/hra-pop
HGNC:2022,CLCN4,CLCN4,biolink:Gene,https://purl.humanatlas.io/graph/hra-pop
HGNC:20224,DCAF5,DCAF5,biolink:Gene,https://purl.humanatlas.io/graph/hra-pop
HGNC:2023,CLCN5,CLCN5,biolink:Gene,https://purl.humanatlas.io/graph/hra-pop
HGNC:20234,EVL,EVL,biolink:Gene,https://purl.humanatlas.io/graph/hra-pop
HGNC:20237,CRB3,CRB3,biolink:Gene,https://purl.humanatlas.io/graph/hra-pop
HGNC:2024,CLCN6,CLCN6,biolink:Gene,https://purl.humanatlas.io/graph/hra-pop
HGNC:20249,SPRED1,SPRED1,biolink:Gene,https://purl.humanatlas.io/graph/hra-pop
HGNC:2025,CLCN7,CLCN7,biolink:Gene,https://purl.humanatlas.io/graph/hra-pop
HGNC:20250,AJUBA,AJUBA,biolink:Gene,https://purl.humanatlas.io/graph/hra-pop
HGNC:20254,MGRN1,MGRN1,biolink:Gene,https://purl.humanatlas.io/graph/hra-pop
HGNC:20256,SFMBT2,SFMBT2,biolink:Gene,https://purl.humanatlas.io/graph/hra-pop
HGNC:20259,ZBTB1,ZBTB1,biolink:Gene,https://purl.humanatlas.io/graph/hra-pop
HGNC:2026,CLCNKA,CLCNKA,biolink:Gene,https://purl.humanatlas.io/graph/hra-pop
HGNC:20261,NUP58,NUP58,biolink:Gene,https://purl.humanatlas.io/graph/hra-pop
HGNC:20263,SETDB2,SETDB2,biolink:Gene,https://purl.humanatlas.io/graph/hra-pop
HGNC:20265,ANKRD10,ANKRD10,biolink:Gene,https://purl.humanatlas.io/graph/hra-pop
HGNC:2027,CLCNKB,CLCNKB,biolink:Gene,https://purl.humanatlas.io/graph/hra-pop
HGNC:20273,EMC9,EMC9,biolink:Gene,https://purl.humanatlas.io/graph/hra-pop
HGNC:20278,NUBPL,NUBPL,biolink:Gene,https://purl.humanatlas.io/graph/hra-pop
HGNC:20284,SIPA1L1,SIPA1L1,biolink:Gene,https://purl.humanatlas.io/graph/hra-pop
HGNC:20291,PROSER1,PROSER1,biolink:Gene,https://purl.humanatlas.io/graph/hra-pop
HGNC:20292,CAB39,CAB39,biolink:Gene,https://purl.humanatlas.io/graph/hra-pop
HGNC:20293,ABHD13,ABHD13,biolink:Gene,https://purl.humanatlas.io/graph/hra-pop
HGNC:20296,FNDC3A,FNDC3A,biolink:Gene,https://purl.humanatlas.io/graph/hra-pop
HGNC:20303,SLC30A8,SLC30A8,biolink:Gene,https://purl.humanatlas.io/graph/hra-pop
HGNC:20309,LRCH1,LRCH1,biolink:Gene,https://purl.humanatlas.io/graph/hra-pop
HGNC:20312,VPS36,VPS36,biolink:Gene,https://purl.humanatlas.io/graph/hra-pop
HGNC:20313,PKHD1L1,PKHD1L1,biolink:Gene,https://purl.humanatlas.io/graph/hra-pop
HGNC:20314,PRPF39,PRPF39,biolink:Gene,https://purl.humanatlas.io/graph/hra-pop
HGNC:2032,CLDN1,CLDN1,biolink:Gene,https://purl.humanatlas.io/graph/hra-pop
HGNC:20320,PSPC1,PSPC1,biolink:Gene,https://purl.humanatlas.io/graph/hra-pop
HGNC:20323,SMOC2,SMOC2,biolink:Gene,https://purl.humanatlas.io/graph/hra-pop
HGNC:20327,RBM26,RBM26,biolink:Gene,https://purl.humanatlas.io/graph/hra-pop
HGNC:20329,TMCO3,TMCO3,biolink:Gene,https://purl.humanatlas.io/graph/hra-pop
HGNC:2033,CLDN10,CLDN10,biolink:Gene,https://purl.humanatlas.io/graph/hra-pop
HGNC:20330,POMP,POMP,biolink:Gene,https://purl.humanatlas.io/graph/hra-pop
HGNC:20331,RASA3,RASA3,biolink:Gene,https://purl.humanatlas.io/graph/hra-pop
HGNC:20335,SCOC,SCOC,biolink:Gene,https://purl.humanatlas.io/graph/hra-pop
HGNC:20340,PRICKLE2,PRICKLE2,biolink:Gene,https://purl.humanatlas.io/graph/hra-pop
HGNC:20341,ZDHHC14,ZDHHC14,biolink:Gene,https://purl.humanatlas.io/graph/hra-pop
HGNC:20346,C14orf132,C14orf132,biolink:Gene,https://purl.humanatlas.io/graph/hra-pop
HGNC:20349,PCNX4,PCNX4,biolink:Gene,https://purl.humanatlas.io/graph/hra-pop
HGNC:20359,CEP128,CEP128,biolink:Gene,https://purl.humanatlas.io/graph/hra-pop
HGNC:2036,CLDN15,CLDN15,biolink:Gene,https://purl.humanatlas.io/graph/hra-pop
HGNC:20360,LRFN5,LRFN5,biolink:Gene,https://purl.humanatlas.io/graph/hra-pop
HGNC:20363,AREL1,AREL1,biolink:Gene,https://purl.humanatlas.io/graph/hra-pop
HGNC:20364,PLEKHG3,PLEKHG3,biolink:Gene,https://purl.humanatlas.io/graph/hra-pop
HGNC:20365,CIPC,CIPC,biolink:Gene,https://purl.humanatlas.io/graph/hra-pop
HGNC:20367,FRY,FRY,biolink:Gene,https://purl.humanatlas.io/graph/hra-pop
HGNC:20368,ZC3H13,ZC3H13,biolink:Gene,https://purl.humanatlas.io/graph/hra-pop
HGNC:20369,RGCC,RGCC,biolink:Gene,https://purl.humanatlas.io/graph/hra-pop
HGNC:2037,CLDN16,CLDN16,biolink:Gene,https://purl.humanatlas.io/graph/hra-pop
HGNC:20371,NDUFA11,NDUFA11,biolink:Gene,https://purl.humanatlas.io/graph/hra-pop
HGNC:20372,NDUFB11,NDUFB11,biolink:Gene,https://purl.humanatlas.io/graph/hra-pop
HGNC:20373,SPG21,SPG21,biolink:Gene,https://purl.humanatlas.io/graph/hra-pop
HGNC:20376,SUMF1,SUMF1,biolink:Gene,https://purl.humanatlas.io/graph/hra-pop
HGNC:20387,IMPACT,IMPACT,biolink:Gene,https://purl.humanatlas.io/graph/hra-pop
HGNC:20388,RETNLB,RETNLB,biolink:Gene,https://purl.humanatlas.io/graph/hra-pop
HGNC:20389,RETN,RETN,biolink:Gene,https://purl.humanatlas.io/graph/hra-pop
HGNC:20391,SULF1,SULF1,biolink:Gene,https://purl.humanatlas.io/graph/hra-pop
HGNC:20392,SULF2,SULF2,biolink:Gene,https://purl.humanatlas.io/graph/hra-pop
HGNC:20396,PILRA,PILRA,biolink:Gene,https://purl.humanatlas.io/graph/hra-pop
HGNC:20397,ATF7IP2,ATF7IP2,biolink:Gene,https://purl.humanatlas.io/graph/hra-pop
HGNC:2040,CLDN19,CLDN19,biolink:Gene,https://purl.humanatlas.io/graph/hra-pop
HGNC:20400,MORF4L1P1,MORF4L1P1,biolink:Gene,https://purl.humanatlas.io/graph/hra-pop
HGNC:20402,MORF4L1P3,MORF4L1P3,biolink:Gene,https://purl.humanatlas.io/graph/hra-pop
HGNC:2041,CLDN2,CLDN2,biolink:Gene,https://purl.humanatlas.io/graph/hra-pop
HGNC:20412,KRT20,KRT20,biolink:Gene,https://purl.humanatlas.io/graph/hra-pop
HGNC:20415,SUMF2,SUMF2,biolink:Gene,https://purl.humanatlas.io/graph/hra-pop
HGNC:20418,PDS5B,PDS5B,biolink:Gene,https://purl.humanatlas.io/graph/hra-pop
HGNC:2042,CLDN20,CLDN20,biolink:Gene,https://purl.humanatlas.io/graph/hra-pop
HGNC:20420,RUBCNL,RUBCNL,biolink:Gene,https://purl.humanatlas.io/graph/hra-pop
HGNC:20421,LNX2,LNX2,biolink:Gene,https://purl.humanatlas.io/graph/hra-pop
HGNC:20422,POLR1D,POLR1D,biolink:Gene,https://purl.humanatlas.io/graph/hra-pop
HGNC:20438,RNF212B,RNF212B,biolink:Gene,https://purl.humanatlas.io/graph/hra-pop
HGNC:20439,UPF3B,UPF3B,biolink:Gene,https://purl.humanatlas.io/graph/hra-pop
HGNC:2044,CLDN22,CLDN22,biolink:Gene,https://purl.humanatlas.io/graph/hra-pop
HGNC:20441,S100A16,S100A16,biolink:Gene,https://purl.humanatlas.io/graph/hra-pop
HGNC:20443,MTSS1,MTSS1,biolink:Gene,https://purl.humanatlas.io/graph/hra-pop
HGNC:20444,MBD5,MBD5,biolink:Gene,https://purl.humanatlas.io/graph/hra-pop
HGNC:2045,CLDN3,CLDN3,biolink:Gene,https://purl.humanatlas.io/graph/hra-pop
HGNC:20452,INSIG2,INSIG2,biolink:Gene,https://purl.humanatlas.io/graph/hra-pop
HGNC:20457,RNF144A,RNF144A,biolink:Gene,https://purl.humanatlas.io/graph/hra-pop
HGNC:2046,CLDN4,CLDN4,biolink:Gene,https://purl.humanatlas.io/graph/hra-pop
HGNC:20461,NME7,NME7,biolink:Gene,https://purl.humanatlas.io/graph/hra-pop
HGNC:20465,SMC5,SMC5,biolink:Gene,https://purl.humanatlas.io/graph/hra-pop
HGNC:2047,CLDN5,CLDN5,biolink:Gene,https://purl.humanatlas.io/graph/hra-pop
HGNC:20470,LSM7,LSM7,biolink:Gene,https://purl.humanatlas.io/graph/hra-pop
HGNC:20471,LSM8,LSM8,biolink:Gene,https://purl.humanatlas.io/graph/hra-pop
HGNC:20472,LSM1,LSM1,biolink:Gene,https://purl.humanatlas.io/graph/hra-pop
HGNC:20473,BRIP1,BRIP1,biolink:Gene,https://purl.humanatlas.io/graph/hra-pop
HGNC:20474,TMC8,TMC8,biolink:Gene,https://purl.humanatlas.io/graph/hra-pop
HGNC:2048,CLDN6,CLDN6,biolink:Gene,https://purl.humanatlas.io/graph/hra-pop
HGNC:20480,GBP4,GBP4,biolink:Gene,https://purl.humanatlas.io/graph/hra-pop
HGNC:20482,WDFY2,WDFY2,biolink:Gene,https://purl.humanatlas.io/graph/hra-pop
HGNC:20486,UBAC2,UBAC2,biolink:Gene,https://purl.humanatlas.io/graph/hra-pop
HGNC:20489,WDR89,WDR89,biolink:Gene,https://purl.humanatlas.io/graph/hra-pop
HGNC:2049,CLDN7,CLDN7,biolink:Gene,https://purl.humanatlas.io/graph/hra-pop
HGNC:20492,COA8,COA8,biolink:Gene,https://purl.humanatlas.io/graph/hra-pop
HGNC:20495,SLIRP,SLIRP,biolink:Gene,https://purl.humanatlas.io/graph/hra-pop
HGNC:20498,DGLUCY,DGLUCY,biolink:Gene,https://purl.humanatlas.io/graph/hra-pop
HGNC:20499,L2HGDH,L2HGDH,biolink:Gene,https://purl.humanatlas.io/graph/hra-pop
HGNC:2050,CLDN8,CLDN8,biolink:Gene,https://purl.humanatlas.io/graph/hra-pop
HGNC:20500,CATSPERB,CATSPERB,biolink:Gene,https://purl.humanatlas.io/graph/hra-pop
HGNC:20502,SLC39A5,SLC39A5,biolink:Gene,https://purl.humanatlas.io/graph/hra-pop
HGNC:20509,ZC3H14,ZC3H14,biolink:Gene,https://purl.humanatlas.io/graph/hra-pop
HGNC:2053,CLEC2B,CLEC2B,biolink:Gene,https://purl.humanatlas.io/graph/hra-pop
HGNC:2054,CLEC5A,CLEC5A,biolink:Gene,https://purl.humanatlas.io/graph/hra-pop
HGNC:20564,MBNL3,MBNL3,biolink:Gene,https://purl.humanatlas.io/graph/hra-pop
HGNC:20565,ALPK2,ALPK2,biolink:Gene,https://purl.humanatlas.io/graph/hra-pop
HGNC:20568,TRAM1,TRAM1,biolink:Gene,https://purl.humanatlas.io/graph/hra-pop
HGNC:20569,CCNL1,CCNL1,biolink:Gene,https://purl.humanatlas.io/graph/hra-pop
HGNC:20570,CCNL2,CCNL2,biolink:Gene,https://purl.humanatlas.io/graph/hra-pop
HGNC:20575,CYP4A22,CYP4A22,biolink:Gene,https://purl.humanatlas.io/graph/hra-pop
HGNC:20576,CYP20A1,CYP20A1,biolink:Gene,https://purl.humanatlas.io/graph/hra-pop
HGNC:20582,CYP2U1,CYP2U1,biolink:Gene,https://purl.humanatlas.io/graph/hra-pop
HGNC:20588,PCYOX1,PCYOX1,biolink:Gene,https://purl.humanatlas.io/graph/hra-pop
HGNC:20589,KCMF1,KCMF1,biolink:Gene,https://purl.humanatlas.io/graph/hra-pop
HGNC:20593,VPS39,VPS39,biolink:Gene,https://purl.humanatlas.io/graph/hra-pop
HGNC:20594,EGFL7,EGFL7,biolink:Gene,https://purl.humanatlas.io/graph/hra-pop
HGNC:20595,MTUS2,MTUS2,biolink:Gene,https://purl.humanatlas.io/graph/hra-pop
HGNC:20596,SUPT20H,SUPT20H,biolink:Gene,https://purl.humanatlas.io/graph/hra-pop
HGNC:20597,UFM1,UFM1,biolink:Gene,https://purl.humanatlas.io/graph/hra-pop
HGNC:20598,LONP2,LONP2,biolink:Gene,https://purl.humanatlas.io/graph/hra-pop
HGNC:206,ADAM28,ADAM28,biolink:Gene,https://purl.humanatlas.io/graph/hra-pop
HGNC:20603,DHDDS,DHDDS,biolink:Gene,https://purl.humanatlas.io/graph/hra-pop
HGNC:20605,ALS2CL,ALS2CL,biolink:Gene,https://purl.humanatlas.io/graph/hra-pop
HGNC:20606,IFT88,IFT88,biolink:Gene,https://purl.humanatlas.io/graph/hra-pop
HGNC:20608,BDNF-AS,BDNF-AS,biolink:Gene,https://purl.humanatlas.io/graph/hra-pop
HGNC:20610,PHLPP1,PHLPP1,biolink:Gene,https://purl.humanatlas.io/graph/hra-pop
HGNC:20612,TDRD3,TDRD3,biolink:Gene,https://purl.humanatlas.io/graph/hra-pop
HGNC:2062,CLIC1,CLIC1,biolink:Gene,https://purl.humanatlas.io/graph/hra-pop
HGNC:20626,CHD7,CHD7,biolink:Gene,https://purl.humanatlas.io/graph/hra-pop
HGNC:2063,CLIC2,CLIC2,biolink:Gene,https://purl.humanatlas.io/graph/hra-pop
HGNC:20635,PSME4,PSME4,biolink:Gene,https://purl.humanatlas.io/graph/hra-pop
HGNC:2064,CLIC3,CLIC3,biolink:Gene,https://purl.humanatlas.io/graph/hra-pop
HGNC:2065,CLIC6,CLIC6,biolink:Gene,https://purl.humanatlas.io/graph/hra-pop
HGNC:20652,TXNDC15,TXNDC15,biolink:Gene,https://purl.humanatlas.io/graph/hra-pop
HGNC:20653,SLC9A9,SLC9A9,biolink:Gene,https://purl.humanatlas.io/graph/hra-pop
HGNC:20655,RAPGEF6,RAPGEF6,biolink:Gene,https://purl.humanatlas.io/graph/hra-pop
HGNC:20656,C5orf15,C5orf15,biolink:Gene,https://purl.humanatlas.io/graph/hra-pop
HGNC:20657,TSPAN1,TSPAN1,biolink:Gene,https://purl.humanatlas.io/graph/hra-pop
HGNC:20659,TSPAN2,TSPAN2,biolink:Gene,https://purl.humanatlas.io/graph/hra-pop
HGNC:20660,TSPAN18,TSPAN18,biolink:Gene,https://purl.humanatlas.io/graph/hra-pop
HGNC:20662,SLC25A24,SLC25A24,biolink:Gene,https://purl.humanatlas.io/graph/hra-pop
HGNC:20668,MCCD1,MCCD1,biolink:Gene,https://purl.humanatlas.io/graph/hra-pop
HGNC:20669,IQGAP3,IQGAP3,biolink:Gene,https://purl.humanatlas.io/graph/hra-pop
HGNC:2067,PDLIM1,PDLIM1,biolink:Gene,https://purl.humanatlas.io/graph/hra-pop
HGNC:20670,TWIST2,TWIST2,biolink:Gene,https://purl.humanatlas.io/graph/hra-pop
HGNC:20672,PHF8,PHF8,biolink:Gene,https://purl.humanatlas.io/graph/hra-pop
HGNC:2068,CLK1,CLK1,biolink:Gene,https://purl.humanatlas.io/graph/hra-pop
HGNC:20681,NBEAL1,NBEAL1,biolink:Gene,https://purl.humanatlas.io/graph/hra-pop
HGNC:20686,PASD1,PASD1,biolink:Gene,https://purl.humanatlas.io/graph/hra-pop
HGNC:20690,ZNF425,ZNF425,biolink:Gene,https://purl.humanatlas.io/graph/hra-pop
HGNC:20696,ELP3,ELP3,biolink:Gene,https://purl.humanatlas.io/graph/hra-pop
HGNC:20704,KLHDC3,KLHDC3,biolink:Gene,https://purl.humanatlas.io/graph/hra-pop
HGNC:20708,APBB3,APBB3,biolink:Gene,https://purl.humanatlas.io/graph/hra-pop
HGNC:20709,SLTM,SLTM,biolink:Gene,https://purl.humanatlas.io/graph/hra-pop
HGNC:20710,ZBED2,ZBED2,biolink:Gene,https://purl.humanatlas.io/graph/hra-pop
HGNC:20712,ZDHHC18,ZDHHC18,biolink:Gene,https://purl.humanatlas.io/graph/hra-pop
HGNC:20718,OTUD7A,OTUD7A,biolink:Gene,https://purl.humanatlas.io/graph/hra-pop
HGNC:20723,DYNLL1P1,DYNLL1P1,biolink:Gene,https://purl.humanatlas.io/graph/hra-pop
HGNC:20724,DYNLL1P2,DYNLL1P2,biolink:Gene,https://purl.humanatlas.io/graph/hra-pop
HGNC:20726,SCFD1,SCFD1,biolink:Gene,https://purl.humanatlas.io/graph/hra-pop
HGNC:20728,SLC9A8,SLC9A8,biolink:Gene,https://purl.humanatlas.io/graph/hra-pop
HGNC:20731,GNB4,GNB4,biolink:Gene,https://purl.humanatlas.io/graph/hra-pop
HGNC:20738,SYVN1,SYVN1,biolink:Gene,https://purl.humanatlas.io/graph/hra-pop
HGNC:20743,LRATD1,LRATD1,biolink:Gene,https://purl.humanatlas.io/graph/hra-pop
HGNC:20749,ZDHHC20,ZDHHC20,biolink:Gene,https://purl.humanatlas.io/graph/hra-pop
HGNC:20750,ZDHHC21,ZDHHC21,biolink:Gene,https://purl.humanatlas.io/graph/hra-pop
HGNC:20751,WDFY3,WDFY3,biolink:Gene,https://purl.humanatlas.io/graph/hra-pop
HGNC:20754,TRPC7,TRPC7,biolink:Gene,https://purl.humanatlas.io/graph/hra-pop
HGNC:20756,ZFYVE16,ZFYVE16,biolink:Gene,https://purl.humanatlas.io/graph/hra-pop
HGNC:20759,RBSN,RBSN,biolink:Gene,https://purl.humanatlas.io/graph/hra-pop
HGNC:2076,CLN5,CLN5,biolink:Gene,https://purl.humanatlas.io/graph/hra-pop
HGNC:20763,ANKFY1,ANKFY1,biolink:Gene,https://purl.humanatlas.io/graph/hra-pop
HGNC:20766,TUBA1A,TUBA1A,biolink:Gene,https://purl.humanatlas.io/graph/hra-pop
HGNC:20767,PDLIM3,PDLIM3,biolink:Gene,https://purl.humanatlas.io/graph/hra-pop
HGNC:20768,TUBA1C,TUBA1C,biolink:Gene,https://purl.humanatlas.io/graph/hra-pop
HGNC:2077,CLN6,CLN6,biolink:Gene,https://purl.humanatlas.io/graph/hra-pop
HGNC:20771,TUBB4B,TUBB4B,biolink:Gene,https://purl.humanatlas.io/graph/hra-pop
HGNC:20776,TUBB6,TUBB6,biolink:Gene,https://purl.humanatlas.io/graph/hra-pop
HGNC:20778,TUBB,TUBB,biolink:Gene,https://purl.humanatlas.io/graph/hra-pop
HGNC:20788,RHBDF2,RHBDF2,biolink:Gene,https://purl.humanatlas.io/graph/hra-pop
HGNC:20789,ATG4D,ATG4D,biolink:Gene,https://purl.humanatlas.io/graph/hra-pop
HGNC:2079,CLN8,CLN8,biolink:Gene,https://purl.humanatlas.io/graph/hra-pop
HGNC:20790,ATG4B,ATG4B,biolink:Gene,https://purl.humanatlas.io/graph/hra-pop
HGNC:20793,RASSF4,RASSF4,biolink:Gene,https://purl.humanatlas.io/graph/hra-pop
HGNC:20794,ERCC6L,ERCC6L,biolink:Gene,https://purl.humanatlas.io/graph/hra-pop
HGNC:20797,CYBRD1,CYBRD1,biolink:Gene,https://purl.humanatlas.io/graph/hra-pop
HGNC:2080,CLNS1A,CLNS1A,biolink:Gene,https://purl.humanatlas.io/graph/hra-pop
HGNC:20800,SLC35D1,SLC35D1,biolink:Gene,https://purl.humanatlas.io/graph/hra-pop
HGNC:20810,ZNF432,ZNF432,biolink:Gene,https://purl.humanatlas.io/graph/hra-pop
HGNC:20813,ZSCAN16,ZSCAN16,biolink:Gene,https://purl.humanatlas.io/graph/hra-pop
HGNC:20816,PHF12,PHF12,biolink:Gene,https://purl.humanatlas.io/graph/hra-pop
HGNC:20817,ZNF429,ZNF429,biolink:Gene,https://purl.humanatlas.io/graph/hra-pop
HGNC:2082,CLOCK,CLOCK,biolink:Gene,https://purl.humanatlas.io/graph/hra-pop
HGNC:20821,COL24A1,COL24A1,biolink:Gene,https://purl.humanatlas.io/graph/hra-pop
HGNC:20822,ADGRL4,ADGRL4,biolink:Gene,https://purl.humanatlas.io/graph/hra-pop
HGNC:20823,DPP10,DPP10,biolink:Gene,https://purl.humanatlas.io/graph/hra-pop
HGNC:20851,FNBP1L,FNBP1L,biolink:Gene,https://purl.humanatlas.io/graph/hra-pop
HGNC:20853,RNF145,RNF145,biolink:Gene,https://purl.humanatlas.io/graph/hra-pop
HGNC:20855,THAP3,THAP3,biolink:Gene,https://purl.humanatlas.io/graph/hra-pop
HGNC:20859,SLC39A13,SLC39A13,biolink:Gene,https://purl.humanatlas.io/graph/hra-pop
HGNC:20868,ZBTB2,ZBTB2,biolink:Gene,https://purl.humanatlas.io/graph/hra-pop
HGNC:20870,RPF2,RPF2,biolink:Gene,https://purl.humanatlas.io/graph/hra-pop
HGNC:20872,GTF3C6,GTF3C6,biolink:Gene,https://purl.humanatlas.io/graph/hra-pop
HGNC:2088,CLPX,CLPX,biolink:Gene,https://purl.humanatlas.io/graph/hra-pop
HGNC:20884,PLEKHG1,PLEKHG1,biolink:Gene,https://purl.humanatlas.io/graph/hra-pop
HGNC:20885,AGPAT4,AGPAT4,biolink:Gene,https://purl.humanatlas.io/graph/hra-pop
HGNC:20887,GTDC1,GTDC1,biolink:Gene,https://purl.humanatlas.io/graph/hra-pop
HGNC:20898,PGM2L1,PGM2L1,biolink:Gene,https://purl.humanatlas.io/graph/hra-pop
HGNC:2090,CLTA,CLTA,biolink:Gene,https://purl.humanatlas.io/graph/hra-pop
HGNC:20907,EAF1,EAF1,biolink:Gene,https://purl.humanatlas.io/graph/hra-pop
HGNC:2091,CLTB,CLTB,biolink:Gene,https://purl.humanatlas.io/graph/hra-pop
HGNC:20910,AFMID,AFMID,biolink:Gene,https://purl.humanatlas.io/graph/hra-pop
HGNC:20914,BLOC1S3,BLOC1S3,biolink:Gene,https://purl.humanatlas.io/graph/hra-pop
HGNC:2092,CLTC,CLTC,biolink:Gene,https://purl.humanatlas.io/graph/hra-pop
HGNC:20937,XKR9,XKR9,biolink:Gene,https://purl.humanatlas.io/graph/hra-pop
HGNC:20944,SENP6,SENP6,biolink:Gene,https://purl.humanatlas.io/graph/hra-pop
HGNC:20947,TOMM20,TOMM20,biolink:Gene,https://purl.humanatlas.io/graph/hra-pop
HGNC:2095,CLU,CLU,biolink:Gene,https://purl.humanatlas.io/graph/hra-pop
HGNC:20952,TMEM14C,TMEM14C,biolink:Gene,https://purl.humanatlas.io/graph/hra-pop
HGNC:20956,PHACTR2,PHACTR2,biolink:Gene,https://purl.humanatlas.io/graph/hra-pop
HGNC:20958,TMEM181,TMEM181,biolink:Gene,https://purl.humanatlas.io/graph/hra-pop
HGNC:20959,SCAF8,SCAF8,biolink:Gene,https://purl.humanatlas.io/graph/hra-pop
HGNC:20961,ANKS1A,ANKS1A,biolink:Gene,https://purl.humanatlas.io/graph/hra-pop
HGNC:20962,ATG3,ATG3,biolink:Gene,https://purl.humanatlas.io/graph/hra-pop
HGNC:20973,ADGRL1,ADGRL1,biolink:Gene,https://purl.humanatlas.io/graph/hra-pop
HGNC:20974,ADGRL3,ADGRL3,biolink:Gene,https://purl.humanatlas.io/graph/hra-pop
HGNC:2098,CMAHP,CMAHP,biolink:Gene,https://purl.humanatlas.io/graph/hra-pop
HGNC:20982,SMYD2,SMYD2,biolink:Gene,https://purl.humanatlas.io/graph/hra-pop
HGNC:20983,NECAB1,NECAB1,biolink:Gene,https://purl.humanatlas.io/graph/hra-pop
HGNC:20990,PHACTR1,PHACTR1,biolink:Gene,https://purl.humanatlas.io/graph/hra-pop
HGNC:20991,FAM184A,FAM184A,biolink:Gene,https://purl.humanatlas.io/graph/hra-pop
HGNC:20993,RWDD1,RWDD1,biolink:Gene,https://purl.humanatlas.io/graph/hra-pop
HGNC:20998,C6orf62,C6orf62,biolink:Gene,https://purl.humanatlas.io/graph/hra-pop
HGNC:20999,ACOT13,ACOT13,biolink:Gene,https://purl.humanatlas.io/graph/hra-pop
HGNC:21013,PLXDC2,PLXDC2,biolink:Gene,https://purl.humanatlas.io/graph/hra-pop
HGNC:21014,ANTXR1,ANTXR1,biolink:Gene,https://purl.humanatlas.io/graph/hra-pop
HGNC:21015,FILIP1,FILIP1,biolink:Gene,https://purl.humanatlas.io/graph/hra-pop
HGNC:21021,NHSL1,NHSL1,biolink:Gene,https://purl.humanatlas.io/graph/hra-pop
HGNC:21026,SNHG5,SNHG5,biolink:Gene,https://purl.humanatlas.io/graph/hra-pop
HGNC:21027,ANKK1,ANKK1,biolink:Gene,https://purl.humanatlas.io/graph/hra-pop
HGNC:21029,ZNF438,ZNF438,biolink:Gene,https://purl.humanatlas.io/graph/hra-pop
HGNC:21030,ARHGAP15,ARHGAP15,biolink:Gene,https://purl.humanatlas.io/graph/hra-pop
HGNC:21034,NDUFAF4,NDUFAF4,biolink:Gene,https://purl.humanatlas.io/graph/hra-pop
HGNC:21035,ARHGAP18,ARHGAP18,biolink:Gene,https://purl.humanatlas.io/graph/hra-pop
HGNC:21037,ZSCAN18,ZSCAN18,biolink:Gene,https://purl.humanatlas.io/graph/hra-pop
HGNC:21040,NOL7,NOL7,biolink:Gene,https://purl.humanatlas.io/graph/hra-pop
HGNC:21041,HECA,HECA,biolink:Gene,https://purl.humanatlas.io/graph/hra-pop
HGNC:21042,NUS1,NUS1,biolink:Gene,https://purl.humanatlas.io/graph/hra-pop
HGNC:21044,PITPNM2,PITPNM2,biolink:Gene,https://purl.humanatlas.io/graph/hra-pop
HGNC:21045,PITPNC1,PITPNC1,biolink:Gene,https://purl.humanatlas.io/graph/hra-pop
HGNC:21050,CDKAL1,CDKAL1,biolink:Gene,https://purl.humanatlas.io/graph/hra-pop
HGNC:21051,MTRF1L,MTRF1L,biolink:Gene,https://purl.humanatlas.io/graph/hra-pop
HGNC:21052,KCTD20,KCTD20,biolink:Gene,https://purl.humanatlas.io/graph/hra-pop
HGNC:21053,MFSD4B,MFSD4B,biolink:Gene,https://purl.humanatlas.io/graph/hra-pop
HGNC:21054,RSPH3,RSPH3,biolink:Gene,https://purl.humanatlas.io/graph/hra-pop
HGNC:21055,MTHFD1L,MTHFD1L,biolink:Gene,https://purl.humanatlas.io/graph/hra-pop
HGNC:21062,FARS2,FARS2,biolink:Gene,https://purl.humanatlas.io/graph/hra-pop
HGNC:21063,MOXD1,MOXD1,biolink:Gene,https://purl.humanatlas.io/graph/hra-pop
HGNC:21064,WDR25,WDR25,biolink:Gene,https://purl.humanatlas.io/graph/hra-pop
HGNC:21065,SLC25A27,SLC25A27,biolink:Gene,https://purl.humanatlas.io/graph/hra-pop
HGNC:21073,TXNDC5,TXNDC5,biolink:Gene,https://purl.humanatlas.io/graph/hra-pop
HGNC:21074,GINM1,GINM1,biolink:Gene,https://purl.humanatlas.io/graph/hra-pop
HGNC:21076,TMEM14A,TMEM14A,biolink:Gene,https://purl.humanatlas.io/graph/hra-pop
HGNC:21077,CMTR1,CMTR1,biolink:Gene,https://purl.humanatlas.io/graph/hra-pop
HGNC:21080,TRMT11,TRMT11,biolink:Gene,https://purl.humanatlas.io/graph/hra-pop
HGNC:21081,NCOA7,NCOA7,biolink:Gene,https://purl.humanatlas.io/graph/hra-pop
HGNC:21082,SEC63,SEC63,biolink:Gene,https://purl.humanatlas.io/graph/hra-pop
HGNC:21083,SF3B5,SF3B5,biolink:Gene,https://purl.humanatlas.io/graph/hra-pop
HGNC:21084,FAM135A,FAM135A,biolink:Gene,https://purl.humanatlas.io/graph/hra-pop
HGNC:21086,MIB1,MIB1,biolink:Gene,https://purl.humanatlas.io/graph/hra-pop
HGNC:21087,BTLA,BTLA,biolink:Gene,https://purl.humanatlas.io/graph/hra-pop
HGNC:21090,TRAPPC3L,TRAPPC3L,biolink:Gene,https://purl.humanatlas.io/graph/hra-pop
HGNC:21091,ZNF451,ZNF451,biolink:Gene,https://purl.humanatlas.io/graph/hra-pop
HGNC:21094,CALHM4,CALHM4,biolink:Gene,https://purl.humanatlas.io/graph/hra-pop
HGNC:21096,GFOD1,GFOD1,biolink:Gene,https://purl.humanatlas.io/graph/hra-pop
HGNC:21097,MCUR1,MCUR1,biolink:Gene,https://purl.humanatlas.io/graph/hra-pop
HGNC:21100,QKI,QKI,biolink:Gene,https://purl.humanatlas.io/graph/hra-pop
HGNC:21101,CUTA,CUTA,biolink:Gene,https://purl.humanatlas.io/graph/hra-pop
HGNC:21102,SFT2D1,SFT2D1,biolink:Gene,https://purl.humanatlas.io/graph/hra-pop
HGNC:21106,SLC22A23,SLC22A23,biolink:Gene,https://purl.humanatlas.io/graph/hra-pop
HGNC:21109,FAM120B,FAM120B,biolink:Gene,https://purl.humanatlas.io/graph/hra-pop
HGNC:21111,BICRAL,BICRAL,biolink:Gene,https://purl.humanatlas.io/graph/hra-pop
HGNC:21115,MTFR2,MTFR2,biolink:Gene,https://purl.humanatlas.io/graph/hra-pop
HGNC:21118,ECT2L,ECT2L,biolink:Gene,https://purl.humanatlas.io/graph/hra-pop
HGNC:21143,ZBTB24,ZBTB24,biolink:Gene,https://purl.humanatlas.io/graph/hra-pop
HGNC:21144,DSE,DSE,biolink:Gene,https://purl.humanatlas.io/graph/hra-pop
HGNC:21145,RCN3,RCN3,biolink:Gene,https://purl.humanatlas.io/graph/hra-pop
HGNC:21146,ZMYND19,ZMYND19,biolink:Gene,https://purl.humanatlas.io/graph/hra-pop
HGNC:21148,RNF123,RNF123,biolink:Gene,https://purl.humanatlas.io/graph/hra-pop
HGNC:21149,PRR3,PRR3,biolink:Gene,https://purl.humanatlas.io/graph/hra-pop
HGNC:21150,RNF125,RNF125,biolink:Gene,https://purl.humanatlas.io/graph/hra-pop
HGNC:21151,RNF126,RNF126,biolink:Gene,https://purl.humanatlas.io/graph/hra-pop
HGNC:21165,RAP2C,RAP2C,biolink:Gene,https://purl.humanatlas.io/graph/hra-pop
HGNC:21167,PDZD4,PDZD4,biolink:Gene,https://purl.humanatlas.io/graph/hra-pop
HGNC:21168,RHOT1,RHOT1,biolink:Gene,https://purl.humanatlas.io/graph/hra-pop
HGNC:21169,RHOT2,RHOT2,biolink:Gene,https://purl.humanatlas.io/graph/hra-pop
HGNC:21172,ADAT2,ADAT2,biolink:Gene,https://purl.humanatlas.io/graph/hra-pop
HGNC:21175,ZC3H12D,ZC3H12D,biolink:Gene,https://purl.humanatlas.io/graph/hra-pop
HGNC:21176,RMND1,RMND1,biolink:Gene,https://purl.humanatlas.io/graph/hra-pop
HGNC:21177,CCDC170,CCDC170,biolink:Gene,https://purl.humanatlas.io/graph/hra-pop
HGNC:21180,SAMD5,SAMD5,biolink:Gene,https://purl.humanatlas.io/graph/hra-pop
HGNC:21182,NUP43,NUP43,biolink:Gene,https://purl.humanatlas.io/graph/hra-pop
HGNC:21185,PNLDC1,PNLDC1,biolink:Gene,https://purl.humanatlas.io/graph/hra-pop
HGNC:21192,ZMYND12,ZMYND12,biolink:Gene,https://purl.humanatlas.io/graph/hra-pop
HGNC:21198,HCFC1R1,HCFC1R1,biolink:Gene,https://purl.humanatlas.io/graph/hra-pop
HGNC:21199,PBXIP1,PBXIP1,biolink:Gene,https://purl.humanatlas.io/graph/hra-pop
HGNC:21204,IPCEF1,IPCEF1,biolink:Gene,https://purl.humanatlas.io/graph/hra-pop
HGNC:21205,LINGO1,LINGO1,biolink:Gene,https://purl.humanatlas.io/graph/hra-pop
HGNC:21207,LINGO2,LINGO2,biolink:Gene,https://purl.humanatlas.io/graph/hra-pop
HGNC:2121,CMKLR1,CMKLR1,biolink:Gene,https://purl.humanatlas.io/graph/hra-pop
HGNC:21211,TTLL2,TTLL2,biolink:Gene,https://purl.humanatlas.io/graph/hra-pop
HGNC:21212,ADGB,ADGB,biolink:Gene,https://purl.humanatlas.io/graph/hra-pop
HGNC:21213,ARFGEF3,ARFGEF3,biolink:Gene,https://purl.humanatlas.io/graph/hra-pop
HGNC:21214,ADTRP,ADTRP,biolink:Gene,https://purl.humanatlas.io/graph/hra-pop
HGNC:21215,ILRUN,ILRUN,biolink:Gene,https://purl.humanatlas.io/graph/hra-pop
HGNC:21216,BLTP3A,BLTP3A,biolink:Gene,https://purl.humanatlas.io/graph/hra-pop
HGNC:21218,DNPH1,DNPH1,biolink:Gene,https://purl.humanatlas.io/graph/hra-pop
HGNC:21222,PNISR,PNISR,biolink:Gene,https://purl.humanatlas.io/graph/hra-pop
HGNC:21225,CBLL1,CBLL1,biolink:Gene,https://purl.humanatlas.io/graph/hra-pop
HGNC:21228,BTBD9,BTBD9,biolink:Gene,https://purl.humanatlas.io/graph/hra-pop
HGNC:21237,UQCC2,UQCC2,biolink:Gene,https://purl.humanatlas.io/graph/hra-pop
HGNC:21247,C6orf120,C6orf120,biolink:Gene,https://purl.humanatlas.io/graph/hra-pop
HGNC:21248,WDR27,WDR27,biolink:Gene,https://purl.humanatlas.io/graph/hra-pop
HGNC:21253,LHFPL5,LHFPL5,biolink:Gene,https://purl.humanatlas.io/graph/hra-pop
HGNC:21260,KLKP1,KLKP1,biolink:Gene,https://purl.humanatlas.io/graph/hra-pop
HGNC:21269,NLRP5,NLRP5,biolink:Gene,https://purl.humanatlas.io/graph/hra-pop
HGNC:21288,C6orf132,C6orf132,biolink:Gene,https://purl.humanatlas.io/graph/hra-pop
HGNC:21296,EPS8L2,EPS8L2,biolink:Gene,https://purl.humanatlas.io/graph/hra-pop
HGNC:21299,CROCC,CROCC,biolink:Gene,https://purl.humanatlas.io/graph/hra-pop
HGNC:21301,C6orf136,C6orf136,biolink:Gene,https://purl.humanatlas.io/graph/hra-pop
HGNC:21305,KCTD3,KCTD3,biolink:Gene,https://purl.humanatlas.io/graph/hra-pop
HGNC:21306,ALKBH7,ALKBH7,biolink:Gene,https://purl.humanatlas.io/graph/hra-pop
HGNC:21308,ELOVL5,ELOVL5,biolink:Gene,https://purl.humanatlas.io/graph/hra-pop
HGNC:21314,COPS9,COPS9,biolink:Gene,https://purl.humanatlas.io/graph/hra-pop
HGNC:21316,ANKRD11,ANKRD11,biolink:Gene,https://purl.humanatlas.io/graph/hra-pop
HGNC:21317,DYM,DYM,biolink:Gene,https://purl.humanatlas.io/graph/hra-pop
HGNC:21328,NEU4,NEU4,biolink:Gene,https://purl.humanatlas.io/graph/hra-pop
HGNC:21332,STK32C,STK32C,biolink:Gene,https://purl.humanatlas.io/graph/hra-pop
HGNC:21335,SNX13,SNX13,biolink:Gene,https://purl.humanatlas.io/graph/hra-pop
HGNC:21336,RNF146,RNF146,biolink:Gene,https://purl.humanatlas.io/graph/hra-pop
HGNC:21338,PRRX2,PRRX2,biolink:Gene,https://purl.humanatlas.io/graph/hra-pop
HGNC:21348,CENPU,CENPU,biolink:Gene,https://purl.humanatlas.io/graph/hra-pop
HGNC:21349,GLYATL3,GLYATL3,biolink:Gene,https://purl.humanatlas.io/graph/hra-pop
HGNC:2135,SBF2,SBF2,biolink:Gene,https://purl.humanatlas.io/graph/hra-pop
HGNC:21355,MLIP,MLIP,biolink:Gene,https://purl.humanatlas.io/graph/hra-pop
HGNC:21359,HMGCLL1,HMGCLL1,biolink:Gene,https://purl.humanatlas.io/graph/hra-pop
HGNC:21360,KIAA1586,KIAA1586,biolink:Gene,https://purl.humanatlas.io/graph/hra-pop
HGNC:21361,PXDC1,PXDC1,biolink:Gene,https://purl.humanatlas.io/graph/hra-pop
HGNC:21362,FAM217A,FAM217A,biolink:Gene,https://purl.humanatlas.io/graph/hra-pop
HGNC:21365,LYRM4,LYRM4,biolink:Gene,https://purl.humanatlas.io/graph/hra-pop
HGNC:21366,KHDC1,KHDC1,biolink:Gene,https://purl.humanatlas.io/graph/hra-pop
HGNC:21367,CGAS,CGAS,biolink:Gene,https://purl.humanatlas.io/graph/hra-pop
HGNC:21370,RPL7L1,RPL7L1,biolink:Gene,https://purl.humanatlas.io/graph/hra-pop
HGNC:21371,RPL24P4,RPL24P4,biolink:Gene,https://purl.humanatlas.io/graph/hra-pop
HGNC:21375,LRRC73,LRRC73,biolink:Gene,https://purl.humanatlas.io/graph/hra-pop
HGNC:21376,FKBP1C,FKBP1C,biolink:Gene,https://purl.humanatlas.io/graph/hra-pop
HGNC:21378,OGFRL1,OGFRL1,biolink:Gene,https://purl.humanatlas.io/graph/hra-pop
HGNC:21380,LINC00472,LINC00472,biolink:Gene,https://purl.humanatlas.io/graph/hra-pop
HGNC:21382,OOEP,OOEP,biolink:Gene,https://purl.humanatlas.io/graph/hra-pop
HGNC:21383,RPL39P3,RPL39P3,biolink:Gene,https://purl.humanatlas.io/graph/hra-pop
HGNC:21384,TMEM14B,TMEM14B,biolink:Gene,https://purl.humanatlas.io/graph/hra-pop
HGNC:21389,FSTL4,FSTL4,biolink:Gene,https://purl.humanatlas.io/graph/hra-pop
HGNC:21392,SLAMF6,SLAMF6,biolink:Gene,https://purl.humanatlas.io/graph/hra-pop
HGNC:21393,RWDD3,RWDD3,biolink:Gene,https://purl.humanatlas.io/graph/hra-pop
HGNC:21394,SLAMF7,SLAMF7,biolink:Gene,https://purl.humanatlas.io/graph/hra-pop
HGNC:21397,SCML4,SCML4,biolink:Gene,https://purl.humanatlas.io/graph/hra-pop
HGNC:21401,SMIM8,SMIM8,biolink:Gene,https://purl.humanatlas.io/graph/hra-pop
HGNC:21403,C6orf163,C6orf163,biolink:Gene,https://purl.humanatlas.io/graph/hra-pop
HGNC:21406,RARS2,RARS2,biolink:Gene,https://purl.humanatlas.io/graph/hra-pop
HGNC:21407,AKIRIN2,AKIRIN2,biolink:Gene,https://purl.humanatlas.io/graph/hra-pop
HGNC:21420,CDK20,CDK20,biolink:Gene,https://purl.humanatlas.io/graph/hra-pop
HGNC:21444,UPK3B,UPK3B,biolink:Gene,https://purl.humanatlas.io/graph/hra-pop
HGNC:21445,BTBD10,BTBD10,biolink:Gene,https://purl.humanatlas.io/graph/hra-pop
HGNC:21449,ITIH5,ITIH5,biolink:Gene,https://purl.humanatlas.io/graph/hra-pop
HGNC:21461,RC3H2,RC3H2,biolink:Gene,https://purl.humanatlas.io/graph/hra-pop
HGNC:21463,MTERF1,MTERF1,biolink:Gene,https://purl.humanatlas.io/graph/hra-pop
HGNC:21466,ATG12P1,ATG12P1,biolink:Gene,https://purl.humanatlas.io/graph/hra-pop
HGNC:21479,DCBLD1,DCBLD1,biolink:Gene,https://purl.humanatlas.io/graph/hra-pop
HGNC:2148,CNGA1,CNGA1,biolink:Gene,https://purl.humanatlas.io/graph/hra-pop
HGNC:21480,DUSP23,DUSP23,biolink:Gene,https://purl.humanatlas.io/graph/hra-pop
HGNC:21482,RPL29P4,RPL29P4,biolink:Gene,https://purl.humanatlas.io/graph/hra-pop
HGNC:21483,SLC35F1,SLC35F1,biolink:Gene,https://purl.humanatlas.io/graph/hra-pop
HGNC:21485,TBC1D32,TBC1D32,biolink:Gene,https://purl.humanatlas.io/graph/hra-pop
HGNC:21487,RNF217,RNF217,biolink:Gene,https://purl.humanatlas.io/graph/hra-pop
HGNC:21488,CENPW,CENPW,biolink:Gene,https://purl.humanatlas.io/graph/hra-pop
HGNC:21489,ECHDC1,ECHDC1,biolink:Gene,https://purl.humanatlas.io/graph/hra-pop
HGNC:21490,DAPL1,DAPL1,biolink:Gene,https://purl.humanatlas.io/graph/hra-pop
HGNC:21494,MTCL3,MTCL3,biolink:Gene,https://purl.humanatlas.io/graph/hra-pop
HGNC:21495,KIF12,KIF12,biolink:Gene,https://purl.humanatlas.io/graph/hra-pop
HGNC:21496,ARFIP1,ARFIP1,biolink:Gene,https://purl.humanatlas.io/graph/hra-pop
HGNC:21524,DHRS7,DHRS7,biolink:Gene,https://purl.humanatlas.io/graph/hra-pop
HGNC:21526,GNPDA2,GNPDA2,biolink:Gene,https://purl.humanatlas.io/graph/hra-pop
HGNC:21528,DIABLO,DIABLO,biolink:Gene,https://purl.humanatlas.io/graph/hra-pop
HGNC:21529,TM9SF3,TM9SF3,biolink:Gene,https://purl.humanatlas.io/graph/hra-pop
HGNC:2153,CNGB3,CNGB3,biolink:Gene,https://purl.humanatlas.io/graph/hra-pop
HGNC:21531,GALNT15,GALNT15,biolink:Gene,https://purl.humanatlas.io/graph/hra-pop
HGNC:21535,GTPBP4,GTPBP4,biolink:Gene,https://purl.humanatlas.io/graph/hra-pop
HGNC:21537,SYCP2L,SYCP2L,biolink:Gene,https://purl.humanatlas.io/graph/hra-pop
HGNC:21538,RPL15P3,RPL15P3,biolink:Gene,https://purl.humanatlas.io/graph/hra-pop
HGNC:2155,CNN1,CNN1,biolink:Gene,https://purl.humanatlas.io/graph/hra-pop
HGNC:21555,EYS,EYS,biolink:Gene,https://purl.humanatlas.io/graph/hra-pop
HGNC:21556,NT5DC1,NT5DC1,biolink:Gene,https://purl.humanatlas.io/graph/hra-pop
HGNC:2156,CNN2,CNN2,biolink:Gene,https://purl.humanatlas.io/graph/hra-pop
HGNC:21561,CEP57L1,CEP57L1,biolink:Gene,https://purl.humanatlas.io/graph/hra-pop
HGNC:21566,METTL24,METTL24,biolink:Gene,https://purl.humanatlas.io/graph/hra-pop
HGNC:21569,THEMIS,THEMIS,biolink:Gene,https://purl.humanatlas.io/graph/hra-pop
HGNC:2157,CNN3,CNN3,biolink:Gene,https://purl.humanatlas.io/graph/hra-pop
HGNC:21573,SLC18B1,SLC18B1,biolink:Gene,https://purl.humanatlas.io/graph/hra-pop
HGNC:21574,SAMD3,SAMD3,biolink:Gene,https://purl.humanatlas.io/graph/hra-pop
HGNC:21575,AHI1,AHI1,biolink:Gene,https://purl.humanatlas.io/graph/hra-pop
HGNC:21577,KDM1B,KDM1B,biolink:Gene,https://purl.humanatlas.io/graph/hra-pop
HGNC:21578,RNF144B,RNF144B,biolink:Gene,https://purl.humanatlas.io/graph/hra-pop
HGNC:21581,CARMIL1,CARMIL1,biolink:Gene,https://purl.humanatlas.io/graph/hra-pop
HGNC:21582,MCFD2P1,MCFD2P1,biolink:Gene,https://purl.humanatlas.io/graph/hra-pop
HGNC:21584,NKAPL,NKAPL,biolink:Gene,https://purl.humanatlas.io/graph/hra-pop
HGNC:21586,TTL,TTL,biolink:Gene,https://purl.humanatlas.io/graph/hra-pop
HGNC:21587,TAFA1,TAFA1,biolink:Gene,https://purl.humanatlas.io/graph/hra-pop
HGNC:21592,TAFA5,TAFA5,biolink:Gene,https://purl.humanatlas.io/graph/hra-pop
HGNC:216,ADAM9,ADAM9,biolink:Gene,https://purl.humanatlas.io/graph/hra-pop
HGNC:2160,CNR2,CNR2,biolink:Gene,https://purl.humanatlas.io/graph/hra-pop
HGNC:21601,SLC35B3,SLC35B3,biolink:Gene,https://purl.humanatlas.io/graph/hra-pop
HGNC:21602,TBC1D22B,TBC1D22B,biolink:Gene,https://purl.humanatlas.io/graph/hra-pop
HGNC:21605,SAFB2,SAFB2,biolink:Gene,https://purl.humanatlas.io/graph/hra-pop
HGNC:21606,MPC1,MPC1,biolink:Gene,https://purl.humanatlas.io/graph/hra-pop
HGNC:21607,AIG1,AIG1,biolink:Gene,https://purl.humanatlas.io/graph/hra-pop
HGNC:21608,LUC7L2,LUC7L2,biolink:Gene,https://purl.humanatlas.io/graph/hra-pop
HGNC:21610,LNPK,LNPK,biolink:Gene,https://purl.humanatlas.io/graph/hra-pop
HGNC:21614,CTDSP1,CTDSP1,biolink:Gene,https://purl.humanatlas.io/graph/hra-pop
HGNC:21616,TNS3,TNS3,biolink:Gene,https://purl.humanatlas.io/graph/hra-pop
HGNC:21624,KLC4,KLC4,biolink:Gene,https://purl.humanatlas.io/graph/hra-pop
HGNC:21625,ANO1,ANO1,biolink:Gene,https://purl.humanatlas.io/graph/hra-pop
HGNC:21627,OXCT2P1,OXCT2P1,biolink:Gene,https://purl.humanatlas.io/graph/hra-pop
HGNC:21628,ZNF460,ZNF460,biolink:Gene,https://purl.humanatlas.io/graph/hra-pop
HGNC:21637,SATB2,SATB2,biolink:Gene,https://purl.humanatlas.io/graph/hra-pop
HGNC:21638,CEP85L,CEP85L,biolink:Gene,https://purl.humanatlas.io/graph/hra-pop
HGNC:21640,TSPAN9,TSPAN9,biolink:Gene,https://purl.humanatlas.io/graph/hra-pop
HGNC:21641,TSPAN12,TSPAN12,biolink:Gene,https://purl.humanatlas.io/graph/hra-pop
HGNC:21643,TSPAN13,TSPAN13,biolink:Gene,https://purl.humanatlas.io/graph/hra-pop
HGNC:21645,CHCHD2,CHCHD2,biolink:Gene,https://purl.humanatlas.io/graph/hra-pop
HGNC:21648,TOMM7,TOMM7,biolink:Gene,https://purl.humanatlas.io/graph/hra-pop
HGNC:21658,FBXL13,FBXL13,biolink:Gene,https://purl.humanatlas.io/graph/hra-pop
HGNC:21666,MUCL3,MUCL3,biolink:Gene,https://purl.humanatlas.io/graph/hra-pop
HGNC:21667,ORAI2,ORAI2,biolink:Gene,https://purl.humanatlas.io/graph/hra-pop
HGNC:21674,FSIP1,FSIP1,biolink:Gene,https://purl.humanatlas.io/graph/hra-pop
HGNC:21680,SIK2,SIK2,biolink:Gene,https://purl.humanatlas.io/graph/hra-pop
HGNC:21683,NAPEPLD,NAPEPLD,biolink:Gene,https://purl.humanatlas.io/graph/hra-pop
HGNC:21684,ZNF462,ZNF462,biolink:Gene,https://purl.humanatlas.io/graph/hra-pop
HGNC:21685,CD109,CD109,biolink:Gene,https://purl.humanatlas.io/graph/hra-pop
HGNC:21686,RNASET2,RNASET2,biolink:Gene,https://purl.humanatlas.io/graph/hra-pop
HGNC:21688,ZNHIT1,ZNHIT1,biolink:Gene,https://purl.humanatlas.io/graph/hra-pop
HGNC:21689,FIS1,FIS1,biolink:Gene,https://purl.humanatlas.io/graph/hra-pop
HGNC:21695,SCIN,SCIN,biolink:Gene,https://purl.humanatlas.io/graph/hra-pop
HGNC:217,ADAMTS1,ADAMTS1,biolink:Gene,https://purl.humanatlas.io/graph/hra-pop
HGNC:21701,BRAT1,BRAT1,biolink:Gene,https://purl.humanatlas.io/graph/hra-pop
HGNC:21704,LRRC61,LRRC61,biolink:Gene,https://purl.humanatlas.io/graph/hra-pop
HGNC:21709,TMUB1,TMUB1,biolink:Gene,https://purl.humanatlas.io/graph/hra-pop
HGNC:2171,CNTN1,CNTN1,biolink:Gene,https://purl.humanatlas.io/graph/hra-pop
HGNC:21710,TBC1D9,TBC1D9,biolink:Gene,https://purl.humanatlas.io/graph/hra-pop
HGNC:21711,ZNF804A,ZNF804A,biolink:Gene,https://purl.humanatlas.io/graph/hra-pop
HGNC:21726,ARHGEF17,ARHGEF17,biolink:Gene,https://purl.humanatlas.io/graph/hra-pop
HGNC:21728,IRF2BP1,IRF2BP1,biolink:Gene,https://purl.humanatlas.io/graph/hra-pop
HGNC:2173,CNTN3,CNTN3,biolink:Gene,https://purl.humanatlas.io/graph/hra-pop
HGNC:21731,PGAM4,PGAM4,biolink:Gene,https://purl.humanatlas.io/graph/hra-pop
HGNC:21732,ANTXR2,ANTXR2,biolink:Gene,https://purl.humanatlas.io/graph/hra-pop
HGNC:21734,LHX4,LHX4,biolink:Gene,https://purl.humanatlas.io/graph/hra-pop
HGNC:21735,LHX6,LHX6,biolink:Gene,https://purl.humanatlas.io/graph/hra-pop
HGNC:2174,CNTN4,CNTN4,biolink:Gene,https://purl.humanatlas.io/graph/hra-pop
HGNC:21745,CPEB2,CPEB2,biolink:Gene,https://purl.humanatlas.io/graph/hra-pop
HGNC:21746,CPEB3,CPEB3,biolink:Gene,https://purl.humanatlas.io/graph/hra-pop
HGNC:21747,CPEB4,CPEB4,biolink:Gene,https://purl.humanatlas.io/graph/hra-pop
HGNC:21748,SOSTDC1,SOSTDC1,biolink:Gene,https://purl.humanatlas.io/graph/hra-pop
HGNC:2175,CNTN5,CNTN5,biolink:Gene,https://purl.humanatlas.io/graph/hra-pop
HGNC:21751,KBTBD2,KBTBD2,biolink:Gene,https://purl.humanatlas.io/graph/hra-pop
HGNC:2176,CNTN6,CNTN6,biolink:Gene,https://purl.humanatlas.io/graph/hra-pop
HGNC:21792,GIMAP8,GIMAP8,biolink:Gene,https://purl.humanatlas.io/graph/hra-pop
HGNC:218,ADAMTS2,ADAMTS2,biolink:Gene,https://purl.humanatlas.io/graph/hra-pop
HGNC:21806,ZNF786,ZNF786,biolink:Gene,https://purl.humanatlas.io/graph/hra-pop
HGNC:2183,VPS13B,VPS13B,biolink:Gene,https://purl.humanatlas.io/graph/hra-pop
HGNC:21839,KPNA7,KPNA7,biolink:Gene,https://purl.humanatlas.io/graph/hra-pop
HGNC:2185,COL10A1,COL10A1,biolink:Gene,https://purl.humanatlas.io/graph/hra-pop
HGNC:2186,COL11A1,COL11A1,biolink:Gene,https://purl.humanatlas.io/graph/hra-pop
HGNC:21862,DYNC2I1,DYNC2I1,biolink:Gene,https://purl.humanatlas.io/graph/hra-pop
HGNC:21863,RBM28,RBM28,biolink:Gene,https://purl.humanatlas.io/graph/hra-pop
HGNC:21868,COA1,COA1,biolink:Gene,https://purl.humanatlas.io/graph/hra-pop
HGNC:21872,GIMAP4,GIMAP4,biolink:Gene,https://purl.humanatlas.io/graph/hra-pop
HGNC:21876,RINT1,RINT1,biolink:Gene,https://purl.humanatlas.io/graph/hra-pop
HGNC:2188,COL12A1,COL12A1,biolink:Gene,https://purl.humanatlas.io/graph/hra-pop
HGNC:21883,SNX25,SNX25,biolink:Gene,https://purl.humanatlas.io/graph/hra-pop
HGNC:21887,POU6F2-AS2,POU6F2-AS2,biolink:Gene,https://purl.humanatlas.io/graph/hra-pop
HGNC:21894,PRKRIP1,PRKRIP1,biolink:Gene,https://purl.humanatlas.io/graph/hra-pop
HGNC:21895,IFT22,IFT22,biolink:Gene,https://purl.humanatlas.io/graph/hra-pop
HGNC:21897,VWDE,VWDE,biolink:Gene,https://purl.humanatlas.io/graph/hra-pop
HGNC:21899,ATG9B,ATG9B,biolink:Gene,https://purl.humanatlas.io/graph/hra-pop
HGNC:219,ADAMTS3,ADAMTS3,biolink:Gene,https://purl.humanatlas.io/graph/hra-pop
HGNC:21904,NCAPG2,NCAPG2,biolink:Gene,https://purl.humanatlas.io/graph/hra-pop
HGNC:21906,CHCHD3,CHCHD3,biolink:Gene,https://purl.humanatlas.io/graph/hra-pop
HGNC:2191,COL14A1,COL14A1,biolink:Gene,https://purl.humanatlas.io/graph/hra-pop
HGNC:21915,HERPUD2,HERPUD2,biolink:Gene,https://purl.humanatlas.io/graph/hra-pop
HGNC:21916,MINDY4,MINDY4,biolink:Gene,https://purl.humanatlas.io/graph/hra-pop
HGNC:21918,GIMAP6,GIMAP6,biolink:Gene,https://purl.humanatlas.io/graph/hra-pop
HGNC:21919,PARP12,PARP12,biolink:Gene,https://purl.humanatlas.io/graph/hra-pop
HGNC:21923,STEAP4,STEAP4,biolink:Gene,https://purl.humanatlas.io/graph/hra-pop
HGNC:2193,COL16A1,COL16A1,biolink:Gene,https://purl.humanatlas.io/graph/hra-pop
HGNC:21945,ELAPOR2,ELAPOR2,biolink:Gene,https://purl.humanatlas.io/graph/hra-pop
HGNC:2195,COL18A1,COL18A1,biolink:Gene,https://purl.humanatlas.io/graph/hra-pop
HGNC:21957,KCTD7,KCTD7,biolink:Gene,https://purl.humanatlas.io/graph/hra-pop
HGNC:21958,ZNF804B,ZNF804B,biolink:Gene,https://purl.humanatlas.io/graph/hra-pop
HGNC:2196,COL19A1,COL19A1,biolink:Gene,https://purl.humanatlas.io/graph/hra-pop
HGNC:21964,LRGUK,LRGUK,biolink:Gene,https://purl.humanatlas.io/graph/hra-pop
HGNC:2197,COL1A1,COL1A1,biolink:Gene,https://purl.humanatlas.io/graph/hra-pop
HGNC:2198,COL1A2,COL1A2,biolink:Gene,https://purl.humanatlas.io/graph/hra-pop
HGNC:2200,COL2A1,COL2A1,biolink:Gene,https://purl.humanatlas.io/graph/hra-pop
HGNC:22004,WIPF3,WIPF3,biolink:Gene,https://purl.humanatlas.io/graph/hra-pop
HGNC:2201,COL3A1,COL3A1,biolink:Gene,https://purl.humanatlas.io/graph/hra-pop
HGNC:2202,COL4A1,COL4A1,biolink:Gene,https://purl.humanatlas.io/graph/hra-pop
HGNC:2203,COL4A2,COL4A2,biolink:Gene,https://purl.humanatlas.io/graph/hra-pop
HGNC:2204,COL4A3,COL4A3,biolink:Gene,https://purl.humanatlas.io/graph/hra-pop
HGNC:22042,ARL10,ARL10,biolink:Gene,https://purl.humanatlas.io/graph/hra-pop
HGNC:2205,CERT1,CERT1,biolink:Gene,https://purl.humanatlas.io/graph/hra-pop
HGNC:22058,TMEM139,TMEM139,biolink:Gene,https://purl.humanatlas.io/graph/hra-pop
HGNC:2206,COL4A4,COL4A4,biolink:Gene,https://purl.humanatlas.io/graph/hra-pop
HGNC:2207,COL4A5,COL4A5,biolink:Gene,https://purl.humanatlas.io/graph/hra-pop
HGNC:22082,VMA21,VMA21,biolink:Gene,https://purl.humanatlas.io/graph/hra-pop
HGNC:2209,COL5A1,COL5A1,biolink:Gene,https://purl.humanatlas.io/graph/hra-pop
HGNC:2210,COL5A2,COL5A2,biolink:Gene,https://purl.humanatlas.io/graph/hra-pop
HGNC:2211,COL6A1,COL6A1,biolink:Gene,https://purl.humanatlas.io/graph/hra-pop
HGNC:2212,COL6A2,COL6A2,biolink:Gene,https://purl.humanatlas.io/graph/hra-pop
HGNC:22128,NPSR1-AS1,NPSR1-AS1,biolink:Gene,https://purl.humanatlas.io/graph/hra-pop
HGNC:2213,COL6A3,COL6A3,biolink:Gene,https://purl.humanatlas.io/graph/hra-pop
HGNC:2214,COL7A1,COL7A1,biolink:Gene,https://purl.humanatlas.io/graph/hra-pop
HGNC:22140,FAM20C,FAM20C,biolink:Gene,https://purl.humanatlas.io/graph/hra-pop
HGNC:2215,COL8A1,COL8A1,biolink:Gene,https://purl.humanatlas.io/graph/hra-pop
HGNC:2218,COL9A2,COL9A2,biolink:Gene,https://purl.humanatlas.io/graph/hra-pop
HGNC:2219,COL9A3,COL9A3,biolink:Gene,https://purl.humanatlas.io/graph/hra-pop
HGNC:22195,HECW1,HECW1,biolink:Gene,https://purl.humanatlas.io/graph/hra-pop
HGNC:22199,COBL,COBL,biolink:Gene,https://purl.humanatlas.io/graph/hra-pop
HGNC:222,ADAMTS6,ADAMTS6,biolink:Gene,https://purl.humanatlas.io/graph/hra-pop
HGNC:2220,COLEC10,COLEC10,biolink:Gene,https://purl.humanatlas.io/graph/hra-pop
HGNC:22203,PHF14,PHF14,biolink:Gene,https://purl.humanatlas.io/graph/hra-pop
HGNC:22204,AHCYL2,AHCYL2,biolink:Gene,https://purl.humanatlas.io/graph/hra-pop
HGNC:22206,MATCAP2,MATCAP2,biolink:Gene,https://purl.humanatlas.io/graph/hra-pop
HGNC:22207,THSD7A,THSD7A,biolink:Gene,https://purl.humanatlas.io/graph/hra-pop
HGNC:22208,NUDCD3,NUDCD3,biolink:Gene,https://purl.humanatlas.io/graph/hra-pop
HGNC:22209,STRIP2,STRIP2,biolink:Gene,https://purl.humanatlas.io/graph/hra-pop
HGNC:22210,ATXN7L1,ATXN7L1,biolink:Gene,https://purl.humanatlas.io/graph/hra-pop
HGNC:22211,ESYT2,ESYT2,biolink:Gene,https://purl.humanatlas.io/graph/hra-pop
HGNC:22212,DENND2A,DENND2A,biolink:Gene,https://purl.humanatlas.io/graph/hra-pop
HGNC:22214,TECPR1,TECPR1,biolink:Gene,https://purl.humanatlas.io/graph/hra-pop
HGNC:22215,ANKIB1,ANKIB1,biolink:Gene,https://purl.humanatlas.io/graph/hra-pop
HGNC:22219,KIAA1549,KIAA1549,biolink:Gene,https://purl.humanatlas.io/graph/hra-pop
HGNC:22222,TTYH3,TTYH3,biolink:Gene,https://purl.humanatlas.io/graph/hra-pop
HGNC:22223,EEPD1,EEPD1,biolink:Gene,https://purl.humanatlas.io/graph/hra-pop
HGNC:22226,RADIL,RADIL,biolink:Gene,https://purl.humanatlas.io/graph/hra-pop
HGNC:22234,KCTD13,KCTD13,biolink:Gene,https://purl.humanatlas.io/graph/hra-pop
HGNC:22235,KCTD6,KCTD6,biolink:Gene,https://purl.humanatlas.io/graph/hra-pop
HGNC:2228,COMT,COMT,biolink:Gene,https://purl.humanatlas.io/graph/hra-pop
HGNC:223,ADAMTS7,ADAMTS7,biolink:Gene,https://purl.humanatlas.io/graph/hra-pop
HGNC:2230,COPA,COPA,biolink:Gene,https://purl.humanatlas.io/graph/hra-pop
HGNC:2231,COPB1,COPB1,biolink:Gene,https://purl.humanatlas.io/graph/hra-pop
HGNC:22316,ZNRF2,ZNRF2,biolink:Gene,https://purl.humanatlas.io/graph/hra-pop
HGNC:2232,COPB2,COPB2,biolink:Gene,https://purl.humanatlas.io/graph/hra-pop
HGNC:22332,LINC00957,LINC00957,biolink:Gene,https://purl.humanatlas.io/graph/hra-pop
HGNC:2235,KLF6,KLF6,biolink:Gene,https://purl.humanatlas.io/graph/hra-pop
HGNC:2236,COPG1,COPG1,biolink:Gene,https://purl.humanatlas.io/graph/hra-pop
HGNC:2237,COPG2,COPG2,biolink:Gene,https://purl.humanatlas.io/graph/hra-pop
HGNC:2238,COPG2IT1,COPG2IT1,biolink:Gene,https://purl.humanatlas.io/graph/hra-pop
HGNC:2239,COPS3,COPS3,biolink:Gene,https://purl.humanatlas.io/graph/hra-pop
HGNC:22393,BRINP3,BRINP3,biolink:Gene,https://purl.humanatlas.io/graph/hra-pop
HGNC:22394,KCTD8,KCTD8,biolink:Gene,https://purl.humanatlas.io/graph/hra-pop
HGNC:22398,CCDC126,CCDC126,biolink:Gene,https://purl.humanatlas.io/graph/hra-pop
HGNC:22404,GIMAP7,GIMAP7,biolink:Gene,https://purl.humanatlas.io/graph/hra-pop
HGNC:22411,RNF148,RNF148,biolink:Gene,https://purl.humanatlas.io/graph/hra-pop
HGNC:2244,COQ7,COQ7,biolink:Gene,https://purl.humanatlas.io/graph/hra-pop
HGNC:22442,COL28A1,COL28A1,biolink:Gene,https://purl.humanatlas.io/graph/hra-pop
HGNC:225,ADAR,ADAR,biolink:Gene,https://purl.humanatlas.io/graph/hra-pop
HGNC:2252,CORO1A,CORO1A,biolink:Gene,https://purl.humanatlas.io/graph/hra-pop
HGNC:2254,CORO1C,CORO1C,biolink:Gene,https://purl.humanatlas.io/graph/hra-pop
HGNC:2256,CORO2B,CORO2B,biolink:Gene,https://purl.humanatlas.io/graph/hra-pop
HGNC:226,ADARB1,ADARB1,biolink:Gene,https://purl.humanatlas.io/graph/hra-pop
HGNC:2261,COX11,COX11,biolink:Gene,https://purl.humanatlas.io/graph/hra-pop
HGNC:2263,COX15,COX15,biolink:Gene,https://purl.humanatlas.io/graph/hra-pop
HGNC:22635,YBX1P2,YBX1P2,biolink:Gene,https://purl.humanatlas.io/graph/hra-pop
HGNC:2264,COX17,COX17,biolink:Gene,https://purl.humanatlas.io/graph/hra-pop
HGNC:2265,COX4I1,COX4I1,biolink:Gene,https://purl.humanatlas.io/graph/hra-pop
HGNC:2267,COX5A,COX5A,biolink:Gene,https://purl.humanatlas.io/graph/hra-pop
HGNC:2269,COX5B,COX5B,biolink:Gene,https://purl.humanatlas.io/graph/hra-pop
HGNC:227,ADARB2,ADARB2,biolink:Gene,https://purl.humanatlas.io/graph/hra-pop
HGNC:2277,COX6A1,COX6A1,biolink:Gene,https://purl.humanatlas.io/graph/hra-pop
HGNC:2279,COX6A2,COX6A2,biolink:Gene,https://purl.humanatlas.io/graph/hra-pop
HGNC:228,ADAT1,ADAT1,biolink:Gene,https://purl.humanatlas.io/graph/hra-pop
HGNC:2280,COX6B1,COX6B1,biolink:Gene,https://purl.humanatlas.io/graph/hra-pop
HGNC:22800,GNAT3,GNAT3,biolink:Gene,https://purl.humanatlas.io/graph/hra-pop
HGNC:2285,COX6C,COX6C,biolink:Gene,https://purl.humanatlas.io/graph/hra-pop
HGNC:2287,COX7A1,COX7A1,biolink:Gene,https://purl.humanatlas.io/graph/hra-pop
HGNC:2288,COX7A2,COX7A2,biolink:Gene,https://purl.humanatlas.io/graph/hra-pop
HGNC:2289,COX7A2L,COX7A2L,biolink:Gene,https://purl.humanatlas.io/graph/hra-pop
HGNC:2291,COX7B,COX7B,biolink:Gene,https://purl.humanatlas.io/graph/hra-pop
HGNC:2292,COX7C,COX7C,biolink:Gene,https://purl.humanatlas.io/graph/hra-pop
HGNC:2293,COX7CP1,COX7CP1,biolink:Gene,https://purl.humanatlas.io/graph/hra-pop
HGNC:22931,KLHL13,KLHL13,biolink:Gene,https://purl.humanatlas.io/graph/hra-pop
HGNC:22933,CASC2,CASC2,biolink:Gene,https://purl.humanatlas.io/graph/hra-pop
HGNC:22935,SYMPK,SYMPK,biolink:Gene,https://purl.humanatlas.io/graph/hra-pop
HGNC:22939,NLRP14,NLRP14,biolink:Gene,https://purl.humanatlas.io/graph/hra-pop
HGNC:2294,COX8A,COX8A,biolink:Gene,https://purl.humanatlas.io/graph/hra-pop
HGNC:22944,NLRP6,NLRP6,biolink:Gene,https://purl.humanatlas.io/graph/hra-pop
HGNC:22946,GALNT14,GALNT14,biolink:Gene,https://purl.humanatlas.io/graph/hra-pop
HGNC:2295,CP,CP,biolink:Gene,https://purl.humanatlas.io/graph/hra-pop
HGNC:22950,PREX2,PREX2,biolink:Gene,https://purl.humanatlas.io/graph/hra-pop
HGNC:22951,GPR155,GPR155,biolink:Gene,https://purl.humanatlas.io/graph/hra-pop
HGNC:22953,DEPTOR,DEPTOR,biolink:Gene,https://purl.humanatlas.io/graph/hra-pop
HGNC:22955,GAPDHP72,GAPDHP72,biolink:Gene,https://purl.humanatlas.io/graph/hra-pop
HGNC:22958,PDLIM7,PDLIM7,biolink:Gene,https://purl.humanatlas.io/graph/hra-pop
HGNC:2296,CPA1,CPA1,biolink:Gene,https://purl.humanatlas.io/graph/hra-pop
HGNC:22962,MED13L,MED13L,biolink:Gene,https://purl.humanatlas.io/graph/hra-pop
HGNC:22964,THRAP3,THRAP3,biolink:Gene,https://purl.humanatlas.io/graph/hra-pop
HGNC:22965,PEX26,PEX26,biolink:Gene,https://purl.humanatlas.io/graph/hra-pop
HGNC:22973,SBNO1,SBNO1,biolink:Gene,https://purl.humanatlas.io/graph/hra-pop
HGNC:22979,SLC10A3,SLC10A3,biolink:Gene,https://purl.humanatlas.io/graph/hra-pop
HGNC:2298,CPA3,CPA3,biolink:Gene,https://purl.humanatlas.io/graph/hra-pop
HGNC:22985,PSMA8,PSMA8,biolink:Gene,https://purl.humanatlas.io/graph/hra-pop
HGNC:22986,COL27A1,COL27A1,biolink:Gene,https://purl.humanatlas.io/graph/hra-pop
HGNC:2299,CPB1,CPB1,biolink:Gene,https://purl.humanatlas.io/graph/hra-pop
HGNC:22990,COL23A1,COL23A1,biolink:Gene,https://purl.humanatlas.io/graph/hra-pop
HGNC:22998,TMC4,TMC4,biolink:Gene,https://purl.humanatlas.io/graph/hra-pop
HGNC:22999,TMC5,TMC5,biolink:Gene,https://purl.humanatlas.io/graph/hra-pop
HGNC:2301,CPD,CPD,biolink:Gene,https://purl.humanatlas.io/graph/hra-pop
HGNC:23015,FAM20A,FAM20A,biolink:Gene,https://purl.humanatlas.io/graph/hra-pop
HGNC:23019,ZRSR2,ZRSR2,biolink:Gene,https://purl.humanatlas.io/graph/hra-pop
HGNC:23023,SAMD4A,SAMD4A,biolink:Gene,https://purl.humanatlas.io/graph/hra-pop
HGNC:23024,COMMD1,COMMD1,biolink:Gene,https://purl.humanatlas.io/graph/hra-pop
HGNC:23029,DPEP3,DPEP3,biolink:Gene,https://purl.humanatlas.io/graph/hra-pop
HGNC:2303,CPE,CPE,biolink:Gene,https://purl.humanatlas.io/graph/hra-pop
HGNC:23034,CNKSR3,CNKSR3,biolink:Gene,https://purl.humanatlas.io/graph/hra-pop
HGNC:23035,L3MBTL3,L3MBTL3,biolink:Gene,https://purl.humanatlas.io/graph/hra-pop
HGNC:23038,LMBRD1,LMBRD1,biolink:Gene,https://purl.humanatlas.io/graph/hra-pop
HGNC:23041,PDSS2,PDSS2,biolink:Gene,https://purl.humanatlas.io/graph/hra-pop
HGNC:23045,ARMC2,ARMC2,biolink:Gene,https://purl.humanatlas.io/graph/hra-pop
HGNC:23049,TM7SF3,TM7SF3,biolink:Gene,https://purl.humanatlas.io/graph/hra-pop
HGNC:23052,ARL5B,ARL5B,biolink:Gene,https://purl.humanatlas.io/graph/hra-pop
HGNC:23053,RTN4RL2,RTN4RL2,biolink:Gene,https://purl.humanatlas.io/graph/hra-pop
HGNC:23057,BRK1,BRK1,biolink:Gene,https://purl.humanatlas.io/graph/hra-pop
HGNC:23059,BCAN,BCAN,biolink:Gene,https://purl.humanatlas.io/graph/hra-pop
HGNC:23061,UPP2,UPP2,biolink:Gene,https://purl.humanatlas.io/graph/hra-pop
HGNC:23063,NUDT15,NUDT15,biolink:Gene,https://purl.humanatlas.io/graph/hra-pop
HGNC:23065,GSTO3P,GSTO3P,biolink:Gene,https://purl.humanatlas.io/graph/hra-pop
HGNC:23067,TRAPPC5,TRAPPC5,biolink:Gene,https://purl.humanatlas.io/graph/hra-pop
HGNC:23077,OTUB1,OTUB1,biolink:Gene,https://purl.humanatlas.io/graph/hra-pop
HGNC:23078,NRIP2,NRIP2,biolink:Gene,https://purl.humanatlas.io/graph/hra-pop
HGNC:23081,RHBDD1,RHBDD1,biolink:Gene,https://purl.humanatlas.io/graph/hra-pop
HGNC:23087,SLC43A2,SLC43A2,biolink:Gene,https://purl.humanatlas.io/graph/hra-pop
HGNC:23088,SLC10A7,SLC10A7,biolink:Gene,https://purl.humanatlas.io/graph/hra-pop
HGNC:23089,SLC13A5,SLC13A5,biolink:Gene,https://purl.humanatlas.io/graph/hra-pop
HGNC:2309,CPLX1,CPLX1,biolink:Gene,https://purl.humanatlas.io/graph/hra-pop
HGNC:23091,SLC5A11,SLC5A11,biolink:Gene,https://purl.humanatlas.io/graph/hra-pop
HGNC:23092,SLC7A13,SLC7A13,biolink:Gene,https://purl.humanatlas.io/graph/hra-pop
HGNC:23094,SLC16A12,SLC16A12,biolink:Gene,https://purl.humanatlas.io/graph/hra-pop
HGNC:23095,SLC22A17,SLC22A17,biolink:Gene,https://purl.humanatlas.io/graph/hra-pop
HGNC:2310,CPLX2,CPLX2,biolink:Gene,https://purl.humanatlas.io/graph/hra-pop
HGNC:23109,FAT4,FAT4,biolink:Gene,https://purl.humanatlas.io/graph/hra-pop
HGNC:2311,CPM,CPM,biolink:Gene,https://purl.humanatlas.io/graph/hra-pop
HGNC:23112,FAT3,FAT3,biolink:Gene,https://purl.humanatlas.io/graph/hra-pop
HGNC:23113,ELL3,ELL3,biolink:Gene,https://purl.humanatlas.io/graph/hra-pop
HGNC:23114,ELL,ELL,biolink:Gene,https://purl.humanatlas.io/graph/hra-pop
HGNC:23115,EAF2,EAF2,biolink:Gene,https://purl.humanatlas.io/graph/hra-pop
HGNC:23134,RN7SL2,RN7SL2,biolink:Gene,https://purl.humanatlas.io/graph/hra-pop
HGNC:23135,RN7SL3,RN7SL3,biolink:Gene,https://purl.humanatlas.io/graph/hra-pop
HGNC:23137,RNF149,RNF149,biolink:Gene,https://purl.humanatlas.io/graph/hra-pop
HGNC:23138,RNF150,RNF150,biolink:Gene,https://purl.humanatlas.io/graph/hra-pop
HGNC:2314,CPNE1,CPNE1,biolink:Gene,https://purl.humanatlas.io/graph/hra-pop
HGNC:23140,ANGPTL6,ANGPTL6,biolink:Gene,https://purl.humanatlas.io/graph/hra-pop
HGNC:23151,FERMT3,FERMT3,biolink:Gene,https://purl.humanatlas.io/graph/hra-pop
HGNC:23155,SLC5A10,SLC5A10,biolink:Gene,https://purl.humanatlas.io/graph/hra-pop
HGNC:23158,PNRC2,PNRC2,biolink:Gene,https://purl.humanatlas.io/graph/hra-pop
HGNC:2316,CPNE3,CPNE3,biolink:Gene,https://purl.humanatlas.io/graph/hra-pop
HGNC:23161,ALG8,ALG8,biolink:Gene,https://purl.humanatlas.io/graph/hra-pop
HGNC:23162,ALG10,ALG10,biolink:Gene,https://purl.humanatlas.io/graph/hra-pop
HGNC:23168,FANCM,FANCM,biolink:Gene,https://purl.humanatlas.io/graph/hra-pop
HGNC:23169,RTRAF,RTRAF,biolink:Gene,https://purl.humanatlas.io/graph/hra-pop
HGNC:23172,MYCT1,MYCT1,biolink:Gene,https://purl.humanatlas.io/graph/hra-pop
HGNC:23174,PODN,PODN,biolink:Gene,https://purl.humanatlas.io/graph/hra-pop
HGNC:23175,DHRS4-AS1,DHRS4-AS1,biolink:Gene,https://purl.humanatlas.io/graph/hra-pop
HGNC:23176,ISM2,ISM2,biolink:Gene,https://purl.humanatlas.io/graph/hra-pop
HGNC:23181,RASA4,RASA4,biolink:Gene,https://purl.humanatlas.io/graph/hra-pop
HGNC:23186,CLINT1,CLINT1,biolink:Gene,https://purl.humanatlas.io/graph/hra-pop
HGNC:23190,THAP7,THAP7,biolink:Gene,https://purl.humanatlas.io/graph/hra-pop
HGNC:23194,THAP11,THAP11,biolink:Gene,https://purl.humanatlas.io/graph/hra-pop
HGNC:23196,EXOC6,EXOC6,biolink:Gene,https://purl.humanatlas.io/graph/hra-pop
HGNC:23198,CYP4V2,CYP4V2,biolink:Gene,https://purl.humanatlas.io/graph/hra-pop
HGNC:232,ADCY1,ADCY1,biolink:Gene,https://purl.humanatlas.io/graph/hra-pop
HGNC:23203,RALGAPA1P1,RALGAPA1P1,biolink:Gene,https://purl.humanatlas.io/graph/hra-pop
HGNC:23204,KIRREL3,KIRREL3,biolink:Gene,https://purl.humanatlas.io/graph/hra-pop
HGNC:23206,LUZP2,LUZP2,biolink:Gene,https://purl.humanatlas.io/graph/hra-pop
HGNC:23214,EXOC7,EXOC7,biolink:Gene,https://purl.humanatlas.io/graph/hra-pop
HGNC:23218,GCC2,GCC2,biolink:Gene,https://purl.humanatlas.io/graph/hra-pop
HGNC:23219,NAALADL2,NAALADL2,biolink:Gene,https://purl.humanatlas.io/graph/hra-pop
HGNC:2322,CPP,CPP,biolink:Gene,https://purl.humanatlas.io/graph/hra-pop
HGNC:23222,SPATA13,SPATA13,biolink:Gene,https://purl.humanatlas.io/graph/hra-pop
HGNC:23225,SPAG16,SPAG16,biolink:Gene,https://purl.humanatlas.io/graph/hra-pop
HGNC:23228,CPAMD8,CPAMD8,biolink:Gene,https://purl.humanatlas.io/graph/hra-pop
HGNC:23231,SERINC2,SERINC2,biolink:Gene,https://purl.humanatlas.io/graph/hra-pop
HGNC:23233,GALNT16,GALNT16,biolink:Gene,https://purl.humanatlas.io/graph/hra-pop
HGNC:23237,GIMAP1,GIMAP1,biolink:Gene,https://purl.humanatlas.io/graph/hra-pop
HGNC:2324,CPSF1,CPSF1,biolink:Gene,https://purl.humanatlas.io/graph/hra-pop
HGNC:23242,GALNT13,GALNT13,biolink:Gene,https://purl.humanatlas.io/graph/hra-pop
HGNC:23244,RBM25,RBM25,biolink:Gene,https://purl.humanatlas.io/graph/hra-pop
HGNC:23247,DNAL1,DNAL1,biolink:Gene,https://purl.humanatlas.io/graph/hra-pop
HGNC:2325,CPSF2,CPSF2,biolink:Gene,https://purl.humanatlas.io/graph/hra-pop
HGNC:23261,CCDC73,CCDC73,biolink:Gene,https://purl.humanatlas.io/graph/hra-pop
HGNC:23271,RGS7BP,RGS7BP,biolink:Gene,https://purl.humanatlas.io/graph/hra-pop
HGNC:2328,CPT1A,CPT1A,biolink:Gene,https://purl.humanatlas.io/graph/hra-pop
HGNC:23282,MUC20,MUC20,biolink:Gene,https://purl.humanatlas.io/graph/hra-pop
HGNC:23287,ETHE1,ETHE1,biolink:Gene,https://purl.humanatlas.io/graph/hra-pop
HGNC:23292,NANOS2,NANOS2,biolink:Gene,https://purl.humanatlas.io/graph/hra-pop
HGNC:23298,TSPAN15,TSPAN15,biolink:Gene,https://purl.humanatlas.io/graph/hra-pop
HGNC:23301,PBLD,PBLD,biolink:Gene,https://purl.humanatlas.io/graph/hra-pop
HGNC:23302,HKDC1,HKDC1,biolink:Gene,https://purl.humanatlas.io/graph/hra-pop
HGNC:23303,TSPAN14,TSPAN14,biolink:Gene,https://purl.humanatlas.io/graph/hra-pop
HGNC:23304,PRAP1,PRAP1,biolink:Gene,https://purl.humanatlas.io/graph/hra-pop
HGNC:23317,ST8SIA6,ST8SIA6,biolink:Gene,https://purl.humanatlas.io/graph/hra-pop
HGNC:23319,NTNG1,NTNG1,biolink:Gene,https://purl.humanatlas.io/graph/hra-pop
HGNC:23323,SLC25A51,SLC25A51,biolink:Gene,https://purl.humanatlas.io/graph/hra-pop
HGNC:23328,ZFP1,ZFP1,biolink:Gene,https://purl.humanatlas.io/graph/hra-pop
HGNC:23329,ZFP90,ZFP90,biolink:Gene,https://purl.humanatlas.io/graph/hra-pop
HGNC:23332,COMMD3,COMMD3,biolink:Gene,https://purl.humanatlas.io/graph/hra-pop
HGNC:23333,PRTFDC1,PRTFDC1,biolink:Gene,https://purl.humanatlas.io/graph/hra-pop
HGNC:23337,ACBD4,ACBD4,biolink:Gene,https://purl.humanatlas.io/graph/hra-pop
HGNC:23338,ACBD5,ACBD5,biolink:Gene,https://purl.humanatlas.io/graph/hra-pop
HGNC:2334,CR1,CR1,biolink:Gene,https://purl.humanatlas.io/graph/hra-pop
HGNC:23352,PIBF1,PIBF1,biolink:Gene,https://purl.humanatlas.io/graph/hra-pop
HGNC:23354,CCNY,CCNY,biolink:Gene,https://purl.humanatlas.io/graph/hra-pop
HGNC:23355,DEPP1,DEPP1,biolink:Gene,https://purl.humanatlas.io/graph/hra-pop
HGNC:23357,MCTS1,MCTS1,biolink:Gene,https://purl.humanatlas.io/graph/hra-pop
HGNC:23360,CCAR2,CCAR2,biolink:Gene,https://purl.humanatlas.io/graph/hra-pop
HGNC:23362,C16orf74,C16orf74,biolink:Gene,https://purl.humanatlas.io/graph/hra-pop
HGNC:23366,ARPC5L,ARPC5L,biolink:Gene,https://purl.humanatlas.io/graph/hra-pop
HGNC:23368,MVB12B,MVB12B,biolink:Gene,https://purl.humanatlas.io/graph/hra-pop
HGNC:23372,GSN-AS1,GSN-AS1,biolink:Gene,https://purl.humanatlas.io/graph/hra-pop
HGNC:23375,GAPVD1,GAPVD1,biolink:Gene,https://purl.humanatlas.io/graph/hra-pop
HGNC:23376,MFSD14B,MFSD14B,biolink:Gene,https://purl.humanatlas.io/graph/hra-pop
HGNC:23377,FOCAD,FOCAD,biolink:Gene,https://purl.humanatlas.io/graph/hra-pop
HGNC:2338,CRABP1,CRABP1,biolink:Gene,https://purl.humanatlas.io/graph/hra-pop
HGNC:23383,ZBTB26,ZBTB26,biolink:Gene,https://purl.humanatlas.io/graph/hra-pop
HGNC:23384,ZNF483,ZNF483,biolink:Gene,https://purl.humanatlas.io/graph/hra-pop
HGNC:23386,MYCBP2,MYCBP2,biolink:Gene,https://purl.humanatlas.io/graph/hra-pop
HGNC:23387,NOL8,NOL8,biolink:Gene,https://purl.humanatlas.io/graph/hra-pop
HGNC:2339,CRABP2,CRABP2,biolink:Gene,https://purl.humanatlas.io/graph/hra-pop
HGNC:23392,CARM1P1,CARM1P1,biolink:Gene,https://purl.humanatlas.io/graph/hra-pop
HGNC:23393,CARM1,CARM1,biolink:Gene,https://purl.humanatlas.io/graph/hra-pop
HGNC:23396,PHYHD1,PHYHD1,biolink:Gene,https://purl.humanatlas.io/graph/hra-pop
HGNC:23399,FREM1,FREM1,biolink:Gene,https://purl.humanatlas.io/graph/hra-pop
HGNC:234,ADCY3,ADCY3,biolink:Gene,https://purl.humanatlas.io/graph/hra-pop
HGNC:2340,CRADD,CRADD,biolink:Gene,https://purl.humanatlas.io/graph/hra-pop
HGNC:23400,SEC11C,SEC11C,biolink:Gene,https://purl.humanatlas.io/graph/hra-pop
HGNC:23401,SPCS1,SPCS1,biolink:Gene,https://purl.humanatlas.io/graph/hra-pop
HGNC:23405,LRMDA,LRMDA,biolink:Gene,https://purl.humanatlas.io/graph/hra-pop
HGNC:23408,ECHDC2,ECHDC2,biolink:Gene,https://purl.humanatlas.io/graph/hra-pop
HGNC:23409,ENPP6,ENPP6,biolink:Gene,https://purl.humanatlas.io/graph/hra-pop
HGNC:23410,TMBIM1,TMBIM1,biolink:Gene,https://purl.humanatlas.io/graph/hra-pop
HGNC:23411,RPS26P3,RPS26P3,biolink:Gene,https://purl.humanatlas.io/graph/hra-pop
HGNC:23414,WASHC2C,WASHC2C,biolink:Gene,https://purl.humanatlas.io/graph/hra-pop
HGNC:23416,WASHC2A,WASHC2A,biolink:Gene,https://purl.humanatlas.io/graph/hra-pop
HGNC:23427,KIAA1958,KIAA1958,biolink:Gene,https://purl.humanatlas.io/graph/hra-pop
HGNC:23429,MEIG1,MEIG1,biolink:Gene,https://purl.humanatlas.io/graph/hra-pop
HGNC:23432,CNTLN,CNTLN,biolink:Gene,https://purl.humanatlas.io/graph/hra-pop
HGNC:23438,NUTM2A,NUTM2A,biolink:Gene,https://purl.humanatlas.io/graph/hra-pop
HGNC:23445,NUTM2B,NUTM2B,biolink:Gene,https://purl.humanatlas.io/graph/hra-pop
HGNC:2345,CREB1,CREB1,biolink:Gene,https://purl.humanatlas.io/graph/hra-pop
HGNC:23450,NUTM2F,NUTM2F,biolink:Gene,https://purl.humanatlas.io/graph/hra-pop
HGNC:23463,AGAP9,AGAP9,biolink:Gene,https://purl.humanatlas.io/graph/hra-pop
HGNC:23472,SLC25A28,SLC25A28,biolink:Gene,https://purl.humanatlas.io/graph/hra-pop
HGNC:23475,FAM24B,FAM24B,biolink:Gene,https://purl.humanatlas.io/graph/hra-pop
HGNC:23476,DOCK5,DOCK5,biolink:Gene,https://purl.humanatlas.io/graph/hra-pop
HGNC:23479,DOCK10,DOCK10,biolink:Gene,https://purl.humanatlas.io/graph/hra-pop
HGNC:2348,CREBBP,CREBBP,biolink:Gene,https://purl.humanatlas.io/graph/hra-pop
HGNC:23480,FOXK1,FOXK1,biolink:Gene,https://purl.humanatlas.io/graph/hra-pop
HGNC:23483,DOCK11,DOCK11,biolink:Gene,https://purl.humanatlas.io/graph/hra-pop
HGNC:23484,TASOR2,TASOR2,biolink:Gene,https://purl.humanatlas.io/graph/hra-pop
HGNC:23489,ECHDC3,ECHDC3,biolink:Gene,https://purl.humanatlas.io/graph/hra-pop
HGNC:23495,CCNYL2,CCNYL2,biolink:Gene,https://purl.humanatlas.io/graph/hra-pop
HGNC:23498,CPNE8,CPNE8,biolink:Gene,https://purl.humanatlas.io/graph/hra-pop
HGNC:235,ADCY4,ADCY4,biolink:Gene,https://purl.humanatlas.io/graph/hra-pop
HGNC:23502,SLITRK4,SLITRK4,biolink:Gene,https://purl.humanatlas.io/graph/hra-pop
HGNC:23505,BMS1,BMS1,biolink:Gene,https://purl.humanatlas.io/graph/hra-pop
HGNC:23506,ADO,ADO,biolink:Gene,https://purl.humanatlas.io/graph/hra-pop
HGNC:2351,CREG1,CREG1,biolink:Gene,https://purl.humanatlas.io/graph/hra-pop
HGNC:23513,USP54,USP54,biolink:Gene,https://purl.humanatlas.io/graph/hra-pop
HGNC:2352,CREM,CREM,biolink:Gene,https://purl.humanatlas.io/graph/hra-pop
HGNC:23520,SLC16A9,SLC16A9,biolink:Gene,https://purl.humanatlas.io/graph/hra-pop
HGNC:23522,FAM171A1,FAM171A1,biolink:Gene,https://purl.humanatlas.io/graph/hra-pop
HGNC:23523,JAKMIP3,JAKMIP3,biolink:Gene,https://purl.humanatlas.io/graph/hra-pop
HGNC:23526,MCU,MCU,biolink:Gene,https://purl.humanatlas.io/graph/hra-pop
HGNC:23527,FANK1,FANK1,biolink:Gene,https://purl.humanatlas.io/graph/hra-pop
HGNC:23528,ZSWIM8,ZSWIM8,biolink:Gene,https://purl.humanatlas.io/graph/hra-pop
HGNC:23530,PALD1,PALD1,biolink:Gene,https://purl.humanatlas.io/graph/hra-pop
HGNC:23531,PLPP4,PLPP4,biolink:Gene,https://purl.humanatlas.io/graph/hra-pop
HGNC:23536,NAALADL1,NAALADL1,biolink:Gene,https://purl.humanatlas.io/graph/hra-pop
HGNC:23537,DHTKD1,DHTKD1,biolink:Gene,https://purl.humanatlas.io/graph/hra-pop
HGNC:23546,RPL31P4,RPL31P4,biolink:Gene,https://purl.humanatlas.io/graph/hra-pop
HGNC:2355,CRH,CRH,biolink:Gene,https://purl.humanatlas.io/graph/hra-pop
HGNC:23555,RPL9P3,RPL9P3,biolink:Gene,https://purl.humanatlas.io/graph/hra-pop
HGNC:2356,CRHBP,CRHBP,biolink:Gene,https://purl.humanatlas.io/graph/hra-pop
HGNC:23569,LINC00475,LINC00475,biolink:Gene,https://purl.humanatlas.io/graph/hra-pop
HGNC:23571,COBLL1,COBLL1,biolink:Gene,https://purl.humanatlas.io/graph/hra-pop
HGNC:23572,MORC3,MORC3,biolink:Gene,https://purl.humanatlas.io/graph/hra-pop
HGNC:23574,ZCWPW2,ZCWPW2,biolink:Gene,https://purl.humanatlas.io/graph/hra-pop
HGNC:23575,ANKRD17,ANKRD17,biolink:Gene,https://purl.humanatlas.io/graph/hra-pop
HGNC:23576,HOOK3,HOOK3,biolink:Gene,https://purl.humanatlas.io/graph/hra-pop
HGNC:23581,TIMM23B,TIMM23B,biolink:Gene,https://purl.humanatlas.io/graph/hra-pop
HGNC:23589,ZNF503,ZNF503,biolink:Gene,https://purl.humanatlas.io/graph/hra-pop
HGNC:2359,CRIM1,CRIM1,biolink:Gene,https://purl.humanatlas.io/graph/hra-pop
HGNC:23592,ARL9,ARL9,biolink:Gene,https://purl.humanatlas.io/graph/hra-pop
HGNC:23594,VPS13C,VPS13C,biolink:Gene,https://purl.humanatlas.io/graph/hra-pop
HGNC:23595,VPS13D,VPS13D,biolink:Gene,https://purl.humanatlas.io/graph/hra-pop
HGNC:236,ADCY5,ADCY5,biolink:Gene,https://purl.humanatlas.io/graph/hra-pop
HGNC:2360,CRIP1,CRIP1,biolink:Gene,https://purl.humanatlas.io/graph/hra-pop
HGNC:2361,CRIP2,CRIP2,biolink:Gene,https://purl.humanatlas.io/graph/hra-pop
HGNC:23612,SLCO4C1,SLCO4C1,biolink:Gene,https://purl.humanatlas.io/graph/hra-pop
HGNC:23614,ST6GALNAC1,ST6GALNAC1,biolink:Gene,https://purl.humanatlas.io/graph/hra-pop
HGNC:23616,SLC35F3,SLC35F3,biolink:Gene,https://purl.humanatlas.io/graph/hra-pop
HGNC:23617,SLC35F5,SLC35F5,biolink:Gene,https://purl.humanatlas.io/graph/hra-pop
HGNC:23619,NIPSNAP3A,NIPSNAP3A,biolink:Gene,https://purl.humanatlas.io/graph/hra-pop
HGNC:2362,CRK,CRK,biolink:Gene,https://purl.humanatlas.io/graph/hra-pop
HGNC:23627,GPR149,GPR149,biolink:Gene,https://purl.humanatlas.io/graph/hra-pop
HGNC:2363,CRKL,CRKL,biolink:Gene,https://purl.humanatlas.io/graph/hra-pop
HGNC:23639,SKIC3,SKIC3,biolink:Gene,https://purl.humanatlas.io/graph/hra-pop
HGNC:2364,CRLF1,CRLF1,biolink:Gene,https://purl.humanatlas.io/graph/hra-pop
HGNC:23649,BMS1P1,BMS1P1,biolink:Gene,https://purl.humanatlas.io/graph/hra-pop
HGNC:2365,CRMP1,CRMP1,biolink:Gene,https://purl.humanatlas.io/graph/hra-pop
HGNC:23658,DELEC1,DELEC1,biolink:Gene,https://purl.humanatlas.io/graph/hra-pop
HGNC:23664,SH3PXD2A,SH3PXD2A,biolink:Gene,https://purl.humanatlas.io/graph/hra-pop
HGNC:23666,ANKRD20A8P,ANKRD20A8P,biolink:Gene,https://purl.humanatlas.io/graph/hra-pop
HGNC:23672,MFSD14CP,MFSD14CP,biolink:Gene,https://purl.humanatlas.io/graph/hra-pop
HGNC:23673,MAMDC2,MAMDC2,biolink:Gene,https://purl.humanatlas.io/graph/hra-pop
HGNC:23675,ACER2,ACER2,biolink:Gene,https://purl.humanatlas.io/graph/hra-pop
HGNC:23677,C9orf50,C9orf50,biolink:Gene,https://purl.humanatlas.io/graph/hra-pop
HGNC:23679,IER5L,IER5L,biolink:Gene,https://purl.humanatlas.io/graph/hra-pop
HGNC:23684,RPS10P3,RPS10P3,biolink:Gene,https://purl.humanatlas.io/graph/hra-pop
HGNC:23692,ACKR3,ACKR3,biolink:Gene,https://purl.humanatlas.io/graph/hra-pop
HGNC:23693,GPR160,GPR160,biolink:Gene,https://purl.humanatlas.io/graph/hra-pop
HGNC:23695,DIXDC1,DIXDC1,biolink:Gene,https://purl.humanatlas.io/graph/hra-pop
HGNC:23697,PHLDB1,PHLDB1,biolink:Gene,https://purl.humanatlas.io/graph/hra-pop
HGNC:23698,FMNL3,FMNL3,biolink:Gene,https://purl.humanatlas.io/graph/hra-pop
HGNC:2370,MED14,MED14,biolink:Gene,https://purl.humanatlas.io/graph/hra-pop
HGNC:23703,ERMP1,ERMP1,biolink:Gene,https://purl.humanatlas.io/graph/hra-pop
HGNC:23710,ZSCAN5A,ZSCAN5A,biolink:Gene,https://purl.humanatlas.io/graph/hra-pop
HGNC:23711,REEP3,REEP3,biolink:Gene,https://purl.humanatlas.io/graph/hra-pop
HGNC:2372,MED23,MED23,biolink:Gene,https://purl.humanatlas.io/graph/hra-pop
HGNC:23720,CREB3L2,CREB3L2,biolink:Gene,https://purl.humanatlas.io/graph/hra-pop
HGNC:23721,ZC3HAV1,ZC3HAV1,biolink:Gene,https://purl.humanatlas.io/graph/hra-pop
HGNC:23724,ARHGAP19,ARHGAP19,biolink:Gene,https://purl.humanatlas.io/graph/hra-pop
HGNC:23726,FAM107B,FAM107B,biolink:Gene,https://purl.humanatlas.io/graph/hra-pop
HGNC:23727,CACUL1,CACUL1,biolink:Gene,https://purl.humanatlas.io/graph/hra-pop
HGNC:23728,PROSER2,PROSER2,biolink:Gene,https://purl.humanatlas.io/graph/hra-pop
HGNC:23732,PPP2R2D,PPP2R2D,biolink:Gene,https://purl.humanatlas.io/graph/hra-pop
HGNC:23736,RPL13AP5,RPL13AP5,biolink:Gene,https://purl.humanatlas.io/graph/hra-pop
HGNC:23744,RPS3AP5,RPS3AP5,biolink:Gene,https://purl.humanatlas.io/graph/hra-pop
HGNC:23747,CERS4,CERS4,biolink:Gene,https://purl.humanatlas.io/graph/hra-pop
HGNC:23749,CERS5,CERS5,biolink:Gene,https://purl.humanatlas.io/graph/hra-pop
HGNC:23755,RPL13AP7,RPL13AP7,biolink:Gene,https://purl.humanatlas.io/graph/hra-pop
HGNC:23759,ABHD8,ABHD8,biolink:Gene,https://purl.humanatlas.io/graph/hra-pop
HGNC:2376,MED26,MED26,biolink:Gene,https://purl.humanatlas.io/graph/hra-pop
HGNC:2378,MED7,MED7,biolink:Gene,https://purl.humanatlas.io/graph/hra-pop
HGNC:23780,ZNF506,ZNF506,biolink:Gene,https://purl.humanatlas.io/graph/hra-pop
HGNC:23782,POLDIP3,POLDIP3,biolink:Gene,https://purl.humanatlas.io/graph/hra-pop
HGNC:23784,MTA3,MTA3,biolink:Gene,https://purl.humanatlas.io/graph/hra-pop
HGNC:23786,PIP4K2C,PIP4K2C,biolink:Gene,https://purl.humanatlas.io/graph/hra-pop
HGNC:2379,CRTAP,CRTAP,biolink:Gene,https://purl.humanatlas.io/graph/hra-pop
HGNC:23790,TRMT61A,TRMT61A,biolink:Gene,https://purl.humanatlas.io/graph/hra-pop
HGNC:23791,INF2,INF2,biolink:Gene,https://purl.humanatlas.io/graph/hra-pop
HGNC:23792,PLD4,PLD4,biolink:Gene,https://purl.humanatlas.io/graph/hra-pop
HGNC:23794,PACS2,PACS2,biolink:Gene,https://purl.humanatlas.io/graph/hra-pop
HGNC:23797,QTRT1,QTRT1,biolink:Gene,https://purl.humanatlas.io/graph/hra-pop
HGNC:238,ADCY7,ADCY7,biolink:Gene,https://purl.humanatlas.io/graph/hra-pop
HGNC:2380,HAPLN1,HAPLN1,biolink:Gene,https://purl.humanatlas.io/graph/hra-pop
HGNC:23800,SIPA1L2,SIPA1L2,biolink:Gene,https://purl.humanatlas.io/graph/hra-pop
HGNC:23801,SIPA1L3,SIPA1L3,biolink:Gene,https://purl.humanatlas.io/graph/hra-pop
HGNC:23804,RASL11B,RASL11B,biolink:Gene,https://purl.humanatlas.io/graph/hra-pop
HGNC:23813,CCDC3,CCDC3,biolink:Gene,https://purl.humanatlas.io/graph/hra-pop
HGNC:23820,E2F7,E2F7,biolink:Gene,https://purl.humanatlas.io/graph/hra-pop
HGNC:23826,CERS6,CERS6,biolink:Gene,https://purl.humanatlas.io/graph/hra-pop
HGNC:23837,ANO4,ANO4,biolink:Gene,https://purl.humanatlas.io/graph/hra-pop
HGNC:23841,GRIP2,GRIP2,biolink:Gene,https://purl.humanatlas.io/graph/hra-pop
HGNC:23842,ABTB2,ABTB2,biolink:Gene,https://purl.humanatlas.io/graph/hra-pop
HGNC:23843,GMCL1,GMCL1,biolink:Gene,https://purl.humanatlas.io/graph/hra-pop
HGNC:23844,ABTB3,ABTB3,biolink:Gene,https://purl.humanatlas.io/graph/hra-pop
HGNC:2389,CRYAB,CRYAB,biolink:Gene,https://purl.humanatlas.io/graph/hra-pop
HGNC:239,ADCY8,ADCY8,biolink:Gene,https://purl.humanatlas.io/graph/hra-pop
HGNC:23925,CTIF,CTIF,biolink:Gene,https://purl.humanatlas.io/graph/hra-pop
HGNC:2398,CRYBB2,CRYBB2,biolink:Gene,https://purl.humanatlas.io/graph/hra-pop
HGNC:23987,NDUFA12,NDUFA12,biolink:Gene,https://purl.humanatlas.io/graph/hra-pop
HGNC:23989,ACCS,ACCS,biolink:Gene,https://purl.humanatlas.io/graph/hra-pop
HGNC:2399,CRYBB2P1,CRYBB2P1,biolink:Gene,https://purl.humanatlas.io/graph/hra-pop
HGNC:23992,RTP4,RTP4,biolink:Gene,https://purl.humanatlas.io/graph/hra-pop
HGNC:240,ADCY9,ADCY9,biolink:Gene,https://purl.humanatlas.io/graph/hra-pop
HGNC:2400,CRYBB3,CRYBB3,biolink:Gene,https://purl.humanatlas.io/graph/hra-pop
HGNC:24002,AZI2,AZI2,biolink:Gene,https://purl.humanatlas.io/graph/hra-pop
HGNC:24007,ATAD3B,ATAD3B,biolink:Gene,https://purl.humanatlas.io/graph/hra-pop
HGNC:24008,MIA3,MIA3,biolink:Gene,https://purl.humanatlas.io/graph/hra-pop
HGNC:24013,DNTTIP2,DNTTIP2,biolink:Gene,https://purl.humanatlas.io/graph/hra-pop
HGNC:24015,COMMD6,COMMD6,biolink:Gene,https://purl.humanatlas.io/graph/hra-pop
HGNC:24017,AFAP1,AFAP1,biolink:Gene,https://purl.humanatlas.io/graph/hra-pop
HGNC:24018,ACTL8,ACTL8,biolink:Gene,https://purl.humanatlas.io/graph/hra-pop
HGNC:24030,MIF4GD,MIF4GD,biolink:Gene,https://purl.humanatlas.io/graph/hra-pop
HGNC:24031,SPC25,SPC25,biolink:Gene,https://purl.humanatlas.io/graph/hra-pop
HGNC:24034,NOC3L,NOC3L,biolink:Gene,https://purl.humanatlas.io/graph/hra-pop
HGNC:24035,APPL1,APPL1,biolink:Gene,https://purl.humanatlas.io/graph/hra-pop
HGNC:24036,APC2,APC2,biolink:Gene,https://purl.humanatlas.io/graph/hra-pop
HGNC:24039,CLMP,CLMP,biolink:Gene,https://purl.humanatlas.io/graph/hra-pop
HGNC:24040,ADIPOR1,ADIPOR1,biolink:Gene,https://purl.humanatlas.io/graph/hra-pop
HGNC:24041,ADIPOR2,ADIPOR2,biolink:Gene,https://purl.humanatlas.io/graph/hra-pop
HGNC:24042,WWTR1,WWTR1,biolink:Gene,https://purl.humanatlas.io/graph/hra-pop
HGNC:24043,ADIRF,ADIRF,biolink:Gene,https://purl.humanatlas.io/graph/hra-pop
HGNC:24050,CREBRF,CREBRF,biolink:Gene,https://purl.humanatlas.io/graph/hra-pop
HGNC:24058,USHBP1,USHBP1,biolink:Gene,https://purl.humanatlas.io/graph/hra-pop
HGNC:24063,GALM,GALM,biolink:Gene,https://purl.humanatlas.io/graph/hra-pop
HGNC:24065,ARMCX3,ARMCX3,biolink:Gene,https://purl.humanatlas.io/graph/hra-pop
HGNC:24066,CCL4L2,CCL4L2,biolink:Gene,https://purl.humanatlas.io/graph/hra-pop
HGNC:24076,HEATR6,HEATR6,biolink:Gene,https://purl.humanatlas.io/graph/hra-pop
HGNC:24077,ANAPC10,ANAPC10,biolink:Gene,https://purl.humanatlas.io/graph/hra-pop
HGNC:24079,ANKRD36,ANKRD36,biolink:Gene,https://purl.humanatlas.io/graph/hra-pop
HGNC:24083,MAMDC4,MAMDC4,biolink:Gene,https://purl.humanatlas.io/graph/hra-pop
HGNC:24084,SHROOM1,SHROOM1,biolink:Gene,https://purl.humanatlas.io/graph/hra-pop
HGNC:24087,APOBR,APOBR,biolink:Gene,https://purl.humanatlas.io/graph/hra-pop
HGNC:24096,ARL17A,ARL17A,biolink:Gene,https://purl.humanatlas.io/graph/hra-pop
HGNC:24097,ARAP3,ARAP3,biolink:Gene,https://purl.humanatlas.io/graph/hra-pop
HGNC:24098,SORBS2,SORBS2,biolink:Gene,https://purl.humanatlas.io/graph/hra-pop
HGNC:24099,TMTC1,TMTC1,biolink:Gene,https://purl.humanatlas.io/graph/hra-pop
HGNC:241,ADCYAP1,ADCYAP1,biolink:Gene,https://purl.humanatlas.io/graph/hra-pop
HGNC:24103,ASCC2,ASCC2,biolink:Gene,https://purl.humanatlas.io/graph/hra-pop
HGNC:24104,ACY3,ACY3,biolink:Gene,https://purl.humanatlas.io/graph/hra-pop
HGNC:24105,STAMBPL1,STAMBPL1,biolink:Gene,https://purl.humanatlas.io/graph/hra-pop
HGNC:24108,AKNA,AKNA,biolink:Gene,https://purl.humanatlas.io/graph/hra-pop
HGNC:24113,ATP13A3,ATP13A3,biolink:Gene,https://purl.humanatlas.io/graph/hra-pop
HGNC:24114,AURKAIP1,AURKAIP1,biolink:Gene,https://purl.humanatlas.io/graph/hra-pop
HGNC:24116,RNASEH2C,RNASEH2C,biolink:Gene,https://purl.humanatlas.io/graph/hra-pop
HGNC:24118,PARP9,PARP9,biolink:Gene,https://purl.humanatlas.io/graph/hra-pop
HGNC:24119,SYT17,SYT17,biolink:Gene,https://purl.humanatlas.io/graph/hra-pop
HGNC:24121,MRO,MRO,biolink:Gene,https://purl.humanatlas.io/graph/hra-pop
HGNC:24124,ACTL6A,ACTL6A,biolink:Gene,https://purl.humanatlas.io/graph/hra-pop
HGNC:24125,FRMD3,FRMD3,biolink:Gene,https://purl.humanatlas.io/graph/hra-pop
HGNC:24126,ATOH8,ATOH8,biolink:Gene,https://purl.humanatlas.io/graph/hra-pop
HGNC:24130,NIBAN3,NIBAN3,biolink:Gene,https://purl.humanatlas.io/graph/hra-pop
HGNC:24131,BCAP29,BCAP29,biolink:Gene,https://purl.humanatlas.io/graph/hra-pop
HGNC:24133,STAP1,STAP1,biolink:Gene,https://purl.humanatlas.io/graph/hra-pop
HGNC:24134,ZCCHC14,ZCCHC14,biolink:Gene,https://purl.humanatlas.io/graph/hra-pop
HGNC:24136,B4GALNT2,B4GALNT2,biolink:Gene,https://purl.humanatlas.io/graph/hra-pop
HGNC:24137,B4GALNT3,B4GALNT3,biolink:Gene,https://purl.humanatlas.io/graph/hra-pop
HGNC:24142,TM2D1,TM2D1,biolink:Gene,https://purl.humanatlas.io/graph/hra-pop
HGNC:24143,TMEM54,TMEM54,biolink:Gene,https://purl.humanatlas.io/graph/hra-pop
HGNC:24148,WWC2,WWC2,biolink:Gene,https://purl.humanatlas.io/graph/hra-pop
HGNC:24149,HES4,HES4,biolink:Gene,https://purl.humanatlas.io/graph/hra-pop
HGNC:24152,RSRC1,RSRC1,biolink:Gene,https://purl.humanatlas.io/graph/hra-pop
HGNC:24154,BMPER,BMPER,biolink:Gene,https://purl.humanatlas.io/graph/hra-pop
HGNC:24156,PHF21A,PHF21A,biolink:Gene,https://purl.humanatlas.io/graph/hra-pop
HGNC:24158,SND1-IT1,SND1-IT1,biolink:Gene,https://purl.humanatlas.io/graph/hra-pop
HGNC:24159,FAM66D,FAM66D,biolink:Gene,https://purl.humanatlas.io/graph/hra-pop
HGNC:24162,TPPP3,TPPP3,biolink:Gene,https://purl.humanatlas.io/graph/hra-pop
HGNC:24164,TPPP,TPPP,biolink:Gene,https://purl.humanatlas.io/graph/hra-pop
HGNC:24165,ANKRD30B,ANKRD30B,biolink:Gene,https://purl.humanatlas.io/graph/hra-pop
HGNC:24166,LRATD2,LRATD2,biolink:Gene,https://purl.humanatlas.io/graph/hra-pop
HGNC:24168,CHRDL2,CHRDL2,biolink:Gene,https://purl.humanatlas.io/graph/hra-pop
HGNC:2417,CRYGS,CRYGS,biolink:Gene,https://purl.humanatlas.io/graph/hra-pop
HGNC:24172,ZBTB8A,ZBTB8A,biolink:Gene,https://purl.humanatlas.io/graph/hra-pop
HGNC:24175,HACD3,HACD3,biolink:Gene,https://purl.humanatlas.io/graph/hra-pop
HGNC:24176,BTNL9,BTNL9,biolink:Gene,https://purl.humanatlas.io/graph/hra-pop
HGNC:24178,GLYATL2,GLYATL2,biolink:Gene,https://purl.humanatlas.io/graph/hra-pop
HGNC:24182,C1QL1,C1QL1,biolink:Gene,https://purl.humanatlas.io/graph/hra-pop
HGNC:2419,CRYZ,CRYZ,biolink:Gene,https://purl.humanatlas.io/graph/hra-pop
HGNC:24190,CAMK2N1,CAMK2N1,biolink:Gene,https://purl.humanatlas.io/graph/hra-pop
HGNC:2420,CRYZL1,CRYZL1,biolink:Gene,https://purl.humanatlas.io/graph/hra-pop
HGNC:24203,OVCA2,OVCA2,biolink:Gene,https://purl.humanatlas.io/graph/hra-pop
HGNC:24219,POLR1G,POLR1G,biolink:Gene,https://purl.humanatlas.io/graph/hra-pop
HGNC:2422,CS,CS,biolink:Gene,https://purl.humanatlas.io/graph/hra-pop
HGNC:24224,CDK12,CDK12,biolink:Gene,https://purl.humanatlas.io/graph/hra-pop
HGNC:24225,LY6K,LY6K,biolink:Gene,https://purl.humanatlas.io/graph/hra-pop
HGNC:24226,IRX2-DT,IRX2-DT,biolink:Gene,https://purl.humanatlas.io/graph/hra-pop
HGNC:24227,CCPG1,CCPG1,biolink:Gene,https://purl.humanatlas.io/graph/hra-pop
HGNC:24235,CD200R1,CD200R1,biolink:Gene,https://purl.humanatlas.io/graph/hra-pop
HGNC:24236,CCAR1,CCAR1,biolink:Gene,https://purl.humanatlas.io/graph/hra-pop
HGNC:24238,CEP350,CEP350,biolink:Gene,https://purl.humanatlas.io/graph/hra-pop
HGNC:24250,NMD3,NMD3,biolink:Gene,https://purl.humanatlas.io/graph/hra-pop
HGNC:24251,TMED5,TMED5,biolink:Gene,https://purl.humanatlas.io/graph/hra-pop
HGNC:24253,TMED7,TMED7,biolink:Gene,https://purl.humanatlas.io/graph/hra-pop
HGNC:24254,ISOC1,ISOC1,biolink:Gene,https://purl.humanatlas.io/graph/hra-pop
HGNC:24256,WASHC3,WASHC3,biolink:Gene,https://purl.humanatlas.io/graph/hra-pop
HGNC:24257,TMBIM4,TMBIM4,biolink:Gene,https://purl.humanatlas.io/graph/hra-pop
HGNC:24261,CIAO2B,CIAO2B,biolink:Gene,https://purl.humanatlas.io/graph/hra-pop
HGNC:24263,BOLA1,BOLA1,biolink:Gene,https://purl.humanatlas.io/graph/hra-pop
HGNC:24265,PTRH2,PTRH2,biolink:Gene,https://purl.humanatlas.io/graph/hra-pop
HGNC:24268,ASCC1,ASCC1,biolink:Gene,https://purl.humanatlas.io/graph/hra-pop
HGNC:24269,DERA,DERA,biolink:Gene,https://purl.humanatlas.io/graph/hra-pop
HGNC:24270,DPH5,DPH5,biolink:Gene,https://purl.humanatlas.io/graph/hra-pop
HGNC:24275,SCCPDH,SCCPDH,biolink:Gene,https://purl.humanatlas.io/graph/hra-pop
HGNC:24276,SAMM50,SAMM50,biolink:Gene,https://purl.humanatlas.io/graph/hra-pop
HGNC:24277,ZC2HC1A,ZC2HC1A,biolink:Gene,https://purl.humanatlas.io/graph/hra-pop
HGNC:24279,SLC25A39,SLC25A39,biolink:Gene,https://purl.humanatlas.io/graph/hra-pop
HGNC:24280,PHF20L1,PHF20L1,biolink:Gene,https://purl.humanatlas.io/graph/hra-pop
HGNC:24281,OTUD6B,OTUD6B,biolink:Gene,https://purl.humanatlas.io/graph/hra-pop
HGNC:24286,RRP7A,RRP7A,biolink:Gene,https://purl.humanatlas.io/graph/hra-pop
HGNC:24287,CHMP1B,CHMP1B,biolink:Gene,https://purl.humanatlas.io/graph/hra-pop
HGNC:24288,CHDH,CHDH,biolink:Gene,https://purl.humanatlas.io/graph/hra-pop
HGNC:24290,CSGALNACT1,CSGALNACT1,biolink:Gene,https://purl.humanatlas.io/graph/hra-pop
HGNC:24293,CHSY3,CHSY3,biolink:Gene,https://purl.humanatlas.io/graph/hra-pop
HGNC:24299,ODR4,ODR4,biolink:Gene,https://purl.humanatlas.io/graph/hra-pop
HGNC:243,ADD1,ADD1,biolink:Gene,https://purl.humanatlas.io/graph/hra-pop
HGNC:24300,GPR137,GPR137,biolink:Gene,https://purl.humanatlas.io/graph/hra-pop
HGNC:24303,RBM15B,RBM15B,biolink:Gene,https://purl.humanatlas.io/graph/hra-pop
HGNC:24304,NCAPG,NCAPG,biolink:Gene,https://purl.humanatlas.io/graph/hra-pop
HGNC:24308,CLPTM1L,CLPTM1L,biolink:Gene,https://purl.humanatlas.io/graph/hra-pop
HGNC:24309,LUC7L3,LUC7L3,biolink:Gene,https://purl.humanatlas.io/graph/hra-pop
HGNC:24310,PLEKHO1,PLEKHO1,biolink:Gene,https://purl.humanatlas.io/graph/hra-pop
HGNC:24316,TACO1,TACO1,biolink:Gene,https://purl.humanatlas.io/graph/hra-pop
HGNC:24318,HIGD1B,HIGD1B,biolink:Gene,https://purl.humanatlas.io/graph/hra-pop
HGNC:24319,CMIP,CMIP,biolink:Gene,https://purl.humanatlas.io/graph/hra-pop
HGNC:24320,LARP4,LARP4,biolink:Gene,https://purl.humanatlas.io/graph/hra-pop
HGNC:24321,DENND4A,DENND4A,biolink:Gene,https://purl.humanatlas.io/graph/hra-pop
HGNC:24324,NELFB,NELFB,biolink:Gene,https://purl.humanatlas.io/graph/hra-pop
HGNC:24326,RMC1,RMC1,biolink:Gene,https://purl.humanatlas.io/graph/hra-pop
HGNC:24327,VGLL3,VGLL3,biolink:Gene,https://purl.humanatlas.io/graph/hra-pop
HGNC:2433,CSF1R,CSF1R,biolink:Gene,https://purl.humanatlas.io/graph/hra-pop
HGNC:24331,MALRD1,MALRD1,biolink:Gene,https://purl.humanatlas.io/graph/hra-pop
HGNC:24336,CPNE9,CPNE9,biolink:Gene,https://purl.humanatlas.io/graph/hra-pop
HGNC:24337,C1GALT1,C1GALT1,biolink:Gene,https://purl.humanatlas.io/graph/hra-pop
HGNC:24338,C1GALT1C1,C1GALT1C1,biolink:Gene,https://purl.humanatlas.io/graph/hra-pop
HGNC:24341,COX17P1,COX17P1,biolink:Gene,https://purl.humanatlas.io/graph/hra-pop
HGNC:24349,CCDC186,CCDC186,biolink:Gene,https://purl.humanatlas.io/graph/hra-pop
HGNC:2435,CSF2RA,CSF2RA,biolink:Gene,https://purl.humanatlas.io/graph/hra-pop
HGNC:2436,CSF2RB,CSF2RB,biolink:Gene,https://purl.humanatlas.io/graph/hra-pop
HGNC:24361,WASHC1,WASHC1,biolink:Gene,https://purl.humanatlas.io/graph/hra-pop
HGNC:24374,CYB5B,CYB5B,biolink:Gene,https://purl.humanatlas.io/graph/hra-pop
HGNC:2438,CSF3,CSF3,biolink:Gene,https://purl.humanatlas.io/graph/hra-pop
HGNC:24381,COX7B2,COX7B2,biolink:Gene,https://purl.humanatlas.io/graph/hra-pop
HGNC:2439,CSF3R,CSF3R,biolink:Gene,https://purl.humanatlas.io/graph/hra-pop
HGNC:24424,CYCTP,CYCTP,biolink:Gene,https://purl.humanatlas.io/graph/hra-pop
HGNC:24426,CYP4Z2P,CYP4Z2P,biolink:Gene,https://purl.humanatlas.io/graph/hra-pop
HGNC:24432,SARNP,SARNP,biolink:Gene,https://purl.humanatlas.io/graph/hra-pop
HGNC:24434,GLYR1,GLYR1,biolink:Gene,https://purl.humanatlas.io/graph/hra-pop
HGNC:24435,CYTL1,CYTL1,biolink:Gene,https://purl.humanatlas.io/graph/hra-pop
HGNC:24437,CNDP2,CNDP2,biolink:Gene,https://purl.humanatlas.io/graph/hra-pop
HGNC:2444,CSK,CSK,biolink:Gene,https://purl.humanatlas.io/graph/hra-pop
HGNC:24447,CMC2,CMC2,biolink:Gene,https://purl.humanatlas.io/graph/hra-pop
HGNC:24448,OSTC,OSTC,biolink:Gene,https://purl.humanatlas.io/graph/hra-pop
HGNC:24449,ENY2,ENY2,biolink:Gene,https://purl.humanatlas.io/graph/hra-pop
HGNC:24450,DEDD2,DEDD2,biolink:Gene,https://purl.humanatlas.io/graph/hra-pop
HGNC:24453,DSCC1,DSCC1,biolink:Gene,https://purl.humanatlas.io/graph/hra-pop
HGNC:24456,DNER,DNER,biolink:Gene,https://purl.humanatlas.io/graph/hra-pop
HGNC:24460,EIF3M,EIF3M,biolink:Gene,https://purl.humanatlas.io/graph/hra-pop
HGNC:24463,UBTD2,UBTD2,biolink:Gene,https://purl.humanatlas.io/graph/hra-pop
HGNC:24464,CHST14,CHST14,biolink:Gene,https://purl.humanatlas.io/graph/hra-pop
HGNC:24465,TMPRSS11E,TMPRSS11E,biolink:Gene,https://purl.humanatlas.io/graph/hra-pop
HGNC:24466,SYNM,SYNM,biolink:Gene,https://purl.humanatlas.io/graph/hra-pop
HGNC:24470,ANKRD23,ANKRD23,biolink:Gene,https://purl.humanatlas.io/graph/hra-pop
HGNC:24472,PSRC1,PSRC1,biolink:Gene,https://purl.humanatlas.io/graph/hra-pop
HGNC:24475,DMGDH,DMGDH,biolink:Gene,https://purl.humanatlas.io/graph/hra-pop
HGNC:24476,DLGAP4,DLGAP4,biolink:Gene,https://purl.humanatlas.io/graph/hra-pop
HGNC:24482,FAM230C,FAM230C,biolink:Gene,https://purl.humanatlas.io/graph/hra-pop
HGNC:24487,CCDC69,CCDC69,biolink:Gene,https://purl.humanatlas.io/graph/hra-pop
HGNC:24489,LSM14A,LSM14A,biolink:Gene,https://purl.humanatlas.io/graph/hra-pop
HGNC:24496,NEPRO,NEPRO,biolink:Gene,https://purl.humanatlas.io/graph/hra-pop
HGNC:245,ADD3,ADD3,biolink:Gene,https://purl.humanatlas.io/graph/hra-pop
HGNC:2451,CSNK1A1,CSNK1A1,biolink:Gene,https://purl.humanatlas.io/graph/hra-pop
HGNC:24510,TBC1D10B,TBC1D10B,biolink:Gene,https://purl.humanatlas.io/graph/hra-pop
HGNC:24515,MPC2,MPC2,biolink:Gene,https://purl.humanatlas.io/graph/hra-pop
HGNC:24517,NOC2L,NOC2L,biolink:Gene,https://purl.humanatlas.io/graph/hra-pop
HGNC:2452,CSNK1D,CSNK1D,biolink:Gene,https://purl.humanatlas.io/graph/hra-pop
HGNC:24521,HERC4,HERC4,biolink:Gene,https://purl.humanatlas.io/graph/hra-pop
HGNC:24523,ZZZ3,ZZZ3,biolink:Gene,https://purl.humanatlas.io/graph/hra-pop
HGNC:24525,MMACHC,MMACHC,biolink:Gene,https://purl.humanatlas.io/graph/hra-pop
HGNC:24526,ATL3,ATL3,biolink:Gene,https://purl.humanatlas.io/graph/hra-pop
HGNC:24527,FAM149A,FAM149A,biolink:Gene,https://purl.humanatlas.io/graph/hra-pop
HGNC:24528,PRR13,PRR13,biolink:Gene,https://purl.humanatlas.io/graph/hra-pop
HGNC:24531,ANAPC15,ANAPC15,biolink:Gene,https://purl.humanatlas.io/graph/hra-pop
HGNC:24534,RSL1D1,RSL1D1,biolink:Gene,https://purl.humanatlas.io/graph/hra-pop
HGNC:24536,PARM1,PARM1,biolink:Gene,https://purl.humanatlas.io/graph/hra-pop
HGNC:24538,ABHD14A,ABHD14A,biolink:Gene,https://purl.humanatlas.io/graph/hra-pop
HGNC:24539,NECAP1,NECAP1,biolink:Gene,https://purl.humanatlas.io/graph/hra-pop
HGNC:2454,CSNK1G1,CSNK1G1,biolink:Gene,https://purl.humanatlas.io/graph/hra-pop
HGNC:24547,DHRS7B,DHRS7B,biolink:Gene,https://purl.humanatlas.io/graph/hra-pop
HGNC:24548,NSL1,NSL1,biolink:Gene,https://purl.humanatlas.io/graph/hra-pop
HGNC:24549,MRFAP1,MRFAP1,biolink:Gene,https://purl.humanatlas.io/graph/hra-pop
HGNC:24550,TMT1A,TMT1A,biolink:Gene,https://purl.humanatlas.io/graph/hra-pop
HGNC:24554,PAMR1,PAMR1,biolink:Gene,https://purl.humanatlas.io/graph/hra-pop
HGNC:24555,INTS1,INTS1,biolink:Gene,https://purl.humanatlas.io/graph/hra-pop
HGNC:24565,KANSL1,KANSL1,biolink:Gene,https://purl.humanatlas.io/graph/hra-pop
HGNC:24566,PHF19,PHF19,biolink:Gene,https://purl.humanatlas.io/graph/hra-pop
HGNC:24573,NEIL3,NEIL3,biolink:Gene,https://purl.humanatlas.io/graph/hra-pop
HGNC:24574,SPATS2L,SPATS2L,biolink:Gene,https://purl.humanatlas.io/graph/hra-pop
HGNC:24578,DDI2,DDI2,biolink:Gene,https://purl.humanatlas.io/graph/hra-pop
HGNC:24579,CIB2,CIB2,biolink:Gene,https://purl.humanatlas.io/graph/hra-pop
HGNC:24580,CIB3,CIB3,biolink:Gene,https://purl.humanatlas.io/graph/hra-pop
HGNC:24583,DOK3,DOK3,biolink:Gene,https://purl.humanatlas.io/graph/hra-pop
HGNC:24584,ZNG1E,ZNG1E,biolink:Gene,https://purl.humanatlas.io/graph/hra-pop
HGNC:24586,METTL9,METTL9,biolink:Gene,https://purl.humanatlas.io/graph/hra-pop
HGNC:24587,HYCC1,HYCC1,biolink:Gene,https://purl.humanatlas.io/graph/hra-pop
HGNC:24589,FILIP1L,FILIP1L,biolink:Gene,https://purl.humanatlas.io/graph/hra-pop
HGNC:24590,DPY30,DPY30,biolink:Gene,https://purl.humanatlas.io/graph/hra-pop
HGNC:24595,DYNC2LI1,DYNC2LI1,biolink:Gene,https://purl.humanatlas.io/graph/hra-pop
HGNC:24596,DYNLL2,DYNLL2,biolink:Gene,https://purl.humanatlas.io/graph/hra-pop
HGNC:24599,ENOPH1,ENOPH1,biolink:Gene,https://purl.humanatlas.io/graph/hra-pop
HGNC:2460,CSNK2B,CSNK2B,biolink:Gene,https://purl.humanatlas.io/graph/hra-pop
HGNC:24600,ANKS1B,ANKS1B,biolink:Gene,https://purl.humanatlas.io/graph/hra-pop
HGNC:24604,COA4,COA4,biolink:Gene,https://purl.humanatlas.io/graph/hra-pop
HGNC:24605,ZNF521,ZNF521,biolink:Gene,https://purl.humanatlas.io/graph/hra-pop
HGNC:24613,NRROS,NRROS,biolink:Gene,https://purl.humanatlas.io/graph/hra-pop
HGNC:24614,EEFSEC,EEFSEC,biolink:Gene,https://purl.humanatlas.io/graph/hra-pop
HGNC:24624,SIL1,SIL1,biolink:Gene,https://purl.humanatlas.io/graph/hra-pop
HGNC:24626,TXNDC12,TXNDC12,biolink:Gene,https://purl.humanatlas.io/graph/hra-pop
HGNC:24634,EPS15L1,EPS15L1,biolink:Gene,https://purl.humanatlas.io/graph/hra-pop
HGNC:24636,LIMA1,LIMA1,biolink:Gene,https://purl.humanatlas.io/graph/hra-pop
HGNC:24637,DNAJC10,DNAJC10,biolink:Gene,https://purl.humanatlas.io/graph/hra-pop
HGNC:24639,PRELID3A,PRELID3A,biolink:Gene,https://purl.humanatlas.io/graph/hra-pop
HGNC:2464,VCAN,VCAN,biolink:Gene,https://purl.humanatlas.io/graph/hra-pop
HGNC:24641,VPS35L,VPS35L,biolink:Gene,https://purl.humanatlas.io/graph/hra-pop
HGNC:24642,ECRG4,ECRG4,biolink:Gene,https://purl.humanatlas.io/graph/hra-pop
HGNC:24649,ETNK1,ETNK1,biolink:Gene,https://purl.humanatlas.io/graph/hra-pop
HGNC:24650,EHMT1,EHMT1,biolink:Gene,https://purl.humanatlas.io/graph/hra-pop
HGNC:24656,EIF3K,EIF3K,biolink:Gene,https://purl.humanatlas.io/graph/hra-pop
HGNC:24659,EXOC8,EXOC8,biolink:Gene,https://purl.humanatlas.io/graph/hra-pop
HGNC:2466,CSPG4,CSPG4,biolink:Gene,https://purl.humanatlas.io/graph/hra-pop
HGNC:24663,RABGAP1L,RABGAP1L,biolink:Gene,https://purl.humanatlas.io/graph/hra-pop
HGNC:24670,FNDC3B,FNDC3B,biolink:Gene,https://purl.humanatlas.io/graph/hra-pop
HGNC:24678,FTO,FTO,biolink:Gene,https://purl.humanatlas.io/graph/hra-pop
HGNC:24679,FBXL20,FBXL20,biolink:Gene,https://purl.humanatlas.io/graph/hra-pop
HGNC:24684,AGGF1,AGGF1,biolink:Gene,https://purl.humanatlas.io/graph/hra-pop
HGNC:24686,FBLIM1,FBLIM1,biolink:Gene,https://purl.humanatlas.io/graph/hra-pop
HGNC:24688,NACA4P,NACA4P,biolink:Gene,https://purl.humanatlas.io/graph/hra-pop
HGNC:2469,CSRP1,CSRP1,biolink:Gene,https://purl.humanatlas.io/graph/hra-pop
HGNC:24693,MICAL2,MICAL2,biolink:Gene,https://purl.humanatlas.io/graph/hra-pop
HGNC:24694,MICAL3,MICAL3,biolink:Gene,https://purl.humanatlas.io/graph/hra-pop
HGNC:24696,SNED1,SNED1,biolink:Gene,https://purl.humanatlas.io/graph/hra-pop
HGNC:24697,TTC14,TTC14,biolink:Gene,https://purl.humanatlas.io/graph/hra-pop
HGNC:24699,SH3RF3,SH3RF3,biolink:Gene,https://purl.humanatlas.io/graph/hra-pop
HGNC:2470,CSRP2,CSRP2,biolink:Gene,https://purl.humanatlas.io/graph/hra-pop
HGNC:24702,TBC1D10C,TBC1D10C,biolink:Gene,https://purl.humanatlas.io/graph/hra-pop
HGNC:24704,LARP1B,LARP1B,biolink:Gene,https://purl.humanatlas.io/graph/hra-pop
HGNC:24711,MFSD6,MFSD6,biolink:Gene,https://purl.humanatlas.io/graph/hra-pop
HGNC:24712,TENT5C,TENT5C,biolink:Gene,https://purl.humanatlas.io/graph/hra-pop
HGNC:24713,QRICH1,QRICH1,biolink:Gene,https://purl.humanatlas.io/graph/hra-pop
HGNC:24714,ANKHD1,ANKHD1,biolink:Gene,https://purl.humanatlas.io/graph/hra-pop
HGNC:24716,RASIP1,RASIP1,biolink:Gene,https://purl.humanatlas.io/graph/hra-pop
HGNC:24717,PTCD3,PTCD3,biolink:Gene,https://purl.humanatlas.io/graph/hra-pop
HGNC:24721,YTHDC2,YTHDC2,biolink:Gene,https://purl.humanatlas.io/graph/hra-pop
HGNC:24725,FAM111A,FAM111A,biolink:Gene,https://purl.humanatlas.io/graph/hra-pop
HGNC:24729,C12orf42,C12orf42,biolink:Gene,https://purl.humanatlas.io/graph/hra-pop
HGNC:24733,FUOM,FUOM,biolink:Gene,https://purl.humanatlas.io/graph/hra-pop
HGNC:24737,ZNF569,ZNF569,biolink:Gene,https://purl.humanatlas.io/graph/hra-pop
HGNC:24738,C5orf34,C5orf34,biolink:Gene,https://purl.humanatlas.io/graph/hra-pop
HGNC:24741,MIGA1,MIGA1,biolink:Gene,https://purl.humanatlas.io/graph/hra-pop
HGNC:2475,CST3,CST3,biolink:Gene,https://purl.humanatlas.io/graph/hra-pop
HGNC:24759,TPRG1,TPRG1,biolink:Gene,https://purl.humanatlas.io/graph/hra-pop
HGNC:24764,SMTNL2,SMTNL2,biolink:Gene,https://purl.humanatlas.io/graph/hra-pop
HGNC:24768,PNPLA7,PNPLA7,biolink:Gene,https://purl.humanatlas.io/graph/hra-pop
HGNC:24778,KLRG2,KLRG2,biolink:Gene,https://purl.humanatlas.io/graph/hra-pop
HGNC:2478,CST6,CST6,biolink:Gene,https://purl.humanatlas.io/graph/hra-pop
HGNC:24783,LRIT3,LRIT3,biolink:Gene,https://purl.humanatlas.io/graph/hra-pop
HGNC:24786,ANKRD45,ANKRD45,biolink:Gene,https://purl.humanatlas.io/graph/hra-pop
HGNC:24788,LONRF2,LONRF2,biolink:Gene,https://purl.humanatlas.io/graph/hra-pop
HGNC:24789,C1orf122,C1orf122,biolink:Gene,https://purl.humanatlas.io/graph/hra-pop
HGNC:2479,CST7,CST7,biolink:Gene,https://purl.humanatlas.io/graph/hra-pop
HGNC:24795,RINL,RINL,biolink:Gene,https://purl.humanatlas.io/graph/hra-pop
HGNC:24796,KANK3,KANK3,biolink:Gene,https://purl.humanatlas.io/graph/hra-pop
HGNC:24797,FAM83H,FAM83H,biolink:Gene,https://purl.humanatlas.io/graph/hra-pop
HGNC:248,PLIN2,PLIN2,biolink:Gene,https://purl.humanatlas.io/graph/hra-pop
HGNC:24805,FAM72B,FAM72B,biolink:Gene,https://purl.humanatlas.io/graph/hra-pop
HGNC:24808,TRAFD1,TRAFD1,biolink:Gene,https://purl.humanatlas.io/graph/hra-pop
HGNC:24809,SSUH2,SSUH2,biolink:Gene,https://purl.humanatlas.io/graph/hra-pop
HGNC:2481,CSTA,CSTA,biolink:Gene,https://purl.humanatlas.io/graph/hra-pop
HGNC:24810,SMCO4,SMCO4,biolink:Gene,https://purl.humanatlas.io/graph/hra-pop
HGNC:24811,PDIA5,PDIA5,biolink:Gene,https://purl.humanatlas.io/graph/hra-pop
HGNC:2482,CSTB,CSTB,biolink:Gene,https://purl.humanatlas.io/graph/hra-pop
HGNC:24821,RFFL,RFFL,biolink:Gene,https://purl.humanatlas.io/graph/hra-pop
HGNC:24822,FN3K,FN3K,biolink:Gene,https://purl.humanatlas.io/graph/hra-pop
HGNC:24828,MRGPRF,MRGPRF,biolink:Gene,https://purl.humanatlas.io/graph/hra-pop
HGNC:2483,CSTF1,CSTF1,biolink:Gene,https://purl.humanatlas.io/graph/hra-pop
HGNC:24835,GPRIN1,GPRIN1,biolink:Gene,https://purl.humanatlas.io/graph/hra-pop
HGNC:24839,MND1,MND1,biolink:Gene,https://purl.humanatlas.io/graph/hra-pop
HGNC:24840,GALP,GALP,biolink:Gene,https://purl.humanatlas.io/graph/hra-pop
HGNC:24845,RAB11FIP5,RAB11FIP5,biolink:Gene,https://purl.humanatlas.io/graph/hra-pop
HGNC:2485,CSTF3,CSTF3,biolink:Gene,https://purl.humanatlas.io/graph/hra-pop
HGNC:24855,CCDC91,CCDC91,biolink:Gene,https://purl.humanatlas.io/graph/hra-pop
HGNC:24856,CCDC47,CCDC47,biolink:Gene,https://purl.humanatlas.io/graph/hra-pop
HGNC:24865,GPAM,GPAM,biolink:Gene,https://purl.humanatlas.io/graph/hra-pop
HGNC:24866,CEP104,CEP104,biolink:Gene,https://purl.humanatlas.io/graph/hra-pop
HGNC:24867,GLTP,GLTP,biolink:Gene,https://purl.humanatlas.io/graph/hra-pop
HGNC:24871,C1orf52,C1orf52,biolink:Gene,https://purl.humanatlas.io/graph/hra-pop
HGNC:24872,GNAS-AS1,GNAS-AS1,biolink:Gene,https://purl.humanatlas.io/graph/hra-pop
HGNC:24876,GOLGA7,GOLGA7,biolink:Gene,https://purl.humanatlas.io/graph/hra-pop
HGNC:24878,TMED9,TMED9,biolink:Gene,https://purl.humanatlas.io/graph/hra-pop
HGNC:24880,LYPD3,LYPD3,biolink:Gene,https://purl.humanatlas.io/graph/hra-pop
HGNC:24881,RASGEF1B,RASGEF1B,biolink:Gene,https://purl.humanatlas.io/graph/hra-pop
HGNC:24882,GOLPH3L,GOLPH3L,biolink:Gene,https://purl.humanatlas.io/graph/hra-pop
HGNC:24886,FRMD4B,FRMD4B,biolink:Gene,https://purl.humanatlas.io/graph/hra-pop
HGNC:24890,GLT8D2,GLT8D2,biolink:Gene,https://purl.humanatlas.io/graph/hra-pop
HGNC:24892,GOLM2,GOLM2,biolink:Gene,https://purl.humanatlas.io/graph/hra-pop
HGNC:24902,DEPDC1B,DEPDC1B,biolink:Gene,https://purl.humanatlas.io/graph/hra-pop
HGNC:24903,PRRC2C,PRRC2C,biolink:Gene,https://purl.humanatlas.io/graph/hra-pop
HGNC:24910,ASNSD1,ASNSD1,biolink:Gene,https://purl.humanatlas.io/graph/hra-pop
HGNC:24911,GRAMD2B,GRAMD2B,biolink:Gene,https://purl.humanatlas.io/graph/hra-pop
HGNC:24912,LARP7,LARP7,biolink:Gene,https://purl.humanatlas.io/graph/hra-pop
HGNC:24913,CDNF,CDNF,biolink:Gene,https://purl.humanatlas.io/graph/hra-pop
HGNC:24920,HSH2D,HSH2D,biolink:Gene,https://purl.humanatlas.io/graph/hra-pop
HGNC:24921,EIF2AK1,EIF2AK1,biolink:Gene,https://purl.humanatlas.io/graph/hra-pop
HGNC:24926,CCDC85B,CCDC85B,biolink:Gene,https://purl.humanatlas.io/graph/hra-pop
HGNC:24929,PSMG2,PSMG2,biolink:Gene,https://purl.humanatlas.io/graph/hra-pop
HGNC:24930,TMEM176A,TMEM176A,biolink:Gene,https://purl.humanatlas.io/graph/hra-pop
HGNC:24932,C9orf78,C9orf78,biolink:Gene,https://purl.humanatlas.io/graph/hra-pop
HGNC:2494,CTBP1,CTBP1,biolink:Gene,https://purl.humanatlas.io/graph/hra-pop
HGNC:24941,HNRNPA3,HNRNPA3,biolink:Gene,https://purl.humanatlas.io/graph/hra-pop
HGNC:24942,PIK3IP1,PIK3IP1,biolink:Gene,https://purl.humanatlas.io/graph/hra-pop
HGNC:24944,DDIT4,DDIT4,biolink:Gene,https://purl.humanatlas.io/graph/hra-pop
HGNC:24948,DOT1L,DOT1L,biolink:Gene,https://purl.humanatlas.io/graph/hra-pop
HGNC:24949,OTUD4,OTUD4,biolink:Gene,https://purl.humanatlas.io/graph/hra-pop
HGNC:2495,CTBP2,CTBP2,biolink:Gene,https://purl.humanatlas.io/graph/hra-pop
HGNC:24953,HEXIM1,HEXIM1,biolink:Gene,https://purl.humanatlas.io/graph/hra-pop
HGNC:24956,OLFML3,OLFML3,biolink:Gene,https://purl.humanatlas.io/graph/hra-pop
HGNC:2496,CTBS,CTBS,biolink:Gene,https://purl.humanatlas.io/graph/hra-pop
HGNC:24961,HOPX,HOPX,biolink:Gene,https://purl.humanatlas.io/graph/hra-pop
HGNC:24966,MAF1,MAF1,biolink:Gene,https://purl.humanatlas.io/graph/hra-pop
HGNC:24973,HP1BP3,HP1BP3,biolink:Gene,https://purl.humanatlas.io/graph/hra-pop
HGNC:24989,HSPBP1,HSPBP1,biolink:Gene,https://purl.humanatlas.io/graph/hra-pop
HGNC:24990,COA3,COA3,biolink:Gene,https://purl.humanatlas.io/graph/hra-pop
HGNC:24991,C19orf53,C19orf53,biolink:Gene,https://purl.humanatlas.io/graph/hra-pop
HGNC:24992,ZNF706,ZNF706,biolink:Gene,https://purl.humanatlas.io/graph/hra-pop
HGNC:24993,COMMD2,COMMD2,biolink:Gene,https://purl.humanatlas.io/graph/hra-pop
HGNC:24994,INIP,INIP,biolink:Gene,https://purl.humanatlas.io/graph/hra-pop
HGNC:250,ADH1B,ADH1B,biolink:Gene,https://purl.humanatlas.io/graph/hra-pop
HGNC:2500,CCN2,CCN2,biolink:Gene,https://purl.humanatlas.io/graph/hra-pop
HGNC:25006,METTL5,METTL5,biolink:Gene,https://purl.humanatlas.io/graph/hra-pop
HGNC:25008,BABAM1,BABAM1,biolink:Gene,https://purl.humanatlas.io/graph/hra-pop
HGNC:25009,UBE2T,UBE2T,biolink:Gene,https://purl.humanatlas.io/graph/hra-pop
HGNC:25015,TMEM208,TMEM208,biolink:Gene,https://purl.humanatlas.io/graph/hra-pop
HGNC:25016,SSU72,SSU72,biolink:Gene,https://purl.humanatlas.io/graph/hra-pop
HGNC:25017,ZNF581,ZNF581,biolink:Gene,https://purl.humanatlas.io/graph/hra-pop
HGNC:25023,LRTM1,LRTM1,biolink:Gene,https://purl.humanatlas.io/graph/hra-pop
HGNC:25026,PLPP5,PLPP5,biolink:Gene,https://purl.humanatlas.io/graph/hra-pop
HGNC:25031,PRPF40B,PRPF40B,biolink:Gene,https://purl.humanatlas.io/graph/hra-pop
HGNC:25032,FAM151A,FAM151A,biolink:Gene,https://purl.humanatlas.io/graph/hra-pop
HGNC:25033,LRTOMT,LRTOMT,biolink:Gene,https://purl.humanatlas.io/graph/hra-pop
HGNC:25035,YOD1,YOD1,biolink:Gene,https://purl.humanatlas.io/graph/hra-pop
HGNC:25042,LRRC4B,LRRC4B,biolink:Gene,https://purl.humanatlas.io/graph/hra-pop
HGNC:25049,ARMC6,ARMC6,biolink:Gene,https://purl.humanatlas.io/graph/hra-pop
HGNC:25055,SMDT1,SMDT1,biolink:Gene,https://purl.humanatlas.io/graph/hra-pop
HGNC:25056,KLHL20,KLHL20,biolink:Gene,https://purl.humanatlas.io/graph/hra-pop
HGNC:25057,FAM89A,FAM89A,biolink:Gene,https://purl.humanatlas.io/graph/hra-pop
HGNC:25062,CATIP,CATIP,biolink:Gene,https://purl.humanatlas.io/graph/hra-pop
HGNC:25063,DMKN,DMKN,biolink:Gene,https://purl.humanatlas.io/graph/hra-pop
HGNC:25064,CFAP210,CFAP210,biolink:Gene,https://purl.humanatlas.io/graph/hra-pop
HGNC:25067,INTS12,INTS12,biolink:Gene,https://purl.humanatlas.io/graph/hra-pop
HGNC:25069,FBXO46,FBXO46,biolink:Gene,https://purl.humanatlas.io/graph/hra-pop
HGNC:25072,WDR45B,WDR45B,biolink:Gene,https://purl.humanatlas.io/graph/hra-pop
HGNC:25074,LYRM1,LYRM1,biolink:Gene,https://purl.humanatlas.io/graph/hra-pop
HGNC:25077,LINC03124,LINC03124,biolink:Gene,https://purl.humanatlas.io/graph/hra-pop
HGNC:25081,DNAAF8,DNAAF8,biolink:Gene,https://purl.humanatlas.io/graph/hra-pop
HGNC:25082,SMAP2,SMAP2,biolink:Gene,https://purl.humanatlas.io/graph/hra-pop
HGNC:25084,TMEM116,TMEM116,biolink:Gene,https://purl.humanatlas.io/graph/hra-pop
HGNC:25087,FAM114A1,FAM114A1,biolink:Gene,https://purl.humanatlas.io/graph/hra-pop
HGNC:2509,CTNNA1,CTNNA1,biolink:Gene,https://purl.humanatlas.io/graph/hra-pop
HGNC:25090,CMBL,CMBL,biolink:Gene,https://purl.humanatlas.io/graph/hra-pop
HGNC:25092,ZNF765,ZNF765,biolink:Gene,https://purl.humanatlas.io/graph/hra-pop
HGNC:25095,DCAF15,DCAF15,biolink:Gene,https://purl.humanatlas.io/graph/hra-pop
HGNC:25096,LMF2,LMF2,biolink:Gene,https://purl.humanatlas.io/graph/hra-pop
HGNC:251,ADH1C,ADH1C,biolink:Gene,https://purl.humanatlas.io/graph/hra-pop
HGNC:2510,CTNNA2,CTNNA2,biolink:Gene,https://purl.humanatlas.io/graph/hra-pop
HGNC:25100,GGACT,GGACT,biolink:Gene,https://purl.humanatlas.io/graph/hra-pop
HGNC:25102,TP53I13,TP53I13,biolink:Gene,https://purl.humanatlas.io/graph/hra-pop
HGNC:25105,SP140L,SP140L,biolink:Gene,https://purl.humanatlas.io/graph/hra-pop
HGNC:2511,CTNNA3,CTNNA3,biolink:Gene,https://purl.humanatlas.io/graph/hra-pop
HGNC:25110,FDXACB1,FDXACB1,biolink:Gene,https://purl.humanatlas.io/graph/hra-pop
HGNC:25114,BOD1,BOD1,biolink:Gene,https://purl.humanatlas.io/graph/hra-pop
HGNC:25116,SHF,SHF,biolink:Gene,https://purl.humanatlas.io/graph/hra-pop
HGNC:2512,CTNNAL1,CTNNAL1,biolink:Gene,https://purl.humanatlas.io/graph/hra-pop
HGNC:25120,TMEM44,TMEM44,biolink:Gene,https://purl.humanatlas.io/graph/hra-pop
HGNC:25121,NCBP2AS2,NCBP2AS2,biolink:Gene,https://purl.humanatlas.io/graph/hra-pop
HGNC:25126,NAF1,NAF1,biolink:Gene,https://purl.humanatlas.io/graph/hra-pop
HGNC:25133,MARS2,MARS2,biolink:Gene,https://purl.humanatlas.io/graph/hra-pop
HGNC:25136,LBX2-AS1,LBX2-AS1,biolink:Gene,https://purl.humanatlas.io/graph/hra-pop
HGNC:2514,CTNNB1,CTNNB1,biolink:Gene,https://purl.humanatlas.io/graph/hra-pop
HGNC:25140,SFT2D2,SFT2D2,biolink:Gene,https://purl.humanatlas.io/graph/hra-pop
HGNC:25141,CEP95,CEP95,biolink:Gene,https://purl.humanatlas.io/graph/hra-pop
HGNC:25145,KLHDC7B,KLHDC7B,biolink:Gene,https://purl.humanatlas.io/graph/hra-pop
HGNC:25149,EGFEM1P,EGFEM1P,biolink:Gene,https://purl.humanatlas.io/graph/hra-pop
HGNC:2515,CTNND1,CTNND1,biolink:Gene,https://purl.humanatlas.io/graph/hra-pop
HGNC:25150,PWWP2B,PWWP2B,biolink:Gene,https://purl.humanatlas.io/graph/hra-pop
HGNC:25154,SMIM12,SMIM12,biolink:Gene,https://purl.humanatlas.io/graph/hra-pop
HGNC:2516,CTNND2,CTNND2,biolink:Gene,https://purl.humanatlas.io/graph/hra-pop
HGNC:25160,KTI12,KTI12,biolink:Gene,https://purl.humanatlas.io/graph/hra-pop
HGNC:25161,PHF21B,PHF21B,biolink:Gene,https://purl.humanatlas.io/graph/hra-pop
HGNC:25162,NEURL3,NEURL3,biolink:Gene,https://purl.humanatlas.io/graph/hra-pop
HGNC:25166,SMIM19,SMIM19,biolink:Gene,https://purl.humanatlas.io/graph/hra-pop
HGNC:25169,GPRASP2,GPRASP2,biolink:Gene,https://purl.humanatlas.io/graph/hra-pop
HGNC:25171,CCDC124,CCDC124,biolink:Gene,https://purl.humanatlas.io/graph/hra-pop
HGNC:25172,FREM3,FREM3,biolink:Gene,https://purl.humanatlas.io/graph/hra-pop
HGNC:25177,TLCD1,TLCD1,biolink:Gene,https://purl.humanatlas.io/graph/hra-pop
HGNC:25180,FCHO2,FCHO2,biolink:Gene,https://purl.humanatlas.io/graph/hra-pop
HGNC:25181,TM4SF18,TM4SF18,biolink:Gene,https://purl.humanatlas.io/graph/hra-pop
HGNC:25188,TEX30,TEX30,biolink:Gene,https://purl.humanatlas.io/graph/hra-pop
HGNC:25192,ARL8A,ARL8A,biolink:Gene,https://purl.humanatlas.io/graph/hra-pop
HGNC:25193,MBOAT2,MBOAT2,biolink:Gene,https://purl.humanatlas.io/graph/hra-pop
HGNC:25194,TMEM45B,TMEM45B,biolink:Gene,https://purl.humanatlas.io/graph/hra-pop
HGNC:25201,TMEM219,TMEM219,biolink:Gene,https://purl.humanatlas.io/graph/hra-pop
HGNC:25206,ZFAND2B,ZFAND2B,biolink:Gene,https://purl.humanatlas.io/graph/hra-pop
HGNC:25208,NTN5,NTN5,biolink:Gene,https://purl.humanatlas.io/graph/hra-pop
HGNC:25209,PRUNE2,PRUNE2,biolink:Gene,https://purl.humanatlas.io/graph/hra-pop
HGNC:25216,CYRIB,CYRIB,biolink:Gene,https://purl.humanatlas.io/graph/hra-pop
HGNC:25220,CNPPD1,CNPPD1,biolink:Gene,https://purl.humanatlas.io/graph/hra-pop
HGNC:25221,MMADHC,MMADHC,biolink:Gene,https://purl.humanatlas.io/graph/hra-pop
HGNC:25225,ARRDC2,ARRDC2,biolink:Gene,https://purl.humanatlas.io/graph/hra-pop
HGNC:25229,LYRM2,LYRM2,biolink:Gene,https://purl.humanatlas.io/graph/hra-pop
HGNC:2523,CTRC,CTRC,biolink:Gene,https://purl.humanatlas.io/graph/hra-pop
HGNC:25232,NBPF14,NBPF14,biolink:Gene,https://purl.humanatlas.io/graph/hra-pop
HGNC:25234,RSRP1,RSRP1,biolink:Gene,https://purl.humanatlas.io/graph/hra-pop
HGNC:25237,TMX4,TMX4,biolink:Gene,https://purl.humanatlas.io/graph/hra-pop
HGNC:25238,SVIP,SVIP,biolink:Gene,https://purl.humanatlas.io/graph/hra-pop
HGNC:25240,ANO6,ANO6,biolink:Gene,https://purl.humanatlas.io/graph/hra-pop
HGNC:25241,TCAIM,TCAIM,biolink:Gene,https://purl.humanatlas.io/graph/hra-pop
HGNC:25248,CRISPLD2,CRISPLD2,biolink:Gene,https://purl.humanatlas.io/graph/hra-pop
HGNC:25251,IQCG,IQCG,biolink:Gene,https://purl.humanatlas.io/graph/hra-pop
HGNC:25255,LRRC53,LRRC53,biolink:Gene,https://purl.humanatlas.io/graph/hra-pop
HGNC:25257,TMEM18,TMEM18,biolink:Gene,https://purl.humanatlas.io/graph/hra-pop
HGNC:25259,ANKRD44,ANKRD44,biolink:Gene,https://purl.humanatlas.io/graph/hra-pop
HGNC:25265,ZCCHC8,ZCCHC8,biolink:Gene,https://purl.humanatlas.io/graph/hra-pop
HGNC:25268,APOLD1,APOLD1,biolink:Gene,https://purl.humanatlas.io/graph/hra-pop
HGNC:2527,CTSB,CTSB,biolink:Gene,https://purl.humanatlas.io/graph/hra-pop
HGNC:25272,KLHDC4,KLHDC4,biolink:Gene,https://purl.humanatlas.io/graph/hra-pop
HGNC:2528,CTSC,CTSC,biolink:Gene,https://purl.humanatlas.io/graph/hra-pop
HGNC:25282,NIBAN2,NIBAN2,biolink:Gene,https://purl.humanatlas.io/graph/hra-pop
HGNC:2529,CTSD,CTSD,biolink:Gene,https://purl.humanatlas.io/graph/hra-pop
HGNC:25292,ZNF700,ZNF700,biolink:Gene,https://purl.humanatlas.io/graph/hra-pop
HGNC:253,ADH5,ADH5,biolink:Gene,https://purl.humanatlas.io/graph/hra-pop
HGNC:25302,COQ9,COQ9,biolink:Gene,https://purl.humanatlas.io/graph/hra-pop
HGNC:25305,NSRP1,NSRP1,biolink:Gene,https://purl.humanatlas.io/graph/hra-pop
HGNC:25308,TMEM117,TMEM117,biolink:Gene,https://purl.humanatlas.io/graph/hra-pop
HGNC:2531,CTSF,CTSF,biolink:Gene,https://purl.humanatlas.io/graph/hra-pop
HGNC:25310,ANKRD27,ANKRD27,biolink:Gene,https://purl.humanatlas.io/graph/hra-pop
HGNC:25312,GASK1B,GASK1B,biolink:Gene,https://purl.humanatlas.io/graph/hra-pop
HGNC:2532,CTSG,CTSG,biolink:Gene,https://purl.humanatlas.io/graph/hra-pop
HGNC:25322,RLIG1,RLIG1,biolink:Gene,https://purl.humanatlas.io/graph/hra-pop
HGNC:25325,CFAP65,CFAP65,biolink:Gene,https://purl.humanatlas.io/graph/hra-pop
HGNC:25330,CTTNBP2NL,CTTNBP2NL,biolink:Gene,https://purl.humanatlas.io/graph/hra-pop
HGNC:25341,RHEX,RHEX,biolink:Gene,https://purl.humanatlas.io/graph/hra-pop
HGNC:25345,RPL23AP32,RPL23AP32,biolink:Gene,https://purl.humanatlas.io/graph/hra-pop
HGNC:2535,CTSH,CTSH,biolink:Gene,https://purl.humanatlas.io/graph/hra-pop
HGNC:25352,ZNF710,ZNF710,biolink:Gene,https://purl.humanatlas.io/graph/hra-pop
HGNC:25354,MTCO2P2,MTCO2P2,biolink:Gene,https://purl.humanatlas.io/graph/hra-pop
HGNC:25356,SPRTN,SPRTN,biolink:Gene,https://purl.humanatlas.io/graph/hra-pop
HGNC:25360,DDX59,DDX59,biolink:Gene,https://purl.humanatlas.io/graph/hra-pop
HGNC:25361,ARHGAP24,ARHGAP24,biolink:Gene,https://purl.humanatlas.io/graph/hra-pop
HGNC:25365,ARB2A,ARB2A,biolink:Gene,https://purl.humanatlas.io/graph/hra-pop
HGNC:2537,CTSL,CTSL,biolink:Gene,https://purl.humanatlas.io/graph/hra-pop
HGNC:25370,ANKMY2,ANKMY2,biolink:Gene,https://purl.humanatlas.io/graph/hra-pop
HGNC:25372,INTS14,INTS14,biolink:Gene,https://purl.humanatlas.io/graph/hra-pop
HGNC:25373,CYRIA,CYRIA,biolink:Gene,https://purl.humanatlas.io/graph/hra-pop
HGNC:25378,FHIP1B,FHIP1B,biolink:Gene,https://purl.humanatlas.io/graph/hra-pop
HGNC:2538,CTSV,CTSV,biolink:Gene,https://purl.humanatlas.io/graph/hra-pop
HGNC:25380,TMEM163,TMEM163,biolink:Gene,https://purl.humanatlas.io/graph/hra-pop
HGNC:25382,TMEM126A,TMEM126A,biolink:Gene,https://purl.humanatlas.io/graph/hra-pop
HGNC:25387,KATNAL2,KATNAL2,biolink:Gene,https://purl.humanatlas.io/graph/hra-pop
HGNC:25391,NRK,NRK,biolink:Gene,https://purl.humanatlas.io/graph/hra-pop
HGNC:25402,OTUD5,OTUD5,biolink:Gene,https://purl.humanatlas.io/graph/hra-pop
HGNC:25403,SASS6,SASS6,biolink:Gene,https://purl.humanatlas.io/graph/hra-pop
HGNC:25405,CCDC149,CCDC149,biolink:Gene,https://purl.humanatlas.io/graph/hra-pop
HGNC:25406,ZNF664,ZNF664,biolink:Gene,https://purl.humanatlas.io/graph/hra-pop
HGNC:25407,FYTTD1,FYTTD1,biolink:Gene,https://purl.humanatlas.io/graph/hra-pop
HGNC:25408,SLF1,SLF1,biolink:Gene,https://purl.humanatlas.io/graph/hra-pop
HGNC:25412,SGIP1,SGIP1,biolink:Gene,https://purl.humanatlas.io/graph/hra-pop
HGNC:25413,SUSD1,SUSD1,biolink:Gene,https://purl.humanatlas.io/graph/hra-pop
HGNC:25415,PPM1K,PPM1K,biolink:Gene,https://purl.humanatlas.io/graph/hra-pop
HGNC:25416,ATXN7L3,ATXN7L3,biolink:Gene,https://purl.humanatlas.io/graph/hra-pop
HGNC:25417,SVOP,SVOP,biolink:Gene,https://purl.humanatlas.io/graph/hra-pop
HGNC:25418,RUNDC1,RUNDC1,biolink:Gene,https://purl.humanatlas.io/graph/hra-pop
HGNC:2542,CTSO,CTSO,biolink:Gene,https://purl.humanatlas.io/graph/hra-pop
HGNC:25420,RNF208,RNF208,biolink:Gene,https://purl.humanatlas.io/graph/hra-pop
HGNC:25422,ATP13A4,ATP13A4,biolink:Gene,https://purl.humanatlas.io/graph/hra-pop
HGNC:25428,KIAA1217,KIAA1217,biolink:Gene,https://purl.humanatlas.io/graph/hra-pop
HGNC:25429,TMEM130,TMEM130,biolink:Gene,https://purl.humanatlas.io/graph/hra-pop
HGNC:25433,MFSD4A,MFSD4A,biolink:Gene,https://purl.humanatlas.io/graph/hra-pop
HGNC:25436,TMEM132C,TMEM132C,biolink:Gene,https://purl.humanatlas.io/graph/hra-pop
HGNC:25438,PRAG1,PRAG1,biolink:Gene,https://purl.humanatlas.io/graph/hra-pop
HGNC:25439,TANGO2,TANGO2,biolink:Gene,https://purl.humanatlas.io/graph/hra-pop
HGNC:25440,TMTC2,TMTC2,biolink:Gene,https://purl.humanatlas.io/graph/hra-pop
HGNC:25442,ASB16-AS1,ASB16-AS1,biolink:Gene,https://purl.humanatlas.io/graph/hra-pop
HGNC:25444,HJURP,HJURP,biolink:Gene,https://purl.humanatlas.io/graph/hra-pop
HGNC:2545,CTSS,CTSS,biolink:Gene,https://purl.humanatlas.io/graph/hra-pop
HGNC:25450,STOX2,STOX2,biolink:Gene,https://purl.humanatlas.io/graph/hra-pop
HGNC:25451,HNRNPUL2,HNRNPUL2,biolink:Gene,https://purl.humanatlas.io/graph/hra-pop
HGNC:25452,PIP4P2,PIP4P2,biolink:Gene,https://purl.humanatlas.io/graph/hra-pop
HGNC:25457,MTURN,MTURN,biolink:Gene,https://purl.humanatlas.io/graph/hra-pop
HGNC:2546,CTSW,CTSW,biolink:Gene,https://purl.humanatlas.io/graph/hra-pop
HGNC:25460,KAZALD1,KAZALD1,biolink:Gene,https://purl.humanatlas.io/graph/hra-pop
HGNC:25461,PUS3,PUS3,biolink:Gene,https://purl.humanatlas.io/graph/hra-pop
HGNC:25464,ATG16L2,ATG16L2,biolink:Gene,https://purl.humanatlas.io/graph/hra-pop
HGNC:25467,IWS1,IWS1,biolink:Gene,https://purl.humanatlas.io/graph/hra-pop
HGNC:25469,GABPB1-IT1,GABPB1-IT1,biolink:Gene,https://purl.humanatlas.io/graph/hra-pop
HGNC:2547,CTSZ,CTSZ,biolink:Gene,https://purl.humanatlas.io/graph/hra-pop
HGNC:25474,ENOX1,ENOX1,biolink:Gene,https://purl.humanatlas.io/graph/hra-pop
HGNC:25475,BEX4,BEX4,biolink:Gene,https://purl.humanatlas.io/graph/hra-pop
HGNC:25476,TMEM248,TMEM248,biolink:Gene,https://purl.humanatlas.io/graph/hra-pop
HGNC:2548,CUBN,CUBN,biolink:Gene,https://purl.humanatlas.io/graph/hra-pop
HGNC:25480,TMEM45A,TMEM45A,biolink:Gene,https://purl.humanatlas.io/graph/hra-pop
HGNC:25482,ARGLU1,ARGLU1,biolink:Gene,https://purl.humanatlas.io/graph/hra-pop
HGNC:25484,KIF26B,KIF26B,biolink:Gene,https://purl.humanatlas.io/graph/hra-pop
HGNC:25488,TMEM51,TMEM51,biolink:Gene,https://purl.humanatlas.io/graph/hra-pop
HGNC:2549,CELF1,CELF1,biolink:Gene,https://purl.humanatlas.io/graph/hra-pop
HGNC:25490,NTAQ1,NTAQ1,biolink:Gene,https://purl.humanatlas.io/graph/hra-pop
HGNC:25491,FRMD4A,FRMD4A,biolink:Gene,https://purl.humanatlas.io/graph/hra-pop
HGNC:25495,WDR70,WDR70,biolink:Gene,https://purl.humanatlas.io/graph/hra-pop
HGNC:25499,GPATCH2,GPATCH2,biolink:Gene,https://purl.humanatlas.io/graph/hra-pop
HGNC:2550,CELF2,CELF2,biolink:Gene,https://purl.humanatlas.io/graph/hra-pop
HGNC:25501,BSDC1,BSDC1,biolink:Gene,https://purl.humanatlas.io/graph/hra-pop
HGNC:25502,TRMT13,TRMT13,biolink:Gene,https://purl.humanatlas.io/graph/hra-pop
HGNC:25503,RBM22,RBM22,biolink:Gene,https://purl.humanatlas.io/graph/hra-pop
HGNC:25505,MANSC1,MANSC1,biolink:Gene,https://purl.humanatlas.io/graph/hra-pop
HGNC:25509,ARHGAP28,ARHGAP28,biolink:Gene,https://purl.humanatlas.io/graph/hra-pop
HGNC:25512,PRPF38B,PRPF38B,biolink:Gene,https://purl.humanatlas.io/graph/hra-pop
HGNC:25514,MAP7D1,MAP7D1,biolink:Gene,https://purl.humanatlas.io/graph/hra-pop
HGNC:25516,ARHGEF40,ARHGEF40,biolink:Gene,https://purl.humanatlas.io/graph/hra-pop
HGNC:25517,HEATR1,HEATR1,biolink:Gene,https://purl.humanatlas.io/graph/hra-pop
HGNC:25521,SRBD1,SRBD1,biolink:Gene,https://purl.humanatlas.io/graph/hra-pop
HGNC:25522,WRAP53,WRAP53,biolink:Gene,https://purl.humanatlas.io/graph/hra-pop
HGNC:25523,CCDC88A,CCDC88A,biolink:Gene,https://purl.humanatlas.io/graph/hra-pop
HGNC:25527,ANKZF1,ANKZF1,biolink:Gene,https://purl.humanatlas.io/graph/hra-pop
HGNC:2553,CUL3,CUL3,biolink:Gene,https://purl.humanatlas.io/graph/hra-pop
HGNC:25531,FAR2,FAR2,biolink:Gene,https://purl.humanatlas.io/graph/hra-pop
HGNC:25535,TMEM38B,TMEM38B,biolink:Gene,https://purl.humanatlas.io/graph/hra-pop
HGNC:2554,CUL4A,CUL4A,biolink:Gene,https://purl.humanatlas.io/graph/hra-pop
HGNC:25540,ARHGEF10L,ARHGEF10L,biolink:Gene,https://purl.humanatlas.io/graph/hra-pop
HGNC:25541,TMEM33,TMEM33,biolink:Gene,https://purl.humanatlas.io/graph/hra-pop
HGNC:25542,TSR1,TSR1,biolink:Gene,https://purl.humanatlas.io/graph/hra-pop
HGNC:25546,TBCCD1,TBCCD1,biolink:Gene,https://purl.humanatlas.io/graph/hra-pop
HGNC:25558,EVA1B,EVA1B,biolink:Gene,https://purl.humanatlas.io/graph/hra-pop
HGNC:25559,RESF1,RESF1,biolink:Gene,https://purl.humanatlas.io/graph/hra-pop
HGNC:2556,CUL5,CUL5,biolink:Gene,https://purl.humanatlas.io/graph/hra-pop
HGNC:25560,RPRD1A,RPRD1A,biolink:Gene,https://purl.humanatlas.io/graph/hra-pop
HGNC:25562,PLEKHG6,PLEKHG6,biolink:Gene,https://purl.humanatlas.io/graph/hra-pop
HGNC:25564,ARL8B,ARL8B,biolink:Gene,https://purl.humanatlas.io/graph/hra-pop
HGNC:25565,FIRRM,FIRRM,biolink:Gene,https://purl.humanatlas.io/graph/hra-pop
HGNC:25566,SETD5,SETD5,biolink:Gene,https://purl.humanatlas.io/graph/hra-pop
HGNC:25567,ATAD3A,ATAD3A,biolink:Gene,https://purl.humanatlas.io/graph/hra-pop
HGNC:2557,CUX1,CUX1,biolink:Gene,https://purl.humanatlas.io/graph/hra-pop
HGNC:25572,MACO1,MACO1,biolink:Gene,https://purl.humanatlas.io/graph/hra-pop
HGNC:25575,ETNK2,ETNK2,biolink:Gene,https://purl.humanatlas.io/graph/hra-pop
HGNC:2558,CX3CR1,CX3CR1,biolink:Gene,https://purl.humanatlas.io/graph/hra-pop
HGNC:25581,UBA6,UBA6,biolink:Gene,https://purl.humanatlas.io/graph/hra-pop
HGNC:25583,ODAD2,ODAD2,biolink:Gene,https://purl.humanatlas.io/graph/hra-pop
HGNC:25588,SLC47A1,SLC47A1,biolink:Gene,https://purl.humanatlas.io/graph/hra-pop
HGNC:25589,SEPTIN11,SEPTIN11,biolink:Gene,https://purl.humanatlas.io/graph/hra-pop
HGNC:2559,CXADR,CXADR,biolink:Gene,https://purl.humanatlas.io/graph/hra-pop
HGNC:25590,OGDHL,OGDHL,biolink:Gene,https://purl.humanatlas.io/graph/hra-pop
HGNC:25591,CCDC25,CCDC25,biolink:Gene,https://purl.humanatlas.io/graph/hra-pop
HGNC:25596,TTC17,TTC17,biolink:Gene,https://purl.humanatlas.io/graph/hra-pop
HGNC:25598,TYW1,TYW1,biolink:Gene,https://purl.humanatlas.io/graph/hra-pop
HGNC:25601,WDR41,WDR41,biolink:Gene,https://purl.humanatlas.io/graph/hra-pop
HGNC:25602,THNSL2,THNSL2,biolink:Gene,https://purl.humanatlas.io/graph/hra-pop
HGNC:25603,TMEM143,TMEM143,biolink:Gene,https://purl.humanatlas.io/graph/hra-pop
HGNC:25605,TMEM19,TMEM19,biolink:Gene,https://purl.humanatlas.io/graph/hra-pop
HGNC:25607,TMEM100,TMEM100,biolink:Gene,https://purl.humanatlas.io/graph/hra-pop
HGNC:25608,VPS53,VPS53,biolink:Gene,https://purl.humanatlas.io/graph/hra-pop
HGNC:25609,ATOSA,ATOSA,biolink:Gene,https://purl.humanatlas.io/graph/hra-pop
HGNC:2561,CXCR4,CXCR4,biolink:Gene,https://purl.humanatlas.io/graph/hra-pop
HGNC:25610,FGGY,FGGY,biolink:Gene,https://purl.humanatlas.io/graph/hra-pop
HGNC:25616,UBE2W,UBE2W,biolink:Gene,https://purl.humanatlas.io/graph/hra-pop
HGNC:25618,C4orf19,C4orf19,biolink:Gene,https://purl.humanatlas.io/graph/hra-pop
HGNC:25621,ACOXL,ACOXL,biolink:Gene,https://purl.humanatlas.io/graph/hra-pop
HGNC:25622,TBC1D23,TBC1D23,biolink:Gene,https://purl.humanatlas.io/graph/hra-pop
HGNC:25628,DDX19A,DDX19A,biolink:Gene,https://purl.humanatlas.io/graph/hra-pop
HGNC:25629,OTULINL,OTULINL,biolink:Gene,https://purl.humanatlas.io/graph/hra-pop
HGNC:25632,CPPED1,CPPED1,biolink:Gene,https://purl.humanatlas.io/graph/hra-pop
HGNC:25633,TMEM144,TMEM144,biolink:Gene,https://purl.humanatlas.io/graph/hra-pop
HGNC:25634,RSAD1,RSAD1,biolink:Gene,https://purl.humanatlas.io/graph/hra-pop
HGNC:25636,MCTP2,MCTP2,biolink:Gene,https://purl.humanatlas.io/graph/hra-pop
HGNC:25638,TMA16,TMA16,biolink:Gene,https://purl.humanatlas.io/graph/hra-pop
HGNC:25639,C5orf22,C5orf22,biolink:Gene,https://purl.humanatlas.io/graph/hra-pop
HGNC:25640,UFSP2,UFSP2,biolink:Gene,https://purl.humanatlas.io/graph/hra-pop
HGNC:25641,RNLS,RNLS,biolink:Gene,https://purl.humanatlas.io/graph/hra-pop
HGNC:25645,DRAM1,DRAM1,biolink:Gene,https://purl.humanatlas.io/graph/hra-pop
HGNC:25648,MINDY1,MINDY1,biolink:Gene,https://purl.humanatlas.io/graph/hra-pop
HGNC:25651,WDR33,WDR33,biolink:Gene,https://purl.humanatlas.io/graph/hra-pop
HGNC:25652,LSG1,LSG1,biolink:Gene,https://purl.humanatlas.io/graph/hra-pop
HGNC:25657,BCORL1,BCORL1,biolink:Gene,https://purl.humanatlas.io/graph/hra-pop
HGNC:25660,TTC21B,TTC21B,biolink:Gene,https://purl.humanatlas.io/graph/hra-pop
HGNC:25666,ATOSB,ATOSB,biolink:Gene,https://purl.humanatlas.io/graph/hra-pop
HGNC:25668,BEND5,BEND5,biolink:Gene,https://purl.humanatlas.io/graph/hra-pop
HGNC:2567,OFD1,OFD1,biolink:Gene,https://purl.humanatlas.io/graph/hra-pop
HGNC:25674,MEAF6,MEAF6,biolink:Gene,https://purl.humanatlas.io/graph/hra-pop
HGNC:25676,GORAB,GORAB,biolink:Gene,https://purl.humanatlas.io/graph/hra-pop
HGNC:2568,MAMLD1,MAMLD1,biolink:Gene,https://purl.humanatlas.io/graph/hra-pop
HGNC:25683,UBTD1,UBTD1,biolink:Gene,https://purl.humanatlas.io/graph/hra-pop
HGNC:25687,PAAF1,PAAF1,biolink:Gene,https://purl.humanatlas.io/graph/hra-pop
HGNC:25695,CARS2,CARS2,biolink:Gene,https://purl.humanatlas.io/graph/hra-pop
HGNC:25697,GSDMD,GSDMD,biolink:Gene,https://purl.humanatlas.io/graph/hra-pop
HGNC:257,ADK,ADK,biolink:Gene,https://purl.humanatlas.io/graph/hra-pop
HGNC:2570,CYB5A,CYB5A,biolink:Gene,https://purl.humanatlas.io/graph/hra-pop
HGNC:25701,CHD9,CHD9,biolink:Gene,https://purl.humanatlas.io/graph/hra-pop
HGNC:25706,WDR59,WDR59,biolink:Gene,https://purl.humanatlas.io/graph/hra-pop
HGNC:25712,PGAP1,PGAP1,biolink:Gene,https://purl.humanatlas.io/graph/hra-pop
HGNC:25714,CCDC51,CCDC51,biolink:Gene,https://purl.humanatlas.io/graph/hra-pop
HGNC:25716,COA7,COA7,biolink:Gene,https://purl.humanatlas.io/graph/hra-pop
HGNC:25717,NT5DC2,NT5DC2,biolink:Gene,https://purl.humanatlas.io/graph/hra-pop
HGNC:25720,GPATCH3,GPATCH3,biolink:Gene,https://purl.humanatlas.io/graph/hra-pop
HGNC:25721,IQCH,IQCH,biolink:Gene,https://purl.humanatlas.io/graph/hra-pop
HGNC:25726,LAS1L,LAS1L,biolink:Gene,https://purl.humanatlas.io/graph/hra-pop
HGNC:25731,KBTBD12,KBTBD12,biolink:Gene,https://purl.humanatlas.io/graph/hra-pop
HGNC:25734,PTCD2,PTCD2,biolink:Gene,https://purl.humanatlas.io/graph/hra-pop
HGNC:25735,VEPH1,VEPH1,biolink:Gene,https://purl.humanatlas.io/graph/hra-pop
HGNC:25736,ZNF669,ZNF669,biolink:Gene,https://purl.humanatlas.io/graph/hra-pop
HGNC:25737,NHEJ1,NHEJ1,biolink:Gene,https://purl.humanatlas.io/graph/hra-pop
HGNC:25740,CEP78,CEP78,biolink:Gene,https://purl.humanatlas.io/graph/hra-pop
HGNC:25748,TRMT2B,TRMT2B,biolink:Gene,https://purl.humanatlas.io/graph/hra-pop
HGNC:25749,TANGO6,TANGO6,biolink:Gene,https://purl.humanatlas.io/graph/hra-pop
HGNC:25752,ATAD5,ATAD5,biolink:Gene,https://purl.humanatlas.io/graph/hra-pop
HGNC:25754,VPS37B,VPS37B,biolink:Gene,https://purl.humanatlas.io/graph/hra-pop
HGNC:25755,METTL2A,METTL2A,biolink:Gene,https://purl.humanatlas.io/graph/hra-pop
HGNC:25764,RMI1,RMI1,biolink:Gene,https://purl.humanatlas.io/graph/hra-pop
HGNC:2577,CYBA,CYBA,biolink:Gene,https://purl.humanatlas.io/graph/hra-pop
HGNC:25774,TCTN2,TCTN2,biolink:Gene,https://purl.humanatlas.io/graph/hra-pop
HGNC:25777,RFX7,RFX7,biolink:Gene,https://purl.humanatlas.io/graph/hra-pop
HGNC:2578,CYBB,CYBB,biolink:Gene,https://purl.humanatlas.io/graph/hra-pop
HGNC:25781,ARMC5,ARMC5,biolink:Gene,https://purl.humanatlas.io/graph/hra-pop
HGNC:25783,NAA25,NAA25,biolink:Gene,https://purl.humanatlas.io/graph/hra-pop
HGNC:25786,REEP1,REEP1,biolink:Gene,https://purl.humanatlas.io/graph/hra-pop
HGNC:25788,ARMH3,ARMH3,biolink:Gene,https://purl.humanatlas.io/graph/hra-pop
HGNC:2579,CYC1,CYC1,biolink:Gene,https://purl.humanatlas.io/graph/hra-pop
HGNC:25790,FASTKD5,FASTKD5,biolink:Gene,https://purl.humanatlas.io/graph/hra-pop
HGNC:25794,FAM204A,FAM204A,biolink:Gene,https://purl.humanatlas.io/graph/hra-pop
HGNC:25799,GUF1,GUF1,biolink:Gene,https://purl.humanatlas.io/graph/hra-pop
HGNC:25801,CPLANE1,CPLANE1,biolink:Gene,https://purl.humanatlas.io/graph/hra-pop
HGNC:25805,CCNP,CCNP,biolink:Gene,https://purl.humanatlas.io/graph/hra-pop
HGNC:25808,FAM161A,FAM161A,biolink:Gene,https://purl.humanatlas.io/graph/hra-pop
HGNC:25813,GVINP1,GVINP1,biolink:Gene,https://purl.humanatlas.io/graph/hra-pop
HGNC:25815,CEP63,CEP63,biolink:Gene,https://purl.humanatlas.io/graph/hra-pop
HGNC:25817,TUT7,TUT7,biolink:Gene,https://purl.humanatlas.io/graph/hra-pop
HGNC:25818,BRD9,BRD9,biolink:Gene,https://purl.humanatlas.io/graph/hra-pop
HGNC:25820,ZYG11B,ZYG11B,biolink:Gene,https://purl.humanatlas.io/graph/hra-pop
HGNC:25823,OGFOD2,OGFOD2,biolink:Gene,https://purl.humanatlas.io/graph/hra-pop
HGNC:25826,TMEM168,TMEM168,biolink:Gene,https://purl.humanatlas.io/graph/hra-pop
HGNC:25835,THSD4,THSD4,biolink:Gene,https://purl.humanatlas.io/graph/hra-pop
HGNC:25836,RIPOR1,RIPOR1,biolink:Gene,https://purl.humanatlas.io/graph/hra-pop
HGNC:2584,CYLD,CYLD,biolink:Gene,https://purl.humanatlas.io/graph/hra-pop
HGNC:25841,SYDE2,SYDE2,biolink:Gene,https://purl.humanatlas.io/graph/hra-pop
HGNC:25844,ZMAT4,ZMAT4,biolink:Gene,https://purl.humanatlas.io/graph/hra-pop
HGNC:25847,UBE2Z,UBE2Z,biolink:Gene,https://purl.humanatlas.io/graph/hra-pop
HGNC:25849,TEDC2,TEDC2,biolink:Gene,https://purl.humanatlas.io/graph/hra-pop
HGNC:25851,GINS3,GINS3,biolink:Gene,https://purl.humanatlas.io/graph/hra-pop
HGNC:25854,NIPAL2,NIPAL2,biolink:Gene,https://purl.humanatlas.io/graph/hra-pop
HGNC:25856,METTL8,METTL8,biolink:Gene,https://purl.humanatlas.io/graph/hra-pop
HGNC:25857,NSUN7,NSUN7,biolink:Gene,https://purl.humanatlas.io/graph/hra-pop
HGNC:25858,ZFAND1,ZFAND1,biolink:Gene,https://purl.humanatlas.io/graph/hra-pop
HGNC:2586,CLIP2,CLIP2,biolink:Gene,https://purl.humanatlas.io/graph/hra-pop
HGNC:25864,TMEM35A,TMEM35A,biolink:Gene,https://purl.humanatlas.io/graph/hra-pop
HGNC:25866,DIPK2B,DIPK2B,biolink:Gene,https://purl.humanatlas.io/graph/hra-pop
HGNC:25872,ZNF696,ZNF696,biolink:Gene,https://purl.humanatlas.io/graph/hra-pop
HGNC:25873,C1orf115,C1orf115,biolink:Gene,https://purl.humanatlas.io/graph/hra-pop
HGNC:25874,MFSD1,MFSD1,biolink:Gene,https://purl.humanatlas.io/graph/hra-pop
HGNC:25876,CCNJL,CCNJL,biolink:Gene,https://purl.humanatlas.io/graph/hra-pop
HGNC:25881,DNAJB14,DNAJB14,biolink:Gene,https://purl.humanatlas.io/graph/hra-pop
HGNC:25886,MZT2B,MZT2B,biolink:Gene,https://purl.humanatlas.io/graph/hra-pop
HGNC:25888,KLHL22,KLHL22,biolink:Gene,https://purl.humanatlas.io/graph/hra-pop
HGNC:25891,CBR4,CBR4,biolink:Gene,https://purl.humanatlas.io/graph/hra-pop
HGNC:25892,AGBL4,AGBL4,biolink:Gene,https://purl.humanatlas.io/graph/hra-pop
HGNC:25894,ZNF514,ZNF514,biolink:Gene,https://purl.humanatlas.io/graph/hra-pop
HGNC:25897,MFSD2A,MFSD2A,biolink:Gene,https://purl.humanatlas.io/graph/hra-pop
HGNC:259,ADM,ADM,biolink:Gene,https://purl.humanatlas.io/graph/hra-pop
HGNC:25901,AFAP1L2,AFAP1L2,biolink:Gene,https://purl.humanatlas.io/graph/hra-pop
HGNC:25904,TMTC4,TMTC4,biolink:Gene,https://purl.humanatlas.io/graph/hra-pop
HGNC:25905,RNFT2,RNFT2,biolink:Gene,https://purl.humanatlas.io/graph/hra-pop
HGNC:25906,NFATC2IP,NFATC2IP,biolink:Gene,https://purl.humanatlas.io/graph/hra-pop
HGNC:25918,VCF1,VCF1,biolink:Gene,https://purl.humanatlas.io/graph/hra-pop
HGNC:25920,SPRYD3,SPRYD3,biolink:Gene,https://purl.humanatlas.io/graph/hra-pop
HGNC:25926,MEDAG,MEDAG,biolink:Gene,https://purl.humanatlas.io/graph/hra-pop
HGNC:2593,CYP17A1,CYP17A1,biolink:Gene,https://purl.humanatlas.io/graph/hra-pop
HGNC:25930,PRPF38A,PRPF38A,biolink:Gene,https://purl.humanatlas.io/graph/hra-pop
HGNC:25931,CGNL1,CGNL1,biolink:Gene,https://purl.humanatlas.io/graph/hra-pop
HGNC:25937,C11orf71,C11orf71,biolink:Gene,https://purl.humanatlas.io/graph/hra-pop
HGNC:25941,TET2,TET2,biolink:Gene,https://purl.humanatlas.io/graph/hra-pop
HGNC:25942,DDX60,DDX60,biolink:Gene,https://purl.humanatlas.io/graph/hra-pop
HGNC:25945,ARL15,ARL15,biolink:Gene,https://purl.humanatlas.io/graph/hra-pop
HGNC:25947,KLHL24,KLHL24,biolink:Gene,https://purl.humanatlas.io/graph/hra-pop
HGNC:25951,AFTPH,AFTPH,biolink:Gene,https://purl.humanatlas.io/graph/hra-pop
HGNC:25952,QPCTL,QPCTL,biolink:Gene,https://purl.humanatlas.io/graph/hra-pop
HGNC:25953,ZNF280D,ZNF280D,biolink:Gene,https://purl.humanatlas.io/graph/hra-pop
HGNC:25960,NUP62CL,NUP62CL,biolink:Gene,https://purl.humanatlas.io/graph/hra-pop
HGNC:25964,RETREG1,RETREG1,biolink:Gene,https://purl.humanatlas.io/graph/hra-pop
HGNC:25965,LRRC49,LRRC49,biolink:Gene,https://purl.humanatlas.io/graph/hra-pop
HGNC:25967,SIDT1,SIDT1,biolink:Gene,https://purl.humanatlas.io/graph/hra-pop
HGNC:25968,ARHGEF38,ARHGEF38,biolink:Gene,https://purl.humanatlas.io/graph/hra-pop
HGNC:2597,CYP1B1,CYP1B1,biolink:Gene,https://purl.humanatlas.io/graph/hra-pop
HGNC:25970,ANKRD49,ANKRD49,biolink:Gene,https://purl.humanatlas.io/graph/hra-pop
HGNC:25978,RNF186,RNF186,biolink:Gene,https://purl.humanatlas.io/graph/hra-pop
HGNC:25980,TRMT1,TRMT1,biolink:Gene,https://purl.humanatlas.io/graph/hra-pop
HGNC:25986,TTC27,TTC27,biolink:Gene,https://purl.humanatlas.io/graph/hra-pop
HGNC:2599,CYP21A1P,CYP21A1P,biolink:Gene,https://purl.humanatlas.io/graph/hra-pop
HGNC:25990,AMBRA1,AMBRA1,biolink:Gene,https://purl.humanatlas.io/graph/hra-pop
HGNC:25991,RETSAT,RETSAT,biolink:Gene,https://purl.humanatlas.io/graph/hra-pop
HGNC:25994,NSUN2,NSUN2,biolink:Gene,https://purl.humanatlas.io/graph/hra-pop
HGNC:25996,ALKBH5,ALKBH5,biolink:Gene,https://purl.humanatlas.io/graph/hra-pop
HGNC:25997,INO80D,INO80D,biolink:Gene,https://purl.humanatlas.io/graph/hra-pop
HGNC:25999,MTMR10,MTMR10,biolink:Gene,https://purl.humanatlas.io/graph/hra-pop
HGNC:2600,CYP21A2,CYP21A2,biolink:Gene,https://purl.humanatlas.io/graph/hra-pop
HGNC:26002,CASZ1,CASZ1,biolink:Gene,https://purl.humanatlas.io/graph/hra-pop
HGNC:26005,LAX1,LAX1,biolink:Gene,https://purl.humanatlas.io/graph/hra-pop
HGNC:26006,TTC19,TTC19,biolink:Gene,https://purl.humanatlas.io/graph/hra-pop
HGNC:26009,SH3TC1,SH3TC1,biolink:Gene,https://purl.humanatlas.io/graph/hra-pop
HGNC:26010,SPDL1,SPDL1,biolink:Gene,https://purl.humanatlas.io/graph/hra-pop
HGNC:26011,SYBU,SYBU,biolink:Gene,https://purl.humanatlas.io/graph/hra-pop
HGNC:26015,RPL39P5,RPL39P5,biolink:Gene,https://purl.humanatlas.io/graph/hra-pop
HGNC:26016,LIME1,LIME1,biolink:Gene,https://purl.humanatlas.io/graph/hra-pop
HGNC:2602,CYP24A1,CYP24A1,biolink:Gene,https://purl.humanatlas.io/graph/hra-pop
HGNC:26032,LPCAT2,LPCAT2,biolink:Gene,https://purl.humanatlas.io/graph/hra-pop
HGNC:26035,SLC48A1,SLC48A1,biolink:Gene,https://purl.humanatlas.io/graph/hra-pop
HGNC:26038,TMEM127,TMEM127,biolink:Gene,https://purl.humanatlas.io/graph/hra-pop
HGNC:26041,TXNL4B,TXNL4B,biolink:Gene,https://purl.humanatlas.io/graph/hra-pop
HGNC:26042,TMEM160,TMEM160,biolink:Gene,https://purl.humanatlas.io/graph/hra-pop
HGNC:26045,C1orf56,C1orf56,biolink:Gene,https://purl.humanatlas.io/graph/hra-pop
HGNC:26046,PIGX,PIGX,biolink:Gene,https://purl.humanatlas.io/graph/hra-pop
HGNC:26049,ZNF692,ZNF692,biolink:Gene,https://purl.humanatlas.io/graph/hra-pop
HGNC:2605,CYP27A1,CYP27A1,biolink:Gene,https://purl.humanatlas.io/graph/hra-pop
HGNC:26057,NMRK1,NMRK1,biolink:Gene,https://purl.humanatlas.io/graph/hra-pop
HGNC:26059,CZIB,CZIB,biolink:Gene,https://purl.humanatlas.io/graph/hra-pop
HGNC:26060,ACSM5,ACSM5,biolink:Gene,https://purl.humanatlas.io/graph/hra-pop
HGNC:26061,ZNF770,ZNF770,biolink:Gene,https://purl.humanatlas.io/graph/hra-pop
HGNC:26065,TESC,TESC,biolink:Gene,https://purl.humanatlas.io/graph/hra-pop
HGNC:26066,TUG1,TUG1,biolink:Gene,https://purl.humanatlas.io/graph/hra-pop
HGNC:26068,LAMTOR1,LAMTOR1,biolink:Gene,https://purl.humanatlas.io/graph/hra-pop
HGNC:26073,FAM174C,FAM174C,biolink:Gene,https://purl.humanatlas.io/graph/hra-pop
HGNC:26075,PIH1D1,PIH1D1,biolink:Gene,https://purl.humanatlas.io/graph/hra-pop
HGNC:26077,MARCHF1,MARCHF1,biolink:Gene,https://purl.humanatlas.io/graph/hra-pop
HGNC:26079,DENND4C,DENND4C,biolink:Gene,https://purl.humanatlas.io/graph/hra-pop
HGNC:26082,TTC38,TTC38,biolink:Gene,https://purl.humanatlas.io/graph/hra-pop
HGNC:26084,PID1,PID1,biolink:Gene,https://purl.humanatlas.io/graph/hra-pop
HGNC:26089,ZNHIT6,ZNHIT6,biolink:Gene,https://purl.humanatlas.io/graph/hra-pop
HGNC:26090,CCDC40,CCDC40,biolink:Gene,https://purl.humanatlas.io/graph/hra-pop
HGNC:26098,REX1BD,REX1BD,biolink:Gene,https://purl.humanatlas.io/graph/hra-pop
HGNC:26099,ARHGAP10,ARHGAP10,biolink:Gene,https://purl.humanatlas.io/graph/hra-pop
HGNC:26101,ACSF2,ACSF2,biolink:Gene,https://purl.humanatlas.io/graph/hra-pop
HGNC:26102,SH2D4A,SH2D4A,biolink:Gene,https://purl.humanatlas.io/graph/hra-pop
HGNC:26103,CCDC30,CCDC30,biolink:Gene,https://purl.humanatlas.io/graph/hra-pop
HGNC:26104,C8orf33,C8orf33,biolink:Gene,https://purl.humanatlas.io/graph/hra-pop
HGNC:26107,CFAP69,CFAP69,biolink:Gene,https://purl.humanatlas.io/graph/hra-pop
HGNC:26108,CLIP4,CLIP4,biolink:Gene,https://purl.humanatlas.io/graph/hra-pop
HGNC:26111,ABHD18,ABHD18,biolink:Gene,https://purl.humanatlas.io/graph/hra-pop
HGNC:26112,RTL10,RTL10,biolink:Gene,https://purl.humanatlas.io/graph/hra-pop
HGNC:26117,HECTD3,HECTD3,biolink:Gene,https://purl.humanatlas.io/graph/hra-pop
HGNC:26118,MAP9,MAP9,biolink:Gene,https://purl.humanatlas.io/graph/hra-pop
HGNC:26121,TCEAL4,TCEAL4,biolink:Gene,https://purl.humanatlas.io/graph/hra-pop
HGNC:26124,PARP8,PARP8,biolink:Gene,https://purl.humanatlas.io/graph/hra-pop
HGNC:26125,SPATA20,SPATA20,biolink:Gene,https://purl.humanatlas.io/graph/hra-pop
HGNC:26129,RASAL3,RASAL3,biolink:Gene,https://purl.humanatlas.io/graph/hra-pop
HGNC:26136,GAREM1,GAREM1,biolink:Gene,https://purl.humanatlas.io/graph/hra-pop
HGNC:26137,HMBOX1,HMBOX1,biolink:Gene,https://purl.humanatlas.io/graph/hra-pop
HGNC:26148,CRTC3,CRTC3,biolink:Gene,https://purl.humanatlas.io/graph/hra-pop
HGNC:26151,RPAP3,RPAP3,biolink:Gene,https://purl.humanatlas.io/graph/hra-pop
HGNC:26153,INTS3,INTS3,biolink:Gene,https://purl.humanatlas.io/graph/hra-pop
HGNC:26159,CPED1,CPED1,biolink:Gene,https://purl.humanatlas.io/graph/hra-pop
HGNC:26161,CORO7,CORO7,biolink:Gene,https://purl.humanatlas.io/graph/hra-pop
HGNC:26164,NAA16,NAA16,biolink:Gene,https://purl.humanatlas.io/graph/hra-pop
HGNC:26168,ARMC7,ARMC7,biolink:Gene,https://purl.humanatlas.io/graph/hra-pop
HGNC:26174,OGFOD3,OGFOD3,biolink:Gene,https://purl.humanatlas.io/graph/hra-pop
HGNC:26178,FHOD3,FHOD3,biolink:Gene,https://purl.humanatlas.io/graph/hra-pop
HGNC:26183,MCTP1,MCTP1,biolink:Gene,https://purl.humanatlas.io/graph/hra-pop
HGNC:26184,TUT1,TUT1,biolink:Gene,https://purl.humanatlas.io/graph/hra-pop
HGNC:26185,CCDC134,CCDC134,biolink:Gene,https://purl.humanatlas.io/graph/hra-pop
HGNC:26190,MTMR14,MTMR14,biolink:Gene,https://purl.humanatlas.io/graph/hra-pop
HGNC:26191,ZNF385D,ZNF385D,biolink:Gene,https://purl.humanatlas.io/graph/hra-pop
HGNC:26192,DENND2D,DENND2D,biolink:Gene,https://purl.humanatlas.io/graph/hra-pop
HGNC:26193,CSPP1,CSPP1,biolink:Gene,https://purl.humanatlas.io/graph/hra-pop
HGNC:26196,MFSD13A,MFSD13A,biolink:Gene,https://purl.humanatlas.io/graph/hra-pop
HGNC:26197,TOP6BL,TOP6BL,biolink:Gene,https://purl.humanatlas.io/graph/hra-pop
HGNC:26200,STN1,STN1,biolink:Gene,https://purl.humanatlas.io/graph/hra-pop
HGNC:26204,TTC13,TTC13,biolink:Gene,https://purl.humanatlas.io/graph/hra-pop
HGNC:26209,ZCCHC7,ZCCHC7,biolink:Gene,https://purl.humanatlas.io/graph/hra-pop
HGNC:26210,PGGHG,PGGHG,biolink:Gene,https://purl.humanatlas.io/graph/hra-pop
HGNC:26211,LINC00115,LINC00115,biolink:Gene,https://purl.humanatlas.io/graph/hra-pop
HGNC:26212,SPCS3,SPCS3,biolink:Gene,https://purl.humanatlas.io/graph/hra-pop
HGNC:26213,RERGL,RERGL,biolink:Gene,https://purl.humanatlas.io/graph/hra-pop
HGNC:26221,OCEL1,OCEL1,biolink:Gene,https://purl.humanatlas.io/graph/hra-pop
HGNC:26222,FAR1,FAR1,biolink:Gene,https://purl.humanatlas.io/graph/hra-pop
HGNC:26228,METTL25,METTL25,biolink:Gene,https://purl.humanatlas.io/graph/hra-pop
HGNC:26232,NABP1,NABP1,biolink:Gene,https://purl.humanatlas.io/graph/hra-pop
HGNC:26233,EFHC2,EFHC2,biolink:Gene,https://purl.humanatlas.io/graph/hra-pop
HGNC:26235,CIAO2A,CIAO2A,biolink:Gene,https://purl.humanatlas.io/graph/hra-pop
HGNC:26236,SH3D21,SH3D21,biolink:Gene,https://purl.humanatlas.io/graph/hra-pop
HGNC:26242,TTLL7,TTLL7,biolink:Gene,https://purl.humanatlas.io/graph/hra-pop
HGNC:26250,WBP11P1,WBP11P1,biolink:Gene,https://purl.humanatlas.io/graph/hra-pop
HGNC:26252,DNAI4,DNAI4,biolink:Gene,https://purl.humanatlas.io/graph/hra-pop
HGNC:26253,ZMYM1,ZMYM1,biolink:Gene,https://purl.humanatlas.io/graph/hra-pop
HGNC:26255,C3orf52,C3orf52,biolink:Gene,https://purl.humanatlas.io/graph/hra-pop
HGNC:26256,NDNF,NDNF,biolink:Gene,https://purl.humanatlas.io/graph/hra-pop
HGNC:26258,C1orf54,C1orf54,biolink:Gene,https://purl.humanatlas.io/graph/hra-pop
HGNC:26259,ZC3H12A,ZC3H12A,biolink:Gene,https://purl.humanatlas.io/graph/hra-pop
HGNC:26260,TMEM156,TMEM156,biolink:Gene,https://purl.humanatlas.io/graph/hra-pop
HGNC:26261,LRRC31,LRRC31,biolink:Gene,https://purl.humanatlas.io/graph/hra-pop
HGNC:26269,TMEM62,TMEM62,biolink:Gene,https://purl.humanatlas.io/graph/hra-pop
HGNC:26270,PIEZO2,PIEZO2,biolink:Gene,https://purl.humanatlas.io/graph/hra-pop
HGNC:26272,LRRC8E,LRRC8E,biolink:Gene,https://purl.humanatlas.io/graph/hra-pop
HGNC:26276,CAMKMT,CAMKMT,biolink:Gene,https://purl.humanatlas.io/graph/hra-pop
HGNC:26277,TNFAIP8L2,TNFAIP8L2,biolink:Gene,https://purl.humanatlas.io/graph/hra-pop
HGNC:26278,ISOC2,ISOC2,biolink:Gene,https://purl.humanatlas.io/graph/hra-pop
HGNC:26279,ZNF671,ZNF671,biolink:Gene,https://purl.humanatlas.io/graph/hra-pop
HGNC:26287,MROH9,MROH9,biolink:Gene,https://purl.humanatlas.io/graph/hra-pop
HGNC:26288,JHY,JHY,biolink:Gene,https://purl.humanatlas.io/graph/hra-pop
HGNC:26292,ELOVL7,ELOVL7,biolink:Gene,https://purl.humanatlas.io/graph/hra-pop
HGNC:26294,C22orf46P,C22orf46P,biolink:Gene,https://purl.humanatlas.io/graph/hra-pop
HGNC:26295,CCDC102B,CCDC102B,biolink:Gene,https://purl.humanatlas.io/graph/hra-pop
HGNC:26302,LONRF1,LONRF1,biolink:Gene,https://purl.humanatlas.io/graph/hra-pop
HGNC:26307,HEXD,HEXD,biolink:Gene,https://purl.humanatlas.io/graph/hra-pop
HGNC:26308,CDHR3,CDHR3,biolink:Gene,https://purl.humanatlas.io/graph/hra-pop
HGNC:26310,KANSL1L,KANSL1L,biolink:Gene,https://purl.humanatlas.io/graph/hra-pop
HGNC:26318,SHLD1,SHLD1,biolink:Gene,https://purl.humanatlas.io/graph/hra-pop
HGNC:26319,C1orf74,C1orf74,biolink:Gene,https://purl.humanatlas.io/graph/hra-pop
HGNC:26320,SAMD8,SAMD8,biolink:Gene,https://purl.humanatlas.io/graph/hra-pop
HGNC:26332,ZNF385B,ZNF385B,biolink:Gene,https://purl.humanatlas.io/graph/hra-pop
HGNC:26333,SRFBP1,SRFBP1,biolink:Gene,https://purl.humanatlas.io/graph/hra-pop
HGNC:26342,SPMIP2,SPMIP2,biolink:Gene,https://purl.humanatlas.io/graph/hra-pop
HGNC:26344,DEUP1,DEUP1,biolink:Gene,https://purl.humanatlas.io/graph/hra-pop
HGNC:26347,EIF3CL,EIF3CL,biolink:Gene,https://purl.humanatlas.io/graph/hra-pop
HGNC:26351,DDIAS,DDIAS,biolink:Gene,https://purl.humanatlas.io/graph/hra-pop
HGNC:26353,RANBP3L,RANBP3L,biolink:Gene,https://purl.humanatlas.io/graph/hra-pop
HGNC:26359,PXDNL,PXDNL,biolink:Gene,https://purl.humanatlas.io/graph/hra-pop
HGNC:26373,PRTG,PRTG,biolink:Gene,https://purl.humanatlas.io/graph/hra-pop
HGNC:2638,CYP3A5,CYP3A5,biolink:Gene,https://purl.humanatlas.io/graph/hra-pop
HGNC:26399,AQP4-AS1,AQP4-AS1,biolink:Gene,https://purl.humanatlas.io/graph/hra-pop
HGNC:26400,HENMT1,HENMT1,biolink:Gene,https://purl.humanatlas.io/graph/hra-pop
HGNC:26406,SCLT1,SCLT1,biolink:Gene,https://purl.humanatlas.io/graph/hra-pop
HGNC:26407,LSM12,LSM12,biolink:Gene,https://purl.humanatlas.io/graph/hra-pop
HGNC:2641,CYP46A1,CYP46A1,biolink:Gene,https://purl.humanatlas.io/graph/hra-pop
HGNC:26413,FAM124A,FAM124A,biolink:Gene,https://purl.humanatlas.io/graph/hra-pop
HGNC:2642,CYP4A11,CYP4A11,biolink:Gene,https://purl.humanatlas.io/graph/hra-pop
HGNC:26420,ZNF573,ZNF573,biolink:Gene,https://purl.humanatlas.io/graph/hra-pop
HGNC:26423,SNX32,SNX32,biolink:Gene,https://purl.humanatlas.io/graph/hra-pop
HGNC:26425,IFT70B,IFT70B,biolink:Gene,https://purl.humanatlas.io/graph/hra-pop
HGNC:26428,FAAP20,FAAP20,biolink:Gene,https://purl.humanatlas.io/graph/hra-pop
HGNC:26429,DDX60L,DDX60L,biolink:Gene,https://purl.humanatlas.io/graph/hra-pop
HGNC:26430,IKBIP,IKBIP,biolink:Gene,https://purl.humanatlas.io/graph/hra-pop
HGNC:26433,ZMAT2,ZMAT2,biolink:Gene,https://purl.humanatlas.io/graph/hra-pop
HGNC:26438,TMEM52B,TMEM52B,biolink:Gene,https://purl.humanatlas.io/graph/hra-pop
HGNC:26440,FAAH2,FAAH2,biolink:Gene,https://purl.humanatlas.io/graph/hra-pop
HGNC:26441,SLC6A18,SLC6A18,biolink:Gene,https://purl.humanatlas.io/graph/hra-pop
HGNC:26442,NUDT16,NUDT16,biolink:Gene,https://purl.humanatlas.io/graph/hra-pop
HGNC:26445,PSMA3-AS1,PSMA3-AS1,biolink:Gene,https://purl.humanatlas.io/graph/hra-pop
HGNC:26453,CLHC1,CLHC1,biolink:Gene,https://purl.humanatlas.io/graph/hra-pop
HGNC:26456,CFAP54,CFAP54,biolink:Gene,https://purl.humanatlas.io/graph/hra-pop
HGNC:26457,ZNF681,ZNF681,biolink:Gene,https://purl.humanatlas.io/graph/hra-pop
HGNC:26458,TEPSIN,TEPSIN,biolink:Gene,https://purl.humanatlas.io/graph/hra-pop
HGNC:26459,CES5A,CES5A,biolink:Gene,https://purl.humanatlas.io/graph/hra-pop
HGNC:2646,CYP4F3,CYP4F3,biolink:Gene,https://purl.humanatlas.io/graph/hra-pop
HGNC:26463,SPATA33,SPATA33,biolink:Gene,https://purl.humanatlas.io/graph/hra-pop
HGNC:26465,YTHDF3,YTHDF3,biolink:Gene,https://purl.humanatlas.io/graph/hra-pop
HGNC:26480,CD300LD-AS1,CD300LD-AS1,biolink:Gene,https://purl.humanatlas.io/graph/hra-pop
HGNC:26483,GLT1D1,GLT1D1,biolink:Gene,https://purl.humanatlas.io/graph/hra-pop
HGNC:26489,TMEM154,TMEM154,biolink:Gene,https://purl.humanatlas.io/graph/hra-pop
HGNC:26495,ERP27,ERP27,biolink:Gene,https://purl.humanatlas.io/graph/hra-pop
HGNC:26508,CWF19L2,CWF19L2,biolink:Gene,https://purl.humanatlas.io/graph/hra-pop
HGNC:26509,PHETA1,PHETA1,biolink:Gene,https://purl.humanatlas.io/graph/hra-pop
HGNC:26511,HSPB6,HSPB6,biolink:Gene,https://purl.humanatlas.io/graph/hra-pop
HGNC:26512,BROX,BROX,biolink:Gene,https://purl.humanatlas.io/graph/hra-pop
HGNC:26513,NSMCE2,NSMCE2,biolink:Gene,https://purl.humanatlas.io/graph/hra-pop
HGNC:26516,CYB5D1,CYB5D1,biolink:Gene,https://purl.humanatlas.io/graph/hra-pop
HGNC:2652,CYP7B1,CYP7B1,biolink:Gene,https://purl.humanatlas.io/graph/hra-pop
HGNC:26527,HGSNAT,HGSNAT,biolink:Gene,https://purl.humanatlas.io/graph/hra-pop
HGNC:26528,CCDC42,CCDC42,biolink:Gene,https://purl.humanatlas.io/graph/hra-pop
HGNC:26532,DNHD1,DNHD1,biolink:Gene,https://purl.humanatlas.io/graph/hra-pop
HGNC:26533,CCDC7,CCDC7,biolink:Gene,https://purl.humanatlas.io/graph/hra-pop
HGNC:26535,SHOC1,SHOC1,biolink:Gene,https://purl.humanatlas.io/graph/hra-pop
HGNC:26538,VWA5B1,VWA5B1,biolink:Gene,https://purl.humanatlas.io/graph/hra-pop
HGNC:2654,CCN1,CCN1,biolink:Gene,https://purl.humanatlas.io/graph/hra-pop
HGNC:26542,MPP7,MPP7,biolink:Gene,https://purl.humanatlas.io/graph/hra-pop
HGNC:26545,ARHGAP42,ARHGAP42,biolink:Gene,https://purl.humanatlas.io/graph/hra-pop
HGNC:26551,DZIP1L,DZIP1L,biolink:Gene,https://purl.humanatlas.io/graph/hra-pop
HGNC:26552,CCDC33,CCDC33,biolink:Gene,https://purl.humanatlas.io/graph/hra-pop
HGNC:26554,TEKT5,TEKT5,biolink:Gene,https://purl.humanatlas.io/graph/hra-pop
HGNC:26564,AXDND1,AXDND1,biolink:Gene,https://purl.humanatlas.io/graph/hra-pop
HGNC:26572,TMEM71,TMEM71,biolink:Gene,https://purl.humanatlas.io/graph/hra-pop
HGNC:26588,GAPT,GAPT,biolink:Gene,https://purl.humanatlas.io/graph/hra-pop
HGNC:26593,LY86-AS1,LY86-AS1,biolink:Gene,https://purl.humanatlas.io/graph/hra-pop
HGNC:26595,TTC39C,TTC39C,biolink:Gene,https://purl.humanatlas.io/graph/hra-pop
HGNC:26607,SLC35G1,SLC35G1,biolink:Gene,https://purl.humanatlas.io/graph/hra-pop
HGNC:2661,DAB1,DAB1,biolink:Gene,https://purl.humanatlas.io/graph/hra-pop
HGNC:26611,HECTD4,HECTD4,biolink:Gene,https://purl.humanatlas.io/graph/hra-pop
HGNC:26617,MLKL,MLKL,biolink:Gene,https://purl.humanatlas.io/graph/hra-pop
HGNC:2662,DAB2,DAB2,biolink:Gene,https://purl.humanatlas.io/graph/hra-pop
HGNC:26625,UGT3A1,UGT3A1,biolink:Gene,https://purl.humanatlas.io/graph/hra-pop
HGNC:2663,DACH1,DACH1,biolink:Gene,https://purl.humanatlas.io/graph/hra-pop
HGNC:26633,SLFN11,SLFN11,biolink:Gene,https://purl.humanatlas.io/graph/hra-pop
HGNC:26636,ZBTB38,ZBTB38,biolink:Gene,https://purl.humanatlas.io/graph/hra-pop
HGNC:26639,XXYLT1,XXYLT1,biolink:Gene,https://purl.humanatlas.io/graph/hra-pop
HGNC:2664,DAD1,DAD1,biolink:Gene,https://purl.humanatlas.io/graph/hra-pop
HGNC:26646,ZNF579,ZNF579,biolink:Gene,https://purl.humanatlas.io/graph/hra-pop
HGNC:2665,CD55,CD55,biolink:Gene,https://purl.humanatlas.io/graph/hra-pop
HGNC:26655,MARCHF10,MARCHF10,biolink:Gene,https://purl.humanatlas.io/graph/hra-pop
HGNC:26658,POC5,POC5,biolink:Gene,https://purl.humanatlas.io/graph/hra-pop
HGNC:2666,DAG1,DAG1,biolink:Gene,https://purl.humanatlas.io/graph/hra-pop
HGNC:26660,GOLGA8IP,GOLGA8IP,biolink:Gene,https://purl.humanatlas.io/graph/hra-pop
HGNC:26661,RNF168,RNF168,biolink:Gene,https://purl.humanatlas.io/graph/hra-pop
HGNC:26663,CNBD1,CNBD1,biolink:Gene,https://purl.humanatlas.io/graph/hra-pop
HGNC:26671,FGF7P3,FGF7P3,biolink:Gene,https://purl.humanatlas.io/graph/hra-pop
HGNC:26677,L3MBTL4,L3MBTL4,biolink:Gene,https://purl.humanatlas.io/graph/hra-pop
HGNC:26680,RUSC1-AS1,RUSC1-AS1,biolink:Gene,https://purl.humanatlas.io/graph/hra-pop
HGNC:26683,LMNTD1,LMNTD1,biolink:Gene,https://purl.humanatlas.io/graph/hra-pop
HGNC:26685,CCDC71L,CCDC71L,biolink:Gene,https://purl.humanatlas.io/graph/hra-pop
HGNC:26687,ZNF610,ZNF610,biolink:Gene,https://purl.humanatlas.io/graph/hra-pop
HGNC:26704,CCDC144BP,CCDC144BP,biolink:Gene,https://purl.humanatlas.io/graph/hra-pop
HGNC:26714,AFAP1L1,AFAP1L1,biolink:Gene,https://purl.humanatlas.io/graph/hra-pop
HGNC:2672,DAP,DAP,biolink:Gene,https://purl.humanatlas.io/graph/hra-pop
HGNC:26720,ZNF660,ZNF660,biolink:Gene,https://purl.humanatlas.io/graph/hra-pop
HGNC:26721,PATL1,PATL1,biolink:Gene,https://purl.humanatlas.io/graph/hra-pop
HGNC:26725,TRMT9B,TRMT9B,biolink:Gene,https://purl.humanatlas.io/graph/hra-pop
HGNC:26729,SRRM3,SRRM3,biolink:Gene,https://purl.humanatlas.io/graph/hra-pop
HGNC:26736,HECTD2,HECTD2,biolink:Gene,https://purl.humanatlas.io/graph/hra-pop
HGNC:2674,DAPK1,DAPK1,biolink:Gene,https://purl.humanatlas.io/graph/hra-pop
HGNC:26741,CES4A,CES4A,biolink:Gene,https://purl.humanatlas.io/graph/hra-pop
HGNC:26742,NAT8L,NAT8L,biolink:Gene,https://purl.humanatlas.io/graph/hra-pop
HGNC:26745,ZNF781,ZNF781,biolink:Gene,https://purl.humanatlas.io/graph/hra-pop
HGNC:26746,C5orf24,C5orf24,biolink:Gene,https://purl.humanatlas.io/graph/hra-pop
HGNC:26748,FAM133A,FAM133A,biolink:Gene,https://purl.humanatlas.io/graph/hra-pop
HGNC:2675,DAPK2,DAPK2,biolink:Gene,https://purl.humanatlas.io/graph/hra-pop
HGNC:26756,LCLAT1,LCLAT1,biolink:Gene,https://purl.humanatlas.io/graph/hra-pop
HGNC:26757,CCDC88B,CCDC88B,biolink:Gene,https://purl.humanatlas.io/graph/hra-pop
HGNC:2676,DAPK3,DAPK3,biolink:Gene,https://purl.humanatlas.io/graph/hra-pop
HGNC:26765,ZNF776,ZNF776,biolink:Gene,https://purl.humanatlas.io/graph/hra-pop
HGNC:26766,ANKFN1,ANKFN1,biolink:Gene,https://purl.humanatlas.io/graph/hra-pop
HGNC:26773,FAM98B,FAM98B,biolink:Gene,https://purl.humanatlas.io/graph/hra-pop
HGNC:26776,TENT2,TENT2,biolink:Gene,https://purl.humanatlas.io/graph/hra-pop
HGNC:2678,DARS1,DARS1,biolink:Gene,https://purl.humanatlas.io/graph/hra-pop
HGNC:26781,LSMEM2,LSMEM2,biolink:Gene,https://purl.humanatlas.io/graph/hra-pop
HGNC:26783,RNF185,RNF185,biolink:Gene,https://purl.humanatlas.io/graph/hra-pop
HGNC:26785,HNF1A-AS1,HNF1A-AS1,biolink:Gene,https://purl.humanatlas.io/graph/hra-pop
HGNC:26790,WDR72,WDR72,biolink:Gene,https://purl.humanatlas.io/graph/hra-pop
HGNC:26798,ARL14EP,ARL14EP,biolink:Gene,https://purl.humanatlas.io/graph/hra-pop
HGNC:2680,DIDO1,DIDO1,biolink:Gene,https://purl.humanatlas.io/graph/hra-pop
HGNC:26800,C1orf216,C1orf216,biolink:Gene,https://purl.humanatlas.io/graph/hra-pop
HGNC:26811,RNF152,RNF152,biolink:Gene,https://purl.humanatlas.io/graph/hra-pop
HGNC:26823,ERICH5,ERICH5,biolink:Gene,https://purl.humanatlas.io/graph/hra-pop
HGNC:26827,MPV17L,MPV17L,biolink:Gene,https://purl.humanatlas.io/graph/hra-pop
HGNC:26829,NKAIN3,NKAIN3,biolink:Gene,https://purl.humanatlas.io/graph/hra-pop
HGNC:2683,DAZAP1,DAZAP1,biolink:Gene,https://purl.humanatlas.io/graph/hra-pop
HGNC:26831,C17orf78,C17orf78,biolink:Gene,https://purl.humanatlas.io/graph/hra-pop
HGNC:26832,TAPT1-AS1,TAPT1-AS1,biolink:Gene,https://purl.humanatlas.io/graph/hra-pop
HGNC:26836,SLC38A11,SLC38A11,biolink:Gene,https://purl.humanatlas.io/graph/hra-pop
HGNC:26838,TIGIT,TIGIT,biolink:Gene,https://purl.humanatlas.io/graph/hra-pop
HGNC:2684,DAZAP2,DAZAP2,biolink:Gene,https://purl.humanatlas.io/graph/hra-pop
HGNC:26843,CCDC38,CCDC38,biolink:Gene,https://purl.humanatlas.io/graph/hra-pop
HGNC:26845,PPM1N,PPM1N,biolink:Gene,https://purl.humanatlas.io/graph/hra-pop
HGNC:26847,CNTD1,CNTD1,biolink:Gene,https://purl.humanatlas.io/graph/hra-pop
HGNC:26864,EFCAB13,EFCAB13,biolink:Gene,https://purl.humanatlas.io/graph/hra-pop
HGNC:2687,BRINP1,BRINP1,biolink:Gene,https://purl.humanatlas.io/graph/hra-pop
HGNC:26885,LINC-PINT,LINC-PINT,biolink:Gene,https://purl.humanatlas.io/graph/hra-pop
HGNC:26886,RNF19B,RNF19B,biolink:Gene,https://purl.humanatlas.io/graph/hra-pop
HGNC:26887,TAPT1,TAPT1,biolink:Gene,https://purl.humanatlas.io/graph/hra-pop
HGNC:26888,FAM43A,FAM43A,biolink:Gene,https://purl.humanatlas.io/graph/hra-pop
HGNC:26891,GGT6,GGT6,biolink:Gene,https://purl.humanatlas.io/graph/hra-pop
HGNC:26892,APCDD1L,APCDD1L,biolink:Gene,https://purl.humanatlas.io/graph/hra-pop
HGNC:26894,TPRN,TPRN,biolink:Gene,https://purl.humanatlas.io/graph/hra-pop
HGNC:26895,ZNF791,ZNF791,biolink:Gene,https://purl.humanatlas.io/graph/hra-pop
HGNC:2690,DBI,DBI,biolink:Gene,https://purl.humanatlas.io/graph/hra-pop
HGNC:26901,OTOGL,OTOGL,biolink:Gene,https://purl.humanatlas.io/graph/hra-pop
HGNC:26907,SLC38A9,SLC38A9,biolink:Gene,https://purl.humanatlas.io/graph/hra-pop
HGNC:26911,ZCCHC24,ZCCHC24,biolink:Gene,https://purl.humanatlas.io/graph/hra-pop
HGNC:26914,PUSL1,PUSL1,biolink:Gene,https://purl.humanatlas.io/graph/hra-pop
HGNC:26915,NDUFV1-DT,NDUFV1-DT,biolink:Gene,https://purl.humanatlas.io/graph/hra-pop
HGNC:26916,N4BP2L2,N4BP2L2,biolink:Gene,https://purl.humanatlas.io/graph/hra-pop
HGNC:26920,DUS3L,DUS3L,biolink:Gene,https://purl.humanatlas.io/graph/hra-pop
HGNC:26922,ERCC6L2,ERCC6L2,biolink:Gene,https://purl.humanatlas.io/graph/hra-pop
HGNC:26928,CDV3,CDV3,biolink:Gene,https://purl.humanatlas.io/graph/hra-pop
HGNC:26929,CDIN1,CDIN1,biolink:Gene,https://purl.humanatlas.io/graph/hra-pop
HGNC:26932,TMA7,TMA7,biolink:Gene,https://purl.humanatlas.io/graph/hra-pop
HGNC:26935,RTCB,RTCB,biolink:Gene,https://purl.humanatlas.io/graph/hra-pop
HGNC:26936,CTDSPL2,CTDSPL2,biolink:Gene,https://purl.humanatlas.io/graph/hra-pop
HGNC:26938,HIKESHI,HIKESHI,biolink:Gene,https://purl.humanatlas.io/graph/hra-pop
HGNC:26939,CWC15,CWC15,biolink:Gene,https://purl.humanatlas.io/graph/hra-pop
HGNC:26940,TRMT112,TRMT112,biolink:Gene,https://purl.humanatlas.io/graph/hra-pop
HGNC:26941,UFC1,UFC1,biolink:Gene,https://purl.humanatlas.io/graph/hra-pop
HGNC:26942,CHMP5,CHMP5,biolink:Gene,https://purl.humanatlas.io/graph/hra-pop
HGNC:26943,CXXC5,CXXC5,biolink:Gene,https://purl.humanatlas.io/graph/hra-pop
HGNC:26944,TMEM138,TMEM138,biolink:Gene,https://purl.humanatlas.io/graph/hra-pop
HGNC:26948,HYI,HYI,biolink:Gene,https://purl.humanatlas.io/graph/hra-pop
HGNC:26951,TDRP,TDRP,biolink:Gene,https://purl.humanatlas.io/graph/hra-pop
HGNC:26953,BLTP1,BLTP1,biolink:Gene,https://purl.humanatlas.io/graph/hra-pop
HGNC:26954,MINDY2,MINDY2,biolink:Gene,https://purl.humanatlas.io/graph/hra-pop
HGNC:26956,INO80,INO80,biolink:Gene,https://purl.humanatlas.io/graph/hra-pop
HGNC:26957,GPCPD1,GPCPD1,biolink:Gene,https://purl.humanatlas.io/graph/hra-pop
HGNC:26958,MROH1,MROH1,biolink:Gene,https://purl.humanatlas.io/graph/hra-pop
HGNC:26965,PTPMT1,PTPMT1,biolink:Gene,https://purl.humanatlas.io/graph/hra-pop
HGNC:26967,C12orf56,C12orf56,biolink:Gene,https://purl.humanatlas.io/graph/hra-pop
HGNC:26968,LRRC58,LRRC58,biolink:Gene,https://purl.humanatlas.io/graph/hra-pop
HGNC:26970,COX20,COX20,biolink:Gene,https://purl.humanatlas.io/graph/hra-pop
HGNC:26971,ABHD15,ABHD15,biolink:Gene,https://purl.humanatlas.io/graph/hra-pop
HGNC:26976,ANAPC16,ANAPC16,biolink:Gene,https://purl.humanatlas.io/graph/hra-pop
HGNC:26977,CPXM2,CPXM2,biolink:Gene,https://purl.humanatlas.io/graph/hra-pop
HGNC:26981,NRAD1,NRAD1,biolink:Gene,https://purl.humanatlas.io/graph/hra-pop
HGNC:26987,KRBOX5,KRBOX5,biolink:Gene,https://purl.humanatlas.io/graph/hra-pop
HGNC:26988,METTL23,METTL23,biolink:Gene,https://purl.humanatlas.io/graph/hra-pop
HGNC:2699,DDX3Y,DDX3Y,biolink:Gene,https://purl.humanatlas.io/graph/hra-pop
HGNC:26992,SPNS2,SPNS2,biolink:Gene,https://purl.humanatlas.io/graph/hra-pop
HGNC:26998,ZNF787,ZNF787,biolink:Gene,https://purl.humanatlas.io/graph/hra-pop
HGNC:270,PARP1,PARP1,biolink:Gene,https://purl.humanatlas.io/graph/hra-pop
HGNC:2700,DCLK1,DCLK1,biolink:Gene,https://purl.humanatlas.io/graph/hra-pop
HGNC:27002,LINC00661,LINC00661,biolink:Gene,https://purl.humanatlas.io/graph/hra-pop
HGNC:27004,SHE,SHE,biolink:Gene,https://purl.humanatlas.io/graph/hra-pop
HGNC:2701,DCC,DCC,biolink:Gene,https://purl.humanatlas.io/graph/hra-pop
HGNC:27010,TATDN3,TATDN3,biolink:Gene,https://purl.humanatlas.io/graph/hra-pop
HGNC:27012,C22orf39,C22orf39,biolink:Gene,https://purl.humanatlas.io/graph/hra-pop
HGNC:27013,TRABD2A,TRABD2A,biolink:Gene,https://purl.humanatlas.io/graph/hra-pop
HGNC:27014,LYG1,LYG1,biolink:Gene,https://purl.humanatlas.io/graph/hra-pop
HGNC:27016,FAM168B,FAM168B,biolink:Gene,https://purl.humanatlas.io/graph/hra-pop
HGNC:27017,C2orf76,C2orf76,biolink:Gene,https://purl.humanatlas.io/graph/hra-pop
HGNC:27018,LYPD6B,LYPD6B,biolink:Gene,https://purl.humanatlas.io/graph/hra-pop
HGNC:27019,OR2G6,OR2G6,biolink:Gene,https://purl.humanatlas.io/graph/hra-pop
HGNC:27020,FBXO36,FBXO36,biolink:Gene,https://purl.humanatlas.io/graph/hra-pop
HGNC:27024,RPL32P3,RPL32P3,biolink:Gene,https://purl.humanatlas.io/graph/hra-pop
HGNC:27028,CFAP90,CFAP90,biolink:Gene,https://purl.humanatlas.io/graph/hra-pop
HGNC:27031,TMEM171,TMEM171,biolink:Gene,https://purl.humanatlas.io/graph/hra-pop
HGNC:27034,SVOPL,SVOPL,biolink:Gene,https://purl.humanatlas.io/graph/hra-pop
HGNC:27035,UBXN2B,UBXN2B,biolink:Gene,https://purl.humanatlas.io/graph/hra-pop
HGNC:27036,RALYL,RALYL,biolink:Gene,https://purl.humanatlas.io/graph/hra-pop
HGNC:27037,C9orf57,C9orf57,biolink:Gene,https://purl.humanatlas.io/graph/hra-pop
HGNC:27039,PTRH1,PTRH1,biolink:Gene,https://purl.humanatlas.io/graph/hra-pop
HGNC:27046,LDLRAD3,LDLRAD3,biolink:Gene,https://purl.humanatlas.io/graph/hra-pop
HGNC:27049,PLEKHA7,PLEKHA7,biolink:Gene,https://purl.humanatlas.io/graph/hra-pop
HGNC:2705,DCN,DCN,biolink:Gene,https://purl.humanatlas.io/graph/hra-pop
HGNC:27052,ETFRF1,ETFRF1,biolink:Gene,https://purl.humanatlas.io/graph/hra-pop
HGNC:27054,SOCS2-AS1,SOCS2-AS1,biolink:Gene,https://purl.humanatlas.io/graph/hra-pop
HGNC:27057,A2M-AS1,A2M-AS1,biolink:Gene,https://purl.humanatlas.io/graph/hra-pop
HGNC:27081,LINC00924,LINC00924,biolink:Gene,https://purl.humanatlas.io/graph/hra-pop
HGNC:27082,DRAIC,DRAIC,biolink:Gene,https://purl.humanatlas.io/graph/hra-pop
HGNC:271,PARP4,PARP4,biolink:Gene,https://purl.humanatlas.io/graph/hra-pop
HGNC:2710,DCTD,DCTD,biolink:Gene,https://purl.humanatlas.io/graph/hra-pop
HGNC:27101,PIK3R6,PIK3R6,biolink:Gene,https://purl.humanatlas.io/graph/hra-pop
HGNC:27110,ANKRD29,ANKRD29,biolink:Gene,https://purl.humanatlas.io/graph/hra-pop
HGNC:27119,FAM98C,FAM98C,biolink:Gene,https://purl.humanatlas.io/graph/hra-pop
HGNC:2712,DCTN2,DCTN2,biolink:Gene,https://purl.humanatlas.io/graph/hra-pop
HGNC:27120,DPY19L3,DPY19L3,biolink:Gene,https://purl.humanatlas.io/graph/hra-pop
HGNC:27121,LINC00906,LINC00906,biolink:Gene,https://purl.humanatlas.io/graph/hra-pop
HGNC:2713,DCTN3,DCTN3,biolink:Gene,https://purl.humanatlas.io/graph/hra-pop
HGNC:2715,DDAH1,DDAH1,biolink:Gene,https://purl.humanatlas.io/graph/hra-pop
HGNC:27152,APCDD1L-DT,APCDD1L-DT,biolink:Gene,https://purl.humanatlas.io/graph/hra-pop
HGNC:2716,DDAH2,DDAH2,biolink:Gene,https://purl.humanatlas.io/graph/hra-pop
HGNC:2717,DDB1,DDB1,biolink:Gene,https://purl.humanatlas.io/graph/hra-pop
HGNC:2719,DDC,DDC,biolink:Gene,https://purl.humanatlas.io/graph/hra-pop
HGNC:27193,ZNF827,ZNF827,biolink:Gene,https://purl.humanatlas.io/graph/hra-pop
HGNC:2720,ASAP1,ASAP1,biolink:Gene,https://purl.humanatlas.io/graph/hra-pop
HGNC:27208,ANXA2R-AS1,ANXA2R-AS1,biolink:Gene,https://purl.humanatlas.io/graph/hra-pop
HGNC:2721,ASAP2,ASAP2,biolink:Gene,https://purl.humanatlas.io/graph/hra-pop
HGNC:27220,TMEM213,TMEM213,biolink:Gene,https://purl.humanatlas.io/graph/hra-pop
HGNC:27229,ANKRD46,ANKRD46,biolink:Gene,https://purl.humanatlas.io/graph/hra-pop
HGNC:27230,ESCO2,ESCO2,biolink:Gene,https://purl.humanatlas.io/graph/hra-pop
HGNC:27232,CFAP418,CFAP418,biolink:Gene,https://purl.humanatlas.io/graph/hra-pop
HGNC:27234,ERICH1,ERICH1,biolink:Gene,https://purl.humanatlas.io/graph/hra-pop
HGNC:27249,USP27X-DT,USP27X-DT,biolink:Gene,https://purl.humanatlas.io/graph/hra-pop
HGNC:27254,TMEM30B,TMEM30B,biolink:Gene,https://purl.humanatlas.io/graph/hra-pop
HGNC:27257,ITPRIPL2,ITPRIPL2,biolink:Gene,https://purl.humanatlas.io/graph/hra-pop
HGNC:2726,DDIT3,DDIT3,biolink:Gene,https://purl.humanatlas.io/graph/hra-pop
HGNC:27263,KANK4,KANK4,biolink:Gene,https://purl.humanatlas.io/graph/hra-pop
HGNC:27276,LINC00858,LINC00858,biolink:Gene,https://purl.humanatlas.io/graph/hra-pop
HGNC:2728,DDOST,DDOST,biolink:Gene,https://purl.humanatlas.io/graph/hra-pop
HGNC:27282,LINC02909,LINC02909,biolink:Gene,https://purl.humanatlas.io/graph/hra-pop
HGNC:27288,ACSF3,ACSF3,biolink:Gene,https://purl.humanatlas.io/graph/hra-pop
HGNC:27295,FYB2,FYB2,biolink:Gene,https://purl.humanatlas.io/graph/hra-pop
HGNC:27296,TMEM61,TMEM61,biolink:Gene,https://purl.humanatlas.io/graph/hra-pop
HGNC:2730,DDR1,DDR1,biolink:Gene,https://purl.humanatlas.io/graph/hra-pop
HGNC:27310,FLCN,FLCN,biolink:Gene,https://purl.humanatlas.io/graph/hra-pop
HGNC:27317,DLGAP1-AS3,DLGAP1-AS3,biolink:Gene,https://purl.humanatlas.io/graph/hra-pop
HGNC:2732,DDT,DDT,biolink:Gene,https://purl.humanatlas.io/graph/hra-pop
HGNC:27321,SMIM14,SMIM14,biolink:Gene,https://purl.humanatlas.io/graph/hra-pop
HGNC:27333,LINC01560,LINC01560,biolink:Gene,https://purl.humanatlas.io/graph/hra-pop
HGNC:27334,INTS6L,INTS6L,biolink:Gene,https://purl.humanatlas.io/graph/hra-pop
HGNC:27339,MTLN,MTLN,biolink:Gene,https://purl.humanatlas.io/graph/hra-pop
HGNC:27344,TMEM218,TMEM218,biolink:Gene,https://purl.humanatlas.io/graph/hra-pop
HGNC:27349,TMEM72-AS1,TMEM72-AS1,biolink:Gene,https://purl.humanatlas.io/graph/hra-pop
HGNC:2735,DDX10,DDX10,biolink:Gene,https://purl.humanatlas.io/graph/hra-pop
HGNC:2736,DDX11,DDX11,biolink:Gene,https://purl.humanatlas.io/graph/hra-pop
HGNC:27363,ITPRID1,ITPRID1,biolink:Gene,https://purl.humanatlas.io/graph/hra-pop
HGNC:27364,HEPACAM2,HEPACAM2,biolink:Gene,https://purl.humanatlas.io/graph/hra-pop
HGNC:27371,SLC25A30,SLC25A30,biolink:Gene,https://purl.humanatlas.io/graph/hra-pop
HGNC:27375,MSRB3,MSRB3,biolink:Gene,https://purl.humanatlas.io/graph/hra-pop
HGNC:27379,RELL1,RELL1,biolink:Gene,https://purl.humanatlas.io/graph/hra-pop
HGNC:2738,DHX15,DHX15,biolink:Gene,https://purl.humanatlas.io/graph/hra-pop
HGNC:27386,LINC00710,LINC00710,biolink:Gene,https://purl.humanatlas.io/graph/hra-pop
HGNC:2739,DHX16,DHX16,biolink:Gene,https://purl.humanatlas.io/graph/hra-pop
HGNC:27393,TMCO4,TMCO4,biolink:Gene,https://purl.humanatlas.io/graph/hra-pop
HGNC:27396,PLA2G4F,PLA2G4F,biolink:Gene,https://purl.humanatlas.io/graph/hra-pop
HGNC:2740,DDX17,DDX17,biolink:Gene,https://purl.humanatlas.io/graph/hra-pop
HGNC:27405,NPNT,NPNT,biolink:Gene,https://purl.humanatlas.io/graph/hra-pop
HGNC:27406,INAFM1,INAFM1,biolink:Gene,https://purl.humanatlas.io/graph/hra-pop
HGNC:27409,LINC01619,LINC01619,biolink:Gene,https://purl.humanatlas.io/graph/hra-pop
HGNC:2741,DDX18,DDX18,biolink:Gene,https://purl.humanatlas.io/graph/hra-pop
HGNC:27414,ARHGAP30,ARHGAP30,biolink:Gene,https://purl.humanatlas.io/graph/hra-pop
HGNC:27424,RBM20,RBM20,biolink:Gene,https://purl.humanatlas.io/graph/hra-pop
HGNC:27433,ZMIZ1-AS1,ZMIZ1-AS1,biolink:Gene,https://purl.humanatlas.io/graph/hra-pop
HGNC:27438,SBF2-AS1,SBF2-AS1,biolink:Gene,https://purl.humanatlas.io/graph/hra-pop
HGNC:2744,DDX21,DDX21,biolink:Gene,https://purl.humanatlas.io/graph/hra-pop
HGNC:27443,LINC02762,LINC02762,biolink:Gene,https://purl.humanatlas.io/graph/hra-pop
HGNC:27449,B3GAT1-DT,B3GAT1-DT,biolink:Gene,https://purl.humanatlas.io/graph/hra-pop
HGNC:2745,DDX3X,DDX3X,biolink:Gene,https://purl.humanatlas.io/graph/hra-pop
HGNC:2746,DDX5,DDX5,biolink:Gene,https://purl.humanatlas.io/graph/hra-pop
HGNC:2747,DDX6,DDX6,biolink:Gene,https://purl.humanatlas.io/graph/hra-pop
HGNC:2749,DHX8,DHX8,biolink:Gene,https://purl.humanatlas.io/graph/hra-pop
HGNC:27492,PRECSIT,PRECSIT,biolink:Gene,https://purl.humanatlas.io/graph/hra-pop
HGNC:2750,DHX9,DHX9,biolink:Gene,https://purl.humanatlas.io/graph/hra-pop
HGNC:27502,LINC00639,LINC00639,biolink:Gene,https://purl.humanatlas.io/graph/hra-pop
HGNC:27514,LINC00926,LINC00926,biolink:Gene,https://purl.humanatlas.io/graph/hra-pop
HGNC:27515,ALDH1A2-AS1,ALDH1A2-AS1,biolink:Gene,https://purl.humanatlas.io/graph/hra-pop
HGNC:27519,LINC01579,LINC01579,biolink:Gene,https://purl.humanatlas.io/graph/hra-pop
HGNC:2752,PIAS1,PIAS1,biolink:Gene,https://purl.humanatlas.io/graph/hra-pop
HGNC:2753,DECR1,DECR1,biolink:Gene,https://purl.humanatlas.io/graph/hra-pop
HGNC:27532,NTRK3-AS1,NTRK3-AS1,biolink:Gene,https://purl.humanatlas.io/graph/hra-pop
HGNC:27537,FBXL22,FBXL22,biolink:Gene,https://purl.humanatlas.io/graph/hra-pop
HGNC:2754,DECR2,DECR2,biolink:Gene,https://purl.humanatlas.io/graph/hra-pop
HGNC:27555,LINC01566,LINC01566,biolink:Gene,https://purl.humanatlas.io/graph/hra-pop
HGNC:27556,PDPR2P,PDPR2P,biolink:Gene,https://purl.humanatlas.io/graph/hra-pop
HGNC:27563,TMEM235,TMEM235,biolink:Gene,https://purl.humanatlas.io/graph/hra-pop
HGNC:27564,CCDC57,CCDC57,biolink:Gene,https://purl.humanatlas.io/graph/hra-pop
HGNC:27584,METRNL,METRNL,biolink:Gene,https://purl.humanatlas.io/graph/hra-pop
HGNC:27586,DLGAP1-AS5,DLGAP1-AS5,biolink:Gene,https://purl.humanatlas.io/graph/hra-pop
HGNC:27600,LINC01924,LINC01924,biolink:Gene,https://purl.humanatlas.io/graph/hra-pop
HGNC:27603,ZNF780A,ZNF780A,biolink:Gene,https://purl.humanatlas.io/graph/hra-pop
HGNC:27607,PPP1R37,PPP1R37,biolink:Gene,https://purl.humanatlas.io/graph/hra-pop
HGNC:27609,EMC10,EMC10,biolink:Gene,https://purl.humanatlas.io/graph/hra-pop
HGNC:27610,RPL22L1,RPL22L1,biolink:Gene,https://purl.humanatlas.io/graph/hra-pop
HGNC:27614,ZNF763,ZNF763,biolink:Gene,https://purl.humanatlas.io/graph/hra-pop
HGNC:27616,SCGB2B2,SCGB2B2,biolink:Gene,https://purl.humanatlas.io/graph/hra-pop
HGNC:2762,DEFA3,DEFA3,biolink:Gene,https://purl.humanatlas.io/graph/hra-pop
HGNC:27633,PM20D1-AS1,PM20D1-AS1,biolink:Gene,https://purl.humanatlas.io/graph/hra-pop
HGNC:27637,EEIG2,EEIG2,biolink:Gene,https://purl.humanatlas.io/graph/hra-pop
HGNC:27639,ANKRD34A,ANKRD34A,biolink:Gene,https://purl.humanatlas.io/graph/hra-pop
HGNC:27643,LINC01686,LINC01686,biolink:Gene,https://purl.humanatlas.io/graph/hra-pop
HGNC:27647,SNHG28,SNHG28,biolink:Gene,https://purl.humanatlas.io/graph/hra-pop
HGNC:2766,DEFB1,DEFB1,biolink:Gene,https://purl.humanatlas.io/graph/hra-pop
HGNC:27669,MIF-AS1,MIF-AS1,biolink:Gene,https://purl.humanatlas.io/graph/hra-pop
HGNC:2768,DEK,DEK,biolink:Gene,https://purl.humanatlas.io/graph/hra-pop
HGNC:277,ADRA1A,ADRA1A,biolink:Gene,https://purl.humanatlas.io/graph/hra-pop
HGNC:2770,DES,DES,biolink:Gene,https://purl.humanatlas.io/graph/hra-pop
HGNC:27706,LINC00877,LINC00877,biolink:Gene,https://purl.humanatlas.io/graph/hra-pop
HGNC:27709,CCDC66,CCDC66,biolink:Gene,https://purl.humanatlas.io/graph/hra-pop
HGNC:2771,CFD,CFD,biolink:Gene,https://purl.humanatlas.io/graph/hra-pop
HGNC:27713,ZNF852,ZNF852,biolink:Gene,https://purl.humanatlas.io/graph/hra-pop
HGNC:27721,LINC01091,LINC01091,biolink:Gene,https://purl.humanatlas.io/graph/hra-pop
HGNC:27725,F11-AS1,F11-AS1,biolink:Gene,https://purl.humanatlas.io/graph/hra-pop
HGNC:27731,LINC01098,LINC01098,biolink:Gene,https://purl.humanatlas.io/graph/hra-pop
HGNC:27733,GPRIN3,GPRIN3,biolink:Gene,https://purl.humanatlas.io/graph/hra-pop
HGNC:27752,RNF180,RNF180,biolink:Gene,https://purl.humanatlas.io/graph/hra-pop
HGNC:27753,C5orf60,C5orf60,biolink:Gene,https://purl.humanatlas.io/graph/hra-pop
HGNC:27768,LINC01622,LINC01622,biolink:Gene,https://purl.humanatlas.io/graph/hra-pop
HGNC:27800,LINC00996,LINC00996,biolink:Gene,https://purl.humanatlas.io/graph/hra-pop
HGNC:27801,ZNF789,ZNF789,biolink:Gene,https://purl.humanatlas.io/graph/hra-pop
HGNC:27806,XKR6,XKR6,biolink:Gene,https://purl.humanatlas.io/graph/hra-pop
HGNC:27815,ZNF707,ZNF707,biolink:Gene,https://purl.humanatlas.io/graph/hra-pop
HGNC:27820,MICU3,MICU3,biolink:Gene,https://purl.humanatlas.io/graph/hra-pop
HGNC:27828,TRIQK,TRIQK,biolink:Gene,https://purl.humanatlas.io/graph/hra-pop
HGNC:27837,LINC03018,LINC03018,biolink:Gene,https://purl.humanatlas.io/graph/hra-pop
HGNC:27839,LINC01299,LINC01299,biolink:Gene,https://purl.humanatlas.io/graph/hra-pop
HGNC:27849,PAXX,PAXX,biolink:Gene,https://purl.humanatlas.io/graph/hra-pop
HGNC:27852,FGF7P6,FGF7P6,biolink:Gene,https://purl.humanatlas.io/graph/hra-pop
HGNC:27880,ANKRD13D,ANKRD13D,biolink:Gene,https://purl.humanatlas.io/graph/hra-pop
HGNC:27883,ATP2B1-AS1,ATP2B1-AS1,biolink:Gene,https://purl.humanatlas.io/graph/hra-pop
HGNC:27905,MSL1,MSL1,biolink:Gene,https://purl.humanatlas.io/graph/hra-pop
HGNC:27906,LINC00667,LINC00667,biolink:Gene,https://purl.humanatlas.io/graph/hra-pop
HGNC:27922,LINC01140,LINC01140,biolink:Gene,https://purl.humanatlas.io/graph/hra-pop
HGNC:27935,MAP3K20-AS1,MAP3K20-AS1,biolink:Gene,https://purl.humanatlas.io/graph/hra-pop
HGNC:27940,LINC00299,LINC00299,biolink:Gene,https://purl.humanatlas.io/graph/hra-pop
HGNC:27946,BALR6,BALR6,biolink:Gene,https://purl.humanatlas.io/graph/hra-pop
HGNC:27954,TMPRSS11A,TMPRSS11A,biolink:Gene,https://purl.humanatlas.io/graph/hra-pop
HGNC:27960,SLC6A19,SLC6A19,biolink:Gene,https://purl.humanatlas.io/graph/hra-pop
HGNC:27962,STING1,STING1,biolink:Gene,https://purl.humanatlas.io/graph/hra-pop
HGNC:27968,LINC01020,LINC01020,biolink:Gene,https://purl.humanatlas.io/graph/hra-pop
HGNC:27981,AGBL3,AGBL3,biolink:Gene,https://purl.humanatlas.io/graph/hra-pop
HGNC:2799,GRHL2,GRHL2,biolink:Gene,https://purl.humanatlas.io/graph/hra-pop
HGNC:27990,BEX5,BEX5,biolink:Gene,https://purl.humanatlas.io/graph/hra-pop
HGNC:28002,ANKDD1A,ANKDD1A,biolink:Gene,https://purl.humanatlas.io/graph/hra-pop
HGNC:28003,LINC01193,LINC01193,biolink:Gene,https://purl.humanatlas.io/graph/hra-pop
HGNC:28005,CTU2,CTU2,biolink:Gene,https://purl.humanatlas.io/graph/hra-pop
HGNC:28007,MCRIP1,MCRIP1,biolink:Gene,https://purl.humanatlas.io/graph/hra-pop
HGNC:28010,MIR3667HG,MIR3667HG,biolink:Gene,https://purl.humanatlas.io/graph/hra-pop
HGNC:28017,FAM86EP,FAM86EP,biolink:Gene,https://purl.humanatlas.io/graph/hra-pop
HGNC:28027,WDPCP,WDPCP,biolink:Gene,https://purl.humanatlas.io/graph/hra-pop
HGNC:28029,FAM135B,FAM135B,biolink:Gene,https://purl.humanatlas.io/graph/hra-pop
HGNC:28030,TXNDC11,TXNDC11,biolink:Gene,https://purl.humanatlas.io/graph/hra-pop
HGNC:28034,PDZD11,PDZD11,biolink:Gene,https://purl.humanatlas.io/graph/hra-pop
HGNC:28037,RNF181,RNF181,biolink:Gene,https://purl.humanatlas.io/graph/hra-pop
HGNC:28040,MEX3C,MEX3C,biolink:Gene,https://purl.humanatlas.io/graph/hra-pop
HGNC:28041,AMZ2,AMZ2,biolink:Gene,https://purl.humanatlas.io/graph/hra-pop
HGNC:28042,GSAP,GSAP,biolink:Gene,https://purl.humanatlas.io/graph/hra-pop
HGNC:28045,INKA2,INKA2,biolink:Gene,https://purl.humanatlas.io/graph/hra-pop
HGNC:28070,STPG1,STPG1,biolink:Gene,https://purl.humanatlas.io/graph/hra-pop
HGNC:28072,LYRM7,LYRM7,biolink:Gene,https://purl.humanatlas.io/graph/hra-pop
HGNC:28074,COX19,COX19,biolink:Gene,https://purl.humanatlas.io/graph/hra-pop
HGNC:28088,LINC00923,LINC00923,biolink:Gene,https://purl.humanatlas.io/graph/hra-pop
HGNC:28090,LINC01278,LINC01278,biolink:Gene,https://purl.humanatlas.io/graph/hra-pop
HGNC:28095,BICDL1,BICDL1,biolink:Gene,https://purl.humanatlas.io/graph/hra-pop
HGNC:281,ADRA2A,ADRA2A,biolink:Gene,https://purl.humanatlas.io/graph/hra-pop
HGNC:28107,PPCDC,PPCDC,biolink:Gene,https://purl.humanatlas.io/graph/hra-pop
HGNC:28108,CCDC90B,CCDC90B,biolink:Gene,https://purl.humanatlas.io/graph/hra-pop
HGNC:28110,UBLCP1,UBLCP1,biolink:Gene,https://purl.humanatlas.io/graph/hra-pop
HGNC:28111,ELMOD2,ELMOD2,biolink:Gene,https://purl.humanatlas.io/graph/hra-pop
HGNC:28112,EXOSC7,EXOSC7,biolink:Gene,https://purl.humanatlas.io/graph/hra-pop
HGNC:28117,RBM42,RBM42,biolink:Gene,https://purl.humanatlas.io/graph/hra-pop
HGNC:28118,YJU2B,YJU2B,biolink:Gene,https://purl.humanatlas.io/graph/hra-pop
HGNC:28125,NAA11,NAA11,biolink:Gene,https://purl.humanatlas.io/graph/hra-pop
HGNC:28128,TMEM107,TMEM107,biolink:Gene,https://purl.humanatlas.io/graph/hra-pop
HGNC:28133,FAM167B,FAM167B,biolink:Gene,https://purl.humanatlas.io/graph/hra-pop
HGNC:28139,SPX,SPX,biolink:Gene,https://purl.humanatlas.io/graph/hra-pop
HGNC:28142,LIMD2,LIMD2,biolink:Gene,https://purl.humanatlas.io/graph/hra-pop
HGNC:28145,YIPF4,YIPF4,biolink:Gene,https://purl.humanatlas.io/graph/hra-pop
HGNC:28149,PRR15L,PRR15L,biolink:Gene,https://purl.humanatlas.io/graph/hra-pop
HGNC:28155,FBXL15,FBXL15,biolink:Gene,https://purl.humanatlas.io/graph/hra-pop
HGNC:28156,MFSD5,MFSD5,biolink:Gene,https://purl.humanatlas.io/graph/hra-pop
HGNC:28157,GPAT3,GPAT3,biolink:Gene,https://purl.humanatlas.io/graph/hra-pop
HGNC:28159,GFOD2,GFOD2,biolink:Gene,https://purl.humanatlas.io/graph/hra-pop
HGNC:28160,ZXDC,ZXDC,biolink:Gene,https://purl.humanatlas.io/graph/hra-pop
HGNC:28164,PRRC1,PRRC1,biolink:Gene,https://purl.humanatlas.io/graph/hra-pop
HGNC:28171,HDHD3,HDHD3,biolink:Gene,https://purl.humanatlas.io/graph/hra-pop
HGNC:28178,CCDC115,CCDC115,biolink:Gene,https://purl.humanatlas.io/graph/hra-pop
HGNC:28189,NUDT22,NUDT22,biolink:Gene,https://purl.humanatlas.io/graph/hra-pop
HGNC:28191,C2orf88,C2orf88,biolink:Gene,https://purl.humanatlas.io/graph/hra-pop
HGNC:28195,POLR2J4,POLR2J4,biolink:Gene,https://purl.humanatlas.io/graph/hra-pop
HGNC:28197,ZNF559,ZNF559,biolink:Gene,https://purl.humanatlas.io/graph/hra-pop
HGNC:282,ADRA2B,ADRA2B,biolink:Gene,https://purl.humanatlas.io/graph/hra-pop
HGNC:28201,TMEM128,TMEM128,biolink:Gene,https://purl.humanatlas.io/graph/hra-pop
HGNC:28210,FAM83A,FAM83A,biolink:Gene,https://purl.humanatlas.io/graph/hra-pop
HGNC:28211,TMEM141,TMEM141,biolink:Gene,https://purl.humanatlas.io/graph/hra-pop
HGNC:28212,NAA38,NAA38,biolink:Gene,https://purl.humanatlas.io/graph/hra-pop
HGNC:28214,FRMD5,FRMD5,biolink:Gene,https://purl.humanatlas.io/graph/hra-pop
HGNC:28216,COX14,COX14,biolink:Gene,https://purl.humanatlas.io/graph/hra-pop
HGNC:28228,LRRC39,LRRC39,biolink:Gene,https://purl.humanatlas.io/graph/hra-pop
HGNC:28229,LLPH,LLPH,biolink:Gene,https://purl.humanatlas.io/graph/hra-pop
HGNC:28230,MIEN1,MIEN1,biolink:Gene,https://purl.humanatlas.io/graph/hra-pop
HGNC:28235,ABHD14B,ABHD14B,biolink:Gene,https://purl.humanatlas.io/graph/hra-pop
HGNC:28237,SLC38A10,SLC38A10,biolink:Gene,https://purl.humanatlas.io/graph/hra-pop
HGNC:28238,NXPE3,NXPE3,biolink:Gene,https://purl.humanatlas.io/graph/hra-pop
HGNC:28240,HVCN1,HVCN1,biolink:Gene,https://purl.humanatlas.io/graph/hra-pop
HGNC:28242,HPDL,HPDL,biolink:Gene,https://purl.humanatlas.io/graph/hra-pop
HGNC:28245,CASC15,CASC15,biolink:Gene,https://purl.humanatlas.io/graph/hra-pop
HGNC:28246,IGSF21,IGSF21,biolink:Gene,https://purl.humanatlas.io/graph/hra-pop
HGNC:28247,TCEAL3,TCEAL3,biolink:Gene,https://purl.humanatlas.io/graph/hra-pop
HGNC:28249,PHYKPL,PHYKPL,biolink:Gene,https://purl.humanatlas.io/graph/hra-pop
HGNC:28254,SNHG7,SNHG7,biolink:Gene,https://purl.humanatlas.io/graph/hra-pop
HGNC:28255,PCED1B,PCED1B,biolink:Gene,https://purl.humanatlas.io/graph/hra-pop
HGNC:28261,TBCK,TBCK,biolink:Gene,https://purl.humanatlas.io/graph/hra-pop
HGNC:28262,ATP1A1-AS1,ATP1A1-AS1,biolink:Gene,https://purl.humanatlas.io/graph/hra-pop
HGNC:28268,FAM86B1,FAM86B1,biolink:Gene,https://purl.humanatlas.io/graph/hra-pop
HGNC:28269,LINC00839,LINC00839,biolink:Gene,https://purl.humanatlas.io/graph/hra-pop
HGNC:28272,CENPBD1P,CENPBD1P,biolink:Gene,https://purl.humanatlas.io/graph/hra-pop
HGNC:28274,FAM163A,FAM163A,biolink:Gene,https://purl.humanatlas.io/graph/hra-pop
HGNC:28279,TNFAIP8L1,TNFAIP8L1,biolink:Gene,https://purl.humanatlas.io/graph/hra-pop
HGNC:28280,TLCD5,TLCD5,biolink:Gene,https://purl.humanatlas.io/graph/hra-pop
HGNC:28281,TMEM263,TMEM263,biolink:Gene,https://purl.humanatlas.io/graph/hra-pop
HGNC:28283,GSG1L,GSG1L,biolink:Gene,https://purl.humanatlas.io/graph/hra-pop
HGNC:28286,SLFN5,SLFN5,biolink:Gene,https://purl.humanatlas.io/graph/hra-pop
HGNC:28288,TMEM106A,TMEM106A,biolink:Gene,https://purl.humanatlas.io/graph/hra-pop
HGNC:28290,DIPK1B,DIPK1B,biolink:Gene,https://purl.humanatlas.io/graph/hra-pop
HGNC:28291,ZNF830,ZNF830,biolink:Gene,https://purl.humanatlas.io/graph/hra-pop
HGNC:28292,EID2,EID2,biolink:Gene,https://purl.humanatlas.io/graph/hra-pop
HGNC:28296,DYNC2I2,DYNC2I2,biolink:Gene,https://purl.humanatlas.io/graph/hra-pop
HGNC:28297,TMEM255B,TMEM255B,biolink:Gene,https://purl.humanatlas.io/graph/hra-pop
HGNC:28299,MFSD12,MFSD12,biolink:Gene,https://purl.humanatlas.io/graph/hra-pop
HGNC:28301,DOK6,DOK6,biolink:Gene,https://purl.humanatlas.io/graph/hra-pop
HGNC:28303,ODAD3,ODAD3,biolink:Gene,https://purl.humanatlas.io/graph/hra-pop
HGNC:28305,KRT10-AS1,KRT10-AS1,biolink:Gene,https://purl.humanatlas.io/graph/hra-pop
HGNC:28306,PRELID2,PRELID2,biolink:Gene,https://purl.humanatlas.io/graph/hra-pop
HGNC:28310,RCSD1,RCSD1,biolink:Gene,https://purl.humanatlas.io/graph/hra-pop
HGNC:28311,HIGD2A,HIGD2A,biolink:Gene,https://purl.humanatlas.io/graph/hra-pop
HGNC:28312,LINC00311,LINC00311,biolink:Gene,https://purl.humanatlas.io/graph/hra-pop
HGNC:28313,TET3,TET3,biolink:Gene,https://purl.humanatlas.io/graph/hra-pop
HGNC:28320,PPP1R35,PPP1R35,biolink:Gene,https://purl.humanatlas.io/graph/hra-pop
HGNC:28321,ANKRD22,ANKRD22,biolink:Gene,https://purl.humanatlas.io/graph/hra-pop
HGNC:28328,ZFC3H1,ZFC3H1,biolink:Gene,https://purl.humanatlas.io/graph/hra-pop
HGNC:28330,TMEM167A,TMEM167A,biolink:Gene,https://purl.humanatlas.io/graph/hra-pop
HGNC:28332,CCDC12,CCDC12,biolink:Gene,https://purl.humanatlas.io/graph/hra-pop
HGNC:28337,C9orf72,C9orf72,biolink:Gene,https://purl.humanatlas.io/graph/hra-pop
HGNC:28338,DENND5B,DENND5B,biolink:Gene,https://purl.humanatlas.io/graph/hra-pop
HGNC:28343,METTL6,METTL6,biolink:Gene,https://purl.humanatlas.io/graph/hra-pop
HGNC:28344,C1orf162,C1orf162,biolink:Gene,https://purl.humanatlas.io/graph/hra-pop
HGNC:28349,RMI2,RMI2,biolink:Gene,https://purl.humanatlas.io/graph/hra-pop
HGNC:28356,TBC1D16,TBC1D16,biolink:Gene,https://purl.humanatlas.io/graph/hra-pop
HGNC:28358,D2HGDH,D2HGDH,biolink:Gene,https://purl.humanatlas.io/graph/hra-pop
HGNC:28360,DDA1,DDA1,biolink:Gene,https://purl.humanatlas.io/graph/hra-pop
HGNC:28365,ZBTB37,ZBTB37,biolink:Gene,https://purl.humanatlas.io/graph/hra-pop
HGNC:28368,METTL22,METTL22,biolink:Gene,https://purl.humanatlas.io/graph/hra-pop
HGNC:28369,THOC6,THOC6,biolink:Gene,https://purl.humanatlas.io/graph/hra-pop
HGNC:28379,FAM81A,FAM81A,biolink:Gene,https://purl.humanatlas.io/graph/hra-pop
HGNC:28383,HORMAD2,HORMAD2,biolink:Gene,https://purl.humanatlas.io/graph/hra-pop
HGNC:28384,C3orf38,C3orf38,biolink:Gene,https://purl.humanatlas.io/graph/hra-pop
HGNC:28393,SPATA2L,SPATA2L,biolink:Gene,https://purl.humanatlas.io/graph/hra-pop
HGNC:28395,SGMS2,SGMS2,biolink:Gene,https://purl.humanatlas.io/graph/hra-pop
HGNC:28396,TMEM67,TMEM67,biolink:Gene,https://purl.humanatlas.io/graph/hra-pop
HGNC:28404,DENND1B,DENND1B,biolink:Gene,https://purl.humanatlas.io/graph/hra-pop
HGNC:28405,KMT5C,KMT5C,biolink:Gene,https://purl.humanatlas.io/graph/hra-pop
HGNC:28407,SENP5,SENP5,biolink:Gene,https://purl.humanatlas.io/graph/hra-pop
HGNC:28413,RBM18,RBM18,biolink:Gene,https://purl.humanatlas.io/graph/hra-pop
HGNC:28416,CCDC26,CCDC26,biolink:Gene,https://purl.humanatlas.io/graph/hra-pop
HGNC:28417,AARSD1,AARSD1,biolink:Gene,https://purl.humanatlas.io/graph/hra-pop
HGNC:28420,KXD1,KXD1,biolink:Gene,https://purl.humanatlas.io/graph/hra-pop
HGNC:28424,TRIR,TRIR,biolink:Gene,https://purl.humanatlas.io/graph/hra-pop
HGNC:28428,PHF23,PHF23,biolink:Gene,https://purl.humanatlas.io/graph/hra-pop
HGNC:28430,EMC6,EMC6,biolink:Gene,https://purl.humanatlas.io/graph/hra-pop
HGNC:28431,LYPD1,LYPD1,biolink:Gene,https://purl.humanatlas.io/graph/hra-pop
HGNC:28433,SPNS3,SPNS3,biolink:Gene,https://purl.humanatlas.io/graph/hra-pop
HGNC:28437,RPUSD3,RPUSD3,biolink:Gene,https://purl.humanatlas.io/graph/hra-pop
HGNC:28438,UBALD2,UBALD2,biolink:Gene,https://purl.humanatlas.io/graph/hra-pop
HGNC:28441,GABPB2,GABPB2,biolink:Gene,https://purl.humanatlas.io/graph/hra-pop
HGNC:28442,PACRGL,PACRGL,biolink:Gene,https://purl.humanatlas.io/graph/hra-pop
HGNC:2845,DGCR2,DGCR2,biolink:Gene,https://purl.humanatlas.io/graph/hra-pop
HGNC:28450,RETREG2,RETREG2,biolink:Gene,https://purl.humanatlas.io/graph/hra-pop
HGNC:28453,GID4,GID4,biolink:Gene,https://purl.humanatlas.io/graph/hra-pop
HGNC:28455,DBNDD1,DBNDD1,biolink:Gene,https://purl.humanatlas.io/graph/hra-pop
HGNC:28459,TMUB2,TMUB2,biolink:Gene,https://purl.humanatlas.io/graph/hra-pop
HGNC:28464,TMEM223,TMEM223,biolink:Gene,https://purl.humanatlas.io/graph/hra-pop
HGNC:28465,CCDC107,CCDC107,biolink:Gene,https://purl.humanatlas.io/graph/hra-pop
HGNC:28468,SNX33,SNX33,biolink:Gene,https://purl.humanatlas.io/graph/hra-pop
HGNC:28469,MRI1,MRI1,biolink:Gene,https://purl.humanatlas.io/graph/hra-pop
HGNC:2847,DGCR8,DGCR8,biolink:Gene,https://purl.humanatlas.io/graph/hra-pop
HGNC:28471,CYB5D2,CYB5D2,biolink:Gene,https://purl.humanatlas.io/graph/hra-pop
HGNC:28473,NOA1,NOA1,biolink:Gene,https://purl.humanatlas.io/graph/hra-pop
HGNC:28474,CHID1,CHID1,biolink:Gene,https://purl.humanatlas.io/graph/hra-pop
HGNC:28482,DYNLT2B,DYNLT2B,biolink:Gene,https://purl.humanatlas.io/graph/hra-pop
HGNC:28486,MFSD8,MFSD8,biolink:Gene,https://purl.humanatlas.io/graph/hra-pop
HGNC:2849,DGKA,DGKA,biolink:Gene,https://purl.humanatlas.io/graph/hra-pop
HGNC:28491,CATSPERE,CATSPERE,biolink:Gene,https://purl.humanatlas.io/graph/hra-pop
HGNC:28495,ZNF683,ZNF683,biolink:Gene,https://purl.humanatlas.io/graph/hra-pop
HGNC:2850,DGKB,DGKB,biolink:Gene,https://purl.humanatlas.io/graph/hra-pop
HGNC:28501,ZNF775,ZNF775,biolink:Gene,https://purl.humanatlas.io/graph/hra-pop
HGNC:28503,SLC66A3,SLC66A3,biolink:Gene,https://purl.humanatlas.io/graph/hra-pop
HGNC:28506,CFAP251,CFAP251,biolink:Gene,https://purl.humanatlas.io/graph/hra-pop
HGNC:28508,SETD9,SETD9,biolink:Gene,https://purl.humanatlas.io/graph/hra-pop
HGNC:28510,GLIS3,GLIS3,biolink:Gene,https://purl.humanatlas.io/graph/hra-pop
HGNC:28514,CEP112,CEP112,biolink:Gene,https://purl.humanatlas.io/graph/hra-pop
HGNC:28517,TMEM178A,TMEM178A,biolink:Gene,https://purl.humanatlas.io/graph/hra-pop
HGNC:28518,IZUMO2,IZUMO2,biolink:Gene,https://purl.humanatlas.io/graph/hra-pop
HGNC:2852,DGKE,DGKE,biolink:Gene,https://purl.humanatlas.io/graph/hra-pop
HGNC:28522,RNF182,RNF182,biolink:Gene,https://purl.humanatlas.io/graph/hra-pop
HGNC:28524,SLC44A5,SLC44A5,biolink:Gene,https://purl.humanatlas.io/graph/hra-pop
HGNC:28528,UGT2A3,UGT2A3,biolink:Gene,https://purl.humanatlas.io/graph/hra-pop
HGNC:28529,IL34,IL34,biolink:Gene,https://purl.humanatlas.io/graph/hra-pop
HGNC:2853,DGKG,DGKG,biolink:Gene,https://purl.humanatlas.io/graph/hra-pop
HGNC:28531,TYSND1,TYSND1,biolink:Gene,https://purl.humanatlas.io/graph/hra-pop
HGNC:28538,CLEC18C,CLEC18C,biolink:Gene,https://purl.humanatlas.io/graph/hra-pop
HGNC:2854,DGKH,DGKH,biolink:Gene,https://purl.humanatlas.io/graph/hra-pop
HGNC:28542,SLC22A24,SLC22A24,biolink:Gene,https://purl.humanatlas.io/graph/hra-pop
HGNC:2855,DGKI,DGKI,biolink:Gene,https://purl.humanatlas.io/graph/hra-pop
HGNC:28550,TMEM26,TMEM26,biolink:Gene,https://purl.humanatlas.io/graph/hra-pop
HGNC:28556,IQCK,IQCK,biolink:Gene,https://purl.humanatlas.io/graph/hra-pop
HGNC:28559,UBE2U,UBE2U,biolink:Gene,https://purl.humanatlas.io/graph/hra-pop
HGNC:28562,LRRC43,LRRC43,biolink:Gene,https://purl.humanatlas.io/graph/hra-pop
HGNC:28566,SAXO1,SAXO1,biolink:Gene,https://purl.humanatlas.io/graph/hra-pop
HGNC:28568,CIMIP4,CIMIP4,biolink:Gene,https://purl.humanatlas.io/graph/hra-pop
HGNC:2857,DGKZ,DGKZ,biolink:Gene,https://purl.humanatlas.io/graph/hra-pop
HGNC:28578,PSTK,PSTK,biolink:Gene,https://purl.humanatlas.io/graph/hra-pop
HGNC:28587,FAM110B,FAM110B,biolink:Gene,https://purl.humanatlas.io/graph/hra-pop
HGNC:2859,DHCR24,DHCR24,biolink:Gene,https://purl.humanatlas.io/graph/hra-pop
HGNC:28590,SERPINB9P1,SERPINB9P1,biolink:Gene,https://purl.humanatlas.io/graph/hra-pop
HGNC:28591,HEXIM2,HEXIM2,biolink:Gene,https://purl.humanatlas.io/graph/hra-pop
HGNC:28598,CATSPERD,CATSPERD,biolink:Gene,https://purl.humanatlas.io/graph/hra-pop
HGNC:286,ADRB2,ADRB2,biolink:Gene,https://purl.humanatlas.io/graph/hra-pop
HGNC:28600,PROCA1,PROCA1,biolink:Gene,https://purl.humanatlas.io/graph/hra-pop
HGNC:28605,SNX31,SNX31,biolink:Gene,https://purl.humanatlas.io/graph/hra-pop
HGNC:2861,DHFR,DHFR,biolink:Gene,https://purl.humanatlas.io/graph/hra-pop
HGNC:28611,RICTOR,RICTOR,biolink:Gene,https://purl.humanatlas.io/graph/hra-pop
HGNC:28613,MEI1,MEI1,biolink:Gene,https://purl.humanatlas.io/graph/hra-pop
HGNC:28618,TMEM256,TMEM256,biolink:Gene,https://purl.humanatlas.io/graph/hra-pop
HGNC:28619,SNHG29,SNHG29,biolink:Gene,https://purl.humanatlas.io/graph/hra-pop
HGNC:28622,TEX26,TEX26,biolink:Gene,https://purl.humanatlas.io/graph/hra-pop
HGNC:28625,NDUFAF6,NDUFAF6,biolink:Gene,https://purl.humanatlas.io/graph/hra-pop
HGNC:28628,NOPCHAP1,NOPCHAP1,biolink:Gene,https://purl.humanatlas.io/graph/hra-pop
HGNC:28629,FAM133B,FAM133B,biolink:Gene,https://purl.humanatlas.io/graph/hra-pop
HGNC:28637,LRCH3,LRCH3,biolink:Gene,https://purl.humanatlas.io/graph/hra-pop
HGNC:28638,GDPD3,GDPD3,biolink:Gene,https://purl.humanatlas.io/graph/hra-pop
HGNC:28648,DIS3L2,DIS3L2,biolink:Gene,https://purl.humanatlas.io/graph/hra-pop
HGNC:28651,PRXL2A,PRXL2A,biolink:Gene,https://purl.humanatlas.io/graph/hra-pop
HGNC:28652,ZNF678,ZNF678,biolink:Gene,https://purl.humanatlas.io/graph/hra-pop
HGNC:28653,TMEM101,TMEM101,biolink:Gene,https://purl.humanatlas.io/graph/hra-pop
HGNC:28657,CRACR2A,CRACR2A,biolink:Gene,https://purl.humanatlas.io/graph/hra-pop
HGNC:28660,ISCA1,ISCA1,biolink:Gene,https://purl.humanatlas.io/graph/hra-pop
HGNC:28666,CMSS1,CMSS1,biolink:Gene,https://purl.humanatlas.io/graph/hra-pop
HGNC:28671,ZNF546,ZNF546,biolink:Gene,https://purl.humanatlas.io/graph/hra-pop
HGNC:28672,CYBC1,CYBC1,biolink:Gene,https://purl.humanatlas.io/graph/hra-pop
HGNC:28673,ZNF577,ZNF577,biolink:Gene,https://purl.humanatlas.io/graph/hra-pop
HGNC:28683,TCEAL8,TCEAL8,biolink:Gene,https://purl.humanatlas.io/graph/hra-pop
HGNC:28685,OCIAD2,OCIAD2,biolink:Gene,https://purl.humanatlas.io/graph/hra-pop
HGNC:28687,C16orf89,C16orf89,biolink:Gene,https://purl.humanatlas.io/graph/hra-pop
HGNC:28688,CCDC24,CCDC24,biolink:Gene,https://purl.humanatlas.io/graph/hra-pop
HGNC:28689,SLC44A3,SLC44A3,biolink:Gene,https://purl.humanatlas.io/graph/hra-pop
HGNC:2869,DHPS,DHPS,biolink:Gene,https://purl.humanatlas.io/graph/hra-pop
HGNC:28691,ELOF1,ELOF1,biolink:Gene,https://purl.humanatlas.io/graph/hra-pop
HGNC:28696,ZNF567,ZNF567,biolink:Gene,https://purl.humanatlas.io/graph/hra-pop
HGNC:28701,SCARA5,SCARA5,biolink:Gene,https://purl.humanatlas.io/graph/hra-pop
HGNC:28702,RAB42,RAB42,biolink:Gene,https://purl.humanatlas.io/graph/hra-pop
HGNC:28704,TICRR,TICRR,biolink:Gene,https://purl.humanatlas.io/graph/hra-pop
HGNC:28706,SAMD11,SAMD11,biolink:Gene,https://purl.humanatlas.io/graph/hra-pop
HGNC:28712,STPG2,STPG2,biolink:Gene,https://purl.humanatlas.io/graph/hra-pop
HGNC:28714,B3GNT9,B3GNT9,biolink:Gene,https://purl.humanatlas.io/graph/hra-pop
HGNC:28717,CYTOR,CYTOR,biolink:Gene,https://purl.humanatlas.io/graph/hra-pop
HGNC:28719,HAUS3,HAUS3,biolink:Gene,https://purl.humanatlas.io/graph/hra-pop
HGNC:28722,COQ5,COQ5,biolink:Gene,https://purl.humanatlas.io/graph/hra-pop
HGNC:28724,APLF,APLF,biolink:Gene,https://purl.humanatlas.io/graph/hra-pop
HGNC:28726,C12orf60,C12orf60,biolink:Gene,https://purl.humanatlas.io/graph/hra-pop
HGNC:28727,APOO,APOO,biolink:Gene,https://purl.humanatlas.io/graph/hra-pop
HGNC:28728,MARCHF3,MARCHF3,biolink:Gene,https://purl.humanatlas.io/graph/hra-pop
HGNC:2873,CYB5R3,CYB5R3,biolink:Gene,https://purl.humanatlas.io/graph/hra-pop
HGNC:28737,C17orf49,C17orf49,biolink:Gene,https://purl.humanatlas.io/graph/hra-pop
HGNC:28738,PRR14L,PRR14L,biolink:Gene,https://purl.humanatlas.io/graph/hra-pop
HGNC:2874,NQO1,NQO1,biolink:Gene,https://purl.humanatlas.io/graph/hra-pop
HGNC:28746,FUNDC1,FUNDC1,biolink:Gene,https://purl.humanatlas.io/graph/hra-pop
HGNC:28749,RPS19BP1,RPS19BP1,biolink:Gene,https://purl.humanatlas.io/graph/hra-pop
HGNC:28750,SLC5A12,SLC5A12,biolink:Gene,https://purl.humanatlas.io/graph/hra-pop
HGNC:28756,ABHD17A,ABHD17A,biolink:Gene,https://purl.humanatlas.io/graph/hra-pop
HGNC:28759,TAF1D,TAF1D,biolink:Gene,https://purl.humanatlas.io/graph/hra-pop
HGNC:2876,DIAPH1,DIAPH1,biolink:Gene,https://purl.humanatlas.io/graph/hra-pop
HGNC:28763,PGAM5,PGAM5,biolink:Gene,https://purl.humanatlas.io/graph/hra-pop
HGNC:2877,DIAPH2,DIAPH2,biolink:Gene,https://purl.humanatlas.io/graph/hra-pop
HGNC:28771,TMEM109,TMEM109,biolink:Gene,https://purl.humanatlas.io/graph/hra-pop
HGNC:28772,C2orf49,C2orf49,biolink:Gene,https://purl.humanatlas.io/graph/hra-pop
HGNC:28773,SHLD2,SHLD2,biolink:Gene,https://purl.humanatlas.io/graph/hra-pop
HGNC:28775,TMEM106C,TMEM106C,biolink:Gene,https://purl.humanatlas.io/graph/hra-pop
HGNC:28777,DCTPP1,DCTPP1,biolink:Gene,https://purl.humanatlas.io/graph/hra-pop
HGNC:28783,CMC1,CMC1,biolink:Gene,https://purl.humanatlas.io/graph/hra-pop
HGNC:28784,C9orf85,C9orf85,biolink:Gene,https://purl.humanatlas.io/graph/hra-pop
HGNC:28787,RILPL2,RILPL2,biolink:Gene,https://purl.humanatlas.io/graph/hra-pop
HGNC:28789,SARAF,SARAF,biolink:Gene,https://purl.humanatlas.io/graph/hra-pop
HGNC:2879,SEPTIN1,SEPTIN1,biolink:Gene,https://purl.humanatlas.io/graph/hra-pop
HGNC:28790,PBDC1,PBDC1,biolink:Gene,https://purl.humanatlas.io/graph/hra-pop
HGNC:28801,C11orf68,C11orf68,biolink:Gene,https://purl.humanatlas.io/graph/hra-pop
HGNC:28826,WDR82,WDR82,biolink:Gene,https://purl.humanatlas.io/graph/hra-pop
HGNC:2883,DIO1,DIO1,biolink:Gene,https://purl.humanatlas.io/graph/hra-pop
HGNC:28833,OLA1,OLA1,biolink:Gene,https://purl.humanatlas.io/graph/hra-pop
HGNC:28841,PRAMEF2,PRAMEF2,biolink:Gene,https://purl.humanatlas.io/graph/hra-pop
HGNC:28843,GPBP1L1,GPBP1L1,biolink:Gene,https://purl.humanatlas.io/graph/hra-pop
HGNC:28844,FBXO38,FBXO38,biolink:Gene,https://purl.humanatlas.io/graph/hra-pop
HGNC:28848,COPRS,COPRS,biolink:Gene,https://purl.humanatlas.io/graph/hra-pop
HGNC:28850,TSKU,TSKU,biolink:Gene,https://purl.humanatlas.io/graph/hra-pop
HGNC:28853,JOSD2,JOSD2,biolink:Gene,https://purl.humanatlas.io/graph/hra-pop
HGNC:28856,RNF166,RNF166,biolink:Gene,https://purl.humanatlas.io/graph/hra-pop
HGNC:28857,ZNF682,ZNF682,biolink:Gene,https://purl.humanatlas.io/graph/hra-pop
HGNC:28859,HILPDA,HILPDA,biolink:Gene,https://purl.humanatlas.io/graph/hra-pop
HGNC:28860,PDCL3,PDCL3,biolink:Gene,https://purl.humanatlas.io/graph/hra-pop
HGNC:28862,NIPBL,NIPBL,biolink:Gene,https://purl.humanatlas.io/graph/hra-pop
HGNC:28867,IGF2BP2,IGF2BP2,biolink:Gene,https://purl.humanatlas.io/graph/hra-pop
HGNC:28870,MDFIC,MDFIC,biolink:Gene,https://purl.humanatlas.io/graph/hra-pop
HGNC:28871,IER2,IER2,biolink:Gene,https://purl.humanatlas.io/graph/hra-pop
HGNC:28873,VTCN1,VTCN1,biolink:Gene,https://purl.humanatlas.io/graph/hra-pop
HGNC:28874,CD300E,CD300E,biolink:Gene,https://purl.humanatlas.io/graph/hra-pop
HGNC:2888,DISC1,DISC1,biolink:Gene,https://purl.humanatlas.io/graph/hra-pop
HGNC:28881,PATJ,PATJ,biolink:Gene,https://purl.humanatlas.io/graph/hra-pop
HGNC:28883,PPA2,PPA2,biolink:Gene,https://purl.humanatlas.io/graph/hra-pop
HGNC:28887,LEMD3,LEMD3,biolink:Gene,https://purl.humanatlas.io/graph/hra-pop
HGNC:28894,PYHIN1,PYHIN1,biolink:Gene,https://purl.humanatlas.io/graph/hra-pop
HGNC:289,GRK2,GRK2,biolink:Gene,https://purl.humanatlas.io/graph/hra-pop
HGNC:2890,DKC1,DKC1,biolink:Gene,https://purl.humanatlas.io/graph/hra-pop
HGNC:28900,PNPLA8,PNPLA8,biolink:Gene,https://purl.humanatlas.io/graph/hra-pop
HGNC:28904,AIF1L,AIF1L,biolink:Gene,https://purl.humanatlas.io/graph/hra-pop
HGNC:28915,BATF3,BATF3,biolink:Gene,https://purl.humanatlas.io/graph/hra-pop
HGNC:28916,JMY,JMY,biolink:Gene,https://purl.humanatlas.io/graph/hra-pop
HGNC:28917,JAZF1,JAZF1,biolink:Gene,https://purl.humanatlas.io/graph/hra-pop
HGNC:2892,DKK2,DKK2,biolink:Gene,https://purl.humanatlas.io/graph/hra-pop
HGNC:28920,CEP170,CEP170,biolink:Gene,https://purl.humanatlas.io/graph/hra-pop
HGNC:28923,DAGLB,DAGLB,biolink:Gene,https://purl.humanatlas.io/graph/hra-pop
HGNC:2893,DKK3,DKK3,biolink:Gene,https://purl.humanatlas.io/graph/hra-pop
HGNC:28942,KRTCAP2,KRTCAP2,biolink:Gene,https://purl.humanatlas.io/graph/hra-pop
HGNC:28943,KRTCAP3,KRTCAP3,biolink:Gene,https://purl.humanatlas.io/graph/hra-pop
HGNC:28945,WDR43,WDR43,biolink:Gene,https://purl.humanatlas.io/graph/hra-pop
HGNC:28948,TMEM41B,TMEM41B,biolink:Gene,https://purl.humanatlas.io/graph/hra-pop
HGNC:28950,KIAA0040,KIAA0040,biolink:Gene,https://purl.humanatlas.io/graph/hra-pop
HGNC:28951,ARHGAP25,ARHGAP25,biolink:Gene,https://purl.humanatlas.io/graph/hra-pop
HGNC:28954,PPWD1,PPWD1,biolink:Gene,https://purl.humanatlas.io/graph/hra-pop
HGNC:2896,DLAT,DLAT,biolink:Gene,https://purl.humanatlas.io/graph/hra-pop
HGNC:28961,PCLAF,PCLAF,biolink:Gene,https://purl.humanatlas.io/graph/hra-pop
HGNC:28962,SPCS2,SPCS2,biolink:Gene,https://purl.humanatlas.io/graph/hra-pop
HGNC:28963,EMC2,EMC2,biolink:Gene,https://purl.humanatlas.io/graph/hra-pop
HGNC:28964,DANCR,DANCR,biolink:Gene,https://purl.humanatlas.io/graph/hra-pop
HGNC:28966,VGLL4,VGLL4,biolink:Gene,https://purl.humanatlas.io/graph/hra-pop
HGNC:28968,FAM53B,FAM53B,biolink:Gene,https://purl.humanatlas.io/graph/hra-pop
HGNC:2897,DLC1,DLC1,biolink:Gene,https://purl.humanatlas.io/graph/hra-pop
HGNC:28970,EFR3A,EFR3A,biolink:Gene,https://purl.humanatlas.io/graph/hra-pop
HGNC:28971,SPIDR,SPIDR,biolink:Gene,https://purl.humanatlas.io/graph/hra-pop
HGNC:28972,ZC3H3,ZC3H3,biolink:Gene,https://purl.humanatlas.io/graph/hra-pop
HGNC:28973,MLEC,MLEC,biolink:Gene,https://purl.humanatlas.io/graph/hra-pop
HGNC:28976,TTLL4,TTLL4,biolink:Gene,https://purl.humanatlas.io/graph/hra-pop
HGNC:28979,GSE1,GSE1,biolink:Gene,https://purl.humanatlas.io/graph/hra-pop
HGNC:28981,TUT4,TUT4,biolink:Gene,https://purl.humanatlas.io/graph/hra-pop
HGNC:28984,WASHC5,WASHC5,biolink:Gene,https://purl.humanatlas.io/graph/hra-pop
HGNC:28985,LPGAT1,LPGAT1,biolink:Gene,https://purl.humanatlas.io/graph/hra-pop
HGNC:28987,LARP4B,LARP4B,biolink:Gene,https://purl.humanatlas.io/graph/hra-pop
HGNC:28989,NPIPB3,NPIPB3,biolink:Gene,https://purl.humanatlas.io/graph/hra-pop
HGNC:28990,ZNF516,ZNF516,biolink:Gene,https://purl.humanatlas.io/graph/hra-pop
HGNC:28992,KIAA0232,KIAA0232,biolink:Gene,https://purl.humanatlas.io/graph/hra-pop
HGNC:28993,PIEZO1,PIEZO1,biolink:Gene,https://purl.humanatlas.io/graph/hra-pop
HGNC:28994,AVL9,AVL9,biolink:Gene,https://purl.humanatlas.io/graph/hra-pop
HGNC:28996,RTF1,RTF1,biolink:Gene,https://purl.humanatlas.io/graph/hra-pop
HGNC:28997,SECISBP2L,SECISBP2L,biolink:Gene,https://purl.humanatlas.io/graph/hra-pop
HGNC:29,ABCA1,ABCA1,biolink:Gene,https://purl.humanatlas.io/graph/hra-pop
HGNC:290,GRK3,GRK3,biolink:Gene,https://purl.humanatlas.io/graph/hra-pop
HGNC:2900,DLG1,DLG1,biolink:Gene,https://purl.humanatlas.io/graph/hra-pop
HGNC:29000,C2CD2L,C2CD2L,biolink:Gene,https://purl.humanatlas.io/graph/hra-pop
HGNC:29003,ZNF609,ZNF609,biolink:Gene,https://purl.humanatlas.io/graph/hra-pop
HGNC:29004,ZNF646,ZNF646,biolink:Gene,https://purl.humanatlas.io/graph/hra-pop
HGNC:29005,TRIM66,TRIM66,biolink:Gene,https://purl.humanatlas.io/graph/hra-pop
HGNC:29006,SEC16A,SEC16A,biolink:Gene,https://purl.humanatlas.io/graph/hra-pop
HGNC:29007,FRMPD4,FRMPD4,biolink:Gene,https://purl.humanatlas.io/graph/hra-pop
HGNC:2901,DLG2,DLG2,biolink:Gene,https://purl.humanatlas.io/graph/hra-pop
HGNC:29012,KDM6B,KDM6B,biolink:Gene,https://purl.humanatlas.io/graph/hra-pop
HGNC:29013,CLEC16A,CLEC16A,biolink:Gene,https://purl.humanatlas.io/graph/hra-pop
HGNC:29016,GARRE1,GARRE1,biolink:Gene,https://purl.humanatlas.io/graph/hra-pop
HGNC:29017,PLEKHM1,PLEKHM1,biolink:Gene,https://purl.humanatlas.io/graph/hra-pop
HGNC:2902,DLG3,DLG3,biolink:Gene,https://purl.humanatlas.io/graph/hra-pop
HGNC:29020,ECPAS,ECPAS,biolink:Gene,https://purl.humanatlas.io/graph/hra-pop
HGNC:29021,CEP290,CEP290,biolink:Gene,https://purl.humanatlas.io/graph/hra-pop
HGNC:29023,PPIP5K1,PPIP5K1,biolink:Gene,https://purl.humanatlas.io/graph/hra-pop
HGNC:29024,ANKRD28,ANKRD28,biolink:Gene,https://purl.humanatlas.io/graph/hra-pop
HGNC:29025,ZNF536,ZNF536,biolink:Gene,https://purl.humanatlas.io/graph/hra-pop
HGNC:29027,ZZEF1,ZZEF1,biolink:Gene,https://purl.humanatlas.io/graph/hra-pop
HGNC:29029,TTI1,TTI1,biolink:Gene,https://purl.humanatlas.io/graph/hra-pop
HGNC:29030,RRP8,RRP8,biolink:Gene,https://purl.humanatlas.io/graph/hra-pop
HGNC:29035,PPIP5K2,PPIP5K2,biolink:Gene,https://purl.humanatlas.io/graph/hra-pop
HGNC:29037,PLCH2,PLCH2,biolink:Gene,https://purl.humanatlas.io/graph/hra-pop
HGNC:29039,RPRD2,RPRD2,biolink:Gene,https://purl.humanatlas.io/graph/hra-pop
HGNC:2904,DLG5,DLG5,biolink:Gene,https://purl.humanatlas.io/graph/hra-pop
HGNC:29041,KLHL21,KLHL21,biolink:Gene,https://purl.humanatlas.io/graph/hra-pop
HGNC:29043,DSTYK,DSTYK,biolink:Gene,https://purl.humanatlas.io/graph/hra-pop
HGNC:29045,ZBTB40,ZBTB40,biolink:Gene,https://purl.humanatlas.io/graph/hra-pop
HGNC:29046,FBXO28,FBXO28,biolink:Gene,https://purl.humanatlas.io/graph/hra-pop
HGNC:2905,DLGAP1,DLGAP1,biolink:Gene,https://purl.humanatlas.io/graph/hra-pop
HGNC:29051,EFCAB14,EFCAB14,biolink:Gene,https://purl.humanatlas.io/graph/hra-pop
HGNC:29058,KIAA0513,KIAA0513,biolink:Gene,https://purl.humanatlas.io/graph/hra-pop
HGNC:29059,IQSEC2,IQSEC2,biolink:Gene,https://purl.humanatlas.io/graph/hra-pop
HGNC:2906,DLGAP2,DLGAP2,biolink:Gene,https://purl.humanatlas.io/graph/hra-pop
HGNC:29063,ATRNL1,ATRNL1,biolink:Gene,https://purl.humanatlas.io/graph/hra-pop
HGNC:29066,GPATCH8,GPATCH8,biolink:Gene,https://purl.humanatlas.io/graph/hra-pop
HGNC:29067,JAKMIP2,JAKMIP2,biolink:Gene,https://purl.humanatlas.io/graph/hra-pop
HGNC:29068,KATNIP,KATNIP,biolink:Gene,https://purl.humanatlas.io/graph/hra-pop
HGNC:29069,LRRC37A,LRRC37A,biolink:Gene,https://purl.humanatlas.io/graph/hra-pop
HGNC:29071,VWA8,VWA8,biolink:Gene,https://purl.humanatlas.io/graph/hra-pop
HGNC:29073,CCDC144CP,CCDC144CP,biolink:Gene,https://purl.humanatlas.io/graph/hra-pop
HGNC:29075,ENTREP2,ENTREP2,biolink:Gene,https://purl.humanatlas.io/graph/hra-pop
HGNC:29076,CEP68,CEP68,biolink:Gene,https://purl.humanatlas.io/graph/hra-pop
HGNC:29077,IFT140,IFT140,biolink:Gene,https://purl.humanatlas.io/graph/hra-pop
HGNC:29079,KDM1A,KDM1A,biolink:Gene,https://purl.humanatlas.io/graph/hra-pop
HGNC:2908,DLL1,DLL1,biolink:Gene,https://purl.humanatlas.io/graph/hra-pop
HGNC:29083,MFAP3L,MFAP3L,biolink:Gene,https://purl.humanatlas.io/graph/hra-pop
HGNC:29086,CEP135,CEP135,biolink:Gene,https://purl.humanatlas.io/graph/hra-pop
HGNC:29088,PDS5A,PDS5A,biolink:Gene,https://purl.humanatlas.io/graph/hra-pop
HGNC:29090,SMCHD1,SMCHD1,biolink:Gene,https://purl.humanatlas.io/graph/hra-pop
HGNC:29092,OBSL1,OBSL1,biolink:Gene,https://purl.humanatlas.io/graph/hra-pop
HGNC:29093,ZC3H11A,ZC3H11A,biolink:Gene,https://purl.humanatlas.io/graph/hra-pop
HGNC:29095,TSC22D2,TSC22D2,biolink:Gene,https://purl.humanatlas.io/graph/hra-pop
HGNC:29097,TBC1D9B,TBC1D9B,biolink:Gene,https://purl.humanatlas.io/graph/hra-pop
HGNC:2910,DLL4,DLL4,biolink:Gene,https://purl.humanatlas.io/graph/hra-pop
HGNC:29108,SEL1L3,SEL1L3,biolink:Gene,https://purl.humanatlas.io/graph/hra-pop
HGNC:29109,TESPA1,TESPA1,biolink:Gene,https://purl.humanatlas.io/graph/hra-pop
HGNC:29112,IQSEC1,IQSEC1,biolink:Gene,https://purl.humanatlas.io/graph/hra-pop
HGNC:29113,GRAMD4,GRAMD4,biolink:Gene,https://purl.humanatlas.io/graph/hra-pop
HGNC:29114,FCHSD2,FCHSD2,biolink:Gene,https://purl.humanatlas.io/graph/hra-pop
HGNC:29116,TMCC1,TMCC1,biolink:Gene,https://purl.humanatlas.io/graph/hra-pop
HGNC:29117,WSCD2,WSCD2,biolink:Gene,https://purl.humanatlas.io/graph/hra-pop
HGNC:29118,TMEM63A,TMEM63A,biolink:Gene,https://purl.humanatlas.io/graph/hra-pop
HGNC:29122,VPS8,VPS8,biolink:Gene,https://purl.humanatlas.io/graph/hra-pop
HGNC:29125,DNM3,DNM3,biolink:Gene,https://purl.humanatlas.io/graph/hra-pop
HGNC:29127,FRYL,FRYL,biolink:Gene,https://purl.humanatlas.io/graph/hra-pop
HGNC:29131,PLEKHM2,PLEKHM2,biolink:Gene,https://purl.humanatlas.io/graph/hra-pop
HGNC:29134,DENND3,DENND3,biolink:Gene,https://purl.humanatlas.io/graph/hra-pop
HGNC:29135,ANKRD12,ANKRD12,biolink:Gene,https://purl.humanatlas.io/graph/hra-pop
HGNC:29136,KDM4B,KDM4B,biolink:Gene,https://purl.humanatlas.io/graph/hra-pop
HGNC:2914,DLX1,DLX1,biolink:Gene,https://purl.humanatlas.io/graph/hra-pop
HGNC:29140,MAU2,MAU2,biolink:Gene,https://purl.humanatlas.io/graph/hra-pop
HGNC:29141,WDR47,WDR47,biolink:Gene,https://purl.humanatlas.io/graph/hra-pop
HGNC:29144,EHBP1,EHBP1,biolink:Gene,https://purl.humanatlas.io/graph/hra-pop
HGNC:29146,TMEM131L,TMEM131L,biolink:Gene,https://purl.humanatlas.io/graph/hra-pop
HGNC:29148,FBXO45,FBXO45,biolink:Gene,https://purl.humanatlas.io/graph/hra-pop
HGNC:29150,DIP2C,DIP2C,biolink:Gene,https://purl.humanatlas.io/graph/hra-pop
HGNC:29152,RAB11FIP2,RAB11FIP2,biolink:Gene,https://purl.humanatlas.io/graph/hra-pop
HGNC:29157,DNAJC16,DNAJC16,biolink:Gene,https://purl.humanatlas.io/graph/hra-pop
HGNC:29158,SBNO2,SBNO2,biolink:Gene,https://purl.humanatlas.io/graph/hra-pop
HGNC:29159,FRMPD1,FRMPD1,biolink:Gene,https://purl.humanatlas.io/graph/hra-pop
HGNC:29160,FASTKD2,FASTKD2,biolink:Gene,https://purl.humanatlas.io/graph/hra-pop
HGNC:29161,ZNF510,ZNF510,biolink:Gene,https://purl.humanatlas.io/graph/hra-pop
HGNC:29162,FAM149B1,FAM149B1,biolink:Gene,https://purl.humanatlas.io/graph/hra-pop
HGNC:29163,NINL,NINL,biolink:Gene,https://purl.humanatlas.io/graph/hra-pop
HGNC:29165,SIK3,SIK3,biolink:Gene,https://purl.humanatlas.io/graph/hra-pop
HGNC:29167,R3HDM2,R3HDM2,biolink:Gene,https://purl.humanatlas.io/graph/hra-pop
HGNC:29170,FAN1,FAN1,biolink:Gene,https://purl.humanatlas.io/graph/hra-pop
HGNC:29171,IQCE,IQCE,biolink:Gene,https://purl.humanatlas.io/graph/hra-pop
HGNC:29173,KAZN,KAZN,biolink:Gene,https://purl.humanatlas.io/graph/hra-pop
HGNC:29174,WASHC4,WASHC4,biolink:Gene,https://purl.humanatlas.io/graph/hra-pop
HGNC:29175,WDTC1,WDTC1,biolink:Gene,https://purl.humanatlas.io/graph/hra-pop
HGNC:29176,RAP1GAP2,RAP1GAP2,biolink:Gene,https://purl.humanatlas.io/graph/hra-pop
HGNC:29177,MON2,MON2,biolink:Gene,https://purl.humanatlas.io/graph/hra-pop
HGNC:29179,TTC28,TTC28,biolink:Gene,https://purl.humanatlas.io/graph/hra-pop
HGNC:29181,TCF25,TCF25,biolink:Gene,https://purl.humanatlas.io/graph/hra-pop
HGNC:29182,CEP164,CEP164,biolink:Gene,https://purl.humanatlas.io/graph/hra-pop
HGNC:29183,TBC1D2B,TBC1D2B,biolink:Gene,https://purl.humanatlas.io/graph/hra-pop
HGNC:29186,ANKRD26,ANKRD26,biolink:Gene,https://purl.humanatlas.io/graph/hra-pop
HGNC:29188,CAMSAP2,CAMSAP2,biolink:Gene,https://purl.humanatlas.io/graph/hra-pop
HGNC:29190,TNRC6B,TNRC6B,biolink:Gene,https://purl.humanatlas.io/graph/hra-pop
HGNC:29191,LIMCH1,LIMCH1,biolink:Gene,https://purl.humanatlas.io/graph/hra-pop
HGNC:29193,IQSEC3,IQSEC3,biolink:Gene,https://purl.humanatlas.io/graph/hra-pop
HGNC:29196,SLC45A4,SLC45A4,biolink:Gene,https://purl.humanatlas.io/graph/hra-pop
HGNC:29197,CCSER2,CCSER2,biolink:Gene,https://purl.humanatlas.io/graph/hra-pop
HGNC:29199,TMCC3,TMCC3,biolink:Gene,https://purl.humanatlas.io/graph/hra-pop
HGNC:292,ADSS2,ADSS2,biolink:Gene,https://purl.humanatlas.io/graph/hra-pop
HGNC:29203,TBC1D24,TBC1D24,biolink:Gene,https://purl.humanatlas.io/graph/hra-pop
HGNC:29204,SVBP,SVBP,biolink:Gene,https://purl.humanatlas.io/graph/hra-pop
HGNC:29209,KIAA1191,KIAA1191,biolink:Gene,https://purl.humanatlas.io/graph/hra-pop
HGNC:29212,ZNF512B,ZNF512B,biolink:Gene,https://purl.humanatlas.io/graph/hra-pop
HGNC:29214,GRAMD1B,GRAMD1B,biolink:Gene,https://purl.humanatlas.io/graph/hra-pop
HGNC:29215,SHROOM4,SHROOM4,biolink:Gene,https://purl.humanatlas.io/graph/hra-pop
HGNC:29216,ARHGAP31,ARHGAP31,biolink:Gene,https://purl.humanatlas.io/graph/hra-pop
HGNC:29222,ZNF644,ZNF644,biolink:Gene,https://purl.humanatlas.io/graph/hra-pop
HGNC:29227,HEG1,HEG1,biolink:Gene,https://purl.humanatlas.io/graph/hra-pop
HGNC:29228,RIMKLB,RIMKLB,biolink:Gene,https://purl.humanatlas.io/graph/hra-pop
HGNC:29229,NWD2,NWD2,biolink:Gene,https://purl.humanatlas.io/graph/hra-pop
HGNC:29230,ATAD2B,ATAD2B,biolink:Gene,https://purl.humanatlas.io/graph/hra-pop
HGNC:29232,PARP14,PARP14,biolink:Gene,https://purl.humanatlas.io/graph/hra-pop
HGNC:29233,MAVS,MAVS,biolink:Gene,https://purl.humanatlas.io/graph/hra-pop
HGNC:29235,FAM184B,FAM184B,biolink:Gene,https://purl.humanatlas.io/graph/hra-pop
HGNC:29238,ZNF608,ZNF608,biolink:Gene,https://purl.humanatlas.io/graph/hra-pop
HGNC:29241,INTS2,INTS2,biolink:Gene,https://purl.humanatlas.io/graph/hra-pop
HGNC:29242,SH3PXD2B,SH3PXD2B,biolink:Gene,https://purl.humanatlas.io/graph/hra-pop
HGNC:29243,RBM27,RBM27,biolink:Gene,https://purl.humanatlas.io/graph/hra-pop
HGNC:29244,KCTD16,KCTD16,biolink:Gene,https://purl.humanatlas.io/graph/hra-pop
HGNC:29246,TBC1D14,TBC1D14,biolink:Gene,https://purl.humanatlas.io/graph/hra-pop
HGNC:29248,KIAA1328,KIAA1328,biolink:Gene,https://purl.humanatlas.io/graph/hra-pop
HGNC:29249,FBXO42,FBXO42,biolink:Gene,https://purl.humanatlas.io/graph/hra-pop
HGNC:29252,KLHL42,KLHL42,biolink:Gene,https://purl.humanatlas.io/graph/hra-pop
HGNC:29253,CC2D2A,CC2D2A,biolink:Gene,https://purl.humanatlas.io/graph/hra-pop
HGNC:29255,USP53,USP53,biolink:Gene,https://purl.humanatlas.io/graph/hra-pop
HGNC:29256,SOBP,SOBP,biolink:Gene,https://purl.humanatlas.io/graph/hra-pop
HGNC:29259,TAOK1,TAOK1,biolink:Gene,https://purl.humanatlas.io/graph/hra-pop
HGNC:29260,NCEH1,NCEH1,biolink:Gene,https://purl.humanatlas.io/graph/hra-pop
HGNC:29262,IFT80,IFT80,biolink:Gene,https://purl.humanatlas.io/graph/hra-pop
HGNC:29263,ARRDC3,ARRDC3,biolink:Gene,https://purl.humanatlas.io/graph/hra-pop
HGNC:29265,MAP10,MAP10,biolink:Gene,https://purl.humanatlas.io/graph/hra-pop
HGNC:29267,PPP4R3B,PPP4R3B,biolink:Gene,https://purl.humanatlas.io/graph/hra-pop
HGNC:29271,ZNFX1,ZNFX1,biolink:Gene,https://purl.humanatlas.io/graph/hra-pop
HGNC:29273,HEATR5B,HEATR5B,biolink:Gene,https://purl.humanatlas.io/graph/hra-pop
HGNC:29276,CFAP97,CFAP97,biolink:Gene,https://purl.humanatlas.io/graph/hra-pop
HGNC:29279,BAHCC1,BAHCC1,biolink:Gene,https://purl.humanatlas.io/graph/hra-pop
HGNC:2928,DMD,DMD,biolink:Gene,https://purl.humanatlas.io/graph/hra-pop
HGNC:29280,FNIP2,FNIP2,biolink:Gene,https://purl.humanatlas.io/graph/hra-pop
HGNC:29282,SLAIN2,SLAIN2,biolink:Gene,https://purl.humanatlas.io/graph/hra-pop
HGNC:29283,JCAD,JCAD,biolink:Gene,https://purl.humanatlas.io/graph/hra-pop
HGNC:29284,DIP2B,DIP2B,biolink:Gene,https://purl.humanatlas.io/graph/hra-pop
HGNC:29286,ISLR2,ISLR2,biolink:Gene,https://purl.humanatlas.io/graph/hra-pop
HGNC:29288,FAM234B,FAM234B,biolink:Gene,https://purl.humanatlas.io/graph/hra-pop
HGNC:29292,LRCH2,LRCH2,biolink:Gene,https://purl.humanatlas.io/graph/hra-pop
HGNC:29293,ARHGAP23,ARHGAP23,biolink:Gene,https://purl.humanatlas.io/graph/hra-pop
HGNC:29296,CCDC146,CCDC146,biolink:Gene,https://purl.humanatlas.io/graph/hra-pop
HGNC:29298,CEP152,CEP152,biolink:Gene,https://purl.humanatlas.io/graph/hra-pop
HGNC:29299,ZSWIM5,ZSWIM5,biolink:Gene,https://purl.humanatlas.io/graph/hra-pop
HGNC:29301,NHSL3,NHSL3,biolink:Gene,https://purl.humanatlas.io/graph/hra-pop
HGNC:29308,FBRSL1,FBRSL1,biolink:Gene,https://purl.humanatlas.io/graph/hra-pop
HGNC:29314,CACHD1,CACHD1,biolink:Gene,https://purl.humanatlas.io/graph/hra-pop
HGNC:29315,VAT1L,VAT1L,biolink:Gene,https://purl.humanatlas.io/graph/hra-pop
HGNC:29316,ZSWIM6,ZSWIM6,biolink:Gene,https://purl.humanatlas.io/graph/hra-pop
HGNC:29317,LRRC4C,LRRC4C,biolink:Gene,https://purl.humanatlas.io/graph/hra-pop
HGNC:29318,TNRC6C,TNRC6C,biolink:Gene,https://purl.humanatlas.io/graph/hra-pop
HGNC:29321,NCKAP5L,NCKAP5L,biolink:Gene,https://purl.humanatlas.io/graph/hra-pop
HGNC:29323,WDFY4,WDFY4,biolink:Gene,https://purl.humanatlas.io/graph/hra-pop
HGNC:29324,DENND1A,DENND1A,biolink:Gene,https://purl.humanatlas.io/graph/hra-pop
HGNC:29327,KIAA1614,KIAA1614,biolink:Gene,https://purl.humanatlas.io/graph/hra-pop
HGNC:29329,ANO8,ANO8,biolink:Gene,https://purl.humanatlas.io/graph/hra-pop
HGNC:29334,ZFYVE28,ZFYVE28,biolink:Gene,https://purl.humanatlas.io/graph/hra-pop
HGNC:29335,SHISAL1,SHISAL1,biolink:Gene,https://purl.humanatlas.io/graph/hra-pop
HGNC:29345,KIAA1671,KIAA1671,biolink:Gene,https://purl.humanatlas.io/graph/hra-pop
HGNC:29347,KLHL15,KLHL15,biolink:Gene,https://purl.humanatlas.io/graph/hra-pop
HGNC:29348,THSD7B,THSD7B,biolink:Gene,https://purl.humanatlas.io/graph/hra-pop
HGNC:29349,CCSER1,CCSER1,biolink:Gene,https://purl.humanatlas.io/graph/hra-pop
HGNC:2935,DMRT2,DMRT2,biolink:Gene,https://purl.humanatlas.io/graph/hra-pop
HGNC:29356,CEP44,CEP44,biolink:Gene,https://purl.humanatlas.io/graph/hra-pop
HGNC:2936,DMWD,DMWD,biolink:Gene,https://purl.humanatlas.io/graph/hra-pop
HGNC:29361,SELENOI,SELENOI,biolink:Gene,https://purl.humanatlas.io/graph/hra-pop
HGNC:29364,TANC1,TANC1,biolink:Gene,https://purl.humanatlas.io/graph/hra-pop
HGNC:29368,CFAP74,CFAP74,biolink:Gene,https://purl.humanatlas.io/graph/hra-pop
HGNC:2937,DMXL1,DMXL1,biolink:Gene,https://purl.humanatlas.io/graph/hra-pop
HGNC:29370,ITPRIP,ITPRIP,biolink:Gene,https://purl.humanatlas.io/graph/hra-pop
HGNC:29378,PHYHIPL,PHYHIPL,biolink:Gene,https://purl.humanatlas.io/graph/hra-pop
HGNC:29379,EFCAB7,EFCAB7,biolink:Gene,https://purl.humanatlas.io/graph/hra-pop
HGNC:2938,DMXL2,DMXL2,biolink:Gene,https://purl.humanatlas.io/graph/hra-pop
HGNC:29380,ZNF512,ZNF512,biolink:Gene,https://purl.humanatlas.io/graph/hra-pop
HGNC:29381,LZTS2,LZTS2,biolink:Gene,https://purl.humanatlas.io/graph/hra-pop
HGNC:29386,CC2D1B,CC2D1B,biolink:Gene,https://purl.humanatlas.io/graph/hra-pop
HGNC:29393,PLIN4,PLIN4,biolink:Gene,https://purl.humanatlas.io/graph/hra-pop
HGNC:29394,XKR4,XKR4,biolink:Gene,https://purl.humanatlas.io/graph/hra-pop
HGNC:29397,TMEM132B,TMEM132B,biolink:Gene,https://purl.humanatlas.io/graph/hra-pop
HGNC:29399,PLEKHG4B,PLEKHG4B,biolink:Gene,https://purl.humanatlas.io/graph/hra-pop
HGNC:2940,DNAH1,DNAH1,biolink:Gene,https://purl.humanatlas.io/graph/hra-pop
HGNC:29400,CCDC85A,CCDC85A,biolink:Gene,https://purl.humanatlas.io/graph/hra-pop
HGNC:29401,MYSM1,MYSM1,biolink:Gene,https://purl.humanatlas.io/graph/hra-pop
HGNC:29402,RNF157,RNF157,biolink:Gene,https://purl.humanatlas.io/graph/hra-pop
HGNC:29404,KLHL29,KLHL29,biolink:Gene,https://purl.humanatlas.io/graph/hra-pop
HGNC:29411,TMEM132D,TMEM132D,biolink:Gene,https://purl.humanatlas.io/graph/hra-pop
HGNC:29412,FAM171B,FAM171B,biolink:Gene,https://purl.humanatlas.io/graph/hra-pop
HGNC:29413,PPP1R18,PPP1R18,biolink:Gene,https://purl.humanatlas.io/graph/hra-pop
HGNC:29415,ZNF526,ZNF526,biolink:Gene,https://purl.humanatlas.io/graph/hra-pop
HGNC:29416,ZNF618,ZNF618,biolink:Gene,https://purl.humanatlas.io/graph/hra-pop
HGNC:29418,FNIP1,FNIP1,biolink:Gene,https://purl.humanatlas.io/graph/hra-pop
HGNC:29420,RSPRY1,RSPRY1,biolink:Gene,https://purl.humanatlas.io/graph/hra-pop
HGNC:29422,ANKS3,ANKS3,biolink:Gene,https://purl.humanatlas.io/graph/hra-pop
HGNC:29426,CCBE1,CCBE1,biolink:Gene,https://purl.humanatlas.io/graph/hra-pop
HGNC:29427,SH3TC2,SH3TC2,biolink:Gene,https://purl.humanatlas.io/graph/hra-pop
HGNC:29431,PEAK1,PEAK1,biolink:Gene,https://purl.humanatlas.io/graph/hra-pop
HGNC:29433,NEXMIF,NEXMIF,biolink:Gene,https://purl.humanatlas.io/graph/hra-pop
HGNC:29434,RC3H1,RC3H1,biolink:Gene,https://purl.humanatlas.io/graph/hra-pop
HGNC:29435,WWC1,WWC1,biolink:Gene,https://purl.humanatlas.io/graph/hra-pop
HGNC:29437,CLTRN,CLTRN,biolink:Gene,https://purl.humanatlas.io/graph/hra-pop
HGNC:29446,SERHL2,SERHL2,biolink:Gene,https://purl.humanatlas.io/graph/hra-pop
HGNC:29448,ZNF717,ZNF717,biolink:Gene,https://purl.humanatlas.io/graph/hra-pop
HGNC:29450,GLIS2,GLIS2,biolink:Gene,https://purl.humanatlas.io/graph/hra-pop
HGNC:29451,FGFBP2,FGFBP2,biolink:Gene,https://purl.humanatlas.io/graph/hra-pop
HGNC:29452,ATP23,ATP23,biolink:Gene,https://purl.humanatlas.io/graph/hra-pop
HGNC:29456,TOR1AIP1,TOR1AIP1,biolink:Gene,https://purl.humanatlas.io/graph/hra-pop
HGNC:29458,SLC7A5P1,SLC7A5P1,biolink:Gene,https://purl.humanatlas.io/graph/hra-pop
HGNC:2946,DNAH17,DNAH17,biolink:Gene,https://purl.humanatlas.io/graph/hra-pop
HGNC:29471,LAYN,LAYN,biolink:Gene,https://purl.humanatlas.io/graph/hra-pop
HGNC:29473,ZNF580,ZNF580,biolink:Gene,https://purl.humanatlas.io/graph/hra-pop
HGNC:29477,LEPROT,LEPROT,biolink:Gene,https://purl.humanatlas.io/graph/hra-pop
HGNC:29478,ROGDI,ROGDI,biolink:Gene,https://purl.humanatlas.io/graph/hra-pop
HGNC:29480,LRG1,LRG1,biolink:Gene,https://purl.humanatlas.io/graph/hra-pop
HGNC:29499,ERAP2,ERAP2,biolink:Gene,https://purl.humanatlas.io/graph/hra-pop
HGNC:2950,DNAH5,DNAH5,biolink:Gene,https://purl.humanatlas.io/graph/hra-pop
HGNC:29501,GPSM2,GPSM2,biolink:Gene,https://purl.humanatlas.io/graph/hra-pop
HGNC:29507,SCPEP1,SCPEP1,biolink:Gene,https://purl.humanatlas.io/graph/hra-pop
HGNC:29508,KIDINS220,KIDINS220,biolink:Gene,https://purl.humanatlas.io/graph/hra-pop
HGNC:29509,APH1A,APH1A,biolink:Gene,https://purl.humanatlas.io/graph/hra-pop
HGNC:29510,MTFR1,MTFR1,biolink:Gene,https://purl.humanatlas.io/graph/hra-pop
HGNC:29513,AQR,AQR,biolink:Gene,https://purl.humanatlas.io/graph/hra-pop
HGNC:29520,GPBP1,GPBP1,biolink:Gene,https://purl.humanatlas.io/graph/hra-pop
HGNC:29521,C12orf57,C12orf57,biolink:Gene,https://purl.humanatlas.io/graph/hra-pop
HGNC:29523,CFAP20,CFAP20,biolink:Gene,https://purl.humanatlas.io/graph/hra-pop
HGNC:29525,GLIS1,GLIS1,biolink:Gene,https://purl.humanatlas.io/graph/hra-pop
HGNC:29527,HIGD1A,HIGD1A,biolink:Gene,https://purl.humanatlas.io/graph/hra-pop
HGNC:29528,ZC3H15,ZC3H15,biolink:Gene,https://purl.humanatlas.io/graph/hra-pop
HGNC:29529,TBL1XR1,TBL1XR1,biolink:Gene,https://purl.humanatlas.io/graph/hra-pop
HGNC:29531,LARP1,LARP1,biolink:Gene,https://purl.humanatlas.io/graph/hra-pop
HGNC:29532,LBH,LBH,biolink:Gene,https://purl.humanatlas.io/graph/hra-pop
HGNC:29534,ESYT1,ESYT1,biolink:Gene,https://purl.humanatlas.io/graph/hra-pop
HGNC:29535,MTF2,MTF2,biolink:Gene,https://purl.humanatlas.io/graph/hra-pop
HGNC:29536,MAPKBP1,MAPKBP1,biolink:Gene,https://purl.humanatlas.io/graph/hra-pop
HGNC:29546,SH3YL1,SH3YL1,biolink:Gene,https://purl.humanatlas.io/graph/hra-pop
HGNC:29549,SPIC,SPIC,biolink:Gene,https://purl.humanatlas.io/graph/hra-pop
HGNC:29550,RIC8A,RIC8A,biolink:Gene,https://purl.humanatlas.io/graph/hra-pop
HGNC:29553,TYMSOS,TYMSOS,biolink:Gene,https://purl.humanatlas.io/graph/hra-pop
HGNC:29556,EFHD1,EFHD1,biolink:Gene,https://purl.humanatlas.io/graph/hra-pop
HGNC:29557,NEXN,NEXN,biolink:Gene,https://purl.humanatlas.io/graph/hra-pop
HGNC:29559,VMP1,VMP1,biolink:Gene,https://purl.humanatlas.io/graph/hra-pop
HGNC:2956,DNASE1,DNASE1,biolink:Gene,https://purl.humanatlas.io/graph/hra-pop
HGNC:29560,THYN1,THYN1,biolink:Gene,https://purl.humanatlas.io/graph/hra-pop
HGNC:29562,MARF1,MARF1,biolink:Gene,https://purl.humanatlas.io/graph/hra-pop
HGNC:2957,DNASE1L1,DNASE1L1,biolink:Gene,https://purl.humanatlas.io/graph/hra-pop
HGNC:29572,LSR,LSR,biolink:Gene,https://purl.humanatlas.io/graph/hra-pop
HGNC:29573,PHLDB2,PHLDB2,biolink:Gene,https://purl.humanatlas.io/graph/hra-pop
HGNC:29583,GCSAML,GCSAML,biolink:Gene,https://purl.humanatlas.io/graph/hra-pop
HGNC:29585,TEX9,TEX9,biolink:Gene,https://purl.humanatlas.io/graph/hra-pop
HGNC:29586,ALMS1P1,ALMS1P1,biolink:Gene,https://purl.humanatlas.io/graph/hra-pop
HGNC:29588,CCDC178,CCDC178,biolink:Gene,https://purl.humanatlas.io/graph/hra-pop
HGNC:2959,DNASE1L3,DNASE1L3,biolink:Gene,https://purl.humanatlas.io/graph/hra-pop
HGNC:29593,ANKRD37,ANKRD37,biolink:Gene,https://purl.humanatlas.io/graph/hra-pop
HGNC:29594,UQCRQ,UQCRQ,biolink:Gene,https://purl.humanatlas.io/graph/hra-pop
HGNC:29596,TMEM176B,TMEM176B,biolink:Gene,https://purl.humanatlas.io/graph/hra-pop
HGNC:29598,MACROD1,MACROD1,biolink:Gene,https://purl.humanatlas.io/graph/hra-pop
HGNC:2960,DNASE2,DNASE2,biolink:Gene,https://purl.humanatlas.io/graph/hra-pop
HGNC:29602,PDPN,PDPN,biolink:Gene,https://purl.humanatlas.io/graph/hra-pop
HGNC:29605,SH2B3,SH2B3,biolink:Gene,https://purl.humanatlas.io/graph/hra-pop
HGNC:29606,GBP7,GBP7,biolink:Gene,https://purl.humanatlas.io/graph/hra-pop
HGNC:29608,MTDH,MTDH,biolink:Gene,https://purl.humanatlas.io/graph/hra-pop
HGNC:2961,DYNC1H1,DYNC1H1,biolink:Gene,https://purl.humanatlas.io/graph/hra-pop
HGNC:29612,LAPTM5,LAPTM5,biolink:Gene,https://purl.humanatlas.io/graph/hra-pop
HGNC:29619,MPEG1,MPEG1,biolink:Gene,https://purl.humanatlas.io/graph/hra-pop
HGNC:2962,DYNC2H1,DYNC2H1,biolink:Gene,https://purl.humanatlas.io/graph/hra-pop
HGNC:29620,ZCRB1,ZCRB1,biolink:Gene,https://purl.humanatlas.io/graph/hra-pop
HGNC:29623,MAN2B2,MAN2B2,biolink:Gene,https://purl.humanatlas.io/graph/hra-pop
HGNC:29629,BUD31,BUD31,biolink:Gene,https://purl.humanatlas.io/graph/hra-pop
HGNC:29631,TMEM205,TMEM205,biolink:Gene,https://purl.humanatlas.io/graph/hra-pop
HGNC:29635,MEGF11,MEGF11,biolink:Gene,https://purl.humanatlas.io/graph/hra-pop
HGNC:29636,MNS1,MNS1,biolink:Gene,https://purl.humanatlas.io/graph/hra-pop
HGNC:29639,MAGEF1,MAGEF1,biolink:Gene,https://purl.humanatlas.io/graph/hra-pop
HGNC:2964,DYNC1I2,DYNC1I2,biolink:Gene,https://purl.humanatlas.io/graph/hra-pop
HGNC:29641,PWWP3A,PWWP3A,biolink:Gene,https://purl.humanatlas.io/graph/hra-pop
HGNC:29644,GDE1,GDE1,biolink:Gene,https://purl.humanatlas.io/graph/hra-pop
HGNC:29645,PAQR5,PAQR5,biolink:Gene,https://purl.humanatlas.io/graph/hra-pop
HGNC:29647,MAGI3,MAGI3,biolink:Gene,https://purl.humanatlas.io/graph/hra-pop
HGNC:29654,PRR16,PRR16,biolink:Gene,https://purl.humanatlas.io/graph/hra-pop
HGNC:29656,THEM6,THEM6,biolink:Gene,https://purl.humanatlas.io/graph/hra-pop
HGNC:29657,MIER1,MIER1,biolink:Gene,https://purl.humanatlas.io/graph/hra-pop
HGNC:29658,MESP1,MESP1,biolink:Gene,https://purl.humanatlas.io/graph/hra-pop
HGNC:29661,OMA1,OMA1,biolink:Gene,https://purl.humanatlas.io/graph/hra-pop
HGNC:29663,MSMP,MSMP,biolink:Gene,https://purl.humanatlas.io/graph/hra-pop
HGNC:29665,MALAT1,MALAT1,biolink:Gene,https://purl.humanatlas.io/graph/hra-pop
HGNC:29667,C19orf48P,C19orf48P,biolink:Gene,https://purl.humanatlas.io/graph/hra-pop
HGNC:29669,IFT43,IFT43,biolink:Gene,https://purl.humanatlas.io/graph/hra-pop
HGNC:29672,MICALL2,MICALL2,biolink:Gene,https://purl.humanatlas.io/graph/hra-pop
HGNC:29676,PUM3,PUM3,biolink:Gene,https://purl.humanatlas.io/graph/hra-pop
HGNC:29681,SLC25A33,SLC25A33,biolink:Gene,https://purl.humanatlas.io/graph/hra-pop
HGNC:29682,GFM2,GFM2,biolink:Gene,https://purl.humanatlas.io/graph/hra-pop
HGNC:2972,DNM1,DNM1,biolink:Gene,https://purl.humanatlas.io/graph/hra-pop
HGNC:29720,MRPL50P2,MRPL50P2,biolink:Gene,https://purl.humanatlas.io/graph/hra-pop
HGNC:29734,MRPS17P1,MRPS17P1,biolink:Gene,https://purl.humanatlas.io/graph/hra-pop
HGNC:2974,DNM2,DNM2,biolink:Gene,https://purl.humanatlas.io/graph/hra-pop
HGNC:29786,SLC25A37,SLC25A37,biolink:Gene,https://purl.humanatlas.io/graph/hra-pop
HGNC:29787,TOP1MT,TOP1MT,biolink:Gene,https://purl.humanatlas.io/graph/hra-pop
HGNC:29788,MTIF3,MTIF3,biolink:Gene,https://purl.humanatlas.io/graph/hra-pop
HGNC:29789,MTUS1,MTUS1,biolink:Gene,https://purl.humanatlas.io/graph/hra-pop
HGNC:29796,LAMTOR2,LAMTOR2,biolink:Gene,https://purl.humanatlas.io/graph/hra-pop
HGNC:29798,MAP3K21,MAP3K21,biolink:Gene,https://purl.humanatlas.io/graph/hra-pop
HGNC:29799,SGMS1,SGMS1,biolink:Gene,https://purl.humanatlas.io/graph/hra-pop
HGNC:29801,MOB1B,MOB1B,biolink:Gene,https://purl.humanatlas.io/graph/hra-pop
HGNC:29802,MOB3A,MOB3A,biolink:Gene,https://purl.humanatlas.io/graph/hra-pop
HGNC:29805,NFKBIZ,NFKBIZ,biolink:Gene,https://purl.humanatlas.io/graph/hra-pop
HGNC:29806,LRRC25,LRRC25,biolink:Gene,https://purl.humanatlas.io/graph/hra-pop
HGNC:2981,DNPEP,DNPEP,biolink:Gene,https://purl.humanatlas.io/graph/hra-pop
HGNC:29810,MPHOSPH8,MPHOSPH8,biolink:Gene,https://purl.humanatlas.io/graph/hra-pop
HGNC:29814,MUS81,MUS81,biolink:Gene,https://purl.humanatlas.io/graph/hra-pop
HGNC:29819,MRTFB,MRTFB,biolink:Gene,https://purl.humanatlas.io/graph/hra-pop
HGNC:29821,ISYNA1,ISYNA1,biolink:Gene,https://purl.humanatlas.io/graph/hra-pop
HGNC:29823,MYL6B,MYL6B,biolink:Gene,https://purl.humanatlas.io/graph/hra-pop
HGNC:29827,MYL12B,MYL12B,biolink:Gene,https://purl.humanatlas.io/graph/hra-pop
HGNC:29828,CCDC171,CCDC171,biolink:Gene,https://purl.humanatlas.io/graph/hra-pop
HGNC:29831,NADK,NADK,biolink:Gene,https://purl.humanatlas.io/graph/hra-pop
HGNC:29832,NADSYN1,NADSYN1,biolink:Gene,https://purl.humanatlas.io/graph/hra-pop
HGNC:29834,SDR42E1,SDR42E1,biolink:Gene,https://purl.humanatlas.io/graph/hra-pop
HGNC:29836,NDUFA4L2,NDUFA4L2,biolink:Gene,https://purl.humanatlas.io/graph/hra-pop
HGNC:29845,XKRX,XKRX,biolink:Gene,https://purl.humanatlas.io/graph/hra-pop
HGNC:29847,NCKAP5,NCKAP5,biolink:Gene,https://purl.humanatlas.io/graph/hra-pop
HGNC:29849,CADM2,CADM2,biolink:Gene,https://purl.humanatlas.io/graph/hra-pop
HGNC:29852,N4BP3,N4BP3,biolink:Gene,https://purl.humanatlas.io/graph/hra-pop
HGNC:29853,HECW2,HECW2,biolink:Gene,https://purl.humanatlas.io/graph/hra-pop
HGNC:29856,PSME3IP1,PSME3IP1,biolink:Gene,https://purl.humanatlas.io/graph/hra-pop
HGNC:29857,AKAP8L,AKAP8L,biolink:Gene,https://purl.humanatlas.io/graph/hra-pop
HGNC:29858,NLK,NLK,biolink:Gene,https://purl.humanatlas.io/graph/hra-pop
HGNC:2986,DOC2B,DOC2B,biolink:Gene,https://purl.humanatlas.io/graph/hra-pop
HGNC:29866,NFASC,NFASC,biolink:Gene,https://purl.humanatlas.io/graph/hra-pop
HGNC:2987,DOCK1,DOCK1,biolink:Gene,https://purl.humanatlas.io/graph/hra-pop
HGNC:29873,NKAP,NKAP,biolink:Gene,https://purl.humanatlas.io/graph/hra-pop
HGNC:29876,C1orf43,C1orf43,biolink:Gene,https://purl.humanatlas.io/graph/hra-pop
HGNC:29878,NIT2,NIT2,biolink:Gene,https://purl.humanatlas.io/graph/hra-pop
HGNC:2988,DOCK2,DOCK2,biolink:Gene,https://purl.humanatlas.io/graph/hra-pop
HGNC:29882,ISCU,ISCU,biolink:Gene,https://purl.humanatlas.io/graph/hra-pop
HGNC:29884,UBASH3B,UBASH3B,biolink:Gene,https://purl.humanatlas.io/graph/hra-pop
HGNC:2989,DOCK3,DOCK3,biolink:Gene,https://purl.humanatlas.io/graph/hra-pop
HGNC:29891,TCEA1P2,TCEA1P2,biolink:Gene,https://purl.humanatlas.io/graph/hra-pop
HGNC:29893,RMST,RMST,biolink:Gene,https://purl.humanatlas.io/graph/hra-pop
HGNC:29897,NSMCE1,NSMCE1,biolink:Gene,https://purl.humanatlas.io/graph/hra-pop
HGNC:29899,DEPDC7,DEPDC7,biolink:Gene,https://purl.humanatlas.io/graph/hra-pop
HGNC:29905,CSDE1,CSDE1,biolink:Gene,https://purl.humanatlas.io/graph/hra-pop
HGNC:2991,DOK2,DOK2,biolink:Gene,https://purl.humanatlas.io/graph/hra-pop
HGNC:29911,C1D,C1D,biolink:Gene,https://purl.humanatlas.io/graph/hra-pop
HGNC:29912,CALCOCO2,CALCOCO2,biolink:Gene,https://purl.humanatlas.io/graph/hra-pop
HGNC:29914,NUP107,NUP107,biolink:Gene,https://purl.humanatlas.io/graph/hra-pop
HGNC:29916,NARF,NARF,biolink:Gene,https://purl.humanatlas.io/graph/hra-pop
HGNC:29917,MDM1,MDM1,biolink:Gene,https://purl.humanatlas.io/graph/hra-pop
HGNC:29920,CENPV,CENPV,biolink:Gene,https://purl.humanatlas.io/graph/hra-pop
HGNC:29923,NUCKS1,NUCKS1,biolink:Gene,https://purl.humanatlas.io/graph/hra-pop
HGNC:29926,NOP58,NOP58,biolink:Gene,https://purl.humanatlas.io/graph/hra-pop
HGNC:2993,DONSON,DONSON,biolink:Gene,https://purl.humanatlas.io/graph/hra-pop
HGNC:29933,NLRC5,NLRC5,biolink:Gene,https://purl.humanatlas.io/graph/hra-pop
HGNC:29941,GATAD1,GATAD1,biolink:Gene,https://purl.humanatlas.io/graph/hra-pop
HGNC:29942,TSPAN10,TSPAN10,biolink:Gene,https://purl.humanatlas.io/graph/hra-pop
HGNC:29943,TENM2,TENM2,biolink:Gene,https://purl.humanatlas.io/graph/hra-pop
HGNC:29944,TENM3,TENM3,biolink:Gene,https://purl.humanatlas.io/graph/hra-pop
HGNC:29945,TENM4,TENM4,biolink:Gene,https://purl.humanatlas.io/graph/hra-pop
HGNC:29947,TRAK1,TRAK1,biolink:Gene,https://purl.humanatlas.io/graph/hra-pop
HGNC:2995,DPAGT1,DPAGT1,biolink:Gene,https://purl.humanatlas.io/graph/hra-pop
HGNC:29954,CASTOR3P,CASTOR3P,biolink:Gene,https://purl.humanatlas.io/graph/hra-pop
HGNC:29959,TTC33,TTC33,biolink:Gene,https://purl.humanatlas.io/graph/hra-pop
HGNC:29960,OSCAR,OSCAR,biolink:Gene,https://purl.humanatlas.io/graph/hra-pop
HGNC:29970,OVCH2,OVCH2,biolink:Gene,https://purl.humanatlas.io/graph/hra-pop
HGNC:29989,GATAD2A,GATAD2A,biolink:Gene,https://purl.humanatlas.io/graph/hra-pop
HGNC:29990,NUPR1,NUPR1,biolink:Gene,https://purl.humanatlas.io/graph/hra-pop
HGNC:29991,PAN3,PAN3,biolink:Gene,https://purl.humanatlas.io/graph/hra-pop
HGNC:29996,GADD45GIP1,GADD45GIP1,biolink:Gene,https://purl.humanatlas.io/graph/hra-pop
HGNC:30,ABCA10,ABCA10,biolink:Gene,https://purl.humanatlas.io/graph/hra-pop
HGNC:30006,MAGIX,MAGIX,biolink:Gene,https://purl.humanatlas.io/graph/hra-pop
HGNC:30013,PGLYRP2,PGLYRP2,biolink:Gene,https://purl.humanatlas.io/graph/hra-pop
HGNC:3002,DPEP1,DPEP1,biolink:Gene,https://purl.humanatlas.io/graph/hra-pop
HGNC:30021,HELZ2,HELZ2,biolink:Gene,https://purl.humanatlas.io/graph/hra-pop
HGNC:30022,PPARGC1B,PPARGC1B,biolink:Gene,https://purl.humanatlas.io/graph/hra-pop
HGNC:30023,PCNP,PCNP,biolink:Gene,https://purl.humanatlas.io/graph/hra-pop
HGNC:30025,PPRC1,PPRC1,biolink:Gene,https://purl.humanatlas.io/graph/hra-pop
HGNC:30026,PLEKHO2,PLEKHO2,biolink:Gene,https://purl.humanatlas.io/graph/hra-pop
HGNC:30027,JADE1,JADE1,biolink:Gene,https://purl.humanatlas.io/graph/hra-pop
HGNC:30029,PGS1,PGS1,biolink:Gene,https://purl.humanatlas.io/graph/hra-pop
HGNC:30032,PACS1,PACS1,biolink:Gene,https://purl.humanatlas.io/graph/hra-pop
HGNC:30033,PHPT1,PHPT1,biolink:Gene,https://purl.humanatlas.io/graph/hra-pop
HGNC:30034,PIK3AP1,PIK3AP1,biolink:Gene,https://purl.humanatlas.io/graph/hra-pop
HGNC:30035,PIK3R5,PIK3R5,biolink:Gene,https://purl.humanatlas.io/graph/hra-pop
HGNC:30036,PLEKHA5,PLEKHA5,biolink:Gene,https://purl.humanatlas.io/graph/hra-pop
HGNC:30037,PLEKHA8,PLEKHA8,biolink:Gene,https://purl.humanatlas.io/graph/hra-pop
HGNC:30041,PLB1,PLB1,biolink:Gene,https://purl.humanatlas.io/graph/hra-pop
HGNC:30043,PAG1,PAG1,biolink:Gene,https://purl.humanatlas.io/graph/hra-pop
HGNC:30045,SMG1,SMG1,biolink:Gene,https://purl.humanatlas.io/graph/hra-pop
HGNC:30048,PIR,PIR,biolink:Gene,https://purl.humanatlas.io/graph/hra-pop
HGNC:3005,DPM1,DPM1,biolink:Gene,https://purl.humanatlas.io/graph/hra-pop
HGNC:30053,PLET1,PLET1,biolink:Gene,https://purl.humanatlas.io/graph/hra-pop
HGNC:30057,GPR171,GPR171,biolink:Gene,https://purl.humanatlas.io/graph/hra-pop
HGNC:30059,LPCAT4,LPCAT4,biolink:Gene,https://purl.humanatlas.io/graph/hra-pop
HGNC:3006,DPM2,DPM2,biolink:Gene,https://purl.humanatlas.io/graph/hra-pop
HGNC:30064,PBRM1,PBRM1,biolink:Gene,https://purl.humanatlas.io/graph/hra-pop
HGNC:30071,KIAA0319L,KIAA0319L,biolink:Gene,https://purl.humanatlas.io/graph/hra-pop
HGNC:30076,POLR3C,POLR3C,biolink:Gene,https://purl.humanatlas.io/graph/hra-pop
HGNC:30077,REEP5,REEP5,biolink:Gene,https://purl.humanatlas.io/graph/hra-pop
HGNC:30081,POP4,POP4,biolink:Gene,https://purl.humanatlas.io/graph/hra-pop
HGNC:30083,KCNIP4,KCNIP4,biolink:Gene,https://purl.humanatlas.io/graph/hra-pop
HGNC:30084,TCEAL9,TCEAL9,biolink:Gene,https://purl.humanatlas.io/graph/hra-pop
HGNC:30085,VSIR,VSIR,biolink:Gene,https://purl.humanatlas.io/graph/hra-pop
HGNC:3009,DPP4,DPP4,biolink:Gene,https://purl.humanatlas.io/graph/hra-pop
HGNC:30090,PWAR5,PWAR5,biolink:Gene,https://purl.humanatlas.io/graph/hra-pop
HGNC:30091,PRAM1,PRAM1,biolink:Gene,https://purl.humanatlas.io/graph/hra-pop
HGNC:30092,NAMPT,NAMPT,biolink:Gene,https://purl.humanatlas.io/graph/hra-pop
HGNC:30096,SF3B6,SF3B6,biolink:Gene,https://purl.humanatlas.io/graph/hra-pop
HGNC:30097,PCF11,PCF11,biolink:Gene,https://purl.humanatlas.io/graph/hra-pop
HGNC:30098,CPSF7,CPSF7,biolink:Gene,https://purl.humanatlas.io/graph/hra-pop
HGNC:3010,DPP6,DPP6,biolink:Gene,https://purl.humanatlas.io/graph/hra-pop
HGNC:30103,HAPSTR1,HAPSTR1,biolink:Gene,https://purl.humanatlas.io/graph/hra-pop
HGNC:3011,DPT,DPT,biolink:Gene,https://purl.humanatlas.io/graph/hra-pop
HGNC:3012,DPYD,DPYD,biolink:Gene,https://purl.humanatlas.io/graph/hra-pop
HGNC:30125,MZB1,MZB1,biolink:Gene,https://purl.humanatlas.io/graph/hra-pop
HGNC:3013,DPYS,DPYS,biolink:Gene,https://purl.humanatlas.io/graph/hra-pop
HGNC:30133,MMD2,MMD2,biolink:Gene,https://purl.humanatlas.io/graph/hra-pop
HGNC:30138,TMEM123,TMEM123,biolink:Gene,https://purl.humanatlas.io/graph/hra-pop
HGNC:3014,DPYSL2,DPYSL2,biolink:Gene,https://purl.humanatlas.io/graph/hra-pop
HGNC:30142,GDF15,GDF15,biolink:Gene,https://purl.humanatlas.io/graph/hra-pop
HGNC:3015,DPYSL3,DPYSL3,biolink:Gene,https://purl.humanatlas.io/graph/hra-pop
HGNC:30151,PSMD10P2,PSMD10P2,biolink:Gene,https://purl.humanatlas.io/graph/hra-pop
HGNC:30162,EXOC3L2,EXOC3L2,biolink:Gene,https://purl.humanatlas.io/graph/hra-pop
HGNC:30164,ZFAND6,ZFAND6,biolink:Gene,https://purl.humanatlas.io/graph/hra-pop
HGNC:30166,MORN2,MORN2,biolink:Gene,https://purl.humanatlas.io/graph/hra-pop
HGNC:30167,PDIA4,PDIA4,biolink:Gene,https://purl.humanatlas.io/graph/hra-pop
HGNC:30168,PDIA6,PDIA6,biolink:Gene,https://purl.humanatlas.io/graph/hra-pop
HGNC:30171,HSPB8,HSPB8,biolink:Gene,https://purl.humanatlas.io/graph/hra-pop
HGNC:30179,SAC3D1,SAC3D1,biolink:Gene,https://purl.humanatlas.io/graph/hra-pop
HGNC:3018,SLC26A3,SLC26A3,biolink:Gene,https://purl.humanatlas.io/graph/hra-pop
HGNC:30181,CCDC106,CCDC106,biolink:Gene,https://purl.humanatlas.io/graph/hra-pop
HGNC:30187,TMEM167B,TMEM167B,biolink:Gene,https://purl.humanatlas.io/graph/hra-pop
HGNC:30189,GTPBP6,GTPBP6,biolink:Gene,https://purl.humanatlas.io/graph/hra-pop
HGNC:3019,DRAP1,DRAP1,biolink:Gene,https://purl.humanatlas.io/graph/hra-pop
HGNC:30200,VWC2,VWC2,biolink:Gene,https://purl.humanatlas.io/graph/hra-pop
HGNC:30201,COMMD10,COMMD10,biolink:Gene,https://purl.humanatlas.io/graph/hra-pop
HGNC:30203,WDR83OS,WDR83OS,biolink:Gene,https://purl.humanatlas.io/graph/hra-pop
HGNC:30204,C11orf54,C11orf54,biolink:Gene,https://purl.humanatlas.io/graph/hra-pop
HGNC:30207,ARHGAP29,ARHGAP29,biolink:Gene,https://purl.humanatlas.io/graph/hra-pop
HGNC:30208,ERGIC2,ERGIC2,biolink:Gene,https://purl.humanatlas.io/graph/hra-pop
HGNC:30211,ACAD11,ACAD11,biolink:Gene,https://purl.humanatlas.io/graph/hra-pop
HGNC:30212,TANC2,TANC2,biolink:Gene,https://purl.humanatlas.io/graph/hra-pop
HGNC:30213,ATP13A2,ATP13A2,biolink:Gene,https://purl.humanatlas.io/graph/hra-pop
HGNC:30215,MACC1,MACC1,biolink:Gene,https://purl.humanatlas.io/graph/hra-pop
HGNC:30216,CHMP2A,CHMP2A,biolink:Gene,https://purl.humanatlas.io/graph/hra-pop
HGNC:30221,UBAC1,UBAC1,biolink:Gene,https://purl.humanatlas.io/graph/hra-pop
HGNC:30227,SPPL2A,SPPL2A,biolink:Gene,https://purl.humanatlas.io/graph/hra-pop
HGNC:30228,PREPL,PREPL,biolink:Gene,https://purl.humanatlas.io/graph/hra-pop
HGNC:30229,G0S2,G0S2,biolink:Gene,https://purl.humanatlas.io/graph/hra-pop
HGNC:30231,TIPRL,TIPRL,biolink:Gene,https://purl.humanatlas.io/graph/hra-pop
HGNC:30235,NAT8B,NAT8B,biolink:Gene,https://purl.humanatlas.io/graph/hra-pop
HGNC:30238,WLS,WLS,biolink:Gene,https://purl.humanatlas.io/graph/hra-pop
HGNC:30239,CYSTM1,CYSTM1,biolink:Gene,https://purl.humanatlas.io/graph/hra-pop
HGNC:30242,TUSC3,TUSC3,biolink:Gene,https://purl.humanatlas.io/graph/hra-pop
HGNC:30246,ZCCHC17,ZCCHC17,biolink:Gene,https://purl.humanatlas.io/graph/hra-pop
HGNC:30248,SMIM3,SMIM3,biolink:Gene,https://purl.humanatlas.io/graph/hra-pop
HGNC:30255,PRELID1,PRELID1,biolink:Gene,https://purl.humanatlas.io/graph/hra-pop
HGNC:30256,PYGO1,PYGO1,biolink:Gene,https://purl.humanatlas.io/graph/hra-pop
HGNC:30258,PYM1,PYM1,biolink:Gene,https://purl.humanatlas.io/graph/hra-pop
HGNC:30260,PNPO,PNPO,biolink:Gene,https://purl.humanatlas.io/graph/hra-pop
HGNC:30263,PDP2,PDP2,biolink:Gene,https://purl.humanatlas.io/graph/hra-pop
HGNC:30264,PDPR,PDPR,biolink:Gene,https://purl.humanatlas.io/graph/hra-pop
HGNC:30265,RAB11FIP1,RAB11FIP1,biolink:Gene,https://purl.humanatlas.io/graph/hra-pop
HGNC:30266,RILP,RILP,biolink:Gene,https://purl.humanatlas.io/graph/hra-pop
HGNC:30268,RAB37,RAB37,biolink:Gene,https://purl.humanatlas.io/graph/hra-pop
HGNC:30273,RAB8B,RAB8B,biolink:Gene,https://purl.humanatlas.io/graph/hra-pop
HGNC:30275,ARHGEF25,ARHGEF25,biolink:Gene,https://purl.humanatlas.io/graph/hra-pop
HGNC:30278,RFTN1,RFTN1,biolink:Gene,https://purl.humanatlas.io/graph/hra-pop
HGNC:30279,RALGPS2,RALGPS2,biolink:Gene,https://purl.humanatlas.io/graph/hra-pop
HGNC:30281,RGL1,RGL1,biolink:Gene,https://purl.humanatlas.io/graph/hra-pop
HGNC:30282,RGL3,RGL3,biolink:Gene,https://purl.humanatlas.io/graph/hra-pop
HGNC:30285,RUFY3,RUFY3,biolink:Gene,https://purl.humanatlas.io/graph/hra-pop
HGNC:30287,RPTOR,RPTOR,biolink:Gene,https://purl.humanatlas.io/graph/hra-pop
HGNC:30288,DTL,DTL,biolink:Gene,https://purl.humanatlas.io/graph/hra-pop
HGNC:30289,RASL12,RASL12,biolink:Gene,https://purl.humanatlas.io/graph/hra-pop
HGNC:30291,G3BP2,G3BP2,biolink:Gene,https://purl.humanatlas.io/graph/hra-pop
HGNC:30292,G3BP1,G3BP1,biolink:Gene,https://purl.humanatlas.io/graph/hra-pop
HGNC:30298,UIMC1,UIMC1,biolink:Gene,https://purl.humanatlas.io/graph/hra-pop
HGNC:303,AEBP1,AEBP1,biolink:Gene,https://purl.humanatlas.io/graph/hra-pop
HGNC:30300,SKIC8,SKIC8,biolink:Gene,https://purl.humanatlas.io/graph/hra-pop
HGNC:30306,PHB2,PHB2,biolink:Gene,https://purl.humanatlas.io/graph/hra-pop
HGNC:30308,RGMA,RGMA,biolink:Gene,https://purl.humanatlas.io/graph/hra-pop
HGNC:3031,ARID3A,ARID3A,biolink:Gene,https://purl.humanatlas.io/graph/hra-pop
HGNC:30313,UBR4,UBR4,biolink:Gene,https://purl.humanatlas.io/graph/hra-pop
HGNC:30316,RBP7,RBP7,biolink:Gene,https://purl.humanatlas.io/graph/hra-pop
HGNC:30320,ARHGAP22,ARHGAP22,biolink:Gene,https://purl.humanatlas.io/graph/hra-pop
HGNC:30321,MPRIP,MPRIP,biolink:Gene,https://purl.humanatlas.io/graph/hra-pop
HGNC:30322,ARHGEF28,ARHGEF28,biolink:Gene,https://purl.humanatlas.io/graph/hra-pop
HGNC:30325,RBKS,RBKS,biolink:Gene,https://purl.humanatlas.io/graph/hra-pop
HGNC:30326,ZBTB8OSP2,ZBTB8OSP2,biolink:Gene,https://purl.humanatlas.io/graph/hra-pop
HGNC:30329,RPP38,RPP38,biolink:Gene,https://purl.humanatlas.io/graph/hra-pop
HGNC:3033,ATN1,ATN1,biolink:Gene,https://purl.humanatlas.io/graph/hra-pop
HGNC:30335,RPL9P7,RPL9P7,biolink:Gene,https://purl.humanatlas.io/graph/hra-pop
HGNC:30338,RIC3,RIC3,biolink:Gene,https://purl.humanatlas.io/graph/hra-pop
HGNC:30339,RIMBP2,RIMBP2,biolink:Gene,https://purl.humanatlas.io/graph/hra-pop
HGNC:30343,DNAJC13,DNAJC13,biolink:Gene,https://purl.humanatlas.io/graph/hra-pop
HGNC:30344,VN2R1P,VN2R1P,biolink:Gene,https://purl.humanatlas.io/graph/hra-pop
HGNC:30348,POLR3B,POLR3B,biolink:Gene,https://purl.humanatlas.io/graph/hra-pop
HGNC:30350,RPF1,RPF1,biolink:Gene,https://purl.humanatlas.io/graph/hra-pop
HGNC:30358,RBM47,RBM47,biolink:Gene,https://purl.humanatlas.io/graph/hra-pop
HGNC:30359,CSDC2,CSDC2,biolink:Gene,https://purl.humanatlas.io/graph/hra-pop
HGNC:30362,SBSPON,SBSPON,biolink:Gene,https://purl.humanatlas.io/graph/hra-pop
HGNC:30363,RPL13P5,RPL13P5,biolink:Gene,https://purl.humanatlas.io/graph/hra-pop
HGNC:30365,ENOSF1,ENOSF1,biolink:Gene,https://purl.humanatlas.io/graph/hra-pop
HGNC:30366,TMEM131,TMEM131,biolink:Gene,https://purl.humanatlas.io/graph/hra-pop
HGNC:30367,S100Z,S100Z,biolink:Gene,https://purl.humanatlas.io/graph/hra-pop
HGNC:30370,CCDC18,CCDC18,biolink:Gene,https://purl.humanatlas.io/graph/hra-pop
HGNC:30373,DNMBP,DNMBP,biolink:Gene,https://purl.humanatlas.io/graph/hra-pop
HGNC:30375,CD163L1,CD163L1,biolink:Gene,https://purl.humanatlas.io/graph/hra-pop
HGNC:30376,SHISA5,SHISA5,biolink:Gene,https://purl.humanatlas.io/graph/hra-pop
HGNC:30379,SEH1L,SEH1L,biolink:Gene,https://purl.humanatlas.io/graph/hra-pop
HGNC:30381,SCRN2,SCRN2,biolink:Gene,https://purl.humanatlas.io/graph/hra-pop
HGNC:30384,NENF,NENF,biolink:Gene,https://purl.humanatlas.io/graph/hra-pop
HGNC:30387,VMO1,VMO1,biolink:Gene,https://purl.humanatlas.io/graph/hra-pop
HGNC:30389,EXOC4,EXOC4,biolink:Gene,https://purl.humanatlas.io/graph/hra-pop
HGNC:30394,SELENOK,SELENOK,biolink:Gene,https://purl.humanatlas.io/graph/hra-pop
HGNC:30395,SELENOO,SELENOO,biolink:Gene,https://purl.humanatlas.io/graph/hra-pop
HGNC:30397,SELENOM,SELENOM,biolink:Gene,https://purl.humanatlas.io/graph/hra-pop
HGNC:3040,RCAN1,RCAN1,biolink:Gene,https://purl.humanatlas.io/graph/hra-pop
HGNC:30400,SEMA3G,SEMA3G,biolink:Gene,https://purl.humanatlas.io/graph/hra-pop
HGNC:30402,SENP7,SENP7,biolink:Gene,https://purl.humanatlas.io/graph/hra-pop
HGNC:30403,SCAF1,SCAF1,biolink:Gene,https://purl.humanatlas.io/graph/hra-pop
HGNC:30404,SDSL,SDSL,biolink:Gene,https://purl.humanatlas.io/graph/hra-pop
HGNC:30406,HTRA3,HTRA3,biolink:Gene,https://purl.humanatlas.io/graph/hra-pop
HGNC:3041,RCAN2,RCAN2,biolink:Gene,https://purl.humanatlas.io/graph/hra-pop
HGNC:30410,TSSK6,TSSK6,biolink:Gene,https://purl.humanatlas.io/graph/hra-pop
HGNC:30411,HTR7P1,HTR7P1,biolink:Gene,https://purl.humanatlas.io/graph/hra-pop
HGNC:30413,TPRA1,TPRA1,biolink:Gene,https://purl.humanatlas.io/graph/hra-pop
HGNC:30414,TMEM147,TMEM147,biolink:Gene,https://purl.humanatlas.io/graph/hra-pop
HGNC:30417,SH2B1,SH2B1,biolink:Gene,https://purl.humanatlas.io/graph/hra-pop
HGNC:30418,SH3D19,SH3D19,biolink:Gene,https://purl.humanatlas.io/graph/hra-pop
HGNC:30419,HSD11B1L,HSD11B1L,biolink:Gene,https://purl.humanatlas.io/graph/hra-pop
HGNC:30422,SHROOM3,SHROOM3,biolink:Gene,https://purl.humanatlas.io/graph/hra-pop
HGNC:30423,CACYBP,CACYBP,biolink:Gene,https://purl.humanatlas.io/graph/hra-pop
HGNC:30424,SPPL3,SPPL3,biolink:Gene,https://purl.humanatlas.io/graph/hra-pop
HGNC:30438,MB21D2,MB21D2,biolink:Gene,https://purl.humanatlas.io/graph/hra-pop
HGNC:30449,PTAR1,PTAR1,biolink:Gene,https://purl.humanatlas.io/graph/hra-pop
HGNC:30451,SLC25A48,SLC25A48,biolink:Gene,https://purl.humanatlas.io/graph/hra-pop
HGNC:30460,CENATAC,CENATAC,biolink:Gene,https://purl.humanatlas.io/graph/hra-pop
HGNC:30461,ZNF626,ZNF626,biolink:Gene,https://purl.humanatlas.io/graph/hra-pop
HGNC:30465,EMB,EMB,biolink:Gene,https://purl.humanatlas.io/graph/hra-pop
HGNC:30467,UBR3,UBR3,biolink:Gene,https://purl.humanatlas.io/graph/hra-pop
HGNC:30483,PCMTD1,PCMTD1,biolink:Gene,https://purl.humanatlas.io/graph/hra-pop
HGNC:30488,GALNT18,GALNT18,biolink:Gene,https://purl.humanatlas.io/graph/hra-pop
HGNC:3049,DSG2,DSG2,biolink:Gene,https://purl.humanatlas.io/graph/hra-pop
HGNC:30495,HERC2P9,HERC2P9,biolink:Gene,https://purl.humanatlas.io/graph/hra-pop
HGNC:30506,PLEKHH2,PLEKHH2,biolink:Gene,https://purl.humanatlas.io/graph/hra-pop
HGNC:3051,TSC22D3,TSC22D3,biolink:Gene,https://purl.humanatlas.io/graph/hra-pop
HGNC:30510,SPATC1,SPATC1,biolink:Gene,https://purl.humanatlas.io/graph/hra-pop
HGNC:30512,WDR44,WDR44,biolink:Gene,https://purl.humanatlas.io/graph/hra-pop
HGNC:30513,RAB7B,RAB7B,biolink:Gene,https://purl.humanatlas.io/graph/hra-pop
HGNC:30518,RPS2P32,RPS2P32,biolink:Gene,https://purl.humanatlas.io/graph/hra-pop
HGNC:30519,GLYATL1,GLYATL1,biolink:Gene,https://purl.humanatlas.io/graph/hra-pop
HGNC:3052,DSP,DSP,biolink:Gene,https://purl.humanatlas.io/graph/hra-pop
HGNC:30522,HDDC3,HDDC3,biolink:Gene,https://purl.humanatlas.io/graph/hra-pop
HGNC:30528,DNAJC19,DNAJC19,biolink:Gene,https://purl.humanatlas.io/graph/hra-pop
HGNC:30535,NUDCD2,NUDCD2,biolink:Gene,https://purl.humanatlas.io/graph/hra-pop
HGNC:30536,DMAC1,DMAC1,biolink:Gene,https://purl.humanatlas.io/graph/hra-pop
HGNC:30540,CFAP36,CFAP36,biolink:Gene,https://purl.humanatlas.io/graph/hra-pop
HGNC:30542,SNX29,SNX29,biolink:Gene,https://purl.humanatlas.io/graph/hra-pop
HGNC:30543,DPH6,DPH6,biolink:Gene,https://purl.humanatlas.io/graph/hra-pop
HGNC:30546,FDX2,FDX2,biolink:Gene,https://purl.humanatlas.io/graph/hra-pop
HGNC:30547,BTF3L4,BTF3L4,biolink:Gene,https://purl.humanatlas.io/graph/hra-pop
HGNC:30548,RRN3P1,RRN3P1,biolink:Gene,https://purl.humanatlas.io/graph/hra-pop
HGNC:30550,MARCHF6,MARCHF6,biolink:Gene,https://purl.humanatlas.io/graph/hra-pop
HGNC:30551,TXNL4A,TXNL4A,biolink:Gene,https://purl.humanatlas.io/graph/hra-pop
HGNC:30552,PDZRN4,PDZRN4,biolink:Gene,https://purl.humanatlas.io/graph/hra-pop
HGNC:30554,CCL3L3,CCL3L3,biolink:Gene,https://purl.humanatlas.io/graph/hra-pop
HGNC:30559,RSRC2,RSRC2,biolink:Gene,https://purl.humanatlas.io/graph/hra-pop
HGNC:30563,PARS2,PARS2,biolink:Gene,https://purl.humanatlas.io/graph/hra-pop
HGNC:30565,UBFD1,UBFD1,biolink:Gene,https://purl.humanatlas.io/graph/hra-pop
HGNC:3057,DTNA,DTNA,biolink:Gene,https://purl.humanatlas.io/graph/hra-pop
HGNC:30576,ADI1,ADI1,biolink:Gene,https://purl.humanatlas.io/graph/hra-pop
HGNC:30577,MIB2,MIB2,biolink:Gene,https://purl.humanatlas.io/graph/hra-pop
HGNC:30578,EXPH5,EXPH5,biolink:Gene,https://purl.humanatlas.io/graph/hra-pop
HGNC:30579,SSH1,SSH1,biolink:Gene,https://purl.humanatlas.io/graph/hra-pop
HGNC:3058,DTNB,DTNB,biolink:Gene,https://purl.humanatlas.io/graph/hra-pop
HGNC:30580,SSH2,SSH2,biolink:Gene,https://purl.humanatlas.io/graph/hra-pop
HGNC:30581,SSH3,SSH3,biolink:Gene,https://purl.humanatlas.io/graph/hra-pop
HGNC:30584,SRGAP2C,SRGAP2C,biolink:Gene,https://purl.humanatlas.io/graph/hra-pop
HGNC:3059,HBEGF,HBEGF,biolink:Gene,https://purl.humanatlas.io/graph/hra-pop
HGNC:30590,TMEM50A,TMEM50A,biolink:Gene,https://purl.humanatlas.io/graph/hra-pop
HGNC:30594,UNC45A,UNC45A,biolink:Gene,https://purl.humanatlas.io/graph/hra-pop
HGNC:30595,PPP1R21,PPP1R21,biolink:Gene,https://purl.humanatlas.io/graph/hra-pop
HGNC:30596,PIGZ,PIGZ,biolink:Gene,https://purl.humanatlas.io/graph/hra-pop
HGNC:30598,SNRK,SNRK,biolink:Gene,https://purl.humanatlas.io/graph/hra-pop
HGNC:30602,FAM72C,FAM72C,biolink:Gene,https://purl.humanatlas.io/graph/hra-pop
HGNC:3061,DTYMK,DTYMK,biolink:Gene,https://purl.humanatlas.io/graph/hra-pop
HGNC:30611,STT3B,STT3B,biolink:Gene,https://purl.humanatlas.io/graph/hra-pop
HGNC:30613,SPDYA,SPDYA,biolink:Gene,https://purl.humanatlas.io/graph/hra-pop
HGNC:30615,SPECC1,SPECC1,biolink:Gene,https://purl.humanatlas.io/graph/hra-pop
HGNC:30620,PDGFD,PDGFD,biolink:Gene,https://purl.humanatlas.io/graph/hra-pop
HGNC:30622,SPIRE1,SPIRE1,biolink:Gene,https://purl.humanatlas.io/graph/hra-pop
HGNC:30626,YTHDC1,YTHDC1,biolink:Gene,https://purl.humanatlas.io/graph/hra-pop
HGNC:30632,SUPT7L,SUPT7L,biolink:Gene,https://purl.humanatlas.io/graph/hra-pop
HGNC:30633,SHD,SHD,biolink:Gene,https://purl.humanatlas.io/graph/hra-pop
HGNC:30634,SCAP,SCAP,biolink:Gene,https://purl.humanatlas.io/graph/hra-pop
HGNC:3064,DUSP1,DUSP1,biolink:Gene,https://purl.humanatlas.io/graph/hra-pop
HGNC:30641,SSX14P,SSX14P,biolink:Gene,https://purl.humanatlas.io/graph/hra-pop
HGNC:30646,SND1,SND1,biolink:Gene,https://purl.humanatlas.io/graph/hra-pop
HGNC:30649,CCDC80,CCDC80,biolink:Gene,https://purl.humanatlas.io/graph/hra-pop
HGNC:30651,STON1-GTF2A1L,STON1-GTF2A1L,biolink:Gene,https://purl.humanatlas.io/graph/hra-pop
HGNC:30654,XRN1,XRN1,biolink:Gene,https://purl.humanatlas.io/graph/hra-pop
HGNC:3066,DUSP11,DUSP11,biolink:Gene,https://purl.humanatlas.io/graph/hra-pop
HGNC:30660,SAE1,SAE1,biolink:Gene,https://purl.humanatlas.io/graph/hra-pop
HGNC:30661,UBA2,UBA2,biolink:Gene,https://purl.humanatlas.io/graph/hra-pop
HGNC:30668,SRPX2,SRPX2,biolink:Gene,https://purl.humanatlas.io/graph/hra-pop
HGNC:30672,SYNPO,SYNPO,biolink:Gene,https://purl.humanatlas.io/graph/hra-pop
HGNC:30676,SCFD2,SCFD2,biolink:Gene,https://purl.humanatlas.io/graph/hra-pop
HGNC:3068,DUSP2,DUSP2,biolink:Gene,https://purl.humanatlas.io/graph/hra-pop
HGNC:30682,EHBP1L1,EHBP1L1,biolink:Gene,https://purl.humanatlas.io/graph/hra-pop
HGNC:30683,TAPBPL,TAPBPL,biolink:Gene,https://purl.humanatlas.io/graph/hra-pop
HGNC:30684,TAX1BP3,TAX1BP3,biolink:Gene,https://purl.humanatlas.io/graph/hra-pop
HGNC:30688,CAND1,CAND1,biolink:Gene,https://purl.humanatlas.io/graph/hra-pop
HGNC:30689,CAND2,CAND2,biolink:Gene,https://purl.humanatlas.io/graph/hra-pop
HGNC:3069,DUSP3,DUSP3,biolink:Gene,https://purl.humanatlas.io/graph/hra-pop
HGNC:30694,MRGPRE,MRGPRE,biolink:Gene,https://purl.humanatlas.io/graph/hra-pop
HGNC:30695,PPTC7,PPTC7,biolink:Gene,https://purl.humanatlas.io/graph/hra-pop
HGNC:30696,WDR36,WDR36,biolink:Gene,https://purl.humanatlas.io/graph/hra-pop
HGNC:30697,ITFG1,ITFG1,biolink:Gene,https://purl.humanatlas.io/graph/hra-pop
HGNC:307,TLE5,TLE5,biolink:Gene,https://purl.humanatlas.io/graph/hra-pop
HGNC:30700,TSHZ3,TSHZ3,biolink:Gene,https://purl.humanatlas.io/graph/hra-pop
HGNC:30702,SINHCAF,SINHCAF,biolink:Gene,https://purl.humanatlas.io/graph/hra-pop
HGNC:30706,MS4A14,MS4A14,biolink:Gene,https://purl.humanatlas.io/graph/hra-pop
HGNC:30711,DNAI3,DNAI3,biolink:Gene,https://purl.humanatlas.io/graph/hra-pop
HGNC:3072,DUSP6,DUSP6,biolink:Gene,https://purl.humanatlas.io/graph/hra-pop
HGNC:30728,NSA2,NSA2,biolink:Gene,https://purl.humanatlas.io/graph/hra-pop
HGNC:3073,DUSP7,DUSP7,biolink:Gene,https://purl.humanatlas.io/graph/hra-pop
HGNC:3074,DUSP8,DUSP8,biolink:Gene,https://purl.humanatlas.io/graph/hra-pop
HGNC:30744,TMSB15A,TMSB15A,biolink:Gene,https://purl.humanatlas.io/graph/hra-pop
HGNC:30748,TRHDE,TRHDE,biolink:Gene,https://purl.humanatlas.io/graph/hra-pop
HGNC:30749,EPB41L4A-AS1,EPB41L4A-AS1,biolink:Gene,https://purl.humanatlas.io/graph/hra-pop
HGNC:30758,TENT4B,TENT4B,biolink:Gene,https://purl.humanatlas.io/graph/hra-pop
HGNC:3076,DUSP9,DUSP9,biolink:Gene,https://purl.humanatlas.io/graph/hra-pop
HGNC:30760,TMEM165,TMEM165,biolink:Gene,https://purl.humanatlas.io/graph/hra-pop
HGNC:30765,TNIK,TNIK,biolink:Gene,https://purl.humanatlas.io/graph/hra-pop
HGNC:30766,TRAF3IP3,TRAF3IP3,biolink:Gene,https://purl.humanatlas.io/graph/hra-pop
HGNC:30776,LCORL,LCORL,biolink:Gene,https://purl.humanatlas.io/graph/hra-pop
HGNC:30778,GATAD2B,GATAD2B,biolink:Gene,https://purl.humanatlas.io/graph/hra-pop
HGNC:3078,DUT,DUT,biolink:Gene,https://purl.humanatlas.io/graph/hra-pop
HGNC:30781,TADA2B,TADA2B,biolink:Gene,https://purl.humanatlas.io/graph/hra-pop
HGNC:30784,SERTAD2,SERTAD2,biolink:Gene,https://purl.humanatlas.io/graph/hra-pop
HGNC:30785,SAP30BP,SAP30BP,biolink:Gene,https://purl.humanatlas.io/graph/hra-pop
HGNC:30788,TLE6,TLE6,biolink:Gene,https://purl.humanatlas.io/graph/hra-pop
HGNC:30792,EIF1B,EIF1B,biolink:Gene,https://purl.humanatlas.io/graph/hra-pop
HGNC:30793,EIF5B,EIF5B,biolink:Gene,https://purl.humanatlas.io/graph/hra-pop
HGNC:30796,STRAP,STRAP,biolink:Gene,https://purl.humanatlas.io/graph/hra-pop
HGNC:30797,TM9SF4,TM9SF4,biolink:Gene,https://purl.humanatlas.io/graph/hra-pop
HGNC:30798,PRRG3,PRRG3,biolink:Gene,https://purl.humanatlas.io/graph/hra-pop
HGNC:30801,AJAP1,AJAP1,biolink:Gene,https://purl.humanatlas.io/graph/hra-pop
HGNC:30803,ZBED5,ZBED5,biolink:Gene,https://purl.humanatlas.io/graph/hra-pop
HGNC:30809,TRIB2,TRIB2,biolink:Gene,https://purl.humanatlas.io/graph/hra-pop
HGNC:30811,CD300LB,CD300LB,biolink:Gene,https://purl.humanatlas.io/graph/hra-pop
HGNC:30815,NEAT1,NEAT1,biolink:Gene,https://purl.humanatlas.io/graph/hra-pop
HGNC:30827,FAM107A,FAM107A,biolink:Gene,https://purl.humanatlas.io/graph/hra-pop
HGNC:30829,TUBB2B,TUBB2B,biolink:Gene,https://purl.humanatlas.io/graph/hra-pop
HGNC:30832,TRAPPC9,TRAPPC9,biolink:Gene,https://purl.humanatlas.io/graph/hra-pop
HGNC:30833,CDK2AP2,CDK2AP2,biolink:Gene,https://purl.humanatlas.io/graph/hra-pop
HGNC:30834,TRIM59,TRIM59,biolink:Gene,https://purl.humanatlas.io/graph/hra-pop
HGNC:3084,DVL1,DVL1,biolink:Gene,https://purl.humanatlas.io/graph/hra-pop
HGNC:30842,KRT28,KRT28,biolink:Gene,https://purl.humanatlas.io/graph/hra-pop
HGNC:30843,CD302,CD302,biolink:Gene,https://purl.humanatlas.io/graph/hra-pop
HGNC:30844,SEZ6L2,SEZ6L2,biolink:Gene,https://purl.humanatlas.io/graph/hra-pop
HGNC:30851,YWHAZP4,YWHAZP4,biolink:Gene,https://purl.humanatlas.io/graph/hra-pop
HGNC:30855,U2SURP,U2SURP,biolink:Gene,https://purl.humanatlas.io/graph/hra-pop
HGNC:30858,EFTUD2,EFTUD2,biolink:Gene,https://purl.humanatlas.io/graph/hra-pop
HGNC:30859,SNRNP200,SNRNP200,biolink:Gene,https://purl.humanatlas.io/graph/hra-pop
HGNC:30862,UQCR11,UQCR11,biolink:Gene,https://purl.humanatlas.io/graph/hra-pop
HGNC:30863,UQCR10,UQCR10,biolink:Gene,https://purl.humanatlas.io/graph/hra-pop
HGNC:30866,UEVLD,UEVLD,biolink:Gene,https://purl.humanatlas.io/graph/hra-pop
HGNC:30871,MGAT4C,MGAT4C,biolink:Gene,https://purl.humanatlas.io/graph/hra-pop
HGNC:30880,CISD1,CISD1,biolink:Gene,https://purl.humanatlas.io/graph/hra-pop
HGNC:30882,USE1,USE1,biolink:Gene,https://purl.humanatlas.io/graph/hra-pop
HGNC:30887,TRAPPC2L,TRAPPC2L,biolink:Gene,https://purl.humanatlas.io/graph/hra-pop
HGNC:30889,ATP5MK,ATP5MK,biolink:Gene,https://purl.humanatlas.io/graph/hra-pop
HGNC:30890,URGCP,URGCP,biolink:Gene,https://purl.humanatlas.io/graph/hra-pop
HGNC:30892,HUWE1,HUWE1,biolink:Gene,https://purl.humanatlas.io/graph/hra-pop
HGNC:30905,C8orf34,C8orf34,biolink:Gene,https://purl.humanatlas.io/graph/hra-pop
HGNC:3091,DYRK1A,DYRK1A,biolink:Gene,https://purl.humanatlas.io/graph/hra-pop
HGNC:30910,VWA1,VWA1,biolink:Gene,https://purl.humanatlas.io/graph/hra-pop
HGNC:30915,DCAF7,DCAF7,biolink:Gene,https://purl.humanatlas.io/graph/hra-pop
HGNC:30926,DTWD1,DTWD1,biolink:Gene,https://purl.humanatlas.io/graph/hra-pop
HGNC:30931,ACSM2B,ACSM2B,biolink:Gene,https://purl.humanatlas.io/graph/hra-pop
HGNC:30932,XAF1,XAF1,biolink:Gene,https://purl.humanatlas.io/graph/hra-pop
HGNC:30933,BEX2,BEX2,biolink:Gene,https://purl.humanatlas.io/graph/hra-pop
HGNC:30935,YY1AP1,YY1AP1,biolink:Gene,https://purl.humanatlas.io/graph/hra-pop
HGNC:30939,ZFHX4,ZFHX4,biolink:Gene,https://purl.humanatlas.io/graph/hra-pop
HGNC:30940,ZNF532,ZNF532,biolink:Gene,https://purl.humanatlas.io/graph/hra-pop
HGNC:3095,DYRK4,DYRK4,biolink:Gene,https://purl.humanatlas.io/graph/hra-pop
HGNC:30953,ZBTB10,ZBTB10,biolink:Gene,https://purl.humanatlas.io/graph/hra-pop
HGNC:30955,ZNF587,ZNF587,biolink:Gene,https://purl.humanatlas.io/graph/hra-pop
HGNC:30956,LINC00243,LINC00243,biolink:Gene,https://purl.humanatlas.io/graph/hra-pop
HGNC:30959,ZC3H7A,ZC3H7A,biolink:Gene,https://purl.humanatlas.io/graph/hra-pop
HGNC:30961,ZG16,ZG16,biolink:Gene,https://purl.humanatlas.io/graph/hra-pop
HGNC:3097,DYSF,DYSF,biolink:Gene,https://purl.humanatlas.io/graph/hra-pop
HGNC:30972,SECISBP2,SECISBP2,biolink:Gene,https://purl.humanatlas.io/graph/hra-pop
HGNC:30988,BNC2,BNC2,biolink:Gene,https://purl.humanatlas.io/graph/hra-pop
HGNC:30989,IFT20,IFT20,biolink:Gene,https://purl.humanatlas.io/graph/hra-pop
HGNC:30999,SNRPGP2,SNRPGP2,biolink:Gene,https://purl.humanatlas.io/graph/hra-pop
HGNC:31003,MRPL37P1,MRPL37P1,biolink:Gene,https://purl.humanatlas.io/graph/hra-pop
HGNC:31015,HNRNPA1P7,HNRNPA1P7,biolink:Gene,https://purl.humanatlas.io/graph/hra-pop
HGNC:31026,H2AZ2P1,H2AZ2P1,biolink:Gene,https://purl.humanatlas.io/graph/hra-pop
HGNC:31029,RPL21P14,RPL21P14,biolink:Gene,https://purl.humanatlas.io/graph/hra-pop
HGNC:31038,MYH16,MYH16,biolink:Gene,https://purl.humanatlas.io/graph/hra-pop
HGNC:31042,GREB1L,GREB1L,biolink:Gene,https://purl.humanatlas.io/graph/hra-pop
HGNC:31045,SLC41A2,SLC41A2,biolink:Gene,https://purl.humanatlas.io/graph/hra-pop
HGNC:31056,KRT8P3,KRT8P3,biolink:Gene,https://purl.humanatlas.io/graph/hra-pop
HGNC:31068,FABP5P5,FABP5P5,biolink:Gene,https://purl.humanatlas.io/graph/hra-pop
HGNC:31070,FABP5P7,FABP5P7,biolink:Gene,https://purl.humanatlas.io/graph/hra-pop
HGNC:31081,RPL10AP2,RPL10AP2,biolink:Gene,https://purl.humanatlas.io/graph/hra-pop
HGNC:31090,RPS26P6,RPS26P6,biolink:Gene,https://purl.humanatlas.io/graph/hra-pop
HGNC:31092,TMEM132A,TMEM132A,biolink:Gene,https://purl.humanatlas.io/graph/hra-pop
HGNC:31110,CTXN3,CTXN3,biolink:Gene,https://purl.humanatlas.io/graph/hra-pop
HGNC:31132,PSIP1P1,PSIP1P1,biolink:Gene,https://purl.humanatlas.io/graph/hra-pop
HGNC:3126,EBF1,EBF1,biolink:Gene,https://purl.humanatlas.io/graph/hra-pop
HGNC:3128,GPR183,GPR183,biolink:Gene,https://purl.humanatlas.io/graph/hra-pop
HGNC:31326,ATXN2L,ATXN2L,biolink:Gene,https://purl.humanatlas.io/graph/hra-pop
HGNC:31337,HCG18,HCG18,biolink:Gene,https://purl.humanatlas.io/graph/hra-pop
HGNC:31339,HCG17,HCG17,biolink:Gene,https://purl.humanatlas.io/graph/hra-pop
HGNC:31350,CUEDC1,CUEDC1,biolink:Gene,https://purl.humanatlas.io/graph/hra-pop
HGNC:31358,NME2P1,NME2P1,biolink:Gene,https://purl.humanatlas.io/graph/hra-pop
HGNC:31384,RPL14P1,RPL14P1,biolink:Gene,https://purl.humanatlas.io/graph/hra-pop
HGNC:31386,RPS2P5,RPS2P5,biolink:Gene,https://purl.humanatlas.io/graph/hra-pop
HGNC:31387,RPL18AP3,RPL18AP3,biolink:Gene,https://purl.humanatlas.io/graph/hra-pop
HGNC:31388,SUPT16HP1,SUPT16HP1,biolink:Gene,https://purl.humanatlas.io/graph/hra-pop
HGNC:31391,CACTIN-AS1,CACTIN-AS1,biolink:Gene,https://purl.humanatlas.io/graph/hra-pop
HGNC:31393,GTF2H2B,GTF2H2B,biolink:Gene,https://purl.humanatlas.io/graph/hra-pop
HGNC:31394,GTF2H2C,GTF2H2C,biolink:Gene,https://purl.humanatlas.io/graph/hra-pop
HGNC:31396,RPL21P16,RPL21P16,biolink:Gene,https://purl.humanatlas.io/graph/hra-pop
HGNC:31412,SWI5,SWI5,biolink:Gene,https://purl.humanatlas.io/graph/hra-pop
HGNC:31414,RAC1P2,RAC1P2,biolink:Gene,https://purl.humanatlas.io/graph/hra-pop
HGNC:31419,EEIG1,EEIG1,biolink:Gene,https://purl.humanatlas.io/graph/hra-pop
HGNC:31438,HSDL2-AS1,HSDL2-AS1,biolink:Gene,https://purl.humanatlas.io/graph/hra-pop
HGNC:3145,TRPV5,TRPV5,biolink:Gene,https://purl.humanatlas.io/graph/hra-pop
HGNC:3146,ECE1,ECE1,biolink:Gene,https://purl.humanatlas.io/graph/hra-pop
HGNC:31462,RPSAP8,RPSAP8,biolink:Gene,https://purl.humanatlas.io/graph/hra-pop
HGNC:31463,RPSAP9,RPSAP9,biolink:Gene,https://purl.humanatlas.io/graph/hra-pop
HGNC:3148,TYMP,TYMP,biolink:Gene,https://purl.humanatlas.io/graph/hra-pop
HGNC:3151,ECHS1,ECHS1,biolink:Gene,https://purl.humanatlas.io/graph/hra-pop
HGNC:3153,ECM1,ECM1,biolink:Gene,https://purl.humanatlas.io/graph/hra-pop
HGNC:3154,ECM2,ECM2,biolink:Gene,https://purl.humanatlas.io/graph/hra-pop
HGNC:316,AFM,AFM,biolink:Gene,https://purl.humanatlas.io/graph/hra-pop
HGNC:3164,EDF1,EDF1,biolink:Gene,https://purl.humanatlas.io/graph/hra-pop
HGNC:3165,S1PR1,S1PR1,biolink:Gene,https://purl.humanatlas.io/graph/hra-pop
HGNC:31653,TEX36,TEX36,biolink:Gene,https://purl.humanatlas.io/graph/hra-pop
HGNC:31658,TMEM72,TMEM72,biolink:Gene,https://purl.humanatlas.io/graph/hra-pop
HGNC:3166,LPAR1,LPAR1,biolink:Gene,https://purl.humanatlas.io/graph/hra-pop
HGNC:31660,C1DP2,C1DP2,biolink:Gene,https://purl.humanatlas.io/graph/hra-pop
HGNC:3167,S1PR3,S1PR3,biolink:Gene,https://purl.humanatlas.io/graph/hra-pop
HGNC:31675,YTHDF2,YTHDF2,biolink:Gene,https://purl.humanatlas.io/graph/hra-pop
HGNC:31683,SPANXA2-OT1,SPANXA2-OT1,biolink:Gene,https://purl.humanatlas.io/graph/hra-pop
HGNC:31689,MAP3K15,MAP3K15,biolink:Gene,https://purl.humanatlas.io/graph/hra-pop
HGNC:31690,C18orf32,C18orf32,biolink:Gene,https://purl.humanatlas.io/graph/hra-pop
HGNC:31696,ARK2C,ARK2C,biolink:Gene,https://purl.humanatlas.io/graph/hra-pop
HGNC:317,AFP,AFP,biolink:Gene,https://purl.humanatlas.io/graph/hra-pop
HGNC:3170,S1PR4,S1PR4,biolink:Gene,https://purl.humanatlas.io/graph/hra-pop
HGNC:31700,ZBTB7C,ZBTB7C,biolink:Gene,https://purl.humanatlas.io/graph/hra-pop
HGNC:31714,CPHL1P,CPHL1P,biolink:Gene,https://purl.humanatlas.io/graph/hra-pop
HGNC:31724,MIR4527HG,MIR4527HG,biolink:Gene,https://purl.humanatlas.io/graph/hra-pop
HGNC:3173,EDIL3,EDIL3,biolink:Gene,https://purl.humanatlas.io/graph/hra-pop
HGNC:31739,EFL1P1,EFL1P1,biolink:Gene,https://purl.humanatlas.io/graph/hra-pop
HGNC:31750,SAMD12,SAMD12,biolink:Gene,https://purl.humanatlas.io/graph/hra-pop
HGNC:3176,EDN1,EDN1,biolink:Gene,https://purl.humanatlas.io/graph/hra-pop
HGNC:3177,EDN2,EDN2,biolink:Gene,https://purl.humanatlas.io/graph/hra-pop
HGNC:3179,EDNRA,EDNRA,biolink:Gene,https://purl.humanatlas.io/graph/hra-pop
HGNC:31791,FAM43B,FAM43B,biolink:Gene,https://purl.humanatlas.io/graph/hra-pop
HGNC:31792,BOD1L1,BOD1L1,biolink:Gene,https://purl.humanatlas.io/graph/hra-pop
HGNC:3180,EDNRB,EDNRB,biolink:Gene,https://purl.humanatlas.io/graph/hra-pop
HGNC:31802,NSUN4,NSUN4,biolink:Gene,https://purl.humanatlas.io/graph/hra-pop
HGNC:31817,RPS26P11,RPS26P11,biolink:Gene,https://purl.humanatlas.io/graph/hra-pop
HGNC:3182,PHC1,PHC1,biolink:Gene,https://purl.humanatlas.io/graph/hra-pop
HGNC:31822,PLCXD3,PLCXD3,biolink:Gene,https://purl.humanatlas.io/graph/hra-pop
HGNC:3183,PHC2,PHC2,biolink:Gene,https://purl.humanatlas.io/graph/hra-pop
HGNC:31830,MICU2,MICU2,biolink:Gene,https://purl.humanatlas.io/graph/hra-pop
HGNC:31837,EIF4E3,EIF4E3,biolink:Gene,https://purl.humanatlas.io/graph/hra-pop
HGNC:3185,EEA1,EEA1,biolink:Gene,https://purl.humanatlas.io/graph/hra-pop
HGNC:31860,FAM53A,FAM53A,biolink:Gene,https://purl.humanatlas.io/graph/hra-pop
HGNC:31862,NOTCH2NLA,NOTCH2NLA,biolink:Gene,https://purl.humanatlas.io/graph/hra-pop
HGNC:3188,EED,EED,biolink:Gene,https://purl.humanatlas.io/graph/hra-pop
HGNC:3189,EEF1A1,EEF1A1,biolink:Gene,https://purl.humanatlas.io/graph/hra-pop
HGNC:31922,ERC2,ERC2,biolink:Gene,https://purl.humanatlas.io/graph/hra-pop
HGNC:3194,EEF1A1P3,EEF1A1P3,biolink:Gene,https://purl.humanatlas.io/graph/hra-pop
HGNC:31948,CEACAM16,CEACAM16,biolink:Gene,https://purl.humanatlas.io/graph/hra-pop
HGNC:3195,EEF1A1P12,EEF1A1P12,biolink:Gene,https://purl.humanatlas.io/graph/hra-pop
HGNC:31951,CEACAM19,CEACAM19,biolink:Gene,https://purl.humanatlas.io/graph/hra-pop
HGNC:31962,FAM156B,FAM156B,biolink:Gene,https://purl.humanatlas.io/graph/hra-pop
HGNC:3197,EEF1A1P14,EEF1A1P14,biolink:Gene,https://purl.humanatlas.io/graph/hra-pop
HGNC:31972,GOLGA8A,GOLGA8A,biolink:Gene,https://purl.humanatlas.io/graph/hra-pop
HGNC:31973,GOLGA8B,GOLGA8B,biolink:Gene,https://purl.humanatlas.io/graph/hra-pop
HGNC:31974,PDZK1P1,PDZK1P1,biolink:Gene,https://purl.humanatlas.io/graph/hra-pop
HGNC:31976,AQP7P3,AQP7P3,biolink:Gene,https://purl.humanatlas.io/graph/hra-pop
HGNC:31990,NBPF8,NBPF8,biolink:Gene,https://purl.humanatlas.io/graph/hra-pop
HGNC:31992,NBPF10,NBPF10,biolink:Gene,https://purl.humanatlas.io/graph/hra-pop
HGNC:31993,NBPF11,NBPF11,biolink:Gene,https://purl.humanatlas.io/graph/hra-pop
HGNC:3200,EEF1A1P5,EEF1A1P5,biolink:Gene,https://purl.humanatlas.io/graph/hra-pop
HGNC:32000,NBPF20,NBPF20,biolink:Gene,https://purl.humanatlas.io/graph/hra-pop
HGNC:32008,TMEM120B,TMEM120B,biolink:Gene,https://purl.humanatlas.io/graph/hra-pop
HGNC:3201,EEF1A1P6,EEF1A1P6,biolink:Gene,https://purl.humanatlas.io/graph/hra-pop
HGNC:32017,ACSM2A,ACSM2A,biolink:Gene,https://purl.humanatlas.io/graph/hra-pop
HGNC:32018,MIR29B2CHG,MIR29B2CHG,biolink:Gene,https://purl.humanatlas.io/graph/hra-pop
HGNC:32035,CNTNAP3B,CNTNAP3B,biolink:Gene,https://purl.humanatlas.io/graph/hra-pop
HGNC:3204,EEF1A1P9,EEF1A1P9,biolink:Gene,https://purl.humanatlas.io/graph/hra-pop
HGNC:32045,LINC02869,LINC02869,biolink:Gene,https://purl.humanatlas.io/graph/hra-pop
HGNC:32047,OBSCN-AS1,OBSCN-AS1,biolink:Gene,https://purl.humanatlas.io/graph/hra-pop
HGNC:32056,AQP7P4,AQP7P4,biolink:Gene,https://purl.humanatlas.io/graph/hra-pop
HGNC:3206,EEF1A1P11,EEF1A1P11,biolink:Gene,https://purl.humanatlas.io/graph/hra-pop
HGNC:32061,IKBKE-AS1,IKBKE-AS1,biolink:Gene,https://purl.humanatlas.io/graph/hra-pop
HGNC:32063,VSIG8,VSIG8,biolink:Gene,https://purl.humanatlas.io/graph/hra-pop
HGNC:32068,MICOS10,MICOS10,biolink:Gene,https://purl.humanatlas.io/graph/hra-pop
HGNC:32071,LDLRAD2,LDLRAD2,biolink:Gene,https://purl.humanatlas.io/graph/hra-pop
HGNC:3208,EEF1B2,EEF1B2,biolink:Gene,https://purl.humanatlas.io/graph/hra-pop
HGNC:3210,EEF1B2P3,EEF1B2P3,biolink:Gene,https://purl.humanatlas.io/graph/hra-pop
HGNC:3211,EEF1D,EEF1D,biolink:Gene,https://purl.humanatlas.io/graph/hra-pop
HGNC:3212,EEF1E1,EEF1E1,biolink:Gene,https://purl.humanatlas.io/graph/hra-pop
HGNC:3213,EEF1G,EEF1G,biolink:Gene,https://purl.humanatlas.io/graph/hra-pop
HGNC:3214,EEF2,EEF2,biolink:Gene,https://purl.humanatlas.io/graph/hra-pop
HGNC:32156,LRRC52,LRRC52,biolink:Gene,https://purl.humanatlas.io/graph/hra-pop
HGNC:32159,MTG1,MTG1,biolink:Gene,https://purl.humanatlas.io/graph/hra-pop
HGNC:32160,FAM85B,FAM85B,biolink:Gene,https://purl.humanatlas.io/graph/hra-pop
HGNC:3218,EFEMP1,EFEMP1,biolink:Gene,https://purl.humanatlas.io/graph/hra-pop
HGNC:3219,EFEMP2,EFEMP2,biolink:Gene,https://purl.humanatlas.io/graph/hra-pop
HGNC:32190,PVRIG,PVRIG,biolink:Gene,https://purl.humanatlas.io/graph/hra-pop
HGNC:32221,EEF2KMT,EEF2KMT,biolink:Gene,https://purl.humanatlas.io/graph/hra-pop
HGNC:32225,WIPI2,WIPI2,biolink:Gene,https://purl.humanatlas.io/graph/hra-pop
HGNC:32235,RBIS,RBIS,biolink:Gene,https://purl.humanatlas.io/graph/hra-pop
HGNC:3225,EFNA5,EFNA5,biolink:Gene,https://purl.humanatlas.io/graph/hra-pop
HGNC:3226,EFNB1,EFNB1,biolink:Gene,https://purl.humanatlas.io/graph/hra-pop
HGNC:3227,EFNB2,EFNB2,biolink:Gene,https://purl.humanatlas.io/graph/hra-pop
HGNC:3229,EGF,EGF,biolink:Gene,https://purl.humanatlas.io/graph/hra-pop
HGNC:32291,ZNF704,ZNF704,biolink:Gene,https://purl.humanatlas.io/graph/hra-pop
HGNC:3232,MEGF6,MEGF6,biolink:Gene,https://purl.humanatlas.io/graph/hra-pop
HGNC:32322,SCX,SCX,biolink:Gene,https://purl.humanatlas.io/graph/hra-pop
HGNC:32326,IGSF9B,IGSF9B,biolink:Gene,https://purl.humanatlas.io/graph/hra-pop
HGNC:3233,MEGF8,MEGF8,biolink:Gene,https://purl.humanatlas.io/graph/hra-pop
HGNC:32332,TMEM51-AS2,TMEM51-AS2,biolink:Gene,https://purl.humanatlas.io/graph/hra-pop
HGNC:3234,MEGF9,MEGF9,biolink:Gene,https://purl.humanatlas.io/graph/hra-pop
HGNC:3236,EGFR,EGFR,biolink:Gene,https://purl.humanatlas.io/graph/hra-pop
HGNC:32363,CHAC2,CHAC2,biolink:Gene,https://purl.humanatlas.io/graph/hra-pop
HGNC:32370,GPR176,GPR176,biolink:Gene,https://purl.humanatlas.io/graph/hra-pop
HGNC:32371,TMEM88,TMEM88,biolink:Gene,https://purl.humanatlas.io/graph/hra-pop
HGNC:3238,EGR1,EGR1,biolink:Gene,https://purl.humanatlas.io/graph/hra-pop
HGNC:32387,ARL17B,ARL17B,biolink:Gene,https://purl.humanatlas.io/graph/hra-pop
HGNC:32389,BDH2,BDH2,biolink:Gene,https://purl.humanatlas.io/graph/hra-pop
HGNC:3239,EGR2,EGR2,biolink:Gene,https://purl.humanatlas.io/graph/hra-pop
HGNC:324,AGPAT1,AGPAT1,biolink:Gene,https://purl.humanatlas.io/graph/hra-pop
HGNC:32403,LRRC75A,LRRC75A,biolink:Gene,https://purl.humanatlas.io/graph/hra-pop
HGNC:32404,LRRC37A2,LRRC37A2,biolink:Gene,https://purl.humanatlas.io/graph/hra-pop
HGNC:32415,RGPD2,RGPD2,biolink:Gene,https://purl.humanatlas.io/graph/hra-pop
HGNC:3242,EHD1,EHD1,biolink:Gene,https://purl.humanatlas.io/graph/hra-pop
HGNC:32421,SUZ12P1,SUZ12P1,biolink:Gene,https://purl.humanatlas.io/graph/hra-pop
HGNC:3244,EHD3,EHD3,biolink:Gene,https://purl.humanatlas.io/graph/hra-pop
HGNC:3245,EHD4,EHD4,biolink:Gene,https://purl.humanatlas.io/graph/hra-pop
HGNC:32453,LSM12P1,LSM12P1,biolink:Gene,https://purl.humanatlas.io/graph/hra-pop
HGNC:3246,EHF,EHF,biolink:Gene,https://purl.humanatlas.io/graph/hra-pop
HGNC:32460,ZNF724,ZNF724,biolink:Gene,https://purl.humanatlas.io/graph/hra-pop
HGNC:32462,ZNF726,ZNF726,biolink:Gene,https://purl.humanatlas.io/graph/hra-pop
HGNC:32468,ZNF737,ZNF737,biolink:Gene,https://purl.humanatlas.io/graph/hra-pop
HGNC:3247,EHHADH,EHHADH,biolink:Gene,https://purl.humanatlas.io/graph/hra-pop
HGNC:32474,EEF1DP1,EEF1DP1,biolink:Gene,https://purl.humanatlas.io/graph/hra-pop
HGNC:32483,OST4,OST4,biolink:Gene,https://purl.humanatlas.io/graph/hra-pop
HGNC:32484,TTLL13,TTLL13,biolink:Gene,https://purl.humanatlas.io/graph/hra-pop
HGNC:3249,EIF1,EIF1,biolink:Gene,https://purl.humanatlas.io/graph/hra-pop
HGNC:3250,EIF1AX,EIF1AX,biolink:Gene,https://purl.humanatlas.io/graph/hra-pop
HGNC:3252,EIF1AY,EIF1AY,biolink:Gene,https://purl.humanatlas.io/graph/hra-pop
HGNC:32536,HSP90AA6P,HSP90AA6P,biolink:Gene,https://purl.humanatlas.io/graph/hra-pop
HGNC:3255,EIF2AK3,EIF2AK3,biolink:Gene,https://purl.humanatlas.io/graph/hra-pop
HGNC:32550,ZBTB42,ZBTB42,biolink:Gene,https://purl.humanatlas.io/graph/hra-pop
HGNC:3259,EIF2B3,EIF2B3,biolink:Gene,https://purl.humanatlas.io/graph/hra-pop
HGNC:32594,PREX1,PREX1,biolink:Gene,https://purl.humanatlas.io/graph/hra-pop
HGNC:326,AGPAT3,AGPAT3,biolink:Gene,https://purl.humanatlas.io/graph/hra-pop
HGNC:3262,AGO1,AGO1,biolink:Gene,https://purl.humanatlas.io/graph/hra-pop
HGNC:3267,EIF2S3,EIF2S3,biolink:Gene,https://purl.humanatlas.io/graph/hra-pop
HGNC:32675,LINC00488,LINC00488,biolink:Gene,https://purl.humanatlas.io/graph/hra-pop
HGNC:32687,MED11,MED11,biolink:Gene,https://purl.humanatlas.io/graph/hra-pop
HGNC:32688,SNHG1,SNHG1,biolink:Gene,https://purl.humanatlas.io/graph/hra-pop
HGNC:3270,EIF3J,EIF3J,biolink:Gene,https://purl.humanatlas.io/graph/hra-pop
HGNC:32700,CCDC103,CCDC103,biolink:Gene,https://purl.humanatlas.io/graph/hra-pop
HGNC:3271,EIF3A,EIF3A,biolink:Gene,https://purl.humanatlas.io/graph/hra-pop
HGNC:32713,SNORD17,SNORD17,biolink:Gene,https://purl.humanatlas.io/graph/hra-pop
HGNC:3273,EIF3H,EIF3H,biolink:Gene,https://purl.humanatlas.io/graph/hra-pop
HGNC:3275,EIF3F,EIF3F,biolink:Gene,https://purl.humanatlas.io/graph/hra-pop
HGNC:3277,EIF3E,EIF3E,biolink:Gene,https://purl.humanatlas.io/graph/hra-pop
HGNC:328,AGR2,AGR2,biolink:Gene,https://purl.humanatlas.io/graph/hra-pop
HGNC:3282,EIF4A1,EIF4A1,biolink:Gene,https://purl.humanatlas.io/graph/hra-pop
HGNC:3284,EIF4A2,EIF4A2,biolink:Gene,https://purl.humanatlas.io/graph/hra-pop
HGNC:3285,EIF4B,EIF4B,biolink:Gene,https://purl.humanatlas.io/graph/hra-pop
HGNC:3288,EIF4EBP1,EIF4EBP1,biolink:Gene,https://purl.humanatlas.io/graph/hra-pop
HGNC:3290,EIF4EBP3,EIF4EBP3,biolink:Gene,https://purl.humanatlas.io/graph/hra-pop
HGNC:32933,CENPP,CENPP,biolink:Gene,https://purl.humanatlas.io/graph/hra-pop
HGNC:32946,ANKRD36C,ANKRD36C,biolink:Gene,https://purl.humanatlas.io/graph/hra-pop
HGNC:32954,TTC32,TTC32,biolink:Gene,https://purl.humanatlas.io/graph/hra-pop
HGNC:3296,EIF4G1,EIF4G1,biolink:Gene,https://purl.humanatlas.io/graph/hra-pop
HGNC:32965,SNHG6,SNHG6,biolink:Gene,https://purl.humanatlas.io/graph/hra-pop
HGNC:32968,KRT223P,KRT223P,biolink:Gene,https://purl.humanatlas.io/graph/hra-pop
HGNC:3297,EIF4G2,EIF4G2,biolink:Gene,https://purl.humanatlas.io/graph/hra-pop
HGNC:3298,EIF4G3,EIF4G3,biolink:Gene,https://purl.humanatlas.io/graph/hra-pop
HGNC:3299,EIF5,EIF5,biolink:Gene,https://purl.humanatlas.io/graph/hra-pop
HGNC:33094,CCT6P1,CCT6P1,biolink:Gene,https://purl.humanatlas.io/graph/hra-pop
HGNC:33098,SNHG8,SNHG8,biolink:Gene,https://purl.humanatlas.io/graph/hra-pop
HGNC:33100,GPX8,GPX8,biolink:Gene,https://purl.humanatlas.io/graph/hra-pop
HGNC:33101,ZFAS1,ZFAS1,biolink:Gene,https://purl.humanatlas.io/graph/hra-pop
HGNC:33109,ZNF780B,ZNF780B,biolink:Gene,https://purl.humanatlas.io/graph/hra-pop
HGNC:3311,SERPINB1,SERPINB1,biolink:Gene,https://purl.humanatlas.io/graph/hra-pop
HGNC:33111,ZNF784,ZNF784,biolink:Gene,https://purl.humanatlas.io/graph/hra-pop
HGNC:33116,INSC,INSC,biolink:Gene,https://purl.humanatlas.io/graph/hra-pop
HGNC:3312,ELAVL1,ELAVL1,biolink:Gene,https://purl.humanatlas.io/graph/hra-pop
HGNC:33125,GTF2IRD2B,GTF2IRD2B,biolink:Gene,https://purl.humanatlas.io/graph/hra-pop
HGNC:33127,GTF2IRD2P1,GTF2IRD2P1,biolink:Gene,https://purl.humanatlas.io/graph/hra-pop
HGNC:33129,HYDIN2,HYDIN2,biolink:Gene,https://purl.humanatlas.io/graph/hra-pop
HGNC:33145,WASH2P,WASH2P,biolink:Gene,https://purl.humanatlas.io/graph/hra-pop
HGNC:3316,ELF1,ELF1,biolink:Gene,https://purl.humanatlas.io/graph/hra-pop
HGNC:3317,ELF2,ELF2,biolink:Gene,https://purl.humanatlas.io/graph/hra-pop
HGNC:3318,ELF3,ELF3,biolink:Gene,https://purl.humanatlas.io/graph/hra-pop
HGNC:33187,MZT2A,MZT2A,biolink:Gene,https://purl.humanatlas.io/graph/hra-pop
HGNC:3319,ELF4,ELF4,biolink:Gene,https://purl.humanatlas.io/graph/hra-pop
HGNC:33190,SNORD3B-2,SNORD3B-2,biolink:Gene,https://purl.humanatlas.io/graph/hra-pop
HGNC:3320,ELF5,ELF5,biolink:Gene,https://purl.humanatlas.io/graph/hra-pop
HGNC:33205,TMEM183BP,TMEM183BP,biolink:Gene,https://purl.humanatlas.io/graph/hra-pop
HGNC:33235,PWRN1,PWRN1,biolink:Gene,https://purl.humanatlas.io/graph/hra-pop
HGNC:3325,ELK3,ELK3,biolink:Gene,https://purl.humanatlas.io/graph/hra-pop
HGNC:3327,ELN,ELN,biolink:Gene,https://purl.humanatlas.io/graph/hra-pop
HGNC:333,AGT,AGT,biolink:Gene,https://purl.humanatlas.io/graph/hra-pop
HGNC:3330,EML1,EML1,biolink:Gene,https://purl.humanatlas.io/graph/hra-pop
HGNC:3332,MARK2,MARK2,biolink:Gene,https://purl.humanatlas.io/graph/hra-pop
HGNC:3333,EMP1,EMP1,biolink:Gene,https://purl.humanatlas.io/graph/hra-pop
HGNC:3334,EMP2,EMP2,biolink:Gene,https://purl.humanatlas.io/graph/hra-pop
HGNC:3335,EMP3,EMP3,biolink:Gene,https://purl.humanatlas.io/graph/hra-pop
HGNC:3336,ADGRE1,ADGRE1,biolink:Gene,https://purl.humanatlas.io/graph/hra-pop
HGNC:3337,ADGRE2,ADGRE2,biolink:Gene,https://purl.humanatlas.io/graph/hra-pop
HGNC:3338,CTTN,CTTN,biolink:Gene,https://purl.humanatlas.io/graph/hra-pop
HGNC:3340,EMX1,EMX1,biolink:Gene,https://purl.humanatlas.io/graph/hra-pop
HGNC:3341,EMX2,EMX2,biolink:Gene,https://purl.humanatlas.io/graph/hra-pop
HGNC:33426,GGTLC3,GGTLC3,biolink:Gene,https://purl.humanatlas.io/graph/hra-pop
HGNC:33427,GGTLC5P,GGTLC5P,biolink:Gene,https://purl.humanatlas.io/graph/hra-pop
HGNC:33441,ZFP91-CNTF,ZFP91-CNTF,biolink:Gene,https://purl.humanatlas.io/graph/hra-pop
HGNC:33442,NACA3P,NACA3P,biolink:Gene,https://purl.humanatlas.io/graph/hra-pop
HGNC:33454,CRACDL,CRACDL,biolink:Gene,https://purl.humanatlas.io/graph/hra-pop
HGNC:3347,EXOG,EXOG,biolink:Gene,https://purl.humanatlas.io/graph/hra-pop
HGNC:3349,ENG,ENG,biolink:Gene,https://purl.humanatlas.io/graph/hra-pop
HGNC:3350,ENO1,ENO1,biolink:Gene,https://purl.humanatlas.io/graph/hra-pop
HGNC:33504,SCIMP,SCIMP,biolink:Gene,https://purl.humanatlas.io/graph/hra-pop
HGNC:3352,ENO1P1,ENO1P1,biolink:Gene,https://purl.humanatlas.io/graph/hra-pop
HGNC:33529,PALM2AKAP2,PALM2AKAP2,biolink:Gene,https://purl.humanatlas.io/graph/hra-pop
HGNC:3353,ENO2,ENO2,biolink:Gene,https://purl.humanatlas.io/graph/hra-pop
HGNC:33531,NME1-NME2,NME1-NME2,biolink:Gene,https://purl.humanatlas.io/graph/hra-pop
HGNC:33535,SYS1-DBNDD2,SYS1-DBNDD2,biolink:Gene,https://purl.humanatlas.io/graph/hra-pop
HGNC:3355,ENPEP,ENPEP,biolink:Gene,https://purl.humanatlas.io/graph/hra-pop
HGNC:33550,NUGGC,NUGGC,biolink:Gene,https://purl.humanatlas.io/graph/hra-pop
HGNC:33551,NDUFAF8,NDUFAF8,biolink:Gene,https://purl.humanatlas.io/graph/hra-pop
HGNC:3357,ENPP2,ENPP2,biolink:Gene,https://purl.humanatlas.io/graph/hra-pop
HGNC:33574,HMGN2P6,HMGN2P6,biolink:Gene,https://purl.humanatlas.io/graph/hra-pop
HGNC:3358,ENPP3,ENPP3,biolink:Gene,https://purl.humanatlas.io/graph/hra-pop
HGNC:336,AGTR1,AGTR1,biolink:Gene,https://purl.humanatlas.io/graph/hra-pop
HGNC:3360,ENSA,ENSA,biolink:Gene,https://purl.humanatlas.io/graph/hra-pop
HGNC:33604,TCAF1P1,TCAF1P1,biolink:Gene,https://purl.humanatlas.io/graph/hra-pop
HGNC:33607,ANKRD36BP2,ANKRD36BP2,biolink:Gene,https://purl.humanatlas.io/graph/hra-pop
HGNC:33610,RNF216P1,RNF216P1,biolink:Gene,https://purl.humanatlas.io/graph/hra-pop
HGNC:33626,FRG2C,FRG2C,biolink:Gene,https://purl.humanatlas.io/graph/hra-pop
HGNC:3363,ENTPD1,ENTPD1,biolink:Gene,https://purl.humanatlas.io/graph/hra-pop
HGNC:3367,ENTPD5,ENTPD5,biolink:Gene,https://purl.humanatlas.io/graph/hra-pop
HGNC:3368,ENTPD6,ENTPD6,biolink:Gene,https://purl.humanatlas.io/graph/hra-pop
HGNC:33701,CARD16,CARD16,biolink:Gene,https://purl.humanatlas.io/graph/hra-pop
HGNC:33702,MICOS13,MICOS13,biolink:Gene,https://purl.humanatlas.io/graph/hra-pop
HGNC:33704,TMEM198,TMEM198,biolink:Gene,https://purl.humanatlas.io/graph/hra-pop
HGNC:33705,TMEM207,TMEM207,biolink:Gene,https://purl.humanatlas.io/graph/hra-pop
HGNC:33719,TMEM201,TMEM201,biolink:Gene,https://purl.humanatlas.io/graph/hra-pop
HGNC:33720,CFAP221,CFAP221,biolink:Gene,https://purl.humanatlas.io/graph/hra-pop
HGNC:33721,ALG1L1P,ALG1L1P,biolink:Gene,https://purl.humanatlas.io/graph/hra-pop
HGNC:3373,EP300,EP300,biolink:Gene,https://purl.humanatlas.io/graph/hra-pop
HGNC:33735,CCDC144NL,CCDC144NL,biolink:Gene,https://purl.humanatlas.io/graph/hra-pop
HGNC:33739,NCCRP1,NCCRP1,biolink:Gene,https://purl.humanatlas.io/graph/hra-pop
HGNC:3374,EPAS1,EPAS1,biolink:Gene,https://purl.humanatlas.io/graph/hra-pop
HGNC:33747,FIBIN,FIBIN,biolink:Gene,https://purl.humanatlas.io/graph/hra-pop
HGNC:33751,NHLRC3,NHLRC3,biolink:Gene,https://purl.humanatlas.io/graph/hra-pop
HGNC:33753,INSYN1,INSYN1,biolink:Gene,https://purl.humanatlas.io/graph/hra-pop
HGNC:33757,TMEM220,TMEM220,biolink:Gene,https://purl.humanatlas.io/graph/hra-pop
HGNC:33768,C5orf46,C5orf46,biolink:Gene,https://purl.humanatlas.io/graph/hra-pop
HGNC:33769,BNIP5,BNIP5,biolink:Gene,https://purl.humanatlas.io/graph/hra-pop
HGNC:3377,EPB41,EPB41,biolink:Gene,https://purl.humanatlas.io/graph/hra-pop
HGNC:33770,RBAKDN,RBAKDN,biolink:Gene,https://purl.humanatlas.io/graph/hra-pop
HGNC:33772,LAMTOR4,LAMTOR4,biolink:Gene,https://purl.humanatlas.io/graph/hra-pop
HGNC:33777,LCN15,LCN15,biolink:Gene,https://purl.humanatlas.io/graph/hra-pop
HGNC:3378,EPB41L1,EPB41L1,biolink:Gene,https://purl.humanatlas.io/graph/hra-pop
HGNC:33784,AGMO,AGMO,biolink:Gene,https://purl.humanatlas.io/graph/hra-pop
HGNC:33786,GATA3-AS1,GATA3-AS1,biolink:Gene,https://purl.humanatlas.io/graph/hra-pop
HGNC:33789,COLCA1,COLCA1,biolink:Gene,https://purl.humanatlas.io/graph/hra-pop
HGNC:3379,EPB41L2,EPB41L2,biolink:Gene,https://purl.humanatlas.io/graph/hra-pop
HGNC:33796,LINC02694,LINC02694,biolink:Gene,https://purl.humanatlas.io/graph/hra-pop
HGNC:3380,EPB41L3,EPB41L3,biolink:Gene,https://purl.humanatlas.io/graph/hra-pop
HGNC:33814,AK9,AK9,biolink:Gene,https://purl.humanatlas.io/graph/hra-pop
HGNC:33826,C8orf82,C8orf82,biolink:Gene,https://purl.humanatlas.io/graph/hra-pop
HGNC:33827,CARD17P,CARD17P,biolink:Gene,https://purl.humanatlas.io/graph/hra-pop
HGNC:3383,STOM,STOM,biolink:Gene,https://purl.humanatlas.io/graph/hra-pop
HGNC:33834,ETV3L,ETV3L,biolink:Gene,https://purl.humanatlas.io/graph/hra-pop
HGNC:33838,CARINH,CARINH,biolink:Gene,https://purl.humanatlas.io/graph/hra-pop
HGNC:33844,GALNTL6,GALNTL6,biolink:Gene,https://purl.humanatlas.io/graph/hra-pop
HGNC:33847,IGIP,IGIP,biolink:Gene,https://purl.humanatlas.io/graph/hra-pop
HGNC:33848,COA5,COA5,biolink:Gene,https://purl.humanatlas.io/graph/hra-pop
HGNC:33853,POLR2J3,POLR2J3,biolink:Gene,https://purl.humanatlas.io/graph/hra-pop
HGNC:33854,CCDC157,CCDC157,biolink:Gene,https://purl.humanatlas.io/graph/hra-pop
HGNC:33858,FAM229B,FAM229B,biolink:Gene,https://purl.humanatlas.io/graph/hra-pop
HGNC:33859,INSYN2A,INSYN2A,biolink:Gene,https://purl.humanatlas.io/graph/hra-pop
HGNC:3386,EPHA2,EPHA2,biolink:Gene,https://purl.humanatlas.io/graph/hra-pop
HGNC:33869,CCNI2,CCNI2,biolink:Gene,https://purl.humanatlas.io/graph/hra-pop
HGNC:3387,EPHA3,EPHA3,biolink:Gene,https://purl.humanatlas.io/graph/hra-pop
HGNC:33877,NALF1,NALF1,biolink:Gene,https://purl.humanatlas.io/graph/hra-pop
HGNC:3388,EPHA4,EPHA4,biolink:Gene,https://purl.humanatlas.io/graph/hra-pop
HGNC:339,APLNR,APLNR,biolink:Gene,https://purl.humanatlas.io/graph/hra-pop
HGNC:3390,EPHA7,EPHA7,biolink:Gene,https://purl.humanatlas.io/graph/hra-pop
HGNC:33911,RNASEK,RNASEK,biolink:Gene,https://purl.humanatlas.io/graph/hra-pop
HGNC:33914,MINAR2,MINAR2,biolink:Gene,https://purl.humanatlas.io/graph/hra-pop
HGNC:3392,EPHB1,EPHB1,biolink:Gene,https://purl.humanatlas.io/graph/hra-pop
HGNC:33920,SLFN12L,SLFN12L,biolink:Gene,https://purl.humanatlas.io/graph/hra-pop
HGNC:3393,EPHB2,EPHB2,biolink:Gene,https://purl.humanatlas.io/graph/hra-pop
HGNC:3394,EPHB3,EPHB3,biolink:Gene,https://purl.humanatlas.io/graph/hra-pop
HGNC:33941,SLC35E2B,SLC35E2B,biolink:Gene,https://purl.humanatlas.io/graph/hra-pop
HGNC:3395,EPHB4,EPHB4,biolink:Gene,https://purl.humanatlas.io/graph/hra-pop
HGNC:33954,BZW1P2,BZW1P2,biolink:Gene,https://purl.humanatlas.io/graph/hra-pop
HGNC:34,ABCA4,ABCA4,biolink:Gene,https://purl.humanatlas.io/graph/hra-pop
HGNC:34006,PLEKHM3,PLEKHM3,biolink:Gene,https://purl.humanatlas.io/graph/hra-pop
HGNC:3401,EPHX1,EPHX1,biolink:Gene,https://purl.humanatlas.io/graph/hra-pop
HGNC:34016,RNU4ATAC,RNU4ATAC,biolink:Gene,https://purl.humanatlas.io/graph/hra-pop
HGNC:3402,EPHX2,EPHX2,biolink:Gene,https://purl.humanatlas.io/graph/hra-pop
HGNC:34034,RIMKLBP1,RIMKLBP1,biolink:Gene,https://purl.humanatlas.io/graph/hra-pop
HGNC:34054,PTMAP9,PTMAP9,biolink:Gene,https://purl.humanatlas.io/graph/hra-pop
HGNC:34072,C1QTNF9B,C1QTNF9B,biolink:Gene,https://purl.humanatlas.io/graph/hra-pop
HGNC:34081,FAM157C,FAM157C,biolink:Gene,https://purl.humanatlas.io/graph/hra-pop
HGNC:341,AGXT,AGXT,biolink:Gene,https://purl.humanatlas.io/graph/hra-pop
HGNC:3418,EPRS1,EPRS1,biolink:Gene,https://purl.humanatlas.io/graph/hra-pop
HGNC:34187,DNAJC25,DNAJC25,biolink:Gene,https://purl.humanatlas.io/graph/hra-pop
HGNC:3419,EPS15,EPS15,biolink:Gene,https://purl.humanatlas.io/graph/hra-pop
HGNC:3420,EPS8,EPS8,biolink:Gene,https://purl.humanatlas.io/graph/hra-pop
HGNC:34230,NF1P7,NF1P7,biolink:Gene,https://purl.humanatlas.io/graph/hra-pop
HGNC:34237,FHIP1A,FHIP1A,biolink:Gene,https://purl.humanatlas.io/graph/hra-pop
HGNC:34252,RNU6-26P,RNU6-26P,biolink:Gene,https://purl.humanatlas.io/graph/hra-pop
HGNC:34294,ZSCAN5C,ZSCAN5C,biolink:Gene,https://purl.humanatlas.io/graph/hra-pop
HGNC:34297,TTC34,TTC34,biolink:Gene,https://purl.humanatlas.io/graph/hra-pop
HGNC:343,AHCY,AHCY,biolink:Gene,https://purl.humanatlas.io/graph/hra-pop
HGNC:3430,ERBB2,ERBB2,biolink:Gene,https://purl.humanatlas.io/graph/hra-pop
HGNC:34300,LRRD1,LRRD1,biolink:Gene,https://purl.humanatlas.io/graph/hra-pop
HGNC:3432,ERBB4,ERBB4,biolink:Gene,https://purl.humanatlas.io/graph/hra-pop
HGNC:34333,ZNF836,ZNF836,biolink:Gene,https://purl.humanatlas.io/graph/hra-pop
HGNC:3434,ERCC2,ERCC2,biolink:Gene,https://purl.humanatlas.io/graph/hra-pop
HGNC:34343,FAM47E,FAM47E,biolink:Gene,https://purl.humanatlas.io/graph/hra-pop
HGNC:34360,GDPGP1,GDPGP1,biolink:Gene,https://purl.humanatlas.io/graph/hra-pop
HGNC:3437,ERCC5,ERCC5,biolink:Gene,https://purl.humanatlas.io/graph/hra-pop
HGNC:34385,RSPH10B2,RSPH10B2,biolink:Gene,https://purl.humanatlas.io/graph/hra-pop
HGNC:34388,CIMAP1B,CIMAP1B,biolink:Gene,https://purl.humanatlas.io/graph/hra-pop
HGNC:3439,ERCC8,ERCC8,biolink:Gene,https://purl.humanatlas.io/graph/hra-pop
HGNC:34390,MAP1LC3B2,MAP1LC3B2,biolink:Gene,https://purl.humanatlas.io/graph/hra-pop
HGNC:34395,FAM177B,FAM177B,biolink:Gene,https://purl.humanatlas.io/graph/hra-pop
HGNC:34397,JMJD7,JMJD7,biolink:Gene,https://purl.humanatlas.io/graph/hra-pop
HGNC:34415,TMEM150B,TMEM150B,biolink:Gene,https://purl.humanatlas.io/graph/hra-pop
HGNC:34427,CRYBG3,CRYBG3,biolink:Gene,https://purl.humanatlas.io/graph/hra-pop
HGNC:3443,EREG,EREG,biolink:Gene,https://purl.humanatlas.io/graph/hra-pop
HGNC:34430,ARHGEF37,ARHGEF37,biolink:Gene,https://purl.humanatlas.io/graph/hra-pop
HGNC:34437,NICOL1,NICOL1,biolink:Gene,https://purl.humanatlas.io/graph/hra-pop
HGNC:34438,CCDC152,CCDC152,biolink:Gene,https://purl.humanatlas.io/graph/hra-pop
HGNC:34439,C2orf74,C2orf74,biolink:Gene,https://purl.humanatlas.io/graph/hra-pop
HGNC:34440,SMIM23,SMIM23,biolink:Gene,https://purl.humanatlas.io/graph/hra-pop
HGNC:34450,UQCC6,UQCC6,biolink:Gene,https://purl.humanatlas.io/graph/hra-pop
HGNC:34453,C15orf61,C15orf61,biolink:Gene,https://purl.humanatlas.io/graph/hra-pop
HGNC:34454,CCDC154,CCDC154,biolink:Gene,https://purl.humanatlas.io/graph/hra-pop
HGNC:3446,ERG,ERG,biolink:Gene,https://purl.humanatlas.io/graph/hra-pop
HGNC:3447,ERH,ERH,biolink:Gene,https://purl.humanatlas.io/graph/hra-pop
HGNC:3449,ERN1,ERN1,biolink:Gene,https://purl.humanatlas.io/graph/hra-pop
HGNC:34518,VOPP1,VOPP1,biolink:Gene,https://purl.humanatlas.io/graph/hra-pop
HGNC:34528,TOMM6,TOMM6,biolink:Gene,https://purl.humanatlas.io/graph/hra-pop
HGNC:3465,ESD,ESD,biolink:Gene,https://purl.humanatlas.io/graph/hra-pop
HGNC:3467,ESR1,ESR1,biolink:Gene,https://purl.humanatlas.io/graph/hra-pop
HGNC:3468,ESR2,ESR2,biolink:Gene,https://purl.humanatlas.io/graph/hra-pop
HGNC:347,AHNAK,AHNAK,biolink:Gene,https://purl.humanatlas.io/graph/hra-pop
HGNC:3471,ESRRA,ESRRA,biolink:Gene,https://purl.humanatlas.io/graph/hra-pop
HGNC:3473,ESRRB,ESRRB,biolink:Gene,https://purl.humanatlas.io/graph/hra-pop
HGNC:3474,ESRRG,ESRRG,biolink:Gene,https://purl.humanatlas.io/graph/hra-pop
HGNC:3477,ETF1,ETF1,biolink:Gene,https://purl.humanatlas.io/graph/hra-pop
HGNC:348,AHR,AHR,biolink:Gene,https://purl.humanatlas.io/graph/hra-pop
HGNC:3481,ETFA,ETFA,biolink:Gene,https://purl.humanatlas.io/graph/hra-pop
HGNC:3482,ETFB,ETFB,biolink:Gene,https://purl.humanatlas.io/graph/hra-pop
HGNC:3483,ETFDH,ETFDH,biolink:Gene,https://purl.humanatlas.io/graph/hra-pop
HGNC:3488,ETS1,ETS1,biolink:Gene,https://purl.humanatlas.io/graph/hra-pop
HGNC:3489,ETS2,ETS2,biolink:Gene,https://purl.humanatlas.io/graph/hra-pop
HGNC:349,AHSG,AHSG,biolink:Gene,https://purl.humanatlas.io/graph/hra-pop
HGNC:3490,ETV1,ETV1,biolink:Gene,https://purl.humanatlas.io/graph/hra-pop
HGNC:3492,ETV3,ETV3,biolink:Gene,https://purl.humanatlas.io/graph/hra-pop
HGNC:3495,ETV6,ETV6,biolink:Gene,https://purl.humanatlas.io/graph/hra-pop
HGNC:3496,MPZL2,MPZL2,biolink:Gene,https://purl.humanatlas.io/graph/hra-pop
HGNC:3497,EVC,EVC,biolink:Gene,https://purl.humanatlas.io/graph/hra-pop
HGNC:3498,MECOM,MECOM,biolink:Gene,https://purl.humanatlas.io/graph/hra-pop
HGNC:3499,EVI2A,EVI2A,biolink:Gene,https://purl.humanatlas.io/graph/hra-pop
HGNC:35,ABCA5,ABCA5,biolink:Gene,https://purl.humanatlas.io/graph/hra-pop
HGNC:3500,EVI2B,EVI2B,biolink:Gene,https://purl.humanatlas.io/graph/hra-pop
HGNC:3501,EVI5,EVI5,biolink:Gene,https://purl.humanatlas.io/graph/hra-pop
HGNC:3508,EWSR1,EWSR1,biolink:Gene,https://purl.humanatlas.io/graph/hra-pop
HGNC:3512,EXT1,EXT1,biolink:Gene,https://purl.humanatlas.io/graph/hra-pop
HGNC:3513,EXT2,EXT2,biolink:Gene,https://purl.humanatlas.io/graph/hra-pop
HGNC:35133,HSPD1P1,HSPD1P1,biolink:Gene,https://purl.humanatlas.io/graph/hra-pop
HGNC:35152,PAPPA-AS1,PAPPA-AS1,biolink:Gene,https://purl.humanatlas.io/graph/hra-pop
HGNC:35153,FAM187A,FAM187A,biolink:Gene,https://purl.humanatlas.io/graph/hra-pop
HGNC:35155,LRRC70,LRRC70,biolink:Gene,https://purl.humanatlas.io/graph/hra-pop
HGNC:3516,EXTL2,EXTL2,biolink:Gene,https://purl.humanatlas.io/graph/hra-pop
HGNC:35163,MIR4435-2HG,MIR4435-2HG,biolink:Gene,https://purl.humanatlas.io/graph/hra-pop
HGNC:35164,C12orf75,C12orf75,biolink:Gene,https://purl.humanatlas.io/graph/hra-pop
HGNC:35165,INAFM2,INAFM2,biolink:Gene,https://purl.humanatlas.io/graph/hra-pop
HGNC:3519,EYA1,EYA1,biolink:Gene,https://purl.humanatlas.io/graph/hra-pop
HGNC:352,AIF1,AIF1,biolink:Gene,https://purl.humanatlas.io/graph/hra-pop
HGNC:3520,EYA2,EYA2,biolink:Gene,https://purl.humanatlas.io/graph/hra-pop
HGNC:35200,DNM1P47,DNM1P47,biolink:Gene,https://purl.humanatlas.io/graph/hra-pop
HGNC:3521,EYA3,EYA3,biolink:Gene,https://purl.humanatlas.io/graph/hra-pop
HGNC:3522,EYA4,EYA4,biolink:Gene,https://purl.humanatlas.io/graph/hra-pop
HGNC:35236,EVPLL,EVPLL,biolink:Gene,https://purl.humanatlas.io/graph/hra-pop
HGNC:35237,SRGAP2B,SRGAP2B,biolink:Gene,https://purl.humanatlas.io/graph/hra-pop
HGNC:35240,ANKRD33B,ANKRD33B,biolink:Gene,https://purl.humanatlas.io/graph/hra-pop
HGNC:3530,F12,F12,biolink:Gene,https://purl.humanatlas.io/graph/hra-pop
HGNC:3531,F13A1,F13A1,biolink:Gene,https://purl.humanatlas.io/graph/hra-pop
HGNC:35310,MIR1244-1,MIR1244-1,biolink:Gene,https://purl.humanatlas.io/graph/hra-pop
HGNC:3537,F2R,F2R,biolink:Gene,https://purl.humanatlas.io/graph/hra-pop
HGNC:3540,F2RL3,F2RL3,biolink:Gene,https://purl.humanatlas.io/graph/hra-pop
HGNC:3541,F3,F3,biolink:Gene,https://purl.humanatlas.io/graph/hra-pop
HGNC:35410,TSTD1,TSTD1,biolink:Gene,https://purl.humanatlas.io/graph/hra-pop
HGNC:35412,EML6,EML6,biolink:Gene,https://purl.humanatlas.io/graph/hra-pop
HGNC:35422,NEURL1B,NEURL1B,biolink:Gene,https://purl.humanatlas.io/graph/hra-pop
HGNC:35449,TPI1P1,TPI1P1,biolink:Gene,https://purl.humanatlas.io/graph/hra-pop
HGNC:35454,ECSCR,ECSCR,biolink:Gene,https://purl.humanatlas.io/graph/hra-pop
HGNC:3546,F8,F8,biolink:Gene,https://purl.humanatlas.io/graph/hra-pop
HGNC:35460,MIR155HG,MIR155HG,biolink:Gene,https://purl.humanatlas.io/graph/hra-pop
HGNC:35462,SPDYE3,SPDYE3,biolink:Gene,https://purl.humanatlas.io/graph/hra-pop
HGNC:35491,RPL17P5,RPL17P5,biolink:Gene,https://purl.humanatlas.io/graph/hra-pop
HGNC:35500,RPS12P3,RPS12P3,biolink:Gene,https://purl.humanatlas.io/graph/hra-pop
HGNC:35511,RPS10P28,RPS10P28,biolink:Gene,https://purl.humanatlas.io/graph/hra-pop
HGNC:35515,RPL17P17,RPL17P17,biolink:Gene,https://purl.humanatlas.io/graph/hra-pop
HGNC:35525,RPL21P56,RPL21P56,biolink:Gene,https://purl.humanatlas.io/graph/hra-pop
HGNC:3554,HSD17B8,HSD17B8,biolink:Gene,https://purl.humanatlas.io/graph/hra-pop
HGNC:35546,RPL31P12,RPL31P12,biolink:Gene,https://purl.humanatlas.io/graph/hra-pop
HGNC:3555,FABP1,FABP1,biolink:Gene,https://purl.humanatlas.io/graph/hra-pop
HGNC:35554,RPL23P6,RPL23P6,biolink:Gene,https://purl.humanatlas.io/graph/hra-pop
HGNC:3557,FABP3,FABP3,biolink:Gene,https://purl.humanatlas.io/graph/hra-pop
HGNC:35573,RPS12P23,RPS12P23,biolink:Gene,https://purl.humanatlas.io/graph/hra-pop
HGNC:35579,RPL10P9,RPL10P9,biolink:Gene,https://purl.humanatlas.io/graph/hra-pop
HGNC:35588,RPL7P56,RPL7P56,biolink:Gene,https://purl.humanatlas.io/graph/hra-pop
HGNC:3559,FABP4,FABP4,biolink:Gene,https://purl.humanatlas.io/graph/hra-pop
HGNC:356,CRYBG1,CRYBG1,biolink:Gene,https://purl.humanatlas.io/graph/hra-pop
HGNC:3560,FABP5,FABP5,biolink:Gene,https://purl.humanatlas.io/graph/hra-pop
HGNC:35613,RPL7AP18,RPL7AP18,biolink:Gene,https://purl.humanatlas.io/graph/hra-pop
HGNC:35614,RPL21P119,RPL21P119,biolink:Gene,https://purl.humanatlas.io/graph/hra-pop
HGNC:35616,RPL29P24,RPL29P24,biolink:Gene,https://purl.humanatlas.io/graph/hra-pop
HGNC:35622,RPS27P7,RPS27P7,biolink:Gene,https://purl.humanatlas.io/graph/hra-pop
HGNC:35628,RPS8P10,RPS8P10,biolink:Gene,https://purl.humanatlas.io/graph/hra-pop
HGNC:35646,RPL21P93,RPL21P93,biolink:Gene,https://purl.humanatlas.io/graph/hra-pop
HGNC:35658,RPL7P23,RPL7P23,biolink:Gene,https://purl.humanatlas.io/graph/hra-pop
HGNC:35680,RPS26P15,RPS26P15,biolink:Gene,https://purl.humanatlas.io/graph/hra-pop
HGNC:35682,RPL7AP66,RPL7AP66,biolink:Gene,https://purl.humanatlas.io/graph/hra-pop
HGNC:35683,RPS24P19,RPS24P19,biolink:Gene,https://purl.humanatlas.io/graph/hra-pop
HGNC:35687,RPL21P46,RPL21P46,biolink:Gene,https://purl.humanatlas.io/graph/hra-pop
HGNC:3569,ACSL1,ACSL1,biolink:Gene,https://purl.humanatlas.io/graph/hra-pop
HGNC:35691,RPL21P123,RPL21P123,biolink:Gene,https://purl.humanatlas.io/graph/hra-pop
HGNC:35692,RPL7P32,RPL7P32,biolink:Gene,https://purl.humanatlas.io/graph/hra-pop
HGNC:35699,RPL4P5,RPL4P5,biolink:Gene,https://purl.humanatlas.io/graph/hra-pop
HGNC:3570,ACSL3,ACSL3,biolink:Gene,https://purl.humanatlas.io/graph/hra-pop
HGNC:35701,RPL13P12,RPL13P12,biolink:Gene,https://purl.humanatlas.io/graph/hra-pop
HGNC:35703,RPL31P57,RPL31P57,biolink:Gene,https://purl.humanatlas.io/graph/hra-pop
HGNC:35704,RPL21P37,RPL21P37,biolink:Gene,https://purl.humanatlas.io/graph/hra-pop
HGNC:35707,RPSAP17,RPSAP17,biolink:Gene,https://purl.humanatlas.io/graph/hra-pop
HGNC:35709,RPL13AP20,RPL13AP20,biolink:Gene,https://purl.humanatlas.io/graph/hra-pop
HGNC:3571,ACSL4,ACSL4,biolink:Gene,https://purl.humanatlas.io/graph/hra-pop
HGNC:35712,RPS15P4,RPS15P4,biolink:Gene,https://purl.humanatlas.io/graph/hra-pop
HGNC:35746,RPL15P5,RPL15P5,biolink:Gene,https://purl.humanatlas.io/graph/hra-pop
HGNC:35748,RPL21P19,RPL21P19,biolink:Gene,https://purl.humanatlas.io/graph/hra-pop
HGNC:35757,RPL7AP30,RPL7AP30,biolink:Gene,https://purl.humanatlas.io/graph/hra-pop
HGNC:35758,RPL8P5,RPL8P5,biolink:Gene,https://purl.humanatlas.io/graph/hra-pop
HGNC:35773,RPL4P3,RPL4P3,biolink:Gene,https://purl.humanatlas.io/graph/hra-pop
HGNC:3578,FAF1,FAF1,biolink:Gene,https://purl.humanatlas.io/graph/hra-pop
HGNC:35787,RPS28P7,RPS28P7,biolink:Gene,https://purl.humanatlas.io/graph/hra-pop
HGNC:3579,FAH,FAH,biolink:Gene,https://purl.humanatlas.io/graph/hra-pop
HGNC:3581,BPTF,BPTF,biolink:Gene,https://purl.humanatlas.io/graph/hra-pop
HGNC:35828,RPL5P24,RPL5P24,biolink:Gene,https://purl.humanatlas.io/graph/hra-pop
HGNC:35839,RPS2P46,RPS2P46,biolink:Gene,https://purl.humanatlas.io/graph/hra-pop
HGNC:3584,FANCC,FANCC,biolink:Gene,https://purl.humanatlas.io/graph/hra-pop
HGNC:35841,RPS7P11,RPS7P11,biolink:Gene,https://purl.humanatlas.io/graph/hra-pop
HGNC:35848,RPL34P34,RPL34P34,biolink:Gene,https://purl.humanatlas.io/graph/hra-pop
HGNC:35856,RPL39P15,RPL39P15,biolink:Gene,https://purl.humanatlas.io/graph/hra-pop
HGNC:3586,FANCE,FANCE,biolink:Gene,https://purl.humanatlas.io/graph/hra-pop
HGNC:35893,RPS3AP18,RPS3AP18,biolink:Gene,https://purl.humanatlas.io/graph/hra-pop
HGNC:3591,FARP1,FARP1,biolink:Gene,https://purl.humanatlas.io/graph/hra-pop
HGNC:35922,RPS21P4,RPS21P4,biolink:Gene,https://purl.humanatlas.io/graph/hra-pop
HGNC:35926,RPL36AP25,RPL36AP25,biolink:Gene,https://purl.humanatlas.io/graph/hra-pop
HGNC:35939,RPL17P16,RPL17P16,biolink:Gene,https://purl.humanatlas.io/graph/hra-pop
HGNC:3594,FASN,FASN,biolink:Gene,https://purl.humanatlas.io/graph/hra-pop
HGNC:3595,FAT1,FAT1,biolink:Gene,https://purl.humanatlas.io/graph/hra-pop
HGNC:35966,RPL23AP60,RPL23AP60,biolink:Gene,https://purl.humanatlas.io/graph/hra-pop
HGNC:3597,FAU,FAU,biolink:Gene,https://purl.humanatlas.io/graph/hra-pop
HGNC:35982,RPS23P8,RPS23P8,biolink:Gene,https://purl.humanatlas.io/graph/hra-pop
HGNC:35983,RPL21P45,RPL21P45,biolink:Gene,https://purl.humanatlas.io/graph/hra-pop
HGNC:35987,RPL21P117,RPL21P117,biolink:Gene,https://purl.humanatlas.io/graph/hra-pop
HGNC:3599,FBL,FBL,biolink:Gene,https://purl.humanatlas.io/graph/hra-pop
HGNC:35996,RPL17P43,RPL17P43,biolink:Gene,https://purl.humanatlas.io/graph/hra-pop
HGNC:35999,RPL12P41,RPL12P41,biolink:Gene,https://purl.humanatlas.io/graph/hra-pop
HGNC:36,ABCA6,ABCA6,biolink:Gene,https://purl.humanatlas.io/graph/hra-pop
HGNC:3600,FBLN1,FBLN1,biolink:Gene,https://purl.humanatlas.io/graph/hra-pop
HGNC:36005,RPL17P7,RPL17P7,biolink:Gene,https://purl.humanatlas.io/graph/hra-pop
HGNC:36006,RPL21P134,RPL21P134,biolink:Gene,https://purl.humanatlas.io/graph/hra-pop
HGNC:3601,FBLN2,FBLN2,biolink:Gene,https://purl.humanatlas.io/graph/hra-pop
HGNC:36011,RPS2P29,RPS2P29,biolink:Gene,https://purl.humanatlas.io/graph/hra-pop
HGNC:3602,FBLN5,FBLN5,biolink:Gene,https://purl.humanatlas.io/graph/hra-pop
HGNC:36022,RPS27P8,RPS27P8,biolink:Gene,https://purl.humanatlas.io/graph/hra-pop
HGNC:3603,FBN1,FBN1,biolink:Gene,https://purl.humanatlas.io/graph/hra-pop
HGNC:36037,RPL17P21,RPL17P21,biolink:Gene,https://purl.humanatlas.io/graph/hra-pop
HGNC:36038,RPL17P27,RPL17P27,biolink:Gene,https://purl.humanatlas.io/graph/hra-pop
HGNC:36039,RPL21P125,RPL21P125,biolink:Gene,https://purl.humanatlas.io/graph/hra-pop
HGNC:3604,FBN2,FBN2,biolink:Gene,https://purl.humanatlas.io/graph/hra-pop
HGNC:36051,RPL17P36,RPL17P36,biolink:Gene,https://purl.humanatlas.io/graph/hra-pop
HGNC:3606,FBP1,FBP1,biolink:Gene,https://purl.humanatlas.io/graph/hra-pop
HGNC:36081,RPL21P51,RPL21P51,biolink:Gene,https://purl.humanatlas.io/graph/hra-pop
HGNC:36086,RPL32P16,RPL32P16,biolink:Gene,https://purl.humanatlas.io/graph/hra-pop
HGNC:3609,FCER1A,FCER1A,biolink:Gene,https://purl.humanatlas.io/graph/hra-pop
HGNC:36094,RPS27P19,RPS27P19,biolink:Gene,https://purl.humanatlas.io/graph/hra-pop
HGNC:36095,RPL5P4,RPL5P4,biolink:Gene,https://purl.humanatlas.io/graph/hra-pop
HGNC:361,AK1,AK1,biolink:Gene,https://purl.humanatlas.io/graph/hra-pop
HGNC:36101,RPL21P116,RPL21P116,biolink:Gene,https://purl.humanatlas.io/graph/hra-pop
HGNC:3611,FCER1G,FCER1G,biolink:Gene,https://purl.humanatlas.io/graph/hra-pop
HGNC:3612,FCER2,FCER2,biolink:Gene,https://purl.humanatlas.io/graph/hra-pop
HGNC:36127,RPL21P39,RPL21P39,biolink:Gene,https://purl.humanatlas.io/graph/hra-pop
HGNC:3613,FCGR1A,FCGR1A,biolink:Gene,https://purl.humanatlas.io/graph/hra-pop
HGNC:36133,RPL6P27,RPL6P27,biolink:Gene,https://purl.humanatlas.io/graph/hra-pop
HGNC:36140,RPS2P55,RPS2P55,biolink:Gene,https://purl.humanatlas.io/graph/hra-pop
HGNC:36141,RPS3AP20,RPS3AP20,biolink:Gene,https://purl.humanatlas.io/graph/hra-pop
HGNC:36143,RPL7P44,RPL7P44,biolink:Gene,https://purl.humanatlas.io/graph/hra-pop
HGNC:36148,RPL23AP74,RPL23AP74,biolink:Gene,https://purl.humanatlas.io/graph/hra-pop
HGNC:3615,FCGR1CP,FCGR1CP,biolink:Gene,https://purl.humanatlas.io/graph/hra-pop
HGNC:3616,FCGR2A,FCGR2A,biolink:Gene,https://purl.humanatlas.io/graph/hra-pop
HGNC:36163,RPS27P6,RPS27P6,biolink:Gene,https://purl.humanatlas.io/graph/hra-pop
HGNC:36164,RPS15AP9,RPS15AP9,biolink:Gene,https://purl.humanatlas.io/graph/hra-pop
HGNC:36165,RPL12P42,RPL12P42,biolink:Gene,https://purl.humanatlas.io/graph/hra-pop
HGNC:36174,RPS15AP24,RPS15AP24,biolink:Gene,https://purl.humanatlas.io/graph/hra-pop
HGNC:36176,RPL23AP24,RPL23AP24,biolink:Gene,https://purl.humanatlas.io/graph/hra-pop
HGNC:36179,RPL4P4,RPL4P4,biolink:Gene,https://purl.humanatlas.io/graph/hra-pop
HGNC:36189,RPL21P40,RPL21P40,biolink:Gene,https://purl.humanatlas.io/graph/hra-pop
HGNC:3619,FCGR3A,FCGR3A,biolink:Gene,https://purl.humanatlas.io/graph/hra-pop
HGNC:362,AK2,AK2,biolink:Gene,https://purl.humanatlas.io/graph/hra-pop
HGNC:3620,FCGR3B,FCGR3B,biolink:Gene,https://purl.humanatlas.io/graph/hra-pop
HGNC:36208,RPS28P4,RPS28P4,biolink:Gene,https://purl.humanatlas.io/graph/hra-pop
HGNC:3621,FCGRT,FCGRT,biolink:Gene,https://purl.humanatlas.io/graph/hra-pop
HGNC:36223,RPL21P97,RPL21P97,biolink:Gene,https://purl.humanatlas.io/graph/hra-pop
HGNC:36225,RPL23P8,RPL23P8,biolink:Gene,https://purl.humanatlas.io/graph/hra-pop
HGNC:3623,FCN1,FCN1,biolink:Gene,https://purl.humanatlas.io/graph/hra-pop
HGNC:3625,FCN3,FCN3,biolink:Gene,https://purl.humanatlas.io/graph/hra-pop
HGNC:36258,RPL21P28,RPL21P28,biolink:Gene,https://purl.humanatlas.io/graph/hra-pop
HGNC:36260,RPL30P11,RPL30P11,biolink:Gene,https://purl.humanatlas.io/graph/hra-pop
HGNC:36263,RPL12P17,RPL12P17,biolink:Gene,https://purl.humanatlas.io/graph/hra-pop
HGNC:36272,RPL23AP23,RPL23AP23,biolink:Gene,https://purl.humanatlas.io/graph/hra-pop
HGNC:36287,RPS18P5,RPS18P5,biolink:Gene,https://purl.humanatlas.io/graph/hra-pop
HGNC:36289,RPL23AP65,RPL23AP65,biolink:Gene,https://purl.humanatlas.io/graph/hra-pop
HGNC:36291,RPS27P17,RPS27P17,biolink:Gene,https://purl.humanatlas.io/graph/hra-pop
HGNC:363,AK4,AK4,biolink:Gene,https://purl.humanatlas.io/graph/hra-pop
HGNC:3631,FDPS,FDPS,biolink:Gene,https://purl.humanatlas.io/graph/hra-pop
HGNC:36342,RPL11P3,RPL11P3,biolink:Gene,https://purl.humanatlas.io/graph/hra-pop
HGNC:36348,RPS24P17,RPS24P17,biolink:Gene,https://purl.humanatlas.io/graph/hra-pop
HGNC:36358,RPL7AP20,RPL7AP20,biolink:Gene,https://purl.humanatlas.io/graph/hra-pop
HGNC:36364,RPS13P2,RPS13P2,biolink:Gene,https://purl.humanatlas.io/graph/hra-pop
HGNC:36368,RPS26P47,RPS26P47,biolink:Gene,https://purl.humanatlas.io/graph/hra-pop
HGNC:36369,RPL34P27,RPL34P27,biolink:Gene,https://purl.humanatlas.io/graph/hra-pop
HGNC:36371,RPL21P27,RPL21P27,biolink:Gene,https://purl.humanatlas.io/graph/hra-pop
HGNC:36379,RPS20P22,RPS20P22,biolink:Gene,https://purl.humanatlas.io/graph/hra-pop
HGNC:3638,FDX1,FDX1,biolink:Gene,https://purl.humanatlas.io/graph/hra-pop
HGNC:36393,RPL26P19,RPL26P19,biolink:Gene,https://purl.humanatlas.io/graph/hra-pop
HGNC:36397,RPL21P98,RPL21P98,biolink:Gene,https://purl.humanatlas.io/graph/hra-pop
HGNC:36399,RPL6P13,RPL6P13,biolink:Gene,https://purl.humanatlas.io/graph/hra-pop
HGNC:36404,RPLP0P6,RPLP0P6,biolink:Gene,https://purl.humanatlas.io/graph/hra-pop
HGNC:36409,RPL24P8,RPL24P8,biolink:Gene,https://purl.humanatlas.io/graph/hra-pop
HGNC:36411,RPL21P87,RPL21P87,biolink:Gene,https://purl.humanatlas.io/graph/hra-pop
HGNC:36418,RPL9P32,RPL9P32,biolink:Gene,https://purl.humanatlas.io/graph/hra-pop
HGNC:3642,FDXR,FDXR,biolink:Gene,https://purl.humanatlas.io/graph/hra-pop
HGNC:36423,RPS10P7,RPS10P7,biolink:Gene,https://purl.humanatlas.io/graph/hra-pop
HGNC:36427,RPL17P39,RPL17P39,biolink:Gene,https://purl.humanatlas.io/graph/hra-pop
HGNC:36445,RPL9P28,RPL9P28,biolink:Gene,https://purl.humanatlas.io/graph/hra-pop
HGNC:36460,RPL21P75,RPL21P75,biolink:Gene,https://purl.humanatlas.io/graph/hra-pop
HGNC:36463,RPL5P34,RPL5P34,biolink:Gene,https://purl.humanatlas.io/graph/hra-pop
HGNC:3647,FECH,FECH,biolink:Gene,https://purl.humanatlas.io/graph/hra-pop
HGNC:36495,RPL12P14,RPL12P14,biolink:Gene,https://purl.humanatlas.io/graph/hra-pop
HGNC:36504,RPL10AP6,RPL10AP6,biolink:Gene,https://purl.humanatlas.io/graph/hra-pop
HGNC:36508,RPSAP19,RPSAP19,biolink:Gene,https://purl.humanatlas.io/graph/hra-pop
HGNC:36513,RPS3AP26,RPS3AP26,biolink:Gene,https://purl.humanatlas.io/graph/hra-pop
HGNC:36516,RPS27P29,RPS27P29,biolink:Gene,https://purl.humanatlas.io/graph/hra-pop
HGNC:36520,RPL17P6,RPL17P6,biolink:Gene,https://purl.humanatlas.io/graph/hra-pop
HGNC:36538,RPL17P18,RPL17P18,biolink:Gene,https://purl.humanatlas.io/graph/hra-pop
HGNC:3655,FER,FER,biolink:Gene,https://purl.humanatlas.io/graph/hra-pop
HGNC:36550,RPL21P22,RPL21P22,biolink:Gene,https://purl.humanatlas.io/graph/hra-pop
HGNC:36557,RPL5P9,RPL5P9,biolink:Gene,https://purl.humanatlas.io/graph/hra-pop
HGNC:3656,MYOF,MYOF,biolink:Gene,https://purl.humanatlas.io/graph/hra-pop
HGNC:3657,FES,FES,biolink:Gene,https://purl.humanatlas.io/graph/hra-pop
HGNC:36571,RPS26P58,RPS26P58,biolink:Gene,https://purl.humanatlas.io/graph/hra-pop
HGNC:36574,RPL21P53,RPL21P53,biolink:Gene,https://purl.humanatlas.io/graph/hra-pop
HGNC:36575,RPL6P10,RPL6P10,biolink:Gene,https://purl.humanatlas.io/graph/hra-pop
HGNC:36576,RPL23AP47,RPL23AP47,biolink:Gene,https://purl.humanatlas.io/graph/hra-pop
HGNC:3658,FETUB,FETUB,biolink:Gene,https://purl.humanatlas.io/graph/hra-pop
HGNC:3659,FEZ1,FEZ1,biolink:Gene,https://purl.humanatlas.io/graph/hra-pop
HGNC:36605,RPL5P17,RPL5P17,biolink:Gene,https://purl.humanatlas.io/graph/hra-pop
HGNC:36614,RPS26P31,RPS26P31,biolink:Gene,https://purl.humanatlas.io/graph/hra-pop
HGNC:3662,FGB,FGB,biolink:Gene,https://purl.humanatlas.io/graph/hra-pop
HGNC:3663,FGD1,FGD1,biolink:Gene,https://purl.humanatlas.io/graph/hra-pop
HGNC:36630,RPL7P26,RPL7P26,biolink:Gene,https://purl.humanatlas.io/graph/hra-pop
HGNC:3664,FGD2,FGD2,biolink:Gene,https://purl.humanatlas.io/graph/hra-pop
HGNC:3665,FGF1,FGF1,biolink:Gene,https://purl.humanatlas.io/graph/hra-pop
HGNC:3667,FGF11,FGF11,biolink:Gene,https://purl.humanatlas.io/graph/hra-pop
HGNC:36685,RPL26P36,RPL26P36,biolink:Gene,https://purl.humanatlas.io/graph/hra-pop
HGNC:36692,RPS20P14,RPS20P14,biolink:Gene,https://purl.humanatlas.io/graph/hra-pop
HGNC:36695,RPL35P1,RPL35P1,biolink:Gene,https://purl.humanatlas.io/graph/hra-pop
HGNC:3670,FGF13,FGF13,biolink:Gene,https://purl.humanatlas.io/graph/hra-pop
HGNC:3671,FGF14,FGF14,biolink:Gene,https://purl.humanatlas.io/graph/hra-pop
HGNC:36740,RPL7P15,RPL7P15,biolink:Gene,https://purl.humanatlas.io/graph/hra-pop
HGNC:36744,RPS3AP47,RPS3AP47,biolink:Gene,https://purl.humanatlas.io/graph/hra-pop
HGNC:36754,RPL6P19,RPL6P19,biolink:Gene,https://purl.humanatlas.io/graph/hra-pop
HGNC:36756,RPL17P34,RPL17P34,biolink:Gene,https://purl.humanatlas.io/graph/hra-pop
HGNC:36759,RPS15AP12,RPS15AP12,biolink:Gene,https://purl.humanatlas.io/graph/hra-pop
HGNC:3676,FGF2,FGF2,biolink:Gene,https://purl.humanatlas.io/graph/hra-pop
HGNC:36760,RPSAP61,RPSAP61,biolink:Gene,https://purl.humanatlas.io/graph/hra-pop
HGNC:36761,RPS3AP44,RPS3AP44,biolink:Gene,https://purl.humanatlas.io/graph/hra-pop
HGNC:3677,FGF20,FGF20,biolink:Gene,https://purl.humanatlas.io/graph/hra-pop
HGNC:36789,RPS4XP17,RPS4XP17,biolink:Gene,https://purl.humanatlas.io/graph/hra-pop
HGNC:3680,FGF23,FGF23,biolink:Gene,https://purl.humanatlas.io/graph/hra-pop
HGNC:36801,RPS3AP25,RPS3AP25,biolink:Gene,https://purl.humanatlas.io/graph/hra-pop
HGNC:36819,RPL3P10,RPL3P10,biolink:Gene,https://purl.humanatlas.io/graph/hra-pop
HGNC:36836,RPL4P2,RPL4P2,biolink:Gene,https://purl.humanatlas.io/graph/hra-pop
HGNC:36839,RPL3P9,RPL3P9,biolink:Gene,https://purl.humanatlas.io/graph/hra-pop
HGNC:36840,RPL6P25,RPL6P25,biolink:Gene,https://purl.humanatlas.io/graph/hra-pop
HGNC:36841,RPS3AP21,RPS3AP21,biolink:Gene,https://purl.humanatlas.io/graph/hra-pop
HGNC:3685,FGF7,FGF7,biolink:Gene,https://purl.humanatlas.io/graph/hra-pop
HGNC:36852,RPL15P17,RPL15P17,biolink:Gene,https://purl.humanatlas.io/graph/hra-pop
HGNC:36855,RPS27AP16,RPS27AP16,biolink:Gene,https://purl.humanatlas.io/graph/hra-pop
HGNC:36867,RPS27AP5,RPS27AP5,biolink:Gene,https://purl.humanatlas.io/graph/hra-pop
HGNC:3688,FGFR1,FGFR1,biolink:Gene,https://purl.humanatlas.io/graph/hra-pop
HGNC:36882,RPL10P16,RPL10P16,biolink:Gene,https://purl.humanatlas.io/graph/hra-pop
HGNC:36896,RPL23AP45,RPL23AP45,biolink:Gene,https://purl.humanatlas.io/graph/hra-pop
HGNC:3690,FGFR3,FGFR3,biolink:Gene,https://purl.humanatlas.io/graph/hra-pop
HGNC:36905,RPL29P11,RPL29P11,biolink:Gene,https://purl.humanatlas.io/graph/hra-pop
HGNC:3691,FGFR4,FGFR4,biolink:Gene,https://purl.humanatlas.io/graph/hra-pop
HGNC:36926,RPL12P16,RPL12P16,biolink:Gene,https://purl.humanatlas.io/graph/hra-pop
HGNC:36933,RPL15P22,RPL15P22,biolink:Gene,https://purl.humanatlas.io/graph/hra-pop
HGNC:36954,RPL9P18,RPL9P18,biolink:Gene,https://purl.humanatlas.io/graph/hra-pop
HGNC:3696,FGL2,FGL2,biolink:Gene,https://purl.humanatlas.io/graph/hra-pop
HGNC:36966,RPL13AP8,RPL13AP8,biolink:Gene,https://purl.humanatlas.io/graph/hra-pop
HGNC:36969,RPL36AP37,RPL36AP37,biolink:Gene,https://purl.humanatlas.io/graph/hra-pop
HGNC:3697,FGR,FGR,biolink:Gene,https://purl.humanatlas.io/graph/hra-pop
HGNC:36981,RPL13AP25,RPL13AP25,biolink:Gene,https://purl.humanatlas.io/graph/hra-pop
HGNC:36995,RPL31P17,RPL31P17,biolink:Gene,https://purl.humanatlas.io/graph/hra-pop
HGNC:370,AKAP12,AKAP12,biolink:Gene,https://purl.humanatlas.io/graph/hra-pop
HGNC:3700,FH,FH,biolink:Gene,https://purl.humanatlas.io/graph/hra-pop
HGNC:3701,FHIT,FHIT,biolink:Gene,https://purl.humanatlas.io/graph/hra-pop
HGNC:37013,RPS4XP11,RPS4XP11,biolink:Gene,https://purl.humanatlas.io/graph/hra-pop
HGNC:37016,RPS24P8,RPS24P8,biolink:Gene,https://purl.humanatlas.io/graph/hra-pop
HGNC:3702,FHL1,FHL1,biolink:Gene,https://purl.humanatlas.io/graph/hra-pop
HGNC:37028,RPL7P9,RPL7P9,biolink:Gene,https://purl.humanatlas.io/graph/hra-pop
HGNC:3703,FHL2,FHL2,biolink:Gene,https://purl.humanatlas.io/graph/hra-pop
HGNC:3704,FHL3,FHL3,biolink:Gene,https://purl.humanatlas.io/graph/hra-pop
HGNC:3706,ATP8B1,ATP8B1,biolink:Gene,https://purl.humanatlas.io/graph/hra-pop
HGNC:37073,CASTOR2,CASTOR2,biolink:Gene,https://purl.humanatlas.io/graph/hra-pop
HGNC:37078,CRNDE,CRNDE,biolink:Gene,https://purl.humanatlas.io/graph/hra-pop
HGNC:371,AKAP13,AKAP13,biolink:Gene,https://purl.humanatlas.io/graph/hra-pop
HGNC:3711,FKBP1A,FKBP1A,biolink:Gene,https://purl.humanatlas.io/graph/hra-pop
HGNC:37117,HOTAIRM1,HOTAIRM1,biolink:Gene,https://purl.humanatlas.io/graph/hra-pop
HGNC:3712,FKBP1B,FKBP1B,biolink:Gene,https://purl.humanatlas.io/graph/hra-pop
HGNC:37122,ADORA2A-AS1,ADORA2A-AS1,biolink:Gene,https://purl.humanatlas.io/graph/hra-pop
HGNC:37125,BACE1-AS,BACE1-AS,biolink:Gene,https://purl.humanatlas.io/graph/hra-pop
HGNC:37127,PTCSC1,PTCSC1,biolink:Gene,https://purl.humanatlas.io/graph/hra-pop
HGNC:37129,EGOT,EGOT,biolink:Gene,https://purl.humanatlas.io/graph/hra-pop
HGNC:37155,MTRNR2L1,MTRNR2L1,biolink:Gene,https://purl.humanatlas.io/graph/hra-pop
HGNC:37165,MTRNR2L8,MTRNR2L8,biolink:Gene,https://purl.humanatlas.io/graph/hra-pop
HGNC:37167,MTRNR2L10,MTRNR2L10,biolink:Gene,https://purl.humanatlas.io/graph/hra-pop
HGNC:37169,MTRNR2L12,MTRNR2L12,biolink:Gene,https://purl.humanatlas.io/graph/hra-pop
HGNC:3718,FKBP2,FKBP2,biolink:Gene,https://purl.humanatlas.io/graph/hra-pop
HGNC:37186,LINC02603,LINC02603,biolink:Gene,https://purl.humanatlas.io/graph/hra-pop
HGNC:37187,MIR31HG,MIR31HG,biolink:Gene,https://purl.humanatlas.io/graph/hra-pop
HGNC:37189,MIRLET7BHG,MIRLET7BHG,biolink:Gene,https://purl.humanatlas.io/graph/hra-pop
HGNC:3719,FKBP3,FKBP3,biolink:Gene,https://purl.humanatlas.io/graph/hra-pop
HGNC:37190,FTX,FTX,biolink:Gene,https://purl.humanatlas.io/graph/hra-pop
HGNC:37191,JPX,JPX,biolink:Gene,https://purl.humanatlas.io/graph/hra-pop
HGNC:3720,FKBP4,FKBP4,biolink:Gene,https://purl.humanatlas.io/graph/hra-pop
HGNC:37203,VWC2L,VWC2L,biolink:Gene,https://purl.humanatlas.io/graph/hra-pop
HGNC:37207,MFSD2B,MFSD2B,biolink:Gene,https://purl.humanatlas.io/graph/hra-pop
HGNC:3721,FKBP5,FKBP5,biolink:Gene,https://purl.humanatlas.io/graph/hra-pop
HGNC:37219,TMEM233,TMEM233,biolink:Gene,https://purl.humanatlas.io/graph/hra-pop
HGNC:37228,GOLGA6L10,GOLGA6L10,biolink:Gene,https://purl.humanatlas.io/graph/hra-pop
HGNC:37231,SHISA9,SHISA9,biolink:Gene,https://purl.humanatlas.io/graph/hra-pop
HGNC:37233,NPIPB5,NPIPB5,biolink:Gene,https://purl.humanatlas.io/graph/hra-pop
HGNC:37240,GRAPL,GRAPL,biolink:Gene,https://purl.humanatlas.io/graph/hra-pop
HGNC:37242,TEN1,TEN1,biolink:Gene,https://purl.humanatlas.io/graph/hra-pop
HGNC:37243,HSBP1L1,HSBP1L1,biolink:Gene,https://purl.humanatlas.io/graph/hra-pop
HGNC:37244,SMIM24,SMIM24,biolink:Gene,https://purl.humanatlas.io/graph/hra-pop
HGNC:37247,BORCS8,BORCS8,biolink:Gene,https://purl.humanatlas.io/graph/hra-pop
HGNC:37253,RFX8,RFX8,biolink:Gene,https://purl.humanatlas.io/graph/hra-pop
HGNC:37257,UQCC5,UQCC5,biolink:Gene,https://purl.humanatlas.io/graph/hra-pop
HGNC:37260,SMIM20,SMIM20,biolink:Gene,https://purl.humanatlas.io/graph/hra-pop
HGNC:37263,TMEM150C,TMEM150C,biolink:Gene,https://purl.humanatlas.io/graph/hra-pop
HGNC:37269,UBE2QL1,UBE2QL1,biolink:Gene,https://purl.humanatlas.io/graph/hra-pop
HGNC:37271,INSYN2B,INSYN2B,biolink:Gene,https://purl.humanatlas.io/graph/hra-pop
HGNC:37272,C5orf58,C5orf58,biolink:Gene,https://purl.humanatlas.io/graph/hra-pop
HGNC:37278,UPK3BL1,UPK3BL1,biolink:Gene,https://purl.humanatlas.io/graph/hra-pop
HGNC:37286,CCDC160,CCDC160,biolink:Gene,https://purl.humanatlas.io/graph/hra-pop
HGNC:37301,GUSBP3,GUSBP3,biolink:Gene,https://purl.humanatlas.io/graph/hra-pop
HGNC:3735,FOXS1,FOXS1,biolink:Gene,https://purl.humanatlas.io/graph/hra-pop
HGNC:37440,UBE2Q2P2,UBE2Q2P2,biolink:Gene,https://purl.humanatlas.io/graph/hra-pop
HGNC:37453,NPIPB11,NPIPB11,biolink:Gene,https://purl.humanatlas.io/graph/hra-pop
HGNC:37455,NPIPB10P,NPIPB10P,biolink:Gene,https://purl.humanatlas.io/graph/hra-pop
HGNC:37462,SNHG14,SNHG14,biolink:Gene,https://purl.humanatlas.io/graph/hra-pop
HGNC:3749,FLI1,FLI1,biolink:Gene,https://purl.humanatlas.io/graph/hra-pop
HGNC:37491,NPIPB12,NPIPB12,biolink:Gene,https://purl.humanatlas.io/graph/hra-pop
HGNC:37500,RNVU1-7,RNVU1-7,biolink:Gene,https://purl.humanatlas.io/graph/hra-pop
HGNC:37501,DNAJC25-GNG10,DNAJC25-GNG10,biolink:Gene,https://purl.humanatlas.io/graph/hra-pop
HGNC:3754,FLNA,FLNA,biolink:Gene,https://purl.humanatlas.io/graph/hra-pop
HGNC:3755,FLNB,FLNB,biolink:Gene,https://purl.humanatlas.io/graph/hra-pop
HGNC:3756,FLNC,FLNC,biolink:Gene,https://purl.humanatlas.io/graph/hra-pop
HGNC:3757,FLOT1,FLOT1,biolink:Gene,https://purl.humanatlas.io/graph/hra-pop
HGNC:3761,FLRT2,FLRT2,biolink:Gene,https://purl.humanatlas.io/graph/hra-pop
HGNC:3762,FLRT3,FLRT3,biolink:Gene,https://purl.humanatlas.io/graph/hra-pop
HGNC:3763,FLT1,FLT1,biolink:Gene,https://purl.humanatlas.io/graph/hra-pop
HGNC:37639,FTH1P20,FTH1P20,biolink:Gene,https://purl.humanatlas.io/graph/hra-pop
HGNC:37641,FTH1P23,FTH1P23,biolink:Gene,https://purl.humanatlas.io/graph/hra-pop
HGNC:3765,FLT3,FLT3,biolink:Gene,https://purl.humanatlas.io/graph/hra-pop
HGNC:3767,FLT4,FLT4,biolink:Gene,https://purl.humanatlas.io/graph/hra-pop
HGNC:3768,FMN1,FMN1,biolink:Gene,https://purl.humanatlas.io/graph/hra-pop
HGNC:3769,FMO1,FMO1,biolink:Gene,https://purl.humanatlas.io/graph/hra-pop
HGNC:37700,CDH12P4,CDH12P4,biolink:Gene,https://purl.humanatlas.io/graph/hra-pop
HGNC:37703,PTCHD1-AS,PTCHD1-AS,biolink:Gene,https://purl.humanatlas.io/graph/hra-pop
HGNC:37708,RHPN2P1,RHPN2P1,biolink:Gene,https://purl.humanatlas.io/graph/hra-pop
HGNC:3773,FMO5,FMO5,biolink:Gene,https://purl.humanatlas.io/graph/hra-pop
HGNC:3774,FMOD,FMOD,biolink:Gene,https://purl.humanatlas.io/graph/hra-pop
HGNC:3775,FMR1,FMR1,biolink:Gene,https://purl.humanatlas.io/graph/hra-pop
HGNC:3778,FN1,FN1,biolink:Gene,https://purl.humanatlas.io/graph/hra-pop
HGNC:37797,GAPDHP40,GAPDHP40,biolink:Gene,https://purl.humanatlas.io/graph/hra-pop
HGNC:3782,FNTA,FNTA,biolink:Gene,https://purl.humanatlas.io/graph/hra-pop
HGNC:37836,RHOQP2,RHOQP2,biolink:Gene,https://purl.humanatlas.io/graph/hra-pop
HGNC:37866,GLYATL1P1,GLYATL1P1,biolink:Gene,https://purl.humanatlas.io/graph/hra-pop
HGNC:3788,FOLH1,FOLH1,biolink:Gene,https://purl.humanatlas.io/graph/hra-pop
HGNC:37892,EEF1A1P19,EEF1A1P19,biolink:Gene,https://purl.humanatlas.io/graph/hra-pop
HGNC:37895,EEF1A1P22,EEF1A1P22,biolink:Gene,https://purl.humanatlas.io/graph/hra-pop
HGNC:37898,EEF1A1P25,EEF1A1P25,biolink:Gene,https://purl.humanatlas.io/graph/hra-pop
HGNC:379,AKAP9,AKAP9,biolink:Gene,https://purl.humanatlas.io/graph/hra-pop
HGNC:37904,EEF1A1P29,EEF1A1P29,biolink:Gene,https://purl.humanatlas.io/graph/hra-pop
HGNC:3791,FOLR1,FOLR1,biolink:Gene,https://purl.humanatlas.io/graph/hra-pop
HGNC:3793,FOLR2,FOLR2,biolink:Gene,https://purl.humanatlas.io/graph/hra-pop
HGNC:37931,ATXN7L3B,ATXN7L3B,biolink:Gene,https://purl.humanatlas.io/graph/hra-pop
HGNC:3796,FOS,FOS,biolink:Gene,https://purl.humanatlas.io/graph/hra-pop
HGNC:3797,FOSB,FOSB,biolink:Gene,https://purl.humanatlas.io/graph/hra-pop
HGNC:3798,FOSL2,FOSL2,biolink:Gene,https://purl.humanatlas.io/graph/hra-pop
HGNC:38,ABCA8,ABCA8,biolink:Gene,https://purl.humanatlas.io/graph/hra-pop
HGNC:380,AKR1A1,AKR1A1,biolink:Gene,https://purl.humanatlas.io/graph/hra-pop
HGNC:3800,FOXC1,FOXC1,biolink:Gene,https://purl.humanatlas.io/graph/hra-pop
HGNC:38007,NAP1L1P3,NAP1L1P3,biolink:Gene,https://purl.humanatlas.io/graph/hra-pop
HGNC:3801,FOXC2,FOXC2,biolink:Gene,https://purl.humanatlas.io/graph/hra-pop
HGNC:38038,SEPTIN7P3,SEPTIN7P3,biolink:Gene,https://purl.humanatlas.io/graph/hra-pop
HGNC:38043,SEPTIN7P7,SEPTIN7P7,biolink:Gene,https://purl.humanatlas.io/graph/hra-pop
HGNC:38086,ARHGEF34P,ARHGEF34P,biolink:Gene,https://purl.humanatlas.io/graph/hra-pop
HGNC:38087,NSRP1P1,NSRP1P1,biolink:Gene,https://purl.humanatlas.io/graph/hra-pop
HGNC:3809,FOXF1,FOXF1,biolink:Gene,https://purl.humanatlas.io/graph/hra-pop
HGNC:381,AKR1B1,AKR1B1,biolink:Gene,https://purl.humanatlas.io/graph/hra-pop
HGNC:3815,FOXI1,FOXI1,biolink:Gene,https://purl.humanatlas.io/graph/hra-pop
HGNC:38155,ELOCP19,ELOCP19,biolink:Gene,https://purl.humanatlas.io/graph/hra-pop
HGNC:3818,FOXM1,FOXM1,biolink:Gene,https://purl.humanatlas.io/graph/hra-pop
HGNC:3819,FOXO1,FOXO1,biolink:Gene,https://purl.humanatlas.io/graph/hra-pop
HGNC:3821,FOXO3,FOXO3,biolink:Gene,https://purl.humanatlas.io/graph/hra-pop
HGNC:3823,FOXP1,FOXP1,biolink:Gene,https://purl.humanatlas.io/graph/hra-pop
HGNC:3824,FPGS,FPGS,biolink:Gene,https://purl.humanatlas.io/graph/hra-pop
HGNC:3826,FPR1,FPR1,biolink:Gene,https://purl.humanatlas.io/graph/hra-pop
HGNC:3828,FPR3,FPR3,biolink:Gene,https://purl.humanatlas.io/graph/hra-pop
HGNC:384,AKR1C1,AKR1C1,biolink:Gene,https://purl.humanatlas.io/graph/hra-pop
HGNC:38408,ZNF736P9Y,ZNF736P9Y,biolink:Gene,https://purl.humanatlas.io/graph/hra-pop
HGNC:385,AKR1C2,AKR1C2,biolink:Gene,https://purl.humanatlas.io/graph/hra-pop
HGNC:38572,BTF3P8,BTF3P8,biolink:Gene,https://purl.humanatlas.io/graph/hra-pop
HGNC:38656,CBX1P2,CBX1P2,biolink:Gene,https://purl.humanatlas.io/graph/hra-pop
HGNC:38663,LINC00276,LINC00276,biolink:Gene,https://purl.humanatlas.io/graph/hra-pop
HGNC:38664,NF1P2,NF1P2,biolink:Gene,https://purl.humanatlas.io/graph/hra-pop
HGNC:38675,C11orf96,C11orf96,biolink:Gene,https://purl.humanatlas.io/graph/hra-pop
HGNC:38709,ZNF891,ZNF891,biolink:Gene,https://purl.humanatlas.io/graph/hra-pop
HGNC:38712,LINC00278,LINC00278,biolink:Gene,https://purl.humanatlas.io/graph/hra-pop
HGNC:38788,ST13P13,ST13P13,biolink:Gene,https://purl.humanatlas.io/graph/hra-pop
HGNC:38824,ARPIN-AP3S2,ARPIN-AP3S2,biolink:Gene,https://purl.humanatlas.io/graph/hra-pop
HGNC:38842,IQCJ-SCHIP1,IQCJ-SCHIP1,biolink:Gene,https://purl.humanatlas.io/graph/hra-pop
HGNC:38847,RNF103-CHMP3,RNF103-CHMP3,biolink:Gene,https://purl.humanatlas.io/graph/hra-pop
HGNC:38856,ABHD14A-ACY1,ABHD14A-ACY1,biolink:Gene,https://purl.humanatlas.io/graph/hra-pop
HGNC:389,AKR7A2,AKR7A2,biolink:Gene,https://purl.humanatlas.io/graph/hra-pop
HGNC:39,ABCA9,ABCA9,biolink:Gene,https://purl.humanatlas.io/graph/hra-pop
HGNC:390,AKR7A3,AKR7A3,biolink:Gene,https://purl.humanatlas.io/graph/hra-pop
HGNC:39079,ESRG,ESRG,biolink:Gene,https://purl.humanatlas.io/graph/hra-pop
HGNC:39103,HMGB1P20,HMGB1P20,biolink:Gene,https://purl.humanatlas.io/graph/hra-pop
HGNC:39115,HMGB1P24,HMGB1P24,biolink:Gene,https://purl.humanatlas.io/graph/hra-pop
HGNC:39188,HMGB1P41,HMGB1P41,biolink:Gene,https://purl.humanatlas.io/graph/hra-pop
HGNC:39192,OOEP-AS1,OOEP-AS1,biolink:Gene,https://purl.humanatlas.io/graph/hra-pop
HGNC:392,AKT2,AKT2,biolink:Gene,https://purl.humanatlas.io/graph/hra-pop
HGNC:39252,MRPS31P2,MRPS31P2,biolink:Gene,https://purl.humanatlas.io/graph/hra-pop
HGNC:393,AKT3,AKT3,biolink:Gene,https://purl.humanatlas.io/graph/hra-pop
HGNC:39389,HMGN2P24,HMGN2P24,biolink:Gene,https://purl.humanatlas.io/graph/hra-pop
HGNC:39418,BASP1P1,BASP1P1,biolink:Gene,https://purl.humanatlas.io/graph/hra-pop
HGNC:39467,MTND6P4,MTND6P4,biolink:Gene,https://purl.humanatlas.io/graph/hra-pop
HGNC:39520,DUTP7,DUTP7,biolink:Gene,https://purl.humanatlas.io/graph/hra-pop
HGNC:39522,MIR100HG,MIR100HG,biolink:Gene,https://purl.humanatlas.io/graph/hra-pop
HGNC:39524,MIR210HG,MIR210HG,biolink:Gene,https://purl.humanatlas.io/graph/hra-pop
HGNC:3955,FRK,FRK,biolink:Gene,https://purl.humanatlas.io/graph/hra-pop
HGNC:39551,NEDD8-MDP1,NEDD8-MDP1,biolink:Gene,https://purl.humanatlas.io/graph/hra-pop
HGNC:3959,FRZB,FRZB,biolink:Gene,https://purl.humanatlas.io/graph/hra-pop
HGNC:396,ALAS1,ALAS1,biolink:Gene,https://purl.humanatlas.io/graph/hra-pop
HGNC:39603,PAXBP1-AS1,PAXBP1-AS1,biolink:Gene,https://purl.humanatlas.io/graph/hra-pop
HGNC:3961,FSCN3,FSCN3,biolink:Gene,https://purl.humanatlas.io/graph/hra-pop
HGNC:397,ALAS2,ALAS2,biolink:Gene,https://purl.humanatlas.io/graph/hra-pop
HGNC:3972,FSTL1,FSTL1,biolink:Gene,https://purl.humanatlas.io/graph/hra-pop
HGNC:3973,FSTL3,FSTL3,biolink:Gene,https://purl.humanatlas.io/graph/hra-pop
HGNC:3974,FTCD,FTCD,biolink:Gene,https://purl.humanatlas.io/graph/hra-pop
HGNC:3976,FTH1,FTH1,biolink:Gene,https://purl.humanatlas.io/graph/hra-pop
HGNC:3978,ALDH1L1,ALDH1L1,biolink:Gene,https://purl.humanatlas.io/graph/hra-pop
HGNC:39784,PSMC1P9,PSMC1P9,biolink:Gene,https://purl.humanatlas.io/graph/hra-pop
HGNC:39796,MARK2P5,MARK2P5,biolink:Gene,https://purl.humanatlas.io/graph/hra-pop
HGNC:3980,FTH1P10,FTH1P10,biolink:Gene,https://purl.humanatlas.io/graph/hra-pop
HGNC:39825,MCF2L-AS1,MCF2L-AS1,biolink:Gene,https://purl.humanatlas.io/graph/hra-pop
HGNC:39826,GAS6-AS1,GAS6-AS1,biolink:Gene,https://purl.humanatlas.io/graph/hra-pop
HGNC:39839,PCOTH,PCOTH,biolink:Gene,https://purl.humanatlas.io/graph/hra-pop
HGNC:3986,FTH1P16,FTH1P16,biolink:Gene,https://purl.humanatlas.io/graph/hra-pop
HGNC:39877,KRT8P43,KRT8P43,biolink:Gene,https://purl.humanatlas.io/graph/hra-pop
HGNC:39886,GPC5-AS1,GPC5-AS1,biolink:Gene,https://purl.humanatlas.io/graph/hra-pop
HGNC:39887,GPC5-AS2,GPC5-AS2,biolink:Gene,https://purl.humanatlas.io/graph/hra-pop
HGNC:39889,DCUN1D2-AS,DCUN1D2-AS,biolink:Gene,https://purl.humanatlas.io/graph/hra-pop
HGNC:3989,FTH1P2,FTH1P2,biolink:Gene,https://purl.humanatlas.io/graph/hra-pop
HGNC:39896,PCDH9-AS2,PCDH9-AS2,biolink:Gene,https://purl.humanatlas.io/graph/hra-pop
HGNC:39898,CPB2-AS1,CPB2-AS1,biolink:Gene,https://purl.humanatlas.io/graph/hra-pop
HGNC:399,ALB,ALB,biolink:Gene,https://purl.humanatlas.io/graph/hra-pop
HGNC:3990,FTH1P3,FTH1P3,biolink:Gene,https://purl.humanatlas.io/graph/hra-pop
HGNC:39901,PCCA-AS1,PCCA-AS1,biolink:Gene,https://purl.humanatlas.io/graph/hra-pop
HGNC:39903,RPS7P10,RPS7P10,biolink:Gene,https://purl.humanatlas.io/graph/hra-pop
HGNC:39907,CLDN10-AS1,CLDN10-AS1,biolink:Gene,https://purl.humanatlas.io/graph/hra-pop
HGNC:39909,GPC6-AS1,GPC6-AS1,biolink:Gene,https://purl.humanatlas.io/graph/hra-pop
HGNC:39910,GPC6-AS2,GPC6-AS2,biolink:Gene,https://purl.humanatlas.io/graph/hra-pop
HGNC:39912,LATS2-AS1,LATS2-AS1,biolink:Gene,https://purl.humanatlas.io/graph/hra-pop
HGNC:39913,MYO16-AS1,MYO16-AS1,biolink:Gene,https://purl.humanatlas.io/graph/hra-pop
HGNC:3994,FTH1P7,FTH1P7,biolink:Gene,https://purl.humanatlas.io/graph/hra-pop
HGNC:3995,FTH1P8,FTH1P8,biolink:Gene,https://purl.humanatlas.io/graph/hra-pop
HGNC:3996,FTH1P5,FTH1P5,biolink:Gene,https://purl.humanatlas.io/graph/hra-pop
HGNC:39967,RNASEH2B-AS1,RNASEH2B-AS1,biolink:Gene,https://purl.humanatlas.io/graph/hra-pop
HGNC:39978,FXYD6-FXYD2,FXYD6-FXYD2,biolink:Gene,https://purl.humanatlas.io/graph/hra-pop
HGNC:39982,SMARCA5-AS1,SMARCA5-AS1,biolink:Gene,https://purl.humanatlas.io/graph/hra-pop
HGNC:39985,CNTN4-AS1,CNTN4-AS1,biolink:Gene,https://purl.humanatlas.io/graph/hra-pop
HGNC:39988,RBMS3-AS2,RBMS3-AS2,biolink:Gene,https://purl.humanatlas.io/graph/hra-pop
HGNC:39989,RBMS3-AS3,RBMS3-AS3,biolink:Gene,https://purl.humanatlas.io/graph/hra-pop
HGNC:3999,FTL,FTL,biolink:Gene,https://purl.humanatlas.io/graph/hra-pop
HGNC:39993,ARAP1-AS1,ARAP1-AS1,biolink:Gene,https://purl.humanatlas.io/graph/hra-pop
HGNC:40,ABCB1,ABCB1,biolink:Gene,https://purl.humanatlas.io/graph/hra-pop
HGNC:400,ALCAM,ALCAM,biolink:Gene,https://purl.humanatlas.io/graph/hra-pop
HGNC:4000,FTLP3,FTLP3,biolink:Gene,https://purl.humanatlas.io/graph/hra-pop
HGNC:40005,TRAF3IP2-AS1,TRAF3IP2-AS1,biolink:Gene,https://purl.humanatlas.io/graph/hra-pop
HGNC:40007,BACH1-IT2,BACH1-IT2,biolink:Gene,https://purl.humanatlas.io/graph/hra-pop
HGNC:40021,TMEM35B,TMEM35B,biolink:Gene,https://purl.humanatlas.io/graph/hra-pop
HGNC:40022,IFITM10,IFITM10,biolink:Gene,https://purl.humanatlas.io/graph/hra-pop
HGNC:40024,ANHX,ANHX,biolink:Gene,https://purl.humanatlas.io/graph/hra-pop
HGNC:40030,SMIM5,SMIM5,biolink:Gene,https://purl.humanatlas.io/graph/hra-pop
HGNC:40032,SMIM6,SMIM6,biolink:Gene,https://purl.humanatlas.io/graph/hra-pop
HGNC:40038,PET100,PET100,biolink:Gene,https://purl.humanatlas.io/graph/hra-pop
HGNC:40042,TMEM238,TMEM238,biolink:Gene,https://purl.humanatlas.io/graph/hra-pop
HGNC:40053,PVALEF,PVALEF,biolink:Gene,https://purl.humanatlas.io/graph/hra-pop
HGNC:4006,FUCA1,FUCA1,biolink:Gene,https://purl.humanatlas.io/graph/hra-pop
HGNC:40076,ANK2-AS1,ANK2-AS1,biolink:Gene,https://purl.humanatlas.io/graph/hra-pop
HGNC:4008,FUCA2,FUCA2,biolink:Gene,https://purl.humanatlas.io/graph/hra-pop
HGNC:40091,MAGI1-AS1,MAGI1-AS1,biolink:Gene,https://purl.humanatlas.io/graph/hra-pop
HGNC:40095,BCL2L1-AS1,BCL2L1-AS1,biolink:Gene,https://purl.humanatlas.io/graph/hra-pop
HGNC:4010,FUS,FUS,biolink:Gene,https://purl.humanatlas.io/graph/hra-pop
HGNC:40149,CHN2-AS1,CHN2-AS1,biolink:Gene,https://purl.humanatlas.io/graph/hra-pop
HGNC:40155,COL18A1-AS2,COL18A1-AS2,biolink:Gene,https://purl.humanatlas.io/graph/hra-pop
HGNC:40156,COL4A2-AS1,COL4A2-AS1,biolink:Gene,https://purl.humanatlas.io/graph/hra-pop
HGNC:40160,CR1-AS1,CR1-AS1,biolink:Gene,https://purl.humanatlas.io/graph/hra-pop
HGNC:40163,VCAN-AS1,VCAN-AS1,biolink:Gene,https://purl.humanatlas.io/graph/hra-pop
HGNC:4017,FUT6,FUT6,biolink:Gene,https://purl.humanatlas.io/graph/hra-pop
HGNC:40179,DLG2-AS2,DLG2-AS2,biolink:Gene,https://purl.humanatlas.io/graph/hra-pop
HGNC:4019,FUT8,FUT8,biolink:Gene,https://purl.humanatlas.io/graph/hra-pop
HGNC:402,ALDH1A1,ALDH1A1,biolink:Gene,https://purl.humanatlas.io/graph/hra-pop
HGNC:4020,FUT9,FUT9,biolink:Gene,https://purl.humanatlas.io/graph/hra-pop
HGNC:40212,ELN-AS1,ELN-AS1,biolink:Gene,https://purl.humanatlas.io/graph/hra-pop
HGNC:4025,FXYD1,FXYD1,biolink:Gene,https://purl.humanatlas.io/graph/hra-pop
HGNC:4026,FXYD2,FXYD2,biolink:Gene,https://purl.humanatlas.io/graph/hra-pop
HGNC:4027,FXYD3,FXYD3,biolink:Gene,https://purl.humanatlas.io/graph/hra-pop
HGNC:4028,FXYD4,FXYD4,biolink:Gene,https://purl.humanatlas.io/graph/hra-pop
HGNC:40283,HOXB-AS3,HOXB-AS3,biolink:Gene,https://purl.humanatlas.io/graph/hra-pop
HGNC:40284,HOXB-AS2,HOXB-AS2,biolink:Gene,https://purl.humanatlas.io/graph/hra-pop
HGNC:4029,FXYD5,FXYD5,biolink:Gene,https://purl.humanatlas.io/graph/hra-pop
HGNC:40292,IDH1-AS1,IDH1-AS1,biolink:Gene,https://purl.humanatlas.io/graph/hra-pop
HGNC:40298,IL20RB-AS1,IL20RB-AS1,biolink:Gene,https://purl.humanatlas.io/graph/hra-pop
HGNC:4030,FXYD6,FXYD6,biolink:Gene,https://purl.humanatlas.io/graph/hra-pop
HGNC:40306,ITGA2-AS1,ITGA2-AS1,biolink:Gene,https://purl.humanatlas.io/graph/hra-pop
HGNC:40325,KIF5C-AS1,KIF5C-AS1,biolink:Gene,https://purl.humanatlas.io/graph/hra-pop
HGNC:40336,LARGE-AS1,LARGE-AS1,biolink:Gene,https://purl.humanatlas.io/graph/hra-pop
HGNC:40341,LHFPL3-AS1,LHFPL3-AS1,biolink:Gene,https://purl.humanatlas.io/graph/hra-pop
HGNC:40345,LNX1-AS1,LNX1-AS1,biolink:Gene,https://purl.humanatlas.io/graph/hra-pop
HGNC:4035,ACKR1,ACKR1,biolink:Gene,https://purl.humanatlas.io/graph/hra-pop
HGNC:40350,LSAMP-AS1,LSAMP-AS1,biolink:Gene,https://purl.humanatlas.io/graph/hra-pop
HGNC:40352,LINC00901,LINC00901,biolink:Gene,https://purl.humanatlas.io/graph/hra-pop
HGNC:40358,MAP3K5-AS1,MAP3K5-AS1,biolink:Gene,https://purl.humanatlas.io/graph/hra-pop
HGNC:40359,MAPK10-AS1,MAPK10-AS1,biolink:Gene,https://purl.humanatlas.io/graph/hra-pop
HGNC:4036,FYB1,FYB1,biolink:Gene,https://purl.humanatlas.io/graph/hra-pop
HGNC:40368,MECOM-AS1,MECOM-AS1,biolink:Gene,https://purl.humanatlas.io/graph/hra-pop
HGNC:4037,FYN,FYN,biolink:Gene,https://purl.humanatlas.io/graph/hra-pop
HGNC:40374,MKLN1-AS,MKLN1-AS,biolink:Gene,https://purl.humanatlas.io/graph/hra-pop
HGNC:40376,MME-AS1,MME-AS1,biolink:Gene,https://purl.humanatlas.io/graph/hra-pop
HGNC:4038,FZD1,FZD1,biolink:Gene,https://purl.humanatlas.io/graph/hra-pop
HGNC:404,ALDH2,ALDH2,biolink:Gene,https://purl.humanatlas.io/graph/hra-pop
HGNC:40410,FGD5-AS1,FGD5-AS1,biolink:Gene,https://purl.humanatlas.io/graph/hra-pop
HGNC:40425,PBX1-AS1,PBX1-AS1,biolink:Gene,https://purl.humanatlas.io/graph/hra-pop
HGNC:40427,PCDH9-AS3,PCDH9-AS3,biolink:Gene,https://purl.humanatlas.io/graph/hra-pop
HGNC:40441,PDK1-AS1,PDK1-AS1,biolink:Gene,https://purl.humanatlas.io/graph/hra-pop
HGNC:4045,FZD7,FZD7,biolink:Gene,https://purl.humanatlas.io/graph/hra-pop
HGNC:40450,PLCG1-AS1,PLCG1-AS1,biolink:Gene,https://purl.humanatlas.io/graph/hra-pop
HGNC:40468,PRKAG2-AS1,PRKAG2-AS1,biolink:Gene,https://purl.humanatlas.io/graph/hra-pop
HGNC:40472,PRKAR2B-AS1,PRKAR2B-AS1,biolink:Gene,https://purl.humanatlas.io/graph/hra-pop
HGNC:40478,PRKG2-AS1,PRKG2-AS1,biolink:Gene,https://purl.humanatlas.io/graph/hra-pop
HGNC:40499,RASGRF2-AS1,RASGRF2-AS1,biolink:Gene,https://purl.humanatlas.io/graph/hra-pop
HGNC:40501,RERE-AS1,RERE-AS1,biolink:Gene,https://purl.humanatlas.io/graph/hra-pop
HGNC:40513,RUNX3-AS1,RUNX3-AS1,biolink:Gene,https://purl.humanatlas.io/graph/hra-pop
HGNC:40517,CAVIN2-AS1,CAVIN2-AS1,biolink:Gene,https://purl.humanatlas.io/graph/hra-pop
HGNC:40525,PDXP-DT,PDXP-DT,biolink:Gene,https://purl.humanatlas.io/graph/hra-pop
HGNC:4053,ISG15,ISG15,biolink:Gene,https://purl.humanatlas.io/graph/hra-pop
HGNC:40538,MIR3936HG,MIR3936HG,biolink:Gene,https://purl.humanatlas.io/graph/hra-pop
HGNC:4054,IFI6,IFI6,biolink:Gene,https://purl.humanatlas.io/graph/hra-pop
HGNC:40540,SLC24A3-AS1,SLC24A3-AS1,biolink:Gene,https://purl.humanatlas.io/graph/hra-pop
HGNC:40546,SLC6A1-AS1,SLC6A1-AS1,biolink:Gene,https://purl.humanatlas.io/graph/hra-pop
HGNC:4055,XRCC6,XRCC6,biolink:Gene,https://purl.humanatlas.io/graph/hra-pop
HGNC:40550,SLC9A3-AS1,SLC9A3-AS1,biolink:Gene,https://purl.humanatlas.io/graph/hra-pop
HGNC:40551,SLIT3-AS2,SLIT3-AS2,biolink:Gene,https://purl.humanatlas.io/graph/hra-pop
HGNC:40553,SLIT3-AS1,SLIT3-AS1,biolink:Gene,https://purl.humanatlas.io/graph/hra-pop
HGNC:4056,G6PC1,G6PC1,biolink:Gene,https://purl.humanatlas.io/graph/hra-pop
HGNC:40563,SPTBN1-AS2,SPTBN1-AS2,biolink:Gene,https://purl.humanatlas.io/graph/hra-pop
HGNC:40589,TNS1-AS1,TNS1-AS1,biolink:Gene,https://purl.humanatlas.io/graph/hra-pop
HGNC:40595,TTC3-AS1,TTC3-AS1,biolink:Gene,https://purl.humanatlas.io/graph/hra-pop
HGNC:406,ALDH4A1,ALDH4A1,biolink:Gene,https://purl.humanatlas.io/graph/hra-pop
HGNC:4061,SLC37A4,SLC37A4,biolink:Gene,https://purl.humanatlas.io/graph/hra-pop
HGNC:40612,WARS2-AS1,WARS2-AS1,biolink:Gene,https://purl.humanatlas.io/graph/hra-pop
HGNC:40625,ADAMTS9-AS1,ADAMTS9-AS1,biolink:Gene,https://purl.humanatlas.io/graph/hra-pop
HGNC:40640,ZBTB20-AS1,ZBTB20-AS1,biolink:Gene,https://purl.humanatlas.io/graph/hra-pop
HGNC:4066,GAB1,GAB1,biolink:Gene,https://purl.humanatlas.io/graph/hra-pop
HGNC:4067,GABARAP,GABARAP,biolink:Gene,https://purl.humanatlas.io/graph/hra-pop
HGNC:40676,NLGN1-AS1,NLGN1-AS1,biolink:Gene,https://purl.humanatlas.io/graph/hra-pop
HGNC:4068,GABARAPL1,GABARAPL1,biolink:Gene,https://purl.humanatlas.io/graph/hra-pop
HGNC:40683,C1QTNF7-AS1,C1QTNF7-AS1,biolink:Gene,https://purl.humanatlas.io/graph/hra-pop
HGNC:40691,TINAG-AS1,TINAG-AS1,biolink:Gene,https://purl.humanatlas.io/graph/hra-pop
HGNC:40696,PPP1R9A-AS1,PPP1R9A-AS1,biolink:Gene,https://purl.humanatlas.io/graph/hra-pop
HGNC:40699,SNX9-AS1,SNX9-AS1,biolink:Gene,https://purl.humanatlas.io/graph/hra-pop
HGNC:4070,GABBR1,GABBR1,biolink:Gene,https://purl.humanatlas.io/graph/hra-pop
HGNC:40702,CACNA2D3-AS1,CACNA2D3-AS1,biolink:Gene,https://purl.humanatlas.io/graph/hra-pop
HGNC:40728,BTBD3-AS1,BTBD3-AS1,biolink:Gene,https://purl.humanatlas.io/graph/hra-pop
HGNC:40751,OCIAD1-AS1,OCIAD1-AS1,biolink:Gene,https://purl.humanatlas.io/graph/hra-pop
HGNC:40797,ADAMTS19-AS1,ADAMTS19-AS1,biolink:Gene,https://purl.humanatlas.io/graph/hra-pop
HGNC:408,ALDH5A1,ALDH5A1,biolink:Gene,https://purl.humanatlas.io/graph/hra-pop
HGNC:4081,GABRB1,GABRB1,biolink:Gene,https://purl.humanatlas.io/graph/hra-pop
HGNC:40816,RHOQ-AS1,RHOQ-AS1,biolink:Gene,https://purl.humanatlas.io/graph/hra-pop
HGNC:40830,DAAM2-AS1,DAAM2-AS1,biolink:Gene,https://purl.humanatlas.io/graph/hra-pop
HGNC:4086,GABRG1,GABRG1,biolink:Gene,https://purl.humanatlas.io/graph/hra-pop
HGNC:40862,MAGI2-AS3,MAGI2-AS3,biolink:Gene,https://purl.humanatlas.io/graph/hra-pop
HGNC:40864,ADGRF5-AS1,ADGRF5-AS1,biolink:Gene,https://purl.humanatlas.io/graph/hra-pop
HGNC:4088,GABRG3,GABRG3,biolink:Gene,https://purl.humanatlas.io/graph/hra-pop
HGNC:4089,GABRP,GABRP,biolink:Gene,https://purl.humanatlas.io/graph/hra-pop
HGNC:40892,IPO9-AS1,IPO9-AS1,biolink:Gene,https://purl.humanatlas.io/graph/hra-pop
HGNC:40916,PRICKLE2-AS1,PRICKLE2-AS1,biolink:Gene,https://purl.humanatlas.io/graph/hra-pop
HGNC:40925,DHDDS-AS1,DHDDS-AS1,biolink:Gene,https://purl.humanatlas.io/graph/hra-pop
HGNC:40949,ARHGAP15-AS1,ARHGAP15-AS1,biolink:Gene,https://purl.humanatlas.io/graph/hra-pop
HGNC:4095,GADD45A,GADD45A,biolink:Gene,https://purl.humanatlas.io/graph/hra-pop
HGNC:4096,GADD45B,GADD45B,biolink:Gene,https://purl.humanatlas.io/graph/hra-pop
HGNC:4097,GADD45G,GADD45G,biolink:Gene,https://purl.humanatlas.io/graph/hra-pop
HGNC:41004,PDLIM7-AS1,PDLIM7-AS1,biolink:Gene,https://purl.humanatlas.io/graph/hra-pop
HGNC:41009,OSGEPL1-AS1,OSGEPL1-AS1,biolink:Gene,https://purl.humanatlas.io/graph/hra-pop
HGNC:41015,NAALADL2-AS2,NAALADL2-AS2,biolink:Gene,https://purl.humanatlas.io/graph/hra-pop
HGNC:41049,NEPRO-AS1,NEPRO-AS1,biolink:Gene,https://purl.humanatlas.io/graph/hra-pop
HGNC:41067,MFF-DT,MFF-DT,biolink:Gene,https://purl.humanatlas.io/graph/hra-pop
HGNC:41081,SGO1-AS1,SGO1-AS1,biolink:Gene,https://purl.humanatlas.io/graph/hra-pop
HGNC:41087,MMADHC-DT,MMADHC-DT,biolink:Gene,https://purl.humanatlas.io/graph/hra-pop
HGNC:41106,SDAD1-AS1,SDAD1-AS1,biolink:Gene,https://purl.humanatlas.io/graph/hra-pop
HGNC:41116,TRMT2B-AS1,TRMT2B-AS1,biolink:Gene,https://purl.humanatlas.io/graph/hra-pop
HGNC:41126,SIDT1-AS1,SIDT1-AS1,biolink:Gene,https://purl.humanatlas.io/graph/hra-pop
HGNC:4113,GAK,GAK,biolink:Gene,https://purl.humanatlas.io/graph/hra-pop
HGNC:41136,ZNF385D-AS1,ZNF385D-AS1,biolink:Gene,https://purl.humanatlas.io/graph/hra-pop
HGNC:4115,GALC,GALC,biolink:Gene,https://purl.humanatlas.io/graph/hra-pop
HGNC:41150,RMDN2-AS1,RMDN2-AS1,biolink:Gene,https://purl.humanatlas.io/graph/hra-pop
HGNC:41158,MYOM3-AS1,MYOM3-AS1,biolink:Gene,https://purl.humanatlas.io/graph/hra-pop
HGNC:41174,ZBTB47-AS1,ZBTB47-AS1,biolink:Gene,https://purl.humanatlas.io/graph/hra-pop
HGNC:4119,GALK2,GALK2,biolink:Gene,https://purl.humanatlas.io/graph/hra-pop
HGNC:412,ALDH9A1,ALDH9A1,biolink:Gene,https://purl.humanatlas.io/graph/hra-pop
HGNC:41228,DNM3OS,DNM3OS,biolink:Gene,https://purl.humanatlas.io/graph/hra-pop
HGNC:4123,GALNT1,GALNT1,biolink:Gene,https://purl.humanatlas.io/graph/hra-pop
HGNC:41235,ARHGAP31-AS1,ARHGAP31-AS1,biolink:Gene,https://purl.humanatlas.io/graph/hra-pop
HGNC:4124,GALNT2,GALNT2,biolink:Gene,https://purl.humanatlas.io/graph/hra-pop
HGNC:41241,FHAD1-AS1,FHAD1-AS1,biolink:Gene,https://purl.humanatlas.io/graph/hra-pop
HGNC:41248,CADM2-AS1,CADM2-AS1,biolink:Gene,https://purl.humanatlas.io/graph/hra-pop
HGNC:4125,GALNT3,GALNT3,biolink:Gene,https://purl.humanatlas.io/graph/hra-pop
HGNC:41265,SHROOM3-AS1,SHROOM3-AS1,biolink:Gene,https://purl.humanatlas.io/graph/hra-pop
HGNC:41286,RNF207-AS1,RNF207-AS1,biolink:Gene,https://purl.humanatlas.io/graph/hra-pop
HGNC:41292,ARHGEF35-AS1,ARHGEF35-AS1,biolink:Gene,https://purl.humanatlas.io/graph/hra-pop
HGNC:41304,AKT3-IT1,AKT3-IT1,biolink:Gene,https://purl.humanatlas.io/graph/hra-pop
HGNC:4132,GALR1,GALR1,biolink:Gene,https://purl.humanatlas.io/graph/hra-pop
HGNC:41340,GPC5-IT1,GPC5-IT1,biolink:Gene,https://purl.humanatlas.io/graph/hra-pop
HGNC:41349,ITPKB-IT1,ITPKB-IT1,biolink:Gene,https://purl.humanatlas.io/graph/hra-pop
HGNC:4136,GAMT,GAMT,biolink:Gene,https://purl.humanatlas.io/graph/hra-pop
HGNC:4137,GAN,GAN,biolink:Gene,https://purl.humanatlas.io/graph/hra-pop
HGNC:4138,GANAB,GANAB,biolink:Gene,https://purl.humanatlas.io/graph/hra-pop
HGNC:41383,SLIT2-IT1,SLIT2-IT1,biolink:Gene,https://purl.humanatlas.io/graph/hra-pop
HGNC:41390,THRB-IT1,THRB-IT1,biolink:Gene,https://purl.humanatlas.io/graph/hra-pop
HGNC:414,ALDOA,ALDOA,biolink:Gene,https://purl.humanatlas.io/graph/hra-pop
HGNC:4141,GAPDH,GAPDH,biolink:Gene,https://purl.humanatlas.io/graph/hra-pop
HGNC:41414,PLCB1-IT1,PLCB1-IT1,biolink:Gene,https://purl.humanatlas.io/graph/hra-pop
HGNC:41419,LINC01217,LINC01217,biolink:Gene,https://purl.humanatlas.io/graph/hra-pop
HGNC:41423,ZNF346-IT1,ZNF346-IT1,biolink:Gene,https://purl.humanatlas.io/graph/hra-pop
HGNC:4143,GAPDHP65,GAPDHP65,biolink:Gene,https://purl.humanatlas.io/graph/hra-pop
HGNC:41440,ZNRF3-IT1,ZNRF3-IT1,biolink:Gene,https://purl.humanatlas.io/graph/hra-pop
HGNC:41482,AGBL4-IT1,AGBL4-IT1,biolink:Gene,https://purl.humanatlas.io/graph/hra-pop
HGNC:41503,NALF1-IT1,NALF1-IT1,biolink:Gene,https://purl.humanatlas.io/graph/hra-pop
HGNC:4161,LRRC32,LRRC32,biolink:Gene,https://purl.humanatlas.io/graph/hra-pop
HGNC:4162,GARS1,GARS1,biolink:Gene,https://purl.humanatlas.io/graph/hra-pop
HGNC:41626,MIR548AC,MIR548AC,biolink:Gene,https://purl.humanatlas.io/graph/hra-pop
HGNC:4163,GART,GART,biolink:Gene,https://purl.humanatlas.io/graph/hra-pop
HGNC:4165,GAS1,GAS1,biolink:Gene,https://purl.humanatlas.io/graph/hra-pop
HGNC:4167,GAS2,GAS2,biolink:Gene,https://purl.humanatlas.io/graph/hra-pop
HGNC:4168,GAS6,GAS6,biolink:Gene,https://purl.humanatlas.io/graph/hra-pop
HGNC:4169,GAS7,GAS7,biolink:Gene,https://purl.humanatlas.io/graph/hra-pop
HGNC:417,ALDOB,ALDOB,biolink:Gene,https://purl.humanatlas.io/graph/hra-pop
HGNC:4171,GATA2,GATA2,biolink:Gene,https://purl.humanatlas.io/graph/hra-pop
HGNC:4172,GATA3,GATA3,biolink:Gene,https://purl.humanatlas.io/graph/hra-pop
HGNC:4174,GATA6,GATA6,biolink:Gene,https://purl.humanatlas.io/graph/hra-pop
HGNC:4175,GATM,GATM,biolink:Gene,https://purl.humanatlas.io/graph/hra-pop
HGNC:4177,GBA1,GBA1,biolink:Gene,https://purl.humanatlas.io/graph/hra-pop
HGNC:4178,GBA1LP,GBA1LP,biolink:Gene,https://purl.humanatlas.io/graph/hra-pop
HGNC:4179,NIPSNAP2,NIPSNAP2,biolink:Gene,https://purl.humanatlas.io/graph/hra-pop
HGNC:418,ALDOC,ALDOC,biolink:Gene,https://purl.humanatlas.io/graph/hra-pop
HGNC:4180,GBE1,GBE1,biolink:Gene,https://purl.humanatlas.io/graph/hra-pop
HGNC:4181,GBF1,GBF1,biolink:Gene,https://purl.humanatlas.io/graph/hra-pop
HGNC:4182,GBP1,GBP1,biolink:Gene,https://purl.humanatlas.io/graph/hra-pop
HGNC:4183,GBP2,GBP2,biolink:Gene,https://purl.humanatlas.io/graph/hra-pop
HGNC:4187,GC,GC,biolink:Gene,https://purl.humanatlas.io/graph/hra-pop
HGNC:4188,GCAT,GCAT,biolink:Gene,https://purl.humanatlas.io/graph/hra-pop
HGNC:41906,PROB1,PROB1,biolink:Gene,https://purl.humanatlas.io/graph/hra-pop
HGNC:41907,STEAP1B,STEAP1B,biolink:Gene,https://purl.humanatlas.io/graph/hra-pop
HGNC:41908,SAP25,SAP25,biolink:Gene,https://purl.humanatlas.io/graph/hra-pop
HGNC:41912,RNF224,RNF224,biolink:Gene,https://purl.humanatlas.io/graph/hra-pop
HGNC:41915,SMIM9,SMIM9,biolink:Gene,https://purl.humanatlas.io/graph/hra-pop
HGNC:4192,GCGR,GCGR,biolink:Gene,https://purl.humanatlas.io/graph/hra-pop
HGNC:41926,LINC00326,LINC00326,biolink:Gene,https://purl.humanatlas.io/graph/hra-pop
HGNC:4193,GCH1,GCH1,biolink:Gene,https://purl.humanatlas.io/graph/hra-pop
HGNC:4194,GCHFR,GCHFR,biolink:Gene,https://purl.humanatlas.io/graph/hra-pop
HGNC:41942,FOXP1-AS1,FOXP1-AS1,biolink:Gene,https://purl.humanatlas.io/graph/hra-pop
HGNC:4195,GCK,GCK,biolink:Gene,https://purl.humanatlas.io/graph/hra-pop
HGNC:41985,NPIPB4,NPIPB4,biolink:Gene,https://purl.humanatlas.io/graph/hra-pop
HGNC:41987,NPIPB9,NPIPB9,biolink:Gene,https://purl.humanatlas.io/graph/hra-pop
HGNC:41989,NPIPB13,NPIPB13,biolink:Gene,https://purl.humanatlas.io/graph/hra-pop
HGNC:4199,GCN1,GCN1,biolink:Gene,https://purl.humanatlas.io/graph/hra-pop
HGNC:41995,INMT-MINDY4,INMT-MINDY4,biolink:Gene,https://purl.humanatlas.io/graph/hra-pop
HGNC:41998,CHKB-CPT1B,CHKB-CPT1B,biolink:Gene,https://purl.humanatlas.io/graph/hra-pop
HGNC:41999,ATP6V1G2-DDX39B,ATP6V1G2-DDX39B,biolink:Gene,https://purl.humanatlas.io/graph/hra-pop
HGNC:4200,BLOC1S1,BLOC1S1,biolink:Gene,https://purl.humanatlas.io/graph/hra-pop
HGNC:4201,KAT2A,KAT2A,biolink:Gene,https://purl.humanatlas.io/graph/hra-pop
HGNC:4203,GCNT1,GCNT1,biolink:Gene,https://purl.humanatlas.io/graph/hra-pop
HGNC:42030,H3P36,H3P36,biolink:Gene,https://purl.humanatlas.io/graph/hra-pop
HGNC:4204,GCNT2,GCNT2,biolink:Gene,https://purl.humanatlas.io/graph/hra-pop
HGNC:4208,GCSH,GCSH,biolink:Gene,https://purl.humanatlas.io/graph/hra-pop
HGNC:42092,MTND1P23,MTND1P23,biolink:Gene,https://purl.humanatlas.io/graph/hra-pop
HGNC:42107,MTND2P6,MTND2P6,biolink:Gene,https://purl.humanatlas.io/graph/hra-pop
HGNC:4212,GDA,GDA,biolink:Gene,https://purl.humanatlas.io/graph/hra-pop
HGNC:42129,MTND2P28,MTND2P28,biolink:Gene,https://purl.humanatlas.io/graph/hra-pop
HGNC:42171,DDX3P1,DDX3P1,biolink:Gene,https://purl.humanatlas.io/graph/hra-pop
HGNC:42178,TUBBP9,TUBBP9,biolink:Gene,https://purl.humanatlas.io/graph/hra-pop
HGNC:4218,GDF3,GDF3,biolink:Gene,https://purl.humanatlas.io/graph/hra-pop
HGNC:42199,MTND4P12,MTND4P12,biolink:Gene,https://purl.humanatlas.io/graph/hra-pop
HGNC:4226,GDI1,GDI1,biolink:Gene,https://purl.humanatlas.io/graph/hra-pop
HGNC:4227,GDI2,GDI2,biolink:Gene,https://purl.humanatlas.io/graph/hra-pop
HGNC:42325,GUSBP11,GUSBP11,biolink:Gene,https://purl.humanatlas.io/graph/hra-pop
HGNC:4234,GEM,GEM,biolink:Gene,https://purl.humanatlas.io/graph/hra-pop
HGNC:4236,GFER,GFER,biolink:Gene,https://purl.humanatlas.io/graph/hra-pop
HGNC:4241,GFPT1,GFPT1,biolink:Gene,https://purl.humanatlas.io/graph/hra-pop
HGNC:42418,CYP3A51P,CYP3A51P,biolink:Gene,https://purl.humanatlas.io/graph/hra-pop
HGNC:4242,GFPT2,GFPT2,biolink:Gene,https://purl.humanatlas.io/graph/hra-pop
HGNC:42420,ZNF385D-AS2,ZNF385D-AS2,biolink:Gene,https://purl.humanatlas.io/graph/hra-pop
HGNC:42421,ZBTB20-AS2,ZBTB20-AS2,biolink:Gene,https://purl.humanatlas.io/graph/hra-pop
HGNC:42427,YBX1P6,YBX1P6,biolink:Gene,https://purl.humanatlas.io/graph/hra-pop
HGNC:4243,GFRA1,GFRA1,biolink:Gene,https://purl.humanatlas.io/graph/hra-pop
HGNC:42432,YBX1P10,YBX1P10,biolink:Gene,https://purl.humanatlas.io/graph/hra-pop
HGNC:42435,ADAMTS9-AS2,ADAMTS9-AS2,biolink:Gene,https://purl.humanatlas.io/graph/hra-pop
HGNC:42436,MAGI1-IT1,MAGI1-IT1,biolink:Gene,https://purl.humanatlas.io/graph/hra-pop
HGNC:4244,GFRA2,GFRA2,biolink:Gene,https://purl.humanatlas.io/graph/hra-pop
HGNC:42440,MYLK-AS1,MYLK-AS1,biolink:Gene,https://purl.humanatlas.io/graph/hra-pop
HGNC:42470,LINC00342,LINC00342,biolink:Gene,https://purl.humanatlas.io/graph/hra-pop
HGNC:4249,GGPS1,GGPS1,biolink:Gene,https://purl.humanatlas.io/graph/hra-pop
HGNC:4250,GGT1,GGT1,biolink:Gene,https://purl.humanatlas.io/graph/hra-pop
HGNC:4251,GGT2P,GGT2P,biolink:Gene,https://purl.humanatlas.io/graph/hra-pop
HGNC:4252,GGT3P,GGT3P,biolink:Gene,https://purl.humanatlas.io/graph/hra-pop
HGNC:4254,GGTA2P,GGTA2P,biolink:Gene,https://purl.humanatlas.io/graph/hra-pop
HGNC:4260,GGT5,GGT5,biolink:Gene,https://purl.humanatlas.io/graph/hra-pop
HGNC:4263,GHR,GHR,biolink:Gene,https://purl.humanatlas.io/graph/hra-pop
HGNC:42668,TPTE2-AS1,TPTE2-AS1,biolink:Gene,https://purl.humanatlas.io/graph/hra-pop
HGNC:42669,LINC00351,LINC00351,biolink:Gene,https://purl.humanatlas.io/graph/hra-pop
HGNC:42674,SMIM2-AS1,SMIM2-AS1,biolink:Gene,https://purl.humanatlas.io/graph/hra-pop
HGNC:42678,LINC00358,LINC00358,biolink:Gene,https://purl.humanatlas.io/graph/hra-pop
HGNC:42691,INTS6-AS1,INTS6-AS1,biolink:Gene,https://purl.humanatlas.io/graph/hra-pop
HGNC:42693,C13orf42,C13orf42,biolink:Gene,https://purl.humanatlas.io/graph/hra-pop
HGNC:42709,LINC00382,LINC00382,biolink:Gene,https://purl.humanatlas.io/graph/hra-pop
HGNC:42718,LINC00390,LINC00390,biolink:Gene,https://purl.humanatlas.io/graph/hra-pop
HGNC:4273,GIT2,GIT2,biolink:Gene,https://purl.humanatlas.io/graph/hra-pop
HGNC:4274,GJA1,GJA1,biolink:Gene,https://purl.humanatlas.io/graph/hra-pop
HGNC:42774,FGF14-IT1,FGF14-IT1,biolink:Gene,https://purl.humanatlas.io/graph/hra-pop
HGNC:4278,GJA4,GJA4,biolink:Gene,https://purl.humanatlas.io/graph/hra-pop
HGNC:4279,GJA5,GJA5,biolink:Gene,https://purl.humanatlas.io/graph/hra-pop
HGNC:42792,ZNRF2P1,ZNRF2P1,biolink:Gene,https://purl.humanatlas.io/graph/hra-pop
HGNC:428,ALMS1,ALMS1,biolink:Gene,https://purl.humanatlas.io/graph/hra-pop
HGNC:4280,GJC1,GJC1,biolink:Gene,https://purl.humanatlas.io/graph/hra-pop
HGNC:4287,GJB5,GJB5,biolink:Gene,https://purl.humanatlas.io/graph/hra-pop
HGNC:42871,MIR137HG,MIR137HG,biolink:Gene,https://purl.humanatlas.io/graph/hra-pop
HGNC:42872,CARMN,CARMN,biolink:Gene,https://purl.humanatlas.io/graph/hra-pop
HGNC:4289,GK,GK,biolink:Gene,https://purl.humanatlas.io/graph/hra-pop
HGNC:4292,GK3,GK3,biolink:Gene,https://purl.humanatlas.io/graph/hra-pop
HGNC:42927,SETP8,SETP8,biolink:Gene,https://purl.humanatlas.io/graph/hra-pop
HGNC:42946,LINC00486,LINC00486,biolink:Gene,https://purl.humanatlas.io/graph/hra-pop
HGNC:42948,PCBP1-AS1,PCBP1-AS1,biolink:Gene,https://purl.humanatlas.io/graph/hra-pop
HGNC:42949,ANP32AP1,ANP32AP1,biolink:Gene,https://purl.humanatlas.io/graph/hra-pop
HGNC:42956,NDUFC2-KCTD14,NDUFC2-KCTD14,biolink:Gene,https://purl.humanatlas.io/graph/hra-pop
HGNC:42959,BCL2L2-PABPN1,BCL2L2-PABPN1,biolink:Gene,https://purl.humanatlas.io/graph/hra-pop
HGNC:4296,GLA,GLA,biolink:Gene,https://purl.humanatlas.io/graph/hra-pop
HGNC:42971,RBAK-RBAKDN,RBAK-RBAKDN,biolink:Gene,https://purl.humanatlas.io/graph/hra-pop
HGNC:42980,H3P6,H3P6,biolink:Gene,https://purl.humanatlas.io/graph/hra-pop
HGNC:42982,H3P16,H3P16,biolink:Gene,https://purl.humanatlas.io/graph/hra-pop
HGNC:42989,PFN1P1,PFN1P1,biolink:Gene,https://purl.humanatlas.io/graph/hra-pop
HGNC:43,TAP1,TAP1,biolink:Gene,https://purl.humanatlas.io/graph/hra-pop
HGNC:43021,PPIAP29,PPIAP29,biolink:Gene,https://purl.humanatlas.io/graph/hra-pop
HGNC:43022,PCAT1,PCAT1,biolink:Gene,https://purl.humanatlas.io/graph/hra-pop
HGNC:4311,GCLC,GCLC,biolink:Gene,https://purl.humanatlas.io/graph/hra-pop
HGNC:4313,GLDC,GLDC,biolink:Gene,https://purl.humanatlas.io/graph/hra-pop
HGNC:4315,GLE1,GLE1,biolink:Gene,https://purl.humanatlas.io/graph/hra-pop
HGNC:4316,GLG1,GLG1,biolink:Gene,https://purl.humanatlas.io/graph/hra-pop
HGNC:4318,GLI2,GLI2,biolink:Gene,https://purl.humanatlas.io/graph/hra-pop
HGNC:4319,GLI3,GLI3,biolink:Gene,https://purl.humanatlas.io/graph/hra-pop
HGNC:4323,GLO1,GLO1,biolink:Gene,https://purl.humanatlas.io/graph/hra-pop
HGNC:4328,GLRA3,GLRA3,biolink:Gene,https://purl.humanatlas.io/graph/hra-pop
HGNC:4330,GLRX,GLRX,biolink:Gene,https://purl.humanatlas.io/graph/hra-pop
HGNC:4331,GLS,GLS,biolink:Gene,https://purl.humanatlas.io/graph/hra-pop
HGNC:4333,NOP53,NOP53,biolink:Gene,https://purl.humanatlas.io/graph/hra-pop
HGNC:4341,GLUL,GLUL,biolink:Gene,https://purl.humanatlas.io/graph/hra-pop
HGNC:43434,IRAG1-AS1,IRAG1-AS1,biolink:Gene,https://purl.humanatlas.io/graph/hra-pop
HGNC:43446,SNRPEP4,SNRPEP4,biolink:Gene,https://purl.humanatlas.io/graph/hra-pop
HGNC:435,ALOX5,ALOX5,biolink:Gene,https://purl.humanatlas.io/graph/hra-pop
HGNC:43557,LINC00506,LINC00506,biolink:Gene,https://purl.humanatlas.io/graph/hra-pop
HGNC:43562,MIR205HG,MIR205HG,biolink:Gene,https://purl.humanatlas.io/graph/hra-pop
HGNC:43563,OIP5-AS1,OIP5-AS1,biolink:Gene,https://purl.humanatlas.io/graph/hra-pop
HGNC:43564,LINC00511,LINC00511,biolink:Gene,https://purl.humanatlas.io/graph/hra-pop
HGNC:43566,LINC00513,LINC00513,biolink:Gene,https://purl.humanatlas.io/graph/hra-pop
HGNC:43569,TBC1D3P7,TBC1D3P7,biolink:Gene,https://purl.humanatlas.io/graph/hra-pop
HGNC:43587,NUDT19P3,NUDT19P3,biolink:Gene,https://purl.humanatlas.io/graph/hra-pop
HGNC:436,ALOX5AP,ALOX5AP,biolink:Gene,https://purl.humanatlas.io/graph/hra-pop
HGNC:43600,LIFR-AS1,LIFR-AS1,biolink:Gene,https://purl.humanatlas.io/graph/hra-pop
HGNC:43617,FAM90A27P,FAM90A27P,biolink:Gene,https://purl.humanatlas.io/graph/hra-pop
HGNC:43619,MGAT4D,MGAT4D,biolink:Gene,https://purl.humanatlas.io/graph/hra-pop
HGNC:43637,FRMD6-AS2,FRMD6-AS2,biolink:Gene,https://purl.humanatlas.io/graph/hra-pop
HGNC:43645,LINC00536,LINC00536,biolink:Gene,https://purl.humanatlas.io/graph/hra-pop
HGNC:43649,MILIP,MILIP,biolink:Gene,https://purl.humanatlas.io/graph/hra-pop
HGNC:43664,CBR3-AS1,CBR3-AS1,biolink:Gene,https://purl.humanatlas.io/graph/hra-pop
HGNC:43667,QRSL1P1,QRSL1P1,biolink:Gene,https://purl.humanatlas.io/graph/hra-pop
HGNC:4367,GM2A,GM2A,biolink:Gene,https://purl.humanatlas.io/graph/hra-pop
HGNC:43670,JRKL-AS1,JRKL-AS1,biolink:Gene,https://purl.humanatlas.io/graph/hra-pop
HGNC:43686,TPT1-AS1,TPT1-AS1,biolink:Gene,https://purl.humanatlas.io/graph/hra-pop
HGNC:4369,GMDS,GMDS,biolink:Gene,https://purl.humanatlas.io/graph/hra-pop
HGNC:43691,ARGLU1-DT,ARGLU1-DT,biolink:Gene,https://purl.humanatlas.io/graph/hra-pop
HGNC:43698,PLUT,PLUT,biolink:Gene,https://purl.humanatlas.io/graph/hra-pop
HGNC:4371,GMEB2,GMEB2,biolink:Gene,https://purl.humanatlas.io/graph/hra-pop
HGNC:43716,LINC00853,LINC00853,biolink:Gene,https://purl.humanatlas.io/graph/hra-pop
HGNC:43721,LINC00571,LINC00571,biolink:Gene,https://purl.humanatlas.io/graph/hra-pop
HGNC:43725,CHRM3-AS2,CHRM3-AS2,biolink:Gene,https://purl.humanatlas.io/graph/hra-pop
HGNC:4374,GMFG,GMFG,biolink:Gene,https://purl.humanatlas.io/graph/hra-pop
HGNC:43745,HOXA-AS2,HOXA-AS2,biolink:Gene,https://purl.humanatlas.io/graph/hra-pop
HGNC:43750,HOXC-AS2,HOXC-AS2,biolink:Gene,https://purl.humanatlas.io/graph/hra-pop
HGNC:4376,GMPR,GMPR,biolink:Gene,https://purl.humanatlas.io/graph/hra-pop
HGNC:43772,COX20P2,COX20P2,biolink:Gene,https://purl.humanatlas.io/graph/hra-pop
HGNC:43776,CASP1P2,CASP1P2,biolink:Gene,https://purl.humanatlas.io/graph/hra-pop
HGNC:4380,GNA12,GNA12,biolink:Gene,https://purl.humanatlas.io/graph/hra-pop
HGNC:43805,H3P14,H3P14,biolink:Gene,https://purl.humanatlas.io/graph/hra-pop
HGNC:4381,GNA13,GNA13,biolink:Gene,https://purl.humanatlas.io/graph/hra-pop
HGNC:4382,GNA14,GNA14,biolink:Gene,https://purl.humanatlas.io/graph/hra-pop
HGNC:43839,TMEM161B-DT,TMEM161B-DT,biolink:Gene,https://purl.humanatlas.io/graph/hra-pop
HGNC:4385,GNAI2,GNAI2,biolink:Gene,https://purl.humanatlas.io/graph/hra-pop
HGNC:43886,PRELID1P1,PRELID1P1,biolink:Gene,https://purl.humanatlas.io/graph/hra-pop
HGNC:4390,GNAQ,GNAQ,biolink:Gene,https://purl.humanatlas.io/graph/hra-pop
HGNC:43910,IFNG-AS1,IFNG-AS1,biolink:Gene,https://purl.humanatlas.io/graph/hra-pop
HGNC:4392,GNAS,GNAS,biolink:Gene,https://purl.humanatlas.io/graph/hra-pop
HGNC:43938,GNG12-AS1,GNG12-AS1,biolink:Gene,https://purl.humanatlas.io/graph/hra-pop
HGNC:4396,GNB1,GNB1,biolink:Gene,https://purl.humanatlas.io/graph/hra-pop
HGNC:4398,GNB2,GNB2,biolink:Gene,https://purl.humanatlas.io/graph/hra-pop
HGNC:43984,HELLPAR,HELLPAR,biolink:Gene,https://purl.humanatlas.io/graph/hra-pop
HGNC:4399,RACK1,RACK1,biolink:Gene,https://purl.humanatlas.io/graph/hra-pop
HGNC:44,TAP2,TAP2,biolink:Gene,https://purl.humanatlas.io/graph/hra-pop
HGNC:44003,SEC24B-AS1,SEC24B-AS1,biolink:Gene,https://purl.humanatlas.io/graph/hra-pop
HGNC:44009,TOX4P1,TOX4P1,biolink:Gene,https://purl.humanatlas.io/graph/hra-pop
HGNC:44025,TRMT112P6,TRMT112P6,biolink:Gene,https://purl.humanatlas.io/graph/hra-pop
HGNC:4403,GNG11,GNG11,biolink:Gene,https://purl.humanatlas.io/graph/hra-pop
HGNC:4404,GNG2,GNG2,biolink:Gene,https://purl.humanatlas.io/graph/hra-pop
HGNC:44050,TECRP1,TECRP1,biolink:Gene,https://purl.humanatlas.io/graph/hra-pop
HGNC:44055,FOSL1P1,FOSL1P1,biolink:Gene,https://purl.humanatlas.io/graph/hra-pop
HGNC:4408,GNG5,GNG5,biolink:Gene,https://purl.humanatlas.io/graph/hra-pop
HGNC:44095,RTEL1-TNFRSF6B,RTEL1-TNFRSF6B,biolink:Gene,https://purl.humanatlas.io/graph/hra-pop
HGNC:4410,GNG7,GNG7,biolink:Gene,https://purl.humanatlas.io/graph/hra-pop
HGNC:44101,STAU2-AS1,STAU2-AS1,biolink:Gene,https://purl.humanatlas.io/graph/hra-pop
HGNC:44102,SLC8A1-AS1,SLC8A1-AS1,biolink:Gene,https://purl.humanatlas.io/graph/hra-pop
HGNC:44104,IQCH-AS1,IQCH-AS1,biolink:Gene,https://purl.humanatlas.io/graph/hra-pop
HGNC:44106,LHFPL3-AS2,LHFPL3-AS2,biolink:Gene,https://purl.humanatlas.io/graph/hra-pop
HGNC:44107,LIMD1-AS1,LIMD1-AS1,biolink:Gene,https://purl.humanatlas.io/graph/hra-pop
HGNC:44108,EFCAB14-AS1,EFCAB14-AS1,biolink:Gene,https://purl.humanatlas.io/graph/hra-pop
HGNC:44111,UBOX5-AS1,UBOX5-AS1,biolink:Gene,https://purl.humanatlas.io/graph/hra-pop
HGNC:44112,TMEM178B,TMEM178B,biolink:Gene,https://purl.humanatlas.io/graph/hra-pop
HGNC:44113,BCDIN3D-AS1,BCDIN3D-AS1,biolink:Gene,https://purl.humanatlas.io/graph/hra-pop
HGNC:44121,SBK3,SBK3,biolink:Gene,https://purl.humanatlas.io/graph/hra-pop
HGNC:44123,PXN-AS1,PXN-AS1,biolink:Gene,https://purl.humanatlas.io/graph/hra-pop
HGNC:44124,TTN-AS1,TTN-AS1,biolink:Gene,https://purl.humanatlas.io/graph/hra-pop
HGNC:44125,PSMD6-AS2,PSMD6-AS2,biolink:Gene,https://purl.humanatlas.io/graph/hra-pop
HGNC:4413,GNL1,GNL1,biolink:Gene,https://purl.humanatlas.io/graph/hra-pop
HGNC:44133,EHHADH-AS1,EHHADH-AS1,biolink:Gene,https://purl.humanatlas.io/graph/hra-pop
HGNC:4414,GNLY,GNLY,biolink:Gene,https://purl.humanatlas.io/graph/hra-pop
HGNC:44149,SEC1P,SEC1P,biolink:Gene,https://purl.humanatlas.io/graph/hra-pop
HGNC:44153,DIO2-AS1,DIO2-AS1,biolink:Gene,https://purl.humanatlas.io/graph/hra-pop
HGNC:44157,GABPB1-AS1,GABPB1-AS1,biolink:Gene,https://purl.humanatlas.io/graph/hra-pop
HGNC:44164,NUPR2,NUPR2,biolink:Gene,https://purl.humanatlas.io/graph/hra-pop
HGNC:44166,PCED1B-AS1,PCED1B-AS1,biolink:Gene,https://purl.humanatlas.io/graph/hra-pop
HGNC:44168,SH3RF3-AS1,SH3RF3-AS1,biolink:Gene,https://purl.humanatlas.io/graph/hra-pop
HGNC:44172,THAP9-AS1,THAP9-AS1,biolink:Gene,https://purl.humanatlas.io/graph/hra-pop
HGNC:44173,APTR,APTR,biolink:Gene,https://purl.humanatlas.io/graph/hra-pop
HGNC:44181,PGM5-AS1,PGM5-AS1,biolink:Gene,https://purl.humanatlas.io/graph/hra-pop
HGNC:44183,STXBP5-AS1,STXBP5-AS1,biolink:Gene,https://purl.humanatlas.io/graph/hra-pop
HGNC:44190,FAM133CP,FAM133CP,biolink:Gene,https://purl.humanatlas.io/graph/hra-pop
HGNC:44192,FAM133DP,FAM133DP,biolink:Gene,https://purl.humanatlas.io/graph/hra-pop
HGNC:44193,PIN4P1,PIN4P1,biolink:Gene,https://purl.humanatlas.io/graph/hra-pop
HGNC:44200,TRABD2B,TRABD2B,biolink:Gene,https://purl.humanatlas.io/graph/hra-pop
HGNC:44201,ARL14EPL,ARL14EPL,biolink:Gene,https://purl.humanatlas.io/graph/hra-pop
HGNC:44206,PINLYP,PINLYP,biolink:Gene,https://purl.humanatlas.io/graph/hra-pop
HGNC:4421,GNRHR,GNRHR,biolink:Gene,https://purl.humanatlas.io/graph/hra-pop
HGNC:4422,GNS,GNS,biolink:Gene,https://purl.humanatlas.io/graph/hra-pop
HGNC:44222,NR2F2-AS1,NR2F2-AS1,biolink:Gene,https://purl.humanatlas.io/graph/hra-pop
HGNC:44227,LINC00621,LINC00621,biolink:Gene,https://purl.humanatlas.io/graph/hra-pop
HGNC:4425,GOLGA2,GOLGA2,biolink:Gene,https://purl.humanatlas.io/graph/hra-pop
HGNC:44251,LINC00622,LINC00622,biolink:Gene,https://purl.humanatlas.io/graph/hra-pop
HGNC:44256,FOXD2-AS1,FOXD2-AS1,biolink:Gene,https://purl.humanatlas.io/graph/hra-pop
HGNC:4426,GOLGA3,GOLGA3,biolink:Gene,https://purl.humanatlas.io/graph/hra-pop
HGNC:44266,ZNF674-AS1,ZNF674-AS1,biolink:Gene,https://purl.humanatlas.io/graph/hra-pop
HGNC:4427,GOLGA4,GOLGA4,biolink:Gene,https://purl.humanatlas.io/graph/hra-pop
HGNC:44272,TMEM44-AS1,TMEM44-AS1,biolink:Gene,https://purl.humanatlas.io/graph/hra-pop
HGNC:4428,GOLGA5,GOLGA5,biolink:Gene,https://purl.humanatlas.io/graph/hra-pop
HGNC:4429,GOLGB1,GOLGB1,biolink:Gene,https://purl.humanatlas.io/graph/hra-pop
HGNC:44299,LINC00645,LINC00645,biolink:Gene,https://purl.humanatlas.io/graph/hra-pop
HGNC:443,ALS2,ALS2,biolink:Gene,https://purl.humanatlas.io/graph/hra-pop
HGNC:4430,GOSR1,GOSR1,biolink:Gene,https://purl.humanatlas.io/graph/hra-pop
HGNC:44302,LINC00648,LINC00648,biolink:Gene,https://purl.humanatlas.io/graph/hra-pop
HGNC:44303,IL10RB-DT,IL10RB-DT,biolink:Gene,https://purl.humanatlas.io/graph/hra-pop
HGNC:44304,ITGB2-AS1,ITGB2-AS1,biolink:Gene,https://purl.humanatlas.io/graph/hra-pop
HGNC:4431,GOSR2,GOSR2,biolink:Gene,https://purl.humanatlas.io/graph/hra-pop
HGNC:44310,NOL4L-DT,NOL4L-DT,biolink:Gene,https://purl.humanatlas.io/graph/hra-pop
HGNC:44317,PYURF,PYURF,biolink:Gene,https://purl.humanatlas.io/graph/hra-pop
HGNC:44319,LINC00664,LINC00664,biolink:Gene,https://purl.humanatlas.io/graph/hra-pop
HGNC:4432,GOT1,GOT1,biolink:Gene,https://purl.humanatlas.io/graph/hra-pop
HGNC:44327,LINC00907,LINC00907,biolink:Gene,https://purl.humanatlas.io/graph/hra-pop
HGNC:4433,GOT2,GOT2,biolink:Gene,https://purl.humanatlas.io/graph/hra-pop
HGNC:44332,MIR924HG,MIR924HG,biolink:Gene,https://purl.humanatlas.io/graph/hra-pop
HGNC:44333,DLGAP1-AS4,DLGAP1-AS4,biolink:Gene,https://purl.humanatlas.io/graph/hra-pop
HGNC:44339,LINC00671,LINC00671,biolink:Gene,https://purl.humanatlas.io/graph/hra-pop
HGNC:44370,LMO7DN,LMO7DN,biolink:Gene,https://purl.humanatlas.io/graph/hra-pop
HGNC:44389,RNFT1P3,RNFT1P3,biolink:Gene,https://purl.humanatlas.io/graph/hra-pop
HGNC:44404,GOLGA8M,GOLGA8M,biolink:Gene,https://purl.humanatlas.io/graph/hra-pop
HGNC:44405,GOLGA8N,GOLGA8N,biolink:Gene,https://purl.humanatlas.io/graph/hra-pop
HGNC:4441,GP2,GP2,biolink:Gene,https://purl.humanatlas.io/graph/hra-pop
HGNC:44419,RNASEK-C17orf49,RNASEK-C17orf49,biolink:Gene,https://purl.humanatlas.io/graph/hra-pop
HGNC:44421,MMP24OS,MMP24OS,biolink:Gene,https://purl.humanatlas.io/graph/hra-pop
HGNC:44424,CORO7-PAM16,CORO7-PAM16,biolink:Gene,https://purl.humanatlas.io/graph/hra-pop
HGNC:44436,CCL15-CCL14,CCL15-CCL14,biolink:Gene,https://purl.humanatlas.io/graph/hra-pop
HGNC:4444,GP9,GP9,biolink:Gene,https://purl.humanatlas.io/graph/hra-pop
HGNC:44478,THUMPD3-AS1,THUMPD3-AS1,biolink:Gene,https://purl.humanatlas.io/graph/hra-pop
HGNC:44484,OVCH1-AS1,OVCH1-AS1,biolink:Gene,https://purl.humanatlas.io/graph/hra-pop
HGNC:44485,CERS6-AS1,CERS6-AS1,biolink:Gene,https://purl.humanatlas.io/graph/hra-pop
HGNC:445,SETX,SETX,biolink:Gene,https://purl.humanatlas.io/graph/hra-pop
HGNC:44500,RPS3AP53,RPS3AP53,biolink:Gene,https://purl.humanatlas.io/graph/hra-pop
HGNC:44501,SH3BP5-AS1,SH3BP5-AS1,biolink:Gene,https://purl.humanatlas.io/graph/hra-pop
HGNC:4451,GPC3,GPC3,biolink:Gene,https://purl.humanatlas.io/graph/hra-pop
HGNC:44515,THRB-AS1,THRB-AS1,biolink:Gene,https://purl.humanatlas.io/graph/hra-pop
HGNC:4452,GPC4,GPC4,biolink:Gene,https://purl.humanatlas.io/graph/hra-pop
HGNC:4453,GPC5,GPC5,biolink:Gene,https://purl.humanatlas.io/graph/hra-pop
HGNC:4454,GPC6,GPC6,biolink:Gene,https://purl.humanatlas.io/graph/hra-pop
HGNC:4456,GPD2,GPD2,biolink:Gene,https://purl.humanatlas.io/graph/hra-pop
HGNC:44565,TPMTP2,TPMTP2,biolink:Gene,https://purl.humanatlas.io/graph/hra-pop
HGNC:44570,C3orf86P,C3orf86P,biolink:Gene,https://purl.humanatlas.io/graph/hra-pop
HGNC:44575,MTATP6P1,MTATP6P1,biolink:Gene,https://purl.humanatlas.io/graph/hra-pop
HGNC:4460,GPM6A,GPM6A,biolink:Gene,https://purl.humanatlas.io/graph/hra-pop
HGNC:4461,GPM6B,GPM6B,biolink:Gene,https://purl.humanatlas.io/graph/hra-pop
HGNC:44614,FCF1P2,FCF1P2,biolink:Gene,https://purl.humanatlas.io/graph/hra-pop
HGNC:4462,GPNMB,GPNMB,biolink:Gene,https://purl.humanatlas.io/graph/hra-pop
HGNC:44659,CEP295NL,CEP295NL,biolink:Gene,https://purl.humanatlas.io/graph/hra-pop
HGNC:44660,LINC01387,LINC01387,biolink:Gene,https://purl.humanatlas.io/graph/hra-pop
HGNC:44661,RPL17-C18orf32,RPL17-C18orf32,biolink:Gene,https://purl.humanatlas.io/graph/hra-pop
HGNC:44672,C8orf88,C8orf88,biolink:Gene,https://purl.humanatlas.io/graph/hra-pop
HGNC:44680,AKR1C6P,AKR1C6P,biolink:Gene,https://purl.humanatlas.io/graph/hra-pop
HGNC:44689,PRKCQ-AS1,PRKCQ-AS1,biolink:Gene,https://purl.humanatlas.io/graph/hra-pop
HGNC:447,ZBED1,ZBED1,biolink:Gene,https://purl.humanatlas.io/graph/hra-pop
HGNC:44703,CELF2-AS2,CELF2-AS2,biolink:Gene,https://purl.humanatlas.io/graph/hra-pop
HGNC:4471,GPR17,GPR17,biolink:Gene,https://purl.humanatlas.io/graph/hra-pop
HGNC:4475,GPR20,GPR20,biolink:Gene,https://purl.humanatlas.io/graph/hra-pop
HGNC:4490,GPR34,GPR34,biolink:Gene,https://purl.humanatlas.io/graph/hra-pop
HGNC:44937,ODAD2P1,ODAD2P1,biolink:Gene,https://purl.humanatlas.io/graph/hra-pop
HGNC:44959,SVIL2P,SVIL2P,biolink:Gene,https://purl.humanatlas.io/graph/hra-pop
HGNC:4496,GPR39,GPR39,biolink:Gene,https://purl.humanatlas.io/graph/hra-pop
HGNC:44960,DDX10P1,DDX10P1,biolink:Gene,https://purl.humanatlas.io/graph/hra-pop
HGNC:44988,CEP164P1,CEP164P1,biolink:Gene,https://purl.humanatlas.io/graph/hra-pop
HGNC:45031,LINC00844,LINC00844,biolink:Gene,https://purl.humanatlas.io/graph/hra-pop
HGNC:45049,HEIH,HEIH,biolink:Gene,https://purl.humanatlas.io/graph/hra-pop
HGNC:45059,DBF4P1,DBF4P1,biolink:Gene,https://purl.humanatlas.io/graph/hra-pop
HGNC:45073,KRT19P4,KRT19P4,biolink:Gene,https://purl.humanatlas.io/graph/hra-pop
HGNC:451,AMACR,AMACR,biolink:Gene,https://purl.humanatlas.io/graph/hra-pop
HGNC:45100,EIF4A2P3,EIF4A2P3,biolink:Gene,https://purl.humanatlas.io/graph/hra-pop
HGNC:4511,GPR55,GPR55,biolink:Gene,https://purl.humanatlas.io/graph/hra-pop
HGNC:4512,ADGRG1,ADGRG1,biolink:Gene,https://purl.humanatlas.io/graph/hra-pop
HGNC:45127,ADIRF-AS1,ADIRF-AS1,biolink:Gene,https://purl.humanatlas.io/graph/hra-pop
HGNC:45162,LINC00863,LINC00863,biolink:Gene,https://purl.humanatlas.io/graph/hra-pop
HGNC:45169,ACTA2-AS1,ACTA2-AS1,biolink:Gene,https://purl.humanatlas.io/graph/hra-pop
HGNC:4517,GPR65,GPR65,biolink:Gene,https://purl.humanatlas.io/graph/hra-pop
HGNC:45184,XRCC6P2,XRCC6P2,biolink:Gene,https://purl.humanatlas.io/graph/hra-pop
HGNC:4519,GPR68,GPR68,biolink:Gene,https://purl.humanatlas.io/graph/hra-pop
HGNC:45193,PLCE1-AS1,PLCE1-AS1,biolink:Gene,https://purl.humanatlas.io/graph/hra-pop
HGNC:45203,ENTPD1-AS1,ENTPD1-AS1,biolink:Gene,https://purl.humanatlas.io/graph/hra-pop
HGNC:45206,NPM1P27,NPM1P27,biolink:Gene,https://purl.humanatlas.io/graph/hra-pop
HGNC:45210,NPM1P31,NPM1P31,biolink:Gene,https://purl.humanatlas.io/graph/hra-pop
HGNC:45211,NPM1P32,NPM1P32,biolink:Gene,https://purl.humanatlas.io/graph/hra-pop
HGNC:45218,NPM1P39,NPM1P39,biolink:Gene,https://purl.humanatlas.io/graph/hra-pop
HGNC:45241,RPEL1,RPEL1,biolink:Gene,https://purl.humanatlas.io/graph/hra-pop
HGNC:45248,NDUFB4P1,NDUFB4P1,biolink:Gene,https://purl.humanatlas.io/graph/hra-pop
HGNC:4526,GPR75,GPR75,biolink:Gene,https://purl.humanatlas.io/graph/hra-pop
HGNC:4531,OXGR1,OXGR1,biolink:Gene,https://purl.humanatlas.io/graph/hra-pop
HGNC:4540,CXCR3,CXCR3,biolink:Gene,https://purl.humanatlas.io/graph/hra-pop
HGNC:4542,SUCNR1,SUCNR1,biolink:Gene,https://purl.humanatlas.io/graph/hra-pop
HGNC:4544,GRK5,GRK5,biolink:Gene,https://purl.humanatlas.io/graph/hra-pop
HGNC:4549,GPS1,GPS1,biolink:Gene,https://purl.humanatlas.io/graph/hra-pop
HGNC:4551,TECR,TECR,biolink:Gene,https://purl.humanatlas.io/graph/hra-pop
HGNC:4552,GPT,GPT,biolink:Gene,https://purl.humanatlas.io/graph/hra-pop
HGNC:4553,GPX1,GPX1,biolink:Gene,https://purl.humanatlas.io/graph/hra-pop
HGNC:4554,GPX2,GPX2,biolink:Gene,https://purl.humanatlas.io/graph/hra-pop
HGNC:4555,GPX3,GPX3,biolink:Gene,https://purl.humanatlas.io/graph/hra-pop
HGNC:4556,GPX4,GPX4,biolink:Gene,https://purl.humanatlas.io/graph/hra-pop
HGNC:4562,GRAP,GRAP,biolink:Gene,https://purl.humanatlas.io/graph/hra-pop
HGNC:4563,GRAP2,GRAP2,biolink:Gene,https://purl.humanatlas.io/graph/hra-pop
HGNC:4564,GRB10,GRB10,biolink:Gene,https://purl.humanatlas.io/graph/hra-pop
HGNC:4565,GRB14,GRB14,biolink:Gene,https://purl.humanatlas.io/graph/hra-pop
HGNC:4566,GRB2,GRB2,biolink:Gene,https://purl.humanatlas.io/graph/hra-pop
HGNC:4567,GRB7,GRB7,biolink:Gene,https://purl.humanatlas.io/graph/hra-pop
HGNC:4568,RAPGEF1,RAPGEF1,biolink:Gene,https://purl.humanatlas.io/graph/hra-pop
HGNC:457,AMD1,AMD1,biolink:Gene,https://purl.humanatlas.io/graph/hra-pop
HGNC:4570,GRHPR,GRHPR,biolink:Gene,https://purl.humanatlas.io/graph/hra-pop
HGNC:4571,GRIA1,GRIA1,biolink:Gene,https://purl.humanatlas.io/graph/hra-pop
HGNC:4574,GRIA4,GRIA4,biolink:Gene,https://purl.humanatlas.io/graph/hra-pop
HGNC:4576,GRID2,GRID2,biolink:Gene,https://purl.humanatlas.io/graph/hra-pop
HGNC:4579,GRIK1,GRIK1,biolink:Gene,https://purl.humanatlas.io/graph/hra-pop
HGNC:45795,RN7SKP71,RN7SKP71,biolink:Gene,https://purl.humanatlas.io/graph/hra-pop
HGNC:4580,GRIK2,GRIK2,biolink:Gene,https://purl.humanatlas.io/graph/hra-pop
HGNC:45804,RN7SKP80,RN7SKP80,biolink:Gene,https://purl.humanatlas.io/graph/hra-pop
HGNC:4581,GRIK3,GRIK3,biolink:Gene,https://purl.humanatlas.io/graph/hra-pop
HGNC:4582,GRIK4,GRIK4,biolink:Gene,https://purl.humanatlas.io/graph/hra-pop
HGNC:45836,RN7SKP112,RN7SKP112,biolink:Gene,https://purl.humanatlas.io/graph/hra-pop
HGNC:4584,GRIN1,GRIN1,biolink:Gene,https://purl.humanatlas.io/graph/hra-pop
HGNC:4585,GRIN2A,GRIN2A,biolink:Gene,https://purl.humanatlas.io/graph/hra-pop
HGNC:45874,RN7SKP150,RN7SKP150,biolink:Gene,https://purl.humanatlas.io/graph/hra-pop
HGNC:4589,GRINA,GRINA,biolink:Gene,https://purl.humanatlas.io/graph/hra-pop
HGNC:4591,ARHGAP35,ARHGAP35,biolink:Gene,https://purl.humanatlas.io/graph/hra-pop
HGNC:45954,RN7SKP230,RN7SKP230,biolink:Gene,https://purl.humanatlas.io/graph/hra-pop
HGNC:4597,GRM5,GRM5,biolink:Gene,https://purl.humanatlas.io/graph/hra-pop
HGNC:45979,RN7SKP255,RN7SKP255,biolink:Gene,https://purl.humanatlas.io/graph/hra-pop
HGNC:4599,GRM7,GRM7,biolink:Gene,https://purl.humanatlas.io/graph/hra-pop
HGNC:4600,GRM8,GRM8,biolink:Gene,https://purl.humanatlas.io/graph/hra-pop
HGNC:4601,GRN,GRN,biolink:Gene,https://purl.humanatlas.io/graph/hra-pop
HGNC:4602,CXCL1,CXCL1,biolink:Gene,https://purl.humanatlas.io/graph/hra-pop
HGNC:4603,CXCL2,CXCL2,biolink:Gene,https://purl.humanatlas.io/graph/hra-pop
HGNC:4606,PDIA3,PDIA3,biolink:Gene,https://purl.humanatlas.io/graph/hra-pop
HGNC:461,AMELX,AMELX,biolink:Gene,https://purl.humanatlas.io/graph/hra-pop
HGNC:4617,GSK3B,GSK3B,biolink:Gene,https://purl.humanatlas.io/graph/hra-pop
HGNC:46188,RN7SL172P,RN7SL172P,biolink:Gene,https://purl.humanatlas.io/graph/hra-pop
HGNC:4620,GSN,GSN,biolink:Gene,https://purl.humanatlas.io/graph/hra-pop
HGNC:4621,GSPT1,GSPT1,biolink:Gene,https://purl.humanatlas.io/graph/hra-pop
HGNC:4623,GSR,GSR,biolink:Gene,https://purl.humanatlas.io/graph/hra-pop
HGNC:4626,GSTA1,GSTA1,biolink:Gene,https://purl.humanatlas.io/graph/hra-pop
HGNC:4627,GSTA2,GSTA2,biolink:Gene,https://purl.humanatlas.io/graph/hra-pop
HGNC:4629,GSTA4,GSTA4,biolink:Gene,https://purl.humanatlas.io/graph/hra-pop
HGNC:463,AMFR,AMFR,biolink:Gene,https://purl.humanatlas.io/graph/hra-pop
HGNC:4632,GSTM1,GSTM1,biolink:Gene,https://purl.humanatlas.io/graph/hra-pop
HGNC:4635,GSTM3,GSTM3,biolink:Gene,https://purl.humanatlas.io/graph/hra-pop
HGNC:4638,GSTP1,GSTP1,biolink:Gene,https://purl.humanatlas.io/graph/hra-pop
HGNC:4643,GSTZ1,GSTZ1,biolink:Gene,https://purl.humanatlas.io/graph/hra-pop
HGNC:4647,GTF2A2,GTF2A2,biolink:Gene,https://purl.humanatlas.io/graph/hra-pop
HGNC:4648,GTF2B,GTF2B,biolink:Gene,https://purl.humanatlas.io/graph/hra-pop
HGNC:4651,GTF2E2,GTF2E2,biolink:Gene,https://purl.humanatlas.io/graph/hra-pop
HGNC:4652,GTF2F1,GTF2F1,biolink:Gene,https://purl.humanatlas.io/graph/hra-pop
HGNC:4653,GTF2F2,GTF2F2,biolink:Gene,https://purl.humanatlas.io/graph/hra-pop
HGNC:46540,RN7SL524P,RN7SL524P,biolink:Gene,https://purl.humanatlas.io/graph/hra-pop
HGNC:4655,GTF2H1,GTF2H1,biolink:Gene,https://purl.humanatlas.io/graph/hra-pop
HGNC:4659,GTF2I,GTF2I,biolink:Gene,https://purl.humanatlas.io/graph/hra-pop
HGNC:4660,GTF2IP1,GTF2IP1,biolink:Gene,https://purl.humanatlas.io/graph/hra-pop
HGNC:46603,RN7SL587P,RN7SL587P,biolink:Gene,https://purl.humanatlas.io/graph/hra-pop
HGNC:4661,GTF2IRD1,GTF2IRD1,biolink:Gene,https://purl.humanatlas.io/graph/hra-pop
HGNC:4666,GTF3C3,GTF3C3,biolink:Gene,https://purl.humanatlas.io/graph/hra-pop
HGNC:467,AMMECR1,AMMECR1,biolink:Gene,https://purl.humanatlas.io/graph/hra-pop
HGNC:46714,RN7SL698P,RN7SL698P,biolink:Gene,https://purl.humanatlas.io/graph/hra-pop
HGNC:46819,RN7SL803P,RN7SL803P,biolink:Gene,https://purl.humanatlas.io/graph/hra-pop
HGNC:4684,GUCY1A2,GUCY1A2,biolink:Gene,https://purl.humanatlas.io/graph/hra-pop
HGNC:4685,GUCY1A1,GUCY1A1,biolink:Gene,https://purl.humanatlas.io/graph/hra-pop
HGNC:46862,RN7SL846P,RN7SL846P,biolink:Gene,https://purl.humanatlas.io/graph/hra-pop
HGNC:4687,GUCY1B1,GUCY1B1,biolink:Gene,https://purl.humanatlas.io/graph/hra-pop
HGNC:4693,GUK1,GUK1,biolink:Gene,https://purl.humanatlas.io/graph/hra-pop
HGNC:46974,RNU4-38P,RNU4-38P,biolink:Gene,https://purl.humanatlas.io/graph/hra-pop
HGNC:4699,GYG1,GYG1,biolink:Gene,https://purl.humanatlas.io/graph/hra-pop
HGNC:470,AMPD3,AMPD3,biolink:Gene,https://purl.humanatlas.io/graph/hra-pop
HGNC:47038,LINC00871,LINC00871,biolink:Gene,https://purl.humanatlas.io/graph/hra-pop
HGNC:4704,GYPC,GYPC,biolink:Gene,https://purl.humanatlas.io/graph/hra-pop
HGNC:4706,GYS1,GYS1,biolink:Gene,https://purl.humanatlas.io/graph/hra-pop
HGNC:4708,GZMA,GZMA,biolink:Gene,https://purl.humanatlas.io/graph/hra-pop
HGNC:4709,GZMB,GZMB,biolink:Gene,https://purl.humanatlas.io/graph/hra-pop
HGNC:471,AMPH,AMPH,biolink:Gene,https://purl.humanatlas.io/graph/hra-pop
HGNC:4710,GZMH,GZMH,biolink:Gene,https://purl.humanatlas.io/graph/hra-pop
HGNC:4711,GZMK,GZMK,biolink:Gene,https://purl.humanatlas.io/graph/hra-pop
HGNC:4712,GZMM,GZMM,biolink:Gene,https://purl.humanatlas.io/graph/hra-pop
HGNC:4713,H19,H19,biolink:Gene,https://purl.humanatlas.io/graph/hra-pop
HGNC:4714,H1-0,H1-0,biolink:Gene,https://purl.humanatlas.io/graph/hra-pop
HGNC:4715,H1-1,H1-1,biolink:Gene,https://purl.humanatlas.io/graph/hra-pop
HGNC:47158,RNU6-195P,RNU6-195P,biolink:Gene,https://purl.humanatlas.io/graph/hra-pop
HGNC:4716,H1-2,H1-2,biolink:Gene,https://purl.humanatlas.io/graph/hra-pop
HGNC:4717,H1-3,H1-3,biolink:Gene,https://purl.humanatlas.io/graph/hra-pop
HGNC:4722,H1-10,H1-10,biolink:Gene,https://purl.humanatlas.io/graph/hra-pop
HGNC:4724,H2AC8,H2AC8,biolink:Gene,https://purl.humanatlas.io/graph/hra-pop
HGNC:4725,H2AC13,H2AC13,biolink:Gene,https://purl.humanatlas.io/graph/hra-pop
HGNC:47314,RNU6-351P,RNU6-351P,biolink:Gene,https://purl.humanatlas.io/graph/hra-pop
HGNC:4733,H2AC6,H2AC6,biolink:Gene,https://purl.humanatlas.io/graph/hra-pop
HGNC:4740,MACROH2A1,MACROH2A1,biolink:Gene,https://purl.humanatlas.io/graph/hra-pop
HGNC:4741,H2AZ1,H2AZ1,biolink:Gene,https://purl.humanatlas.io/graph/hra-pop
HGNC:47444,RNU6-481P,RNU6-481P,biolink:Gene,https://purl.humanatlas.io/graph/hra-pop
HGNC:4747,H2BC5,H2BC5,biolink:Gene,https://purl.humanatlas.io/graph/hra-pop
HGNC:4748,H2BC13,H2BC13,biolink:Gene,https://purl.humanatlas.io/graph/hra-pop
HGNC:4753,H2BC6,H2BC6,biolink:Gene,https://purl.humanatlas.io/graph/hra-pop
HGNC:4755,H2BC9,H2BC9,biolink:Gene,https://purl.humanatlas.io/graph/hra-pop
HGNC:4764,H3-3A,H3-3A,biolink:Gene,https://purl.humanatlas.io/graph/hra-pop
HGNC:4765,H3-3B,H3-3B,biolink:Gene,https://purl.humanatlas.io/graph/hra-pop
HGNC:477,AMY2A,AMY2A,biolink:Gene,https://purl.humanatlas.io/graph/hra-pop
HGNC:4772,H3C8,H3C8,biolink:Gene,https://purl.humanatlas.io/graph/hra-pop
HGNC:4787,H4C3,H4C3,biolink:Gene,https://purl.humanatlas.io/graph/hra-pop
HGNC:4788,H4C8,H4C8,biolink:Gene,https://purl.humanatlas.io/graph/hra-pop
HGNC:4790,H4C5,H4C5,biolink:Gene,https://purl.humanatlas.io/graph/hra-pop
HGNC:47909,RNU6-946P,RNU6-946P,biolink:Gene,https://purl.humanatlas.io/graph/hra-pop
HGNC:4795,H6PD,H6PD,biolink:Gene,https://purl.humanatlas.io/graph/hra-pop
HGNC:4800,HSD17B10,HSD17B10,biolink:Gene,https://purl.humanatlas.io/graph/hra-pop
HGNC:4801,HADHA,HADHA,biolink:Gene,https://purl.humanatlas.io/graph/hra-pop
HGNC:4803,HADHB,HADHB,biolink:Gene,https://purl.humanatlas.io/graph/hra-pop
HGNC:4805,HAGH,HAGH,biolink:Gene,https://purl.humanatlas.io/graph/hra-pop
HGNC:4809,HAO1,HAO1,biolink:Gene,https://purl.humanatlas.io/graph/hra-pop
HGNC:4810,HAO2,HAO2,biolink:Gene,https://purl.humanatlas.io/graph/hra-pop
HGNC:4814,KALRN,KALRN,biolink:Gene,https://purl.humanatlas.io/graph/hra-pop
HGNC:4819,HAS2,HAS2,biolink:Gene,https://purl.humanatlas.io/graph/hra-pop
HGNC:4820,HAS3,HAS3,biolink:Gene,https://purl.humanatlas.io/graph/hra-pop
HGNC:4821,HAT1,HAT1,biolink:Gene,https://purl.humanatlas.io/graph/hra-pop
HGNC:4823,HBA1,HBA1,biolink:Gene,https://purl.humanatlas.io/graph/hra-pop
HGNC:4824,HBA2,HBA2,biolink:Gene,https://purl.humanatlas.io/graph/hra-pop
HGNC:4826,HBM,HBM,biolink:Gene,https://purl.humanatlas.io/graph/hra-pop
HGNC:4827,HBB,HBB,biolink:Gene,https://purl.humanatlas.io/graph/hra-pop
HGNC:4829,HBD,HBD,biolink:Gene,https://purl.humanatlas.io/graph/hra-pop
HGNC:4831,HBG1,HBG1,biolink:Gene,https://purl.humanatlas.io/graph/hra-pop
HGNC:4832,HBG2,HBG2,biolink:Gene,https://purl.humanatlas.io/graph/hra-pop
HGNC:48326,COMMD3-BMI1,COMMD3-BMI1,biolink:Gene,https://purl.humanatlas.io/graph/hra-pop
HGNC:48329,SMIM22,SMIM22,biolink:Gene,https://purl.humanatlas.io/graph/hra-pop
HGNC:48334,SPDYE2B,SPDYE2B,biolink:Gene,https://purl.humanatlas.io/graph/hra-pop
HGNC:48338,MICOS10-NBL1,MICOS10-NBL1,biolink:Gene,https://purl.humanatlas.io/graph/hra-pop
HGNC:4834,HBS1L,HBS1L,biolink:Gene,https://purl.humanatlas.io/graph/hra-pop
HGNC:48349,RPL36A-HNRNPH2,RPL36A-HNRNPH2,biolink:Gene,https://purl.humanatlas.io/graph/hra-pop
HGNC:48354,C8orf44-SGK3,C8orf44-SGK3,biolink:Gene,https://purl.humanatlas.io/graph/hra-pop
HGNC:48368,ZNF625-ZNF20,ZNF625-ZNF20,biolink:Gene,https://purl.humanatlas.io/graph/hra-pop
HGNC:4837,HCCS,HCCS,biolink:Gene,https://purl.humanatlas.io/graph/hra-pop
HGNC:484,ANGPT1,ANGPT1,biolink:Gene,https://purl.humanatlas.io/graph/hra-pop
HGNC:4840,HCK,HCK,biolink:Gene,https://purl.humanatlas.io/graph/hra-pop
HGNC:4844,HCLS1,HCLS1,biolink:Gene,https://purl.humanatlas.io/graph/hra-pop
HGNC:48467,RNU1-125P,RNU1-125P,biolink:Gene,https://purl.humanatlas.io/graph/hra-pop
HGNC:4848,HCRTR1,HCRTR1,biolink:Gene,https://purl.humanatlas.io/graph/hra-pop
HGNC:48498,LUCAT1,LUCAT1,biolink:Gene,https://purl.humanatlas.io/graph/hra-pop
HGNC:485,ANGPT2,ANGPT2,biolink:Gene,https://purl.humanatlas.io/graph/hra-pop
HGNC:48500,DNM1P51,DNM1P51,biolink:Gene,https://purl.humanatlas.io/graph/hra-pop
HGNC:4851,HTT,HTT,biolink:Gene,https://purl.humanatlas.io/graph/hra-pop
HGNC:4853,HDAC2,HDAC2,biolink:Gene,https://purl.humanatlas.io/graph/hra-pop
HGNC:4855,HDC,HDC,biolink:Gene,https://purl.humanatlas.io/graph/hra-pop
HGNC:4856,HDGF,HDGF,biolink:Gene,https://purl.humanatlas.io/graph/hra-pop
HGNC:48568,LINC00882,LINC00882,biolink:Gene,https://purl.humanatlas.io/graph/hra-pop
HGNC:4857,HDLBP,HDLBP,biolink:Gene,https://purl.humanatlas.io/graph/hra-pop
HGNC:48572,LINC00886,LINC00886,biolink:Gene,https://purl.humanatlas.io/graph/hra-pop
HGNC:48578,LINC00892,LINC00892,biolink:Gene,https://purl.humanatlas.io/graph/hra-pop
HGNC:48585,OSER1-DT,OSER1-DT,biolink:Gene,https://purl.humanatlas.io/graph/hra-pop
HGNC:48589,LIPE-AS1,LIPE-AS1,biolink:Gene,https://purl.humanatlas.io/graph/hra-pop
HGNC:48609,CDIPTOSP,CDIPTOSP,biolink:Gene,https://purl.humanatlas.io/graph/hra-pop
HGNC:4861,HELLS,HELLS,biolink:Gene,https://purl.humanatlas.io/graph/hra-pop
HGNC:48611,LINC00920,LINC00920,biolink:Gene,https://purl.humanatlas.io/graph/hra-pop
HGNC:48614,UBL7-DT,UBL7-DT,biolink:Gene,https://purl.humanatlas.io/graph/hra-pop
HGNC:48615,LINC00929,LINC00929,biolink:Gene,https://purl.humanatlas.io/graph/hra-pop
HGNC:48619,SRP14-DT,SRP14-DT,biolink:Gene,https://purl.humanatlas.io/graph/hra-pop
HGNC:4862,NCKAP1L,NCKAP1L,biolink:Gene,https://purl.humanatlas.io/graph/hra-pop
HGNC:48622,NR2F1-AS1,NR2F1-AS1,biolink:Gene,https://purl.humanatlas.io/graph/hra-pop
HGNC:48626,CHASERR,CHASERR,biolink:Gene,https://purl.humanatlas.io/graph/hra-pop
HGNC:48629,LINC00937,LINC00937,biolink:Gene,https://purl.humanatlas.io/graph/hra-pop
HGNC:48632,FZD10-AS1,FZD10-AS1,biolink:Gene,https://purl.humanatlas.io/graph/hra-pop
HGNC:48633,AGAP2-AS1,AGAP2-AS1,biolink:Gene,https://purl.humanatlas.io/graph/hra-pop
HGNC:48646,ZBED5-AS1,ZBED5-AS1,biolink:Gene,https://purl.humanatlas.io/graph/hra-pop
HGNC:48659,MIR181A1HG,MIR181A1HG,biolink:Gene,https://purl.humanatlas.io/graph/hra-pop
HGNC:48661,FTCDNL1,FTCDNL1,biolink:Gene,https://purl.humanatlas.io/graph/hra-pop
HGNC:48664,PRDM16-DT,PRDM16-DT,biolink:Gene,https://purl.humanatlas.io/graph/hra-pop
HGNC:48667,TEX41,TEX41,biolink:Gene,https://purl.humanatlas.io/graph/hra-pop
HGNC:4867,HERC1,HERC1,biolink:Gene,https://purl.humanatlas.io/graph/hra-pop
HGNC:48671,LINC00958,LINC00958,biolink:Gene,https://purl.humanatlas.io/graph/hra-pop
HGNC:48673,USP2-AS1,USP2-AS1,biolink:Gene,https://purl.humanatlas.io/graph/hra-pop
HGNC:4868,HERC2,HERC2,biolink:Gene,https://purl.humanatlas.io/graph/hra-pop
HGNC:48687,ENPP7P4,ENPP7P4,biolink:Gene,https://purl.humanatlas.io/graph/hra-pop
HGNC:48691,ENPP7P8,ENPP7P8,biolink:Gene,https://purl.humanatlas.io/graph/hra-pop
HGNC:48693,ENPP7P10,ENPP7P10,biolink:Gene,https://purl.humanatlas.io/graph/hra-pop
HGNC:48698,ENPP7P6,ENPP7P6,biolink:Gene,https://purl.humanatlas.io/graph/hra-pop
HGNC:48699,ENPP7P1,ENPP7P1,biolink:Gene,https://purl.humanatlas.io/graph/hra-pop
HGNC:487,ANGPT4,ANGPT4,biolink:Gene,https://purl.humanatlas.io/graph/hra-pop
HGNC:48724,MSC-AS1,MSC-AS1,biolink:Gene,https://purl.humanatlas.io/graph/hra-pop
HGNC:48730,LINC00970,LINC00970,biolink:Gene,https://purl.humanatlas.io/graph/hra-pop
HGNC:48743,APOOP5,APOOP5,biolink:Gene,https://purl.humanatlas.io/graph/hra-pop
HGNC:48751,HNRNPH1P1,HNRNPH1P1,biolink:Gene,https://purl.humanatlas.io/graph/hra-pop
HGNC:48770,HNRNPA1P41,HNRNPA1P41,biolink:Gene,https://purl.humanatlas.io/graph/hra-pop
HGNC:48779,HNRNPA1P49,HNRNPA1P49,biolink:Gene,https://purl.humanatlas.io/graph/hra-pop
HGNC:4878,HEXA,HEXA,biolink:Gene,https://purl.humanatlas.io/graph/hra-pop
HGNC:4880,HEY1,HEY1,biolink:Gene,https://purl.humanatlas.io/graph/hra-pop
HGNC:4881,HEY2,HEY2,biolink:Gene,https://purl.humanatlas.io/graph/hra-pop
HGNC:48816,HNRNPCP4,HNRNPCP4,biolink:Gene,https://purl.humanatlas.io/graph/hra-pop
HGNC:48824,PCAT7,PCAT7,biolink:Gene,https://purl.humanatlas.io/graph/hra-pop
HGNC:48826,LINC00972,LINC00972,biolink:Gene,https://purl.humanatlas.io/graph/hra-pop
HGNC:4883,CFH,CFH,biolink:Gene,https://purl.humanatlas.io/graph/hra-pop
HGNC:48853,NDUFA5P11,NDUFA5P11,biolink:Gene,https://purl.humanatlas.io/graph/hra-pop
HGNC:48868,LINC00973,LINC00973,biolink:Gene,https://purl.humanatlas.io/graph/hra-pop
HGNC:48877,STX18-AS1,STX18-AS1,biolink:Gene,https://purl.humanatlas.io/graph/hra-pop
HGNC:4888,CFHR1,CFHR1,biolink:Gene,https://purl.humanatlas.io/graph/hra-pop
HGNC:48898,STAG3L5P-PVRIG2P-PILRB,STAG3L5P-PVRIG2P-PILRB,biolink:Gene,https://purl.humanatlas.io/graph/hra-pop
HGNC:4890,CFHR2,CFHR2,biolink:Gene,https://purl.humanatlas.io/graph/hra-pop
HGNC:48906,CASC9,CASC9,biolink:Gene,https://purl.humanatlas.io/graph/hra-pop
HGNC:48908,MEF2C-AS1,MEF2C-AS1,biolink:Gene,https://purl.humanatlas.io/graph/hra-pop
HGNC:48918,LINC00989,LINC00989,biolink:Gene,https://purl.humanatlas.io/graph/hra-pop
HGNC:4892,HGD,HGD,biolink:Gene,https://purl.humanatlas.io/graph/hra-pop
HGNC:48925,APELA,APELA,biolink:Gene,https://purl.humanatlas.io/graph/hra-pop
HGNC:4893,HGF,HGF,biolink:Gene,https://purl.humanatlas.io/graph/hra-pop
HGNC:48951,GARS1-DT,GARS1-DT,biolink:Gene,https://purl.humanatlas.io/graph/hra-pop
HGNC:48952,LINC00997,LINC00997,biolink:Gene,https://purl.humanatlas.io/graph/hra-pop
HGNC:48953,SMIM30,SMIM30,biolink:Gene,https://purl.humanatlas.io/graph/hra-pop
HGNC:48955,UMAD1,UMAD1,biolink:Gene,https://purl.humanatlas.io/graph/hra-pop
HGNC:48958,PAXIP1-AS2,PAXIP1-AS2,biolink:Gene,https://purl.humanatlas.io/graph/hra-pop
HGNC:48961,LINC01004,LINC01004,biolink:Gene,https://purl.humanatlas.io/graph/hra-pop
HGNC:48974,TRG-AS1,TRG-AS1,biolink:Gene,https://purl.humanatlas.io/graph/hra-pop
HGNC:48978,LINC01010,LINC01010,biolink:Gene,https://purl.humanatlas.io/graph/hra-pop
HGNC:48982,ZSCAN16-AS1,ZSCAN16-AS1,biolink:Gene,https://purl.humanatlas.io/graph/hra-pop
HGNC:48990,EPM2A-DT,EPM2A-DT,biolink:Gene,https://purl.humanatlas.io/graph/hra-pop
HGNC:48993,GMDS-DT,GMDS-DT,biolink:Gene,https://purl.humanatlas.io/graph/hra-pop
HGNC:48996,ANXA2R-OT1,ANXA2R-OT1,biolink:Gene,https://purl.humanatlas.io/graph/hra-pop
HGNC:48999,GRPEL2-AS1,GRPEL2-AS1,biolink:Gene,https://purl.humanatlas.io/graph/hra-pop
HGNC:49,ABCB8,ABCB8,biolink:Gene,https://purl.humanatlas.io/graph/hra-pop
HGNC:49007,SNHG18,SNHG18,biolink:Gene,https://purl.humanatlas.io/graph/hra-pop
HGNC:49019,LINC01033,LINC01033,biolink:Gene,https://purl.humanatlas.io/graph/hra-pop
HGNC:49022,LINC01035,LINC01035,biolink:Gene,https://purl.humanatlas.io/graph/hra-pop
HGNC:49049,LINC01055,LINC01055,biolink:Gene,https://purl.humanatlas.io/graph/hra-pop
HGNC:4907,HIBADH,HIBADH,biolink:Gene,https://purl.humanatlas.io/graph/hra-pop
HGNC:49076,CASC6,CASC6,biolink:Gene,https://purl.humanatlas.io/graph/hra-pop
HGNC:49077,EGLN3-AS1,EGLN3-AS1,biolink:Gene,https://purl.humanatlas.io/graph/hra-pop
HGNC:4908,HIBCH,HIBCH,biolink:Gene,https://purl.humanatlas.io/graph/hra-pop
HGNC:49081,LINC01060,LINC01060,biolink:Gene,https://purl.humanatlas.io/graph/hra-pop
HGNC:4910,HIF1A,HIF1A,biolink:Gene,https://purl.humanatlas.io/graph/hra-pop
HGNC:4912,HINT1,HINT1,biolink:Gene,https://purl.humanatlas.io/graph/hra-pop
HGNC:49128,DMAC1P1,DMAC1P1,biolink:Gene,https://purl.humanatlas.io/graph/hra-pop
HGNC:4913,HIP1,HIP1,biolink:Gene,https://purl.humanatlas.io/graph/hra-pop
HGNC:4914,UBE2K,UBE2K,biolink:Gene,https://purl.humanatlas.io/graph/hra-pop
HGNC:49148,LINC01088,LINC01088,biolink:Gene,https://purl.humanatlas.io/graph/hra-pop
HGNC:4915,HIPK3,HIPK3,biolink:Gene,https://purl.humanatlas.io/graph/hra-pop
HGNC:49151,AK6,AK6,biolink:Gene,https://purl.humanatlas.io/graph/hra-pop
HGNC:49154,BMS1P10,BMS1P10,biolink:Gene,https://purl.humanatlas.io/graph/hra-pop
HGNC:49159,BMS1P14,BMS1P14,biolink:Gene,https://purl.humanatlas.io/graph/hra-pop
HGNC:49168,OR2A1-AS1,OR2A1-AS1,biolink:Gene,https://purl.humanatlas.io/graph/hra-pop
HGNC:4917,HIRIP3,HIRIP3,biolink:Gene,https://purl.humanatlas.io/graph/hra-pop
HGNC:49171,ELOCP30,ELOCP30,biolink:Gene,https://purl.humanatlas.io/graph/hra-pop
HGNC:49181,RPS10-NUDT3,RPS10-NUDT3,biolink:Gene,https://purl.humanatlas.io/graph/hra-pop
HGNC:49182,SENP3-EIF4A1,SENP3-EIF4A1,biolink:Gene,https://purl.humanatlas.io/graph/hra-pop
HGNC:49183,BORCS7-ASMT,BORCS7-ASMT,biolink:Gene,https://purl.humanatlas.io/graph/hra-pop
HGNC:49184,HSPE1-MOB4,HSPE1-MOB4,biolink:Gene,https://purl.humanatlas.io/graph/hra-pop
HGNC:49185,SPECC1L-ADORA2A,SPECC1L-ADORA2A,biolink:Gene,https://purl.humanatlas.io/graph/hra-pop
HGNC:49189,HNRNPUL2-BSCL2,HNRNPUL2-BSCL2,biolink:Gene,https://purl.humanatlas.io/graph/hra-pop
HGNC:49197,ARL2-SNX15,ARL2-SNX15,biolink:Gene,https://purl.humanatlas.io/graph/hra-pop
HGNC:492,ANK1,ANK1,biolink:Gene,https://purl.humanatlas.io/graph/hra-pop
HGNC:49201,LINC01090,LINC01090,biolink:Gene,https://purl.humanatlas.io/graph/hra-pop
HGNC:49205,KIF28P,KIF28P,biolink:Gene,https://purl.humanatlas.io/graph/hra-pop
HGNC:4921,HIVEP2,HIVEP2,biolink:Gene,https://purl.humanatlas.io/graph/hra-pop
HGNC:4922,HK1,HK1,biolink:Gene,https://purl.humanatlas.io/graph/hra-pop
HGNC:49222,LINC01099,LINC01099,biolink:Gene,https://purl.humanatlas.io/graph/hra-pop
HGNC:4923,HK2,HK2,biolink:Gene,https://purl.humanatlas.io/graph/hra-pop
HGNC:49237,LINC01111,LINC01111,biolink:Gene,https://purl.humanatlas.io/graph/hra-pop
HGNC:49259,LINC01116,LINC01116,biolink:Gene,https://purl.humanatlas.io/graph/hra-pop
HGNC:49266,LINC01121,LINC01121,biolink:Gene,https://purl.humanatlas.io/graph/hra-pop
HGNC:49269,LINC01123,LINC01123,biolink:Gene,https://purl.humanatlas.io/graph/hra-pop
HGNC:49271,PAX8-AS1,PAX8-AS1,biolink:Gene,https://purl.humanatlas.io/graph/hra-pop
HGNC:4928,ZNF875,ZNF875,biolink:Gene,https://purl.humanatlas.io/graph/hra-pop
HGNC:49297,TPT1P6,TPT1P6,biolink:Gene,https://purl.humanatlas.io/graph/hra-pop
HGNC:49299,TPT1P9,TPT1P9,biolink:Gene,https://purl.humanatlas.io/graph/hra-pop
HGNC:493,ANK2,ANK2,biolink:Gene,https://purl.humanatlas.io/graph/hra-pop
HGNC:4930,ZBTB48,ZBTB48,biolink:Gene,https://purl.humanatlas.io/graph/hra-pop
HGNC:4931,HLA-A,HLA-A,biolink:Gene,https://purl.humanatlas.io/graph/hra-pop
HGNC:4932,HLA-B,HLA-B,biolink:Gene,https://purl.humanatlas.io/graph/hra-pop
HGNC:49322,HSPE1P3,HSPE1P3,biolink:Gene,https://purl.humanatlas.io/graph/hra-pop
HGNC:49323,HSPE1P4,HSPE1P4,biolink:Gene,https://purl.humanatlas.io/graph/hra-pop
HGNC:49328,HSPE1P9,HSPE1P9,biolink:Gene,https://purl.humanatlas.io/graph/hra-pop
HGNC:4933,HLA-C,HLA-C,biolink:Gene,https://purl.humanatlas.io/graph/hra-pop
HGNC:4934,HLA-DMA,HLA-DMA,biolink:Gene,https://purl.humanatlas.io/graph/hra-pop
HGNC:4935,HLA-DMB,HLA-DMB,biolink:Gene,https://purl.humanatlas.io/graph/hra-pop
HGNC:4936,HLA-DOA,HLA-DOA,biolink:Gene,https://purl.humanatlas.io/graph/hra-pop
HGNC:49369,COX6CP17,COX6CP17,biolink:Gene,https://purl.humanatlas.io/graph/hra-pop
HGNC:4937,HLA-DOB,HLA-DOB,biolink:Gene,https://purl.humanatlas.io/graph/hra-pop
HGNC:4938,HLA-DPA1,HLA-DPA1,biolink:Gene,https://purl.humanatlas.io/graph/hra-pop
HGNC:49384,CD81-AS1,CD81-AS1,biolink:Gene,https://purl.humanatlas.io/graph/hra-pop
HGNC:494,ANK3,ANK3,biolink:Gene,https://purl.humanatlas.io/graph/hra-pop
HGNC:4940,HLA-DPB1,HLA-DPB1,biolink:Gene,https://purl.humanatlas.io/graph/hra-pop
HGNC:4942,HLA-DQA1,HLA-DQA1,biolink:Gene,https://purl.humanatlas.io/graph/hra-pop
HGNC:4943,HLA-DQA2,HLA-DQA2,biolink:Gene,https://purl.humanatlas.io/graph/hra-pop
HGNC:4944,HLA-DQB1,HLA-DQB1,biolink:Gene,https://purl.humanatlas.io/graph/hra-pop
HGNC:49445,SLC16A1-AS1,SLC16A1-AS1,biolink:Gene,https://purl.humanatlas.io/graph/hra-pop
HGNC:49467,HISLA,HISLA,biolink:Gene,https://purl.humanatlas.io/graph/hra-pop
HGNC:4947,HLA-DRA,HLA-DRA,biolink:Gene,https://purl.humanatlas.io/graph/hra-pop
HGNC:4948,HLA-DRB1,HLA-DRB1,biolink:Gene,https://purl.humanatlas.io/graph/hra-pop
HGNC:49486,TXNP6,TXNP6,biolink:Gene,https://purl.humanatlas.io/graph/hra-pop
HGNC:495,ANKRD2,ANKRD2,biolink:Gene,https://purl.humanatlas.io/graph/hra-pop
HGNC:49510,KANTR,KANTR,biolink:Gene,https://purl.humanatlas.io/graph/hra-pop
HGNC:49513,PANTR1,PANTR1,biolink:Gene,https://purl.humanatlas.io/graph/hra-pop
HGNC:49528,LINC01162,LINC01162,biolink:Gene,https://purl.humanatlas.io/graph/hra-pop
HGNC:4953,HLA-DRB5,HLA-DRB5,biolink:Gene,https://purl.humanatlas.io/graph/hra-pop
HGNC:4954,HLA-DRB6,HLA-DRB6,biolink:Gene,https://purl.humanatlas.io/graph/hra-pop
HGNC:49548,LINC01176,LINC01176,biolink:Gene,https://purl.humanatlas.io/graph/hra-pop
HGNC:49564,LINC01182,LINC01182,biolink:Gene,https://purl.humanatlas.io/graph/hra-pop
HGNC:49565,SLC12A2-DT,SLC12A2-DT,biolink:Gene,https://purl.humanatlas.io/graph/hra-pop
HGNC:49574,SNHG19,SNHG19,biolink:Gene,https://purl.humanatlas.io/graph/hra-pop
HGNC:49575,LINC01187,LINC01187,biolink:Gene,https://purl.humanatlas.io/graph/hra-pop
HGNC:49592,LINC01189,LINC01189,biolink:Gene,https://purl.humanatlas.io/graph/hra-pop
HGNC:49593,PCAT19,PCAT19,biolink:Gene,https://purl.humanatlas.io/graph/hra-pop
HGNC:49597,LETR1,LETR1,biolink:Gene,https://purl.humanatlas.io/graph/hra-pop
HGNC:49600,PAEPP1,PAEPP1,biolink:Gene,https://purl.humanatlas.io/graph/hra-pop
HGNC:4962,HLA-E,HLA-E,biolink:Gene,https://purl.humanatlas.io/graph/hra-pop
HGNC:49627,FIRRE,FIRRE,biolink:Gene,https://purl.humanatlas.io/graph/hra-pop
HGNC:49629,MCRIP2P1,MCRIP2P1,biolink:Gene,https://purl.humanatlas.io/graph/hra-pop
HGNC:4963,HLA-F,HLA-F,biolink:Gene,https://purl.humanatlas.io/graph/hra-pop
HGNC:49634,LINC01203,LINC01203,biolink:Gene,https://purl.humanatlas.io/graph/hra-pop
HGNC:4964,HLA-G,HLA-G,biolink:Gene,https://purl.humanatlas.io/graph/hra-pop
HGNC:4965,HLA-H,HLA-H,biolink:Gene,https://purl.humanatlas.io/graph/hra-pop
HGNC:49678,LINC01226,LINC01226,biolink:Gene,https://purl.humanatlas.io/graph/hra-pop
HGNC:49682,LINC01229,LINC01229,biolink:Gene,https://purl.humanatlas.io/graph/hra-pop
HGNC:49687,IPO5P1,IPO5P1,biolink:Gene,https://purl.humanatlas.io/graph/hra-pop
HGNC:49696,BNIP3P16,BNIP3P16,biolink:Gene,https://purl.humanatlas.io/graph/hra-pop
HGNC:497,TRPA1,TRPA1,biolink:Gene,https://purl.humanatlas.io/graph/hra-pop
HGNC:49712,BNIP3P32,BNIP3P32,biolink:Gene,https://purl.humanatlas.io/graph/hra-pop
HGNC:49753,PTPRD-AS1,PTPRD-AS1,biolink:Gene,https://purl.humanatlas.io/graph/hra-pop
HGNC:49769,LINC01235,LINC01235,biolink:Gene,https://purl.humanatlas.io/graph/hra-pop
HGNC:49778,SAMM50P1,SAMM50P1,biolink:Gene,https://purl.humanatlas.io/graph/hra-pop
HGNC:4978,HLX,HLX,biolink:Gene,https://purl.humanatlas.io/graph/hra-pop
HGNC:49783,MAP1LC3BP1,MAP1LC3BP1,biolink:Gene,https://purl.humanatlas.io/graph/hra-pop
HGNC:49810,LINC01242,LINC01242,biolink:Gene,https://purl.humanatlas.io/graph/hra-pop
HGNC:4983,HMGB1,HMGB1,biolink:Gene,https://purl.humanatlas.io/graph/hra-pop
HGNC:4984,HMGN1,HMGN1,biolink:Gene,https://purl.humanatlas.io/graph/hra-pop
HGNC:49847,SMIM10L1,SMIM10L1,biolink:Gene,https://purl.humanatlas.io/graph/hra-pop
HGNC:49859,SMG1P2,SMG1P2,biolink:Gene,https://purl.humanatlas.io/graph/hra-pop
HGNC:4986,HMGN2,HMGN2,biolink:Gene,https://purl.humanatlas.io/graph/hra-pop
HGNC:49861,SMG1P4,SMG1P4,biolink:Gene,https://purl.humanatlas.io/graph/hra-pop
HGNC:49863,SMG1P6,SMG1P6,biolink:Gene,https://purl.humanatlas.io/graph/hra-pop
HGNC:49872,PDCD6IPP1,PDCD6IPP1,biolink:Gene,https://purl.humanatlas.io/graph/hra-pop
HGNC:4989,HMGN4,HMGN4,biolink:Gene,https://purl.humanatlas.io/graph/hra-pop
HGNC:49895,LINC01256,LINC01256,biolink:Gene,https://purl.humanatlas.io/graph/hra-pop
HGNC:49898,LINC01258,LINC01258,biolink:Gene,https://purl.humanatlas.io/graph/hra-pop
HGNC:49916,TMX2P1,TMX2P1,biolink:Gene,https://purl.humanatlas.io/graph/hra-pop
HGNC:4994,HMGB1P10,HMGB1P10,biolink:Gene,https://purl.humanatlas.io/graph/hra-pop
HGNC:4997,HMGB1P5,HMGB1P5,biolink:Gene,https://purl.humanatlas.io/graph/hra-pop
HGNC:4998,HMGB1P6,HMGB1P6,biolink:Gene,https://purl.humanatlas.io/graph/hra-pop
HGNC:500,ANPEP,ANPEP,biolink:Gene,https://purl.humanatlas.io/graph/hra-pop
HGNC:5000,HMGB2,HMGB2,biolink:Gene,https://purl.humanatlas.io/graph/hra-pop
HGNC:5004,HMGB3,HMGB3,biolink:Gene,https://purl.humanatlas.io/graph/hra-pop
HGNC:5007,HMGCS1,HMGCS1,biolink:Gene,https://purl.humanatlas.io/graph/hra-pop
HGNC:5008,HMGCS2,HMGCS2,biolink:Gene,https://purl.humanatlas.io/graph/hra-pop
HGNC:5009,HMGA2,HMGA2,biolink:Gene,https://purl.humanatlas.io/graph/hra-pop
HGNC:5010,HMGA1,HMGA1,biolink:Gene,https://purl.humanatlas.io/graph/hra-pop
HGNC:5021,FOXA1,FOXA1,biolink:Gene,https://purl.humanatlas.io/graph/hra-pop
HGNC:50235,MIR6084,MIR6084,biolink:Gene,https://purl.humanatlas.io/graph/hra-pop
HGNC:5024,HNF4A,HNF4A,biolink:Gene,https://purl.humanatlas.io/graph/hra-pop
HGNC:5026,HNF4G,HNF4G,biolink:Gene,https://purl.humanatlas.io/graph/hra-pop
HGNC:50281,LINC00824,LINC00824,biolink:Gene,https://purl.humanatlas.io/graph/hra-pop
HGNC:50296,OSMR-DT,OSMR-DT,biolink:Gene,https://purl.humanatlas.io/graph/hra-pop
HGNC:5030,HNRNPA0,HNRNPA0,biolink:Gene,https://purl.humanatlas.io/graph/hra-pop
HGNC:5031,HNRNPA1,HNRNPA1,biolink:Gene,https://purl.humanatlas.io/graph/hra-pop
HGNC:50328,PELATON,PELATON,biolink:Gene,https://purl.humanatlas.io/graph/hra-pop
HGNC:5033,HNRNPA2B1,HNRNPA2B1,biolink:Gene,https://purl.humanatlas.io/graph/hra-pop
HGNC:5034,HNRNPAB,HNRNPAB,biolink:Gene,https://purl.humanatlas.io/graph/hra-pop
HGNC:50344,LINC01285,LINC01285,biolink:Gene,https://purl.humanatlas.io/graph/hra-pop
HGNC:5035,HNRNPC,HNRNPC,biolink:Gene,https://purl.humanatlas.io/graph/hra-pop
HGNC:50355,TBX2-AS1,TBX2-AS1,biolink:Gene,https://purl.humanatlas.io/graph/hra-pop
HGNC:50356,LINC01290,LINC01290,biolink:Gene,https://purl.humanatlas.io/graph/hra-pop
HGNC:50357,WFDC21P,WFDC21P,biolink:Gene,https://purl.humanatlas.io/graph/hra-pop
HGNC:5036,HNRNPD,HNRNPD,biolink:Gene,https://purl.humanatlas.io/graph/hra-pop
HGNC:5037,HNRNPDL,HNRNPDL,biolink:Gene,https://purl.humanatlas.io/graph/hra-pop
HGNC:5039,HNRNPF,HNRNPF,biolink:Gene,https://purl.humanatlas.io/graph/hra-pop
HGNC:5041,HNRNPH1,HNRNPH1,biolink:Gene,https://purl.humanatlas.io/graph/hra-pop
HGNC:5042,HNRNPH2,HNRNPH2,biolink:Gene,https://purl.humanatlas.io/graph/hra-pop
HGNC:5043,HNRNPH3,HNRNPH3,biolink:Gene,https://purl.humanatlas.io/graph/hra-pop
HGNC:5044,HNRNPK,HNRNPK,biolink:Gene,https://purl.humanatlas.io/graph/hra-pop
HGNC:5045,HNRNPL,HNRNPL,biolink:Gene,https://purl.humanatlas.io/graph/hra-pop
HGNC:50451,GNA14-AS1,GNA14-AS1,biolink:Gene,https://purl.humanatlas.io/graph/hra-pop
HGNC:5046,HNRNPM,HNRNPM,biolink:Gene,https://purl.humanatlas.io/graph/hra-pop
HGNC:50466,OTUD6B-AS1,OTUD6B-AS1,biolink:Gene,https://purl.humanatlas.io/graph/hra-pop
HGNC:50467,DLGAP2-AS1,DLGAP2-AS1,biolink:Gene,https://purl.humanatlas.io/graph/hra-pop
HGNC:5047,HNRNPR,HNRNPR,biolink:Gene,https://purl.humanatlas.io/graph/hra-pop
HGNC:5048,HNRNPU,HNRNPU,biolink:Gene,https://purl.humanatlas.io/graph/hra-pop
HGNC:50490,BIRC6-AS2,BIRC6-AS2,biolink:Gene,https://purl.humanatlas.io/graph/hra-pop
HGNC:50506,TARID,TARID,biolink:Gene,https://purl.humanatlas.io/graph/hra-pop
HGNC:50519,TOMM20P2,TOMM20P2,biolink:Gene,https://purl.humanatlas.io/graph/hra-pop
HGNC:50526,LINC01320,LINC01320,biolink:Gene,https://purl.humanatlas.io/graph/hra-pop
HGNC:50537,MIR217HG,MIR217HG,biolink:Gene,https://purl.humanatlas.io/graph/hra-pop
HGNC:50544,SCAMP1-AS1,SCAMP1-AS1,biolink:Gene,https://purl.humanatlas.io/graph/hra-pop
HGNC:50551,LINC01342,LINC01342,biolink:Gene,https://purl.humanatlas.io/graph/hra-pop
HGNC:50553,LINC01343,LINC01343,biolink:Gene,https://purl.humanatlas.io/graph/hra-pop
HGNC:50563,LINC01346,LINC01346,biolink:Gene,https://purl.humanatlas.io/graph/hra-pop
HGNC:50568,LINC01349,LINC01349,biolink:Gene,https://purl.humanatlas.io/graph/hra-pop
HGNC:50582,ELOA-AS1,ELOA-AS1,biolink:Gene,https://purl.humanatlas.io/graph/hra-pop
HGNC:50587,LINC01356,LINC01356,biolink:Gene,https://purl.humanatlas.io/graph/hra-pop
HGNC:50591,LINC01359,LINC01359,biolink:Gene,https://purl.humanatlas.io/graph/hra-pop
HGNC:50604,ADGRL3-AS1,ADGRL3-AS1,biolink:Gene,https://purl.humanatlas.io/graph/hra-pop
HGNC:50609,MYHAS,MYHAS,biolink:Gene,https://purl.humanatlas.io/graph/hra-pop
HGNC:50631,LINC01374,LINC01374,biolink:Gene,https://purl.humanatlas.io/graph/hra-pop
HGNC:50636,DIRC3-AS1,DIRC3-AS1,biolink:Gene,https://purl.humanatlas.io/graph/hra-pop
HGNC:50658,FOXD1-AS1,FOXD1-AS1,biolink:Gene,https://purl.humanatlas.io/graph/hra-pop
HGNC:50680,LINC01399,LINC01399,biolink:Gene,https://purl.humanatlas.io/graph/hra-pop
HGNC:50687,SATB1-AS1,SATB1-AS1,biolink:Gene,https://purl.humanatlas.io/graph/hra-pop
HGNC:50698,ZFPM2-AS1,ZFPM2-AS1,biolink:Gene,https://purl.humanatlas.io/graph/hra-pop
HGNC:50700,BBOX1-AS1,BBOX1-AS1,biolink:Gene,https://purl.humanatlas.io/graph/hra-pop
HGNC:50701,LINC01409,LINC01409,biolink:Gene,https://purl.humanatlas.io/graph/hra-pop
HGNC:50703,LINC01411,LINC01411,biolink:Gene,https://purl.humanatlas.io/graph/hra-pop
HGNC:50711,LINC01418,LINC01418,biolink:Gene,https://purl.humanatlas.io/graph/hra-pop
HGNC:50717,EPC1-AS1,EPC1-AS1,biolink:Gene,https://purl.humanatlas.io/graph/hra-pop
HGNC:50734,LINC01426,LINC01426,biolink:Gene,https://purl.humanatlas.io/graph/hra-pop
HGNC:50750,PPP3CB-AS1,PPP3CB-AS1,biolink:Gene,https://purl.humanatlas.io/graph/hra-pop
HGNC:50753,LINC01435,LINC01435,biolink:Gene,https://purl.humanatlas.io/graph/hra-pop
HGNC:50777,SGO1P2,SGO1P2,biolink:Gene,https://purl.humanatlas.io/graph/hra-pop
HGNC:50862,DANT2,DANT2,biolink:Gene,https://purl.humanatlas.io/graph/hra-pop
HGNC:50913,LNCAROD,LNCAROD,biolink:Gene,https://purl.humanatlas.io/graph/hra-pop
HGNC:51,ABCC1,ABCC1,biolink:Gene,https://purl.humanatlas.io/graph/hra-pop
HGNC:5103,HOXA2,HOXA2,biolink:Gene,https://purl.humanatlas.io/graph/hra-pop
HGNC:5104,HOXA3,HOXA3,biolink:Gene,https://purl.humanatlas.io/graph/hra-pop
HGNC:5105,HOXA4,HOXA4,biolink:Gene,https://purl.humanatlas.io/graph/hra-pop
HGNC:5108,HOXA7,HOXA7,biolink:Gene,https://purl.humanatlas.io/graph/hra-pop
HGNC:51105,LINC01470,LINC01470,biolink:Gene,https://purl.humanatlas.io/graph/hra-pop
HGNC:51108,GATA2-AS1,GATA2-AS1,biolink:Gene,https://purl.humanatlas.io/graph/hra-pop
HGNC:51109,LINC01473,LINC01473,biolink:Gene,https://purl.humanatlas.io/graph/hra-pop
HGNC:51110,SEMA6A-AS1,SEMA6A-AS1,biolink:Gene,https://purl.humanatlas.io/graph/hra-pop
HGNC:51112,PPP4R1-AS1,PPP4R1-AS1,biolink:Gene,https://purl.humanatlas.io/graph/hra-pop
HGNC:51121,LINC01478,LINC01478,biolink:Gene,https://purl.humanatlas.io/graph/hra-pop
HGNC:51125,SLC14A2-AS1,SLC14A2-AS1,biolink:Gene,https://purl.humanatlas.io/graph/hra-pop
HGNC:51128,LINC01482,LINC01482,biolink:Gene,https://purl.humanatlas.io/graph/hra-pop
HGNC:5113,HOXB2,HOXB2,biolink:Gene,https://purl.humanatlas.io/graph/hra-pop
HGNC:51130,LINC01483,LINC01483,biolink:Gene,https://purl.humanatlas.io/graph/hra-pop
HGNC:5114,HOXB3,HOXB3,biolink:Gene,https://purl.humanatlas.io/graph/hra-pop
HGNC:51144,LINC01488,LINC01488,biolink:Gene,https://purl.humanatlas.io/graph/hra-pop
HGNC:5116,HOXB5,HOXB5,biolink:Gene,https://purl.humanatlas.io/graph/hra-pop
HGNC:51162,LINC01496,LINC01496,biolink:Gene,https://purl.humanatlas.io/graph/hra-pop
HGNC:51166,LINC01500,LINC01500,biolink:Gene,https://purl.humanatlas.io/graph/hra-pop
HGNC:5117,HOXB6,HOXB6,biolink:Gene,https://purl.humanatlas.io/graph/hra-pop
HGNC:5118,HOXB7,HOXB7,biolink:Gene,https://purl.humanatlas.io/graph/hra-pop
HGNC:51180,CFAP99,CFAP99,biolink:Gene,https://purl.humanatlas.io/graph/hra-pop
HGNC:51184,LINC01503,LINC01503,biolink:Gene,https://purl.humanatlas.io/graph/hra-pop
HGNC:51185,LINC01504,LINC01504,biolink:Gene,https://purl.humanatlas.io/graph/hra-pop
HGNC:51186,LINC01505,LINC01505,biolink:Gene,https://purl.humanatlas.io/graph/hra-pop
HGNC:5119,HOXB8,HOXB8,biolink:Gene,https://purl.humanatlas.io/graph/hra-pop
HGNC:51195,PGM5P4-AS1,PGM5P4-AS1,biolink:Gene,https://purl.humanatlas.io/graph/hra-pop
HGNC:51196,COMETT,COMETT,biolink:Gene,https://purl.humanatlas.io/graph/hra-pop
HGNC:5120,HOXB9,HOXB9,biolink:Gene,https://purl.humanatlas.io/graph/hra-pop
HGNC:51204,NUTM2B-AS1,NUTM2B-AS1,biolink:Gene,https://purl.humanatlas.io/graph/hra-pop
HGNC:51206,PLCE1-AS2,PLCE1-AS2,biolink:Gene,https://purl.humanatlas.io/graph/hra-pop
HGNC:51210,LINC01515,LINC01515,biolink:Gene,https://purl.humanatlas.io/graph/hra-pop
HGNC:51212,LINC01517,LINC01517,biolink:Gene,https://purl.humanatlas.io/graph/hra-pop
HGNC:51213,KCNMA1-AS1,KCNMA1-AS1,biolink:Gene,https://purl.humanatlas.io/graph/hra-pop
HGNC:5122,HOXC10,HOXC10,biolink:Gene,https://purl.humanatlas.io/graph/hra-pop
HGNC:51223,DLGAP4-AS1,DLGAP4-AS1,biolink:Gene,https://purl.humanatlas.io/graph/hra-pop
HGNC:51230,MCM8-AS1,MCM8-AS1,biolink:Gene,https://purl.humanatlas.io/graph/hra-pop
HGNC:51231,KIZ-AS1,KIZ-AS1,biolink:Gene,https://purl.humanatlas.io/graph/hra-pop
HGNC:51232,CSE1L-DT,CSE1L-DT,biolink:Gene,https://purl.humanatlas.io/graph/hra-pop
HGNC:51239,GVQW3,GVQW3,biolink:Gene,https://purl.humanatlas.io/graph/hra-pop
HGNC:51241,TMEM265,TMEM265,biolink:Gene,https://purl.humanatlas.io/graph/hra-pop
HGNC:51257,GIMAP1-GIMAP5,GIMAP1-GIMAP5,biolink:Gene,https://purl.humanatlas.io/graph/hra-pop
HGNC:5126,HOXC4,HOXC4,biolink:Gene,https://purl.humanatlas.io/graph/hra-pop
HGNC:51272,LINC01532,LINC01532,biolink:Gene,https://purl.humanatlas.io/graph/hra-pop
HGNC:5128,HOXC6,HOXC6,biolink:Gene,https://purl.humanatlas.io/graph/hra-pop
HGNC:51295,ACSM5P1,ACSM5P1,biolink:Gene,https://purl.humanatlas.io/graph/hra-pop
HGNC:5130,HOXC9,HOXC9,biolink:Gene,https://purl.humanatlas.io/graph/hra-pop
HGNC:51305,ZNF528-AS1,ZNF528-AS1,biolink:Gene,https://purl.humanatlas.io/graph/hra-pop
HGNC:51307,LINC01539,LINC01539,biolink:Gene,https://purl.humanatlas.io/graph/hra-pop
HGNC:51311,DSG2-AS1,DSG2-AS1,biolink:Gene,https://purl.humanatlas.io/graph/hra-pop
HGNC:5132,HOXD1,HOXD1,biolink:Gene,https://purl.humanatlas.io/graph/hra-pop
HGNC:5133,HOXD10,HOXD10,biolink:Gene,https://purl.humanatlas.io/graph/hra-pop
HGNC:51333,HNRNPCL4,HNRNPCL4,biolink:Gene,https://purl.humanatlas.io/graph/hra-pop
HGNC:51334,PIK3CD-AS2,PIK3CD-AS2,biolink:Gene,https://purl.humanatlas.io/graph/hra-pop
HGNC:51335,LINC01562,LINC01562,biolink:Gene,https://purl.humanatlas.io/graph/hra-pop
HGNC:5134,HOXD11,HOXD11,biolink:Gene,https://purl.humanatlas.io/graph/hra-pop
HGNC:51342,ALOX12-AS1,ALOX12-AS1,biolink:Gene,https://purl.humanatlas.io/graph/hra-pop
HGNC:51347,PRKCA-AS1,PRKCA-AS1,biolink:Gene,https://purl.humanatlas.io/graph/hra-pop
HGNC:51368,NSMCE1-DT,NSMCE1-DT,biolink:Gene,https://purl.humanatlas.io/graph/hra-pop
HGNC:5137,HOXD3,HOXD3,biolink:Gene,https://purl.humanatlas.io/graph/hra-pop
HGNC:51370,ATP2A1-AS1,ATP2A1-AS1,biolink:Gene,https://purl.humanatlas.io/graph/hra-pop
HGNC:51386,MIR762HG,MIR762HG,biolink:Gene,https://purl.humanatlas.io/graph/hra-pop
HGNC:5139,HOXD8,HOXD8,biolink:Gene,https://purl.humanatlas.io/graph/hra-pop
HGNC:51410,RORA-AS1,RORA-AS1,biolink:Gene,https://purl.humanatlas.io/graph/hra-pop
HGNC:51418,EHD4-AS1,EHD4-AS1,biolink:Gene,https://purl.humanatlas.io/graph/hra-pop
HGNC:51420,THSD4-AS1,THSD4-AS1,biolink:Gene,https://purl.humanatlas.io/graph/hra-pop
HGNC:51422,INSYN1-AS1,INSYN1-AS1,biolink:Gene,https://purl.humanatlas.io/graph/hra-pop
HGNC:51424,TMC3-AS1,TMC3-AS1,biolink:Gene,https://purl.humanatlas.io/graph/hra-pop
HGNC:51431,CERS3-AS1,CERS3-AS1,biolink:Gene,https://purl.humanatlas.io/graph/hra-pop
HGNC:5145,HPCAL1,HPCAL1,biolink:Gene,https://purl.humanatlas.io/graph/hra-pop
HGNC:5147,HPD,HPD,biolink:Gene,https://purl.humanatlas.io/graph/hra-pop
HGNC:51484,GPAA1P2,GPAA1P2,biolink:Gene,https://purl.humanatlas.io/graph/hra-pop
HGNC:51505,CSPG4BP,CSPG4BP,biolink:Gene,https://purl.humanatlas.io/graph/hra-pop
HGNC:51514,SPDYE18,SPDYE18,biolink:Gene,https://purl.humanatlas.io/graph/hra-pop
HGNC:51534,SNHG25,SNHG25,biolink:Gene,https://purl.humanatlas.io/graph/hra-pop
HGNC:5154,HPGD,HPGD,biolink:Gene,https://purl.humanatlas.io/graph/hra-pop
HGNC:5155,HPN,HPN,biolink:Gene,https://purl.humanatlas.io/graph/hra-pop
HGNC:51558,MAILR,MAILR,biolink:Gene,https://purl.humanatlas.io/graph/hra-pop
HGNC:5157,HPRT1,HPRT1,biolink:Gene,https://purl.humanatlas.io/graph/hra-pop
HGNC:51575,RPL23AP84,RPL23AP84,biolink:Gene,https://purl.humanatlas.io/graph/hra-pop
HGNC:51579,RPL23AP88,RPL23AP88,biolink:Gene,https://purl.humanatlas.io/graph/hra-pop
HGNC:51580,RHOXF1P1,RHOXF1P1,biolink:Gene,https://purl.humanatlas.io/graph/hra-pop
HGNC:51582,RHOXF1-AS1,RHOXF1-AS1,biolink:Gene,https://purl.humanatlas.io/graph/hra-pop
HGNC:51587,NOP53-AS1,NOP53-AS1,biolink:Gene,https://purl.humanatlas.io/graph/hra-pop
HGNC:51590,FRG1-DT,FRG1-DT,biolink:Gene,https://purl.humanatlas.io/graph/hra-pop
HGNC:51610,COSMOC,COSMOC,biolink:Gene,https://purl.humanatlas.io/graph/hra-pop
HGNC:5163,HPS1,HPS1,biolink:Gene,https://purl.humanatlas.io/graph/hra-pop
HGNC:51642,TCF4-AS1,TCF4-AS1,biolink:Gene,https://purl.humanatlas.io/graph/hra-pop
HGNC:51645,LINC01416,LINC01416,biolink:Gene,https://purl.humanatlas.io/graph/hra-pop
HGNC:51652,LINC01603,LINC01603,biolink:Gene,https://purl.humanatlas.io/graph/hra-pop
HGNC:51656,LINC01606,LINC01606,biolink:Gene,https://purl.humanatlas.io/graph/hra-pop
HGNC:51661,UBR5-DT,UBR5-DT,biolink:Gene,https://purl.humanatlas.io/graph/hra-pop
HGNC:51663,LINC01609,LINC01609,biolink:Gene,https://purl.humanatlas.io/graph/hra-pop
HGNC:51677,CROCC2,CROCC2,biolink:Gene,https://purl.humanatlas.io/graph/hra-pop
HGNC:51690,SEPTIN14P6,SEPTIN14P6,biolink:Gene,https://purl.humanatlas.io/graph/hra-pop
HGNC:51707,SEPTIN14P19,SEPTIN14P19,biolink:Gene,https://purl.humanatlas.io/graph/hra-pop
HGNC:51709,SEPTIN14P23,SEPTIN14P23,biolink:Gene,https://purl.humanatlas.io/graph/hra-pop
HGNC:51714,UQCRHL,UQCRHL,biolink:Gene,https://purl.humanatlas.io/graph/hra-pop
HGNC:51716,GTF2IP4,GTF2IP4,biolink:Gene,https://purl.humanatlas.io/graph/hra-pop
HGNC:51726,GTF2IP14,GTF2IP14,biolink:Gene,https://purl.humanatlas.io/graph/hra-pop
HGNC:5173,HRAS,HRAS,biolink:Gene,https://purl.humanatlas.io/graph/hra-pop
HGNC:51737,NF1P10,NF1P10,biolink:Gene,https://purl.humanatlas.io/graph/hra-pop
HGNC:5175,AGFG1,AGFG1,biolink:Gene,https://purl.humanatlas.io/graph/hra-pop
HGNC:5176,KRR1,KRR1,biolink:Gene,https://purl.humanatlas.io/graph/hra-pop
HGNC:51762,FRG1CP,FRG1CP,biolink:Gene,https://purl.humanatlas.io/graph/hra-pop
HGNC:51767,FRG1HP,FRG1HP,biolink:Gene,https://purl.humanatlas.io/graph/hra-pop
HGNC:5177,AGFG2,AGFG2,biolink:Gene,https://purl.humanatlas.io/graph/hra-pop
HGNC:51815,CPHXL,CPHXL,biolink:Gene,https://purl.humanatlas.io/graph/hra-pop
HGNC:5182,HRH1,HRH1,biolink:Gene,https://purl.humanatlas.io/graph/hra-pop
HGNC:5183,HRH2,HRH2,biolink:Gene,https://purl.humanatlas.io/graph/hra-pop
HGNC:51836,AQP7P5,AQP7P5,biolink:Gene,https://purl.humanatlas.io/graph/hra-pop
HGNC:51838,ATXN2-AS,ATXN2-AS,biolink:Gene,https://purl.humanatlas.io/graph/hra-pop
HGNC:51845,LUADT1,LUADT1,biolink:Gene,https://purl.humanatlas.io/graph/hra-pop
HGNC:5185,HRK,HRK,biolink:Gene,https://purl.humanatlas.io/graph/hra-pop
HGNC:5186,PRMT2,PRMT2,biolink:Gene,https://purl.humanatlas.io/graph/hra-pop
HGNC:5187,PRMT1,PRMT1,biolink:Gene,https://purl.humanatlas.io/graph/hra-pop
HGNC:51899,CCDC188,CCDC188,biolink:Gene,https://purl.humanatlas.io/graph/hra-pop
HGNC:51904,NCAPGP1,NCAPGP1,biolink:Gene,https://purl.humanatlas.io/graph/hra-pop
HGNC:51913,MIR34AHG,MIR34AHG,biolink:Gene,https://purl.humanatlas.io/graph/hra-pop
HGNC:5192,HES1,HES1,biolink:Gene,https://purl.humanatlas.io/graph/hra-pop
HGNC:51921,MUC20P1,MUC20P1,biolink:Gene,https://purl.humanatlas.io/graph/hra-pop
HGNC:5193,HS2ST1,HS2ST1,biolink:Gene,https://purl.humanatlas.io/graph/hra-pop
HGNC:51930,RPSAP76,RPSAP76,biolink:Gene,https://purl.humanatlas.io/graph/hra-pop
HGNC:5196,HS3ST3A1,HS3ST3A1,biolink:Gene,https://purl.humanatlas.io/graph/hra-pop
HGNC:5200,HS3ST4,HS3ST4,biolink:Gene,https://purl.humanatlas.io/graph/hra-pop
HGNC:52001,MIR3681HG,MIR3681HG,biolink:Gene,https://purl.humanatlas.io/graph/hra-pop
HGNC:52003,MIR4300HG,MIR4300HG,biolink:Gene,https://purl.humanatlas.io/graph/hra-pop
HGNC:52005,MIR4432HG,MIR4432HG,biolink:Gene,https://purl.humanatlas.io/graph/hra-pop
HGNC:5201,HS6ST1,HS6ST1,biolink:Gene,https://purl.humanatlas.io/graph/hra-pop
HGNC:52014,MTCO1P12,MTCO1P12,biolink:Gene,https://purl.humanatlas.io/graph/hra-pop
HGNC:52028,MTCO2P12,MTCO2P12,biolink:Gene,https://purl.humanatlas.io/graph/hra-pop
HGNC:5203,HSBP1,HSBP1,biolink:Gene,https://purl.humanatlas.io/graph/hra-pop
HGNC:52037,MTCO3P7,MTCO3P7,biolink:Gene,https://purl.humanatlas.io/graph/hra-pop
HGNC:52042,MTCO3P12,MTCO3P12,biolink:Gene,https://purl.humanatlas.io/graph/hra-pop
HGNC:52053,PACRG-AS3,PACRG-AS3,biolink:Gene,https://purl.humanatlas.io/graph/hra-pop
HGNC:52058,MTATP6P13,MTATP6P13,biolink:Gene,https://purl.humanatlas.io/graph/hra-pop
HGNC:5209,HSD11B2,HSD11B2,biolink:Gene,https://purl.humanatlas.io/graph/hra-pop
HGNC:52163,MFSD13B,MFSD13B,biolink:Gene,https://purl.humanatlas.io/graph/hra-pop
HGNC:5224,HSF1,HSF1,biolink:Gene,https://purl.humanatlas.io/graph/hra-pop
HGNC:52262,CCDC18-AS1,CCDC18-AS1,biolink:Gene,https://purl.humanatlas.io/graph/hra-pop
HGNC:52270,NDUFB9P2,NDUFB9P2,biolink:Gene,https://purl.humanatlas.io/graph/hra-pop
HGNC:52275,SMPD5,SMPD5,biolink:Gene,https://purl.humanatlas.io/graph/hra-pop
HGNC:52276,BUB1B-PAK6,BUB1B-PAK6,biolink:Gene,https://purl.humanatlas.io/graph/hra-pop
HGNC:52278,TEX13D,TEX13D,biolink:Gene,https://purl.humanatlas.io/graph/hra-pop
HGNC:5228,DNAJB2,DNAJB2,biolink:Gene,https://purl.humanatlas.io/graph/hra-pop
HGNC:5229,DNAJA1,DNAJA1,biolink:Gene,https://purl.humanatlas.io/graph/hra-pop
HGNC:52294,LIPC-AS1,LIPC-AS1,biolink:Gene,https://purl.humanatlas.io/graph/hra-pop
HGNC:52297,STRIT1,STRIT1,biolink:Gene,https://purl.humanatlas.io/graph/hra-pop
HGNC:5232,HSPA1A,HSPA1A,biolink:Gene,https://purl.humanatlas.io/graph/hra-pop
HGNC:5233,HSPA1B,HSPA1B,biolink:Gene,https://purl.humanatlas.io/graph/hra-pop
HGNC:52343,RPL10P6,RPL10P6,biolink:Gene,https://purl.humanatlas.io/graph/hra-pop
HGNC:5235,HSPA2,HSPA2,biolink:Gene,https://purl.humanatlas.io/graph/hra-pop
HGNC:52379,DDIT4-AS1,DDIT4-AS1,biolink:Gene,https://purl.humanatlas.io/graph/hra-pop
HGNC:5238,HSPA5,HSPA5,biolink:Gene,https://purl.humanatlas.io/graph/hra-pop
HGNC:5239,HSPA6,HSPA6,biolink:Gene,https://purl.humanatlas.io/graph/hra-pop
HGNC:5241,HSPA8,HSPA8,biolink:Gene,https://purl.humanatlas.io/graph/hra-pop
HGNC:52432,LINC01645,LINC01645,biolink:Gene,https://purl.humanatlas.io/graph/hra-pop
HGNC:5244,HSPA9,HSPA9,biolink:Gene,https://purl.humanatlas.io/graph/hra-pop
HGNC:5246,HSPB1,HSPB1,biolink:Gene,https://purl.humanatlas.io/graph/hra-pop
HGNC:52468,LINC01681,LINC01681,biolink:Gene,https://purl.humanatlas.io/graph/hra-pop
HGNC:52472,LINC01684,LINC01684,biolink:Gene,https://purl.humanatlas.io/graph/hra-pop
HGNC:52474,LINC01687,LINC01687,biolink:Gene,https://purl.humanatlas.io/graph/hra-pop
HGNC:52485,LINC01697,LINC01697,biolink:Gene,https://purl.humanatlas.io/graph/hra-pop
HGNC:52492,LINC01704,LINC01704,biolink:Gene,https://purl.humanatlas.io/graph/hra-pop
HGNC:52497,LINC01709,LINC01709,biolink:Gene,https://purl.humanatlas.io/graph/hra-pop
HGNC:52503,LINC01716,LINC01716,biolink:Gene,https://purl.humanatlas.io/graph/hra-pop
HGNC:5251,HSPB1P1,HSPB1P1,biolink:Gene,https://purl.humanatlas.io/graph/hra-pop
HGNC:5253,HSP90AA1,HSP90AA1,biolink:Gene,https://purl.humanatlas.io/graph/hra-pop
HGNC:52552,LINC01762,LINC01762,biolink:Gene,https://purl.humanatlas.io/graph/hra-pop
HGNC:52561,LRP8-DT,LRP8-DT,biolink:Gene,https://purl.humanatlas.io/graph/hra-pop
HGNC:52562,LINC01772,LINC01772,biolink:Gene,https://purl.humanatlas.io/graph/hra-pop
HGNC:52571,LINC01781,LINC01781,biolink:Gene,https://purl.humanatlas.io/graph/hra-pop
HGNC:52577,LINC01788,LINC01788,biolink:Gene,https://purl.humanatlas.io/graph/hra-pop
HGNC:52578,LINC01789,LINC01789,biolink:Gene,https://purl.humanatlas.io/graph/hra-pop
HGNC:5258,HSP90AB1,HSP90AB1,biolink:Gene,https://purl.humanatlas.io/graph/hra-pop
HGNC:52581,LINC01791,LINC01791,biolink:Gene,https://purl.humanatlas.io/graph/hra-pop
HGNC:52584,LINC01794,LINC01794,biolink:Gene,https://purl.humanatlas.io/graph/hra-pop
HGNC:52588,LINC01798,LINC01798,biolink:Gene,https://purl.humanatlas.io/graph/hra-pop
HGNC:52589,LINC01799,LINC01799,biolink:Gene,https://purl.humanatlas.io/graph/hra-pop
HGNC:52596,LINC01804,LINC01804,biolink:Gene,https://purl.humanatlas.io/graph/hra-pop
HGNC:5261,HSPD1,HSPD1,biolink:Gene,https://purl.humanatlas.io/graph/hra-pop
HGNC:52615,LINC01811,LINC01811,biolink:Gene,https://purl.humanatlas.io/graph/hra-pop
HGNC:52626,LINC01821,LINC01821,biolink:Gene,https://purl.humanatlas.io/graph/hra-pop
HGNC:52632,LINC01826,LINC01826,biolink:Gene,https://purl.humanatlas.io/graph/hra-pop
HGNC:52639,EPCAM-DT,EPCAM-DT,biolink:Gene,https://purl.humanatlas.io/graph/hra-pop
HGNC:52646,PRAL,PRAL,biolink:Gene,https://purl.humanatlas.io/graph/hra-pop
HGNC:52649,GIHCG,GIHCG,biolink:Gene,https://purl.humanatlas.io/graph/hra-pop
HGNC:52651,CLEC4OP,CLEC4OP,biolink:Gene,https://purl.humanatlas.io/graph/hra-pop
HGNC:5266,HSPD1P5,HSPD1P5,biolink:Gene,https://purl.humanatlas.io/graph/hra-pop
HGNC:52682,LINC01863,LINC01863,biolink:Gene,https://purl.humanatlas.io/graph/hra-pop
HGNC:52686,NRXN1-DT,NRXN1-DT,biolink:Gene,https://purl.humanatlas.io/graph/hra-pop
HGNC:5269,HSPE1,HSPE1,biolink:Gene,https://purl.humanatlas.io/graph/hra-pop
HGNC:52690,LINC01871,LINC01871,biolink:Gene,https://purl.humanatlas.io/graph/hra-pop
HGNC:52691,LINC01872,LINC01872,biolink:Gene,https://purl.humanatlas.io/graph/hra-pop
HGNC:5270,DNAJB1,DNAJB1,biolink:Gene,https://purl.humanatlas.io/graph/hra-pop
HGNC:5271,DNAJC4,DNAJC4,biolink:Gene,https://purl.humanatlas.io/graph/hra-pop
HGNC:52710,LINC01891,LINC01891,biolink:Gene,https://purl.humanatlas.io/graph/hra-pop
HGNC:52715,LINC01896,LINC01896,biolink:Gene,https://purl.humanatlas.io/graph/hra-pop
HGNC:5273,HSPG2,HSPG2,biolink:Gene,https://purl.humanatlas.io/graph/hra-pop
HGNC:52743,LINC01931,LINC01931,biolink:Gene,https://purl.humanatlas.io/graph/hra-pop
HGNC:5275,KAT5,KAT5,biolink:Gene,https://purl.humanatlas.io/graph/hra-pop
HGNC:52752,LNCBRM,LNCBRM,biolink:Gene,https://purl.humanatlas.io/graph/hra-pop
HGNC:52757,LINC01934,LINC01934,biolink:Gene,https://purl.humanatlas.io/graph/hra-pop
HGNC:5276,HTATSF1,HTATSF1,biolink:Gene,https://purl.humanatlas.io/graph/hra-pop
HGNC:52770,LINC01946,LINC01946,biolink:Gene,https://purl.humanatlas.io/graph/hra-pop
HGNC:52772,LINC01948,LINC01948,biolink:Gene,https://purl.humanatlas.io/graph/hra-pop
HGNC:52778,CHMP1B-AS1,CHMP1B-AS1,biolink:Gene,https://purl.humanatlas.io/graph/hra-pop
HGNC:52802,LINC01975,LINC01975,biolink:Gene,https://purl.humanatlas.io/graph/hra-pop
HGNC:52806,LINC01978,LINC01978,biolink:Gene,https://purl.humanatlas.io/graph/hra-pop
HGNC:5281,FOXN2,FOXN2,biolink:Gene,https://purl.humanatlas.io/graph/hra-pop
HGNC:52828,LINC01995,LINC01995,biolink:Gene,https://purl.humanatlas.io/graph/hra-pop
HGNC:5283,HTN1,HTN1,biolink:Gene,https://purl.humanatlas.io/graph/hra-pop
HGNC:52831,LINC01997,LINC01997,biolink:Gene,https://purl.humanatlas.io/graph/hra-pop
HGNC:52841,ZBTB20-AS5,ZBTB20-AS5,biolink:Gene,https://purl.humanatlas.io/graph/hra-pop
HGNC:52842,LINC02006,LINC02006,biolink:Gene,https://purl.humanatlas.io/graph/hra-pop
HGNC:52844,LINC02008,LINC02008,biolink:Gene,https://purl.humanatlas.io/graph/hra-pop
HGNC:52862,LINC02027,LINC02027,biolink:Gene,https://purl.humanatlas.io/graph/hra-pop
HGNC:52886,LINC02046,LINC02046,biolink:Gene,https://purl.humanatlas.io/graph/hra-pop
HGNC:52895,LINC02055,LINC02055,biolink:Gene,https://purl.humanatlas.io/graph/hra-pop
HGNC:52904,LINC02060,LINC02060,biolink:Gene,https://purl.humanatlas.io/graph/hra-pop
HGNC:52913,LINC02067,LINC02067,biolink:Gene,https://purl.humanatlas.io/graph/hra-pop
HGNC:52917,LINC02071,LINC02071,biolink:Gene,https://purl.humanatlas.io/graph/hra-pop
HGNC:52934,LINC02084,LINC02084,biolink:Gene,https://purl.humanatlas.io/graph/hra-pop
HGNC:52949,POC1B-AS1,POC1B-AS1,biolink:Gene,https://purl.humanatlas.io/graph/hra-pop
HGNC:5295,HTR2C,HTR2C,biolink:Gene,https://purl.humanatlas.io/graph/hra-pop
HGNC:52955,LINC02100,LINC02100,biolink:Gene,https://purl.humanatlas.io/graph/hra-pop
HGNC:52964,LINC02109,LINC02109,biolink:Gene,https://purl.humanatlas.io/graph/hra-pop
HGNC:52973,SEMA5A-AS1,SEMA5A-AS1,biolink:Gene,https://purl.humanatlas.io/graph/hra-pop
HGNC:52975,LINC02119,LINC02119,biolink:Gene,https://purl.humanatlas.io/graph/hra-pop
HGNC:52977,LINC02121,LINC02121,biolink:Gene,https://purl.humanatlas.io/graph/hra-pop
HGNC:52993,LINC02133,LINC02133,biolink:Gene,https://purl.humanatlas.io/graph/hra-pop
HGNC:52999,LINC02139,LINC02139,biolink:Gene,https://purl.humanatlas.io/graph/hra-pop
HGNC:53,ABCC2,ABCC2,biolink:Gene,https://purl.humanatlas.io/graph/hra-pop
HGNC:53007,LINC02147,LINC02147,biolink:Gene,https://purl.humanatlas.io/graph/hra-pop
HGNC:53010,LINC02149,LINC02149,biolink:Gene,https://purl.humanatlas.io/graph/hra-pop
HGNC:53034,LINC02172,LINC02172,biolink:Gene,https://purl.humanatlas.io/graph/hra-pop
HGNC:53043,LINC02181,LINC02181,biolink:Gene,https://purl.humanatlas.io/graph/hra-pop
HGNC:53047,LINC02185,LINC02185,biolink:Gene,https://purl.humanatlas.io/graph/hra-pop
HGNC:53054,LINC02192,LINC02192,biolink:Gene,https://purl.humanatlas.io/graph/hra-pop
HGNC:53056,PSMD7-DT,PSMD7-DT,biolink:Gene,https://purl.humanatlas.io/graph/hra-pop
HGNC:53067,LINC02201,LINC02201,biolink:Gene,https://purl.humanatlas.io/graph/hra-pop
HGNC:53073,LINC02207,LINC02207,biolink:Gene,https://purl.humanatlas.io/graph/hra-pop
HGNC:53085,LINC02218,LINC02218,biolink:Gene,https://purl.humanatlas.io/graph/hra-pop
HGNC:53087,LINC02220,LINC02220,biolink:Gene,https://purl.humanatlas.io/graph/hra-pop
HGNC:53093,LINC02224,LINC02224,biolink:Gene,https://purl.humanatlas.io/graph/hra-pop
HGNC:53095,LINC02226,LINC02226,biolink:Gene,https://purl.humanatlas.io/graph/hra-pop
HGNC:53113,MIR4422HG,MIR4422HG,biolink:Gene,https://purl.humanatlas.io/graph/hra-pop
HGNC:53115,MEF2C-AS2,MEF2C-AS2,biolink:Gene,https://purl.humanatlas.io/graph/hra-pop
HGNC:53134,LINC02245,LINC02245,biolink:Gene,https://purl.humanatlas.io/graph/hra-pop
HGNC:53148,LINC02250,LINC02250,biolink:Gene,https://purl.humanatlas.io/graph/hra-pop
HGNC:53157,LINC02256,LINC02256,biolink:Gene,https://purl.humanatlas.io/graph/hra-pop
HGNC:53158,PDXDC2P-NPIPB14P,PDXDC2P-NPIPB14P,biolink:Gene,https://purl.humanatlas.io/graph/hra-pop
HGNC:53162,SPINT1-AS1,SPINT1-AS1,biolink:Gene,https://purl.humanatlas.io/graph/hra-pop
HGNC:53163,SLC5A4-AS1,SLC5A4-AS1,biolink:Gene,https://purl.humanatlas.io/graph/hra-pop
HGNC:5318,TNC,TNC,biolink:Gene,https://purl.humanatlas.io/graph/hra-pop
HGNC:53184,LINC02269,LINC02269,biolink:Gene,https://purl.humanatlas.io/graph/hra-pop
HGNC:53185,LINC02270,LINC02270,biolink:Gene,https://purl.humanatlas.io/graph/hra-pop
HGNC:53190,LINC02274,LINC02274,biolink:Gene,https://purl.humanatlas.io/graph/hra-pop
HGNC:5320,HYAL1,HYAL1,biolink:Gene,https://purl.humanatlas.io/graph/hra-pop
HGNC:5321,HYAL2,HYAL2,biolink:Gene,https://purl.humanatlas.io/graph/hra-pop
HGNC:53215,VASH1-AS1,VASH1-AS1,biolink:Gene,https://purl.humanatlas.io/graph/hra-pop
HGNC:53221,LINC02302,LINC02302,biolink:Gene,https://purl.humanatlas.io/graph/hra-pop
HGNC:53226,LINC02307,LINC02307,biolink:Gene,https://purl.humanatlas.io/graph/hra-pop
HGNC:53256,LINC02336,LINC02336,biolink:Gene,https://purl.humanatlas.io/graph/hra-pop
HGNC:53260,LINC02340,LINC02340,biolink:Gene,https://purl.humanatlas.io/graph/hra-pop
HGNC:53261,LINC02341,LINC02341,biolink:Gene,https://purl.humanatlas.io/graph/hra-pop
HGNC:53272,LINC02350,LINC02350,biolink:Gene,https://purl.humanatlas.io/graph/hra-pop
HGNC:53287,KDM2B-DT,KDM2B-DT,biolink:Gene,https://purl.humanatlas.io/graph/hra-pop
HGNC:533,ANXA1,ANXA1,biolink:Gene,https://purl.humanatlas.io/graph/hra-pop
HGNC:5330,IARS1,IARS1,biolink:Gene,https://purl.humanatlas.io/graph/hra-pop
HGNC:53304,LINC02381,LINC02381,biolink:Gene,https://purl.humanatlas.io/graph/hra-pop
HGNC:53308,LINC02384,LINC02384,biolink:Gene,https://purl.humanatlas.io/graph/hra-pop
HGNC:53311,SOX5-AS1,SOX5-AS1,biolink:Gene,https://purl.humanatlas.io/graph/hra-pop
HGNC:53315,LINC02388,LINC02388,biolink:Gene,https://purl.humanatlas.io/graph/hra-pop
HGNC:53323,LINC02397,LINC02397,biolink:Gene,https://purl.humanatlas.io/graph/hra-pop
HGNC:53359,LINC02428,LINC02428,biolink:Gene,https://purl.humanatlas.io/graph/hra-pop
HGNC:53363,LINC02432,LINC02432,biolink:Gene,https://purl.humanatlas.io/graph/hra-pop
HGNC:53368,LINC02436,LINC02436,biolink:Gene,https://purl.humanatlas.io/graph/hra-pop
HGNC:53400,LINC02463,LINC02463,biolink:Gene,https://purl.humanatlas.io/graph/hra-pop
HGNC:53402,LINC02615,LINC02615,biolink:Gene,https://purl.humanatlas.io/graph/hra-pop
HGNC:53408,LINC02469,LINC02469,biolink:Gene,https://purl.humanatlas.io/graph/hra-pop
HGNC:53410,LINC02471,LINC02471,biolink:Gene,https://purl.humanatlas.io/graph/hra-pop
HGNC:53419,LINC02476,LINC02476,biolink:Gene,https://purl.humanatlas.io/graph/hra-pop
HGNC:53425,LINC02477,LINC02477,biolink:Gene,https://purl.humanatlas.io/graph/hra-pop
HGNC:5343,ICA1,ICA1,biolink:Gene,https://purl.humanatlas.io/graph/hra-pop
HGNC:53438,CCDC194,CCDC194,biolink:Gene,https://purl.humanatlas.io/graph/hra-pop
HGNC:5344,ICAM1,ICAM1,biolink:Gene,https://purl.humanatlas.io/graph/hra-pop
HGNC:5345,ICAM2,ICAM2,biolink:Gene,https://purl.humanatlas.io/graph/hra-pop
HGNC:53459,LINC02484,LINC02484,biolink:Gene,https://purl.humanatlas.io/graph/hra-pop
HGNC:53461,GASAL1,GASAL1,biolink:Gene,https://purl.humanatlas.io/graph/hra-pop
HGNC:53464,DDN-AS1,DDN-AS1,biolink:Gene,https://purl.humanatlas.io/graph/hra-pop
HGNC:53465,SPRY4-AS1,SPRY4-AS1,biolink:Gene,https://purl.humanatlas.io/graph/hra-pop
HGNC:53482,LINC02497,LINC02497,biolink:Gene,https://purl.humanatlas.io/graph/hra-pop
HGNC:53484,LINC02499,LINC02499,biolink:Gene,https://purl.humanatlas.io/graph/hra-pop
HGNC:53491,LINC02502,LINC02502,biolink:Gene,https://purl.humanatlas.io/graph/hra-pop
HGNC:535,ANXA11,ANXA11,biolink:Gene,https://purl.humanatlas.io/graph/hra-pop
HGNC:53500,LINC02511,LINC02511,biolink:Gene,https://purl.humanatlas.io/graph/hra-pop
HGNC:53505,LINC02516,LINC02516,biolink:Gene,https://purl.humanatlas.io/graph/hra-pop
HGNC:53521,RNA5-8SN2,RNA5-8SN2,biolink:Gene,https://purl.humanatlas.io/graph/hra-pop
HGNC:53549,LINC02532,LINC02532,biolink:Gene,https://purl.humanatlas.io/graph/hra-pop
HGNC:53574,LINC02541,LINC02541,biolink:Gene,https://purl.humanatlas.io/graph/hra-pop
HGNC:53576,LINC02542,LINC02542,biolink:Gene,https://purl.humanatlas.io/graph/hra-pop
HGNC:5358,IRF8,IRF8,biolink:Gene,https://purl.humanatlas.io/graph/hra-pop
HGNC:53587,LINC02552,LINC02552,biolink:Gene,https://purl.humanatlas.io/graph/hra-pop
HGNC:5359,MRPL58,MRPL58,biolink:Gene,https://purl.humanatlas.io/graph/hra-pop
HGNC:5360,ID1,ID1,biolink:Gene,https://purl.humanatlas.io/graph/hra-pop
HGNC:53606,LINC02566,LINC02566,biolink:Gene,https://purl.humanatlas.io/graph/hra-pop
HGNC:5361,ID2,ID2,biolink:Gene,https://purl.humanatlas.io/graph/hra-pop
HGNC:53610,KAZN-AS1,KAZN-AS1,biolink:Gene,https://purl.humanatlas.io/graph/hra-pop
HGNC:53611,EEF1AKMT4,EEF1AKMT4,biolink:Gene,https://purl.humanatlas.io/graph/hra-pop
HGNC:53619,ASDURF,ASDURF,biolink:Gene,https://purl.humanatlas.io/graph/hra-pop
HGNC:5362,ID3,ID3,biolink:Gene,https://purl.humanatlas.io/graph/hra-pop
HGNC:53629,IER3-AS1,IER3-AS1,biolink:Gene,https://purl.humanatlas.io/graph/hra-pop
HGNC:5363,ID4,ID4,biolink:Gene,https://purl.humanatlas.io/graph/hra-pop
HGNC:53640,SMIM32,SMIM32,biolink:Gene,https://purl.humanatlas.io/graph/hra-pop
HGNC:53658,PPIAP34,PPIAP34,biolink:Gene,https://purl.humanatlas.io/graph/hra-pop
HGNC:53660,PPIAP36,PPIAP36,biolink:Gene,https://purl.humanatlas.io/graph/hra-pop
HGNC:53666,PPIAP42,PPIAP42,biolink:Gene,https://purl.humanatlas.io/graph/hra-pop
HGNC:53667,PPIAP43,PPIAP43,biolink:Gene,https://purl.humanatlas.io/graph/hra-pop
HGNC:53675,PPIAP51,PPIAP51,biolink:Gene,https://purl.humanatlas.io/graph/hra-pop
HGNC:53683,PPIAP59,PPIAP59,biolink:Gene,https://purl.humanatlas.io/graph/hra-pop
HGNC:537,ANXA2,ANXA2,biolink:Gene,https://purl.humanatlas.io/graph/hra-pop
HGNC:53711,PPIAP87,PPIAP87,biolink:Gene,https://purl.humanatlas.io/graph/hra-pop
HGNC:53722,SELENOTP1,SELENOTP1,biolink:Gene,https://purl.humanatlas.io/graph/hra-pop
HGNC:53724,SELENOKP1,SELENOKP1,biolink:Gene,https://purl.humanatlas.io/graph/hra-pop
HGNC:53748,LINC02576,LINC02576,biolink:Gene,https://purl.humanatlas.io/graph/hra-pop
HGNC:53754,WAKMAR2,WAKMAR2,biolink:Gene,https://purl.humanatlas.io/graph/hra-pop
HGNC:53765,LINC02888,LINC02888,biolink:Gene,https://purl.humanatlas.io/graph/hra-pop
HGNC:53768,SRP14P2,SRP14P2,biolink:Gene,https://purl.humanatlas.io/graph/hra-pop
HGNC:53769,SRP14P3,SRP14P3,biolink:Gene,https://purl.humanatlas.io/graph/hra-pop
HGNC:53778,LHX1-DT,LHX1-DT,biolink:Gene,https://purl.humanatlas.io/graph/hra-pop
HGNC:538,ANXA2P1,ANXA2P1,biolink:Gene,https://purl.humanatlas.io/graph/hra-pop
HGNC:53807,MUC20-OT1,MUC20-OT1,biolink:Gene,https://purl.humanatlas.io/graph/hra-pop
HGNC:5381,IDE,IDE,biolink:Gene,https://purl.humanatlas.io/graph/hra-pop
HGNC:5382,IDH1,IDH1,biolink:Gene,https://purl.humanatlas.io/graph/hra-pop
HGNC:53824,ZNF451-AS1,ZNF451-AS1,biolink:Gene,https://purl.humanatlas.io/graph/hra-pop
HGNC:53828,TPTEP2,TPTEP2,biolink:Gene,https://purl.humanatlas.io/graph/hra-pop
HGNC:5383,IDH2,IDH2,biolink:Gene,https://purl.humanatlas.io/graph/hra-pop
HGNC:5385,IDH3B,IDH3B,biolink:Gene,https://purl.humanatlas.io/graph/hra-pop
HGNC:53873,FAM242C,FAM242C,biolink:Gene,https://purl.humanatlas.io/graph/hra-pop
HGNC:53878,CNTNAP3C,CNTNAP3C,biolink:Gene,https://purl.humanatlas.io/graph/hra-pop
HGNC:53898,IL1R1-AS1,IL1R1-AS1,biolink:Gene,https://purl.humanatlas.io/graph/hra-pop
HGNC:53900,MAPK6-DT,MAPK6-DT,biolink:Gene,https://purl.humanatlas.io/graph/hra-pop
HGNC:53902,SIRLNT,SIRLNT,biolink:Gene,https://purl.humanatlas.io/graph/hra-pop
HGNC:53909,MPPED2-AS1,MPPED2-AS1,biolink:Gene,https://purl.humanatlas.io/graph/hra-pop
HGNC:53915,LSP1P4,LSP1P4,biolink:Gene,https://purl.humanatlas.io/graph/hra-pop
HGNC:5392,IER3,IER3,biolink:Gene,https://purl.humanatlas.io/graph/hra-pop
HGNC:53922,NGF-AS1,NGF-AS1,biolink:Gene,https://purl.humanatlas.io/graph/hra-pop
HGNC:53928,CEROX1,CEROX1,biolink:Gene,https://purl.humanatlas.io/graph/hra-pop
HGNC:5393,IER5,IER5,biolink:Gene,https://purl.humanatlas.io/graph/hra-pop
HGNC:5394,CFI,CFI,biolink:Gene,https://purl.humanatlas.io/graph/hra-pop
HGNC:53943,TBILA,TBILA,biolink:Gene,https://purl.humanatlas.io/graph/hra-pop
HGNC:53947,LNCOC1,LNCOC1,biolink:Gene,https://purl.humanatlas.io/graph/hra-pop
HGNC:5395,IFI16,IFI16,biolink:Gene,https://purl.humanatlas.io/graph/hra-pop
HGNC:53964,ZKSCAN7-AS1,ZKSCAN7-AS1,biolink:Gene,https://purl.humanatlas.io/graph/hra-pop
HGNC:5397,IFI27,IFI27,biolink:Gene,https://purl.humanatlas.io/graph/hra-pop
HGNC:53970,MIRLET7A1HG,MIRLET7A1HG,biolink:Gene,https://purl.humanatlas.io/graph/hra-pop
HGNC:53976,SCAT2,SCAT2,biolink:Gene,https://purl.humanatlas.io/graph/hra-pop
HGNC:5398,IFI30,IFI30,biolink:Gene,https://purl.humanatlas.io/graph/hra-pop
HGNC:54,ABCC3,ABCC3,biolink:Gene,https://purl.humanatlas.io/graph/hra-pop
HGNC:5401,SP110,SP110,biolink:Gene,https://purl.humanatlas.io/graph/hra-pop
HGNC:54056,MAP4K3-DT,MAP4K3-DT,biolink:Gene,https://purl.humanatlas.io/graph/hra-pop
HGNC:54062,HECW2-AS1,HECW2-AS1,biolink:Gene,https://purl.humanatlas.io/graph/hra-pop
HGNC:54068,LINC02613,LINC02613,biolink:Gene,https://purl.humanatlas.io/graph/hra-pop
HGNC:54069,SCN1A-AS1,SCN1A-AS1,biolink:Gene,https://purl.humanatlas.io/graph/hra-pop
HGNC:54072,LINC02614,LINC02614,biolink:Gene,https://purl.humanatlas.io/graph/hra-pop
HGNC:541,ANXA3,ANXA3,biolink:Gene,https://purl.humanatlas.io/graph/hra-pop
HGNC:54104,LINC02625,LINC02625,biolink:Gene,https://purl.humanatlas.io/graph/hra-pop
HGNC:5411,IFIT3,IFIT3,biolink:Gene,https://purl.humanatlas.io/graph/hra-pop
HGNC:5412,IFITM1,IFITM1,biolink:Gene,https://purl.humanatlas.io/graph/hra-pop
HGNC:54120,LINC02637,LINC02637,biolink:Gene,https://purl.humanatlas.io/graph/hra-pop
HGNC:54126,LINC02643,LINC02643,biolink:Gene,https://purl.humanatlas.io/graph/hra-pop
HGNC:5413,IFITM2,IFITM2,biolink:Gene,https://purl.humanatlas.io/graph/hra-pop
HGNC:54134,LINC02649,LINC02649,biolink:Gene,https://purl.humanatlas.io/graph/hra-pop
HGNC:5414,IFITM3,IFITM3,biolink:Gene,https://purl.humanatlas.io/graph/hra-pop
HGNC:54146,LINC02660,LINC02660,biolink:Gene,https://purl.humanatlas.io/graph/hra-pop
HGNC:54149,LINC02663,LINC02663,biolink:Gene,https://purl.humanatlas.io/graph/hra-pop
HGNC:54150,LINC02664,LINC02664,biolink:Gene,https://purl.humanatlas.io/graph/hra-pop
HGNC:54155,LINC02669,LINC02669,biolink:Gene,https://purl.humanatlas.io/graph/hra-pop
HGNC:54174,LINC02680,LINC02680,biolink:Gene,https://purl.humanatlas.io/graph/hra-pop
HGNC:542,ANXA4,ANXA4,biolink:Gene,https://purl.humanatlas.io/graph/hra-pop
HGNC:54212,LINC02698,LINC02698,biolink:Gene,https://purl.humanatlas.io/graph/hra-pop
HGNC:54213,LINC02699,LINC02699,biolink:Gene,https://purl.humanatlas.io/graph/hra-pop
HGNC:54221,TSPAN18-AS1,TSPAN18-AS1,biolink:Gene,https://purl.humanatlas.io/graph/hra-pop
HGNC:54232,LINC02715,LINC02715,biolink:Gene,https://purl.humanatlas.io/graph/hra-pop
HGNC:54240,LINC02723,LINC02723,biolink:Gene,https://purl.humanatlas.io/graph/hra-pop
HGNC:54251,LINC02734,LINC02734,biolink:Gene,https://purl.humanatlas.io/graph/hra-pop
HGNC:54265,ZBTB44-DT,ZBTB44-DT,biolink:Gene,https://purl.humanatlas.io/graph/hra-pop
HGNC:54270,NECTIN1-AS1,NECTIN1-AS1,biolink:Gene,https://purl.humanatlas.io/graph/hra-pop
HGNC:54272,LINC02752,LINC02752,biolink:Gene,https://purl.humanatlas.io/graph/hra-pop
HGNC:54290,LINC02770,LINC02770,biolink:Gene,https://purl.humanatlas.io/graph/hra-pop
HGNC:54297,LINC02777,LINC02777,biolink:Gene,https://purl.humanatlas.io/graph/hra-pop
HGNC:543,ANXA5,ANXA5,biolink:Gene,https://purl.humanatlas.io/graph/hra-pop
HGNC:54305,LINC02785,LINC02785,biolink:Gene,https://purl.humanatlas.io/graph/hra-pop
HGNC:54320,LINC02797,LINC02797,biolink:Gene,https://purl.humanatlas.io/graph/hra-pop
HGNC:54323,LINC02798,LINC02798,biolink:Gene,https://purl.humanatlas.io/graph/hra-pop
HGNC:54326,LINC02802,LINC02802,biolink:Gene,https://purl.humanatlas.io/graph/hra-pop
HGNC:5433,IFNAR2,IFNAR2,biolink:Gene,https://purl.humanatlas.io/graph/hra-pop
HGNC:54352,LINC02821,LINC02821,biolink:Gene,https://purl.humanatlas.io/graph/hra-pop
HGNC:54383,LINC02847,LINC02847,biolink:Gene,https://purl.humanatlas.io/graph/hra-pop
HGNC:5439,IFNGR1,IFNGR1,biolink:Gene,https://purl.humanatlas.io/graph/hra-pop
HGNC:544,ANXA6,ANXA6,biolink:Gene,https://purl.humanatlas.io/graph/hra-pop
HGNC:5440,IFNGR2,IFNGR2,biolink:Gene,https://purl.humanatlas.io/graph/hra-pop
HGNC:54402,RNF213-AS1,RNF213-AS1,biolink:Gene,https://purl.humanatlas.io/graph/hra-pop
HGNC:54405,PSLNR,PSLNR,biolink:Gene,https://purl.humanatlas.io/graph/hra-pop
HGNC:54409,NR4A1AS,NR4A1AS,biolink:Gene,https://purl.humanatlas.io/graph/hra-pop
HGNC:54424,SAP30-DT,SAP30-DT,biolink:Gene,https://purl.humanatlas.io/graph/hra-pop
HGNC:54475,H3P47,H3P47,biolink:Gene,https://purl.humanatlas.io/graph/hra-pop
HGNC:54476,TALAM1,TALAM1,biolink:Gene,https://purl.humanatlas.io/graph/hra-pop
HGNC:54480,LINC02864,LINC02864,biolink:Gene,https://purl.humanatlas.io/graph/hra-pop
HGNC:54496,GUSBP14,GUSBP14,biolink:Gene,https://purl.humanatlas.io/graph/hra-pop
HGNC:545,ANXA7,ANXA7,biolink:Gene,https://purl.humanatlas.io/graph/hra-pop
HGNC:54532,HSPA5P1,HSPA5P1,biolink:Gene,https://purl.humanatlas.io/graph/hra-pop
HGNC:54538,IFITM3P1,IFITM3P1,biolink:Gene,https://purl.humanatlas.io/graph/hra-pop
HGNC:5456,IFRD1,IFRD1,biolink:Gene,https://purl.humanatlas.io/graph/hra-pop
HGNC:54589,KRTCAP2P1,KRTCAP2P1,biolink:Gene,https://purl.humanatlas.io/graph/hra-pop
HGNC:5461,IGBP1,IGBP1,biolink:Gene,https://purl.humanatlas.io/graph/hra-pop
HGNC:54636,CFAP298-TCP10L,CFAP298-TCP10L,biolink:Gene,https://purl.humanatlas.io/graph/hra-pop
HGNC:5464,IGF1,IGF1,biolink:Gene,https://purl.humanatlas.io/graph/hra-pop
HGNC:5465,IGF1R,IGF1R,biolink:Gene,https://purl.humanatlas.io/graph/hra-pop
HGNC:5466,IGF2,IGF2,biolink:Gene,https://purl.humanatlas.io/graph/hra-pop
HGNC:5467,IGF2R,IGF2R,biolink:Gene,https://purl.humanatlas.io/graph/hra-pop
HGNC:54696,RALBP1P1,RALBP1P1,biolink:Gene,https://purl.humanatlas.io/graph/hra-pop
HGNC:5471,IGFBP2,IGFBP2,biolink:Gene,https://purl.humanatlas.io/graph/hra-pop
HGNC:54710,ANAPC1P4,ANAPC1P4,biolink:Gene,https://purl.humanatlas.io/graph/hra-pop
HGNC:5472,IGFBP3,IGFBP3,biolink:Gene,https://purl.humanatlas.io/graph/hra-pop
HGNC:54720,IQCF4P,IQCF4P,biolink:Gene,https://purl.humanatlas.io/graph/hra-pop
HGNC:54728,KMT5AP3,KMT5AP3,biolink:Gene,https://purl.humanatlas.io/graph/hra-pop
HGNC:5473,IGFBP4,IGFBP4,biolink:Gene,https://purl.humanatlas.io/graph/hra-pop
HGNC:5474,IGFBP5,IGFBP5,biolink:Gene,https://purl.humanatlas.io/graph/hra-pop
HGNC:54742,CRLF3P3,CRLF3P3,biolink:Gene,https://purl.humanatlas.io/graph/hra-pop
HGNC:5475,IGFBP6,IGFBP6,biolink:Gene,https://purl.humanatlas.io/graph/hra-pop
HGNC:5476,IGFBP7,IGFBP7,biolink:Gene,https://purl.humanatlas.io/graph/hra-pop
HGNC:54771,PRELID1P6,PRELID1P6,biolink:Gene,https://purl.humanatlas.io/graph/hra-pop
HGNC:5478,IGHA1,IGHA1,biolink:Gene,https://purl.humanatlas.io/graph/hra-pop
HGNC:548,AOAH,AOAH,biolink:Gene,https://purl.humanatlas.io/graph/hra-pop
HGNC:54810,MYG1-AS1,MYG1-AS1,biolink:Gene,https://purl.humanatlas.io/graph/hra-pop
HGNC:54818,SPCS3-AS1,SPCS3-AS1,biolink:Gene,https://purl.humanatlas.io/graph/hra-pop
HGNC:54819,SETBP1-DT,SETBP1-DT,biolink:Gene,https://purl.humanatlas.io/graph/hra-pop
HGNC:54852,THY1-AS1,THY1-AS1,biolink:Gene,https://purl.humanatlas.io/graph/hra-pop
HGNC:54857,TBCEL-TECTA,TBCEL-TECTA,biolink:Gene,https://purl.humanatlas.io/graph/hra-pop
HGNC:54868,KLRK1-AS1,KLRK1-AS1,biolink:Gene,https://purl.humanatlas.io/graph/hra-pop
HGNC:54870,PRDX6-AS1,PRDX6-AS1,biolink:Gene,https://purl.humanatlas.io/graph/hra-pop
HGNC:54871,IRF2-DT,IRF2-DT,biolink:Gene,https://purl.humanatlas.io/graph/hra-pop
HGNC:54999,P3R3URF-PIK3R3,P3R3URF-PIK3R3,biolink:Gene,https://purl.humanatlas.io/graph/hra-pop
HGNC:55,ABCC4,ABCC4,biolink:Gene,https://purl.humanatlas.io/graph/hra-pop
HGNC:55004,PDK1P2,PDK1P2,biolink:Gene,https://purl.humanatlas.io/graph/hra-pop
HGNC:55017,AP2B1P1,AP2B1P1,biolink:Gene,https://purl.humanatlas.io/graph/hra-pop
HGNC:55024,GTF3C6P2,GTF3C6P2,biolink:Gene,https://purl.humanatlas.io/graph/hra-pop
HGNC:55167,KIF19BP,KIF19BP,biolink:Gene,https://purl.humanatlas.io/graph/hra-pop
HGNC:55187,MIOS-DT,MIOS-DT,biolink:Gene,https://purl.humanatlas.io/graph/hra-pop
HGNC:55188,SUV39H2-DT,SUV39H2-DT,biolink:Gene,https://purl.humanatlas.io/graph/hra-pop
HGNC:55211,BTF3-DT,BTF3-DT,biolink:Gene,https://purl.humanatlas.io/graph/hra-pop
HGNC:55213,ZNF454-DT,ZNF454-DT,biolink:Gene,https://purl.humanatlas.io/graph/hra-pop
HGNC:55216,ILRUN-AS1,ILRUN-AS1,biolink:Gene,https://purl.humanatlas.io/graph/hra-pop
HGNC:55225,THBS1-IT1,THBS1-IT1,biolink:Gene,https://purl.humanatlas.io/graph/hra-pop
HGNC:55230,TMEM14B-DT,TMEM14B-DT,biolink:Gene,https://purl.humanatlas.io/graph/hra-pop
HGNC:5525,IGHG1,IGHG1,biolink:Gene,https://purl.humanatlas.io/graph/hra-pop
HGNC:55250,PYGO2-AS1,PYGO2-AS1,biolink:Gene,https://purl.humanatlas.io/graph/hra-pop
HGNC:55252,CCNY-AS1,CCNY-AS1,biolink:Gene,https://purl.humanatlas.io/graph/hra-pop
HGNC:5526,IGHG2,IGHG2,biolink:Gene,https://purl.humanatlas.io/graph/hra-pop
HGNC:55261,MAP2K5-DT,MAP2K5-DT,biolink:Gene,https://purl.humanatlas.io/graph/hra-pop
HGNC:55262,USP34-DT,USP34-DT,biolink:Gene,https://purl.humanatlas.io/graph/hra-pop
HGNC:5527,IGHG3,IGHG3,biolink:Gene,https://purl.humanatlas.io/graph/hra-pop
HGNC:55272,ZNF470-DT,ZNF470-DT,biolink:Gene,https://purl.humanatlas.io/graph/hra-pop
HGNC:5528,IGHG4,IGHG4,biolink:Gene,https://purl.humanatlas.io/graph/hra-pop
HGNC:55280,ZNF8-DT,ZNF8-DT,biolink:Gene,https://purl.humanatlas.io/graph/hra-pop
HGNC:5529,IGHGP,IGHGP,biolink:Gene,https://purl.humanatlas.io/graph/hra-pop
HGNC:553,AOX1,AOX1,biolink:Gene,https://purl.humanatlas.io/graph/hra-pop
HGNC:55305,GP6-AS1,GP6-AS1,biolink:Gene,https://purl.humanatlas.io/graph/hra-pop
HGNC:55306,MALT1-AS1,MALT1-AS1,biolink:Gene,https://purl.humanatlas.io/graph/hra-pop
HGNC:55311,FMNL1-DT,FMNL1-DT,biolink:Gene,https://purl.humanatlas.io/graph/hra-pop
HGNC:55320,ARHGAP28-AS1,ARHGAP28-AS1,biolink:Gene,https://purl.humanatlas.io/graph/hra-pop
HGNC:55328,CLASP1-AS1,CLASP1-AS1,biolink:Gene,https://purl.humanatlas.io/graph/hra-pop
HGNC:55331,MYL12-AS1,MYL12-AS1,biolink:Gene,https://purl.humanatlas.io/graph/hra-pop
HGNC:55336,KPNB1-DT,KPNB1-DT,biolink:Gene,https://purl.humanatlas.io/graph/hra-pop
HGNC:55337,RSL1D1-DT,RSL1D1-DT,biolink:Gene,https://purl.humanatlas.io/graph/hra-pop
HGNC:55338,EFCAB13-DT,EFCAB13-DT,biolink:Gene,https://purl.humanatlas.io/graph/hra-pop
HGNC:55347,ZNF594-DT,ZNF594-DT,biolink:Gene,https://purl.humanatlas.io/graph/hra-pop
HGNC:55351,ZFPM1-AS1,ZFPM1-AS1,biolink:Gene,https://purl.humanatlas.io/graph/hra-pop
HGNC:55362,COQ7-DT,COQ7-DT,biolink:Gene,https://purl.humanatlas.io/graph/hra-pop
HGNC:5538,IGHJ4,IGHJ4,biolink:Gene,https://purl.humanatlas.io/graph/hra-pop
HGNC:554,AP1B1,AP1B1,biolink:Gene,https://purl.humanatlas.io/graph/hra-pop
HGNC:5541,IGHM,IGHM,biolink:Gene,https://purl.humanatlas.io/graph/hra-pop
HGNC:55433,HSPA2-AS1,HSPA2-AS1,biolink:Gene,https://purl.humanatlas.io/graph/hra-pop
HGNC:55440,BAZ1A-AS1,BAZ1A-AS1,biolink:Gene,https://purl.humanatlas.io/graph/hra-pop
HGNC:55442,AP1G2-AS1,AP1G2-AS1,biolink:Gene,https://purl.humanatlas.io/graph/hra-pop
HGNC:55456,PPP1R12A-AS2,PPP1R12A-AS2,biolink:Gene,https://purl.humanatlas.io/graph/hra-pop
HGNC:55468,KHDC1-AS1,KHDC1-AS1,biolink:Gene,https://purl.humanatlas.io/graph/hra-pop
HGNC:55472,MYL6B-AS1,MYL6B-AS1,biolink:Gene,https://purl.humanatlas.io/graph/hra-pop
HGNC:55474,AQP5-AS1,AQP5-AS1,biolink:Gene,https://purl.humanatlas.io/graph/hra-pop
HGNC:55477,RPAP3-DT,RPAP3-DT,biolink:Gene,https://purl.humanatlas.io/graph/hra-pop
HGNC:55478,MIRLET7IHG,MIRLET7IHG,biolink:Gene,https://purl.humanatlas.io/graph/hra-pop
HGNC:55482,PRMT5-DT,PRMT5-DT,biolink:Gene,https://purl.humanatlas.io/graph/hra-pop
HGNC:55513,NECTIN1-DT,NECTIN1-DT,biolink:Gene,https://purl.humanatlas.io/graph/hra-pop
HGNC:55517,ARL14EP-DT,ARL14EP-DT,biolink:Gene,https://purl.humanatlas.io/graph/hra-pop
HGNC:55521,UQCRB-AS1,UQCRB-AS1,biolink:Gene,https://purl.humanatlas.io/graph/hra-pop
HGNC:55533,OXR1-AS1,OXR1-AS1,biolink:Gene,https://purl.humanatlas.io/graph/hra-pop
HGNC:55545,PARAIL,PARAIL,biolink:Gene,https://purl.humanatlas.io/graph/hra-pop
HGNC:55546,MAD2L1-DT,MAD2L1-DT,biolink:Gene,https://purl.humanatlas.io/graph/hra-pop
HGNC:55551,RETREG1-AS1,RETREG1-AS1,biolink:Gene,https://purl.humanatlas.io/graph/hra-pop
HGNC:55556,ANKRD17-DT,ANKRD17-DT,biolink:Gene,https://purl.humanatlas.io/graph/hra-pop
HGNC:55557,PKD2L2-DT,PKD2L2-DT,biolink:Gene,https://purl.humanatlas.io/graph/hra-pop
HGNC:55564,ANKHD1-DT,ANKHD1-DT,biolink:Gene,https://purl.humanatlas.io/graph/hra-pop
HGNC:55577,GPM6A-DT,GPM6A-DT,biolink:Gene,https://purl.humanatlas.io/graph/hra-pop
HGNC:55578,FAM151B-DT,FAM151B-DT,biolink:Gene,https://purl.humanatlas.io/graph/hra-pop
HGNC:55580,PDCD6-DT,PDCD6-DT,biolink:Gene,https://purl.humanatlas.io/graph/hra-pop
HGNC:55586,ARHGAP11B-DT,ARHGAP11B-DT,biolink:Gene,https://purl.humanatlas.io/graph/hra-pop
HGNC:55589,FBXO38-DT,FBXO38-DT,biolink:Gene,https://purl.humanatlas.io/graph/hra-pop
HGNC:55590,ANKRD42-DT,ANKRD42-DT,biolink:Gene,https://purl.humanatlas.io/graph/hra-pop
HGNC:55600,BTG1-DT,BTG1-DT,biolink:Gene,https://purl.humanatlas.io/graph/hra-pop
HGNC:55605,EOGT-DT,EOGT-DT,biolink:Gene,https://purl.humanatlas.io/graph/hra-pop
HGNC:55614,PELP1-DT,PELP1-DT,biolink:Gene,https://purl.humanatlas.io/graph/hra-pop
HGNC:55616,ENPP7P15,ENPP7P15,biolink:Gene,https://purl.humanatlas.io/graph/hra-pop
HGNC:55618,CFAP20DC-DT,CFAP20DC-DT,biolink:Gene,https://purl.humanatlas.io/graph/hra-pop
HGNC:5563,IGHV1OR15-1,IGHV1OR15-1,biolink:Gene,https://purl.humanatlas.io/graph/hra-pop
HGNC:55642,ATP11B-DT,ATP11B-DT,biolink:Gene,https://purl.humanatlas.io/graph/hra-pop
HGNC:55646,ERRFI1-DT,ERRFI1-DT,biolink:Gene,https://purl.humanatlas.io/graph/hra-pop
HGNC:55661,RCAN2-DT,RCAN2-DT,biolink:Gene,https://purl.humanatlas.io/graph/hra-pop
HGNC:55665,CD101-AS1,CD101-AS1,biolink:Gene,https://purl.humanatlas.io/graph/hra-pop
HGNC:55701,TLE1-DT,TLE1-DT,biolink:Gene,https://purl.humanatlas.io/graph/hra-pop
HGNC:55713,NEMP2-DT,NEMP2-DT,biolink:Gene,https://purl.humanatlas.io/graph/hra-pop
HGNC:55759,PRIM2BP,PRIM2BP,biolink:Gene,https://purl.humanatlas.io/graph/hra-pop
HGNC:55766,EHBP1-AS1,EHBP1-AS1,biolink:Gene,https://purl.humanatlas.io/graph/hra-pop
HGNC:55767,PDK4-AS1,PDK4-AS1,biolink:Gene,https://purl.humanatlas.io/graph/hra-pop
HGNC:55770,GUSBP18,GUSBP18,biolink:Gene,https://purl.humanatlas.io/graph/hra-pop
HGNC:55777,CBR1-AS1,CBR1-AS1,biolink:Gene,https://purl.humanatlas.io/graph/hra-pop
HGNC:55791,PCMTD1-DT,PCMTD1-DT,biolink:Gene,https://purl.humanatlas.io/graph/hra-pop
HGNC:55793,RRAGC-DT,RRAGC-DT,biolink:Gene,https://purl.humanatlas.io/graph/hra-pop
HGNC:558,AP1M2,AP1M2,biolink:Gene,https://purl.humanatlas.io/graph/hra-pop
HGNC:55803,INO80D-AS1,INO80D-AS1,biolink:Gene,https://purl.humanatlas.io/graph/hra-pop
HGNC:55805,WAPL-DT,WAPL-DT,biolink:Gene,https://purl.humanatlas.io/graph/hra-pop
HGNC:55822,DOCK8-AS2,DOCK8-AS2,biolink:Gene,https://purl.humanatlas.io/graph/hra-pop
HGNC:55830,R3HDML-AS1,R3HDML-AS1,biolink:Gene,https://purl.humanatlas.io/graph/hra-pop
HGNC:55838,PPP1R15B-AS1,PPP1R15B-AS1,biolink:Gene,https://purl.humanatlas.io/graph/hra-pop
HGNC:55845,SNX10-AS1,SNX10-AS1,biolink:Gene,https://purl.humanatlas.io/graph/hra-pop
HGNC:55848,GOT1-DT,GOT1-DT,biolink:Gene,https://purl.humanatlas.io/graph/hra-pop
HGNC:55856,CSRP1-AS1,CSRP1-AS1,biolink:Gene,https://purl.humanatlas.io/graph/hra-pop
HGNC:55857,HEXIM2-AS1,HEXIM2-AS1,biolink:Gene,https://purl.humanatlas.io/graph/hra-pop
HGNC:55858,WDTC1-DT,WDTC1-DT,biolink:Gene,https://purl.humanatlas.io/graph/hra-pop
HGNC:55863,CALCRL-AS1,CALCRL-AS1,biolink:Gene,https://purl.humanatlas.io/graph/hra-pop
HGNC:55868,BCL10-AS1,BCL10-AS1,biolink:Gene,https://purl.humanatlas.io/graph/hra-pop
HGNC:55876,ZNF24TR,ZNF24TR,biolink:Gene,https://purl.humanatlas.io/graph/hra-pop
HGNC:5588,IGHV3-23,IGHV3-23,biolink:Gene,https://purl.humanatlas.io/graph/hra-pop
HGNC:55880,ACAA2P1,ACAA2P1,biolink:Gene,https://purl.humanatlas.io/graph/hra-pop
HGNC:55895,IGSF3P1,IGSF3P1,biolink:Gene,https://purl.humanatlas.io/graph/hra-pop
HGNC:559,AP1S1,AP1S1,biolink:Gene,https://purl.humanatlas.io/graph/hra-pop
HGNC:55905,RPL7AP82,RPL7AP82,biolink:Gene,https://purl.humanatlas.io/graph/hra-pop
HGNC:55906,RPLP0P9,RPLP0P9,biolink:Gene,https://purl.humanatlas.io/graph/hra-pop
HGNC:55915,HRG-AS1,HRG-AS1,biolink:Gene,https://purl.humanatlas.io/graph/hra-pop
HGNC:55919,CPHXL2,CPHXL2,biolink:Gene,https://purl.humanatlas.io/graph/hra-pop
HGNC:55955,LINC02940,LINC02940,biolink:Gene,https://purl.humanatlas.io/graph/hra-pop
HGNC:55960,LINC02945,LINC02945,biolink:Gene,https://purl.humanatlas.io/graph/hra-pop
HGNC:55966,MIR130AHG,MIR130AHG,biolink:Gene,https://purl.humanatlas.io/graph/hra-pop
HGNC:55975,AKAP13-AS1,AKAP13-AS1,biolink:Gene,https://purl.humanatlas.io/graph/hra-pop
HGNC:55980,MIR142HG,MIR142HG,biolink:Gene,https://purl.humanatlas.io/graph/hra-pop
HGNC:560,AP1S2,AP1S2,biolink:Gene,https://purl.humanatlas.io/graph/hra-pop
HGNC:56006,LINC02966,LINC02966,biolink:Gene,https://purl.humanatlas.io/graph/hra-pop
HGNC:56007,LINC02967,LINC02967,biolink:Gene,https://purl.humanatlas.io/graph/hra-pop
HGNC:5601,IGHV3-38,IGHV3-38,biolink:Gene,https://purl.humanatlas.io/graph/hra-pop
HGNC:5604,IGHV3-43,IGHV3-43,biolink:Gene,https://purl.humanatlas.io/graph/hra-pop
HGNC:56040,DPH1-AS1,DPH1-AS1,biolink:Gene,https://purl.humanatlas.io/graph/hra-pop
HGNC:56055,LINC02981,LINC02981,biolink:Gene,https://purl.humanatlas.io/graph/hra-pop
HGNC:56062,SMARCA2-AS1,SMARCA2-AS1,biolink:Gene,https://purl.humanatlas.io/graph/hra-pop
HGNC:56064,RPL30-AS1,RPL30-AS1,biolink:Gene,https://purl.humanatlas.io/graph/hra-pop
HGNC:56071,PRSS23-AS1,PRSS23-AS1,biolink:Gene,https://purl.humanatlas.io/graph/hra-pop
HGNC:56072,ITPR2-AS1,ITPR2-AS1,biolink:Gene,https://purl.humanatlas.io/graph/hra-pop
HGNC:56077,ARNT2-DT,ARNT2-DT,biolink:Gene,https://purl.humanatlas.io/graph/hra-pop
HGNC:56085,NFATC2IP-AS1,NFATC2IP-AS1,biolink:Gene,https://purl.humanatlas.io/graph/hra-pop
HGNC:56104,PSMD14-DT,PSMD14-DT,biolink:Gene,https://purl.humanatlas.io/graph/hra-pop
HGNC:56109,LINC02994,LINC02994,biolink:Gene,https://purl.humanatlas.io/graph/hra-pop
HGNC:56110,MAP9-AS1,MAP9-AS1,biolink:Gene,https://purl.humanatlas.io/graph/hra-pop
HGNC:56116,LINC03000,LINC03000,biolink:Gene,https://purl.humanatlas.io/graph/hra-pop
HGNC:56123,LINC03002,LINC03002,biolink:Gene,https://purl.humanatlas.io/graph/hra-pop
HGNC:56132,LINC03007,LINC03007,biolink:Gene,https://purl.humanatlas.io/graph/hra-pop
HGNC:56138,CPVL-AS2,CPVL-AS2,biolink:Gene,https://purl.humanatlas.io/graph/hra-pop
HGNC:56141,FAM131B-AS2,FAM131B-AS2,biolink:Gene,https://purl.humanatlas.io/graph/hra-pop
HGNC:56146,LINC03017,LINC03017,biolink:Gene,https://purl.humanatlas.io/graph/hra-pop
HGNC:56152,ADAM7-AS1,ADAM7-AS1,biolink:Gene,https://purl.humanatlas.io/graph/hra-pop
HGNC:56176,DENND2B-AS1,DENND2B-AS1,biolink:Gene,https://purl.humanatlas.io/graph/hra-pop
HGNC:56178,SLC38A4-AS1,SLC38A4-AS1,biolink:Gene,https://purl.humanatlas.io/graph/hra-pop
HGNC:56183,KMT2CP5,KMT2CP5,biolink:Gene,https://purl.humanatlas.io/graph/hra-pop
HGNC:56197,TRD-AS1,TRD-AS1,biolink:Gene,https://purl.humanatlas.io/graph/hra-pop
HGNC:562,AP2A2,AP2A2,biolink:Gene,https://purl.humanatlas.io/graph/hra-pop
HGNC:56243,CDH13-AS2,CDH13-AS2,biolink:Gene,https://purl.humanatlas.io/graph/hra-pop
HGNC:56247,MAGEA3-DT,MAGEA3-DT,biolink:Gene,https://purl.humanatlas.io/graph/hra-pop
HGNC:56253,FAUP4,FAUP4,biolink:Gene,https://purl.humanatlas.io/graph/hra-pop
HGNC:56255,ACE2-DT,ACE2-DT,biolink:Gene,https://purl.humanatlas.io/graph/hra-pop
HGNC:56263,PELO-AS1,PELO-AS1,biolink:Gene,https://purl.humanatlas.io/graph/hra-pop
HGNC:56267,BCAN-AS2,BCAN-AS2,biolink:Gene,https://purl.humanatlas.io/graph/hra-pop
HGNC:563,AP2B1,AP2B1,biolink:Gene,https://purl.humanatlas.io/graph/hra-pop
HGNC:56304,ZC3H11C,ZC3H11C,biolink:Gene,https://purl.humanatlas.io/graph/hra-pop
HGNC:56330,LINC03051,LINC03051,biolink:Gene,https://purl.humanatlas.io/graph/hra-pop
HGNC:56342,LINC03053,LINC03053,biolink:Gene,https://purl.humanatlas.io/graph/hra-pop
HGNC:56346,LCIIAR,LCIIAR,biolink:Gene,https://purl.humanatlas.io/graph/hra-pop
HGNC:56356,TUBA1B-AS1,TUBA1B-AS1,biolink:Gene,https://purl.humanatlas.io/graph/hra-pop
HGNC:56359,LINC03057,LINC03057,biolink:Gene,https://purl.humanatlas.io/graph/hra-pop
HGNC:56370,CDC42EP3-AS1,CDC42EP3-AS1,biolink:Gene,https://purl.humanatlas.io/graph/hra-pop
HGNC:56374,SLC1A3-AS1,SLC1A3-AS1,biolink:Gene,https://purl.humanatlas.io/graph/hra-pop
HGNC:56375,TXNDC11-AS1,TXNDC11-AS1,biolink:Gene,https://purl.humanatlas.io/graph/hra-pop
HGNC:564,AP2M1,AP2M1,biolink:Gene,https://purl.humanatlas.io/graph/hra-pop
HGNC:56486,PARLP2,PARLP2,biolink:Gene,https://purl.humanatlas.io/graph/hra-pop
HGNC:56508,COX7BP4,COX7BP4,biolink:Gene,https://purl.humanatlas.io/graph/hra-pop
HGNC:56540,DNAJC8P2,DNAJC8P2,biolink:Gene,https://purl.humanatlas.io/graph/hra-pop
HGNC:566,AP3B1,AP3B1,biolink:Gene,https://purl.humanatlas.io/graph/hra-pop
HGNC:56600,PLA2G10DP,PLA2G10DP,biolink:Gene,https://purl.humanatlas.io/graph/hra-pop
HGNC:56601,PLA2G10EP,PLA2G10EP,biolink:Gene,https://purl.humanatlas.io/graph/hra-pop
HGNC:56653,CEDORA,CEDORA,biolink:Gene,https://purl.humanatlas.io/graph/hra-pop
HGNC:56663,NCAL1,NCAL1,biolink:Gene,https://purl.humanatlas.io/graph/hra-pop
HGNC:56678,TM4SF18-AS1,TM4SF18-AS1,biolink:Gene,https://purl.humanatlas.io/graph/hra-pop
HGNC:56694,HAFML,HAFML,biolink:Gene,https://purl.humanatlas.io/graph/hra-pop
HGNC:56704,HYOU1-AS1,HYOU1-AS1,biolink:Gene,https://purl.humanatlas.io/graph/hra-pop
HGNC:56718,ASTILCS,ASTILCS,biolink:Gene,https://purl.humanatlas.io/graph/hra-pop
HGNC:56721,LINC03092,LINC03092,biolink:Gene,https://purl.humanatlas.io/graph/hra-pop
HGNC:56733,MITA1,MITA1,biolink:Gene,https://purl.humanatlas.io/graph/hra-pop
HGNC:56756,TRIM59-IFT80,TRIM59-IFT80,biolink:Gene,https://purl.humanatlas.io/graph/hra-pop
HGNC:56758,TOMM22-DT,TOMM22-DT,biolink:Gene,https://purl.humanatlas.io/graph/hra-pop
HGNC:56759,SMAD3-DT,SMAD3-DT,biolink:Gene,https://purl.humanatlas.io/graph/hra-pop
HGNC:56803,RPL7L1P21,RPL7L1P21,biolink:Gene,https://purl.humanatlas.io/graph/hra-pop
HGNC:56821,RUNX1-AS1,RUNX1-AS1,biolink:Gene,https://purl.humanatlas.io/graph/hra-pop
HGNC:56822,DHCR7-DT,DHCR7-DT,biolink:Gene,https://purl.humanatlas.io/graph/hra-pop
HGNC:56835,LINC03105,LINC03105,biolink:Gene,https://purl.humanatlas.io/graph/hra-pop
HGNC:56841,LINC03107,LINC03107,biolink:Gene,https://purl.humanatlas.io/graph/hra-pop
HGNC:56848,CYLD-AS2,CYLD-AS2,biolink:Gene,https://purl.humanatlas.io/graph/hra-pop
HGNC:56850,LINC03111,LINC03111,biolink:Gene,https://purl.humanatlas.io/graph/hra-pop
HGNC:56874,SPDYE1-AS1,SPDYE1-AS1,biolink:Gene,https://purl.humanatlas.io/graph/hra-pop
HGNC:56909,PDGFDDN,PDGFDDN,biolink:Gene,https://purl.humanatlas.io/graph/hra-pop
HGNC:56945,SYNCRIPP1,SYNCRIPP1,biolink:Gene,https://purl.humanatlas.io/graph/hra-pop
HGNC:57,ABCC6,ABCC6,biolink:Gene,https://purl.humanatlas.io/graph/hra-pop
HGNC:571,AP3S2,AP3S2,biolink:Gene,https://purl.humanatlas.io/graph/hra-pop
HGNC:5713,JCHAIN,JCHAIN,biolink:Gene,https://purl.humanatlas.io/graph/hra-pop
HGNC:5716,IGKC,IGKC,biolink:Gene,https://purl.humanatlas.io/graph/hra-pop
HGNC:5724,RBPJ,RBPJ,biolink:Gene,https://purl.humanatlas.io/graph/hra-pop
HGNC:575,AP4S1,AP4S1,biolink:Gene,https://purl.humanatlas.io/graph/hra-pop
HGNC:576,APAF1,APAF1,biolink:Gene,https://purl.humanatlas.io/graph/hra-pop
HGNC:578,APBA1,APBA1,biolink:Gene,https://purl.humanatlas.io/graph/hra-pop
HGNC:579,APBA2,APBA2,biolink:Gene,https://purl.humanatlas.io/graph/hra-pop
HGNC:581,APBB1,APBB1,biolink:Gene,https://purl.humanatlas.io/graph/hra-pop
HGNC:5816,IGKV3-15,IGKV3-15,biolink:Gene,https://purl.humanatlas.io/graph/hra-pop
HGNC:582,APBB2,APBB2,biolink:Gene,https://purl.humanatlas.io/graph/hra-pop
HGNC:583,APC,APC,biolink:Gene,https://purl.humanatlas.io/graph/hra-pop
HGNC:5834,IGKV4-1,IGKV4-1,biolink:Gene,https://purl.humanatlas.io/graph/hra-pop
HGNC:5855,IGLC1,IGLC1,biolink:Gene,https://purl.humanatlas.io/graph/hra-pop
HGNC:5856,IGLC2,IGLC2,biolink:Gene,https://purl.humanatlas.io/graph/hra-pop
HGNC:5857,IGLC3,IGLC3,biolink:Gene,https://purl.humanatlas.io/graph/hra-pop
HGNC:586,APEH,APEH,biolink:Gene,https://purl.humanatlas.io/graph/hra-pop
HGNC:5861,IGLC7,IGLC7,biolink:Gene,https://purl.humanatlas.io/graph/hra-pop
HGNC:5870,IGLL1,IGLL1,biolink:Gene,https://purl.humanatlas.io/graph/hra-pop
HGNC:589,ATG5,ATG5,biolink:Gene,https://purl.humanatlas.io/graph/hra-pop
HGNC:59,ABCC8,ABCC8,biolink:Gene,https://purl.humanatlas.io/graph/hra-pop
HGNC:590,BIRC2,BIRC2,biolink:Gene,https://purl.humanatlas.io/graph/hra-pop
HGNC:5903,IGLV3-19,IGLV3-19,biolink:Gene,https://purl.humanatlas.io/graph/hra-pop
HGNC:591,BIRC3,BIRC3,biolink:Gene,https://purl.humanatlas.io/graph/hra-pop
HGNC:5927,IGLV6-57,IGLV6-57,biolink:Gene,https://purl.humanatlas.io/graph/hra-pop
HGNC:5946,IGLVV-66,IGLVV-66,biolink:Gene,https://purl.humanatlas.io/graph/hra-pop
HGNC:5951,CADM1,CADM1,biolink:Gene,https://purl.humanatlas.io/graph/hra-pop
HGNC:5964,IL10RA,IL10RA,biolink:Gene,https://purl.humanatlas.io/graph/hra-pop
HGNC:5965,IL10RB,IL10RB,biolink:Gene,https://purl.humanatlas.io/graph/hra-pop
HGNC:5971,IL12RB1,IL12RB1,biolink:Gene,https://purl.humanatlas.io/graph/hra-pop
HGNC:5972,IL12RB2,IL12RB2,biolink:Gene,https://purl.humanatlas.io/graph/hra-pop
HGNC:5974,IL13RA1,IL13RA1,biolink:Gene,https://purl.humanatlas.io/graph/hra-pop
HGNC:5977,IL15,IL15,biolink:Gene,https://purl.humanatlas.io/graph/hra-pop
HGNC:598,APLP2,APLP2,biolink:Gene,https://purl.humanatlas.io/graph/hra-pop
HGNC:5980,IL16,IL16,biolink:Gene,https://purl.humanatlas.io/graph/hra-pop
HGNC:5985,IL17RA,IL17RA,biolink:Gene,https://purl.humanatlas.io/graph/hra-pop
HGNC:5986,IL18,IL18,biolink:Gene,https://purl.humanatlas.io/graph/hra-pop
HGNC:5988,IL18R1,IL18R1,biolink:Gene,https://purl.humanatlas.io/graph/hra-pop
HGNC:5992,IL1B,IL1B,biolink:Gene,https://purl.humanatlas.io/graph/hra-pop
HGNC:5993,IL1R1,IL1R1,biolink:Gene,https://purl.humanatlas.io/graph/hra-pop
HGNC:5994,IL1R2,IL1R2,biolink:Gene,https://purl.humanatlas.io/graph/hra-pop
HGNC:5995,IL1RAP,IL1RAP,biolink:Gene,https://purl.humanatlas.io/graph/hra-pop
HGNC:5996,IL1RAPL1,IL1RAPL1,biolink:Gene,https://purl.humanatlas.io/graph/hra-pop
HGNC:5997,IL1RAPL2,IL1RAPL2,biolink:Gene,https://purl.humanatlas.io/graph/hra-pop
HGNC:5998,IL1RL1,IL1RL1,biolink:Gene,https://purl.humanatlas.io/graph/hra-pop
HGNC:5999,IL1RL2,IL1RL2,biolink:Gene,https://purl.humanatlas.io/graph/hra-pop
HGNC:60,ABCC9,ABCC9,biolink:Gene,https://purl.humanatlas.io/graph/hra-pop
HGNC:600,APOA1,APOA1,biolink:Gene,https://purl.humanatlas.io/graph/hra-pop
HGNC:6003,IL20RA,IL20RA,biolink:Gene,https://purl.humanatlas.io/graph/hra-pop
HGNC:6010,IL2RG,IL2RG,biolink:Gene,https://purl.humanatlas.io/graph/hra-pop
HGNC:6012,IL3RA,IL3RA,biolink:Gene,https://purl.humanatlas.io/graph/hra-pop
HGNC:6015,IL4R,IL4R,biolink:Gene,https://purl.humanatlas.io/graph/hra-pop
HGNC:6017,IL5RA,IL5RA,biolink:Gene,https://purl.humanatlas.io/graph/hra-pop
HGNC:6019,IL6R,IL6R,biolink:Gene,https://purl.humanatlas.io/graph/hra-pop
HGNC:6021,IL6ST,IL6ST,biolink:Gene,https://purl.humanatlas.io/graph/hra-pop
HGNC:6024,IL7R,IL7R,biolink:Gene,https://purl.humanatlas.io/graph/hra-pop
HGNC:6025,CXCL8,CXCL8,biolink:Gene,https://purl.humanatlas.io/graph/hra-pop
HGNC:6038,ILF3,ILF3,biolink:Gene,https://purl.humanatlas.io/graph/hra-pop
HGNC:604,APOBEC1,APOBEC1,biolink:Gene,https://purl.humanatlas.io/graph/hra-pop
HGNC:6040,ILK,ILK,biolink:Gene,https://purl.humanatlas.io/graph/hra-pop
HGNC:6051,IMPA2,IMPA2,biolink:Gene,https://purl.humanatlas.io/graph/hra-pop
HGNC:6058,INCENP,INCENP,biolink:Gene,https://purl.humanatlas.io/graph/hra-pop
HGNC:6059,IDO1,IDO1,biolink:Gene,https://purl.humanatlas.io/graph/hra-pop
HGNC:6064,INGX,INGX,biolink:Gene,https://purl.humanatlas.io/graph/hra-pop
HGNC:6067,INHBB,INHBB,biolink:Gene,https://purl.humanatlas.io/graph/hra-pop
HGNC:6069,INMT,INMT,biolink:Gene,https://purl.humanatlas.io/graph/hra-pop
HGNC:607,APOC1,APOC1,biolink:Gene,https://purl.humanatlas.io/graph/hra-pop
HGNC:6074,INPP4A,INPP4A,biolink:Gene,https://purl.humanatlas.io/graph/hra-pop
HGNC:6075,INPP4B,INPP4B,biolink:Gene,https://purl.humanatlas.io/graph/hra-pop
HGNC:6077,INPP5B,INPP5B,biolink:Gene,https://purl.humanatlas.io/graph/hra-pop
HGNC:6079,INPP5D,INPP5D,biolink:Gene,https://purl.humanatlas.io/graph/hra-pop
HGNC:6080,INPPL1,INPPL1,biolink:Gene,https://purl.humanatlas.io/graph/hra-pop
HGNC:6083,INSIG1,INSIG1,biolink:Gene,https://purl.humanatlas.io/graph/hra-pop
HGNC:6086,INSL3,INSL3,biolink:Gene,https://purl.humanatlas.io/graph/hra-pop
HGNC:6091,INSR,INSR,biolink:Gene,https://purl.humanatlas.io/graph/hra-pop
HGNC:6106,FOXP3,FOXP3,biolink:Gene,https://purl.humanatlas.io/graph/hra-pop
HGNC:6110,IQGAP1,IQGAP1,biolink:Gene,https://purl.humanatlas.io/graph/hra-pop
HGNC:6111,IQGAP2,IQGAP2,biolink:Gene,https://purl.humanatlas.io/graph/hra-pop
HGNC:6112,IRAK1,IRAK1,biolink:Gene,https://purl.humanatlas.io/graph/hra-pop
HGNC:6113,IRAK2,IRAK2,biolink:Gene,https://purl.humanatlas.io/graph/hra-pop
HGNC:6115,IREB2,IREB2,biolink:Gene,https://purl.humanatlas.io/graph/hra-pop
HGNC:6116,IRF1,IRF1,biolink:Gene,https://purl.humanatlas.io/graph/hra-pop
HGNC:6117,IRF2,IRF2,biolink:Gene,https://purl.humanatlas.io/graph/hra-pop
HGNC:6118,IRF3,IRF3,biolink:Gene,https://purl.humanatlas.io/graph/hra-pop
HGNC:6119,IRF4,IRF4,biolink:Gene,https://purl.humanatlas.io/graph/hra-pop
HGNC:612,APOD,APOD,biolink:Gene,https://purl.humanatlas.io/graph/hra-pop
HGNC:6120,IRF5,IRF5,biolink:Gene,https://purl.humanatlas.io/graph/hra-pop
HGNC:6122,IRF7,IRF7,biolink:Gene,https://purl.humanatlas.io/graph/hra-pop
HGNC:6126,IRS2,IRS2,biolink:Gene,https://purl.humanatlas.io/graph/hra-pop
HGNC:6128,IRS4,IRS4,biolink:Gene,https://purl.humanatlas.io/graph/hra-pop
HGNC:613,APOE,APOE,biolink:Gene,https://purl.humanatlas.io/graph/hra-pop
HGNC:6130,ISG20,ISG20,biolink:Gene,https://purl.humanatlas.io/graph/hra-pop
HGNC:6133,ISLR,ISLR,biolink:Gene,https://purl.humanatlas.io/graph/hra-pop
HGNC:6134,ITGA1,ITGA1,biolink:Gene,https://purl.humanatlas.io/graph/hra-pop
HGNC:6136,ITGA11,ITGA11,biolink:Gene,https://purl.humanatlas.io/graph/hra-pop
HGNC:6137,ITGA2,ITGA2,biolink:Gene,https://purl.humanatlas.io/graph/hra-pop
HGNC:6138,ITGA2B,ITGA2B,biolink:Gene,https://purl.humanatlas.io/graph/hra-pop
HGNC:6139,ITGA3,ITGA3,biolink:Gene,https://purl.humanatlas.io/graph/hra-pop
HGNC:6140,ITGA4,ITGA4,biolink:Gene,https://purl.humanatlas.io/graph/hra-pop
HGNC:6141,ITGA5,ITGA5,biolink:Gene,https://purl.humanatlas.io/graph/hra-pop
HGNC:6142,ITGA6,ITGA6,biolink:Gene,https://purl.humanatlas.io/graph/hra-pop
HGNC:6143,ITGA7,ITGA7,biolink:Gene,https://purl.humanatlas.io/graph/hra-pop
HGNC:6144,ITGA8,ITGA8,biolink:Gene,https://purl.humanatlas.io/graph/hra-pop
HGNC:6145,ITGA9,ITGA9,biolink:Gene,https://purl.humanatlas.io/graph/hra-pop
HGNC:6148,ITGAL,ITGAL,biolink:Gene,https://purl.humanatlas.io/graph/hra-pop
HGNC:6149,ITGAM,ITGAM,biolink:Gene,https://purl.humanatlas.io/graph/hra-pop
HGNC:6150,ITGAV,ITGAV,biolink:Gene,https://purl.humanatlas.io/graph/hra-pop
HGNC:6152,ITGAX,ITGAX,biolink:Gene,https://purl.humanatlas.io/graph/hra-pop
HGNC:6153,ITGB1,ITGB1,biolink:Gene,https://purl.humanatlas.io/graph/hra-pop
HGNC:6155,ITGB2,ITGB2,biolink:Gene,https://purl.humanatlas.io/graph/hra-pop
HGNC:6156,ITGB3,ITGB3,biolink:Gene,https://purl.humanatlas.io/graph/hra-pop
HGNC:6157,ITGB3BP,ITGB3BP,biolink:Gene,https://purl.humanatlas.io/graph/hra-pop
HGNC:6158,ITGB4,ITGB4,biolink:Gene,https://purl.humanatlas.io/graph/hra-pop
HGNC:6159,EIF6,EIF6,biolink:Gene,https://purl.humanatlas.io/graph/hra-pop
HGNC:6160,ITGB5,ITGB5,biolink:Gene,https://purl.humanatlas.io/graph/hra-pop
HGNC:6161,ITGB6,ITGB6,biolink:Gene,https://purl.humanatlas.io/graph/hra-pop
HGNC:6163,ITGB8,ITGB8,biolink:Gene,https://purl.humanatlas.io/graph/hra-pop
HGNC:6164,ITGBL1,ITGBL1,biolink:Gene,https://purl.humanatlas.io/graph/hra-pop
HGNC:6167,ITIH2,ITIH2,biolink:Gene,https://purl.humanatlas.io/graph/hra-pop
HGNC:6171,ITK,ITK,biolink:Gene,https://purl.humanatlas.io/graph/hra-pop
HGNC:6173,ITM2A,ITM2A,biolink:Gene,https://purl.humanatlas.io/graph/hra-pop
HGNC:6174,ITM2B,ITM2B,biolink:Gene,https://purl.humanatlas.io/graph/hra-pop
HGNC:6175,ITM2C,ITM2C,biolink:Gene,https://purl.humanatlas.io/graph/hra-pop
HGNC:6176,ITPA,ITPA,biolink:Gene,https://purl.humanatlas.io/graph/hra-pop
HGNC:6177,ITPK1,ITPK1,biolink:Gene,https://purl.humanatlas.io/graph/hra-pop
HGNC:6179,ITPKB,ITPKB,biolink:Gene,https://purl.humanatlas.io/graph/hra-pop
HGNC:6180,ITPR1,ITPR1,biolink:Gene,https://purl.humanatlas.io/graph/hra-pop
HGNC:6181,ITPR2,ITPR2,biolink:Gene,https://purl.humanatlas.io/graph/hra-pop
HGNC:6183,ITSN1,ITSN1,biolink:Gene,https://purl.humanatlas.io/graph/hra-pop
HGNC:6184,ITSN2,ITSN2,biolink:Gene,https://purl.humanatlas.io/graph/hra-pop
HGNC:6186,IVD,IVD,biolink:Gene,https://purl.humanatlas.io/graph/hra-pop
HGNC:6188,JAG1,JAG1,biolink:Gene,https://purl.humanatlas.io/graph/hra-pop
HGNC:6189,JAG2,JAG2,biolink:Gene,https://purl.humanatlas.io/graph/hra-pop
HGNC:6190,JAK1,JAK1,biolink:Gene,https://purl.humanatlas.io/graph/hra-pop
HGNC:6192,JAK2,JAK2,biolink:Gene,https://purl.humanatlas.io/graph/hra-pop
HGNC:6193,JAK3,JAK3,biolink:Gene,https://purl.humanatlas.io/graph/hra-pop
HGNC:6196,JARID2,JARID2,biolink:Gene,https://purl.humanatlas.io/graph/hra-pop
HGNC:620,APP,APP,biolink:Gene,https://purl.humanatlas.io/graph/hra-pop
HGNC:6200,JRKL,JRKL,biolink:Gene,https://purl.humanatlas.io/graph/hra-pop
HGNC:6201,JTB,JTB,biolink:Gene,https://purl.humanatlas.io/graph/hra-pop
HGNC:6204,JUN,JUN,biolink:Gene,https://purl.humanatlas.io/graph/hra-pop
HGNC:6205,JUNB,JUNB,biolink:Gene,https://purl.humanatlas.io/graph/hra-pop
HGNC:6206,JUND,JUND,biolink:Gene,https://purl.humanatlas.io/graph/hra-pop
HGNC:6207,JUP,JUP,biolink:Gene,https://purl.humanatlas.io/graph/hra-pop
HGNC:621,NAE1,NAE1,biolink:Gene,https://purl.humanatlas.io/graph/hra-pop
HGNC:6210,CD82,CD82,biolink:Gene,https://purl.humanatlas.io/graph/hra-pop
HGNC:6228,KCNAB1,KCNAB1,biolink:Gene,https://purl.humanatlas.io/graph/hra-pop
HGNC:6229,KCNAB2,KCNAB2,biolink:Gene,https://purl.humanatlas.io/graph/hra-pop
HGNC:6231,KCNB1,KCNB1,biolink:Gene,https://purl.humanatlas.io/graph/hra-pop
HGNC:6234,KCNC2,KCNC2,biolink:Gene,https://purl.humanatlas.io/graph/hra-pop
HGNC:6235,KCNC3,KCNC3,biolink:Gene,https://purl.humanatlas.io/graph/hra-pop
HGNC:6236,KCNC4,KCNC4,biolink:Gene,https://purl.humanatlas.io/graph/hra-pop
HGNC:6237,KCND1,KCND1,biolink:Gene,https://purl.humanatlas.io/graph/hra-pop
HGNC:6238,KCND2,KCND2,biolink:Gene,https://purl.humanatlas.io/graph/hra-pop
HGNC:6239,KCND3,KCND3,biolink:Gene,https://purl.humanatlas.io/graph/hra-pop
HGNC:6240,KCNE1,KCNE1,biolink:Gene,https://purl.humanatlas.io/graph/hra-pop
HGNC:6241,KCNE5,KCNE5,biolink:Gene,https://purl.humanatlas.io/graph/hra-pop
HGNC:6244,KCNE4,KCNE4,biolink:Gene,https://purl.humanatlas.io/graph/hra-pop
HGNC:6249,KCNG2,KCNG2,biolink:Gene,https://purl.humanatlas.io/graph/hra-pop
HGNC:6255,KCNJ1,KCNJ1,biolink:Gene,https://purl.humanatlas.io/graph/hra-pop
HGNC:6256,KCNJ10,KCNJ10,biolink:Gene,https://purl.humanatlas.io/graph/hra-pop
HGNC:6257,KCNJ11,KCNJ11,biolink:Gene,https://purl.humanatlas.io/graph/hra-pop
HGNC:626,APRT,APRT,biolink:Gene,https://purl.humanatlas.io/graph/hra-pop
HGNC:6260,KCNJ14,KCNJ14,biolink:Gene,https://purl.humanatlas.io/graph/hra-pop
HGNC:6261,KCNJ15,KCNJ15,biolink:Gene,https://purl.humanatlas.io/graph/hra-pop
HGNC:6262,KCNJ16,KCNJ16,biolink:Gene,https://purl.humanatlas.io/graph/hra-pop
HGNC:6264,KCNJ3,KCNJ3,biolink:Gene,https://purl.humanatlas.io/graph/hra-pop
HGNC:6266,KCNJ5,KCNJ5,biolink:Gene,https://purl.humanatlas.io/graph/hra-pop
HGNC:6275,KCNK13,KCNK13,biolink:Gene,https://purl.humanatlas.io/graph/hra-pop
HGNC:6280,KCNK5,KCNK5,biolink:Gene,https://purl.humanatlas.io/graph/hra-pop
HGNC:6281,KCNK6,KCNK6,biolink:Gene,https://purl.humanatlas.io/graph/hra-pop
HGNC:6282,KCNK7,KCNK7,biolink:Gene,https://purl.humanatlas.io/graph/hra-pop
HGNC:6284,KCNMA1,KCNMA1,biolink:Gene,https://purl.humanatlas.io/graph/hra-pop
HGNC:6286,KCNMB2,KCNMB2,biolink:Gene,https://purl.humanatlas.io/graph/hra-pop
HGNC:6290,KCNN1,KCNN1,biolink:Gene,https://purl.humanatlas.io/graph/hra-pop
HGNC:6291,KCNN2,KCNN2,biolink:Gene,https://purl.humanatlas.io/graph/hra-pop
HGNC:6292,KCNN3,KCNN3,biolink:Gene,https://purl.humanatlas.io/graph/hra-pop
HGNC:6293,KCNN4,KCNN4,biolink:Gene,https://purl.humanatlas.io/graph/hra-pop
HGNC:6294,KCNQ1,KCNQ1,biolink:Gene,https://purl.humanatlas.io/graph/hra-pop
HGNC:6295,KCNQ1OT1,KCNQ1OT1,biolink:Gene,https://purl.humanatlas.io/graph/hra-pop
HGNC:6297,KCNQ3,KCNQ3,biolink:Gene,https://purl.humanatlas.io/graph/hra-pop
HGNC:6299,KCNQ5,KCNQ5,biolink:Gene,https://purl.humanatlas.io/graph/hra-pop
HGNC:630,SHROOM2,SHROOM2,biolink:Gene,https://purl.humanatlas.io/graph/hra-pop
HGNC:6302,KCNS3,KCNS3,biolink:Gene,https://purl.humanatlas.io/graph/hra-pop
HGNC:6304,KDELR1,KDELR1,biolink:Gene,https://purl.humanatlas.io/graph/hra-pop
HGNC:6305,KDELR2,KDELR2,biolink:Gene,https://purl.humanatlas.io/graph/hra-pop
HGNC:6307,KDR,KDR,biolink:Gene,https://purl.humanatlas.io/graph/hra-pop
HGNC:6315,KHK,KHK,biolink:Gene,https://purl.humanatlas.io/graph/hra-pop
HGNC:6316,KHSRP,KHSRP,biolink:Gene,https://purl.humanatlas.io/graph/hra-pop
HGNC:6318,KIF2A,KIF2A,biolink:Gene,https://purl.humanatlas.io/graph/hra-pop
HGNC:6319,KIF3A,KIF3A,biolink:Gene,https://purl.humanatlas.io/graph/hra-pop
HGNC:6320,KIF3B,KIF3B,biolink:Gene,https://purl.humanatlas.io/graph/hra-pop
HGNC:6324,KIF5B,KIF5B,biolink:Gene,https://purl.humanatlas.io/graph/hra-pop
HGNC:6326,KIFC3,KIFC3,biolink:Gene,https://purl.humanatlas.io/graph/hra-pop
HGNC:633,AQP1,AQP1,biolink:Gene,https://purl.humanatlas.io/graph/hra-pop
HGNC:6338,KIR3DL1,KIR3DL1,biolink:Gene,https://purl.humanatlas.io/graph/hra-pop
HGNC:634,AQP2,AQP2,biolink:Gene,https://purl.humanatlas.io/graph/hra-pop
HGNC:6341,KISS1,KISS1,biolink:Gene,https://purl.humanatlas.io/graph/hra-pop
HGNC:6342,KIT,KIT,biolink:Gene,https://purl.humanatlas.io/graph/hra-pop
HGNC:6343,KITLG,KITLG,biolink:Gene,https://purl.humanatlas.io/graph/hra-pop
HGNC:6344,KL,KL,biolink:Gene,https://purl.humanatlas.io/graph/hra-pop
HGNC:6346,KLF12,KLF12,biolink:Gene,https://purl.humanatlas.io/graph/hra-pop
HGNC:6347,KLF2,KLF2,biolink:Gene,https://purl.humanatlas.io/graph/hra-pop
HGNC:6348,KLF4,KLF4,biolink:Gene,https://purl.humanatlas.io/graph/hra-pop
HGNC:6349,KLF5,KLF5,biolink:Gene,https://purl.humanatlas.io/graph/hra-pop
HGNC:6350,KLF7,KLF7,biolink:Gene,https://purl.humanatlas.io/graph/hra-pop
HGNC:6353,KLHL2,KLHL2,biolink:Gene,https://purl.humanatlas.io/graph/hra-pop
HGNC:6354,KLHL3,KLHL3,biolink:Gene,https://purl.humanatlas.io/graph/hra-pop
HGNC:6356,KLHL5,KLHL5,biolink:Gene,https://purl.humanatlas.io/graph/hra-pop
HGNC:6357,KLK1,KLK1,biolink:Gene,https://purl.humanatlas.io/graph/hra-pop
HGNC:636,AQP3,AQP3,biolink:Gene,https://purl.humanatlas.io/graph/hra-pop
HGNC:6367,KLK6,KLK6,biolink:Gene,https://purl.humanatlas.io/graph/hra-pop
HGNC:6373,KLRB1,KLRB1,biolink:Gene,https://purl.humanatlas.io/graph/hra-pop
HGNC:6378,KLRD1,KLRD1,biolink:Gene,https://purl.humanatlas.io/graph/hra-pop
HGNC:638,AQP5,AQP5,biolink:Gene,https://purl.humanatlas.io/graph/hra-pop
HGNC:6380,KLRG1,KLRG1,biolink:Gene,https://purl.humanatlas.io/graph/hra-pop
HGNC:6383,KNG1,KNG1,biolink:Gene,https://purl.humanatlas.io/graph/hra-pop
HGNC:6387,KLC1,KLC1,biolink:Gene,https://purl.humanatlas.io/graph/hra-pop
HGNC:639,AQP6,AQP6,biolink:Gene,https://purl.humanatlas.io/graph/hra-pop
HGNC:6395,KPNA2,KPNA2,biolink:Gene,https://purl.humanatlas.io/graph/hra-pop
HGNC:6397,KPNA4,KPNA4,biolink:Gene,https://purl.humanatlas.io/graph/hra-pop
HGNC:6398,KPNA5,KPNA5,biolink:Gene,https://purl.humanatlas.io/graph/hra-pop
HGNC:640,AQP7,AQP7,biolink:Gene,https://purl.humanatlas.io/graph/hra-pop
HGNC:6400,KPNB1,KPNB1,biolink:Gene,https://purl.humanatlas.io/graph/hra-pop
HGNC:6402,IPO5,IPO5,biolink:Gene,https://purl.humanatlas.io/graph/hra-pop
HGNC:6404,KPTN,KPTN,biolink:Gene,https://purl.humanatlas.io/graph/hra-pop
HGNC:6408,MAFB,MAFB,biolink:Gene,https://purl.humanatlas.io/graph/hra-pop
HGNC:6412,KRT1,KRT1,biolink:Gene,https://purl.humanatlas.io/graph/hra-pop
HGNC:6413,KRT10,KRT10,biolink:Gene,https://purl.humanatlas.io/graph/hra-pop
HGNC:6415,KRT13,KRT13,biolink:Gene,https://purl.humanatlas.io/graph/hra-pop
HGNC:643,AQP9,AQP9,biolink:Gene,https://purl.humanatlas.io/graph/hra-pop
HGNC:6430,KRT18,KRT18,biolink:Gene,https://purl.humanatlas.io/graph/hra-pop
HGNC:6436,KRT19,KRT19,biolink:Gene,https://purl.humanatlas.io/graph/hra-pop
HGNC:644,AR,AR,biolink:Gene,https://purl.humanatlas.io/graph/hra-pop
HGNC:6445,KRT7,KRT7,biolink:Gene,https://purl.humanatlas.io/graph/hra-pop
HGNC:6446,KRT8,KRT8,biolink:Gene,https://purl.humanatlas.io/graph/hra-pop
HGNC:6465,KSR1,KSR1,biolink:Gene,https://purl.humanatlas.io/graph/hra-pop
HGNC:6467,KTN1,KTN1,biolink:Gene,https://purl.humanatlas.io/graph/hra-pop
HGNC:6469,KYNU,KYNU,biolink:Gene,https://purl.humanatlas.io/graph/hra-pop
HGNC:6473,AFF3,AFF3,biolink:Gene,https://purl.humanatlas.io/graph/hra-pop
HGNC:6476,LAG3,LAG3,biolink:Gene,https://purl.humanatlas.io/graph/hra-pop
HGNC:6477,LAIR1,LAIR1,biolink:Gene,https://purl.humanatlas.io/graph/hra-pop
HGNC:6478,LAIR2,LAIR2,biolink:Gene,https://purl.humanatlas.io/graph/hra-pop
HGNC:6481,LAMA1,LAMA1,biolink:Gene,https://purl.humanatlas.io/graph/hra-pop
HGNC:6482,LAMA2,LAMA2,biolink:Gene,https://purl.humanatlas.io/graph/hra-pop
HGNC:6484,LAMA4,LAMA4,biolink:Gene,https://purl.humanatlas.io/graph/hra-pop
HGNC:6485,LAMA5,LAMA5,biolink:Gene,https://purl.humanatlas.io/graph/hra-pop
HGNC:6486,LAMB1,LAMB1,biolink:Gene,https://purl.humanatlas.io/graph/hra-pop
HGNC:6487,LAMB2,LAMB2,biolink:Gene,https://purl.humanatlas.io/graph/hra-pop
HGNC:649,ARCN1,ARCN1,biolink:Gene,https://purl.humanatlas.io/graph/hra-pop
HGNC:6490,LAMB3,LAMB3,biolink:Gene,https://purl.humanatlas.io/graph/hra-pop
HGNC:6491,LAMB4,LAMB4,biolink:Gene,https://purl.humanatlas.io/graph/hra-pop
HGNC:6492,LAMC1,LAMC1,biolink:Gene,https://purl.humanatlas.io/graph/hra-pop
HGNC:6493,LAMC2,LAMC2,biolink:Gene,https://purl.humanatlas.io/graph/hra-pop
HGNC:6494,LAMC3,LAMC3,biolink:Gene,https://purl.humanatlas.io/graph/hra-pop
HGNC:6499,LAMP1,LAMP1,biolink:Gene,https://purl.humanatlas.io/graph/hra-pop
HGNC:6502,RPSA,RPSA,biolink:Gene,https://purl.humanatlas.io/graph/hra-pop
HGNC:6504,RPSAP12,RPSAP12,biolink:Gene,https://purl.humanatlas.io/graph/hra-pop
HGNC:6506,RPSAP14,RPSAP14,biolink:Gene,https://purl.humanatlas.io/graph/hra-pop
HGNC:6508,LANCL1,LANCL1,biolink:Gene,https://purl.humanatlas.io/graph/hra-pop
HGNC:6509,LANCL2,LANCL2,biolink:Gene,https://purl.humanatlas.io/graph/hra-pop
HGNC:651,AREG,AREG,biolink:Gene,https://purl.humanatlas.io/graph/hra-pop
HGNC:6510,STMN1,STMN1,biolink:Gene,https://purl.humanatlas.io/graph/hra-pop
HGNC:6511,LARGE1,LARGE1,biolink:Gene,https://purl.humanatlas.io/graph/hra-pop
HGNC:6513,LASP1,LASP1,biolink:Gene,https://purl.humanatlas.io/graph/hra-pop
HGNC:6514,LATS1,LATS1,biolink:Gene,https://purl.humanatlas.io/graph/hra-pop
HGNC:6518,LBR,LBR,biolink:Gene,https://purl.humanatlas.io/graph/hra-pop
HGNC:652,ARF1,ARF1,biolink:Gene,https://purl.humanatlas.io/graph/hra-pop
HGNC:6522,LCAT,LCAT,biolink:Gene,https://purl.humanatlas.io/graph/hra-pop
HGNC:6524,LCK,LCK,biolink:Gene,https://purl.humanatlas.io/graph/hra-pop
HGNC:6526,LCN2,LCN2,biolink:Gene,https://purl.humanatlas.io/graph/hra-pop
HGNC:6528,LCP1,LCP1,biolink:Gene,https://purl.humanatlas.io/graph/hra-pop
HGNC:6529,LCP2,LCP2,biolink:Gene,https://purl.humanatlas.io/graph/hra-pop
HGNC:6532,LDB1,LDB1,biolink:Gene,https://purl.humanatlas.io/graph/hra-pop
HGNC:6533,LDB2,LDB2,biolink:Gene,https://purl.humanatlas.io/graph/hra-pop
HGNC:6535,LDHA,LDHA,biolink:Gene,https://purl.humanatlas.io/graph/hra-pop
HGNC:6541,LDHB,LDHB,biolink:Gene,https://purl.humanatlas.io/graph/hra-pop
HGNC:6543,LDHBP2,LDHBP2,biolink:Gene,https://purl.humanatlas.io/graph/hra-pop
HGNC:6546,COG2,COG2,biolink:Gene,https://purl.humanatlas.io/graph/hra-pop
HGNC:6547,LDLR,LDLR,biolink:Gene,https://purl.humanatlas.io/graph/hra-pop
HGNC:655,ARF4,ARF4,biolink:Gene,https://purl.humanatlas.io/graph/hra-pop
HGNC:6551,LEF1,LEF1,biolink:Gene,https://purl.humanatlas.io/graph/hra-pop
HGNC:6554,LEPR,LEPR,biolink:Gene,https://purl.humanatlas.io/graph/hra-pop
HGNC:6555,LEPROTL1,LEPROTL1,biolink:Gene,https://purl.humanatlas.io/graph/hra-pop
HGNC:656,ARL4D,ARL4D,biolink:Gene,https://purl.humanatlas.io/graph/hra-pop
HGNC:6560,LFNG,LFNG,biolink:Gene,https://purl.humanatlas.io/graph/hra-pop
HGNC:6561,LGALS1,LGALS1,biolink:Gene,https://purl.humanatlas.io/graph/hra-pop
HGNC:6562,LGALS2,LGALS2,biolink:Gene,https://purl.humanatlas.io/graph/hra-pop
HGNC:6563,LGALS3,LGALS3,biolink:Gene,https://purl.humanatlas.io/graph/hra-pop
HGNC:6564,LGALS3BP,LGALS3BP,biolink:Gene,https://purl.humanatlas.io/graph/hra-pop
HGNC:658,ARF5,ARF5,biolink:Gene,https://purl.humanatlas.io/graph/hra-pop
HGNC:6583,EIF2D,EIF2D,biolink:Gene,https://purl.humanatlas.io/graph/hra-pop
HGNC:6586,LHFPL6,LHFPL6,biolink:Gene,https://purl.humanatlas.io/graph/hra-pop
HGNC:6588,LHFPL2,LHFPL2,biolink:Gene,https://purl.humanatlas.io/graph/hra-pop
HGNC:6589,LHFPL3,LHFPL3,biolink:Gene,https://purl.humanatlas.io/graph/hra-pop
HGNC:659,ARF6,ARF6,biolink:Gene,https://purl.humanatlas.io/graph/hra-pop
HGNC:6593,LHX1,LHX1,biolink:Gene,https://purl.humanatlas.io/graph/hra-pop
HGNC:6596,LIF,LIF,biolink:Gene,https://purl.humanatlas.io/graph/hra-pop
HGNC:6597,LIFR,LIFR,biolink:Gene,https://purl.humanatlas.io/graph/hra-pop
HGNC:6598,LIG1,LIG1,biolink:Gene,https://purl.humanatlas.io/graph/hra-pop
HGNC:66,ABCD2,ABCD2,biolink:Gene,https://purl.humanatlas.io/graph/hra-pop
HGNC:6601,LIG4,LIG4,biolink:Gene,https://purl.humanatlas.io/graph/hra-pop
HGNC:6603,LILRA2,LILRA2,biolink:Gene,https://purl.humanatlas.io/graph/hra-pop
HGNC:6605,LILRB1,LILRB1,biolink:Gene,https://purl.humanatlas.io/graph/hra-pop
HGNC:6606,LILRB2,LILRB2,biolink:Gene,https://purl.humanatlas.io/graph/hra-pop
HGNC:6607,LILRB3,LILRB3,biolink:Gene,https://purl.humanatlas.io/graph/hra-pop
HGNC:661,ARFGAP3,ARFGAP3,biolink:Gene,https://purl.humanatlas.io/graph/hra-pop
HGNC:6616,LIMS1,LIMS1,biolink:Gene,https://purl.humanatlas.io/graph/hra-pop
HGNC:6617,LIPA,LIPA,biolink:Gene,https://purl.humanatlas.io/graph/hra-pop
HGNC:6619,LIPC,LIPC,biolink:Gene,https://purl.humanatlas.io/graph/hra-pop
HGNC:662,ARFRP1,ARFRP1,biolink:Gene,https://purl.humanatlas.io/graph/hra-pop
HGNC:6623,LIPG,LIPG,biolink:Gene,https://purl.humanatlas.io/graph/hra-pop
HGNC:6628,LLGL1,LLGL1,biolink:Gene,https://purl.humanatlas.io/graph/hra-pop
HGNC:6629,LLGL2,LLGL2,biolink:Gene,https://purl.humanatlas.io/graph/hra-pop
HGNC:6631,LMAN1,LMAN1,biolink:Gene,https://purl.humanatlas.io/graph/hra-pop
HGNC:6633,LMCD1,LMCD1,biolink:Gene,https://purl.humanatlas.io/graph/hra-pop
HGNC:6636,LMNA,LMNA,biolink:Gene,https://purl.humanatlas.io/graph/hra-pop
HGNC:6637,LMNB1,LMNB1,biolink:Gene,https://purl.humanatlas.io/graph/hra-pop
HGNC:664,ARG2,ARG2,biolink:Gene,https://purl.humanatlas.io/graph/hra-pop
HGNC:6641,LMO1,LMO1,biolink:Gene,https://purl.humanatlas.io/graph/hra-pop
HGNC:6642,LMO2,LMO2,biolink:Gene,https://purl.humanatlas.io/graph/hra-pop
HGNC:6643,LMO3,LMO3,biolink:Gene,https://purl.humanatlas.io/graph/hra-pop
HGNC:6644,LMO4,LMO4,biolink:Gene,https://purl.humanatlas.io/graph/hra-pop
HGNC:6646,LMO7,LMO7,biolink:Gene,https://purl.humanatlas.io/graph/hra-pop
HGNC:6647,LMOD1,LMOD1,biolink:Gene,https://purl.humanatlas.io/graph/hra-pop
HGNC:6654,LMX1B,LMX1B,biolink:Gene,https://purl.humanatlas.io/graph/hra-pop
HGNC:6656,LNPEP,LNPEP,biolink:Gene,https://purl.humanatlas.io/graph/hra-pop
HGNC:6657,LNX1,LNX1,biolink:Gene,https://purl.humanatlas.io/graph/hra-pop
HGNC:6658,VWA5A,VWA5A,biolink:Gene,https://purl.humanatlas.io/graph/hra-pop
HGNC:6664,LOX,LOX,biolink:Gene,https://purl.humanatlas.io/graph/hra-pop
HGNC:6666,LOXL2,LOXL2,biolink:Gene,https://purl.humanatlas.io/graph/hra-pop
HGNC:667,RHOA,RHOA,biolink:Gene,https://purl.humanatlas.io/graph/hra-pop
HGNC:6679,LPP,LPP,biolink:Gene,https://purl.humanatlas.io/graph/hra-pop
HGNC:668,RHOB,RHOB,biolink:Gene,https://purl.humanatlas.io/graph/hra-pop
HGNC:669,RHOC,RHOC,biolink:Gene,https://purl.humanatlas.io/graph/hra-pop
HGNC:6692,LRP1,LRP1,biolink:Gene,https://purl.humanatlas.io/graph/hra-pop
HGNC:6693,LRP1B,LRP1B,biolink:Gene,https://purl.humanatlas.io/graph/hra-pop
HGNC:6694,LRP2,LRP2,biolink:Gene,https://purl.humanatlas.io/graph/hra-pop
HGNC:6698,LRP6,LRP6,biolink:Gene,https://purl.humanatlas.io/graph/hra-pop
HGNC:67,ABCD3,ABCD3,biolink:Gene,https://purl.humanatlas.io/graph/hra-pop
HGNC:6700,LRP8,LRP8,biolink:Gene,https://purl.humanatlas.io/graph/hra-pop
HGNC:6701,LRPAP1,LRPAP1,biolink:Gene,https://purl.humanatlas.io/graph/hra-pop
HGNC:6702,LRRFIP1,LRRFIP1,biolink:Gene,https://purl.humanatlas.io/graph/hra-pop
HGNC:6703,LRRFIP2,LRRFIP2,biolink:Gene,https://purl.humanatlas.io/graph/hra-pop
HGNC:6705,LSAMP,LSAMP,biolink:Gene,https://purl.humanatlas.io/graph/hra-pop
HGNC:6707,LSP1,LSP1,biolink:Gene,https://purl.humanatlas.io/graph/hra-pop
HGNC:671,RND3,RND3,biolink:Gene,https://purl.humanatlas.io/graph/hra-pop
HGNC:6711,LTB,LTB,biolink:Gene,https://purl.humanatlas.io/graph/hra-pop
HGNC:6713,LTB4R,LTB4R,biolink:Gene,https://purl.humanatlas.io/graph/hra-pop
HGNC:6714,LTBP1,LTBP1,biolink:Gene,https://purl.humanatlas.io/graph/hra-pop
HGNC:6715,LTBP2,LTBP2,biolink:Gene,https://purl.humanatlas.io/graph/hra-pop
HGNC:6716,LTBP3,LTBP3,biolink:Gene,https://purl.humanatlas.io/graph/hra-pop
HGNC:6717,LTBP4,LTBP4,biolink:Gene,https://purl.humanatlas.io/graph/hra-pop
HGNC:6719,LTC4S,LTC4S,biolink:Gene,https://purl.humanatlas.io/graph/hra-pop
HGNC:6720,LTF,LTF,biolink:Gene,https://purl.humanatlas.io/graph/hra-pop
HGNC:6722,BCAM,BCAM,biolink:Gene,https://purl.humanatlas.io/graph/hra-pop
HGNC:6723,LUC7L,LUC7L,biolink:Gene,https://purl.humanatlas.io/graph/hra-pop
HGNC:6724,LUM,LUM,biolink:Gene,https://purl.humanatlas.io/graph/hra-pop
HGNC:6726,CD180,CD180,biolink:Gene,https://purl.humanatlas.io/graph/hra-pop
HGNC:6727,LY6E,LY6E,biolink:Gene,https://purl.humanatlas.io/graph/hra-pop
HGNC:673,ARHGAP1,ARHGAP1,biolink:Gene,https://purl.humanatlas.io/graph/hra-pop
HGNC:6730,LY9,LY9,biolink:Gene,https://purl.humanatlas.io/graph/hra-pop
HGNC:6734,LYL1,LYL1,biolink:Gene,https://purl.humanatlas.io/graph/hra-pop
HGNC:6735,LYN,LYN,biolink:Gene,https://purl.humanatlas.io/graph/hra-pop
HGNC:6738,LYPLA2,LYPLA2,biolink:Gene,https://purl.humanatlas.io/graph/hra-pop
HGNC:674,ARHGAP4,ARHGAP4,biolink:Gene,https://purl.humanatlas.io/graph/hra-pop
HGNC:6740,LYZ,LYZ,biolink:Gene,https://purl.humanatlas.io/graph/hra-pop
HGNC:6743,CAPRIN1,CAPRIN1,biolink:Gene,https://purl.humanatlas.io/graph/hra-pop
HGNC:675,ARHGAP5,ARHGAP5,biolink:Gene,https://purl.humanatlas.io/graph/hra-pop
HGNC:6759,MARCKS,MARCKS,biolink:Gene,https://purl.humanatlas.io/graph/hra-pop
HGNC:676,ARHGAP6,ARHGAP6,biolink:Gene,https://purl.humanatlas.io/graph/hra-pop
HGNC:6761,MXD1,MXD1,biolink:Gene,https://purl.humanatlas.io/graph/hra-pop
HGNC:6762,MAD1L1,MAD1L1,biolink:Gene,https://purl.humanatlas.io/graph/hra-pop
HGNC:6763,MAD2L1,MAD2L1,biolink:Gene,https://purl.humanatlas.io/graph/hra-pop
HGNC:6765,MADCAM1,MADCAM1,biolink:Gene,https://purl.humanatlas.io/graph/hra-pop
HGNC:6767,SMAD1,SMAD1,biolink:Gene,https://purl.humanatlas.io/graph/hra-pop
HGNC:6768,SMAD2,SMAD2,biolink:Gene,https://purl.humanatlas.io/graph/hra-pop
HGNC:6769,SMAD3,SMAD3,biolink:Gene,https://purl.humanatlas.io/graph/hra-pop
HGNC:677,ARHGAP8,ARHGAP8,biolink:Gene,https://purl.humanatlas.io/graph/hra-pop
HGNC:6771,SMAD5,SMAD5,biolink:Gene,https://purl.humanatlas.io/graph/hra-pop
HGNC:6772,SMAD6,SMAD6,biolink:Gene,https://purl.humanatlas.io/graph/hra-pop
HGNC:6774,SMAD9,SMAD9,biolink:Gene,https://purl.humanatlas.io/graph/hra-pop
HGNC:6775,ZFYVE9,ZFYVE9,biolink:Gene,https://purl.humanatlas.io/graph/hra-pop
HGNC:6776,MAF,MAF,biolink:Gene,https://purl.humanatlas.io/graph/hra-pop
HGNC:678,ARHGDIA,ARHGDIA,biolink:Gene,https://purl.humanatlas.io/graph/hra-pop
HGNC:6780,MAFF,MAFF,biolink:Gene,https://purl.humanatlas.io/graph/hra-pop
HGNC:679,ARHGDIB,ARHGDIB,biolink:Gene,https://purl.humanatlas.io/graph/hra-pop
HGNC:68,ABCD4,ABCD4,biolink:Gene,https://purl.humanatlas.io/graph/hra-pop
HGNC:681,ARHGEF1,ARHGEF1,biolink:Gene,https://purl.humanatlas.io/graph/hra-pop
HGNC:6813,MAGED1,MAGED1,biolink:Gene,https://purl.humanatlas.io/graph/hra-pop
HGNC:6815,MAGOH,MAGOH,biolink:Gene,https://purl.humanatlas.io/graph/hra-pop
HGNC:6817,MAL,MAL,biolink:Gene,https://purl.humanatlas.io/graph/hra-pop
HGNC:6818,MALL,MALL,biolink:Gene,https://purl.humanatlas.io/graph/hra-pop
HGNC:6819,MALT1,MALT1,biolink:Gene,https://purl.humanatlas.io/graph/hra-pop
HGNC:6821,MAN1A1,MAN1A1,biolink:Gene,https://purl.humanatlas.io/graph/hra-pop
HGNC:6822,MAN1A2,MAN1A2,biolink:Gene,https://purl.humanatlas.io/graph/hra-pop
HGNC:6824,MAN2A1,MAN2A1,biolink:Gene,https://purl.humanatlas.io/graph/hra-pop
HGNC:6827,MAN2C1,MAN2C1,biolink:Gene,https://purl.humanatlas.io/graph/hra-pop
HGNC:683,ARHGEF3,ARHGEF3,biolink:Gene,https://purl.humanatlas.io/graph/hra-pop
HGNC:6834,MAOB,MAOB,biolink:Gene,https://purl.humanatlas.io/graph/hra-pop
HGNC:6835,MAP1A,MAP1A,biolink:Gene,https://purl.humanatlas.io/graph/hra-pop
HGNC:6836,MAP1B,MAP1B,biolink:Gene,https://purl.humanatlas.io/graph/hra-pop
HGNC:6838,MAP1LC3A,MAP1LC3A,biolink:Gene,https://purl.humanatlas.io/graph/hra-pop
HGNC:6839,MAP2,MAP2,biolink:Gene,https://purl.humanatlas.io/graph/hra-pop
HGNC:6840,MAP2K1,MAP2K1,biolink:Gene,https://purl.humanatlas.io/graph/hra-pop
HGNC:6842,MAP2K2,MAP2K2,biolink:Gene,https://purl.humanatlas.io/graph/hra-pop
HGNC:6843,MAP2K3,MAP2K3,biolink:Gene,https://purl.humanatlas.io/graph/hra-pop
HGNC:6844,MAP2K4,MAP2K4,biolink:Gene,https://purl.humanatlas.io/graph/hra-pop
HGNC:6845,MAP2K5,MAP2K5,biolink:Gene,https://purl.humanatlas.io/graph/hra-pop
HGNC:6846,MAP2K6,MAP2K6,biolink:Gene,https://purl.humanatlas.io/graph/hra-pop
HGNC:6848,MAP3K1,MAP3K1,biolink:Gene,https://purl.humanatlas.io/graph/hra-pop
HGNC:6849,MAP3K10,MAP3K10,biolink:Gene,https://purl.humanatlas.io/graph/hra-pop
HGNC:685,ARHGEF6,ARHGEF6,biolink:Gene,https://purl.humanatlas.io/graph/hra-pop
HGNC:6852,MAP3K13,MAP3K13,biolink:Gene,https://purl.humanatlas.io/graph/hra-pop
HGNC:6853,MAP3K14,MAP3K14,biolink:Gene,https://purl.humanatlas.io/graph/hra-pop
HGNC:6854,MAP3K2,MAP3K2,biolink:Gene,https://purl.humanatlas.io/graph/hra-pop
HGNC:6855,MAP3K3,MAP3K3,biolink:Gene,https://purl.humanatlas.io/graph/hra-pop
HGNC:6857,MAP3K5,MAP3K5,biolink:Gene,https://purl.humanatlas.io/graph/hra-pop
HGNC:6858,MAP3K6,MAP3K6,biolink:Gene,https://purl.humanatlas.io/graph/hra-pop
HGNC:686,RHOH,RHOH,biolink:Gene,https://purl.humanatlas.io/graph/hra-pop
HGNC:6860,MAP3K8,MAP3K8,biolink:Gene,https://purl.humanatlas.io/graph/hra-pop
HGNC:6862,MAP4,MAP4,biolink:Gene,https://purl.humanatlas.io/graph/hra-pop
HGNC:6863,MAP4K1,MAP4K1,biolink:Gene,https://purl.humanatlas.io/graph/hra-pop
HGNC:6865,MAP4K3,MAP4K3,biolink:Gene,https://purl.humanatlas.io/graph/hra-pop
HGNC:6866,MAP4K4,MAP4K4,biolink:Gene,https://purl.humanatlas.io/graph/hra-pop
HGNC:6867,MAP4K5,MAP4K5,biolink:Gene,https://purl.humanatlas.io/graph/hra-pop
HGNC:687,DIRAS3,DIRAS3,biolink:Gene,https://purl.humanatlas.io/graph/hra-pop
HGNC:6871,MAPK1,MAPK1,biolink:Gene,https://purl.humanatlas.io/graph/hra-pop
HGNC:6872,MAPK10,MAPK10,biolink:Gene,https://purl.humanatlas.io/graph/hra-pop
HGNC:6876,MAPK14,MAPK14,biolink:Gene,https://purl.humanatlas.io/graph/hra-pop
HGNC:6877,MAPK3,MAPK3,biolink:Gene,https://purl.humanatlas.io/graph/hra-pop
HGNC:6878,MAPK4,MAPK4,biolink:Gene,https://purl.humanatlas.io/graph/hra-pop
HGNC:688,RHOJ,RHOJ,biolink:Gene,https://purl.humanatlas.io/graph/hra-pop
HGNC:6881,MAPK8,MAPK8,biolink:Gene,https://purl.humanatlas.io/graph/hra-pop
HGNC:6886,MAPK9,MAPK9,biolink:Gene,https://purl.humanatlas.io/graph/hra-pop
HGNC:6888,MAPKAPK3,MAPKAPK3,biolink:Gene,https://purl.humanatlas.io/graph/hra-pop
HGNC:6889,MAPKAPK5,MAPKAPK5,biolink:Gene,https://purl.humanatlas.io/graph/hra-pop
HGNC:689,ARIH1,ARIH1,biolink:Gene,https://purl.humanatlas.io/graph/hra-pop
HGNC:6891,MAPRE2,MAPRE2,biolink:Gene,https://purl.humanatlas.io/graph/hra-pop
HGNC:6893,MAPT,MAPT,biolink:Gene,https://purl.humanatlas.io/graph/hra-pop
HGNC:6897,MARK3,MARK3,biolink:Gene,https://purl.humanatlas.io/graph/hra-pop
HGNC:6901,MASP1,MASP1,biolink:Gene,https://purl.humanatlas.io/graph/hra-pop
HGNC:6905,MAT2B,MAT2B,biolink:Gene,https://purl.humanatlas.io/graph/hra-pop
HGNC:6908,MATN2,MATN2,biolink:Gene,https://purl.humanatlas.io/graph/hra-pop
HGNC:6912,MATR3,MATR3,biolink:Gene,https://purl.humanatlas.io/graph/hra-pop
HGNC:6913,MAX,MAX,biolink:Gene,https://purl.humanatlas.io/graph/hra-pop
HGNC:6914,MAZ,MAZ,biolink:Gene,https://purl.humanatlas.io/graph/hra-pop
HGNC:6918,MBD3,MBD3,biolink:Gene,https://purl.humanatlas.io/graph/hra-pop
HGNC:6919,MBD4,MBD4,biolink:Gene,https://purl.humanatlas.io/graph/hra-pop
HGNC:692,ARL1,ARL1,biolink:Gene,https://purl.humanatlas.io/graph/hra-pop
HGNC:6923,MBNL1,MBNL1,biolink:Gene,https://purl.humanatlas.io/graph/hra-pop
HGNC:6924,LAPTM4A,LAPTM4A,biolink:Gene,https://purl.humanatlas.io/graph/hra-pop
HGNC:6925,MBP,MBP,biolink:Gene,https://purl.humanatlas.io/graph/hra-pop
HGNC:6929,MC1R,MC1R,biolink:Gene,https://purl.humanatlas.io/graph/hra-pop
HGNC:693,ARL2,ARL2,biolink:Gene,https://purl.humanatlas.io/graph/hra-pop
HGNC:6934,MCAM,MCAM,biolink:Gene,https://purl.humanatlas.io/graph/hra-pop
HGNC:6935,MCC,MCC,biolink:Gene,https://purl.humanatlas.io/graph/hra-pop
HGNC:694,ARL3,ARL3,biolink:Gene,https://purl.humanatlas.io/graph/hra-pop
HGNC:6943,MCL1,MCL1,biolink:Gene,https://purl.humanatlas.io/graph/hra-pop
HGNC:6947,MCM4,MCM4,biolink:Gene,https://purl.humanatlas.io/graph/hra-pop
HGNC:6948,MCM5,MCM5,biolink:Gene,https://purl.humanatlas.io/graph/hra-pop
HGNC:6949,MCM6,MCM6,biolink:Gene,https://purl.humanatlas.io/graph/hra-pop
HGNC:695,ARL4A,ARL4A,biolink:Gene,https://purl.humanatlas.io/graph/hra-pop
HGNC:6950,MCM7,MCM7,biolink:Gene,https://purl.humanatlas.io/graph/hra-pop
HGNC:6953,CD46,CD46,biolink:Gene,https://purl.humanatlas.io/graph/hra-pop
HGNC:6954,MCPH1,MCPH1,biolink:Gene,https://purl.humanatlas.io/graph/hra-pop
HGNC:696,ARL5A,ARL5A,biolink:Gene,https://purl.humanatlas.io/graph/hra-pop
HGNC:6960,MCRS1,MCRS1,biolink:Gene,https://purl.humanatlas.io/graph/hra-pop
HGNC:6968,DNAJB9,DNAJB9,biolink:Gene,https://purl.humanatlas.io/graph/hra-pop
HGNC:697,ARL6IP1,ARL6IP1,biolink:Gene,https://purl.humanatlas.io/graph/hra-pop
HGNC:6971,MDH2,MDH2,biolink:Gene,https://purl.humanatlas.io/graph/hra-pop
HGNC:6972,MDK,MDK,biolink:Gene,https://purl.humanatlas.io/graph/hra-pop
HGNC:6973,MDM2,MDM2,biolink:Gene,https://purl.humanatlas.io/graph/hra-pop
HGNC:6974,MDM4,MDM4,biolink:Gene,https://purl.humanatlas.io/graph/hra-pop
HGNC:698,ARL4C,ARL4C,biolink:Gene,https://purl.humanatlas.io/graph/hra-pop
HGNC:6983,ME1,ME1,biolink:Gene,https://purl.humanatlas.io/graph/hra-pop
HGNC:6985,ME3,ME3,biolink:Gene,https://purl.humanatlas.io/graph/hra-pop
HGNC:6990,MECP2,MECP2,biolink:Gene,https://purl.humanatlas.io/graph/hra-pop
HGNC:6993,MEF2A,MEF2A,biolink:Gene,https://purl.humanatlas.io/graph/hra-pop
HGNC:6996,MEF2C,MEF2C,biolink:Gene,https://purl.humanatlas.io/graph/hra-pop
HGNC:6997,MEF2D,MEF2D,biolink:Gene,https://purl.humanatlas.io/graph/hra-pop
HGNC:7,A2M,A2M,biolink:Gene,https://purl.humanatlas.io/graph/hra-pop
HGNC:70,ABCF1,ABCF1,biolink:Gene,https://purl.humanatlas.io/graph/hra-pop
HGNC:700,ARNT,ARNT,biolink:Gene,https://purl.humanatlas.io/graph/hra-pop
HGNC:7000,MEIS1,MEIS1,biolink:Gene,https://purl.humanatlas.io/graph/hra-pop
HGNC:7001,MEIS2,MEIS2,biolink:Gene,https://purl.humanatlas.io/graph/hra-pop
HGNC:7007,RAB8A,RAB8A,biolink:Gene,https://purl.humanatlas.io/graph/hra-pop
HGNC:7010,MEN1,MEN1,biolink:Gene,https://purl.humanatlas.io/graph/hra-pop
HGNC:7013,MEOX1,MEOX1,biolink:Gene,https://purl.humanatlas.io/graph/hra-pop
HGNC:7020,MEP1B,MEP1B,biolink:Gene,https://purl.humanatlas.io/graph/hra-pop
HGNC:7027,MERTK,MERTK,biolink:Gene,https://purl.humanatlas.io/graph/hra-pop
HGNC:7028,MEST,MEST,biolink:Gene,https://purl.humanatlas.io/graph/hra-pop
HGNC:7029,MET,MET,biolink:Gene,https://purl.humanatlas.io/graph/hra-pop
HGNC:703,ARPC1A,ARPC1A,biolink:Gene,https://purl.humanatlas.io/graph/hra-pop
HGNC:7032,MFAP1,MFAP1,biolink:Gene,https://purl.humanatlas.io/graph/hra-pop
HGNC:7034,MFAP3,MFAP3,biolink:Gene,https://purl.humanatlas.io/graph/hra-pop
HGNC:7035,MFAP4,MFAP4,biolink:Gene,https://purl.humanatlas.io/graph/hra-pop
HGNC:7036,MFGE8,MFGE8,biolink:Gene,https://purl.humanatlas.io/graph/hra-pop
HGNC:7038,MFNG,MFNG,biolink:Gene,https://purl.humanatlas.io/graph/hra-pop
HGNC:704,ARPC1B,ARPC1B,biolink:Gene,https://purl.humanatlas.io/graph/hra-pop
HGNC:7043,MGAM,MGAM,biolink:Gene,https://purl.humanatlas.io/graph/hra-pop
HGNC:7047,MGAT4A,MGAT4A,biolink:Gene,https://purl.humanatlas.io/graph/hra-pop
HGNC:7049,MGAT5,MGAT5,biolink:Gene,https://purl.humanatlas.io/graph/hra-pop
HGNC:705,ARPC2,ARPC2,biolink:Gene,https://purl.humanatlas.io/graph/hra-pop
HGNC:7051,SCGB2A1,SCGB2A1,biolink:Gene,https://purl.humanatlas.io/graph/hra-pop
HGNC:7056,OGA,OGA,biolink:Gene,https://purl.humanatlas.io/graph/hra-pop
HGNC:7059,MGMT,MGMT,biolink:Gene,https://purl.humanatlas.io/graph/hra-pop
HGNC:706,ARPC3,ARPC3,biolink:Gene,https://purl.humanatlas.io/graph/hra-pop
HGNC:7060,MGP,MGP,biolink:Gene,https://purl.humanatlas.io/graph/hra-pop
HGNC:7061,MGST1,MGST1,biolink:Gene,https://purl.humanatlas.io/graph/hra-pop
HGNC:7063,MGST2,MGST2,biolink:Gene,https://purl.humanatlas.io/graph/hra-pop
HGNC:7064,MGST3,MGST3,biolink:Gene,https://purl.humanatlas.io/graph/hra-pop
HGNC:7067,CIITA,CIITA,biolink:Gene,https://purl.humanatlas.io/graph/hra-pop
HGNC:707,ARPC4,ARPC4,biolink:Gene,https://purl.humanatlas.io/graph/hra-pop
HGNC:708,ARPC5,ARPC5,biolink:Gene,https://purl.humanatlas.io/graph/hra-pop
HGNC:7082,CD99,CD99,biolink:Gene,https://purl.humanatlas.io/graph/hra-pop
HGNC:7095,MID1,MID1,biolink:Gene,https://purl.humanatlas.io/graph/hra-pop
HGNC:7096,MID2,MID2,biolink:Gene,https://purl.humanatlas.io/graph/hra-pop
HGNC:7097,MIF,MIF,biolink:Gene,https://purl.humanatlas.io/graph/hra-pop
HGNC:7098,CXCL9,CXCL9,biolink:Gene,https://purl.humanatlas.io/graph/hra-pop
HGNC:71,ABCF2,ABCF2,biolink:Gene,https://purl.humanatlas.io/graph/hra-pop
HGNC:7105,MITF,MITF,biolink:Gene,https://purl.humanatlas.io/graph/hra-pop
HGNC:7106,ATXN3,ATXN3,biolink:Gene,https://purl.humanatlas.io/graph/hra-pop
HGNC:7107,MKI67,MKI67,biolink:Gene,https://purl.humanatlas.io/graph/hra-pop
HGNC:7109,MKLN1,MKLN1,biolink:Gene,https://purl.humanatlas.io/graph/hra-pop
HGNC:711,ARRB1,ARRB1,biolink:Gene,https://purl.humanatlas.io/graph/hra-pop
HGNC:7110,MKNK1,MKNK1,biolink:Gene,https://purl.humanatlas.io/graph/hra-pop
HGNC:7111,MKNK2,MKNK2,biolink:Gene,https://purl.humanatlas.io/graph/hra-pop
HGNC:7112,MKRN1,MKRN1,biolink:Gene,https://purl.humanatlas.io/graph/hra-pop
HGNC:7113,MKRN2,MKRN2,biolink:Gene,https://purl.humanatlas.io/graph/hra-pop
HGNC:7114,MKRN3,MKRN3,biolink:Gene,https://purl.humanatlas.io/graph/hra-pop
HGNC:712,ARRB2,ARRB2,biolink:Gene,https://purl.humanatlas.io/graph/hra-pop
HGNC:7126,MLF2,MLF2,biolink:Gene,https://purl.humanatlas.io/graph/hra-pop
HGNC:713,ARSA,ARSA,biolink:Gene,https://purl.humanatlas.io/graph/hra-pop
HGNC:7132,KMT2A,KMT2A,biolink:Gene,https://purl.humanatlas.io/graph/hra-pop
HGNC:7135,AFF1,AFF1,biolink:Gene,https://purl.humanatlas.io/graph/hra-pop
HGNC:7136,MLLT3,MLLT3,biolink:Gene,https://purl.humanatlas.io/graph/hra-pop
HGNC:7137,AFDN,AFDN,biolink:Gene,https://purl.humanatlas.io/graph/hra-pop
HGNC:7138,MLLT6,MLLT6,biolink:Gene,https://purl.humanatlas.io/graph/hra-pop
HGNC:714,ARSB,ARSB,biolink:Gene,https://purl.humanatlas.io/graph/hra-pop
HGNC:7142,MARCKSL1,MARCKSL1,biolink:Gene,https://purl.humanatlas.io/graph/hra-pop
HGNC:7150,MLYCD,MLYCD,biolink:Gene,https://purl.humanatlas.io/graph/hra-pop
HGNC:7154,MME,MME,biolink:Gene,https://purl.humanatlas.io/graph/hra-pop
HGNC:7155,MMP1,MMP1,biolink:Gene,https://purl.humanatlas.io/graph/hra-pop
HGNC:7160,MMP14,MMP14,biolink:Gene,https://purl.humanatlas.io/graph/hra-pop
HGNC:7166,MMP2,MMP2,biolink:Gene,https://purl.humanatlas.io/graph/hra-pop
HGNC:7171,MMP23B,MMP23B,biolink:Gene,https://purl.humanatlas.io/graph/hra-pop
HGNC:7172,MMP24,MMP24,biolink:Gene,https://purl.humanatlas.io/graph/hra-pop
HGNC:7173,MMP3,MMP3,biolink:Gene,https://purl.humanatlas.io/graph/hra-pop
HGNC:7174,MMP7,MMP7,biolink:Gene,https://purl.humanatlas.io/graph/hra-pop
HGNC:7178,MMRN1,MMRN1,biolink:Gene,https://purl.humanatlas.io/graph/hra-pop
HGNC:7179,ALDH6A1,ALDH6A1,biolink:Gene,https://purl.humanatlas.io/graph/hra-pop
HGNC:7181,MNAT1,MNAT1,biolink:Gene,https://purl.humanatlas.io/graph/hra-pop
HGNC:7183,MNDA,MNDA,biolink:Gene,https://purl.humanatlas.io/graph/hra-pop
HGNC:7188,MNT,MNT,biolink:Gene,https://purl.humanatlas.io/graph/hra-pop
HGNC:7189,MOBP,MOBP,biolink:Gene,https://purl.humanatlas.io/graph/hra-pop
HGNC:7190,MOCS1,MOCS1,biolink:Gene,https://purl.humanatlas.io/graph/hra-pop
HGNC:7193,MOCS2,MOCS2,biolink:Gene,https://purl.humanatlas.io/graph/hra-pop
HGNC:7200,MOV10,MOV10,biolink:Gene,https://purl.humanatlas.io/graph/hra-pop
HGNC:7203,CD200,CD200,biolink:Gene,https://purl.humanatlas.io/graph/hra-pop
HGNC:7208,MPDZ,MPDZ,biolink:Gene,https://purl.humanatlas.io/graph/hra-pop
HGNC:721,ARSF,ARSF,biolink:Gene,https://purl.humanatlas.io/graph/hra-pop
HGNC:7212,KIF20B,KIF20B,biolink:Gene,https://purl.humanatlas.io/graph/hra-pop
HGNC:7213,MPHOSPH10,MPHOSPH10,biolink:Gene,https://purl.humanatlas.io/graph/hra-pop
HGNC:7216,MPI,MPI,biolink:Gene,https://purl.humanatlas.io/graph/hra-pop
HGNC:7218,MPO,MPO,biolink:Gene,https://purl.humanatlas.io/graph/hra-pop
HGNC:7219,MPP1,MPP1,biolink:Gene,https://purl.humanatlas.io/graph/hra-pop
HGNC:7221,MPP3,MPP3,biolink:Gene,https://purl.humanatlas.io/graph/hra-pop
HGNC:7224,MPV17,MPV17,biolink:Gene,https://purl.humanatlas.io/graph/hra-pop
HGNC:7225,MPZ,MPZ,biolink:Gene,https://purl.humanatlas.io/graph/hra-pop
HGNC:7226,MPZL1,MPZL1,biolink:Gene,https://purl.humanatlas.io/graph/hra-pop
HGNC:7228,MRC1,MRC1,biolink:Gene,https://purl.humanatlas.io/graph/hra-pop
HGNC:7230,MRE11,MRE11,biolink:Gene,https://purl.humanatlas.io/graph/hra-pop
HGNC:7237,IRAG1,IRAG1,biolink:Gene,https://purl.humanatlas.io/graph/hra-pop
HGNC:73,ABCG1,ABCG1,biolink:Gene,https://purl.humanatlas.io/graph/hra-pop
HGNC:7315,MS4A1,MS4A1,biolink:Gene,https://purl.humanatlas.io/graph/hra-pop
HGNC:7316,MS4A2,MS4A2,biolink:Gene,https://purl.humanatlas.io/graph/hra-pop
HGNC:7323,SEPTIN9,SEPTIN9,biolink:Gene,https://purl.humanatlas.io/graph/hra-pop
HGNC:7326,MSH3,MSH3,biolink:Gene,https://purl.humanatlas.io/graph/hra-pop
HGNC:735,ASAH1,ASAH1,biolink:Gene,https://purl.humanatlas.io/graph/hra-pop
HGNC:736,NAAA,NAAA,biolink:Gene,https://purl.humanatlas.io/graph/hra-pop
HGNC:7371,MSLN,MSLN,biolink:Gene,https://purl.humanatlas.io/graph/hra-pop
HGNC:7373,MSN,MSN,biolink:Gene,https://purl.humanatlas.io/graph/hra-pop
HGNC:7374,MSNP1,MSNP1,biolink:Gene,https://purl.humanatlas.io/graph/hra-pop
HGNC:7376,MSR1,MSR1,biolink:Gene,https://purl.humanatlas.io/graph/hra-pop
HGNC:7377,MSRA,MSRA,biolink:Gene,https://purl.humanatlas.io/graph/hra-pop
HGNC:7380,MST1,MST1,biolink:Gene,https://purl.humanatlas.io/graph/hra-pop
HGNC:7391,MSX1,MSX1,biolink:Gene,https://purl.humanatlas.io/graph/hra-pop
HGNC:7392,MSX2,MSX2,biolink:Gene,https://purl.humanatlas.io/graph/hra-pop
HGNC:7397,MT1E,MT1E,biolink:Gene,https://purl.humanatlas.io/graph/hra-pop
HGNC:7398,MT1F,MT1F,biolink:Gene,https://purl.humanatlas.io/graph/hra-pop
HGNC:7399,MT1G,MT1G,biolink:Gene,https://purl.humanatlas.io/graph/hra-pop
HGNC:74,ABCG2,ABCG2,biolink:Gene,https://purl.humanatlas.io/graph/hra-pop
HGNC:7400,MT1H,MT1H,biolink:Gene,https://purl.humanatlas.io/graph/hra-pop
HGNC:7405,MT1X,MT1X,biolink:Gene,https://purl.humanatlas.io/graph/hra-pop
HGNC:7406,MT2A,MT2A,biolink:Gene,https://purl.humanatlas.io/graph/hra-pop
HGNC:7408,MT3,MT3,biolink:Gene,https://purl.humanatlas.io/graph/hra-pop
HGNC:7414,MT-ATP6,MT-ATP6,biolink:Gene,https://purl.humanatlas.io/graph/hra-pop
HGNC:7415,MT-ATP8,MT-ATP8,biolink:Gene,https://purl.humanatlas.io/graph/hra-pop
HGNC:7417,MTBP,MTBP,biolink:Gene,https://purl.humanatlas.io/graph/hra-pop
HGNC:7419,MT-CO1,MT-CO1,biolink:Gene,https://purl.humanatlas.io/graph/hra-pop
HGNC:7421,MT-CO2,MT-CO2,biolink:Gene,https://purl.humanatlas.io/graph/hra-pop
HGNC:7422,MT-CO3,MT-CO3,biolink:Gene,https://purl.humanatlas.io/graph/hra-pop
HGNC:7427,MT-CYB,MT-CYB,biolink:Gene,https://purl.humanatlas.io/graph/hra-pop
HGNC:7432,MTHFD1,MTHFD1,biolink:Gene,https://purl.humanatlas.io/graph/hra-pop
HGNC:7436,MTHFR,MTHFR,biolink:Gene,https://purl.humanatlas.io/graph/hra-pop
HGNC:7437,MTHFS,MTHFS,biolink:Gene,https://purl.humanatlas.io/graph/hra-pop
HGNC:7450,MTMR2,MTMR2,biolink:Gene,https://purl.humanatlas.io/graph/hra-pop
HGNC:7452,MTMR4,MTMR4,biolink:Gene,https://purl.humanatlas.io/graph/hra-pop
HGNC:7454,MTMR7,MTMR7,biolink:Gene,https://purl.humanatlas.io/graph/hra-pop
HGNC:7455,MT-ND1,MT-ND1,biolink:Gene,https://purl.humanatlas.io/graph/hra-pop
HGNC:7456,MT-ND2,MT-ND2,biolink:Gene,https://purl.humanatlas.io/graph/hra-pop
HGNC:7458,MT-ND3,MT-ND3,biolink:Gene,https://purl.humanatlas.io/graph/hra-pop
HGNC:7459,MT-ND4,MT-ND4,biolink:Gene,https://purl.humanatlas.io/graph/hra-pop
HGNC:7460,MT-ND4L,MT-ND4L,biolink:Gene,https://purl.humanatlas.io/graph/hra-pop
HGNC:7461,MT-ND5,MT-ND5,biolink:Gene,https://purl.humanatlas.io/graph/hra-pop
HGNC:7462,MT-ND6,MT-ND6,biolink:Gene,https://purl.humanatlas.io/graph/hra-pop
HGNC:7463,MTNR1A,MTNR1A,biolink:Gene,https://purl.humanatlas.io/graph/hra-pop
HGNC:7468,MTR,MTR,biolink:Gene,https://purl.humanatlas.io/graph/hra-pop
HGNC:7470,MT-RNR1,MT-RNR1,biolink:Gene,https://purl.humanatlas.io/graph/hra-pop
HGNC:7471,MT-RNR2,MT-RNR2,biolink:Gene,https://purl.humanatlas.io/graph/hra-pop
HGNC:7488,MT-TI,MT-TI,biolink:Gene,https://purl.humanatlas.io/graph/hra-pop
HGNC:7493,MT-TN,MT-TN,biolink:Gene,https://purl.humanatlas.io/graph/hra-pop
HGNC:7495,MT-TQ,MT-TQ,biolink:Gene,https://purl.humanatlas.io/graph/hra-pop
HGNC:7497,MT-TS1,MT-TS1,biolink:Gene,https://purl.humanatlas.io/graph/hra-pop
HGNC:7506,MTX2,MTX2,biolink:Gene,https://purl.humanatlas.io/graph/hra-pop
HGNC:7508,MUC1,MUC1,biolink:Gene,https://purl.humanatlas.io/graph/hra-pop
HGNC:7514,MUC4,MUC4,biolink:Gene,https://purl.humanatlas.io/graph/hra-pop
HGNC:7521,CDHR5,CDHR5,biolink:Gene,https://purl.humanatlas.io/graph/hra-pop
HGNC:7525,MUSK,MUSK,biolink:Gene,https://purl.humanatlas.io/graph/hra-pop
HGNC:7530,MVK,MVK,biolink:Gene,https://purl.humanatlas.io/graph/hra-pop
HGNC:7531,MVP,MVP,biolink:Gene,https://purl.humanatlas.io/graph/hra-pop
HGNC:7542,MXRA8,MXRA8,biolink:Gene,https://purl.humanatlas.io/graph/hra-pop
HGNC:7544,MYADM,MYADM,biolink:Gene,https://purl.humanatlas.io/graph/hra-pop
HGNC:7545,MYB,MYB,biolink:Gene,https://purl.humanatlas.io/graph/hra-pop
HGNC:7547,MYBL1,MYBL1,biolink:Gene,https://purl.humanatlas.io/graph/hra-pop
HGNC:7554,MYCBP,MYCBP,biolink:Gene,https://purl.humanatlas.io/graph/hra-pop
HGNC:7555,MYCL,MYCL,biolink:Gene,https://purl.humanatlas.io/graph/hra-pop
HGNC:7566,MYF6,MYF6,biolink:Gene,https://purl.humanatlas.io/graph/hra-pop
HGNC:7568,MYH10,MYH10,biolink:Gene,https://purl.humanatlas.io/graph/hra-pop
HGNC:7569,MYH11,MYH11,biolink:Gene,https://purl.humanatlas.io/graph/hra-pop
HGNC:757,ASPH,ASPH,biolink:Gene,https://purl.humanatlas.io/graph/hra-pop
HGNC:7571,MYH13,MYH13,biolink:Gene,https://purl.humanatlas.io/graph/hra-pop
HGNC:7578,MYH8,MYH8,biolink:Gene,https://purl.humanatlas.io/graph/hra-pop
HGNC:7579,MYH9,MYH9,biolink:Gene,https://purl.humanatlas.io/graph/hra-pop
HGNC:758,ASS1,ASS1,biolink:Gene,https://purl.humanatlas.io/graph/hra-pop
HGNC:7587,MYL6,MYL6,biolink:Gene,https://purl.humanatlas.io/graph/hra-pop
HGNC:7590,MYLK,MYLK,biolink:Gene,https://purl.humanatlas.io/graph/hra-pop
HGNC:7593,MYO10,MYO10,biolink:Gene,https://purl.humanatlas.io/graph/hra-pop
HGNC:7596,MYO1B,MYO1B,biolink:Gene,https://purl.humanatlas.io/graph/hra-pop
HGNC:7597,MYO1C,MYO1C,biolink:Gene,https://purl.humanatlas.io/graph/hra-pop
HGNC:7598,MYO1D,MYO1D,biolink:Gene,https://purl.humanatlas.io/graph/hra-pop
HGNC:7599,MYO1E,MYO1E,biolink:Gene,https://purl.humanatlas.io/graph/hra-pop
HGNC:76,ABL1,ABL1,biolink:Gene,https://purl.humanatlas.io/graph/hra-pop
HGNC:7600,MYO1F,MYO1F,biolink:Gene,https://purl.humanatlas.io/graph/hra-pop
HGNC:7602,MYO5A,MYO5A,biolink:Gene,https://purl.humanatlas.io/graph/hra-pop
HGNC:7603,MYO5B,MYO5B,biolink:Gene,https://purl.humanatlas.io/graph/hra-pop
HGNC:7604,MYO5C,MYO5C,biolink:Gene,https://purl.humanatlas.io/graph/hra-pop
HGNC:7605,MYO6,MYO6,biolink:Gene,https://purl.humanatlas.io/graph/hra-pop
HGNC:7608,MYO9A,MYO9A,biolink:Gene,https://purl.humanatlas.io/graph/hra-pop
HGNC:7609,MYO9B,MYO9B,biolink:Gene,https://purl.humanatlas.io/graph/hra-pop
HGNC:7618,PPP1R12A,PPP1R12A,biolink:Gene,https://purl.humanatlas.io/graph/hra-pop
HGNC:7619,PPP1R12B,PPP1R12B,biolink:Gene,https://purl.humanatlas.io/graph/hra-pop
HGNC:7622,MYT1,MYT1,biolink:Gene,https://purl.humanatlas.io/graph/hra-pop
HGNC:7629,NACA,NACA,biolink:Gene,https://purl.humanatlas.io/graph/hra-pop
HGNC:7634,NAIP,NAIP,biolink:Gene,https://purl.humanatlas.io/graph/hra-pop
HGNC:7637,NAP1L1,NAP1L1,biolink:Gene,https://purl.humanatlas.io/graph/hra-pop
HGNC:7639,NAP1L3,NAP1L3,biolink:Gene,https://purl.humanatlas.io/graph/hra-pop
HGNC:7640,NAP1L4,NAP1L4,biolink:Gene,https://purl.humanatlas.io/graph/hra-pop
HGNC:7641,NAPA,NAPA,biolink:Gene,https://purl.humanatlas.io/graph/hra-pop
HGNC:7642,NAPG,NAPG,biolink:Gene,https://purl.humanatlas.io/graph/hra-pop
HGNC:7644,NASP,NASP,biolink:Gene,https://purl.humanatlas.io/graph/hra-pop
HGNC:7648,NBEA,NBEA,biolink:Gene,https://purl.humanatlas.io/graph/hra-pop
HGNC:7650,NBL1,NBL1,biolink:Gene,https://purl.humanatlas.io/graph/hra-pop
HGNC:7655,NCALD,NCALD,biolink:Gene,https://purl.humanatlas.io/graph/hra-pop
HGNC:7656,NCAM1,NCAM1,biolink:Gene,https://purl.humanatlas.io/graph/hra-pop
HGNC:7657,NCAM2,NCAM2,biolink:Gene,https://purl.humanatlas.io/graph/hra-pop
HGNC:7659,NCBP2,NCBP2,biolink:Gene,https://purl.humanatlas.io/graph/hra-pop
HGNC:7660,NCF1,NCF1,biolink:Gene,https://purl.humanatlas.io/graph/hra-pop
HGNC:7661,NCF2,NCF2,biolink:Gene,https://purl.humanatlas.io/graph/hra-pop
HGNC:7665,NCK2,NCK2,biolink:Gene,https://purl.humanatlas.io/graph/hra-pop
HGNC:7666,NCKAP1,NCKAP1,biolink:Gene,https://purl.humanatlas.io/graph/hra-pop
HGNC:7667,NCL,NCL,biolink:Gene,https://purl.humanatlas.io/graph/hra-pop
HGNC:7668,NCOA1,NCOA1,biolink:Gene,https://purl.humanatlas.io/graph/hra-pop
HGNC:7669,NCOA2,NCOA2,biolink:Gene,https://purl.humanatlas.io/graph/hra-pop
HGNC:7670,NCOA3,NCOA3,biolink:Gene,https://purl.humanatlas.io/graph/hra-pop
HGNC:7672,NCOR1,NCOR1,biolink:Gene,https://purl.humanatlas.io/graph/hra-pop
HGNC:7673,NCOR2,NCOR2,biolink:Gene,https://purl.humanatlas.io/graph/hra-pop
HGNC:7675,NDN,NDN,biolink:Gene,https://purl.humanatlas.io/graph/hra-pop
HGNC:7679,NDRG1,NDRG1,biolink:Gene,https://purl.humanatlas.io/graph/hra-pop
HGNC:7680,NDST1,NDST1,biolink:Gene,https://purl.humanatlas.io/graph/hra-pop
HGNC:7682,NDST3,NDST3,biolink:Gene,https://purl.humanatlas.io/graph/hra-pop
HGNC:7683,NDUFA1,NDUFA1,biolink:Gene,https://purl.humanatlas.io/graph/hra-pop
HGNC:7684,NDUFA10,NDUFA10,biolink:Gene,https://purl.humanatlas.io/graph/hra-pop
HGNC:7685,NDUFA2,NDUFA2,biolink:Gene,https://purl.humanatlas.io/graph/hra-pop
HGNC:7686,NDUFA3,NDUFA3,biolink:Gene,https://purl.humanatlas.io/graph/hra-pop
HGNC:7687,NDUFA4,NDUFA4,biolink:Gene,https://purl.humanatlas.io/graph/hra-pop
HGNC:7688,NDUFA5,NDUFA5,biolink:Gene,https://purl.humanatlas.io/graph/hra-pop
HGNC:7690,NDUFA6,NDUFA6,biolink:Gene,https://purl.humanatlas.io/graph/hra-pop
HGNC:7691,NDUFA7,NDUFA7,biolink:Gene,https://purl.humanatlas.io/graph/hra-pop
HGNC:7692,NDUFA8,NDUFA8,biolink:Gene,https://purl.humanatlas.io/graph/hra-pop
HGNC:7693,NDUFA9,NDUFA9,biolink:Gene,https://purl.humanatlas.io/graph/hra-pop
HGNC:7694,NDUFAB1,NDUFAB1,biolink:Gene,https://purl.humanatlas.io/graph/hra-pop
HGNC:7695,NDUFB1,NDUFB1,biolink:Gene,https://purl.humanatlas.io/graph/hra-pop
HGNC:7696,NDUFB10,NDUFB10,biolink:Gene,https://purl.humanatlas.io/graph/hra-pop
HGNC:7697,NDUFB2,NDUFB2,biolink:Gene,https://purl.humanatlas.io/graph/hra-pop
HGNC:7698,NDUFB3,NDUFB3,biolink:Gene,https://purl.humanatlas.io/graph/hra-pop
HGNC:7699,NDUFB4,NDUFB4,biolink:Gene,https://purl.humanatlas.io/graph/hra-pop
HGNC:77,ABL2,ABL2,biolink:Gene,https://purl.humanatlas.io/graph/hra-pop
HGNC:7700,NDUFB5,NDUFB5,biolink:Gene,https://purl.humanatlas.io/graph/hra-pop
HGNC:7701,NDUFB6,NDUFB6,biolink:Gene,https://purl.humanatlas.io/graph/hra-pop
HGNC:7702,NDUFB7,NDUFB7,biolink:Gene,https://purl.humanatlas.io/graph/hra-pop
HGNC:7703,NDUFB8,NDUFB8,biolink:Gene,https://purl.humanatlas.io/graph/hra-pop
HGNC:7704,NDUFB9,NDUFB9,biolink:Gene,https://purl.humanatlas.io/graph/hra-pop
HGNC:7705,NDUFC1,NDUFC1,biolink:Gene,https://purl.humanatlas.io/graph/hra-pop
HGNC:7706,NDUFC2,NDUFC2,biolink:Gene,https://purl.humanatlas.io/graph/hra-pop
HGNC:7710,NDUFS3,NDUFS3,biolink:Gene,https://purl.humanatlas.io/graph/hra-pop
HGNC:7712,NDUFS5,NDUFS5,biolink:Gene,https://purl.humanatlas.io/graph/hra-pop
HGNC:7713,NDUFS6,NDUFS6,biolink:Gene,https://purl.humanatlas.io/graph/hra-pop
HGNC:7714,NDUFS7,NDUFS7,biolink:Gene,https://purl.humanatlas.io/graph/hra-pop
HGNC:7715,NDUFS8,NDUFS8,biolink:Gene,https://purl.humanatlas.io/graph/hra-pop
HGNC:7716,NDUFV1,NDUFV1,biolink:Gene,https://purl.humanatlas.io/graph/hra-pop
HGNC:7720,NEB,NEB,biolink:Gene,https://purl.humanatlas.io/graph/hra-pop
HGNC:7727,NEDD4,NEDD4,biolink:Gene,https://purl.humanatlas.io/graph/hra-pop
HGNC:7728,NEDD4L,NEDD4L,biolink:Gene,https://purl.humanatlas.io/graph/hra-pop
HGNC:7729,SEPTIN2,SEPTIN2,biolink:Gene,https://purl.humanatlas.io/graph/hra-pop
HGNC:773,ASTN1,ASTN1,biolink:Gene,https://purl.humanatlas.io/graph/hra-pop
HGNC:7732,NEDD8,NEDD8,biolink:Gene,https://purl.humanatlas.io/graph/hra-pop
HGNC:7733,NEDD9,NEDD9,biolink:Gene,https://purl.humanatlas.io/graph/hra-pop
HGNC:7748,NEK5,NEK5,biolink:Gene,https://purl.humanatlas.io/graph/hra-pop
HGNC:7749,NEK6,NEK6,biolink:Gene,https://purl.humanatlas.io/graph/hra-pop
HGNC:7750,NELL1,NELL1,biolink:Gene,https://purl.humanatlas.io/graph/hra-pop
HGNC:7751,NELL2,NELL2,biolink:Gene,https://purl.humanatlas.io/graph/hra-pop
HGNC:7754,NEO1,NEO1,biolink:Gene,https://purl.humanatlas.io/graph/hra-pop
HGNC:7756,NES,NES,biolink:Gene,https://purl.humanatlas.io/graph/hra-pop
HGNC:7761,NEURL1,NEURL1,biolink:Gene,https://purl.humanatlas.io/graph/hra-pop
HGNC:7765,NF1,NF1,biolink:Gene,https://purl.humanatlas.io/graph/hra-pop
HGNC:7767,NF1P8,NF1P8,biolink:Gene,https://purl.humanatlas.io/graph/hra-pop
HGNC:7769,NF1P4,NF1P4,biolink:Gene,https://purl.humanatlas.io/graph/hra-pop
HGNC:777,ZFHX3,ZFHX3,biolink:Gene,https://purl.humanatlas.io/graph/hra-pop
HGNC:7774,NFAT5,NFAT5,biolink:Gene,https://purl.humanatlas.io/graph/hra-pop
HGNC:7775,NFATC1,NFATC1,biolink:Gene,https://purl.humanatlas.io/graph/hra-pop
HGNC:7776,NFATC2,NFATC2,biolink:Gene,https://purl.humanatlas.io/graph/hra-pop
HGNC:7777,NFATC3,NFATC3,biolink:Gene,https://purl.humanatlas.io/graph/hra-pop
HGNC:7781,NFE2L1,NFE2L1,biolink:Gene,https://purl.humanatlas.io/graph/hra-pop
HGNC:7782,NFE2L2,NFE2L2,biolink:Gene,https://purl.humanatlas.io/graph/hra-pop
HGNC:7784,NFIA,NFIA,biolink:Gene,https://purl.humanatlas.io/graph/hra-pop
HGNC:7785,NFIB,NFIB,biolink:Gene,https://purl.humanatlas.io/graph/hra-pop
HGNC:7786,NFIC,NFIC,biolink:Gene,https://purl.humanatlas.io/graph/hra-pop
HGNC:7787,NFIL3,NFIL3,biolink:Gene,https://purl.humanatlas.io/graph/hra-pop
HGNC:7788,NFIX,NFIX,biolink:Gene,https://purl.humanatlas.io/graph/hra-pop
HGNC:7795,NFKB2,NFKB2,biolink:Gene,https://purl.humanatlas.io/graph/hra-pop
HGNC:7797,NFKBIA,NFKBIA,biolink:Gene,https://purl.humanatlas.io/graph/hra-pop
HGNC:7798,NFKBIB,NFKBIB,biolink:Gene,https://purl.humanatlas.io/graph/hra-pop
HGNC:78,ABLIM1,ABLIM1,biolink:Gene,https://purl.humanatlas.io/graph/hra-pop
HGNC:7803,NFX1,NFX1,biolink:Gene,https://purl.humanatlas.io/graph/hra-pop
HGNC:7805,NFYB,NFYB,biolink:Gene,https://purl.humanatlas.io/graph/hra-pop
HGNC:7808,NGF,NGF,biolink:Gene,https://purl.humanatlas.io/graph/hra-pop
HGNC:7819,SNU13,SNU13,biolink:Gene,https://purl.humanatlas.io/graph/hra-pop
HGNC:7820,NHS,NHS,biolink:Gene,https://purl.humanatlas.io/graph/hra-pop
HGNC:7821,NID1,NID1,biolink:Gene,https://purl.humanatlas.io/graph/hra-pop
HGNC:7825,NINJ2,NINJ2,biolink:Gene,https://purl.humanatlas.io/graph/hra-pop
HGNC:7828,NIT1,NIT1,biolink:Gene,https://purl.humanatlas.io/graph/hra-pop
HGNC:7830,NKG7,NKG7,biolink:Gene,https://purl.humanatlas.io/graph/hra-pop
HGNC:7833,NKTR,NKTR,biolink:Gene,https://purl.humanatlas.io/graph/hra-pop
HGNC:784,ATF2,ATF2,biolink:Gene,https://purl.humanatlas.io/graph/hra-pop
HGNC:7849,NME1,NME1,biolink:Gene,https://purl.humanatlas.io/graph/hra-pop
HGNC:785,ATF3,ATF3,biolink:Gene,https://purl.humanatlas.io/graph/hra-pop
HGNC:7850,NME2,NME2,biolink:Gene,https://purl.humanatlas.io/graph/hra-pop
HGNC:7851,NME3,NME3,biolink:Gene,https://purl.humanatlas.io/graph/hra-pop
HGNC:7852,NME4,NME4,biolink:Gene,https://purl.humanatlas.io/graph/hra-pop
HGNC:7854,NMI,NMI,biolink:Gene,https://purl.humanatlas.io/graph/hra-pop
HGNC:7856,NQO2,NQO2,biolink:Gene,https://purl.humanatlas.io/graph/hra-pop
HGNC:7858,NMT2,NMT2,biolink:Gene,https://purl.humanatlas.io/graph/hra-pop
HGNC:786,ATF4,ATF4,biolink:Gene,https://purl.humanatlas.io/graph/hra-pop
HGNC:7860,NNAT,NNAT,biolink:Gene,https://purl.humanatlas.io/graph/hra-pop
HGNC:7861,NNMT,NNMT,biolink:Gene,https://purl.humanatlas.io/graph/hra-pop
HGNC:7863,NNT,NNT,biolink:Gene,https://purl.humanatlas.io/graph/hra-pop
HGNC:7864,EMC8,EMC8,biolink:Gene,https://purl.humanatlas.io/graph/hra-pop
HGNC:7867,NOP2,NOP2,biolink:Gene,https://purl.humanatlas.io/graph/hra-pop
HGNC:7872,NOS1,NOS1,biolink:Gene,https://purl.humanatlas.io/graph/hra-pop
HGNC:7879,CNOT3,CNOT3,biolink:Gene,https://purl.humanatlas.io/graph/hra-pop
HGNC:7880,CNOT4,CNOT4,biolink:Gene,https://purl.humanatlas.io/graph/hra-pop
HGNC:7881,NOTCH1,NOTCH1,biolink:Gene,https://purl.humanatlas.io/graph/hra-pop
HGNC:7882,NOTCH2,NOTCH2,biolink:Gene,https://purl.humanatlas.io/graph/hra-pop
HGNC:7883,NOTCH3,NOTCH3,biolink:Gene,https://purl.humanatlas.io/graph/hra-pop
HGNC:7884,NOTCH4,NOTCH4,biolink:Gene,https://purl.humanatlas.io/graph/hra-pop
HGNC:7886,NOVA1,NOVA1,biolink:Gene,https://purl.humanatlas.io/graph/hra-pop
HGNC:7887,NOVA2,NOVA2,biolink:Gene,https://purl.humanatlas.io/graph/hra-pop
HGNC:7891,NOX4,NOX4,biolink:Gene,https://purl.humanatlas.io/graph/hra-pop
HGNC:7892,PNP,PNP,biolink:Gene,https://purl.humanatlas.io/graph/hra-pop
HGNC:7895,NPAS2,NPAS2,biolink:Gene,https://purl.humanatlas.io/graph/hra-pop
HGNC:7896,NPAT,NPAT,biolink:Gene,https://purl.humanatlas.io/graph/hra-pop
HGNC:7897,NPC1,NPC1,biolink:Gene,https://purl.humanatlas.io/graph/hra-pop
HGNC:7899,NPDC1,NPDC1,biolink:Gene,https://purl.humanatlas.io/graph/hra-pop
HGNC:79,ABO,ABO,biolink:Gene,https://purl.humanatlas.io/graph/hra-pop
HGNC:7900,NPEPPS,NPEPPS,biolink:Gene,https://purl.humanatlas.io/graph/hra-pop
HGNC:7905,NPHP1,NPHP1,biolink:Gene,https://purl.humanatlas.io/graph/hra-pop
HGNC:7907,NPHP3,NPHP3,biolink:Gene,https://purl.humanatlas.io/graph/hra-pop
HGNC:7908,NPHS1,NPHS1,biolink:Gene,https://purl.humanatlas.io/graph/hra-pop
HGNC:791,ATF6,ATF6,biolink:Gene,https://purl.humanatlas.io/graph/hra-pop
HGNC:7910,NPM1,NPM1,biolink:Gene,https://purl.humanatlas.io/graph/hra-pop
HGNC:792,ATF7,ATF7,biolink:Gene,https://purl.humanatlas.io/graph/hra-pop
HGNC:7926,NPM1P6,NPM1P6,biolink:Gene,https://purl.humanatlas.io/graph/hra-pop
HGNC:7943,NPR1,NPR1,biolink:Gene,https://purl.humanatlas.io/graph/hra-pop
HGNC:7945,NPR3,NPR3,biolink:Gene,https://purl.humanatlas.io/graph/hra-pop
HGNC:795,ATM,ATM,biolink:Gene,https://purl.humanatlas.io/graph/hra-pop
HGNC:7956,NPY1R,NPY1R,biolink:Gene,https://purl.humanatlas.io/graph/hra-pop
HGNC:7961,NR0B2,NR0B2,biolink:Gene,https://purl.humanatlas.io/graph/hra-pop
HGNC:7963,NR1D2,NR1D2,biolink:Gene,https://purl.humanatlas.io/graph/hra-pop
HGNC:7965,NR1H2,NR1H2,biolink:Gene,https://purl.humanatlas.io/graph/hra-pop
HGNC:7966,NR1H3,NR1H3,biolink:Gene,https://purl.humanatlas.io/graph/hra-pop
HGNC:7969,NR1I3,NR1I3,biolink:Gene,https://purl.humanatlas.io/graph/hra-pop
HGNC:7971,NR2C1,NR2C1,biolink:Gene,https://purl.humanatlas.io/graph/hra-pop
HGNC:7972,NR2C2,NR2C2,biolink:Gene,https://purl.humanatlas.io/graph/hra-pop
HGNC:7975,NR2F1,NR2F1,biolink:Gene,https://purl.humanatlas.io/graph/hra-pop
HGNC:7976,NR2F2,NR2F2,biolink:Gene,https://purl.humanatlas.io/graph/hra-pop
HGNC:7977,NR2F6,NR2F6,biolink:Gene,https://purl.humanatlas.io/graph/hra-pop
HGNC:7978,NR3C1,NR3C1,biolink:Gene,https://purl.humanatlas.io/graph/hra-pop
HGNC:7979,NR3C2,NR3C2,biolink:Gene,https://purl.humanatlas.io/graph/hra-pop
HGNC:798,ATOX1,ATOX1,biolink:Gene,https://purl.humanatlas.io/graph/hra-pop
HGNC:7980,NR4A1,NR4A1,biolink:Gene,https://purl.humanatlas.io/graph/hra-pop
HGNC:7981,NR4A2,NR4A2,biolink:Gene,https://purl.humanatlas.io/graph/hra-pop
HGNC:7982,NR4A3,NR4A3,biolink:Gene,https://purl.humanatlas.io/graph/hra-pop
HGNC:7984,NR5A2,NR5A2,biolink:Gene,https://purl.humanatlas.io/graph/hra-pop
HGNC:7985,NR6A1,NR6A1,biolink:Gene,https://purl.humanatlas.io/graph/hra-pop
HGNC:799,ATP1A1,ATP1A1,biolink:Gene,https://purl.humanatlas.io/graph/hra-pop
HGNC:7994,NRCAM,NRCAM,biolink:Gene,https://purl.humanatlas.io/graph/hra-pop
HGNC:7995,NRDC,NRDC,biolink:Gene,https://purl.humanatlas.io/graph/hra-pop
HGNC:7997,NRG1,NRG1,biolink:Gene,https://purl.humanatlas.io/graph/hra-pop
HGNC:7999,NRG3,NRG3,biolink:Gene,https://purl.humanatlas.io/graph/hra-pop
HGNC:8,A2MP1,A2MP1,biolink:Gene,https://purl.humanatlas.io/graph/hra-pop
HGNC:80,AOC1,AOC1,biolink:Gene,https://purl.humanatlas.io/graph/hra-pop
HGNC:800,ATP1A2,ATP1A2,biolink:Gene,https://purl.humanatlas.io/graph/hra-pop
HGNC:8000,NRGN,NRGN,biolink:Gene,https://purl.humanatlas.io/graph/hra-pop
HGNC:8001,NRIP1,NRIP1,biolink:Gene,https://purl.humanatlas.io/graph/hra-pop
HGNC:8002,NRL,NRL,biolink:Gene,https://purl.humanatlas.io/graph/hra-pop
HGNC:8003,NRM,NRM,biolink:Gene,https://purl.humanatlas.io/graph/hra-pop
HGNC:8004,NRP1,NRP1,biolink:Gene,https://purl.humanatlas.io/graph/hra-pop
HGNC:8005,NRP2,NRP2,biolink:Gene,https://purl.humanatlas.io/graph/hra-pop
HGNC:8008,NRXN1,NRXN1,biolink:Gene,https://purl.humanatlas.io/graph/hra-pop
HGNC:8010,NRXN3,NRXN3,biolink:Gene,https://purl.humanatlas.io/graph/hra-pop
HGNC:8011,CNTNAP1,CNTNAP1,biolink:Gene,https://purl.humanatlas.io/graph/hra-pop
HGNC:8014,YBX1,YBX1,biolink:Gene,https://purl.humanatlas.io/graph/hra-pop
HGNC:8015,YBX1P1,YBX1P1,biolink:Gene,https://purl.humanatlas.io/graph/hra-pop
HGNC:8017,NSMAF,NSMAF,biolink:Gene,https://purl.humanatlas.io/graph/hra-pop
HGNC:8021,NT5E,NT5E,biolink:Gene,https://purl.humanatlas.io/graph/hra-pop
HGNC:8022,NT5C2,NT5C2,biolink:Gene,https://purl.humanatlas.io/graph/hra-pop
HGNC:8028,NTHL1,NTHL1,biolink:Gene,https://purl.humanatlas.io/graph/hra-pop
HGNC:8029,NTN1,NTN1,biolink:Gene,https://purl.humanatlas.io/graph/hra-pop
HGNC:8031,NTRK1,NTRK1,biolink:Gene,https://purl.humanatlas.io/graph/hra-pop
HGNC:8032,NTRK2,NTRK2,biolink:Gene,https://purl.humanatlas.io/graph/hra-pop
HGNC:8033,NTRK3,NTRK3,biolink:Gene,https://purl.humanatlas.io/graph/hra-pop
HGNC:8038,NTS,NTS,biolink:Gene,https://purl.humanatlas.io/graph/hra-pop
HGNC:804,ATP1B1,ATP1B1,biolink:Gene,https://purl.humanatlas.io/graph/hra-pop
HGNC:8041,NUBP1,NUBP1,biolink:Gene,https://purl.humanatlas.io/graph/hra-pop
HGNC:8042,NUBP2,NUBP2,biolink:Gene,https://purl.humanatlas.io/graph/hra-pop
HGNC:8043,NUCB1,NUCB1,biolink:Gene,https://purl.humanatlas.io/graph/hra-pop
HGNC:8044,NUCB2,NUCB2,biolink:Gene,https://purl.humanatlas.io/graph/hra-pop
HGNC:8045,NUDC,NUDC,biolink:Gene,https://purl.humanatlas.io/graph/hra-pop
HGNC:8049,NUDT2,NUDT2,biolink:Gene,https://purl.humanatlas.io/graph/hra-pop
HGNC:8051,NUDT4,NUDT4,biolink:Gene,https://purl.humanatlas.io/graph/hra-pop
HGNC:8056,NUDT9,NUDT9,biolink:Gene,https://purl.humanatlas.io/graph/hra-pop
HGNC:8059,NUMA1,NUMA1,biolink:Gene,https://purl.humanatlas.io/graph/hra-pop
HGNC:806,ATP1B3,ATP1B3,biolink:Gene,https://purl.humanatlas.io/graph/hra-pop
HGNC:8060,NUMB,NUMB,biolink:Gene,https://purl.humanatlas.io/graph/hra-pop
HGNC:8063,NUP155,NUP155,biolink:Gene,https://purl.humanatlas.io/graph/hra-pop
HGNC:8066,NUP62,NUP62,biolink:Gene,https://purl.humanatlas.io/graph/hra-pop
HGNC:8068,NUP98,NUP98,biolink:Gene,https://purl.humanatlas.io/graph/hra-pop
HGNC:8070,NVL,NVL,biolink:Gene,https://purl.humanatlas.io/graph/hra-pop
HGNC:8071,NXF1,NXF1,biolink:Gene,https://purl.humanatlas.io/graph/hra-pop
HGNC:8076,NXPH2,NXPH2,biolink:Gene,https://purl.humanatlas.io/graph/hra-pop
HGNC:8082,NYX,NYX,biolink:Gene,https://purl.humanatlas.io/graph/hra-pop
HGNC:8088,OAS3,OAS3,biolink:Gene,https://purl.humanatlas.io/graph/hra-pop
HGNC:8095,OAZ1,OAZ1,biolink:Gene,https://purl.humanatlas.io/graph/hra-pop
HGNC:8096,OAZ2,OAZ2,biolink:Gene,https://purl.humanatlas.io/graph/hra-pop
HGNC:81,ABR,ABR,biolink:Gene,https://purl.humanatlas.io/graph/hra-pop
HGNC:8101,OCA2,OCA2,biolink:Gene,https://purl.humanatlas.io/graph/hra-pop
HGNC:8104,OCLN,OCLN,biolink:Gene,https://purl.humanatlas.io/graph/hra-pop
HGNC:8108,OCRL,OCRL,biolink:Gene,https://purl.humanatlas.io/graph/hra-pop
HGNC:8109,ODC1,ODC1,biolink:Gene,https://purl.humanatlas.io/graph/hra-pop
HGNC:811,ATP2A1,ATP2A1,biolink:Gene,https://purl.humanatlas.io/graph/hra-pop
HGNC:8117,TENM1,TENM1,biolink:Gene,https://purl.humanatlas.io/graph/hra-pop
HGNC:812,ATP2A2,ATP2A2,biolink:Gene,https://purl.humanatlas.io/graph/hra-pop
HGNC:8124,OGDH,OGDH,biolink:Gene,https://purl.humanatlas.io/graph/hra-pop
HGNC:8126,OGN,OGN,biolink:Gene,https://purl.humanatlas.io/graph/hra-pop
HGNC:8127,OGT,OGT,biolink:Gene,https://purl.humanatlas.io/graph/hra-pop
HGNC:813,ATP2A3,ATP2A3,biolink:Gene,https://purl.humanatlas.io/graph/hra-pop
HGNC:8133,OLR1,OLR1,biolink:Gene,https://purl.humanatlas.io/graph/hra-pop
HGNC:8135,OMG,OMG,biolink:Gene,https://purl.humanatlas.io/graph/hra-pop
HGNC:814,ATP2B1,ATP2B1,biolink:Gene,https://purl.humanatlas.io/graph/hra-pop
HGNC:8142,OPA3,OPA3,biolink:Gene,https://purl.humanatlas.io/graph/hra-pop
HGNC:8148,OPHN1,OPHN1,biolink:Gene,https://purl.humanatlas.io/graph/hra-pop
HGNC:8156,OPRM1,OPRM1,biolink:Gene,https://purl.humanatlas.io/graph/hra-pop
HGNC:8157,SIGMAR1,SIGMAR1,biolink:Gene,https://purl.humanatlas.io/graph/hra-pop
HGNC:816,ATP2B3,ATP2B3,biolink:Gene,https://purl.humanatlas.io/graph/hra-pop
HGNC:8163,OR10B1P,OR10B1P,biolink:Gene,https://purl.humanatlas.io/graph/hra-pop
HGNC:817,ATP2B4,ATP2B4,biolink:Gene,https://purl.humanatlas.io/graph/hra-pop
HGNC:8179,OR1A1,OR1A1,biolink:Gene,https://purl.humanatlas.io/graph/hra-pop
HGNC:82,ACAA1,ACAA1,biolink:Gene,https://purl.humanatlas.io/graph/hra-pop
HGNC:8229,OR2A1,OR2A1,biolink:Gene,https://purl.humanatlas.io/graph/hra-pop
HGNC:823,ATP5F1A,ATP5F1A,biolink:Gene,https://purl.humanatlas.io/graph/hra-pop
HGNC:8231,OR2A3P,OR2A3P,biolink:Gene,https://purl.humanatlas.io/graph/hra-pop
HGNC:8234,OR2A7,OR2A7,biolink:Gene,https://purl.humanatlas.io/graph/hra-pop
HGNC:8247,OR2F2,OR2F2,biolink:Gene,https://purl.humanatlas.io/graph/hra-pop
HGNC:8258,OR2I1P,OR2I1P,biolink:Gene,https://purl.humanatlas.io/graph/hra-pop
HGNC:83,ACAA2,ACAA2,biolink:Gene,https://purl.humanatlas.io/graph/hra-pop
HGNC:830,ATP5F1B,ATP5F1B,biolink:Gene,https://purl.humanatlas.io/graph/hra-pop
HGNC:833,ATP5F1C,ATP5F1C,biolink:Gene,https://purl.humanatlas.io/graph/hra-pop
HGNC:837,ATP5F1D,ATP5F1D,biolink:Gene,https://purl.humanatlas.io/graph/hra-pop
HGNC:838,ATP5F1E,ATP5F1E,biolink:Gene,https://purl.humanatlas.io/graph/hra-pop
HGNC:840,ATP5PB,ATP5PB,biolink:Gene,https://purl.humanatlas.io/graph/hra-pop
HGNC:841,ATP5MC1,ATP5MC1,biolink:Gene,https://purl.humanatlas.io/graph/hra-pop
HGNC:842,ATP5MC2,ATP5MC2,biolink:Gene,https://purl.humanatlas.io/graph/hra-pop
HGNC:8424,OR7E4P,OR7E4P,biolink:Gene,https://purl.humanatlas.io/graph/hra-pop
HGNC:843,ATP5MC3,ATP5MC3,biolink:Gene,https://purl.humanatlas.io/graph/hra-pop
HGNC:8430,OR7E55P,OR7E55P,biolink:Gene,https://purl.humanatlas.io/graph/hra-pop
HGNC:845,ATP5PD,ATP5PD,biolink:Gene,https://purl.humanatlas.io/graph/hra-pop
HGNC:846,ATP5ME,ATP5ME,biolink:Gene,https://purl.humanatlas.io/graph/hra-pop
HGNC:847,ATP5PF,ATP5PF,biolink:Gene,https://purl.humanatlas.io/graph/hra-pop
HGNC:848,ATP5MF,ATP5MF,biolink:Gene,https://purl.humanatlas.io/graph/hra-pop
HGNC:8490,ORC4,ORC4,biolink:Gene,https://purl.humanatlas.io/graph/hra-pop
HGNC:8491,ORC5,ORC5,biolink:Gene,https://purl.humanatlas.io/graph/hra-pop
HGNC:85,ACACB,ACACB,biolink:Gene,https://purl.humanatlas.io/graph/hra-pop
HGNC:850,ATP5PO,ATP5PO,biolink:Gene,https://purl.humanatlas.io/graph/hra-pop
HGNC:8506,OSM,OSM,biolink:Gene,https://purl.humanatlas.io/graph/hra-pop
HGNC:8507,OSMR,OSMR,biolink:Gene,https://purl.humanatlas.io/graph/hra-pop
HGNC:8508,OXSR1,OXSR1,biolink:Gene,https://purl.humanatlas.io/graph/hra-pop
HGNC:851,ATP6V1A,ATP6V1A,biolink:Gene,https://purl.humanatlas.io/graph/hra-pop
HGNC:8510,OSTF1,OSTF1,biolink:Gene,https://purl.humanatlas.io/graph/hra-pop
HGNC:8514,CLDN11,CLDN11,biolink:Gene,https://purl.humanatlas.io/graph/hra-pop
HGNC:8515,OTOF,OTOF,biolink:Gene,https://purl.humanatlas.io/graph/hra-pop
HGNC:8525,OVOL1,OVOL1,biolink:Gene,https://purl.humanatlas.io/graph/hra-pop
HGNC:8527,OXCT1,OXCT1,biolink:Gene,https://purl.humanatlas.io/graph/hra-pop
HGNC:853,ATP6V1B1,ATP6V1B1,biolink:Gene,https://purl.humanatlas.io/graph/hra-pop
HGNC:8533,P2RX1,P2RX1,biolink:Gene,https://purl.humanatlas.io/graph/hra-pop
HGNC:8535,P2RX4,P2RX4,biolink:Gene,https://purl.humanatlas.io/graph/hra-pop
HGNC:8537,P2RX7,P2RX7,biolink:Gene,https://purl.humanatlas.io/graph/hra-pop
HGNC:8538,P2RX6,P2RX6,biolink:Gene,https://purl.humanatlas.io/graph/hra-pop
HGNC:854,ATP6V1B2,ATP6V1B2,biolink:Gene,https://purl.humanatlas.io/graph/hra-pop
HGNC:8546,P4HA1,P4HA1,biolink:Gene,https://purl.humanatlas.io/graph/hra-pop
HGNC:8547,P4HA2,P4HA2,biolink:Gene,https://purl.humanatlas.io/graph/hra-pop
HGNC:8548,P4HB,P4HB,biolink:Gene,https://purl.humanatlas.io/graph/hra-pop
HGNC:855,ATP6V0C,ATP6V0C,biolink:Gene,https://purl.humanatlas.io/graph/hra-pop
HGNC:8550,PA2G4,PA2G4,biolink:Gene,https://purl.humanatlas.io/graph/hra-pop
HGNC:8554,PABPC1,PABPC1,biolink:Gene,https://purl.humanatlas.io/graph/hra-pop
HGNC:8565,PABPN1,PABPN1,biolink:Gene,https://purl.humanatlas.io/graph/hra-pop
HGNC:8568,FURIN,FURIN,biolink:Gene,https://purl.humanatlas.io/graph/hra-pop
HGNC:857,ATP6V1E1,ATP6V1E1,biolink:Gene,https://purl.humanatlas.io/graph/hra-pop
HGNC:8571,PACSIN2,PACSIN2,biolink:Gene,https://purl.humanatlas.io/graph/hra-pop
HGNC:8574,PAFAH1B1,PAFAH1B1,biolink:Gene,https://purl.humanatlas.io/graph/hra-pop
HGNC:8582,PAH,PAH,biolink:Gene,https://purl.humanatlas.io/graph/hra-pop
HGNC:8583,SERPINE1,SERPINE1,biolink:Gene,https://purl.humanatlas.io/graph/hra-pop
HGNC:8587,PAICS,PAICS,biolink:Gene,https://purl.humanatlas.io/graph/hra-pop
HGNC:8590,PAK1,PAK1,biolink:Gene,https://purl.humanatlas.io/graph/hra-pop
HGNC:8591,PAK2,PAK2,biolink:Gene,https://purl.humanatlas.io/graph/hra-pop
HGNC:8592,PAK3,PAK3,biolink:Gene,https://purl.humanatlas.io/graph/hra-pop
HGNC:8594,PALM,PALM,biolink:Gene,https://purl.humanatlas.io/graph/hra-pop
HGNC:8596,PAM,PAM,biolink:Gene,https://purl.humanatlas.io/graph/hra-pop
HGNC:8599,PANX1,PANX1,biolink:Gene,https://purl.humanatlas.io/graph/hra-pop
HGNC:8602,PAPPA,PAPPA,biolink:Gene,https://purl.humanatlas.io/graph/hra-pop
HGNC:8604,PAPSS2,PAPSS2,biolink:Gene,https://purl.humanatlas.io/graph/hra-pop
HGNC:8605,PARG,PARG,biolink:Gene,https://purl.humanatlas.io/graph/hra-pop
HGNC:8607,PRKN,PRKN,biolink:Gene,https://purl.humanatlas.io/graph/hra-pop
HGNC:8609,PARN,PARN,biolink:Gene,https://purl.humanatlas.io/graph/hra-pop
HGNC:861,ATP6V0B,ATP6V0B,biolink:Gene,https://purl.humanatlas.io/graph/hra-pop
HGNC:8614,PAWR,PAWR,biolink:Gene,https://purl.humanatlas.io/graph/hra-pop
HGNC:8616,PAX2,PAX2,biolink:Gene,https://purl.humanatlas.io/graph/hra-pop
HGNC:8619,PAX5,PAX5,biolink:Gene,https://purl.humanatlas.io/graph/hra-pop
HGNC:8622,PAX8,PAX8,biolink:Gene,https://purl.humanatlas.io/graph/hra-pop
HGNC:8624,PAXIP1,PAXIP1,biolink:Gene,https://purl.humanatlas.io/graph/hra-pop
HGNC:863,ATP6V0E1,ATP6V0E1,biolink:Gene,https://purl.humanatlas.io/graph/hra-pop
HGNC:8630,PEBP1,PEBP1,biolink:Gene,https://purl.humanatlas.io/graph/hra-pop
HGNC:8632,PBX1,PBX1,biolink:Gene,https://purl.humanatlas.io/graph/hra-pop
HGNC:8634,PBX3,PBX3,biolink:Gene,https://purl.humanatlas.io/graph/hra-pop
HGNC:8637,PCA3,PCA3,biolink:Gene,https://purl.humanatlas.io/graph/hra-pop
HGNC:8638,KAT2B,KAT2B,biolink:Gene,https://purl.humanatlas.io/graph/hra-pop
HGNC:864,ATP6V1G1,ATP6V1G1,biolink:Gene,https://purl.humanatlas.io/graph/hra-pop
HGNC:8642,SLC45A3,SLC45A3,biolink:Gene,https://purl.humanatlas.io/graph/hra-pop
HGNC:8647,PCBP1,PCBP1,biolink:Gene,https://purl.humanatlas.io/graph/hra-pop
HGNC:8648,PCBP2,PCBP2,biolink:Gene,https://purl.humanatlas.io/graph/hra-pop
HGNC:8650,PCBP2P2,PCBP2P2,biolink:Gene,https://purl.humanatlas.io/graph/hra-pop
HGNC:8651,PCBP3,PCBP3,biolink:Gene,https://purl.humanatlas.io/graph/hra-pop
HGNC:8653,PCCA,PCCA,biolink:Gene,https://purl.humanatlas.io/graph/hra-pop
HGNC:8657,PCDH12,PCDH12,biolink:Gene,https://purl.humanatlas.io/graph/hra-pop
HGNC:8659,PCDH7,PCDH7,biolink:Gene,https://purl.humanatlas.io/graph/hra-pop
HGNC:866,ATP6V0A4,ATP6V0A4,biolink:Gene,https://purl.humanatlas.io/graph/hra-pop
HGNC:8661,PCDH9,PCDH9,biolink:Gene,https://purl.humanatlas.io/graph/hra-pop
HGNC:868,ATP6AP1,ATP6AP1,biolink:Gene,https://purl.humanatlas.io/graph/hra-pop
HGNC:8685,PCDHB14,PCDHB14,biolink:Gene,https://purl.humanatlas.io/graph/hra-pop
HGNC:8698,PCDHGA11,PCDHGA11,biolink:Gene,https://purl.humanatlas.io/graph/hra-pop
HGNC:8699,PCDHGA12,PCDHGA12,biolink:Gene,https://purl.humanatlas.io/graph/hra-pop
HGNC:87,ACAD8,ACAD8,biolink:Gene,https://purl.humanatlas.io/graph/hra-pop
HGNC:871,ATP5IF1,ATP5IF1,biolink:Gene,https://purl.humanatlas.io/graph/hra-pop
HGNC:8714,PCDHGB7,PCDHGB7,biolink:Gene,https://purl.humanatlas.io/graph/hra-pop
HGNC:8723,SERPINA5,SERPINA5,biolink:Gene,https://purl.humanatlas.io/graph/hra-pop
HGNC:8724,PCK1,PCK1,biolink:Gene,https://purl.humanatlas.io/graph/hra-pop
HGNC:8725,PCK2,PCK2,biolink:Gene,https://purl.humanatlas.io/graph/hra-pop
HGNC:8727,PCM1,PCM1,biolink:Gene,https://purl.humanatlas.io/graph/hra-pop
HGNC:8728,PCMT1,PCMT1,biolink:Gene,https://purl.humanatlas.io/graph/hra-pop
HGNC:8738,PCOLCE,PCOLCE,biolink:Gene,https://purl.humanatlas.io/graph/hra-pop
HGNC:8739,PCOLCE2,PCOLCE2,biolink:Gene,https://purl.humanatlas.io/graph/hra-pop
HGNC:8740,CHMP1A,CHMP1A,biolink:Gene,https://purl.humanatlas.io/graph/hra-pop
HGNC:8742,PCP4,PCP4,biolink:Gene,https://purl.humanatlas.io/graph/hra-pop
HGNC:8747,PCSK5,PCSK5,biolink:Gene,https://purl.humanatlas.io/graph/hra-pop
HGNC:8748,PCSK7,PCSK7,biolink:Gene,https://purl.humanatlas.io/graph/hra-pop
HGNC:8750,CDK17,CDK17,biolink:Gene,https://purl.humanatlas.io/graph/hra-pop
HGNC:8751,CDK18,CDK18,biolink:Gene,https://purl.humanatlas.io/graph/hra-pop
HGNC:8752,PCTP,PCTP,biolink:Gene,https://purl.humanatlas.io/graph/hra-pop
HGNC:8761,PDCD10,PDCD10,biolink:Gene,https://purl.humanatlas.io/graph/hra-pop
HGNC:8763,PDCD4,PDCD4,biolink:Gene,https://purl.humanatlas.io/graph/hra-pop
HGNC:8764,PDCD5,PDCD5,biolink:Gene,https://purl.humanatlas.io/graph/hra-pop
HGNC:8766,PDCD6IP,PDCD6IP,biolink:Gene,https://purl.humanatlas.io/graph/hra-pop
HGNC:8768,AIFM1,AIFM1,biolink:Gene,https://purl.humanatlas.io/graph/hra-pop
HGNC:8769,MRPS30,MRPS30,biolink:Gene,https://purl.humanatlas.io/graph/hra-pop
HGNC:8772,PDE10A,PDE10A,biolink:Gene,https://purl.humanatlas.io/graph/hra-pop
HGNC:8774,PDE1A,PDE1A,biolink:Gene,https://purl.humanatlas.io/graph/hra-pop
HGNC:8775,PDE1B,PDE1B,biolink:Gene,https://purl.humanatlas.io/graph/hra-pop
HGNC:8776,PDE1C,PDE1C,biolink:Gene,https://purl.humanatlas.io/graph/hra-pop
HGNC:8777,PDE2A,PDE2A,biolink:Gene,https://purl.humanatlas.io/graph/hra-pop
HGNC:8778,PDE3A,PDE3A,biolink:Gene,https://purl.humanatlas.io/graph/hra-pop
HGNC:8779,PDE3B,PDE3B,biolink:Gene,https://purl.humanatlas.io/graph/hra-pop
HGNC:8780,PDE4A,PDE4A,biolink:Gene,https://purl.humanatlas.io/graph/hra-pop
HGNC:8781,PDE4B,PDE4B,biolink:Gene,https://purl.humanatlas.io/graph/hra-pop
HGNC:8782,PDE4C,PDE4C,biolink:Gene,https://purl.humanatlas.io/graph/hra-pop
HGNC:8783,PDE4D,PDE4D,biolink:Gene,https://purl.humanatlas.io/graph/hra-pop
HGNC:8784,PDE5A,PDE5A,biolink:Gene,https://purl.humanatlas.io/graph/hra-pop
HGNC:8788,PDE6D,PDE6D,biolink:Gene,https://purl.humanatlas.io/graph/hra-pop
HGNC:8791,PDE7A,PDE7A,biolink:Gene,https://purl.humanatlas.io/graph/hra-pop
HGNC:8792,PDE7B,PDE7B,biolink:Gene,https://purl.humanatlas.io/graph/hra-pop
HGNC:8793,PDE8A,PDE8A,biolink:Gene,https://purl.humanatlas.io/graph/hra-pop
HGNC:8794,PDE8B,PDE8B,biolink:Gene,https://purl.humanatlas.io/graph/hra-pop
HGNC:8799,PDGFA,PDGFA,biolink:Gene,https://purl.humanatlas.io/graph/hra-pop
HGNC:88,ACADL,ACADL,biolink:Gene,https://purl.humanatlas.io/graph/hra-pop
HGNC:8800,PDGFB,PDGFB,biolink:Gene,https://purl.humanatlas.io/graph/hra-pop
HGNC:8801,PDGFC,PDGFC,biolink:Gene,https://purl.humanatlas.io/graph/hra-pop
HGNC:8803,PDGFRA,PDGFRA,biolink:Gene,https://purl.humanatlas.io/graph/hra-pop
HGNC:8804,PDGFRB,PDGFRB,biolink:Gene,https://purl.humanatlas.io/graph/hra-pop
HGNC:8806,PDHA1,PDHA1,biolink:Gene,https://purl.humanatlas.io/graph/hra-pop
HGNC:8808,PDHB,PDHB,biolink:Gene,https://purl.humanatlas.io/graph/hra-pop
HGNC:8809,PDK1,PDK1,biolink:Gene,https://purl.humanatlas.io/graph/hra-pop
HGNC:8811,PDK3,PDK3,biolink:Gene,https://purl.humanatlas.io/graph/hra-pop
HGNC:8812,PDK4,PDK4,biolink:Gene,https://purl.humanatlas.io/graph/hra-pop
HGNC:8818,SLC26A4,SLC26A4,biolink:Gene,https://purl.humanatlas.io/graph/hra-pop
HGNC:8819,PDXK,PDXK,biolink:Gene,https://purl.humanatlas.io/graph/hra-pop
HGNC:8821,PDZK1,PDZK1,biolink:Gene,https://purl.humanatlas.io/graph/hra-pop
HGNC:8822,PEA15,PEA15,biolink:Gene,https://purl.humanatlas.io/graph/hra-pop
HGNC:8823,PECAM1,PECAM1,biolink:Gene,https://purl.humanatlas.io/graph/hra-pop
HGNC:8824,SERPINF1,SERPINF1,biolink:Gene,https://purl.humanatlas.io/graph/hra-pop
HGNC:8827,PELI1,PELI1,biolink:Gene,https://purl.humanatlas.io/graph/hra-pop
HGNC:8828,PELI2,PELI2,biolink:Gene,https://purl.humanatlas.io/graph/hra-pop
HGNC:8830,PEMT,PEMT,biolink:Gene,https://purl.humanatlas.io/graph/hra-pop
HGNC:8840,PEPD,PEPD,biolink:Gene,https://purl.humanatlas.io/graph/hra-pop
HGNC:8845,PER1,PER1,biolink:Gene,https://purl.humanatlas.io/graph/hra-pop
HGNC:8847,PER3,PER3,biolink:Gene,https://purl.humanatlas.io/graph/hra-pop
HGNC:8850,PEX1,PEX1,biolink:Gene,https://purl.humanatlas.io/graph/hra-pop
HGNC:8851,PEX10,PEX10,biolink:Gene,https://purl.humanatlas.io/graph/hra-pop
HGNC:8852,PEX11A,PEX11A,biolink:Gene,https://purl.humanatlas.io/graph/hra-pop
HGNC:8853,PEX11B,PEX11B,biolink:Gene,https://purl.humanatlas.io/graph/hra-pop
HGNC:8855,PEX13,PEX13,biolink:Gene,https://purl.humanatlas.io/graph/hra-pop
HGNC:8859,PEX6,PEX6,biolink:Gene,https://purl.humanatlas.io/graph/hra-pop
HGNC:886,ATRX,ATRX,biolink:Gene,https://purl.humanatlas.io/graph/hra-pop
HGNC:8864,CFP,CFP,biolink:Gene,https://purl.humanatlas.io/graph/hra-pop
HGNC:8867,PFDN2,PFDN2,biolink:Gene,https://purl.humanatlas.io/graph/hra-pop
HGNC:8868,PFDN4,PFDN4,biolink:Gene,https://purl.humanatlas.io/graph/hra-pop
HGNC:8869,PFDN5,PFDN5,biolink:Gene,https://purl.humanatlas.io/graph/hra-pop
HGNC:8872,PFKFB1,PFKFB1,biolink:Gene,https://purl.humanatlas.io/graph/hra-pop
HGNC:8874,PFKFB3,PFKFB3,biolink:Gene,https://purl.humanatlas.io/graph/hra-pop
HGNC:8878,PFKP,PFKP,biolink:Gene,https://purl.humanatlas.io/graph/hra-pop
HGNC:8881,PFN1,PFN1,biolink:Gene,https://purl.humanatlas.io/graph/hra-pop
HGNC:8882,PFN2,PFN2,biolink:Gene,https://purl.humanatlas.io/graph/hra-pop
HGNC:8883,CDK14,CDK14,biolink:Gene,https://purl.humanatlas.io/graph/hra-pop
HGNC:8891,PGD,PGD,biolink:Gene,https://purl.humanatlas.io/graph/hra-pop
HGNC:8893,PGF,PGF,biolink:Gene,https://purl.humanatlas.io/graph/hra-pop
HGNC:8896,PGK1,PGK1,biolink:Gene,https://purl.humanatlas.io/graph/hra-pop
HGNC:89,ACADM,ACADM,biolink:Gene,https://purl.humanatlas.io/graph/hra-pop
HGNC:8908,PGM5,PGM5,biolink:Gene,https://purl.humanatlas.io/graph/hra-pop
HGNC:8909,PGP,PGP,biolink:Gene,https://purl.humanatlas.io/graph/hra-pop
HGNC:891,AUP1,AUP1,biolink:Gene,https://purl.humanatlas.io/graph/hra-pop
HGNC:8910,PGR,PGR,biolink:Gene,https://purl.humanatlas.io/graph/hra-pop
HGNC:8912,PHB1,PHB1,biolink:Gene,https://purl.humanatlas.io/graph/hra-pop
HGNC:8921,PHF3,PHF3,biolink:Gene,https://purl.humanatlas.io/graph/hra-pop
HGNC:8923,PHGDH,PHGDH,biolink:Gene,https://purl.humanatlas.io/graph/hra-pop
HGNC:8925,PHKA1,PHKA1,biolink:Gene,https://purl.humanatlas.io/graph/hra-pop
HGNC:8927,PHKB,PHKB,biolink:Gene,https://purl.humanatlas.io/graph/hra-pop
HGNC:8930,PHKG1,PHKG1,biolink:Gene,https://purl.humanatlas.io/graph/hra-pop
HGNC:8933,PHLDA1,PHLDA1,biolink:Gene,https://purl.humanatlas.io/graph/hra-pop
HGNC:8934,PHLDA3,PHLDA3,biolink:Gene,https://purl.humanatlas.io/graph/hra-pop
HGNC:8939,PHTF1,PHTF1,biolink:Gene,https://purl.humanatlas.io/graph/hra-pop
HGNC:8940,PHYH,PHYH,biolink:Gene,https://purl.humanatlas.io/graph/hra-pop
HGNC:8941,SERPINA1,SERPINA1,biolink:Gene,https://purl.humanatlas.io/graph/hra-pop
HGNC:8943,SERPINI1,SERPINI1,biolink:Gene,https://purl.humanatlas.io/graph/hra-pop
HGNC:8948,SERPINA4,SERPINA4,biolink:Gene,https://purl.humanatlas.io/graph/hra-pop
HGNC:8950,SERPINB6,SERPINB6,biolink:Gene,https://purl.humanatlas.io/graph/hra-pop
HGNC:8951,SERPINE2,SERPINE2,biolink:Gene,https://purl.humanatlas.io/graph/hra-pop
HGNC:8952,SERPINB8,SERPINB8,biolink:Gene,https://purl.humanatlas.io/graph/hra-pop
HGNC:8955,SERPINB9,SERPINB9,biolink:Gene,https://purl.humanatlas.io/graph/hra-pop
HGNC:8956,INPP5J,INPP5J,biolink:Gene,https://purl.humanatlas.io/graph/hra-pop
HGNC:8960,PIGC,PIGC,biolink:Gene,https://purl.humanatlas.io/graph/hra-pop
HGNC:8965,PIGK,PIGK,biolink:Gene,https://purl.humanatlas.io/graph/hra-pop
HGNC:8968,PIGR,PIGR,biolink:Gene,https://purl.humanatlas.io/graph/hra-pop
HGNC:897,AVPR2,AVPR2,biolink:Gene,https://purl.humanatlas.io/graph/hra-pop
HGNC:8971,PIK3C2A,PIK3C2A,biolink:Gene,https://purl.humanatlas.io/graph/hra-pop
HGNC:8972,PIK3C2B,PIK3C2B,biolink:Gene,https://purl.humanatlas.io/graph/hra-pop
HGNC:8973,PIK3C2G,PIK3C2G,biolink:Gene,https://purl.humanatlas.io/graph/hra-pop
HGNC:8974,PIK3C3,PIK3C3,biolink:Gene,https://purl.humanatlas.io/graph/hra-pop
HGNC:8975,PIK3CA,PIK3CA,biolink:Gene,https://purl.humanatlas.io/graph/hra-pop
HGNC:8976,PIK3CB,PIK3CB,biolink:Gene,https://purl.humanatlas.io/graph/hra-pop
HGNC:8977,PIK3CD,PIK3CD,biolink:Gene,https://purl.humanatlas.io/graph/hra-pop
HGNC:8979,PIK3R1,PIK3R1,biolink:Gene,https://purl.humanatlas.io/graph/hra-pop
HGNC:8981,PIK3R3,PIK3R3,biolink:Gene,https://purl.humanatlas.io/graph/hra-pop
HGNC:8986,PIM1,PIM1,biolink:Gene,https://purl.humanatlas.io/graph/hra-pop
HGNC:8987,PIM2,PIM2,biolink:Gene,https://purl.humanatlas.io/graph/hra-pop
HGNC:8992,PIN4,PIN4,biolink:Gene,https://purl.humanatlas.io/graph/hra-pop
HGNC:8994,PIP5K1A,PIP5K1A,biolink:Gene,https://purl.humanatlas.io/graph/hra-pop
HGNC:8995,PIP5K1B,PIP5K1B,biolink:Gene,https://purl.humanatlas.io/graph/hra-pop
HGNC:8996,PIP5K1C,PIP5K1C,biolink:Gene,https://purl.humanatlas.io/graph/hra-pop
HGNC:8997,PIP4K2A,PIP4K2A,biolink:Gene,https://purl.humanatlas.io/graph/hra-pop
HGNC:8998,PIP4K2B,PIP4K2B,biolink:Gene,https://purl.humanatlas.io/graph/hra-pop
HGNC:90,ACADS,ACADS,biolink:Gene,https://purl.humanatlas.io/graph/hra-pop
HGNC:9001,PITPNA,PITPNA,biolink:Gene,https://purl.humanatlas.io/graph/hra-pop
HGNC:9008,PKD1,PKD1,biolink:Gene,https://purl.humanatlas.io/graph/hra-pop
HGNC:9009,PKD2,PKD2,biolink:Gene,https://purl.humanatlas.io/graph/hra-pop
HGNC:9016,PKHD1,PKHD1,biolink:Gene,https://purl.humanatlas.io/graph/hra-pop
HGNC:9017,PKIA,PKIA,biolink:Gene,https://purl.humanatlas.io/graph/hra-pop
HGNC:9018,PKIB,PKIB,biolink:Gene,https://purl.humanatlas.io/graph/hra-pop
HGNC:9019,PKIG,PKIG,biolink:Gene,https://purl.humanatlas.io/graph/hra-pop
HGNC:9021,PKM,PKM,biolink:Gene,https://purl.humanatlas.io/graph/hra-pop
HGNC:9022,PKNOX1,PKNOX1,biolink:Gene,https://purl.humanatlas.io/graph/hra-pop
HGNC:9024,PKP2,PKP2,biolink:Gene,https://purl.humanatlas.io/graph/hra-pop
HGNC:9026,PKP4,PKP4,biolink:Gene,https://purl.humanatlas.io/graph/hra-pop
HGNC:903,AXIN1,AXIN1,biolink:Gene,https://purl.humanatlas.io/graph/hra-pop
HGNC:9031,PLA2G2A,PLA2G2A,biolink:Gene,https://purl.humanatlas.io/graph/hra-pop
HGNC:9035,PLA2G4A,PLA2G4A,biolink:Gene,https://purl.humanatlas.io/graph/hra-pop
HGNC:9037,PLA2G4C,PLA2G4C,biolink:Gene,https://purl.humanatlas.io/graph/hra-pop
HGNC:9039,PLA2G6,PLA2G6,biolink:Gene,https://purl.humanatlas.io/graph/hra-pop
HGNC:904,AXIN2,AXIN2,biolink:Gene,https://purl.humanatlas.io/graph/hra-pop
HGNC:9042,PLA2R1,PLA2R1,biolink:Gene,https://purl.humanatlas.io/graph/hra-pop
HGNC:9044,PLAC1,PLAC1,biolink:Gene,https://purl.humanatlas.io/graph/hra-pop
HGNC:9046,PLAGL1,PLAGL1,biolink:Gene,https://purl.humanatlas.io/graph/hra-pop
HGNC:905,AXL,AXL,biolink:Gene,https://purl.humanatlas.io/graph/hra-pop
HGNC:9051,PLAT,PLAT,biolink:Gene,https://purl.humanatlas.io/graph/hra-pop
HGNC:9052,PLAU,PLAU,biolink:Gene,https://purl.humanatlas.io/graph/hra-pop
HGNC:9053,PLAUR,PLAUR,biolink:Gene,https://purl.humanatlas.io/graph/hra-pop
HGNC:9055,PLCB2,PLCB2,biolink:Gene,https://purl.humanatlas.io/graph/hra-pop
HGNC:9057,PPP1R14B,PPP1R14B,biolink:Gene,https://purl.humanatlas.io/graph/hra-pop
HGNC:9059,PLCB4,PLCB4,biolink:Gene,https://purl.humanatlas.io/graph/hra-pop
HGNC:9062,PLCD4,PLCD4,biolink:Gene,https://purl.humanatlas.io/graph/hra-pop
HGNC:9063,PLCL1,PLCL1,biolink:Gene,https://purl.humanatlas.io/graph/hra-pop
HGNC:9064,PLCL2,PLCL2,biolink:Gene,https://purl.humanatlas.io/graph/hra-pop
HGNC:9066,PLCG2,PLCG2,biolink:Gene,https://purl.humanatlas.io/graph/hra-pop
HGNC:9067,PLD1,PLD1,biolink:Gene,https://purl.humanatlas.io/graph/hra-pop
HGNC:9069,PLEC,PLEC,biolink:Gene,https://purl.humanatlas.io/graph/hra-pop
HGNC:9070,PLEK,PLEK,biolink:Gene,https://purl.humanatlas.io/graph/hra-pop
HGNC:9071,PLG,PLG,biolink:Gene,https://purl.humanatlas.io/graph/hra-pop
HGNC:9075,SERPINF2,SERPINF2,biolink:Gene,https://purl.humanatlas.io/graph/hra-pop
HGNC:9080,PLN,PLN,biolink:Gene,https://purl.humanatlas.io/graph/hra-pop
HGNC:9082,PLOD2,PLOD2,biolink:Gene,https://purl.humanatlas.io/graph/hra-pop
HGNC:9083,PLOD3,PLOD3,biolink:Gene,https://purl.humanatlas.io/graph/hra-pop
HGNC:9087,PLP2,PLP2,biolink:Gene,https://purl.humanatlas.io/graph/hra-pop
HGNC:9089,PLRG1,PLRG1,biolink:Gene,https://purl.humanatlas.io/graph/hra-pop
HGNC:9091,PLS3,PLS3,biolink:Gene,https://purl.humanatlas.io/graph/hra-pop
HGNC:9092,PLSCR1,PLSCR1,biolink:Gene,https://purl.humanatlas.io/graph/hra-pop
HGNC:9093,PLTP,PLTP,biolink:Gene,https://purl.humanatlas.io/graph/hra-pop
HGNC:910,AZGP1,AZGP1,biolink:Gene,https://purl.humanatlas.io/graph/hra-pop
HGNC:9100,PLXNA2,PLXNA2,biolink:Gene,https://purl.humanatlas.io/graph/hra-pop
HGNC:9102,PLXNA4,PLXNA4,biolink:Gene,https://purl.humanatlas.io/graph/hra-pop
HGNC:9103,PLXNB1,PLXNB1,biolink:Gene,https://purl.humanatlas.io/graph/hra-pop
HGNC:9104,PLXNB2,PLXNB2,biolink:Gene,https://purl.humanatlas.io/graph/hra-pop
HGNC:9106,PLXNC1,PLXNC1,biolink:Gene,https://purl.humanatlas.io/graph/hra-pop
HGNC:9107,PLXND1,PLXND1,biolink:Gene,https://purl.humanatlas.io/graph/hra-pop
HGNC:9108,PMAIP1,PMAIP1,biolink:Gene,https://purl.humanatlas.io/graph/hra-pop
HGNC:9115,PMM2,PMM2,biolink:Gene,https://purl.humanatlas.io/graph/hra-pop
HGNC:9117,PMP2,PMP2,biolink:Gene,https://purl.humanatlas.io/graph/hra-pop
HGNC:9118,PMP22,PMP22,biolink:Gene,https://purl.humanatlas.io/graph/hra-pop
HGNC:9119,PMPCB,PMPCB,biolink:Gene,https://purl.humanatlas.io/graph/hra-pop
HGNC:9123,PMS2P1,PMS2P1,biolink:Gene,https://purl.humanatlas.io/graph/hra-pop
HGNC:9128,PMS2P3,PMS2P3,biolink:Gene,https://purl.humanatlas.io/graph/hra-pop
HGNC:914,B2M,B2M,biolink:Gene,https://purl.humanatlas.io/graph/hra-pop
HGNC:9141,PMVK,PMVK,biolink:Gene,https://purl.humanatlas.io/graph/hra-pop
HGNC:9142,PRRX1,PRRX1,biolink:Gene,https://purl.humanatlas.io/graph/hra-pop
HGNC:9153,PNKD,PNKD,biolink:Gene,https://purl.humanatlas.io/graph/hra-pop
HGNC:9163,PNOC,PNOC,biolink:Gene,https://purl.humanatlas.io/graph/hra-pop
HGNC:9165,SEPTIN4,SEPTIN4,biolink:Gene,https://purl.humanatlas.io/graph/hra-pop
HGNC:917,B3GALT2,B3GALT2,biolink:Gene,https://purl.humanatlas.io/graph/hra-pop
HGNC:9171,PODXL,PODXL,biolink:Gene,https://purl.humanatlas.io/graph/hra-pop
HGNC:9174,POLB,POLB,biolink:Gene,https://purl.humanatlas.io/graph/hra-pop
HGNC:9175,POLD1,POLD1,biolink:Gene,https://purl.humanatlas.io/graph/hra-pop
HGNC:9176,POLD2,POLD2,biolink:Gene,https://purl.humanatlas.io/graph/hra-pop
HGNC:9177,POLE,POLE,biolink:Gene,https://purl.humanatlas.io/graph/hra-pop
HGNC:9180,POLG2,POLG2,biolink:Gene,https://purl.humanatlas.io/graph/hra-pop
HGNC:9182,POLI,POLI,biolink:Gene,https://purl.humanatlas.io/graph/hra-pop
HGNC:9183,POLK,POLK,biolink:Gene,https://purl.humanatlas.io/graph/hra-pop
HGNC:9184,POLL,POLL,biolink:Gene,https://purl.humanatlas.io/graph/hra-pop
HGNC:9187,POLR2A,POLR2A,biolink:Gene,https://purl.humanatlas.io/graph/hra-pop
HGNC:9188,POLR2B,POLR2B,biolink:Gene,https://purl.humanatlas.io/graph/hra-pop
HGNC:919,B3GALT4,B3GALT4,biolink:Gene,https://purl.humanatlas.io/graph/hra-pop
HGNC:9192,POLR2E,POLR2E,biolink:Gene,https://purl.humanatlas.io/graph/hra-pop
HGNC:9194,POLR2G,POLR2G,biolink:Gene,https://purl.humanatlas.io/graph/hra-pop
HGNC:9195,POLR2H,POLR2H,biolink:Gene,https://purl.humanatlas.io/graph/hra-pop
HGNC:9196,POLR2I,POLR2I,biolink:Gene,https://purl.humanatlas.io/graph/hra-pop
HGNC:9197,POLR2J,POLR2J,biolink:Gene,https://purl.humanatlas.io/graph/hra-pop
HGNC:9198,POLR2K,POLR2K,biolink:Gene,https://purl.humanatlas.io/graph/hra-pop
HGNC:9199,POLR2L,POLR2L,biolink:Gene,https://purl.humanatlas.io/graph/hra-pop
HGNC:92,ACADVL,ACADVL,biolink:Gene,https://purl.humanatlas.io/graph/hra-pop
HGNC:9203,POMZP3,POMZP3,biolink:Gene,https://purl.humanatlas.io/graph/hra-pop
HGNC:9205,PON2,PON2,biolink:Gene,https://purl.humanatlas.io/graph/hra-pop
HGNC:9208,POR,POR,biolink:Gene,https://purl.humanatlas.io/graph/hra-pop
HGNC:9211,POU2AF1,POU2AF1,biolink:Gene,https://purl.humanatlas.io/graph/hra-pop
HGNC:9212,POU2F1,POU2F1,biolink:Gene,https://purl.humanatlas.io/graph/hra-pop
HGNC:9213,POU2F2,POU2F2,biolink:Gene,https://purl.humanatlas.io/graph/hra-pop
HGNC:9216,POU3F3,POU3F3,biolink:Gene,https://purl.humanatlas.io/graph/hra-pop
HGNC:9221,POU5F1,POU5F1,biolink:Gene,https://purl.humanatlas.io/graph/hra-pop
HGNC:9226,PPA1,PPA1,biolink:Gene,https://purl.humanatlas.io/graph/hra-pop
HGNC:9227,PPAN,PPAN,biolink:Gene,https://purl.humanatlas.io/graph/hra-pop
HGNC:9228,PLPP1,PLPP1,biolink:Gene,https://purl.humanatlas.io/graph/hra-pop
HGNC:9229,PLPP3,PLPP3,biolink:Gene,https://purl.humanatlas.io/graph/hra-pop
HGNC:923,B3GAT3,B3GAT3,biolink:Gene,https://purl.humanatlas.io/graph/hra-pop
HGNC:9230,PLPP2,PLPP2,biolink:Gene,https://purl.humanatlas.io/graph/hra-pop
HGNC:9232,PPARA,PPARA,biolink:Gene,https://purl.humanatlas.io/graph/hra-pop
HGNC:9234,MED1,MED1,biolink:Gene,https://purl.humanatlas.io/graph/hra-pop
HGNC:9236,PPARG,PPARG,biolink:Gene,https://purl.humanatlas.io/graph/hra-pop
HGNC:9237,PPARGC1A,PPARGC1A,biolink:Gene,https://purl.humanatlas.io/graph/hra-pop
HGNC:924,B4GALT1,B4GALT1,biolink:Gene,https://purl.humanatlas.io/graph/hra-pop
HGNC:9240,PPBP,PPBP,biolink:Gene,https://purl.humanatlas.io/graph/hra-pop
HGNC:9245,PPFIA1,PPFIA1,biolink:Gene,https://purl.humanatlas.io/graph/hra-pop
HGNC:9246,PPFIA2,PPFIA2,biolink:Gene,https://purl.humanatlas.io/graph/hra-pop
HGNC:9248,PPFIA4,PPFIA4,biolink:Gene,https://purl.humanatlas.io/graph/hra-pop
HGNC:9249,PPFIBP1,PPFIBP1,biolink:Gene,https://purl.humanatlas.io/graph/hra-pop
HGNC:9250,PPFIBP2,PPFIBP2,biolink:Gene,https://purl.humanatlas.io/graph/hra-pop
HGNC:9251,CTSA,CTSA,biolink:Gene,https://purl.humanatlas.io/graph/hra-pop
HGNC:9253,PPIA,PPIA,biolink:Gene,https://purl.humanatlas.io/graph/hra-pop
HGNC:9255,PPIB,PPIB,biolink:Gene,https://purl.humanatlas.io/graph/hra-pop
HGNC:9256,PPIC,PPIC,biolink:Gene,https://purl.humanatlas.io/graph/hra-pop
HGNC:9257,PPID,PPID,biolink:Gene,https://purl.humanatlas.io/graph/hra-pop
HGNC:9258,PPIE,PPIE,biolink:Gene,https://purl.humanatlas.io/graph/hra-pop
HGNC:9259,PPIF,PPIF,biolink:Gene,https://purl.humanatlas.io/graph/hra-pop
HGNC:9262,PPIL3,PPIL3,biolink:Gene,https://purl.humanatlas.io/graph/hra-pop
HGNC:9268,PPIAP15,PPIAP15,biolink:Gene,https://purl.humanatlas.io/graph/hra-pop
HGNC:9269,PPIAP16,PPIAP16,biolink:Gene,https://purl.humanatlas.io/graph/hra-pop
HGNC:9275,PPM1A,PPM1A,biolink:Gene,https://purl.humanatlas.io/graph/hra-pop
HGNC:928,B4GALT5,B4GALT5,biolink:Gene,https://purl.humanatlas.io/graph/hra-pop
HGNC:9280,PPOX,PPOX,biolink:Gene,https://purl.humanatlas.io/graph/hra-pop
HGNC:9281,PPP1CA,PPP1CA,biolink:Gene,https://purl.humanatlas.io/graph/hra-pop
HGNC:9282,PPP1CB,PPP1CB,biolink:Gene,https://purl.humanatlas.io/graph/hra-pop
HGNC:9284,PPP1R10,PPP1R10,biolink:Gene,https://purl.humanatlas.io/graph/hra-pop
HGNC:9286,PPP1R1A,PPP1R1A,biolink:Gene,https://purl.humanatlas.io/graph/hra-pop
HGNC:9288,PPP1R2,PPP1R2,biolink:Gene,https://purl.humanatlas.io/graph/hra-pop
HGNC:929,B4GALT6,B4GALT6,biolink:Gene,https://purl.humanatlas.io/graph/hra-pop
HGNC:9293,PPP1R3C,PPP1R3C,biolink:Gene,https://purl.humanatlas.io/graph/hra-pop
HGNC:93,ACAT1,ACAT1,biolink:Gene,https://purl.humanatlas.io/graph/hra-pop
HGNC:9302,PPP2R1A,PPP2R1A,biolink:Gene,https://purl.humanatlas.io/graph/hra-pop
HGNC:9303,PPP2R1B,PPP2R1B,biolink:Gene,https://purl.humanatlas.io/graph/hra-pop
HGNC:9304,PPP2R2A,PPP2R2A,biolink:Gene,https://purl.humanatlas.io/graph/hra-pop
HGNC:9305,PPP2R2B,PPP2R2B,biolink:Gene,https://purl.humanatlas.io/graph/hra-pop
HGNC:9307,PPP2R3A,PPP2R3A,biolink:Gene,https://purl.humanatlas.io/graph/hra-pop
HGNC:9309,PPP2R5A,PPP2R5A,biolink:Gene,https://purl.humanatlas.io/graph/hra-pop
HGNC:9311,PPP2R5C,PPP2R5C,biolink:Gene,https://purl.humanatlas.io/graph/hra-pop
HGNC:9313,PPP2R5E,PPP2R5E,biolink:Gene,https://purl.humanatlas.io/graph/hra-pop
HGNC:9314,PPP3CA,PPP3CA,biolink:Gene,https://purl.humanatlas.io/graph/hra-pop
HGNC:9315,PPP3CB,PPP3CB,biolink:Gene,https://purl.humanatlas.io/graph/hra-pop
HGNC:9316,PPP3CC,PPP3CC,biolink:Gene,https://purl.humanatlas.io/graph/hra-pop
HGNC:9317,PPP3R1,PPP3R1,biolink:Gene,https://purl.humanatlas.io/graph/hra-pop
HGNC:9319,PPP4C,PPP4C,biolink:Gene,https://purl.humanatlas.io/graph/hra-pop
HGNC:9320,PPP4R1,PPP4R1,biolink:Gene,https://purl.humanatlas.io/graph/hra-pop
HGNC:9326,PPT2,PPT2,biolink:Gene,https://purl.humanatlas.io/graph/hra-pop
HGNC:934,BACE2,BACE2,biolink:Gene,https://purl.humanatlas.io/graph/hra-pop
HGNC:9343,PRCC,PRCC,biolink:Gene,https://purl.humanatlas.io/graph/hra-pop
HGNC:9344,PRCP,PRCP,biolink:Gene,https://purl.humanatlas.io/graph/hra-pop
HGNC:9346,PRDM1,PRDM1,biolink:Gene,https://purl.humanatlas.io/graph/hra-pop
HGNC:9347,PRDM2,PRDM2,biolink:Gene,https://purl.humanatlas.io/graph/hra-pop
HGNC:9349,PRDM5,PRDM5,biolink:Gene,https://purl.humanatlas.io/graph/hra-pop
HGNC:935,BACH1,BACH1,biolink:Gene,https://purl.humanatlas.io/graph/hra-pop
HGNC:9352,PRDX1,PRDX1,biolink:Gene,https://purl.humanatlas.io/graph/hra-pop
HGNC:9353,PRDX2,PRDX2,biolink:Gene,https://purl.humanatlas.io/graph/hra-pop
HGNC:9354,PRDX3,PRDX3,biolink:Gene,https://purl.humanatlas.io/graph/hra-pop
HGNC:9355,PRDX5,PRDX5,biolink:Gene,https://purl.humanatlas.io/graph/hra-pop
HGNC:9357,PRELP,PRELP,biolink:Gene,https://purl.humanatlas.io/graph/hra-pop
HGNC:9358,PREP,PREP,biolink:Gene,https://purl.humanatlas.io/graph/hra-pop
HGNC:9359,SLC26A5,SLC26A5,biolink:Gene,https://purl.humanatlas.io/graph/hra-pop
HGNC:936,BAD,BAD,biolink:Gene,https://purl.humanatlas.io/graph/hra-pop
HGNC:9360,PRF1,PRF1,biolink:Gene,https://purl.humanatlas.io/graph/hra-pop
HGNC:9361,SRGN,SRGN,biolink:Gene,https://purl.humanatlas.io/graph/hra-pop
HGNC:937,BAG1,BAG1,biolink:Gene,https://purl.humanatlas.io/graph/hra-pop
HGNC:9370,PRIM2,PRIM2,biolink:Gene,https://purl.humanatlas.io/graph/hra-pop
HGNC:9377,PRKAA2,PRKAA2,biolink:Gene,https://purl.humanatlas.io/graph/hra-pop
HGNC:9379,PRKAB2,PRKAB2,biolink:Gene,https://purl.humanatlas.io/graph/hra-pop
HGNC:9381,PRKACB,PRKACB,biolink:Gene,https://purl.humanatlas.io/graph/hra-pop
HGNC:9386,PRKAG2,PRKAG2,biolink:Gene,https://purl.humanatlas.io/graph/hra-pop
HGNC:9388,PRKAR1A,PRKAR1A,biolink:Gene,https://purl.humanatlas.io/graph/hra-pop
HGNC:9393,PRKCA,PRKCA,biolink:Gene,https://purl.humanatlas.io/graph/hra-pop
HGNC:9395,PRKCB,PRKCB,biolink:Gene,https://purl.humanatlas.io/graph/hra-pop
HGNC:9397,ZMYND8,ZMYND8,biolink:Gene,https://purl.humanatlas.io/graph/hra-pop
HGNC:9399,PRKCD,PRKCD,biolink:Gene,https://purl.humanatlas.io/graph/hra-pop
HGNC:9401,PRKCE,PRKCE,biolink:Gene,https://purl.humanatlas.io/graph/hra-pop
HGNC:9403,PRKCH,PRKCH,biolink:Gene,https://purl.humanatlas.io/graph/hra-pop
HGNC:9404,PRKCI,PRKCI,biolink:Gene,https://purl.humanatlas.io/graph/hra-pop
HGNC:9405,PKN1,PKN1,biolink:Gene,https://purl.humanatlas.io/graph/hra-pop
HGNC:9406,PKN2,PKN2,biolink:Gene,https://purl.humanatlas.io/graph/hra-pop
HGNC:9407,PRKD1,PRKD1,biolink:Gene,https://purl.humanatlas.io/graph/hra-pop
HGNC:9410,PRKCQ,PRKCQ,biolink:Gene,https://purl.humanatlas.io/graph/hra-pop
HGNC:9411,PRKCSH,PRKCSH,biolink:Gene,https://purl.humanatlas.io/graph/hra-pop
HGNC:9413,PRKDC,PRKDC,biolink:Gene,https://purl.humanatlas.io/graph/hra-pop
HGNC:9414,PRKG1,PRKG1,biolink:Gene,https://purl.humanatlas.io/graph/hra-pop
HGNC:9437,EIF2AK2,EIF2AK2,biolink:Gene,https://purl.humanatlas.io/graph/hra-pop
HGNC:9439,DNAJC3,DNAJC3,biolink:Gene,https://purl.humanatlas.io/graph/hra-pop
HGNC:944,ADGRB2,ADGRB2,biolink:Gene,https://purl.humanatlas.io/graph/hra-pop
HGNC:9441,PRKX,PRKX,biolink:Gene,https://purl.humanatlas.io/graph/hra-pop
HGNC:9444,PRKY,PRKY,biolink:Gene,https://purl.humanatlas.io/graph/hra-pop
HGNC:9445,PRL,PRL,biolink:Gene,https://purl.humanatlas.io/graph/hra-pop
HGNC:9446,PRLR,PRLR,biolink:Gene,https://purl.humanatlas.io/graph/hra-pop
HGNC:9449,PRNP,PRNP,biolink:Gene,https://purl.humanatlas.io/graph/hra-pop
HGNC:945,ADGRB3,ADGRB3,biolink:Gene,https://purl.humanatlas.io/graph/hra-pop
HGNC:9452,PROCR,PROCR,biolink:Gene,https://purl.humanatlas.io/graph/hra-pop
HGNC:9454,PROM1,PROM1,biolink:Gene,https://purl.humanatlas.io/graph/hra-pop
HGNC:9456,PROS1,PROS1,biolink:Gene,https://purl.humanatlas.io/graph/hra-pop
HGNC:9457,PLPBP,PLPBP,biolink:Gene,https://purl.humanatlas.io/graph/hra-pop
HGNC:9459,PROX1,PROX1,biolink:Gene,https://purl.humanatlas.io/graph/hra-pop
HGNC:946,MAGI1,MAGI1,biolink:Gene,https://purl.humanatlas.io/graph/hra-pop
HGNC:9465,PRPS2,PRPS2,biolink:Gene,https://purl.humanatlas.io/graph/hra-pop
HGNC:947,BAIAP2,BAIAP2,biolink:Gene,https://purl.humanatlas.io/graph/hra-pop
HGNC:9470,PRRG2,PRRG2,biolink:Gene,https://purl.humanatlas.io/graph/hra-pop
HGNC:9472,LGMN,LGMN,biolink:Gene,https://purl.humanatlas.io/graph/hra-pop
HGNC:9476,HTRA1,HTRA1,biolink:Gene,https://purl.humanatlas.io/graph/hra-pop
HGNC:9480,PRSS16,PRSS16,biolink:Gene,https://purl.humanatlas.io/graph/hra-pop
HGNC:949,BAK1,BAK1,biolink:Gene,https://purl.humanatlas.io/graph/hra-pop
HGNC:9491,PRSS8,PRSS8,biolink:Gene,https://purl.humanatlas.io/graph/hra-pop
HGNC:9498,PSAP,PSAP,biolink:Gene,https://purl.humanatlas.io/graph/hra-pop
HGNC:95,SLC33A1,SLC33A1,biolink:Gene,https://purl.humanatlas.io/graph/hra-pop
HGNC:9500,PSCA,PSCA,biolink:Gene,https://purl.humanatlas.io/graph/hra-pop
HGNC:9501,CYTH1,CYTH1,biolink:Gene,https://purl.humanatlas.io/graph/hra-pop
HGNC:9504,CYTH3,CYTH3,biolink:Gene,https://purl.humanatlas.io/graph/hra-pop
HGNC:9505,CYTH4,CYTH4,biolink:Gene,https://purl.humanatlas.io/graph/hra-pop
HGNC:9506,CYTIP,CYTIP,biolink:Gene,https://purl.humanatlas.io/graph/hra-pop
HGNC:9508,PSEN1,PSEN1,biolink:Gene,https://purl.humanatlas.io/graph/hra-pop
HGNC:952,BARD1,BARD1,biolink:Gene,https://purl.humanatlas.io/graph/hra-pop
HGNC:9529,PSKH1,PSKH1,biolink:Gene,https://purl.humanatlas.io/graph/hra-pop
HGNC:9530,PSMA1,PSMA1,biolink:Gene,https://purl.humanatlas.io/graph/hra-pop
HGNC:9531,PSMA2,PSMA2,biolink:Gene,https://purl.humanatlas.io/graph/hra-pop
HGNC:9533,PSMA4,PSMA4,biolink:Gene,https://purl.humanatlas.io/graph/hra-pop
HGNC:9534,PSMA5,PSMA5,biolink:Gene,https://purl.humanatlas.io/graph/hra-pop
HGNC:9535,PSMA6,PSMA6,biolink:Gene,https://purl.humanatlas.io/graph/hra-pop
HGNC:9536,PSMA7,PSMA7,biolink:Gene,https://purl.humanatlas.io/graph/hra-pop
HGNC:9537,PSMB1,PSMB1,biolink:Gene,https://purl.humanatlas.io/graph/hra-pop
HGNC:9538,PSMB10,PSMB10,biolink:Gene,https://purl.humanatlas.io/graph/hra-pop
HGNC:9539,PSMB2,PSMB2,biolink:Gene,https://purl.humanatlas.io/graph/hra-pop
HGNC:9540,PSMB3,PSMB3,biolink:Gene,https://purl.humanatlas.io/graph/hra-pop
HGNC:9541,PSMB4,PSMB4,biolink:Gene,https://purl.humanatlas.io/graph/hra-pop
HGNC:9542,PSMB5,PSMB5,biolink:Gene,https://purl.humanatlas.io/graph/hra-pop
HGNC:9543,PSMB6,PSMB6,biolink:Gene,https://purl.humanatlas.io/graph/hra-pop
HGNC:9545,PSMB8,PSMB8,biolink:Gene,https://purl.humanatlas.io/graph/hra-pop
HGNC:9546,PSMB9,PSMB9,biolink:Gene,https://purl.humanatlas.io/graph/hra-pop
HGNC:9548,PSMC2,PSMC2,biolink:Gene,https://purl.humanatlas.io/graph/hra-pop
HGNC:9549,PSMC3,PSMC3,biolink:Gene,https://purl.humanatlas.io/graph/hra-pop
HGNC:9552,PSMC5,PSMC5,biolink:Gene,https://purl.humanatlas.io/graph/hra-pop
HGNC:9553,PSMC6,PSMC6,biolink:Gene,https://purl.humanatlas.io/graph/hra-pop
HGNC:9554,PSMD1,PSMD1,biolink:Gene,https://purl.humanatlas.io/graph/hra-pop
HGNC:9556,PSMD11,PSMD11,biolink:Gene,https://purl.humanatlas.io/graph/hra-pop
HGNC:9557,PSMD12,PSMD12,biolink:Gene,https://purl.humanatlas.io/graph/hra-pop
HGNC:9558,PSMD13,PSMD13,biolink:Gene,https://purl.humanatlas.io/graph/hra-pop
HGNC:956,BARX2,BARX2,biolink:Gene,https://purl.humanatlas.io/graph/hra-pop
HGNC:9563,PSMD5,PSMD5,biolink:Gene,https://purl.humanatlas.io/graph/hra-pop
HGNC:9564,PSMD6,PSMD6,biolink:Gene,https://purl.humanatlas.io/graph/hra-pop
HGNC:9566,PSMD8,PSMD8,biolink:Gene,https://purl.humanatlas.io/graph/hra-pop
HGNC:9568,PSME1,PSME1,biolink:Gene,https://purl.humanatlas.io/graph/hra-pop
HGNC:957,BASP1,BASP1,biolink:Gene,https://purl.humanatlas.io/graph/hra-pop
HGNC:9570,PSME3,PSME3,biolink:Gene,https://purl.humanatlas.io/graph/hra-pop
HGNC:9577,PSPH,PSPH,biolink:Gene,https://purl.humanatlas.io/graph/hra-pop
HGNC:9579,PSPN,PSPN,biolink:Gene,https://purl.humanatlas.io/graph/hra-pop
HGNC:9581,PSTPIP2,PSTPIP2,biolink:Gene,https://purl.humanatlas.io/graph/hra-pop
HGNC:9582,PTAFR,PTAFR,biolink:Gene,https://purl.humanatlas.io/graph/hra-pop
HGNC:9583,PTBP1,PTBP1,biolink:Gene,https://purl.humanatlas.io/graph/hra-pop
HGNC:9588,PTEN,PTEN,biolink:Gene,https://purl.humanatlas.io/graph/hra-pop
HGNC:9589,PTENP1,PTENP1,biolink:Gene,https://purl.humanatlas.io/graph/hra-pop
HGNC:959,BAX,BAX,biolink:Gene,https://purl.humanatlas.io/graph/hra-pop
HGNC:9590,PTER,PTER,biolink:Gene,https://purl.humanatlas.io/graph/hra-pop
HGNC:9591,PTGDR,PTGDR,biolink:Gene,https://purl.humanatlas.io/graph/hra-pop
HGNC:9592,PTGDS,PTGDS,biolink:Gene,https://purl.humanatlas.io/graph/hra-pop
HGNC:9593,PTGER1,PTGER1,biolink:Gene,https://purl.humanatlas.io/graph/hra-pop
HGNC:9594,PTGER2,PTGER2,biolink:Gene,https://purl.humanatlas.io/graph/hra-pop
HGNC:9595,PTGER3,PTGER3,biolink:Gene,https://purl.humanatlas.io/graph/hra-pop
HGNC:960,BAZ1A,BAZ1A,biolink:Gene,https://purl.humanatlas.io/graph/hra-pop
HGNC:9600,PTGFR,PTGFR,biolink:Gene,https://purl.humanatlas.io/graph/hra-pop
HGNC:9602,PTGIR,PTGIR,biolink:Gene,https://purl.humanatlas.io/graph/hra-pop
HGNC:9603,PTGIS,PTGIS,biolink:Gene,https://purl.humanatlas.io/graph/hra-pop
HGNC:9604,PTGS1,PTGS1,biolink:Gene,https://purl.humanatlas.io/graph/hra-pop
HGNC:9605,PTGS2,PTGS2,biolink:Gene,https://purl.humanatlas.io/graph/hra-pop
HGNC:9608,PTH1R,PTH1R,biolink:Gene,https://purl.humanatlas.io/graph/hra-pop
HGNC:9609,PTH2R,PTH2R,biolink:Gene,https://purl.humanatlas.io/graph/hra-pop
HGNC:961,BAZ1B,BAZ1B,biolink:Gene,https://purl.humanatlas.io/graph/hra-pop
HGNC:9611,PTK2,PTK2,biolink:Gene,https://purl.humanatlas.io/graph/hra-pop
HGNC:9612,PTK2B,PTK2B,biolink:Gene,https://purl.humanatlas.io/graph/hra-pop
HGNC:9618,PTK7,PTK7,biolink:Gene,https://purl.humanatlas.io/graph/hra-pop
HGNC:9623,PTMA,PTMA,biolink:Gene,https://purl.humanatlas.io/graph/hra-pop
HGNC:9625,PTMAP2,PTMAP2,biolink:Gene,https://purl.humanatlas.io/graph/hra-pop
HGNC:9628,PTMAP5,PTMAP5,biolink:Gene,https://purl.humanatlas.io/graph/hra-pop
HGNC:9629,PTMS,PTMS,biolink:Gene,https://purl.humanatlas.io/graph/hra-pop
HGNC:963,BAZ2B,BAZ2B,biolink:Gene,https://purl.humanatlas.io/graph/hra-pop
HGNC:9630,PTN,PTN,biolink:Gene,https://purl.humanatlas.io/graph/hra-pop
HGNC:9632,PTOV1,PTOV1,biolink:Gene,https://purl.humanatlas.io/graph/hra-pop
HGNC:9634,PTP4A1,PTP4A1,biolink:Gene,https://purl.humanatlas.io/graph/hra-pop
HGNC:9635,PTP4A2,PTP4A2,biolink:Gene,https://purl.humanatlas.io/graph/hra-pop
HGNC:964,BBOX1,BBOX1,biolink:Gene,https://purl.humanatlas.io/graph/hra-pop
HGNC:9642,PTPN1,PTPN1,biolink:Gene,https://purl.humanatlas.io/graph/hra-pop
HGNC:9644,PTPN11,PTPN11,biolink:Gene,https://purl.humanatlas.io/graph/hra-pop
HGNC:9645,PTPN12,PTPN12,biolink:Gene,https://purl.humanatlas.io/graph/hra-pop
HGNC:9646,PTPN13,PTPN13,biolink:Gene,https://purl.humanatlas.io/graph/hra-pop
HGNC:9647,PTPN14,PTPN14,biolink:Gene,https://purl.humanatlas.io/graph/hra-pop
HGNC:9649,PTPN18,PTPN18,biolink:Gene,https://purl.humanatlas.io/graph/hra-pop
HGNC:9650,PTPN2,PTPN2,biolink:Gene,https://purl.humanatlas.io/graph/hra-pop
HGNC:9651,PTPN21,PTPN21,biolink:Gene,https://purl.humanatlas.io/graph/hra-pop
HGNC:9652,PTPN22,PTPN22,biolink:Gene,https://purl.humanatlas.io/graph/hra-pop
HGNC:9655,PTPN3,PTPN3,biolink:Gene,https://purl.humanatlas.io/graph/hra-pop
HGNC:9656,PTPN4,PTPN4,biolink:Gene,https://purl.humanatlas.io/graph/hra-pop
HGNC:9661,PTPN9,PTPN9,biolink:Gene,https://purl.humanatlas.io/graph/hra-pop
HGNC:9664,PTPRA,PTPRA,biolink:Gene,https://purl.humanatlas.io/graph/hra-pop
HGNC:9665,PTPRB,PTPRB,biolink:Gene,https://purl.humanatlas.io/graph/hra-pop
HGNC:9666,PTPRC,PTPRC,biolink:Gene,https://purl.humanatlas.io/graph/hra-pop
HGNC:9667,PTPRCAP,PTPRCAP,biolink:Gene,https://purl.humanatlas.io/graph/hra-pop
HGNC:9668,PTPRD,PTPRD,biolink:Gene,https://purl.humanatlas.io/graph/hra-pop
HGNC:9669,PTPRE,PTPRE,biolink:Gene,https://purl.humanatlas.io/graph/hra-pop
HGNC:9670,PTPRF,PTPRF,biolink:Gene,https://purl.humanatlas.io/graph/hra-pop
HGNC:9671,PTPRG,PTPRG,biolink:Gene,https://purl.humanatlas.io/graph/hra-pop
HGNC:9673,PTPRJ,PTPRJ,biolink:Gene,https://purl.humanatlas.io/graph/hra-pop
HGNC:9674,PTPRK,PTPRK,biolink:Gene,https://purl.humanatlas.io/graph/hra-pop
HGNC:9675,PTPRM,PTPRM,biolink:Gene,https://purl.humanatlas.io/graph/hra-pop
HGNC:9676,PTPRN,PTPRN,biolink:Gene,https://purl.humanatlas.io/graph/hra-pop
HGNC:9677,PTPRN2,PTPRN2,biolink:Gene,https://purl.humanatlas.io/graph/hra-pop
HGNC:9678,PTPRO,PTPRO,biolink:Gene,https://purl.humanatlas.io/graph/hra-pop
HGNC:9679,PTPRQ,PTPRQ,biolink:Gene,https://purl.humanatlas.io/graph/hra-pop
HGNC:9680,PTPRR,PTPRR,biolink:Gene,https://purl.humanatlas.io/graph/hra-pop
HGNC:9681,PTPRS,PTPRS,biolink:Gene,https://purl.humanatlas.io/graph/hra-pop
HGNC:9683,PTPRU,PTPRU,biolink:Gene,https://purl.humanatlas.io/graph/hra-pop
HGNC:9685,PTPRZ1,PTPRZ1,biolink:Gene,https://purl.humanatlas.io/graph/hra-pop
HGNC:9688,CAVIN1,CAVIN1,biolink:Gene,https://purl.humanatlas.io/graph/hra-pop
HGNC:9689,PTS,PTS,biolink:Gene,https://purl.humanatlas.io/graph/hra-pop
HGNC:969,BBS4,BBS4,biolink:Gene,https://purl.humanatlas.io/graph/hra-pop
HGNC:9690,PTTG1,PTTG1,biolink:Gene,https://purl.humanatlas.io/graph/hra-pop
HGNC:9701,PURA,PURA,biolink:Gene,https://purl.humanatlas.io/graph/hra-pop
HGNC:9704,PVALB,PVALB,biolink:Gene,https://purl.humanatlas.io/graph/hra-pop
HGNC:9705,PVR,PVR,biolink:Gene,https://purl.humanatlas.io/graph/hra-pop
HGNC:9707,NECTIN2,NECTIN2,biolink:Gene,https://purl.humanatlas.io/graph/hra-pop
HGNC:9709,PVT1,PVT1,biolink:Gene,https://purl.humanatlas.io/graph/hra-pop
HGNC:9716,PXMP2,PXMP2,biolink:Gene,https://purl.humanatlas.io/graph/hra-pop
HGNC:9717,PEX2,PEX2,biolink:Gene,https://purl.humanatlas.io/graph/hra-pop
HGNC:9722,ALDH18A1,ALDH18A1,biolink:Gene,https://purl.humanatlas.io/graph/hra-pop
HGNC:9723,PYGB,PYGB,biolink:Gene,https://purl.humanatlas.io/graph/hra-pop
HGNC:973,BCAR3,BCAR3,biolink:Gene,https://purl.humanatlas.io/graph/hra-pop
HGNC:974,BCAS1,BCAS1,biolink:Gene,https://purl.humanatlas.io/graph/hra-pop
HGNC:9748,PYY,PYY,biolink:Gene,https://purl.humanatlas.io/graph/hra-pop
HGNC:9750,PZP,PZP,biolink:Gene,https://purl.humanatlas.io/graph/hra-pop
HGNC:9751,QARS1,QARS1,biolink:Gene,https://purl.humanatlas.io/graph/hra-pop
HGNC:9752,QDPR,QDPR,biolink:Gene,https://purl.humanatlas.io/graph/hra-pop
HGNC:9753,QPCT,QPCT,biolink:Gene,https://purl.humanatlas.io/graph/hra-pop
HGNC:9755,QPRT,QPRT,biolink:Gene,https://purl.humanatlas.io/graph/hra-pop
HGNC:9756,QSOX1,QSOX1,biolink:Gene,https://purl.humanatlas.io/graph/hra-pop
HGNC:9758,RAB1A,RAB1A,biolink:Gene,https://purl.humanatlas.io/graph/hra-pop
HGNC:9759,RAB10,RAB10,biolink:Gene,https://purl.humanatlas.io/graph/hra-pop
HGNC:976,BCAT1,BCAT1,biolink:Gene,https://purl.humanatlas.io/graph/hra-pop
HGNC:9760,RAB11A,RAB11A,biolink:Gene,https://purl.humanatlas.io/graph/hra-pop
HGNC:9762,RAB13,RAB13,biolink:Gene,https://purl.humanatlas.io/graph/hra-pop
HGNC:9763,RAB2A,RAB2A,biolink:Gene,https://purl.humanatlas.io/graph/hra-pop
HGNC:9766,RAB27A,RAB27A,biolink:Gene,https://purl.humanatlas.io/graph/hra-pop
HGNC:9767,RAB27B,RAB27B,biolink:Gene,https://purl.humanatlas.io/graph/hra-pop
HGNC:9770,RAB30,RAB30,biolink:Gene,https://purl.humanatlas.io/graph/hra-pop
HGNC:9771,RAB31,RAB31,biolink:Gene,https://purl.humanatlas.io/graph/hra-pop
HGNC:9772,RAB32,RAB32,biolink:Gene,https://purl.humanatlas.io/graph/hra-pop
HGNC:9777,RAB3A,RAB3A,biolink:Gene,https://purl.humanatlas.io/graph/hra-pop
HGNC:978,BCCIP,BCCIP,biolink:Gene,https://purl.humanatlas.io/graph/hra-pop
HGNC:9785,RAB5C,RAB5C,biolink:Gene,https://purl.humanatlas.io/graph/hra-pop
HGNC:9786,RAB6A,RAB6A,biolink:Gene,https://purl.humanatlas.io/graph/hra-pop
HGNC:9788,RAB7A,RAB7A,biolink:Gene,https://purl.humanatlas.io/graph/hra-pop
HGNC:9789,RAB29,RAB29,biolink:Gene,https://purl.humanatlas.io/graph/hra-pop
HGNC:9799,RABL2A,RABL2A,biolink:Gene,https://purl.humanatlas.io/graph/hra-pop
HGNC:9800,RABL2B,RABL2B,biolink:Gene,https://purl.humanatlas.io/graph/hra-pop
HGNC:9801,RAC1,RAC1,biolink:Gene,https://purl.humanatlas.io/graph/hra-pop
HGNC:9802,RAC2,RAC2,biolink:Gene,https://purl.humanatlas.io/graph/hra-pop
HGNC:9804,RACGAP1,RACGAP1,biolink:Gene,https://purl.humanatlas.io/graph/hra-pop
HGNC:9811,RAD21,RAD21,biolink:Gene,https://purl.humanatlas.io/graph/hra-pop
HGNC:9812,RAD23A,RAD23A,biolink:Gene,https://purl.humanatlas.io/graph/hra-pop
HGNC:9813,RAD23B,RAD23B,biolink:Gene,https://purl.humanatlas.io/graph/hra-pop
HGNC:9816,RAD50,RAD50,biolink:Gene,https://purl.humanatlas.io/graph/hra-pop
HGNC:9822,RAD51B,RAD51B,biolink:Gene,https://purl.humanatlas.io/graph/hra-pop
HGNC:9823,RAD51D,RAD51D,biolink:Gene,https://purl.humanatlas.io/graph/hra-pop
HGNC:9824,RAD52,RAD52,biolink:Gene,https://purl.humanatlas.io/graph/hra-pop
HGNC:9827,RAD9A,RAD9A,biolink:Gene,https://purl.humanatlas.io/graph/hra-pop
HGNC:9828,RAE1,RAE1,biolink:Gene,https://purl.humanatlas.io/graph/hra-pop
HGNC:9829,RAF1,RAF1,biolink:Gene,https://purl.humanatlas.io/graph/hra-pop
HGNC:983,BCHE,BCHE,biolink:Gene,https://purl.humanatlas.io/graph/hra-pop
HGNC:9834,RAI1,RAI1,biolink:Gene,https://purl.humanatlas.io/graph/hra-pop
HGNC:9835,RAI2,RAI2,biolink:Gene,https://purl.humanatlas.io/graph/hra-pop
HGNC:9839,RALA,RALA,biolink:Gene,https://purl.humanatlas.io/graph/hra-pop
HGNC:9840,RALB,RALB,biolink:Gene,https://purl.humanatlas.io/graph/hra-pop
HGNC:9841,RALBP1,RALBP1,biolink:Gene,https://purl.humanatlas.io/graph/hra-pop
HGNC:9843,RAMP1,RAMP1,biolink:Gene,https://purl.humanatlas.io/graph/hra-pop
HGNC:9844,RAMP2,RAMP2,biolink:Gene,https://purl.humanatlas.io/graph/hra-pop
HGNC:9845,RAMP3,RAMP3,biolink:Gene,https://purl.humanatlas.io/graph/hra-pop
HGNC:9846,RAN,RAN,biolink:Gene,https://purl.humanatlas.io/graph/hra-pop
HGNC:9847,RANBP1,RANBP1,biolink:Gene,https://purl.humanatlas.io/graph/hra-pop
HGNC:9850,RANBP3,RANBP3,biolink:Gene,https://purl.humanatlas.io/graph/hra-pop
HGNC:9855,RAP1A,RAP1A,biolink:Gene,https://purl.humanatlas.io/graph/hra-pop
HGNC:9857,RAP1B,RAP1B,biolink:Gene,https://purl.humanatlas.io/graph/hra-pop
HGNC:9858,RAP1GAP,RAP1GAP,biolink:Gene,https://purl.humanatlas.io/graph/hra-pop
HGNC:9859,RAP1GDS1,RAP1GDS1,biolink:Gene,https://purl.humanatlas.io/graph/hra-pop
HGNC:9864,RARA,RARA,biolink:Gene,https://purl.humanatlas.io/graph/hra-pop
HGNC:9865,RARB,RARB,biolink:Gene,https://purl.humanatlas.io/graph/hra-pop
HGNC:9866,RARG,RARG,biolink:Gene,https://purl.humanatlas.io/graph/hra-pop
HGNC:9867,RARRES1,RARRES1,biolink:Gene,https://purl.humanatlas.io/graph/hra-pop
HGNC:9868,RARRES2,RARRES2,biolink:Gene,https://purl.humanatlas.io/graph/hra-pop
HGNC:9869,PLAAT4,PLAAT4,biolink:Gene,https://purl.humanatlas.io/graph/hra-pop
HGNC:987,BCKDHB,BCKDHB,biolink:Gene,https://purl.humanatlas.io/graph/hra-pop
HGNC:9871,RASA1,RASA1,biolink:Gene,https://purl.humanatlas.io/graph/hra-pop
HGNC:9872,RASA2,RASA2,biolink:Gene,https://purl.humanatlas.io/graph/hra-pop
HGNC:9873,RASAL1,RASAL1,biolink:Gene,https://purl.humanatlas.io/graph/hra-pop
HGNC:9874,RASAL2,RASAL2,biolink:Gene,https://purl.humanatlas.io/graph/hra-pop
HGNC:9876,RASGRF2,RASGRF2,biolink:Gene,https://purl.humanatlas.io/graph/hra-pop
HGNC:9878,RASGRP1,RASGRP1,biolink:Gene,https://purl.humanatlas.io/graph/hra-pop
HGNC:9879,RASGRP2,RASGRP2,biolink:Gene,https://purl.humanatlas.io/graph/hra-pop
HGNC:9882,RASSF1,RASSF1,biolink:Gene,https://purl.humanatlas.io/graph/hra-pop
HGNC:9883,RASSF2,RASSF2,biolink:Gene,https://purl.humanatlas.io/graph/hra-pop
HGNC:9884,RB1,RB1,biolink:Gene,https://purl.humanatlas.io/graph/hra-pop
HGNC:9887,RBBP4,RBBP4,biolink:Gene,https://purl.humanatlas.io/graph/hra-pop
HGNC:9889,RBBP6,RBBP6,biolink:Gene,https://purl.humanatlas.io/graph/hra-pop
HGNC:9891,RBBP8,RBBP8,biolink:Gene,https://purl.humanatlas.io/graph/hra-pop
HGNC:9894,RBL2,RBL2,biolink:Gene,https://purl.humanatlas.io/graph/hra-pop
HGNC:9896,RBM10,RBM10,biolink:Gene,https://purl.humanatlas.io/graph/hra-pop
HGNC:990,BCL2,BCL2,biolink:Gene,https://purl.humanatlas.io/graph/hra-pop
HGNC:9901,RBM4,RBM4,biolink:Gene,https://purl.humanatlas.io/graph/hra-pop
HGNC:9902,RBM5,RBM5,biolink:Gene,https://purl.humanatlas.io/graph/hra-pop
HGNC:9903,RBM6,RBM6,biolink:Gene,https://purl.humanatlas.io/graph/hra-pop
HGNC:9905,RBM8A,RBM8A,biolink:Gene,https://purl.humanatlas.io/graph/hra-pop
HGNC:9906,RBFOX2,RBFOX2,biolink:Gene,https://purl.humanatlas.io/graph/hra-pop
HGNC:9907,RBMS1,RBMS1,biolink:Gene,https://purl.humanatlas.io/graph/hra-pop
HGNC:9909,RBMS2,RBMS2,biolink:Gene,https://purl.humanatlas.io/graph/hra-pop
HGNC:991,BCL2A1,BCL2A1,biolink:Gene,https://purl.humanatlas.io/graph/hra-pop
HGNC:9910,RBMX,RBMX,biolink:Gene,https://purl.humanatlas.io/graph/hra-pop
HGNC:9919,RBP1,RBP1,biolink:Gene,https://purl.humanatlas.io/graph/hra-pop
HGNC:992,BCL2L1,BCL2L1,biolink:Gene,https://purl.humanatlas.io/graph/hra-pop
HGNC:9920,RBP2,RBP2,biolink:Gene,https://purl.humanatlas.io/graph/hra-pop
HGNC:9922,RBP4,RBP4,biolink:Gene,https://purl.humanatlas.io/graph/hra-pop
HGNC:9928,RBX1,RBX1,biolink:Gene,https://purl.humanatlas.io/graph/hra-pop
HGNC:9935,RCN2,RCN2,biolink:Gene,https://purl.humanatlas.io/graph/hra-pop
HGNC:9936,OPN1LW,OPN1LW,biolink:Gene,https://purl.humanatlas.io/graph/hra-pop
HGNC:9937,RCVRN,RCVRN,biolink:Gene,https://purl.humanatlas.io/graph/hra-pop
HGNC:994,BCL2L11,BCL2L11,biolink:Gene,https://purl.humanatlas.io/graph/hra-pop
HGNC:9942,PRPH2,PRPH2,biolink:Gene,https://purl.humanatlas.io/graph/hra-pop
HGNC:9944,RDX,RDX,biolink:Gene,https://purl.humanatlas.io/graph/hra-pop
HGNC:9948,RECQL,RECQL,biolink:Gene,https://purl.humanatlas.io/graph/hra-pop
HGNC:9949,RECQL4,RECQL4,biolink:Gene,https://purl.humanatlas.io/graph/hra-pop
HGNC:9950,RECQL5,RECQL5,biolink:Gene,https://purl.humanatlas.io/graph/hra-pop
HGNC:9954,REL,REL,biolink:Gene,https://purl.humanatlas.io/graph/hra-pop
HGNC:9955,RELA,RELA,biolink:Gene,https://purl.humanatlas.io/graph/hra-pop
HGNC:9956,RELB,RELB,biolink:Gene,https://purl.humanatlas.io/graph/hra-pop
HGNC:9957,RELN,RELN,biolink:Gene,https://purl.humanatlas.io/graph/hra-pop
HGNC:9958,REN,REN,biolink:Gene,https://purl.humanatlas.io/graph/hra-pop
HGNC:9959,RENBP,RENBP,biolink:Gene,https://purl.humanatlas.io/graph/hra-pop
HGNC:9963,REPS2,REPS2,biolink:Gene,https://purl.humanatlas.io/graph/hra-pop
HGNC:9965,RERE,RERE,biolink:Gene,https://purl.humanatlas.io/graph/hra-pop
HGNC:9966,REST,REST,biolink:Gene,https://purl.humanatlas.io/graph/hra-pop
HGNC:9968,REV3L,REV3L,biolink:Gene,https://purl.humanatlas.io/graph/hra-pop
HGNC:9976,TRIM13,TRIM13,biolink:Gene,https://purl.humanatlas.io/graph/hra-pop
HGNC:998,BCL3,BCL3,biolink:Gene,https://purl.humanatlas.io/graph/hra-pop
HGNC:9984,RFX3,RFX3,biolink:Gene,https://purl.humanatlas.io/graph/hra-pop
HGNC:9989,RGN,RGN,biolink:Gene,https://purl.humanatlas.io/graph/hra-pop
HGNC:9991,RGS1,RGS1,biolink:Gene,https://purl.humanatlas.io/graph/hra-pop
HGNC:9992,RGS10,RGS10,biolink:Gene,https://purl.humanatlas.io/graph/hra-pop
HGNC:9994,RGS12,RGS12,biolink:Gene,https://purl.humanatlas.io/graph/hra-pop
HGNC:9995,RGS13,RGS13,biolink:Gene,https://purl.humanatlas.io/graph/hra-pop
HGNC:9998,RGS2,RGS2,biolink:Gene,https://purl.humanatlas.io/graph/hra-pop
ENSEMBL:ENSG00000111780,ENSG00000111780,ENSG00000111780,biolink:Gene,https://purl.humanatlas.io/graph/hra-pop
ENSEMBL:ENSG00000111780.8,ENSG00000111780.8,ENSG00000111780.8,biolink:Gene,https://purl.humanatlas.io/graph/hra-pop
ENSEMBL:ENSG00000112096.19,ENSG00000112096.19,ENSG00000112096.19,biolink:Gene,https://purl.humanatlas.io/graph/hra-pop
ENSEMBL:ENSG00000124593.16,ENSG00000124593.16,ENSG00000124593.16,biolink:Gene,https://purl.humanatlas.io/graph/hra-pop
ENSEMBL:ENSG00000132832,ENSG00000132832,ENSG00000132832,biolink:Gene,https://purl.humanatlas.io/graph/hra-pop
ENSEMBL:ENSG00000137808.12,ENSG00000137808.12,ENSG00000137808.12,biolink:Gene,https://purl.humanatlas.io/graph/hra-pop
ENSEMBL:ENSG00000149656.8,ENSG00000149656.8,ENSG00000149656.8,biolink:Gene,https://purl.humanatlas.io/graph/hra-pop
ENSEMBL:ENSG00000167774.2,ENSG00000167774.2,ENSG00000167774.2,biolink:Gene,https://purl.humanatlas.io/graph/hra-pop
ENSEMBL:ENSG00000173867.10,ENSG00000173867.10,ENSG00000173867.10,biolink:Gene,https://purl.humanatlas.io/graph/hra-pop
ENSEMBL:ENSG00000176515.1,ENSG00000176515.1,ENSG00000176515.1,biolink:Gene,https://purl.humanatlas.io/graph/hra-pop
ENSEMBL:ENSG00000177359.20,ENSG00000177359.20,ENSG00000177359.20,biolink:Gene,https://purl.humanatlas.io/graph/hra-pop
ENSEMBL:ENSG00000178107.2,ENSG00000178107.2,ENSG00000178107.2,biolink:Gene,https://purl.humanatlas.io/graph/hra-pop
ENSEMBL:ENSG00000184906.11,ENSG00000184906.11,ENSG00000184906.11,biolink:Gene,https://purl.humanatlas.io/graph/hra-pop
ENSEMBL:ENSG00000185641.6,ENSG00000185641.6,ENSG00000185641.6,biolink:Gene,https://purl.humanatlas.io/graph/hra-pop
ENSEMBL:ENSG00000185839.3,ENSG00000185839.3,ENSG00000185839.3,biolink:Gene,https://purl.humanatlas.io/graph/hra-pop
ENSEMBL:ENSG00000186076.5,ENSG00000186076.5,ENSG00000186076.5,biolink:Gene,https://purl.humanatlas.io/graph/hra-pop
ENSEMBL:ENSG00000186148.13,ENSG00000186148.13,ENSG00000186148.13,biolink:Gene,https://purl.humanatlas.io/graph/hra-pop
ENSEMBL:ENSG00000187186.15,ENSG00000187186.15,ENSG00000187186.15,biolink:Gene,https://purl.humanatlas.io/graph/hra-pop
ENSEMBL:ENSG00000187951.11,ENSG00000187951.11,ENSG00000187951.11,biolink:Gene,https://purl.humanatlas.io/graph/hra-pop
ENSEMBL:ENSG00000188512.6,ENSG00000188512.6,ENSG00000188512.6,biolink:Gene,https://purl.humanatlas.io/graph/hra-pop
ENSEMBL:ENSG00000196395.7,ENSG00000196395.7,ENSG00000196395.7,biolink:Gene,https://purl.humanatlas.io/graph/hra-pop
ENSEMBL:ENSG00000196656.7,ENSG00000196656.7,ENSG00000196656.7,biolink:Gene,https://purl.humanatlas.io/graph/hra-pop
ENSEMBL:ENSG00000197550.3,ENSG00000197550.3,ENSG00000197550.3,biolink:Gene,https://purl.humanatlas.io/graph/hra-pop
ENSEMBL:ENSG00000202198.1,ENSG00000202198.1,ENSG00000202198.1,biolink:Gene,https://purl.humanatlas.io/graph/hra-pop
ENSEMBL:ENSG00000203279,ENSG00000203279,ENSG00000203279,biolink:Gene,https://purl.humanatlas.io/graph/hra-pop
ENSEMBL:ENSG00000203325.3,ENSG00000203325.3,ENSG00000203325.3,biolink:Gene,https://purl.humanatlas.io/graph/hra-pop
ENSEMBL:ENSG00000203395.2,ENSG00000203395.2,ENSG00000203395.2,biolink:Gene,https://purl.humanatlas.io/graph/hra-pop
ENSEMBL:ENSG00000203411.3,ENSG00000203411.3,ENSG00000203411.3,biolink:Gene,https://purl.humanatlas.io/graph/hra-pop
ENSEMBL:ENSG00000203434,ENSG00000203434,ENSG00000203434,biolink:Gene,https://purl.humanatlas.io/graph/hra-pop
ENSEMBL:ENSG00000203434.2,ENSG00000203434.2,ENSG00000203434.2,biolink:Gene,https://purl.humanatlas.io/graph/hra-pop
ENSEMBL:ENSG00000203469.2,ENSG00000203469.2,ENSG00000203469.2,biolink:Gene,https://purl.humanatlas.io/graph/hra-pop
ENSEMBL:ENSG00000203496.9,ENSG00000203496.9,ENSG00000203496.9,biolink:Gene,https://purl.humanatlas.io/graph/hra-pop
ENSEMBL:ENSG00000203593.3,ENSG00000203593.3,ENSG00000203593.3,biolink:Gene,https://purl.humanatlas.io/graph/hra-pop
ENSEMBL:ENSG00000203812.2,ENSG00000203812.2,ENSG00000203812.2,biolink:Gene,https://purl.humanatlas.io/graph/hra-pop
ENSEMBL:ENSG00000205037.2,ENSG00000205037.2,ENSG00000205037.2,biolink:Gene,https://purl.humanatlas.io/graph/hra-pop
ENSEMBL:ENSG00000205236.6,ENSG00000205236.6,ENSG00000205236.6,biolink:Gene,https://purl.humanatlas.io/graph/hra-pop
ENSEMBL:ENSG00000205414.1,ENSG00000205414.1,ENSG00000205414.1,biolink:Gene,https://purl.humanatlas.io/graph/hra-pop
ENSEMBL:ENSG00000205485.13,ENSG00000205485.13,ENSG00000205485.13,biolink:Gene,https://purl.humanatlas.io/graph/hra-pop
ENSEMBL:ENSG00000206195.11,ENSG00000206195.11,ENSG00000206195.11,biolink:Gene,https://purl.humanatlas.io/graph/hra-pop
ENSEMBL:ENSG00000213058.3,ENSG00000213058.3,ENSG00000213058.3,biolink:Gene,https://purl.humanatlas.io/graph/hra-pop
ENSEMBL:ENSG00000213121.2,ENSG00000213121.2,ENSG00000213121.2,biolink:Gene,https://purl.humanatlas.io/graph/hra-pop
ENSEMBL:ENSG00000213280.2,ENSG00000213280.2,ENSG00000213280.2,biolink:Gene,https://purl.humanatlas.io/graph/hra-pop
ENSEMBL:ENSG00000213939.4,ENSG00000213939.4,ENSG00000213939.4,biolink:Gene,https://purl.humanatlas.io/graph/hra-pop
ENSEMBL:ENSG00000213963,ENSG00000213963,ENSG00000213963,biolink:Gene,https://purl.humanatlas.io/graph/hra-pop
ENSEMBL:ENSG00000213963.6,ENSG00000213963.6,ENSG00000213963.6,biolink:Gene,https://purl.humanatlas.io/graph/hra-pop
ENSEMBL:ENSG00000214593.3,ENSG00000214593.3,ENSG00000214593.3,biolink:Gene,https://purl.humanatlas.io/graph/hra-pop
ENSEMBL:ENSG00000214803.3,ENSG00000214803.3,ENSG00000214803.3,biolink:Gene,https://purl.humanatlas.io/graph/hra-pop
ENSEMBL:ENSG00000215022.7,ENSG00000215022.7,ENSG00000215022.7,biolink:Gene,https://purl.humanatlas.io/graph/hra-pop
ENSEMBL:ENSG00000215146.5,ENSG00000215146.5,ENSG00000215146.5,biolink:Gene,https://purl.humanatlas.io/graph/hra-pop
ENSEMBL:ENSG00000215271.9,ENSG00000215271.9,ENSG00000215271.9,biolink:Gene,https://purl.humanatlas.io/graph/hra-pop
ENSEMBL:ENSG00000218175.2,ENSG00000218175.2,ENSG00000218175.2,biolink:Gene,https://purl.humanatlas.io/graph/hra-pop
ENSEMBL:ENSG00000218227.3,ENSG00000218227.3,ENSG00000218227.3,biolink:Gene,https://purl.humanatlas.io/graph/hra-pop
ENSEMBL:ENSG00000218426,ENSG00000218426,ENSG00000218426,biolink:Gene,https://purl.humanatlas.io/graph/hra-pop
ENSEMBL:ENSG00000218426.5,ENSG00000218426.5,ENSG00000218426.5,biolink:Gene,https://purl.humanatlas.io/graph/hra-pop
ENSEMBL:ENSG00000219529.2,ENSG00000219529.2,ENSG00000219529.2,biolink:Gene,https://purl.humanatlas.io/graph/hra-pop
ENSEMBL:ENSG00000220695.1,ENSG00000220695.1,ENSG00000220695.1,biolink:Gene,https://purl.humanatlas.io/graph/hra-pop
ENSEMBL:ENSG00000222031.1,ENSG00000222031.1,ENSG00000222031.1,biolink:Gene,https://purl.humanatlas.io/graph/hra-pop
ENSEMBL:ENSG00000223393.2,ENSG00000223393.2,ENSG00000223393.2,biolink:Gene,https://purl.humanatlas.io/graph/hra-pop
ENSEMBL:ENSG00000223492.1,ENSG00000223492.1,ENSG00000223492.1,biolink:Gene,https://purl.humanatlas.io/graph/hra-pop
ENSEMBL:ENSG00000223542.1,ENSG00000223542.1,ENSG00000223542.1,biolink:Gene,https://purl.humanatlas.io/graph/hra-pop
ENSEMBL:ENSG00000223720.2,ENSG00000223720.2,ENSG00000223720.2,biolink:Gene,https://purl.humanatlas.io/graph/hra-pop
ENSEMBL:ENSG00000223727,ENSG00000223727,ENSG00000223727,biolink:Gene,https://purl.humanatlas.io/graph/hra-pop
ENSEMBL:ENSG00000223779.6,ENSG00000223779.6,ENSG00000223779.6,biolink:Gene,https://purl.humanatlas.io/graph/hra-pop
ENSEMBL:ENSG00000223786,ENSG00000223786,ENSG00000223786,biolink:Gene,https://purl.humanatlas.io/graph/hra-pop
ENSEMBL:ENSG00000223786.1,ENSG00000223786.1,ENSG00000223786.1,biolink:Gene,https://purl.humanatlas.io/graph/hra-pop
ENSEMBL:ENSG00000223829.6,ENSG00000223829.6,ENSG00000223829.6,biolink:Gene,https://purl.humanatlas.io/graph/hra-pop
ENSEMBL:ENSG00000223944.2,ENSG00000223944.2,ENSG00000223944.2,biolink:Gene,https://purl.humanatlas.io/graph/hra-pop
ENSEMBL:ENSG00000223989.1,ENSG00000223989.1,ENSG00000223989.1,biolink:Gene,https://purl.humanatlas.io/graph/hra-pop
ENSEMBL:ENSG00000224016.2,ENSG00000224016.2,ENSG00000224016.2,biolink:Gene,https://purl.humanatlas.io/graph/hra-pop
ENSEMBL:ENSG00000224267.1,ENSG00000224267.1,ENSG00000224267.1,biolink:Gene,https://purl.humanatlas.io/graph/hra-pop
ENSEMBL:ENSG00000224331.2,ENSG00000224331.2,ENSG00000224331.2,biolink:Gene,https://purl.humanatlas.io/graph/hra-pop
ENSEMBL:ENSG00000224363.2,ENSG00000224363.2,ENSG00000224363.2,biolink:Gene,https://purl.humanatlas.io/graph/hra-pop
ENSEMBL:ENSG00000224376,ENSG00000224376,ENSG00000224376,biolink:Gene,https://purl.humanatlas.io/graph/hra-pop
ENSEMBL:ENSG00000224427.1,ENSG00000224427.1,ENSG00000224427.1,biolink:Gene,https://purl.humanatlas.io/graph/hra-pop
ENSEMBL:ENSG00000224478.3,ENSG00000224478.3,ENSG00000224478.3,biolink:Gene,https://purl.humanatlas.io/graph/hra-pop
ENSEMBL:ENSG00000224481.3,ENSG00000224481.3,ENSG00000224481.3,biolink:Gene,https://purl.humanatlas.io/graph/hra-pop
ENSEMBL:ENSG00000224513.2,ENSG00000224513.2,ENSG00000224513.2,biolink:Gene,https://purl.humanatlas.io/graph/hra-pop
ENSEMBL:ENSG00000224521.2,ENSG00000224521.2,ENSG00000224521.2,biolink:Gene,https://purl.humanatlas.io/graph/hra-pop
ENSEMBL:ENSG00000224541.1,ENSG00000224541.1,ENSG00000224541.1,biolink:Gene,https://purl.humanatlas.io/graph/hra-pop
ENSEMBL:ENSG00000224556.2,ENSG00000224556.2,ENSG00000224556.2,biolink:Gene,https://purl.humanatlas.io/graph/hra-pop
ENSEMBL:ENSG00000224595.1,ENSG00000224595.1,ENSG00000224595.1,biolink:Gene,https://purl.humanatlas.io/graph/hra-pop
ENSEMBL:ENSG00000224643.5,ENSG00000224643.5,ENSG00000224643.5,biolink:Gene,https://purl.humanatlas.io/graph/hra-pop
ENSEMBL:ENSG00000224658.1,ENSG00000224658.1,ENSG00000224658.1,biolink:Gene,https://purl.humanatlas.io/graph/hra-pop
ENSEMBL:ENSG00000224698.1,ENSG00000224698.1,ENSG00000224698.1,biolink:Gene,https://purl.humanatlas.io/graph/hra-pop
ENSEMBL:ENSG00000224746.2,ENSG00000224746.2,ENSG00000224746.2,biolink:Gene,https://purl.humanatlas.io/graph/hra-pop
ENSEMBL:ENSG00000224814.1,ENSG00000224814.1,ENSG00000224814.1,biolink:Gene,https://purl.humanatlas.io/graph/hra-pop
ENSEMBL:ENSG00000224905,ENSG00000224905,ENSG00000224905,biolink:Gene,https://purl.humanatlas.io/graph/hra-pop
ENSEMBL:ENSG00000224972.1,ENSG00000224972.1,ENSG00000224972.1,biolink:Gene,https://purl.humanatlas.io/graph/hra-pop
ENSEMBL:ENSG00000225011.4,ENSG00000225011.4,ENSG00000225011.4,biolink:Gene,https://purl.humanatlas.io/graph/hra-pop
ENSEMBL:ENSG00000225044.1,ENSG00000225044.1,ENSG00000225044.1,biolink:Gene,https://purl.humanatlas.io/graph/hra-pop
ENSEMBL:ENSG00000225148.1,ENSG00000225148.1,ENSG00000225148.1,biolink:Gene,https://purl.humanatlas.io/graph/hra-pop
ENSEMBL:ENSG00000225178.5,ENSG00000225178.5,ENSG00000225178.5,biolink:Gene,https://purl.humanatlas.io/graph/hra-pop
ENSEMBL:ENSG00000225200.2,ENSG00000225200.2,ENSG00000225200.2,biolink:Gene,https://purl.humanatlas.io/graph/hra-pop
ENSEMBL:ENSG00000225258,ENSG00000225258,ENSG00000225258,biolink:Gene,https://purl.humanatlas.io/graph/hra-pop
ENSEMBL:ENSG00000225311.1,ENSG00000225311.1,ENSG00000225311.1,biolink:Gene,https://purl.humanatlas.io/graph/hra-pop
ENSEMBL:ENSG00000225313.5,ENSG00000225313.5,ENSG00000225313.5,biolink:Gene,https://purl.humanatlas.io/graph/hra-pop
ENSEMBL:ENSG00000225356.3,ENSG00000225356.3,ENSG00000225356.3,biolink:Gene,https://purl.humanatlas.io/graph/hra-pop
ENSEMBL:ENSG00000225420,ENSG00000225420,ENSG00000225420,biolink:Gene,https://purl.humanatlas.io/graph/hra-pop
ENSEMBL:ENSG00000225420.1,ENSG00000225420.1,ENSG00000225420.1,biolink:Gene,https://purl.humanatlas.io/graph/hra-pop
ENSEMBL:ENSG00000225610.1,ENSG00000225610.1,ENSG00000225610.1,biolink:Gene,https://purl.humanatlas.io/graph/hra-pop
ENSEMBL:ENSG00000225689.2,ENSG00000225689.2,ENSG00000225689.2,biolink:Gene,https://purl.humanatlas.io/graph/hra-pop
ENSEMBL:ENSG00000225718,ENSG00000225718,ENSG00000225718,biolink:Gene,https://purl.humanatlas.io/graph/hra-pop
ENSEMBL:ENSG00000225751.2,ENSG00000225751.2,ENSG00000225751.2,biolink:Gene,https://purl.humanatlas.io/graph/hra-pop
ENSEMBL:ENSG00000225807.2,ENSG00000225807.2,ENSG00000225807.2,biolink:Gene,https://purl.humanatlas.io/graph/hra-pop
ENSEMBL:ENSG00000225840.2,ENSG00000225840.2,ENSG00000225840.2,biolink:Gene,https://purl.humanatlas.io/graph/hra-pop
ENSEMBL:ENSG00000225885,ENSG00000225885,ENSG00000225885,biolink:Gene,https://purl.humanatlas.io/graph/hra-pop
ENSEMBL:ENSG00000225885.7,ENSG00000225885.7,ENSG00000225885.7,biolink:Gene,https://purl.humanatlas.io/graph/hra-pop
ENSEMBL:ENSG00000225932.3,ENSG00000225932.3,ENSG00000225932.3,biolink:Gene,https://purl.humanatlas.io/graph/hra-pop
ENSEMBL:ENSG00000225952.1,ENSG00000225952.1,ENSG00000225952.1,biolink:Gene,https://purl.humanatlas.io/graph/hra-pop
ENSEMBL:ENSG00000225986.1,ENSG00000225986.1,ENSG00000225986.1,biolink:Gene,https://purl.humanatlas.io/graph/hra-pop
ENSEMBL:ENSG00000226022.1,ENSG00000226022.1,ENSG00000226022.1,biolink:Gene,https://purl.humanatlas.io/graph/hra-pop
ENSEMBL:ENSG00000226149,ENSG00000226149,ENSG00000226149,biolink:Gene,https://purl.humanatlas.io/graph/hra-pop
ENSEMBL:ENSG00000226149.6,ENSG00000226149.6,ENSG00000226149.6,biolink:Gene,https://purl.humanatlas.io/graph/hra-pop
ENSEMBL:ENSG00000226193,ENSG00000226193,ENSG00000226193,biolink:Gene,https://purl.humanatlas.io/graph/hra-pop
ENSEMBL:ENSG00000226380.9,ENSG00000226380.9,ENSG00000226380.9,biolink:Gene,https://purl.humanatlas.io/graph/hra-pop
ENSEMBL:ENSG00000226403.2,ENSG00000226403.2,ENSG00000226403.2,biolink:Gene,https://purl.humanatlas.io/graph/hra-pop
ENSEMBL:ENSG00000226439.3,ENSG00000226439.3,ENSG00000226439.3,biolink:Gene,https://purl.humanatlas.io/graph/hra-pop
ENSEMBL:ENSG00000226454.3,ENSG00000226454.3,ENSG00000226454.3,biolink:Gene,https://purl.humanatlas.io/graph/hra-pop
ENSEMBL:ENSG00000226542.1,ENSG00000226542.1,ENSG00000226542.1,biolink:Gene,https://purl.humanatlas.io/graph/hra-pop
ENSEMBL:ENSG00000226640.2,ENSG00000226640.2,ENSG00000226640.2,biolink:Gene,https://purl.humanatlas.io/graph/hra-pop
ENSEMBL:ENSG00000226699.1,ENSG00000226699.1,ENSG00000226699.1,biolink:Gene,https://purl.humanatlas.io/graph/hra-pop
ENSEMBL:ENSG00000226838.1,ENSG00000226838.1,ENSG00000226838.1,biolink:Gene,https://purl.humanatlas.io/graph/hra-pop
ENSEMBL:ENSG00000226919.4,ENSG00000226919.4,ENSG00000226919.4,biolink:Gene,https://purl.humanatlas.io/graph/hra-pop
ENSEMBL:ENSG00000226994,ENSG00000226994,ENSG00000226994,biolink:Gene,https://purl.humanatlas.io/graph/hra-pop
ENSEMBL:ENSG00000226994.9,ENSG00000226994.9,ENSG00000226994.9,biolink:Gene,https://purl.humanatlas.io/graph/hra-pop
ENSEMBL:ENSG00000227077.3,ENSG00000227077.3,ENSG00000227077.3,biolink:Gene,https://purl.humanatlas.io/graph/hra-pop
ENSEMBL:ENSG00000227094.1,ENSG00000227094.1,ENSG00000227094.1,biolink:Gene,https://purl.humanatlas.io/graph/hra-pop
ENSEMBL:ENSG00000227192.1,ENSG00000227192.1,ENSG00000227192.1,biolink:Gene,https://purl.humanatlas.io/graph/hra-pop
ENSEMBL:ENSG00000227197.1,ENSG00000227197.1,ENSG00000227197.1,biolink:Gene,https://purl.humanatlas.io/graph/hra-pop
ENSEMBL:ENSG00000227240.2,ENSG00000227240.2,ENSG00000227240.2,biolink:Gene,https://purl.humanatlas.io/graph/hra-pop
ENSEMBL:ENSG00000227388.3,ENSG00000227388.3,ENSG00000227388.3,biolink:Gene,https://purl.humanatlas.io/graph/hra-pop
ENSEMBL:ENSG00000227463,ENSG00000227463,ENSG00000227463,biolink:Gene,https://purl.humanatlas.io/graph/hra-pop
ENSEMBL:ENSG00000227482.1,ENSG00000227482.1,ENSG00000227482.1,biolink:Gene,https://purl.humanatlas.io/graph/hra-pop
ENSEMBL:ENSG00000227615.1,ENSG00000227615.1,ENSG00000227615.1,biolink:Gene,https://purl.humanatlas.io/graph/hra-pop
ENSEMBL:ENSG00000227627.3,ENSG00000227627.3,ENSG00000227627.3,biolink:Gene,https://purl.humanatlas.io/graph/hra-pop
ENSEMBL:ENSG00000227632.2,ENSG00000227632.2,ENSG00000227632.2,biolink:Gene,https://purl.humanatlas.io/graph/hra-pop
ENSEMBL:ENSG00000227678.8,ENSG00000227678.8,ENSG00000227678.8,biolink:Gene,https://purl.humanatlas.io/graph/hra-pop
ENSEMBL:ENSG00000227681,ENSG00000227681,ENSG00000227681,biolink:Gene,https://purl.humanatlas.io/graph/hra-pop
ENSEMBL:ENSG00000227681.5,ENSG00000227681.5,ENSG00000227681.5,biolink:Gene,https://purl.humanatlas.io/graph/hra-pop
ENSEMBL:ENSG00000227704.1,ENSG00000227704.1,ENSG00000227704.1,biolink:Gene,https://purl.humanatlas.io/graph/hra-pop
ENSEMBL:ENSG00000227705.1,ENSG00000227705.1,ENSG00000227705.1,biolink:Gene,https://purl.humanatlas.io/graph/hra-pop
ENSEMBL:ENSG00000227718.1,ENSG00000227718.1,ENSG00000227718.1,biolink:Gene,https://purl.humanatlas.io/graph/hra-pop
ENSEMBL:ENSG00000227766.1,ENSG00000227766.1,ENSG00000227766.1,biolink:Gene,https://purl.humanatlas.io/graph/hra-pop
ENSEMBL:ENSG00000227885.3,ENSG00000227885.3,ENSG00000227885.3,biolink:Gene,https://purl.humanatlas.io/graph/hra-pop
ENSEMBL:ENSG00000227914.3,ENSG00000227914.3,ENSG00000227914.3,biolink:Gene,https://purl.humanatlas.io/graph/hra-pop
ENSEMBL:ENSG00000227948.4,ENSG00000227948.4,ENSG00000227948.4,biolink:Gene,https://purl.humanatlas.io/graph/hra-pop
ENSEMBL:ENSG00000227958.1,ENSG00000227958.1,ENSG00000227958.1,biolink:Gene,https://purl.humanatlas.io/graph/hra-pop
ENSEMBL:ENSG00000228005.1,ENSG00000228005.1,ENSG00000228005.1,biolink:Gene,https://purl.humanatlas.io/graph/hra-pop
ENSEMBL:ENSG00000228048.1,ENSG00000228048.1,ENSG00000228048.1,biolink:Gene,https://purl.humanatlas.io/graph/hra-pop
ENSEMBL:ENSG00000228086.1,ENSG00000228086.1,ENSG00000228086.1,biolink:Gene,https://purl.humanatlas.io/graph/hra-pop
ENSEMBL:ENSG00000228142.2,ENSG00000228142.2,ENSG00000228142.2,biolink:Gene,https://purl.humanatlas.io/graph/hra-pop
ENSEMBL:ENSG00000228144.2,ENSG00000228144.2,ENSG00000228144.2,biolink:Gene,https://purl.humanatlas.io/graph/hra-pop
ENSEMBL:ENSG00000228156.1,ENSG00000228156.1,ENSG00000228156.1,biolink:Gene,https://purl.humanatlas.io/graph/hra-pop
ENSEMBL:ENSG00000228157.4,ENSG00000228157.4,ENSG00000228157.4,biolink:Gene,https://purl.humanatlas.io/graph/hra-pop
ENSEMBL:ENSG00000228162.1,ENSG00000228162.1,ENSG00000228162.1,biolink:Gene,https://purl.humanatlas.io/graph/hra-pop
ENSEMBL:ENSG00000228216.1,ENSG00000228216.1,ENSG00000228216.1,biolink:Gene,https://purl.humanatlas.io/graph/hra-pop
ENSEMBL:ENSG00000228315.12,ENSG00000228315.12,ENSG00000228315.12,biolink:Gene,https://purl.humanatlas.io/graph/hra-pop
ENSEMBL:ENSG00000228330.1,ENSG00000228330.1,ENSG00000228330.1,biolink:Gene,https://purl.humanatlas.io/graph/hra-pop
ENSEMBL:ENSG00000228384.4,ENSG00000228384.4,ENSG00000228384.4,biolink:Gene,https://purl.humanatlas.io/graph/hra-pop
ENSEMBL:ENSG00000228399.1,ENSG00000228399.1,ENSG00000228399.1,biolink:Gene,https://purl.humanatlas.io/graph/hra-pop
ENSEMBL:ENSG00000228401.5,ENSG00000228401.5,ENSG00000228401.5,biolink:Gene,https://purl.humanatlas.io/graph/hra-pop
ENSEMBL:ENSG00000228407.2,ENSG00000228407.2,ENSG00000228407.2,biolink:Gene,https://purl.humanatlas.io/graph/hra-pop
ENSEMBL:ENSG00000228477.1,ENSG00000228477.1,ENSG00000228477.1,biolink:Gene,https://purl.humanatlas.io/graph/hra-pop
ENSEMBL:ENSG00000228484,ENSG00000228484,ENSG00000228484,biolink:Gene,https://purl.humanatlas.io/graph/hra-pop
ENSEMBL:ENSG00000228509.6,ENSG00000228509.6,ENSG00000228509.6,biolink:Gene,https://purl.humanatlas.io/graph/hra-pop
ENSEMBL:ENSG00000228586.1,ENSG00000228586.1,ENSG00000228586.1,biolink:Gene,https://purl.humanatlas.io/graph/hra-pop
ENSEMBL:ENSG00000228592.2,ENSG00000228592.2,ENSG00000228592.2,biolink:Gene,https://purl.humanatlas.io/graph/hra-pop
ENSEMBL:ENSG00000228627.2,ENSG00000228627.2,ENSG00000228627.2,biolink:Gene,https://purl.humanatlas.io/graph/hra-pop
ENSEMBL:ENSG00000228634.1,ENSG00000228634.1,ENSG00000228634.1,biolink:Gene,https://purl.humanatlas.io/graph/hra-pop
ENSEMBL:ENSG00000228643.1,ENSG00000228643.1,ENSG00000228643.1,biolink:Gene,https://purl.humanatlas.io/graph/hra-pop
ENSEMBL:ENSG00000228655,ENSG00000228655,ENSG00000228655,biolink:Gene,https://purl.humanatlas.io/graph/hra-pop
ENSEMBL:ENSG00000228655.7,ENSG00000228655.7,ENSG00000228655.7,biolink:Gene,https://purl.humanatlas.io/graph/hra-pop
ENSEMBL:ENSG00000228714.4,ENSG00000228714.4,ENSG00000228714.4,biolink:Gene,https://purl.humanatlas.io/graph/hra-pop
ENSEMBL:ENSG00000228741.2,ENSG00000228741.2,ENSG00000228741.2,biolink:Gene,https://purl.humanatlas.io/graph/hra-pop
ENSEMBL:ENSG00000228835,ENSG00000228835,ENSG00000228835,biolink:Gene,https://purl.humanatlas.io/graph/hra-pop
ENSEMBL:ENSG00000228944.1,ENSG00000228944.1,ENSG00000228944.1,biolink:Gene,https://purl.humanatlas.io/graph/hra-pop
ENSEMBL:ENSG00000228959.1,ENSG00000228959.1,ENSG00000228959.1,biolink:Gene,https://purl.humanatlas.io/graph/hra-pop
ENSEMBL:ENSG00000228988.1,ENSG00000228988.1,ENSG00000228988.1,biolink:Gene,https://purl.humanatlas.io/graph/hra-pop
ENSEMBL:ENSG00000229021.2,ENSG00000229021.2,ENSG00000229021.2,biolink:Gene,https://purl.humanatlas.io/graph/hra-pop
ENSEMBL:ENSG00000229066.2,ENSG00000229066.2,ENSG00000229066.2,biolink:Gene,https://purl.humanatlas.io/graph/hra-pop
ENSEMBL:ENSG00000229116,ENSG00000229116,ENSG00000229116,biolink:Gene,https://purl.humanatlas.io/graph/hra-pop
ENSEMBL:ENSG00000229131.1,ENSG00000229131.1,ENSG00000229131.1,biolink:Gene,https://purl.humanatlas.io/graph/hra-pop
ENSEMBL:ENSG00000229151,ENSG00000229151,ENSG00000229151,biolink:Gene,https://purl.humanatlas.io/graph/hra-pop
ENSEMBL:ENSG00000229297.1,ENSG00000229297.1,ENSG00000229297.1,biolink:Gene,https://purl.humanatlas.io/graph/hra-pop
ENSEMBL:ENSG00000229308.1,ENSG00000229308.1,ENSG00000229308.1,biolink:Gene,https://purl.humanatlas.io/graph/hra-pop
ENSEMBL:ENSG00000229311.1,ENSG00000229311.1,ENSG00000229311.1,biolink:Gene,https://purl.humanatlas.io/graph/hra-pop
ENSEMBL:ENSG00000229337.2,ENSG00000229337.2,ENSG00000229337.2,biolink:Gene,https://purl.humanatlas.io/graph/hra-pop
ENSEMBL:ENSG00000229447.2,ENSG00000229447.2,ENSG00000229447.2,biolink:Gene,https://purl.humanatlas.io/graph/hra-pop
ENSEMBL:ENSG00000229682.1,ENSG00000229682.1,ENSG00000229682.1,biolink:Gene,https://purl.humanatlas.io/graph/hra-pop
ENSEMBL:ENSG00000229727.7,ENSG00000229727.7,ENSG00000229727.7,biolink:Gene,https://purl.humanatlas.io/graph/hra-pop
ENSEMBL:ENSG00000229732.1,ENSG00000229732.1,ENSG00000229732.1,biolink:Gene,https://purl.humanatlas.io/graph/hra-pop
ENSEMBL:ENSG00000229896,ENSG00000229896,ENSG00000229896,biolink:Gene,https://purl.humanatlas.io/graph/hra-pop
ENSEMBL:ENSG00000229939.1,ENSG00000229939.1,ENSG00000229939.1,biolink:Gene,https://purl.humanatlas.io/graph/hra-pop
ENSEMBL:ENSG00000230021.10,ENSG00000230021.10,ENSG00000230021.10,biolink:Gene,https://purl.humanatlas.io/graph/hra-pop
ENSEMBL:ENSG00000230027,ENSG00000230027,ENSG00000230027,biolink:Gene,https://purl.humanatlas.io/graph/hra-pop
ENSEMBL:ENSG00000230063.1,ENSG00000230063.1,ENSG00000230063.1,biolink:Gene,https://purl.humanatlas.io/graph/hra-pop
ENSEMBL:ENSG00000230074.3,ENSG00000230074.3,ENSG00000230074.3,biolink:Gene,https://purl.humanatlas.io/graph/hra-pop
ENSEMBL:ENSG00000230149.2,ENSG00000230149.2,ENSG00000230149.2,biolink:Gene,https://purl.humanatlas.io/graph/hra-pop
ENSEMBL:ENSG00000230258,ENSG00000230258,ENSG00000230258,biolink:Gene,https://purl.humanatlas.io/graph/hra-pop
ENSEMBL:ENSG00000230258.6,ENSG00000230258.6,ENSG00000230258.6,biolink:Gene,https://purl.humanatlas.io/graph/hra-pop
ENSEMBL:ENSG00000230333.6,ENSG00000230333.6,ENSG00000230333.6,biolink:Gene,https://purl.humanatlas.io/graph/hra-pop
ENSEMBL:ENSG00000230437.1,ENSG00000230437.1,ENSG00000230437.1,biolink:Gene,https://purl.humanatlas.io/graph/hra-pop
ENSEMBL:ENSG00000230490,ENSG00000230490,ENSG00000230490,biolink:Gene,https://purl.humanatlas.io/graph/hra-pop
ENSEMBL:ENSG00000230552.6,ENSG00000230552.6,ENSG00000230552.6,biolink:Gene,https://purl.humanatlas.io/graph/hra-pop
ENSEMBL:ENSG00000230615.7,ENSG00000230615.7,ENSG00000230615.7,biolink:Gene,https://purl.humanatlas.io/graph/hra-pop
ENSEMBL:ENSG00000230623.6,ENSG00000230623.6,ENSG00000230623.6,biolink:Gene,https://purl.humanatlas.io/graph/hra-pop
ENSEMBL:ENSG00000230684.1,ENSG00000230684.1,ENSG00000230684.1,biolink:Gene,https://purl.humanatlas.io/graph/hra-pop
ENSEMBL:ENSG00000230826.1,ENSG00000230826.1,ENSG00000230826.1,biolink:Gene,https://purl.humanatlas.io/graph/hra-pop
ENSEMBL:ENSG00000230979.3,ENSG00000230979.3,ENSG00000230979.3,biolink:Gene,https://purl.humanatlas.io/graph/hra-pop
ENSEMBL:ENSG00000230990.2,ENSG00000230990.2,ENSG00000230990.2,biolink:Gene,https://purl.humanatlas.io/graph/hra-pop
ENSEMBL:ENSG00000231039.2,ENSG00000231039.2,ENSG00000231039.2,biolink:Gene,https://purl.humanatlas.io/graph/hra-pop
ENSEMBL:ENSG00000231188.1,ENSG00000231188.1,ENSG00000231188.1,biolink:Gene,https://purl.humanatlas.io/graph/hra-pop
ENSEMBL:ENSG00000231236.2,ENSG00000231236.2,ENSG00000231236.2,biolink:Gene,https://purl.humanatlas.io/graph/hra-pop
ENSEMBL:ENSG00000231272.1,ENSG00000231272.1,ENSG00000231272.1,biolink:Gene,https://purl.humanatlas.io/graph/hra-pop
ENSEMBL:ENSG00000231398.1,ENSG00000231398.1,ENSG00000231398.1,biolink:Gene,https://purl.humanatlas.io/graph/hra-pop
ENSEMBL:ENSG00000231424.3,ENSG00000231424.3,ENSG00000231424.3,biolink:Gene,https://purl.humanatlas.io/graph/hra-pop
ENSEMBL:ENSG00000231477.2,ENSG00000231477.2,ENSG00000231477.2,biolink:Gene,https://purl.humanatlas.io/graph/hra-pop
ENSEMBL:ENSG00000231505.1,ENSG00000231505.1,ENSG00000231505.1,biolink:Gene,https://purl.humanatlas.io/graph/hra-pop
ENSEMBL:ENSG00000231606.2,ENSG00000231606.2,ENSG00000231606.2,biolink:Gene,https://purl.humanatlas.io/graph/hra-pop
ENSEMBL:ENSG00000231633.1,ENSG00000231633.1,ENSG00000231633.1,biolink:Gene,https://purl.humanatlas.io/graph/hra-pop
ENSEMBL:ENSG00000231703.2,ENSG00000231703.2,ENSG00000231703.2,biolink:Gene,https://purl.humanatlas.io/graph/hra-pop
ENSEMBL:ENSG00000231762.1,ENSG00000231762.1,ENSG00000231762.1,biolink:Gene,https://purl.humanatlas.io/graph/hra-pop
ENSEMBL:ENSG00000231772,ENSG00000231772,ENSG00000231772,biolink:Gene,https://purl.humanatlas.io/graph/hra-pop
ENSEMBL:ENSG00000231772.5,ENSG00000231772.5,ENSG00000231772.5,biolink:Gene,https://purl.humanatlas.io/graph/hra-pop
ENSEMBL:ENSG00000231873.2,ENSG00000231873.2,ENSG00000231873.2,biolink:Gene,https://purl.humanatlas.io/graph/hra-pop
ENSEMBL:ENSG00000231955.1,ENSG00000231955.1,ENSG00000231955.1,biolink:Gene,https://purl.humanatlas.io/graph/hra-pop
ENSEMBL:ENSG00000231964.1,ENSG00000231964.1,ENSG00000231964.1,biolink:Gene,https://purl.humanatlas.io/graph/hra-pop
ENSEMBL:ENSG00000232006.9,ENSG00000232006.9,ENSG00000232006.9,biolink:Gene,https://purl.humanatlas.io/graph/hra-pop
ENSEMBL:ENSG00000232034.1,ENSG00000232034.1,ENSG00000232034.1,biolink:Gene,https://purl.humanatlas.io/graph/hra-pop
ENSEMBL:ENSG00000232072,ENSG00000232072,ENSG00000232072,biolink:Gene,https://purl.humanatlas.io/graph/hra-pop
ENSEMBL:ENSG00000232120.1,ENSG00000232120.1,ENSG00000232120.1,biolink:Gene,https://purl.humanatlas.io/graph/hra-pop
ENSEMBL:ENSG00000232153.3,ENSG00000232153.3,ENSG00000232153.3,biolink:Gene,https://purl.humanatlas.io/graph/hra-pop
ENSEMBL:ENSG00000232184.1,ENSG00000232184.1,ENSG00000232184.1,biolink:Gene,https://purl.humanatlas.io/graph/hra-pop
ENSEMBL:ENSG00000232271.1,ENSG00000232271.1,ENSG00000232271.1,biolink:Gene,https://purl.humanatlas.io/graph/hra-pop
ENSEMBL:ENSG00000232344.2,ENSG00000232344.2,ENSG00000232344.2,biolink:Gene,https://purl.humanatlas.io/graph/hra-pop
ENSEMBL:ENSG00000232377.1,ENSG00000232377.1,ENSG00000232377.1,biolink:Gene,https://purl.humanatlas.io/graph/hra-pop
ENSEMBL:ENSG00000232413.1,ENSG00000232413.1,ENSG00000232413.1,biolink:Gene,https://purl.humanatlas.io/graph/hra-pop
ENSEMBL:ENSG00000232451,ENSG00000232451,ENSG00000232451,biolink:Gene,https://purl.humanatlas.io/graph/hra-pop
ENSEMBL:ENSG00000232499.2,ENSG00000232499.2,ENSG00000232499.2,biolink:Gene,https://purl.humanatlas.io/graph/hra-pop
ENSEMBL:ENSG00000232633.4,ENSG00000232633.4,ENSG00000232633.4,biolink:Gene,https://purl.humanatlas.io/graph/hra-pop
ENSEMBL:ENSG00000232667.10,ENSG00000232667.10,ENSG00000232667.10,biolink:Gene,https://purl.humanatlas.io/graph/hra-pop
ENSEMBL:ENSG00000232682.2,ENSG00000232682.2,ENSG00000232682.2,biolink:Gene,https://purl.humanatlas.io/graph/hra-pop
ENSEMBL:ENSG00000232692.1,ENSG00000232692.1,ENSG00000232692.1,biolink:Gene,https://purl.humanatlas.io/graph/hra-pop
ENSEMBL:ENSG00000232895,ENSG00000232895,ENSG00000232895,biolink:Gene,https://purl.humanatlas.io/graph/hra-pop
ENSEMBL:ENSG00000232949.2,ENSG00000232949.2,ENSG00000232949.2,biolink:Gene,https://purl.humanatlas.io/graph/hra-pop
ENSEMBL:ENSG00000232995,ENSG00000232995,ENSG00000232995,biolink:Gene,https://purl.humanatlas.io/graph/hra-pop
ENSEMBL:ENSG00000232995.7,ENSG00000232995.7,ENSG00000232995.7,biolink:Gene,https://purl.humanatlas.io/graph/hra-pop
ENSEMBL:ENSG00000233005.2,ENSG00000233005.2,ENSG00000233005.2,biolink:Gene,https://purl.humanatlas.io/graph/hra-pop
ENSEMBL:ENSG00000233078.1,ENSG00000233078.1,ENSG00000233078.1,biolink:Gene,https://purl.humanatlas.io/graph/hra-pop
ENSEMBL:ENSG00000233099.1,ENSG00000233099.1,ENSG00000233099.1,biolink:Gene,https://purl.humanatlas.io/graph/hra-pop
ENSEMBL:ENSG00000233178.7,ENSG00000233178.7,ENSG00000233178.7,biolink:Gene,https://purl.humanatlas.io/graph/hra-pop
ENSEMBL:ENSG00000233290.3,ENSG00000233290.3,ENSG00000233290.3,biolink:Gene,https://purl.humanatlas.io/graph/hra-pop
ENSEMBL:ENSG00000233340.1,ENSG00000233340.1,ENSG00000233340.1,biolink:Gene,https://purl.humanatlas.io/graph/hra-pop
ENSEMBL:ENSG00000233406.5,ENSG00000233406.5,ENSG00000233406.5,biolink:Gene,https://purl.humanatlas.io/graph/hra-pop
ENSEMBL:ENSG00000233558.1,ENSG00000233558.1,ENSG00000233558.1,biolink:Gene,https://purl.humanatlas.io/graph/hra-pop
ENSEMBL:ENSG00000233635.2,ENSG00000233635.2,ENSG00000233635.2,biolink:Gene,https://purl.humanatlas.io/graph/hra-pop
ENSEMBL:ENSG00000233651.2,ENSG00000233651.2,ENSG00000233651.2,biolink:Gene,https://purl.humanatlas.io/graph/hra-pop
ENSEMBL:ENSG00000233776.5,ENSG00000233776.5,ENSG00000233776.5,biolink:Gene,https://purl.humanatlas.io/graph/hra-pop
ENSEMBL:ENSG00000233778.3,ENSG00000233778.3,ENSG00000233778.3,biolink:Gene,https://purl.humanatlas.io/graph/hra-pop
ENSEMBL:ENSG00000233848.1,ENSG00000233848.1,ENSG00000233848.1,biolink:Gene,https://purl.humanatlas.io/graph/hra-pop
ENSEMBL:ENSG00000233862,ENSG00000233862,ENSG00000233862,biolink:Gene,https://purl.humanatlas.io/graph/hra-pop
ENSEMBL:ENSG00000233870.1,ENSG00000233870.1,ENSG00000233870.1,biolink:Gene,https://purl.humanatlas.io/graph/hra-pop
ENSEMBL:ENSG00000233891.8,ENSG00000233891.8,ENSG00000233891.8,biolink:Gene,https://purl.humanatlas.io/graph/hra-pop
ENSEMBL:ENSG00000233912.1,ENSG00000233912.1,ENSG00000233912.1,biolink:Gene,https://purl.humanatlas.io/graph/hra-pop
ENSEMBL:ENSG00000233928.6,ENSG00000233928.6,ENSG00000233928.6,biolink:Gene,https://purl.humanatlas.io/graph/hra-pop
ENSEMBL:ENSG00000233968,ENSG00000233968,ENSG00000233968,biolink:Gene,https://purl.humanatlas.io/graph/hra-pop
ENSEMBL:ENSG00000233974.3,ENSG00000233974.3,ENSG00000233974.3,biolink:Gene,https://purl.humanatlas.io/graph/hra-pop
ENSEMBL:ENSG00000234004.4,ENSG00000234004.4,ENSG00000234004.4,biolink:Gene,https://purl.humanatlas.io/graph/hra-pop
ENSEMBL:ENSG00000234139,ENSG00000234139,ENSG00000234139,biolink:Gene,https://purl.humanatlas.io/graph/hra-pop
ENSEMBL:ENSG00000234173.1,ENSG00000234173.1,ENSG00000234173.1,biolink:Gene,https://purl.humanatlas.io/graph/hra-pop
ENSEMBL:ENSG00000234210,ENSG00000234210,ENSG00000234210,biolink:Gene,https://purl.humanatlas.io/graph/hra-pop
ENSEMBL:ENSG00000234275.4,ENSG00000234275.4,ENSG00000234275.4,biolink:Gene,https://purl.humanatlas.io/graph/hra-pop
ENSEMBL:ENSG00000234352.9,ENSG00000234352.9,ENSG00000234352.9,biolink:Gene,https://purl.humanatlas.io/graph/hra-pop
ENSEMBL:ENSG00000234425,ENSG00000234425,ENSG00000234425,biolink:Gene,https://purl.humanatlas.io/graph/hra-pop
ENSEMBL:ENSG00000234428.2,ENSG00000234428.2,ENSG00000234428.2,biolink:Gene,https://purl.humanatlas.io/graph/hra-pop
ENSEMBL:ENSG00000234464.2,ENSG00000234464.2,ENSG00000234464.2,biolink:Gene,https://purl.humanatlas.io/graph/hra-pop
ENSEMBL:ENSG00000234504.2,ENSG00000234504.2,ENSG00000234504.2,biolink:Gene,https://purl.humanatlas.io/graph/hra-pop
ENSEMBL:ENSG00000234648.1,ENSG00000234648.1,ENSG00000234648.1,biolink:Gene,https://purl.humanatlas.io/graph/hra-pop
ENSEMBL:ENSG00000234710.2,ENSG00000234710.2,ENSG00000234710.2,biolink:Gene,https://purl.humanatlas.io/graph/hra-pop
ENSEMBL:ENSG00000234712.1,ENSG00000234712.1,ENSG00000234712.1,biolink:Gene,https://purl.humanatlas.io/graph/hra-pop
ENSEMBL:ENSG00000234810.4,ENSG00000234810.4,ENSG00000234810.4,biolink:Gene,https://purl.humanatlas.io/graph/hra-pop
ENSEMBL:ENSG00000234937.1,ENSG00000234937.1,ENSG00000234937.1,biolink:Gene,https://purl.humanatlas.io/graph/hra-pop
ENSEMBL:ENSG00000235020.5,ENSG00000235020.5,ENSG00000235020.5,biolink:Gene,https://purl.humanatlas.io/graph/hra-pop
ENSEMBL:ENSG00000235085.3,ENSG00000235085.3,ENSG00000235085.3,biolink:Gene,https://purl.humanatlas.io/graph/hra-pop
ENSEMBL:ENSG00000235140.2,ENSG00000235140.2,ENSG00000235140.2,biolink:Gene,https://purl.humanatlas.io/graph/hra-pop
ENSEMBL:ENSG00000235277,ENSG00000235277,ENSG00000235277,biolink:Gene,https://purl.humanatlas.io/graph/hra-pop
ENSEMBL:ENSG00000235292.2,ENSG00000235292.2,ENSG00000235292.2,biolink:Gene,https://purl.humanatlas.io/graph/hra-pop
ENSEMBL:ENSG00000235426.2,ENSG00000235426.2,ENSG00000235426.2,biolink:Gene,https://purl.humanatlas.io/graph/hra-pop
ENSEMBL:ENSG00000235494.2,ENSG00000235494.2,ENSG00000235494.2,biolink:Gene,https://purl.humanatlas.io/graph/hra-pop
ENSEMBL:ENSG00000235582.2,ENSG00000235582.2,ENSG00000235582.2,biolink:Gene,https://purl.humanatlas.io/graph/hra-pop
ENSEMBL:ENSG00000235673.1,ENSG00000235673.1,ENSG00000235673.1,biolink:Gene,https://purl.humanatlas.io/graph/hra-pop
ENSEMBL:ENSG00000235736,ENSG00000235736,ENSG00000235736,biolink:Gene,https://purl.humanatlas.io/graph/hra-pop
ENSEMBL:ENSG00000235743.2,ENSG00000235743.2,ENSG00000235743.2,biolink:Gene,https://purl.humanatlas.io/graph/hra-pop
ENSEMBL:ENSG00000235779.8,ENSG00000235779.8,ENSG00000235779.8,biolink:Gene,https://purl.humanatlas.io/graph/hra-pop
ENSEMBL:ENSG00000235813.1,ENSG00000235813.1,ENSG00000235813.1,biolink:Gene,https://purl.humanatlas.io/graph/hra-pop
ENSEMBL:ENSG00000235912.1,ENSG00000235912.1,ENSG00000235912.1,biolink:Gene,https://purl.humanatlas.io/graph/hra-pop
ENSEMBL:ENSG00000235979.9,ENSG00000235979.9,ENSG00000235979.9,biolink:Gene,https://purl.humanatlas.io/graph/hra-pop
ENSEMBL:ENSG00000236018.2,ENSG00000236018.2,ENSG00000236018.2,biolink:Gene,https://purl.humanatlas.io/graph/hra-pop
ENSEMBL:ENSG00000236022.6,ENSG00000236022.6,ENSG00000236022.6,biolink:Gene,https://purl.humanatlas.io/graph/hra-pop
ENSEMBL:ENSG00000236065.2,ENSG00000236065.2,ENSG00000236065.2,biolink:Gene,https://purl.humanatlas.io/graph/hra-pop
ENSEMBL:ENSG00000236119.1,ENSG00000236119.1,ENSG00000236119.1,biolink:Gene,https://purl.humanatlas.io/graph/hra-pop
ENSEMBL:ENSG00000236283,ENSG00000236283,ENSG00000236283,biolink:Gene,https://purl.humanatlas.io/graph/hra-pop
ENSEMBL:ENSG00000236283.5,ENSG00000236283.5,ENSG00000236283.5,biolink:Gene,https://purl.humanatlas.io/graph/hra-pop
ENSEMBL:ENSG00000236304.1,ENSG00000236304.1,ENSG00000236304.1,biolink:Gene,https://purl.humanatlas.io/graph/hra-pop
ENSEMBL:ENSG00000236341.1,ENSG00000236341.1,ENSG00000236341.1,biolink:Gene,https://purl.humanatlas.io/graph/hra-pop
ENSEMBL:ENSG00000236356.1,ENSG00000236356.1,ENSG00000236356.1,biolink:Gene,https://purl.humanatlas.io/graph/hra-pop
ENSEMBL:ENSG00000236358,ENSG00000236358,ENSG00000236358,biolink:Gene,https://purl.humanatlas.io/graph/hra-pop
ENSEMBL:ENSG00000236358.1,ENSG00000236358.1,ENSG00000236358.1,biolink:Gene,https://purl.humanatlas.io/graph/hra-pop
ENSEMBL:ENSG00000236449.2,ENSG00000236449.2,ENSG00000236449.2,biolink:Gene,https://purl.humanatlas.io/graph/hra-pop
ENSEMBL:ENSG00000236451.3,ENSG00000236451.3,ENSG00000236451.3,biolink:Gene,https://purl.humanatlas.io/graph/hra-pop
ENSEMBL:ENSG00000236452.1,ENSG00000236452.1,ENSG00000236452.1,biolink:Gene,https://purl.humanatlas.io/graph/hra-pop
ENSEMBL:ENSG00000236627.1,ENSG00000236627.1,ENSG00000236627.1,biolink:Gene,https://purl.humanatlas.io/graph/hra-pop
ENSEMBL:ENSG00000236717.2,ENSG00000236717.2,ENSG00000236717.2,biolink:Gene,https://purl.humanatlas.io/graph/hra-pop
ENSEMBL:ENSG00000236744.2,ENSG00000236744.2,ENSG00000236744.2,biolink:Gene,https://purl.humanatlas.io/graph/hra-pop
ENSEMBL:ENSG00000236817.5,ENSG00000236817.5,ENSG00000236817.5,biolink:Gene,https://purl.humanatlas.io/graph/hra-pop
ENSEMBL:ENSG00000236886.2,ENSG00000236886.2,ENSG00000236886.2,biolink:Gene,https://purl.humanatlas.io/graph/hra-pop
ENSEMBL:ENSG00000237031,ENSG00000237031,ENSG00000237031,biolink:Gene,https://purl.humanatlas.io/graph/hra-pop
ENSEMBL:ENSG00000237031.7,ENSG00000237031.7,ENSG00000237031.7,biolink:Gene,https://purl.humanatlas.io/graph/hra-pop
ENSEMBL:ENSG00000237268.2,ENSG00000237268.2,ENSG00000237268.2,biolink:Gene,https://purl.humanatlas.io/graph/hra-pop
ENSEMBL:ENSG00000237312.2,ENSG00000237312.2,ENSG00000237312.2,biolink:Gene,https://purl.humanatlas.io/graph/hra-pop
ENSEMBL:ENSG00000237327.1,ENSG00000237327.1,ENSG00000237327.1,biolink:Gene,https://purl.humanatlas.io/graph/hra-pop
ENSEMBL:ENSG00000237356,ENSG00000237356,ENSG00000237356,biolink:Gene,https://purl.humanatlas.io/graph/hra-pop
ENSEMBL:ENSG00000237359.2,ENSG00000237359.2,ENSG00000237359.2,biolink:Gene,https://purl.humanatlas.io/graph/hra-pop
ENSEMBL:ENSG00000237413.5,ENSG00000237413.5,ENSG00000237413.5,biolink:Gene,https://purl.humanatlas.io/graph/hra-pop
ENSEMBL:ENSG00000237422,ENSG00000237422,ENSG00000237422,biolink:Gene,https://purl.humanatlas.io/graph/hra-pop
ENSEMBL:ENSG00000237422.2,ENSG00000237422.2,ENSG00000237422.2,biolink:Gene,https://purl.humanatlas.io/graph/hra-pop
ENSEMBL:ENSG00000237464.1,ENSG00000237464.1,ENSG00000237464.1,biolink:Gene,https://purl.humanatlas.io/graph/hra-pop
ENSEMBL:ENSG00000237473.2,ENSG00000237473.2,ENSG00000237473.2,biolink:Gene,https://purl.humanatlas.io/graph/hra-pop
ENSEMBL:ENSG00000237493.3,ENSG00000237493.3,ENSG00000237493.3,biolink:Gene,https://purl.humanatlas.io/graph/hra-pop
ENSEMBL:ENSG00000237550.5,ENSG00000237550.5,ENSG00000237550.5,biolink:Gene,https://purl.humanatlas.io/graph/hra-pop
ENSEMBL:ENSG00000237705.1,ENSG00000237705.1,ENSG00000237705.1,biolink:Gene,https://purl.humanatlas.io/graph/hra-pop
ENSEMBL:ENSG00000237720.2,ENSG00000237720.2,ENSG00000237720.2,biolink:Gene,https://purl.humanatlas.io/graph/hra-pop
ENSEMBL:ENSG00000237734.1,ENSG00000237734.1,ENSG00000237734.1,biolink:Gene,https://purl.humanatlas.io/graph/hra-pop
ENSEMBL:ENSG00000237773.7,ENSG00000237773.7,ENSG00000237773.7,biolink:Gene,https://purl.humanatlas.io/graph/hra-pop
ENSEMBL:ENSG00000237838.1,ENSG00000237838.1,ENSG00000237838.1,biolink:Gene,https://purl.humanatlas.io/graph/hra-pop
ENSEMBL:ENSG00000237844,ENSG00000237844,ENSG00000237844,biolink:Gene,https://purl.humanatlas.io/graph/hra-pop
ENSEMBL:ENSG00000237844.2,ENSG00000237844.2,ENSG00000237844.2,biolink:Gene,https://purl.humanatlas.io/graph/hra-pop
ENSEMBL:ENSG00000237856.1,ENSG00000237856.1,ENSG00000237856.1,biolink:Gene,https://purl.humanatlas.io/graph/hra-pop
ENSEMBL:ENSG00000237920.2,ENSG00000237920.2,ENSG00000237920.2,biolink:Gene,https://purl.humanatlas.io/graph/hra-pop
ENSEMBL:ENSG00000237975,ENSG00000237975,ENSG00000237975,biolink:Gene,https://purl.humanatlas.io/graph/hra-pop
ENSEMBL:ENSG00000238031.1,ENSG00000238031.1,ENSG00000238031.1,biolink:Gene,https://purl.humanatlas.io/graph/hra-pop
ENSEMBL:ENSG00000238034.1,ENSG00000238034.1,ENSG00000238034.1,biolink:Gene,https://purl.humanatlas.io/graph/hra-pop
ENSEMBL:ENSG00000238122.1,ENSG00000238122.1,ENSG00000238122.1,biolink:Gene,https://purl.humanatlas.io/graph/hra-pop
ENSEMBL:ENSG00000238142.2,ENSG00000238142.2,ENSG00000238142.2,biolink:Gene,https://purl.humanatlas.io/graph/hra-pop
ENSEMBL:ENSG00000238272.1,ENSG00000238272.1,ENSG00000238272.1,biolink:Gene,https://purl.humanatlas.io/graph/hra-pop
ENSEMBL:ENSG00000238279.1,ENSG00000238279.1,ENSG00000238279.1,biolink:Gene,https://purl.humanatlas.io/graph/hra-pop
ENSEMBL:ENSG00000239311.1,ENSG00000239311.1,ENSG00000239311.1,biolink:Gene,https://purl.humanatlas.io/graph/hra-pop
ENSEMBL:ENSG00000239323.1,ENSG00000239323.1,ENSG00000239323.1,biolink:Gene,https://purl.humanatlas.io/graph/hra-pop
ENSEMBL:ENSG00000239344.1,ENSG00000239344.1,ENSG00000239344.1,biolink:Gene,https://purl.humanatlas.io/graph/hra-pop
ENSEMBL:ENSG00000239498.1,ENSG00000239498.1,ENSG00000239498.1,biolink:Gene,https://purl.humanatlas.io/graph/hra-pop
ENSEMBL:ENSG00000239715.1,ENSG00000239715.1,ENSG00000239715.1,biolink:Gene,https://purl.humanatlas.io/graph/hra-pop
ENSEMBL:ENSG00000240015.2,ENSG00000240015.2,ENSG00000240015.2,biolink:Gene,https://purl.humanatlas.io/graph/hra-pop
ENSEMBL:ENSG00000240036.4,ENSG00000240036.4,ENSG00000240036.4,biolink:Gene,https://purl.humanatlas.io/graph/hra-pop
ENSEMBL:ENSG00000240040.6,ENSG00000240040.6,ENSG00000240040.6,biolink:Gene,https://purl.humanatlas.io/graph/hra-pop
ENSEMBL:ENSG00000240224.1,ENSG00000240224.1,ENSG00000240224.1,biolink:Gene,https://purl.humanatlas.io/graph/hra-pop
ENSEMBL:ENSG00000240376.1,ENSG00000240376.1,ENSG00000240376.1,biolink:Gene,https://purl.humanatlas.io/graph/hra-pop
ENSEMBL:ENSG00000240399.1,ENSG00000240399.1,ENSG00000240399.1,biolink:Gene,https://purl.humanatlas.io/graph/hra-pop
ENSEMBL:ENSG00000240521,ENSG00000240521,ENSG00000240521,biolink:Gene,https://purl.humanatlas.io/graph/hra-pop
ENSEMBL:ENSG00000240521.1,ENSG00000240521.1,ENSG00000240521.1,biolink:Gene,https://purl.humanatlas.io/graph/hra-pop
ENSEMBL:ENSG00000240527.1,ENSG00000240527.1,ENSG00000240527.1,biolink:Gene,https://purl.humanatlas.io/graph/hra-pop
ENSEMBL:ENSG00000240731.1,ENSG00000240731.1,ENSG00000240731.1,biolink:Gene,https://purl.humanatlas.io/graph/hra-pop
ENSEMBL:ENSG00000240801.1,ENSG00000240801.1,ENSG00000240801.1,biolink:Gene,https://purl.humanatlas.io/graph/hra-pop
ENSEMBL:ENSG00000241168.1,ENSG00000241168.1,ENSG00000241168.1,biolink:Gene,https://purl.humanatlas.io/graph/hra-pop
ENSEMBL:ENSG00000241352.3,ENSG00000241352.3,ENSG00000241352.3,biolink:Gene,https://purl.humanatlas.io/graph/hra-pop
ENSEMBL:ENSG00000241358.1,ENSG00000241358.1,ENSG00000241358.1,biolink:Gene,https://purl.humanatlas.io/graph/hra-pop
ENSEMBL:ENSG00000241411.1,ENSG00000241411.1,ENSG00000241411.1,biolink:Gene,https://purl.humanatlas.io/graph/hra-pop
ENSEMBL:ENSG00000241520.1,ENSG00000241520.1,ENSG00000241520.1,biolink:Gene,https://purl.humanatlas.io/graph/hra-pop
ENSEMBL:ENSG00000241577.1,ENSG00000241577.1,ENSG00000241577.1,biolink:Gene,https://purl.humanatlas.io/graph/hra-pop
ENSEMBL:ENSG00000241720.2,ENSG00000241720.2,ENSG00000241720.2,biolink:Gene,https://purl.humanatlas.io/graph/hra-pop
ENSEMBL:ENSG00000242029,ENSG00000242029,ENSG00000242029,biolink:Gene,https://purl.humanatlas.io/graph/hra-pop
ENSEMBL:ENSG00000242029.1,ENSG00000242029.1,ENSG00000242029.1,biolink:Gene,https://purl.humanatlas.io/graph/hra-pop
ENSEMBL:ENSG00000242327.1,ENSG00000242327.1,ENSG00000242327.1,biolink:Gene,https://purl.humanatlas.io/graph/hra-pop
ENSEMBL:ENSG00000242588.6,ENSG00000242588.6,ENSG00000242588.6,biolink:Gene,https://purl.humanatlas.io/graph/hra-pop
ENSEMBL:ENSG00000242590.1,ENSG00000242590.1,ENSG00000242590.1,biolink:Gene,https://purl.humanatlas.io/graph/hra-pop
ENSEMBL:ENSG00000242795.2,ENSG00000242795.2,ENSG00000242795.2,biolink:Gene,https://purl.humanatlas.io/graph/hra-pop
ENSEMBL:ENSG00000242970.2,ENSG00000242970.2,ENSG00000242970.2,biolink:Gene,https://purl.humanatlas.io/graph/hra-pop
ENSEMBL:ENSG00000243004,ENSG00000243004,ENSG00000243004,biolink:Gene,https://purl.humanatlas.io/graph/hra-pop
ENSEMBL:ENSG00000243004.6,ENSG00000243004.6,ENSG00000243004.6,biolink:Gene,https://purl.humanatlas.io/graph/hra-pop
ENSEMBL:ENSG00000243008,ENSG00000243008,ENSG00000243008,biolink:Gene,https://purl.humanatlas.io/graph/hra-pop
ENSEMBL:ENSG00000243081,ENSG00000243081,ENSG00000243081,biolink:Gene,https://purl.humanatlas.io/graph/hra-pop
ENSEMBL:ENSG00000243081.2,ENSG00000243081.2,ENSG00000243081.2,biolink:Gene,https://purl.humanatlas.io/graph/hra-pop
ENSEMBL:ENSG00000243135.6,ENSG00000243135.6,ENSG00000243135.6,biolink:Gene,https://purl.humanatlas.io/graph/hra-pop
ENSEMBL:ENSG00000243155.1,ENSG00000243155.1,ENSG00000243155.1,biolink:Gene,https://purl.humanatlas.io/graph/hra-pop
ENSEMBL:ENSG00000243176,ENSG00000243176,ENSG00000243176,biolink:Gene,https://purl.humanatlas.io/graph/hra-pop
ENSEMBL:ENSG00000243176.6,ENSG00000243176.6,ENSG00000243176.6,biolink:Gene,https://purl.humanatlas.io/graph/hra-pop
ENSEMBL:ENSG00000243276.6,ENSG00000243276.6,ENSG00000243276.6,biolink:Gene,https://purl.humanatlas.io/graph/hra-pop
ENSEMBL:ENSG00000243389.1,ENSG00000243389.1,ENSG00000243389.1,biolink:Gene,https://purl.humanatlas.io/graph/hra-pop
ENSEMBL:ENSG00000243403.1,ENSG00000243403.1,ENSG00000243403.1,biolink:Gene,https://purl.humanatlas.io/graph/hra-pop
ENSEMBL:ENSG00000243777.1,ENSG00000243777.1,ENSG00000243777.1,biolink:Gene,https://purl.humanatlas.io/graph/hra-pop
ENSEMBL:ENSG00000243944.5,ENSG00000243944.5,ENSG00000243944.5,biolink:Gene,https://purl.humanatlas.io/graph/hra-pop
ENSEMBL:ENSG00000244055,ENSG00000244055,ENSG00000244055,biolink:Gene,https://purl.humanatlas.io/graph/hra-pop
ENSEMBL:ENSG00000244278.1,ENSG00000244278.1,ENSG00000244278.1,biolink:Gene,https://purl.humanatlas.io/graph/hra-pop
ENSEMBL:ENSG00000244313.3,ENSG00000244313.3,ENSG00000244313.3,biolink:Gene,https://purl.humanatlas.io/graph/hra-pop
ENSEMBL:ENSG00000244380.1,ENSG00000244380.1,ENSG00000244380.1,biolink:Gene,https://purl.humanatlas.io/graph/hra-pop
ENSEMBL:ENSG00000244491.1,ENSG00000244491.1,ENSG00000244491.1,biolink:Gene,https://purl.humanatlas.io/graph/hra-pop
ENSEMBL:ENSG00000244604.1,ENSG00000244604.1,ENSG00000244604.1,biolink:Gene,https://purl.humanatlas.io/graph/hra-pop
ENSEMBL:ENSG00000244693.1,ENSG00000244693.1,ENSG00000244693.1,biolink:Gene,https://purl.humanatlas.io/graph/hra-pop
ENSEMBL:ENSG00000244757.1,ENSG00000244757.1,ENSG00000244757.1,biolink:Gene,https://purl.humanatlas.io/graph/hra-pop
ENSEMBL:ENSG00000245768,ENSG00000245768,ENSG00000245768,biolink:Gene,https://purl.humanatlas.io/graph/hra-pop
ENSEMBL:ENSG00000245857.3,ENSG00000245857.3,ENSG00000245857.3,biolink:Gene,https://purl.humanatlas.io/graph/hra-pop
ENSEMBL:ENSG00000246851,ENSG00000246851,ENSG00000246851,biolink:Gene,https://purl.humanatlas.io/graph/hra-pop
ENSEMBL:ENSG00000247033,ENSG00000247033,ENSG00000247033,biolink:Gene,https://purl.humanatlas.io/graph/hra-pop
ENSEMBL:ENSG00000247134,ENSG00000247134,ENSG00000247134,biolink:Gene,https://purl.humanatlas.io/graph/hra-pop
ENSEMBL:ENSG00000247311.3,ENSG00000247311.3,ENSG00000247311.3,biolink:Gene,https://purl.humanatlas.io/graph/hra-pop
ENSEMBL:ENSG00000247345.2,ENSG00000247345.2,ENSG00000247345.2,biolink:Gene,https://purl.humanatlas.io/graph/hra-pop
ENSEMBL:ENSG00000247765.2,ENSG00000247765.2,ENSG00000247765.2,biolink:Gene,https://purl.humanatlas.io/graph/hra-pop
ENSEMBL:ENSG00000247903.1,ENSG00000247903.1,ENSG00000247903.1,biolink:Gene,https://purl.humanatlas.io/graph/hra-pop
ENSEMBL:ENSG00000247925.2,ENSG00000247925.2,ENSG00000247925.2,biolink:Gene,https://purl.humanatlas.io/graph/hra-pop
ENSEMBL:ENSG00000247934,ENSG00000247934,ENSG00000247934,biolink:Gene,https://purl.humanatlas.io/graph/hra-pop
ENSEMBL:ENSG00000248115.1,ENSG00000248115.1,ENSG00000248115.1,biolink:Gene,https://purl.humanatlas.io/graph/hra-pop
ENSEMBL:ENSG00000248138.5,ENSG00000248138.5,ENSG00000248138.5,biolink:Gene,https://purl.humanatlas.io/graph/hra-pop
ENSEMBL:ENSG00000248165.1,ENSG00000248165.1,ENSG00000248165.1,biolink:Gene,https://purl.humanatlas.io/graph/hra-pop
ENSEMBL:ENSG00000248206.2,ENSG00000248206.2,ENSG00000248206.2,biolink:Gene,https://purl.humanatlas.io/graph/hra-pop
ENSEMBL:ENSG00000248223.1,ENSG00000248223.1,ENSG00000248223.1,biolink:Gene,https://purl.humanatlas.io/graph/hra-pop
ENSEMBL:ENSG00000248242.1,ENSG00000248242.1,ENSG00000248242.1,biolink:Gene,https://purl.humanatlas.io/graph/hra-pop
ENSEMBL:ENSG00000248245.1,ENSG00000248245.1,ENSG00000248245.1,biolink:Gene,https://purl.humanatlas.io/graph/hra-pop
ENSEMBL:ENSG00000248266.1,ENSG00000248266.1,ENSG00000248266.1,biolink:Gene,https://purl.humanatlas.io/graph/hra-pop
ENSEMBL:ENSG00000248268.1,ENSG00000248268.1,ENSG00000248268.1,biolink:Gene,https://purl.humanatlas.io/graph/hra-pop
ENSEMBL:ENSG00000248288.1,ENSG00000248288.1,ENSG00000248288.1,biolink:Gene,https://purl.humanatlas.io/graph/hra-pop
ENSEMBL:ENSG00000248373,ENSG00000248373,ENSG00000248373,biolink:Gene,https://purl.humanatlas.io/graph/hra-pop
ENSEMBL:ENSG00000248373.6,ENSG00000248373.6,ENSG00000248373.6,biolink:Gene,https://purl.humanatlas.io/graph/hra-pop
ENSEMBL:ENSG00000248375.1,ENSG00000248375.1,ENSG00000248375.1,biolink:Gene,https://purl.humanatlas.io/graph/hra-pop
ENSEMBL:ENSG00000248434.1,ENSG00000248434.1,ENSG00000248434.1,biolink:Gene,https://purl.humanatlas.io/graph/hra-pop
ENSEMBL:ENSG00000248537.1,ENSG00000248537.1,ENSG00000248537.1,biolink:Gene,https://purl.humanatlas.io/graph/hra-pop
ENSEMBL:ENSG00000248636.7,ENSG00000248636.7,ENSG00000248636.7,biolink:Gene,https://purl.humanatlas.io/graph/hra-pop
ENSEMBL:ENSG00000248648.1,ENSG00000248648.1,ENSG00000248648.1,biolink:Gene,https://purl.humanatlas.io/graph/hra-pop
ENSEMBL:ENSG00000248671.8,ENSG00000248671.8,ENSG00000248671.8,biolink:Gene,https://purl.humanatlas.io/graph/hra-pop
ENSEMBL:ENSG00000248802.1,ENSG00000248802.1,ENSG00000248802.1,biolink:Gene,https://purl.humanatlas.io/graph/hra-pop
ENSEMBL:ENSG00000248935.1,ENSG00000248935.1,ENSG00000248935.1,biolink:Gene,https://purl.humanatlas.io/graph/hra-pop
ENSEMBL:ENSG00000248954.1,ENSG00000248954.1,ENSG00000248954.1,biolink:Gene,https://purl.humanatlas.io/graph/hra-pop
ENSEMBL:ENSG00000248969.1,ENSG00000248969.1,ENSG00000248969.1,biolink:Gene,https://purl.humanatlas.io/graph/hra-pop
ENSEMBL:ENSG00000248973,ENSG00000248973,ENSG00000248973,biolink:Gene,https://purl.humanatlas.io/graph/hra-pop
ENSEMBL:ENSG00000248984.1,ENSG00000248984.1,ENSG00000248984.1,biolink:Gene,https://purl.humanatlas.io/graph/hra-pop
ENSEMBL:ENSG00000248991,ENSG00000248991,ENSG00000248991,biolink:Gene,https://purl.humanatlas.io/graph/hra-pop
ENSEMBL:ENSG00000249000.1,ENSG00000249000.1,ENSG00000249000.1,biolink:Gene,https://purl.humanatlas.io/graph/hra-pop
ENSEMBL:ENSG00000249141,ENSG00000249141,ENSG00000249141,biolink:Gene,https://purl.humanatlas.io/graph/hra-pop
ENSEMBL:ENSG00000249141.1,ENSG00000249141.1,ENSG00000249141.1,biolink:Gene,https://purl.humanatlas.io/graph/hra-pop
ENSEMBL:ENSG00000249150.2,ENSG00000249150.2,ENSG00000249150.2,biolink:Gene,https://purl.humanatlas.io/graph/hra-pop
ENSEMBL:ENSG00000249159.6,ENSG00000249159.6,ENSG00000249159.6,biolink:Gene,https://purl.humanatlas.io/graph/hra-pop
ENSEMBL:ENSG00000249174.1,ENSG00000249174.1,ENSG00000249174.1,biolink:Gene,https://purl.humanatlas.io/graph/hra-pop
ENSEMBL:ENSG00000249207.2,ENSG00000249207.2,ENSG00000249207.2,biolink:Gene,https://purl.humanatlas.io/graph/hra-pop
ENSEMBL:ENSG00000249209,ENSG00000249209,ENSG00000249209,biolink:Gene,https://purl.humanatlas.io/graph/hra-pop
ENSEMBL:ENSG00000249209.2,ENSG00000249209.2,ENSG00000249209.2,biolink:Gene,https://purl.humanatlas.io/graph/hra-pop
ENSEMBL:ENSG00000249228.1,ENSG00000249228.1,ENSG00000249228.1,biolink:Gene,https://purl.humanatlas.io/graph/hra-pop
ENSEMBL:ENSG00000249240,ENSG00000249240,ENSG00000249240,biolink:Gene,https://purl.humanatlas.io/graph/hra-pop
ENSEMBL:ENSG00000249240.2,ENSG00000249240.2,ENSG00000249240.2,biolink:Gene,https://purl.humanatlas.io/graph/hra-pop
ENSEMBL:ENSG00000249258,ENSG00000249258,ENSG00000249258,biolink:Gene,https://purl.humanatlas.io/graph/hra-pop
ENSEMBL:ENSG00000249334.1,ENSG00000249334.1,ENSG00000249334.1,biolink:Gene,https://purl.humanatlas.io/graph/hra-pop
ENSEMBL:ENSG00000249341.1,ENSG00000249341.1,ENSG00000249341.1,biolink:Gene,https://purl.humanatlas.io/graph/hra-pop
ENSEMBL:ENSG00000249417.1,ENSG00000249417.1,ENSG00000249417.1,biolink:Gene,https://purl.humanatlas.io/graph/hra-pop
ENSEMBL:ENSG00000249476.2,ENSG00000249476.2,ENSG00000249476.2,biolink:Gene,https://purl.humanatlas.io/graph/hra-pop
ENSEMBL:ENSG00000249492.2,ENSG00000249492.2,ENSG00000249492.2,biolink:Gene,https://purl.humanatlas.io/graph/hra-pop
ENSEMBL:ENSG00000249624.9,ENSG00000249624.9,ENSG00000249624.9,biolink:Gene,https://purl.humanatlas.io/graph/hra-pop
ENSEMBL:ENSG00000249635,ENSG00000249635,ENSG00000249635,biolink:Gene,https://purl.humanatlas.io/graph/hra-pop
ENSEMBL:ENSG00000249679.2,ENSG00000249679.2,ENSG00000249679.2,biolink:Gene,https://purl.humanatlas.io/graph/hra-pop
ENSEMBL:ENSG00000249738.10,ENSG00000249738.10,ENSG00000249738.10,biolink:Gene,https://purl.humanatlas.io/graph/hra-pop
ENSEMBL:ENSG00000249776,ENSG00000249776,ENSG00000249776,biolink:Gene,https://purl.humanatlas.io/graph/hra-pop
ENSEMBL:ENSG00000249776.5,ENSG00000249776.5,ENSG00000249776.5,biolink:Gene,https://purl.humanatlas.io/graph/hra-pop
ENSEMBL:ENSG00000249883.1,ENSG00000249883.1,ENSG00000249883.1,biolink:Gene,https://purl.humanatlas.io/graph/hra-pop
ENSEMBL:ENSG00000249894.1,ENSG00000249894.1,ENSG00000249894.1,biolink:Gene,https://purl.humanatlas.io/graph/hra-pop
ENSEMBL:ENSG00000249901.1,ENSG00000249901.1,ENSG00000249901.1,biolink:Gene,https://purl.humanatlas.io/graph/hra-pop
ENSEMBL:ENSG00000249942.1,ENSG00000249942.1,ENSG00000249942.1,biolink:Gene,https://purl.humanatlas.io/graph/hra-pop
ENSEMBL:ENSG00000249955.2,ENSG00000249955.2,ENSG00000249955.2,biolink:Gene,https://purl.humanatlas.io/graph/hra-pop
ENSEMBL:ENSG00000249960.2,ENSG00000249960.2,ENSG00000249960.2,biolink:Gene,https://purl.humanatlas.io/graph/hra-pop
ENSEMBL:ENSG00000249988,ENSG00000249988,ENSG00000249988,biolink:Gene,https://purl.humanatlas.io/graph/hra-pop
ENSEMBL:ENSG00000249988.1,ENSG00000249988.1,ENSG00000249988.1,biolink:Gene,https://purl.humanatlas.io/graph/hra-pop
ENSEMBL:ENSG00000250049,ENSG00000250049,ENSG00000250049,biolink:Gene,https://purl.humanatlas.io/graph/hra-pop
ENSEMBL:ENSG00000250049.7,ENSG00000250049.7,ENSG00000250049.7,biolink:Gene,https://purl.humanatlas.io/graph/hra-pop
ENSEMBL:ENSG00000250092.2,ENSG00000250092.2,ENSG00000250092.2,biolink:Gene,https://purl.humanatlas.io/graph/hra-pop
ENSEMBL:ENSG00000250101.1,ENSG00000250101.1,ENSG00000250101.1,biolink:Gene,https://purl.humanatlas.io/graph/hra-pop
ENSEMBL:ENSG00000250149,ENSG00000250149,ENSG00000250149,biolink:Gene,https://purl.humanatlas.io/graph/hra-pop
ENSEMBL:ENSG00000250167.1,ENSG00000250167.1,ENSG00000250167.1,biolink:Gene,https://purl.humanatlas.io/graph/hra-pop
ENSEMBL:ENSG00000250183.2,ENSG00000250183.2,ENSG00000250183.2,biolink:Gene,https://purl.humanatlas.io/graph/hra-pop
ENSEMBL:ENSG00000250186.3,ENSG00000250186.3,ENSG00000250186.3,biolink:Gene,https://purl.humanatlas.io/graph/hra-pop
ENSEMBL:ENSG00000250243.3,ENSG00000250243.3,ENSG00000250243.3,biolink:Gene,https://purl.humanatlas.io/graph/hra-pop
ENSEMBL:ENSG00000250244.5,ENSG00000250244.5,ENSG00000250244.5,biolink:Gene,https://purl.humanatlas.io/graph/hra-pop
ENSEMBL:ENSG00000250264.1,ENSG00000250264.1,ENSG00000250264.1,biolink:Gene,https://purl.humanatlas.io/graph/hra-pop
ENSEMBL:ENSG00000250267.2,ENSG00000250267.2,ENSG00000250267.2,biolink:Gene,https://purl.humanatlas.io/graph/hra-pop
ENSEMBL:ENSG00000250328.6,ENSG00000250328.6,ENSG00000250328.6,biolink:Gene,https://purl.humanatlas.io/graph/hra-pop
ENSEMBL:ENSG00000250349.3,ENSG00000250349.3,ENSG00000250349.3,biolink:Gene,https://purl.humanatlas.io/graph/hra-pop
ENSEMBL:ENSG00000250375.2,ENSG00000250375.2,ENSG00000250375.2,biolink:Gene,https://purl.humanatlas.io/graph/hra-pop
ENSEMBL:ENSG00000250424,ENSG00000250424,ENSG00000250424,biolink:Gene,https://purl.humanatlas.io/graph/hra-pop
ENSEMBL:ENSG00000250424.4,ENSG00000250424.4,ENSG00000250424.4,biolink:Gene,https://purl.humanatlas.io/graph/hra-pop
ENSEMBL:ENSG00000250461.1,ENSG00000250461.1,ENSG00000250461.1,biolink:Gene,https://purl.humanatlas.io/graph/hra-pop
ENSEMBL:ENSG00000250523.1,ENSG00000250523.1,ENSG00000250523.1,biolink:Gene,https://purl.humanatlas.io/graph/hra-pop
ENSEMBL:ENSG00000250551.1,ENSG00000250551.1,ENSG00000250551.1,biolink:Gene,https://purl.humanatlas.io/graph/hra-pop
ENSEMBL:ENSG00000250568.1,ENSG00000250568.1,ENSG00000250568.1,biolink:Gene,https://purl.humanatlas.io/graph/hra-pop
ENSEMBL:ENSG00000250619.1,ENSG00000250619.1,ENSG00000250619.1,biolink:Gene,https://purl.humanatlas.io/graph/hra-pop
ENSEMBL:ENSG00000250644.3,ENSG00000250644.3,ENSG00000250644.3,biolink:Gene,https://purl.humanatlas.io/graph/hra-pop
ENSEMBL:ENSG00000250654.7,ENSG00000250654.7,ENSG00000250654.7,biolink:Gene,https://purl.humanatlas.io/graph/hra-pop
ENSEMBL:ENSG00000250665.1,ENSG00000250665.1,ENSG00000250665.1,biolink:Gene,https://purl.humanatlas.io/graph/hra-pop
ENSEMBL:ENSG00000250697.2,ENSG00000250697.2,ENSG00000250697.2,biolink:Gene,https://purl.humanatlas.io/graph/hra-pop
ENSEMBL:ENSG00000250746.1,ENSG00000250746.1,ENSG00000250746.1,biolink:Gene,https://purl.humanatlas.io/graph/hra-pop
ENSEMBL:ENSG00000250751.1,ENSG00000250751.1,ENSG00000250751.1,biolink:Gene,https://purl.humanatlas.io/graph/hra-pop
ENSEMBL:ENSG00000250781,ENSG00000250781,ENSG00000250781,biolink:Gene,https://purl.humanatlas.io/graph/hra-pop
ENSEMBL:ENSG00000250790.4,ENSG00000250790.4,ENSG00000250790.4,biolink:Gene,https://purl.humanatlas.io/graph/hra-pop
ENSEMBL:ENSG00000250820.1,ENSG00000250820.1,ENSG00000250820.1,biolink:Gene,https://purl.humanatlas.io/graph/hra-pop
ENSEMBL:ENSG00000250887.1,ENSG00000250887.1,ENSG00000250887.1,biolink:Gene,https://purl.humanatlas.io/graph/hra-pop
ENSEMBL:ENSG00000251034.2,ENSG00000251034.2,ENSG00000251034.2,biolink:Gene,https://purl.humanatlas.io/graph/hra-pop
ENSEMBL:ENSG00000251062.1,ENSG00000251062.1,ENSG00000251062.1,biolink:Gene,https://purl.humanatlas.io/graph/hra-pop
ENSEMBL:ENSG00000251088.1,ENSG00000251088.1,ENSG00000251088.1,biolink:Gene,https://purl.humanatlas.io/graph/hra-pop
ENSEMBL:ENSG00000251095.7,ENSG00000251095.7,ENSG00000251095.7,biolink:Gene,https://purl.humanatlas.io/graph/hra-pop
ENSEMBL:ENSG00000251139.2,ENSG00000251139.2,ENSG00000251139.2,biolink:Gene,https://purl.humanatlas.io/graph/hra-pop
ENSEMBL:ENSG00000251143.1,ENSG00000251143.1,ENSG00000251143.1,biolink:Gene,https://purl.humanatlas.io/graph/hra-pop
ENSEMBL:ENSG00000251171.1,ENSG00000251171.1,ENSG00000251171.1,biolink:Gene,https://purl.humanatlas.io/graph/hra-pop
ENSEMBL:ENSG00000251259.1,ENSG00000251259.1,ENSG00000251259.1,biolink:Gene,https://purl.humanatlas.io/graph/hra-pop
ENSEMBL:ENSG00000251339.6,ENSG00000251339.6,ENSG00000251339.6,biolink:Gene,https://purl.humanatlas.io/graph/hra-pop
ENSEMBL:ENSG00000251379.1,ENSG00000251379.1,ENSG00000251379.1,biolink:Gene,https://purl.humanatlas.io/graph/hra-pop
ENSEMBL:ENSG00000251417.2,ENSG00000251417.2,ENSG00000251417.2,biolink:Gene,https://purl.humanatlas.io/graph/hra-pop
ENSEMBL:ENSG00000251501.1,ENSG00000251501.1,ENSG00000251501.1,biolink:Gene,https://purl.humanatlas.io/graph/hra-pop
ENSEMBL:ENSG00000251545.2,ENSG00000251545.2,ENSG00000251545.2,biolink:Gene,https://purl.humanatlas.io/graph/hra-pop
ENSEMBL:ENSG00000251557.2,ENSG00000251557.2,ENSG00000251557.2,biolink:Gene,https://purl.humanatlas.io/graph/hra-pop
ENSEMBL:ENSG00000251600.8,ENSG00000251600.8,ENSG00000251600.8,biolink:Gene,https://purl.humanatlas.io/graph/hra-pop
ENSEMBL:ENSG00000251648.2,ENSG00000251648.2,ENSG00000251648.2,biolink:Gene,https://purl.humanatlas.io/graph/hra-pop
ENSEMBL:ENSG00000251661.3,ENSG00000251661.3,ENSG00000251661.3,biolink:Gene,https://purl.humanatlas.io/graph/hra-pop
ENSEMBL:ENSG00000251668.2,ENSG00000251668.2,ENSG00000251668.2,biolink:Gene,https://purl.humanatlas.io/graph/hra-pop
ENSEMBL:ENSG00000251675.1,ENSG00000251675.1,ENSG00000251675.1,biolink:Gene,https://purl.humanatlas.io/graph/hra-pop
ENSEMBL:ENSG00000251680.6,ENSG00000251680.6,ENSG00000251680.6,biolink:Gene,https://purl.humanatlas.io/graph/hra-pop
ENSEMBL:ENSG00000253180.1,ENSG00000253180.1,ENSG00000253180.1,biolink:Gene,https://purl.humanatlas.io/graph/hra-pop
ENSEMBL:ENSG00000253183.1,ENSG00000253183.1,ENSG00000253183.1,biolink:Gene,https://purl.humanatlas.io/graph/hra-pop
ENSEMBL:ENSG00000253207.3,ENSG00000253207.3,ENSG00000253207.3,biolink:Gene,https://purl.humanatlas.io/graph/hra-pop
ENSEMBL:ENSG00000253238.3,ENSG00000253238.3,ENSG00000253238.3,biolink:Gene,https://purl.humanatlas.io/graph/hra-pop
ENSEMBL:ENSG00000253284.2,ENSG00000253284.2,ENSG00000253284.2,biolink:Gene,https://purl.humanatlas.io/graph/hra-pop
ENSEMBL:ENSG00000253335.1,ENSG00000253335.1,ENSG00000253335.1,biolink:Gene,https://purl.humanatlas.io/graph/hra-pop
ENSEMBL:ENSG00000253347.1,ENSG00000253347.1,ENSG00000253347.1,biolink:Gene,https://purl.humanatlas.io/graph/hra-pop
ENSEMBL:ENSG00000253363,ENSG00000253363,ENSG00000253363,biolink:Gene,https://purl.humanatlas.io/graph/hra-pop
ENSEMBL:ENSG00000253377.2,ENSG00000253377.2,ENSG00000253377.2,biolink:Gene,https://purl.humanatlas.io/graph/hra-pop
ENSEMBL:ENSG00000253389.2,ENSG00000253389.2,ENSG00000253389.2,biolink:Gene,https://purl.humanatlas.io/graph/hra-pop
ENSEMBL:ENSG00000253420.1,ENSG00000253420.1,ENSG00000253420.1,biolink:Gene,https://purl.humanatlas.io/graph/hra-pop
ENSEMBL:ENSG00000253449.1,ENSG00000253449.1,ENSG00000253449.1,biolink:Gene,https://purl.humanatlas.io/graph/hra-pop
ENSEMBL:ENSG00000253496,ENSG00000253496,ENSG00000253496,biolink:Gene,https://purl.humanatlas.io/graph/hra-pop
ENSEMBL:ENSG00000253496.3,ENSG00000253496.3,ENSG00000253496.3,biolink:Gene,https://purl.humanatlas.io/graph/hra-pop
ENSEMBL:ENSG00000253524.1,ENSG00000253524.1,ENSG00000253524.1,biolink:Gene,https://purl.humanatlas.io/graph/hra-pop
ENSEMBL:ENSG00000253530,ENSG00000253530,ENSG00000253530,biolink:Gene,https://purl.humanatlas.io/graph/hra-pop
ENSEMBL:ENSG00000253557.6,ENSG00000253557.6,ENSG00000253557.6,biolink:Gene,https://purl.humanatlas.io/graph/hra-pop
ENSEMBL:ENSG00000253567.1,ENSG00000253567.1,ENSG00000253567.1,biolink:Gene,https://purl.humanatlas.io/graph/hra-pop
ENSEMBL:ENSG00000253620.2,ENSG00000253620.2,ENSG00000253620.2,biolink:Gene,https://purl.humanatlas.io/graph/hra-pop
ENSEMBL:ENSG00000253675,ENSG00000253675,ENSG00000253675,biolink:Gene,https://purl.humanatlas.io/graph/hra-pop
ENSEMBL:ENSG00000253675.1,ENSG00000253675.1,ENSG00000253675.1,biolink:Gene,https://purl.humanatlas.io/graph/hra-pop
ENSEMBL:ENSG00000253687.1,ENSG00000253687.1,ENSG00000253687.1,biolink:Gene,https://purl.humanatlas.io/graph/hra-pop
ENSEMBL:ENSG00000253693,ENSG00000253693,ENSG00000253693,biolink:Gene,https://purl.humanatlas.io/graph/hra-pop
ENSEMBL:ENSG00000253693.1,ENSG00000253693.1,ENSG00000253693.1,biolink:Gene,https://purl.humanatlas.io/graph/hra-pop
ENSEMBL:ENSG00000253736.3,ENSG00000253736.3,ENSG00000253736.3,biolink:Gene,https://purl.humanatlas.io/graph/hra-pop
ENSEMBL:ENSG00000253784.1,ENSG00000253784.1,ENSG00000253784.1,biolink:Gene,https://purl.humanatlas.io/graph/hra-pop
ENSEMBL:ENSG00000253798.2,ENSG00000253798.2,ENSG00000253798.2,biolink:Gene,https://purl.humanatlas.io/graph/hra-pop
ENSEMBL:ENSG00000253853,ENSG00000253853,ENSG00000253853,biolink:Gene,https://purl.humanatlas.io/graph/hra-pop
ENSEMBL:ENSG00000253903.2,ENSG00000253903.2,ENSG00000253903.2,biolink:Gene,https://purl.humanatlas.io/graph/hra-pop
ENSEMBL:ENSG00000253917.4,ENSG00000253917.4,ENSG00000253917.4,biolink:Gene,https://purl.humanatlas.io/graph/hra-pop
ENSEMBL:ENSG00000253968.2,ENSG00000253968.2,ENSG00000253968.2,biolink:Gene,https://purl.humanatlas.io/graph/hra-pop
ENSEMBL:ENSG00000254024.1,ENSG00000254024.1,ENSG00000254024.1,biolink:Gene,https://purl.humanatlas.io/graph/hra-pop
ENSEMBL:ENSG00000254044.5,ENSG00000254044.5,ENSG00000254044.5,biolink:Gene,https://purl.humanatlas.io/graph/hra-pop
ENSEMBL:ENSG00000254067.2,ENSG00000254067.2,ENSG00000254067.2,biolink:Gene,https://purl.humanatlas.io/graph/hra-pop
ENSEMBL:ENSG00000254138.1,ENSG00000254138.1,ENSG00000254138.1,biolink:Gene,https://purl.humanatlas.io/graph/hra-pop
ENSEMBL:ENSG00000254141.1,ENSG00000254141.1,ENSG00000254141.1,biolink:Gene,https://purl.humanatlas.io/graph/hra-pop
ENSEMBL:ENSG00000254163.1,ENSG00000254163.1,ENSG00000254163.1,biolink:Gene,https://purl.humanatlas.io/graph/hra-pop
ENSEMBL:ENSG00000254177.1,ENSG00000254177.1,ENSG00000254177.1,biolink:Gene,https://purl.humanatlas.io/graph/hra-pop
ENSEMBL:ENSG00000254186.3,ENSG00000254186.3,ENSG00000254186.3,biolink:Gene,https://purl.humanatlas.io/graph/hra-pop
ENSEMBL:ENSG00000254192.1,ENSG00000254192.1,ENSG00000254192.1,biolink:Gene,https://purl.humanatlas.io/graph/hra-pop
ENSEMBL:ENSG00000254193.1,ENSG00000254193.1,ENSG00000254193.1,biolink:Gene,https://purl.humanatlas.io/graph/hra-pop
ENSEMBL:ENSG00000254202.2,ENSG00000254202.2,ENSG00000254202.2,biolink:Gene,https://purl.humanatlas.io/graph/hra-pop
ENSEMBL:ENSG00000254263.1,ENSG00000254263.1,ENSG00000254263.1,biolink:Gene,https://purl.humanatlas.io/graph/hra-pop
ENSEMBL:ENSG00000254303.1,ENSG00000254303.1,ENSG00000254303.1,biolink:Gene,https://purl.humanatlas.io/graph/hra-pop
ENSEMBL:ENSG00000254343.2,ENSG00000254343.2,ENSG00000254343.2,biolink:Gene,https://purl.humanatlas.io/graph/hra-pop
ENSEMBL:ENSG00000254380.2,ENSG00000254380.2,ENSG00000254380.2,biolink:Gene,https://purl.humanatlas.io/graph/hra-pop
ENSEMBL:ENSG00000254409.3,ENSG00000254409.3,ENSG00000254409.3,biolink:Gene,https://purl.humanatlas.io/graph/hra-pop
ENSEMBL:ENSG00000254485,ENSG00000254485,ENSG00000254485,biolink:Gene,https://purl.humanatlas.io/graph/hra-pop
ENSEMBL:ENSG00000254501.1,ENSG00000254501.1,ENSG00000254501.1,biolink:Gene,https://purl.humanatlas.io/graph/hra-pop
ENSEMBL:ENSG00000254538.1,ENSG00000254538.1,ENSG00000254538.1,biolink:Gene,https://purl.humanatlas.io/graph/hra-pop
ENSEMBL:ENSG00000254568.1,ENSG00000254568.1,ENSG00000254568.1,biolink:Gene,https://purl.humanatlas.io/graph/hra-pop
ENSEMBL:ENSG00000254615.3,ENSG00000254615.3,ENSG00000254615.3,biolink:Gene,https://purl.humanatlas.io/graph/hra-pop
ENSEMBL:ENSG00000254695,ENSG00000254695,ENSG00000254695,biolink:Gene,https://purl.humanatlas.io/graph/hra-pop
ENSEMBL:ENSG00000254695.2,ENSG00000254695.2,ENSG00000254695.2,biolink:Gene,https://purl.humanatlas.io/graph/hra-pop
ENSEMBL:ENSG00000254698.1,ENSG00000254698.1,ENSG00000254698.1,biolink:Gene,https://purl.humanatlas.io/graph/hra-pop
ENSEMBL:ENSG00000254710.2,ENSG00000254710.2,ENSG00000254710.2,biolink:Gene,https://purl.humanatlas.io/graph/hra-pop
ENSEMBL:ENSG00000254732.2,ENSG00000254732.2,ENSG00000254732.2,biolink:Gene,https://purl.humanatlas.io/graph/hra-pop
ENSEMBL:ENSG00000254733,ENSG00000254733,ENSG00000254733,biolink:Gene,https://purl.humanatlas.io/graph/hra-pop
ENSEMBL:ENSG00000254741.1,ENSG00000254741.1,ENSG00000254741.1,biolink:Gene,https://purl.humanatlas.io/graph/hra-pop
ENSEMBL:ENSG00000254744,ENSG00000254744,ENSG00000254744,biolink:Gene,https://purl.humanatlas.io/graph/hra-pop
ENSEMBL:ENSG00000254777,ENSG00000254777,ENSG00000254777,biolink:Gene,https://purl.humanatlas.io/graph/hra-pop
ENSEMBL:ENSG00000254787.1,ENSG00000254787.1,ENSG00000254787.1,biolink:Gene,https://purl.humanatlas.io/graph/hra-pop
ENSEMBL:ENSG00000254844.4,ENSG00000254844.4,ENSG00000254844.4,biolink:Gene,https://purl.humanatlas.io/graph/hra-pop
ENSEMBL:ENSG00000254861.2,ENSG00000254861.2,ENSG00000254861.2,biolink:Gene,https://purl.humanatlas.io/graph/hra-pop
ENSEMBL:ENSG00000254907.1,ENSG00000254907.1,ENSG00000254907.1,biolink:Gene,https://purl.humanatlas.io/graph/hra-pop
ENSEMBL:ENSG00000254936.4,ENSG00000254936.4,ENSG00000254936.4,biolink:Gene,https://purl.humanatlas.io/graph/hra-pop
ENSEMBL:ENSG00000255021,ENSG00000255021,ENSG00000255021,biolink:Gene,https://purl.humanatlas.io/graph/hra-pop
ENSEMBL:ENSG00000255026.1,ENSG00000255026.1,ENSG00000255026.1,biolink:Gene,https://purl.humanatlas.io/graph/hra-pop
ENSEMBL:ENSG00000255031.5,ENSG00000255031.5,ENSG00000255031.5,biolink:Gene,https://purl.humanatlas.io/graph/hra-pop
ENSEMBL:ENSG00000255045.1,ENSG00000255045.1,ENSG00000255045.1,biolink:Gene,https://purl.humanatlas.io/graph/hra-pop
ENSEMBL:ENSG00000255085.8,ENSG00000255085.8,ENSG00000255085.8,biolink:Gene,https://purl.humanatlas.io/graph/hra-pop
ENSEMBL:ENSG00000255146.1,ENSG00000255146.1,ENSG00000255146.1,biolink:Gene,https://purl.humanatlas.io/graph/hra-pop
ENSEMBL:ENSG00000255176.1,ENSG00000255176.1,ENSG00000255176.1,biolink:Gene,https://purl.humanatlas.io/graph/hra-pop
ENSEMBL:ENSG00000255182.2,ENSG00000255182.2,ENSG00000255182.2,biolink:Gene,https://purl.humanatlas.io/graph/hra-pop
ENSEMBL:ENSG00000255191.1,ENSG00000255191.1,ENSG00000255191.1,biolink:Gene,https://purl.humanatlas.io/graph/hra-pop
ENSEMBL:ENSG00000255201.1,ENSG00000255201.1,ENSG00000255201.1,biolink:Gene,https://purl.humanatlas.io/graph/hra-pop
ENSEMBL:ENSG00000255206.1,ENSG00000255206.1,ENSG00000255206.1,biolink:Gene,https://purl.humanatlas.io/graph/hra-pop
ENSEMBL:ENSG00000255237.1,ENSG00000255237.1,ENSG00000255237.1,biolink:Gene,https://purl.humanatlas.io/graph/hra-pop
ENSEMBL:ENSG00000255240.6,ENSG00000255240.6,ENSG00000255240.6,biolink:Gene,https://purl.humanatlas.io/graph/hra-pop
ENSEMBL:ENSG00000255292.9,ENSG00000255292.9,ENSG00000255292.9,biolink:Gene,https://purl.humanatlas.io/graph/hra-pop
ENSEMBL:ENSG00000255340.1,ENSG00000255340.1,ENSG00000255340.1,biolink:Gene,https://purl.humanatlas.io/graph/hra-pop
ENSEMBL:ENSG00000255366,ENSG00000255366,ENSG00000255366,biolink:Gene,https://purl.humanatlas.io/graph/hra-pop
ENSEMBL:ENSG00000255395.1,ENSG00000255395.1,ENSG00000255395.1,biolink:Gene,https://purl.humanatlas.io/graph/hra-pop
ENSEMBL:ENSG00000255404.1,ENSG00000255404.1,ENSG00000255404.1,biolink:Gene,https://purl.humanatlas.io/graph/hra-pop
ENSEMBL:ENSG00000255422.3,ENSG00000255422.3,ENSG00000255422.3,biolink:Gene,https://purl.humanatlas.io/graph/hra-pop
ENSEMBL:ENSG00000255429.1,ENSG00000255429.1,ENSG00000255429.1,biolink:Gene,https://purl.humanatlas.io/graph/hra-pop
ENSEMBL:ENSG00000255462.1,ENSG00000255462.1,ENSG00000255462.1,biolink:Gene,https://purl.humanatlas.io/graph/hra-pop
ENSEMBL:ENSG00000255467.1,ENSG00000255467.1,ENSG00000255467.1,biolink:Gene,https://purl.humanatlas.io/graph/hra-pop
ENSEMBL:ENSG00000255476.1,ENSG00000255476.1,ENSG00000255476.1,biolink:Gene,https://purl.humanatlas.io/graph/hra-pop
ENSEMBL:ENSG00000255500.2,ENSG00000255500.2,ENSG00000255500.2,biolink:Gene,https://purl.humanatlas.io/graph/hra-pop
ENSEMBL:ENSG00000255508.7,ENSG00000255508.7,ENSG00000255508.7,biolink:Gene,https://purl.humanatlas.io/graph/hra-pop
ENSEMBL:ENSG00000255515.1,ENSG00000255515.1,ENSG00000255515.1,biolink:Gene,https://purl.humanatlas.io/graph/hra-pop
ENSEMBL:ENSG00000255555.1,ENSG00000255555.1,ENSG00000255555.1,biolink:Gene,https://purl.humanatlas.io/graph/hra-pop
ENSEMBL:ENSG00000255575.1,ENSG00000255575.1,ENSG00000255575.1,biolink:Gene,https://purl.humanatlas.io/graph/hra-pop
ENSEMBL:ENSG00000255621,ENSG00000255621,ENSG00000255621,biolink:Gene,https://purl.humanatlas.io/graph/hra-pop
ENSEMBL:ENSG00000255746.1,ENSG00000255746.1,ENSG00000255746.1,biolink:Gene,https://purl.humanatlas.io/graph/hra-pop
ENSEMBL:ENSG00000255801,ENSG00000255801,ENSG00000255801,biolink:Gene,https://purl.humanatlas.io/graph/hra-pop
ENSEMBL:ENSG00000255845.1,ENSG00000255845.1,ENSG00000255845.1,biolink:Gene,https://purl.humanatlas.io/graph/hra-pop
ENSEMBL:ENSG00000255872,ENSG00000255872,ENSG00000255872,biolink:Gene,https://purl.humanatlas.io/graph/hra-pop
ENSEMBL:ENSG00000255968.1,ENSG00000255968.1,ENSG00000255968.1,biolink:Gene,https://purl.humanatlas.io/graph/hra-pop
ENSEMBL:ENSG00000256013.1,ENSG00000256013.1,ENSG00000256013.1,biolink:Gene,https://purl.humanatlas.io/graph/hra-pop
ENSEMBL:ENSG00000256028.2,ENSG00000256028.2,ENSG00000256028.2,biolink:Gene,https://purl.humanatlas.io/graph/hra-pop
ENSEMBL:ENSG00000256150.2,ENSG00000256150.2,ENSG00000256150.2,biolink:Gene,https://purl.humanatlas.io/graph/hra-pop
ENSEMBL:ENSG00000256196.2,ENSG00000256196.2,ENSG00000256196.2,biolink:Gene,https://purl.humanatlas.io/graph/hra-pop
ENSEMBL:ENSG00000256206.2,ENSG00000256206.2,ENSG00000256206.2,biolink:Gene,https://purl.humanatlas.io/graph/hra-pop
ENSEMBL:ENSG00000256249.1,ENSG00000256249.1,ENSG00000256249.1,biolink:Gene,https://purl.humanatlas.io/graph/hra-pop
ENSEMBL:ENSG00000256278.1,ENSG00000256278.1,ENSG00000256278.1,biolink:Gene,https://purl.humanatlas.io/graph/hra-pop
ENSEMBL:ENSG00000256357.1,ENSG00000256357.1,ENSG00000256357.1,biolink:Gene,https://purl.humanatlas.io/graph/hra-pop
ENSEMBL:ENSG00000256399.1,ENSG00000256399.1,ENSG00000256399.1,biolink:Gene,https://purl.humanatlas.io/graph/hra-pop
ENSEMBL:ENSG00000256427.2,ENSG00000256427.2,ENSG00000256427.2,biolink:Gene,https://purl.humanatlas.io/graph/hra-pop
ENSEMBL:ENSG00000256448.5,ENSG00000256448.5,ENSG00000256448.5,biolink:Gene,https://purl.humanatlas.io/graph/hra-pop
ENSEMBL:ENSG00000256591.5,ENSG00000256591.5,ENSG00000256591.5,biolink:Gene,https://purl.humanatlas.io/graph/hra-pop
ENSEMBL:ENSG00000256625.1,ENSG00000256625.1,ENSG00000256625.1,biolink:Gene,https://purl.humanatlas.io/graph/hra-pop
ENSEMBL:ENSG00000256646.7,ENSG00000256646.7,ENSG00000256646.7,biolink:Gene,https://purl.humanatlas.io/graph/hra-pop
ENSEMBL:ENSG00000256712.1,ENSG00000256712.1,ENSG00000256712.1,biolink:Gene,https://purl.humanatlas.io/graph/hra-pop
ENSEMBL:ENSG00000256947.1,ENSG00000256947.1,ENSG00000256947.1,biolink:Gene,https://purl.humanatlas.io/graph/hra-pop
ENSEMBL:ENSG00000256966.6,ENSG00000256966.6,ENSG00000256966.6,biolink:Gene,https://purl.humanatlas.io/graph/hra-pop
ENSEMBL:ENSG00000256967.1,ENSG00000256967.1,ENSG00000256967.1,biolink:Gene,https://purl.humanatlas.io/graph/hra-pop
ENSEMBL:ENSG00000257083.7,ENSG00000257083.7,ENSG00000257083.7,biolink:Gene,https://purl.humanatlas.io/graph/hra-pop
ENSEMBL:ENSG00000257128.1,ENSG00000257128.1,ENSG00000257128.1,biolink:Gene,https://purl.humanatlas.io/graph/hra-pop
ENSEMBL:ENSG00000257165.5,ENSG00000257165.5,ENSG00000257165.5,biolink:Gene,https://purl.humanatlas.io/graph/hra-pop
ENSEMBL:ENSG00000257180.1,ENSG00000257180.1,ENSG00000257180.1,biolink:Gene,https://purl.humanatlas.io/graph/hra-pop
ENSEMBL:ENSG00000257181,ENSG00000257181,ENSG00000257181,biolink:Gene,https://purl.humanatlas.io/graph/hra-pop
ENSEMBL:ENSG00000257207.5,ENSG00000257207.5,ENSG00000257207.5,biolink:Gene,https://purl.humanatlas.io/graph/hra-pop
ENSEMBL:ENSG00000257225.1,ENSG00000257225.1,ENSG00000257225.1,biolink:Gene,https://purl.humanatlas.io/graph/hra-pop
ENSEMBL:ENSG00000257228.5,ENSG00000257228.5,ENSG00000257228.5,biolink:Gene,https://purl.humanatlas.io/graph/hra-pop
ENSEMBL:ENSG00000257277.2,ENSG00000257277.2,ENSG00000257277.2,biolink:Gene,https://purl.humanatlas.io/graph/hra-pop
ENSEMBL:ENSG00000257322,ENSG00000257322,ENSG00000257322,biolink:Gene,https://purl.humanatlas.io/graph/hra-pop
ENSEMBL:ENSG00000257322.6,ENSG00000257322.6,ENSG00000257322.6,biolink:Gene,https://purl.humanatlas.io/graph/hra-pop
ENSEMBL:ENSG00000257341.5,ENSG00000257341.5,ENSG00000257341.5,biolink:Gene,https://purl.humanatlas.io/graph/hra-pop
ENSEMBL:ENSG00000257378.1,ENSG00000257378.1,ENSG00000257378.1,biolink:Gene,https://purl.humanatlas.io/graph/hra-pop
ENSEMBL:ENSG00000257386.1,ENSG00000257386.1,ENSG00000257386.1,biolink:Gene,https://purl.humanatlas.io/graph/hra-pop
ENSEMBL:ENSG00000257454.1,ENSG00000257454.1,ENSG00000257454.1,biolink:Gene,https://purl.humanatlas.io/graph/hra-pop
ENSEMBL:ENSG00000257458.1,ENSG00000257458.1,ENSG00000257458.1,biolink:Gene,https://purl.humanatlas.io/graph/hra-pop
ENSEMBL:ENSG00000257475,ENSG00000257475,ENSG00000257475,biolink:Gene,https://purl.humanatlas.io/graph/hra-pop
ENSEMBL:ENSG00000257500.1,ENSG00000257500.1,ENSG00000257500.1,biolink:Gene,https://purl.humanatlas.io/graph/hra-pop
ENSEMBL:ENSG00000257622.1,ENSG00000257622.1,ENSG00000257622.1,biolink:Gene,https://purl.humanatlas.io/graph/hra-pop
ENSEMBL:ENSG00000257681,ENSG00000257681,ENSG00000257681,biolink:Gene,https://purl.humanatlas.io/graph/hra-pop
ENSEMBL:ENSG00000257703.6,ENSG00000257703.6,ENSG00000257703.6,biolink:Gene,https://purl.humanatlas.io/graph/hra-pop
ENSEMBL:ENSG00000257732.1,ENSG00000257732.1,ENSG00000257732.1,biolink:Gene,https://purl.humanatlas.io/graph/hra-pop
ENSEMBL:ENSG00000257764,ENSG00000257764,ENSG00000257764,biolink:Gene,https://purl.humanatlas.io/graph/hra-pop
ENSEMBL:ENSG00000257764.2,ENSG00000257764.2,ENSG00000257764.2,biolink:Gene,https://purl.humanatlas.io/graph/hra-pop
ENSEMBL:ENSG00000257769.1,ENSG00000257769.1,ENSG00000257769.1,biolink:Gene,https://purl.humanatlas.io/graph/hra-pop
ENSEMBL:ENSG00000257921,ENSG00000257921,ENSG00000257921,biolink:Gene,https://purl.humanatlas.io/graph/hra-pop
ENSEMBL:ENSG00000257947.1,ENSG00000257947.1,ENSG00000257947.1,biolink:Gene,https://purl.humanatlas.io/graph/hra-pop
ENSEMBL:ENSG00000257951.2,ENSG00000257951.2,ENSG00000257951.2,biolink:Gene,https://purl.humanatlas.io/graph/hra-pop
ENSEMBL:ENSG00000258077,ENSG00000258077,ENSG00000258077,biolink:Gene,https://purl.humanatlas.io/graph/hra-pop
ENSEMBL:ENSG00000258090.1,ENSG00000258090.1,ENSG00000258090.1,biolink:Gene,https://purl.humanatlas.io/graph/hra-pop
ENSEMBL:ENSG00000258092.1,ENSG00000258092.1,ENSG00000258092.1,biolink:Gene,https://purl.humanatlas.io/graph/hra-pop
ENSEMBL:ENSG00000258130.8,ENSG00000258130.8,ENSG00000258130.8,biolink:Gene,https://purl.humanatlas.io/graph/hra-pop
ENSEMBL:ENSG00000258150.6,ENSG00000258150.6,ENSG00000258150.6,biolink:Gene,https://purl.humanatlas.io/graph/hra-pop
ENSEMBL:ENSG00000258154.2,ENSG00000258154.2,ENSG00000258154.2,biolink:Gene,https://purl.humanatlas.io/graph/hra-pop
ENSEMBL:ENSG00000258168.6,ENSG00000258168.6,ENSG00000258168.6,biolink:Gene,https://purl.humanatlas.io/graph/hra-pop
ENSEMBL:ENSG00000258185.2,ENSG00000258185.2,ENSG00000258185.2,biolink:Gene,https://purl.humanatlas.io/graph/hra-pop
ENSEMBL:ENSG00000258199.1,ENSG00000258199.1,ENSG00000258199.1,biolink:Gene,https://purl.humanatlas.io/graph/hra-pop
ENSEMBL:ENSG00000258203.5,ENSG00000258203.5,ENSG00000258203.5,biolink:Gene,https://purl.humanatlas.io/graph/hra-pop
ENSEMBL:ENSG00000258210.1,ENSG00000258210.1,ENSG00000258210.1,biolink:Gene,https://purl.humanatlas.io/graph/hra-pop
ENSEMBL:ENSG00000258215.1,ENSG00000258215.1,ENSG00000258215.1,biolink:Gene,https://purl.humanatlas.io/graph/hra-pop
ENSEMBL:ENSG00000258216,ENSG00000258216,ENSG00000258216,biolink:Gene,https://purl.humanatlas.io/graph/hra-pop
ENSEMBL:ENSG00000258231.5,ENSG00000258231.5,ENSG00000258231.5,biolink:Gene,https://purl.humanatlas.io/graph/hra-pop
ENSEMBL:ENSG00000258272,ENSG00000258272,ENSG00000258272,biolink:Gene,https://purl.humanatlas.io/graph/hra-pop
ENSEMBL:ENSG00000258311.5,ENSG00000258311.5,ENSG00000258311.5,biolink:Gene,https://purl.humanatlas.io/graph/hra-pop
ENSEMBL:ENSG00000258312.1,ENSG00000258312.1,ENSG00000258312.1,biolink:Gene,https://purl.humanatlas.io/graph/hra-pop
ENSEMBL:ENSG00000258314.3,ENSG00000258314.3,ENSG00000258314.3,biolink:Gene,https://purl.humanatlas.io/graph/hra-pop
ENSEMBL:ENSG00000258344.1,ENSG00000258344.1,ENSG00000258344.1,biolink:Gene,https://purl.humanatlas.io/graph/hra-pop
ENSEMBL:ENSG00000258410.1,ENSG00000258410.1,ENSG00000258410.1,biolink:Gene,https://purl.humanatlas.io/graph/hra-pop
ENSEMBL:ENSG00000258416.1,ENSG00000258416.1,ENSG00000258416.1,biolink:Gene,https://purl.humanatlas.io/graph/hra-pop
ENSEMBL:ENSG00000258425.1,ENSG00000258425.1,ENSG00000258425.1,biolink:Gene,https://purl.humanatlas.io/graph/hra-pop
ENSEMBL:ENSG00000258472,ENSG00000258472,ENSG00000258472,biolink:Gene,https://purl.humanatlas.io/graph/hra-pop
ENSEMBL:ENSG00000258472.9,ENSG00000258472.9,ENSG00000258472.9,biolink:Gene,https://purl.humanatlas.io/graph/hra-pop
ENSEMBL:ENSG00000258504.2,ENSG00000258504.2,ENSG00000258504.2,biolink:Gene,https://purl.humanatlas.io/graph/hra-pop
ENSEMBL:ENSG00000258529.5,ENSG00000258529.5,ENSG00000258529.5,biolink:Gene,https://purl.humanatlas.io/graph/hra-pop
ENSEMBL:ENSG00000258539,ENSG00000258539,ENSG00000258539,biolink:Gene,https://purl.humanatlas.io/graph/hra-pop
ENSEMBL:ENSG00000258539.1,ENSG00000258539.1,ENSG00000258539.1,biolink:Gene,https://purl.humanatlas.io/graph/hra-pop
ENSEMBL:ENSG00000258551,ENSG00000258551,ENSG00000258551,biolink:Gene,https://purl.humanatlas.io/graph/hra-pop
ENSEMBL:ENSG00000258551.6,ENSG00000258551.6,ENSG00000258551.6,biolink:Gene,https://purl.humanatlas.io/graph/hra-pop
ENSEMBL:ENSG00000258637.1,ENSG00000258637.1,ENSG00000258637.1,biolink:Gene,https://purl.humanatlas.io/graph/hra-pop
ENSEMBL:ENSG00000258657,ENSG00000258657,ENSG00000258657,biolink:Gene,https://purl.humanatlas.io/graph/hra-pop
ENSEMBL:ENSG00000258663.1,ENSG00000258663.1,ENSG00000258663.1,biolink:Gene,https://purl.humanatlas.io/graph/hra-pop
ENSEMBL:ENSG00000258674.5,ENSG00000258674.5,ENSG00000258674.5,biolink:Gene,https://purl.humanatlas.io/graph/hra-pop
ENSEMBL:ENSG00000258728.1,ENSG00000258728.1,ENSG00000258728.1,biolink:Gene,https://purl.humanatlas.io/graph/hra-pop
ENSEMBL:ENSG00000258740,ENSG00000258740,ENSG00000258740,biolink:Gene,https://purl.humanatlas.io/graph/hra-pop
ENSEMBL:ENSG00000258744.2,ENSG00000258744.2,ENSG00000258744.2,biolink:Gene,https://purl.humanatlas.io/graph/hra-pop
ENSEMBL:ENSG00000258757,ENSG00000258757,ENSG00000258757,biolink:Gene,https://purl.humanatlas.io/graph/hra-pop
ENSEMBL:ENSG00000258760.1,ENSG00000258760.1,ENSG00000258760.1,biolink:Gene,https://purl.humanatlas.io/graph/hra-pop
ENSEMBL:ENSG00000258768.2,ENSG00000258768.2,ENSG00000258768.2,biolink:Gene,https://purl.humanatlas.io/graph/hra-pop
ENSEMBL:ENSG00000258790,ENSG00000258790,ENSG00000258790,biolink:Gene,https://purl.humanatlas.io/graph/hra-pop
ENSEMBL:ENSG00000258807,ENSG00000258807,ENSG00000258807,biolink:Gene,https://purl.humanatlas.io/graph/hra-pop
ENSEMBL:ENSG00000258850.1,ENSG00000258850.1,ENSG00000258850.1,biolink:Gene,https://purl.humanatlas.io/graph/hra-pop
ENSEMBL:ENSG00000258881.6,ENSG00000258881.6,ENSG00000258881.6,biolink:Gene,https://purl.humanatlas.io/graph/hra-pop
ENSEMBL:ENSG00000258908.1,ENSG00000258908.1,ENSG00000258908.1,biolink:Gene,https://purl.humanatlas.io/graph/hra-pop
ENSEMBL:ENSG00000258924.4,ENSG00000258924.4,ENSG00000258924.4,biolink:Gene,https://purl.humanatlas.io/graph/hra-pop
ENSEMBL:ENSG00000258926.2,ENSG00000258926.2,ENSG00000258926.2,biolink:Gene,https://purl.humanatlas.io/graph/hra-pop
ENSEMBL:ENSG00000258964.1,ENSG00000258964.1,ENSG00000258964.1,biolink:Gene,https://purl.humanatlas.io/graph/hra-pop
ENSEMBL:ENSG00000258973.1,ENSG00000258973.1,ENSG00000258973.1,biolink:Gene,https://purl.humanatlas.io/graph/hra-pop
ENSEMBL:ENSG00000258989,ENSG00000258989,ENSG00000258989,biolink:Gene,https://purl.humanatlas.io/graph/hra-pop
ENSEMBL:ENSG00000259002.2,ENSG00000259002.2,ENSG00000259002.2,biolink:Gene,https://purl.humanatlas.io/graph/hra-pop
ENSEMBL:ENSG00000259076.1,ENSG00000259076.1,ENSG00000259076.1,biolink:Gene,https://purl.humanatlas.io/graph/hra-pop
ENSEMBL:ENSG00000259098.1,ENSG00000259098.1,ENSG00000259098.1,biolink:Gene,https://purl.humanatlas.io/graph/hra-pop
ENSEMBL:ENSG00000259113.1,ENSG00000259113.1,ENSG00000259113.1,biolink:Gene,https://purl.humanatlas.io/graph/hra-pop
ENSEMBL:ENSG00000259118.5,ENSG00000259118.5,ENSG00000259118.5,biolink:Gene,https://purl.humanatlas.io/graph/hra-pop
ENSEMBL:ENSG00000259135.1,ENSG00000259135.1,ENSG00000259135.1,biolink:Gene,https://purl.humanatlas.io/graph/hra-pop
ENSEMBL:ENSG00000259138.1,ENSG00000259138.1,ENSG00000259138.1,biolink:Gene,https://purl.humanatlas.io/graph/hra-pop
ENSEMBL:ENSG00000259166.1,ENSG00000259166.1,ENSG00000259166.1,biolink:Gene,https://purl.humanatlas.io/graph/hra-pop
ENSEMBL:ENSG00000259187.1,ENSG00000259187.1,ENSG00000259187.1,biolink:Gene,https://purl.humanatlas.io/graph/hra-pop
ENSEMBL:ENSG00000259200,ENSG00000259200,ENSG00000259200,biolink:Gene,https://purl.humanatlas.io/graph/hra-pop
ENSEMBL:ENSG00000259219.1,ENSG00000259219.1,ENSG00000259219.1,biolink:Gene,https://purl.humanatlas.io/graph/hra-pop
ENSEMBL:ENSG00000259250.1,ENSG00000259250.1,ENSG00000259250.1,biolink:Gene,https://purl.humanatlas.io/graph/hra-pop
ENSEMBL:ENSG00000259255.1,ENSG00000259255.1,ENSG00000259255.1,biolink:Gene,https://purl.humanatlas.io/graph/hra-pop
ENSEMBL:ENSG00000259287,ENSG00000259287,ENSG00000259287,biolink:Gene,https://purl.humanatlas.io/graph/hra-pop
ENSEMBL:ENSG00000259287.2,ENSG00000259287.2,ENSG00000259287.2,biolink:Gene,https://purl.humanatlas.io/graph/hra-pop
ENSEMBL:ENSG00000259294.1,ENSG00000259294.1,ENSG00000259294.1,biolink:Gene,https://purl.humanatlas.io/graph/hra-pop
ENSEMBL:ENSG00000259322.1,ENSG00000259322.1,ENSG00000259322.1,biolink:Gene,https://purl.humanatlas.io/graph/hra-pop
ENSEMBL:ENSG00000259345.7,ENSG00000259345.7,ENSG00000259345.7,biolink:Gene,https://purl.humanatlas.io/graph/hra-pop
ENSEMBL:ENSG00000259366.1,ENSG00000259366.1,ENSG00000259366.1,biolink:Gene,https://purl.humanatlas.io/graph/hra-pop
ENSEMBL:ENSG00000259370.2,ENSG00000259370.2,ENSG00000259370.2,biolink:Gene,https://purl.humanatlas.io/graph/hra-pop
ENSEMBL:ENSG00000259377.1,ENSG00000259377.1,ENSG00000259377.1,biolink:Gene,https://purl.humanatlas.io/graph/hra-pop
ENSEMBL:ENSG00000259422.1,ENSG00000259422.1,ENSG00000259422.1,biolink:Gene,https://purl.humanatlas.io/graph/hra-pop
ENSEMBL:ENSG00000259463.1,ENSG00000259463.1,ENSG00000259463.1,biolink:Gene,https://purl.humanatlas.io/graph/hra-pop
ENSEMBL:ENSG00000259536.5,ENSG00000259536.5,ENSG00000259536.5,biolink:Gene,https://purl.humanatlas.io/graph/hra-pop
ENSEMBL:ENSG00000259556.2,ENSG00000259556.2,ENSG00000259556.2,biolink:Gene,https://purl.humanatlas.io/graph/hra-pop
ENSEMBL:ENSG00000259564.2,ENSG00000259564.2,ENSG00000259564.2,biolink:Gene,https://purl.humanatlas.io/graph/hra-pop
ENSEMBL:ENSG00000259575.1,ENSG00000259575.1,ENSG00000259575.1,biolink:Gene,https://purl.humanatlas.io/graph/hra-pop
ENSEMBL:ENSG00000259579,ENSG00000259579,ENSG00000259579,biolink:Gene,https://purl.humanatlas.io/graph/hra-pop
ENSEMBL:ENSG00000259579.1,ENSG00000259579.1,ENSG00000259579.1,biolink:Gene,https://purl.humanatlas.io/graph/hra-pop
ENSEMBL:ENSG00000259587.3,ENSG00000259587.3,ENSG00000259587.3,biolink:Gene,https://purl.humanatlas.io/graph/hra-pop
ENSEMBL:ENSG00000259589.2,ENSG00000259589.2,ENSG00000259589.2,biolink:Gene,https://purl.humanatlas.io/graph/hra-pop
ENSEMBL:ENSG00000259627.1,ENSG00000259627.1,ENSG00000259627.1,biolink:Gene,https://purl.humanatlas.io/graph/hra-pop
ENSEMBL:ENSG00000259668.6,ENSG00000259668.6,ENSG00000259668.6,biolink:Gene,https://purl.humanatlas.io/graph/hra-pop
ENSEMBL:ENSG00000259675,ENSG00000259675,ENSG00000259675,biolink:Gene,https://purl.humanatlas.io/graph/hra-pop
ENSEMBL:ENSG00000259704.2,ENSG00000259704.2,ENSG00000259704.2,biolink:Gene,https://purl.humanatlas.io/graph/hra-pop
ENSEMBL:ENSG00000259709.1,ENSG00000259709.1,ENSG00000259709.1,biolink:Gene,https://purl.humanatlas.io/graph/hra-pop
ENSEMBL:ENSG00000259712.1,ENSG00000259712.1,ENSG00000259712.1,biolink:Gene,https://purl.humanatlas.io/graph/hra-pop
ENSEMBL:ENSG00000259713.1,ENSG00000259713.1,ENSG00000259713.1,biolink:Gene,https://purl.humanatlas.io/graph/hra-pop
ENSEMBL:ENSG00000259723.1,ENSG00000259723.1,ENSG00000259723.1,biolink:Gene,https://purl.humanatlas.io/graph/hra-pop
ENSEMBL:ENSG00000259735.1,ENSG00000259735.1,ENSG00000259735.1,biolink:Gene,https://purl.humanatlas.io/graph/hra-pop
ENSEMBL:ENSG00000259742.1,ENSG00000259742.1,ENSG00000259742.1,biolink:Gene,https://purl.humanatlas.io/graph/hra-pop
ENSEMBL:ENSG00000259753,ENSG00000259753,ENSG00000259753,biolink:Gene,https://purl.humanatlas.io/graph/hra-pop
ENSEMBL:ENSG00000259753.1,ENSG00000259753.1,ENSG00000259753.1,biolink:Gene,https://purl.humanatlas.io/graph/hra-pop
ENSEMBL:ENSG00000259754,ENSG00000259754,ENSG00000259754,biolink:Gene,https://purl.humanatlas.io/graph/hra-pop
ENSEMBL:ENSG00000259754.2,ENSG00000259754.2,ENSG00000259754.2,biolink:Gene,https://purl.humanatlas.io/graph/hra-pop
ENSEMBL:ENSG00000259755.1,ENSG00000259755.1,ENSG00000259755.1,biolink:Gene,https://purl.humanatlas.io/graph/hra-pop
ENSEMBL:ENSG00000259760.1,ENSG00000259760.1,ENSG00000259760.1,biolink:Gene,https://purl.humanatlas.io/graph/hra-pop
ENSEMBL:ENSG00000259828.1,ENSG00000259828.1,ENSG00000259828.1,biolink:Gene,https://purl.humanatlas.io/graph/hra-pop
ENSEMBL:ENSG00000259833.5,ENSG00000259833.5,ENSG00000259833.5,biolink:Gene,https://purl.humanatlas.io/graph/hra-pop
ENSEMBL:ENSG00000259840.1,ENSG00000259840.1,ENSG00000259840.1,biolink:Gene,https://purl.humanatlas.io/graph/hra-pop
ENSEMBL:ENSG00000259940.2,ENSG00000259940.2,ENSG00000259940.2,biolink:Gene,https://purl.humanatlas.io/graph/hra-pop
ENSEMBL:ENSG00000259948.2,ENSG00000259948.2,ENSG00000259948.2,biolink:Gene,https://purl.humanatlas.io/graph/hra-pop
ENSEMBL:ENSG00000259972.3,ENSG00000259972.3,ENSG00000259972.3,biolink:Gene,https://purl.humanatlas.io/graph/hra-pop
ENSEMBL:ENSG00000259976.3,ENSG00000259976.3,ENSG00000259976.3,biolink:Gene,https://purl.humanatlas.io/graph/hra-pop
ENSEMBL:ENSG00000259995.1,ENSG00000259995.1,ENSG00000259995.1,biolink:Gene,https://purl.humanatlas.io/graph/hra-pop
ENSEMBL:ENSG00000259999.1,ENSG00000259999.1,ENSG00000259999.1,biolink:Gene,https://purl.humanatlas.io/graph/hra-pop
ENSEMBL:ENSG00000260077.1,ENSG00000260077.1,ENSG00000260077.1,biolink:Gene,https://purl.humanatlas.io/graph/hra-pop
ENSEMBL:ENSG00000260084.1,ENSG00000260084.1,ENSG00000260084.1,biolink:Gene,https://purl.humanatlas.io/graph/hra-pop
ENSEMBL:ENSG00000260103.2,ENSG00000260103.2,ENSG00000260103.2,biolink:Gene,https://purl.humanatlas.io/graph/hra-pop
ENSEMBL:ENSG00000260166.2,ENSG00000260166.2,ENSG00000260166.2,biolink:Gene,https://purl.humanatlas.io/graph/hra-pop
ENSEMBL:ENSG00000260170,ENSG00000260170,ENSG00000260170,biolink:Gene,https://purl.humanatlas.io/graph/hra-pop
ENSEMBL:ENSG00000260177.1,ENSG00000260177.1,ENSG00000260177.1,biolink:Gene,https://purl.humanatlas.io/graph/hra-pop
ENSEMBL:ENSG00000260183.1,ENSG00000260183.1,ENSG00000260183.1,biolink:Gene,https://purl.humanatlas.io/graph/hra-pop
ENSEMBL:ENSG00000260185.1,ENSG00000260185.1,ENSG00000260185.1,biolink:Gene,https://purl.humanatlas.io/graph/hra-pop
ENSEMBL:ENSG00000260206.1,ENSG00000260206.1,ENSG00000260206.1,biolink:Gene,https://purl.humanatlas.io/graph/hra-pop
ENSEMBL:ENSG00000260244,ENSG00000260244,ENSG00000260244,biolink:Gene,https://purl.humanatlas.io/graph/hra-pop
ENSEMBL:ENSG00000260252,ENSG00000260252,ENSG00000260252,biolink:Gene,https://purl.humanatlas.io/graph/hra-pop
ENSEMBL:ENSG00000260272.1,ENSG00000260272.1,ENSG00000260272.1,biolink:Gene,https://purl.humanatlas.io/graph/hra-pop
ENSEMBL:ENSG00000260289.2,ENSG00000260289.2,ENSG00000260289.2,biolink:Gene,https://purl.humanatlas.io/graph/hra-pop
ENSEMBL:ENSG00000260304.1,ENSG00000260304.1,ENSG00000260304.1,biolink:Gene,https://purl.humanatlas.io/graph/hra-pop
ENSEMBL:ENSG00000260342.2,ENSG00000260342.2,ENSG00000260342.2,biolink:Gene,https://purl.humanatlas.io/graph/hra-pop
ENSEMBL:ENSG00000260351.1,ENSG00000260351.1,ENSG00000260351.1,biolink:Gene,https://purl.humanatlas.io/graph/hra-pop
ENSEMBL:ENSG00000260381.2,ENSG00000260381.2,ENSG00000260381.2,biolink:Gene,https://purl.humanatlas.io/graph/hra-pop
ENSEMBL:ENSG00000260409.1,ENSG00000260409.1,ENSG00000260409.1,biolink:Gene,https://purl.humanatlas.io/graph/hra-pop
ENSEMBL:ENSG00000260430.2,ENSG00000260430.2,ENSG00000260430.2,biolink:Gene,https://purl.humanatlas.io/graph/hra-pop
ENSEMBL:ENSG00000260457,ENSG00000260457,ENSG00000260457,biolink:Gene,https://purl.humanatlas.io/graph/hra-pop
ENSEMBL:ENSG00000260464.1,ENSG00000260464.1,ENSG00000260464.1,biolink:Gene,https://purl.humanatlas.io/graph/hra-pop
ENSEMBL:ENSG00000260517,ENSG00000260517,ENSG00000260517,biolink:Gene,https://purl.humanatlas.io/graph/hra-pop
ENSEMBL:ENSG00000260570.1,ENSG00000260570.1,ENSG00000260570.1,biolink:Gene,https://purl.humanatlas.io/graph/hra-pop
ENSEMBL:ENSG00000260586.2,ENSG00000260586.2,ENSG00000260586.2,biolink:Gene,https://purl.humanatlas.io/graph/hra-pop
ENSEMBL:ENSG00000260608.1,ENSG00000260608.1,ENSG00000260608.1,biolink:Gene,https://purl.humanatlas.io/graph/hra-pop
ENSEMBL:ENSG00000260619.1,ENSG00000260619.1,ENSG00000260619.1,biolink:Gene,https://purl.humanatlas.io/graph/hra-pop
ENSEMBL:ENSG00000260658,ENSG00000260658,ENSG00000260658,biolink:Gene,https://purl.humanatlas.io/graph/hra-pop
ENSEMBL:ENSG00000260658.6,ENSG00000260658.6,ENSG00000260658.6,biolink:Gene,https://purl.humanatlas.io/graph/hra-pop
ENSEMBL:ENSG00000260664.2,ENSG00000260664.2,ENSG00000260664.2,biolink:Gene,https://purl.humanatlas.io/graph/hra-pop
ENSEMBL:ENSG00000260669.2,ENSG00000260669.2,ENSG00000260669.2,biolink:Gene,https://purl.humanatlas.io/graph/hra-pop
ENSEMBL:ENSG00000260733.1,ENSG00000260733.1,ENSG00000260733.1,biolink:Gene,https://purl.humanatlas.io/graph/hra-pop
ENSEMBL:ENSG00000260741.1,ENSG00000260741.1,ENSG00000260741.1,biolink:Gene,https://purl.humanatlas.io/graph/hra-pop
ENSEMBL:ENSG00000260772.1,ENSG00000260772.1,ENSG00000260772.1,biolink:Gene,https://purl.humanatlas.io/graph/hra-pop
ENSEMBL:ENSG00000260798.1,ENSG00000260798.1,ENSG00000260798.1,biolink:Gene,https://purl.humanatlas.io/graph/hra-pop
ENSEMBL:ENSG00000260836.2,ENSG00000260836.2,ENSG00000260836.2,biolink:Gene,https://purl.humanatlas.io/graph/hra-pop
ENSEMBL:ENSG00000260862.1,ENSG00000260862.1,ENSG00000260862.1,biolink:Gene,https://purl.humanatlas.io/graph/hra-pop
ENSEMBL:ENSG00000260912.1,ENSG00000260912.1,ENSG00000260912.1,biolink:Gene,https://purl.humanatlas.io/graph/hra-pop
ENSEMBL:ENSG00000260914.3,ENSG00000260914.3,ENSG00000260914.3,biolink:Gene,https://purl.humanatlas.io/graph/hra-pop
ENSEMBL:ENSG00000260971,ENSG00000260971,ENSG00000260971,biolink:Gene,https://purl.humanatlas.io/graph/hra-pop
ENSEMBL:ENSG00000260971.4,ENSG00000260971.4,ENSG00000260971.4,biolink:Gene,https://purl.humanatlas.io/graph/hra-pop
ENSEMBL:ENSG00000261049.2,ENSG00000261049.2,ENSG00000261049.2,biolink:Gene,https://purl.humanatlas.io/graph/hra-pop
ENSEMBL:ENSG00000261061.1,ENSG00000261061.1,ENSG00000261061.1,biolink:Gene,https://purl.humanatlas.io/graph/hra-pop
ENSEMBL:ENSG00000261067.7,ENSG00000261067.7,ENSG00000261067.7,biolink:Gene,https://purl.humanatlas.io/graph/hra-pop
ENSEMBL:ENSG00000261094.2,ENSG00000261094.2,ENSG00000261094.2,biolink:Gene,https://purl.humanatlas.io/graph/hra-pop
ENSEMBL:ENSG00000261103.3,ENSG00000261103.3,ENSG00000261103.3,biolink:Gene,https://purl.humanatlas.io/graph/hra-pop
ENSEMBL:ENSG00000261127.2,ENSG00000261127.2,ENSG00000261127.2,biolink:Gene,https://purl.humanatlas.io/graph/hra-pop
ENSEMBL:ENSG00000261130.5,ENSG00000261130.5,ENSG00000261130.5,biolink:Gene,https://purl.humanatlas.io/graph/hra-pop
ENSEMBL:ENSG00000261136,ENSG00000261136,ENSG00000261136,biolink:Gene,https://purl.humanatlas.io/graph/hra-pop
ENSEMBL:ENSG00000261147.1,ENSG00000261147.1,ENSG00000261147.1,biolink:Gene,https://purl.humanatlas.io/graph/hra-pop
ENSEMBL:ENSG00000261161.1,ENSG00000261161.1,ENSG00000261161.1,biolink:Gene,https://purl.humanatlas.io/graph/hra-pop
ENSEMBL:ENSG00000261187.1,ENSG00000261187.1,ENSG00000261187.1,biolink:Gene,https://purl.humanatlas.io/graph/hra-pop
ENSEMBL:ENSG00000261211,ENSG00000261211,ENSG00000261211,biolink:Gene,https://purl.humanatlas.io/graph/hra-pop
ENSEMBL:ENSG00000261215.1,ENSG00000261215.1,ENSG00000261215.1,biolink:Gene,https://purl.humanatlas.io/graph/hra-pop
ENSEMBL:ENSG00000261218.5,ENSG00000261218.5,ENSG00000261218.5,biolink:Gene,https://purl.humanatlas.io/graph/hra-pop
ENSEMBL:ENSG00000261269.1,ENSG00000261269.1,ENSG00000261269.1,biolink:Gene,https://purl.humanatlas.io/graph/hra-pop
ENSEMBL:ENSG00000261273,ENSG00000261273,ENSG00000261273,biolink:Gene,https://purl.humanatlas.io/graph/hra-pop
ENSEMBL:ENSG00000261285.7,ENSG00000261285.7,ENSG00000261285.7,biolink:Gene,https://purl.humanatlas.io/graph/hra-pop
ENSEMBL:ENSG00000261305.2,ENSG00000261305.2,ENSG00000261305.2,biolink:Gene,https://purl.humanatlas.io/graph/hra-pop
ENSEMBL:ENSG00000261335.1,ENSG00000261335.1,ENSG00000261335.1,biolink:Gene,https://purl.humanatlas.io/graph/hra-pop
ENSEMBL:ENSG00000261342,ENSG00000261342,ENSG00000261342,biolink:Gene,https://purl.humanatlas.io/graph/hra-pop
ENSEMBL:ENSG00000261364.1,ENSG00000261364.1,ENSG00000261364.1,biolink:Gene,https://purl.humanatlas.io/graph/hra-pop
ENSEMBL:ENSG00000261386,ENSG00000261386,ENSG00000261386,biolink:Gene,https://purl.humanatlas.io/graph/hra-pop
ENSEMBL:ENSG00000261434.1,ENSG00000261434.1,ENSG00000261434.1,biolink:Gene,https://purl.humanatlas.io/graph/hra-pop
ENSEMBL:ENSG00000261448,ENSG00000261448,ENSG00000261448,biolink:Gene,https://purl.humanatlas.io/graph/hra-pop
ENSEMBL:ENSG00000261507.1,ENSG00000261507.1,ENSG00000261507.1,biolink:Gene,https://purl.humanatlas.io/graph/hra-pop
ENSEMBL:ENSG00000261535.1,ENSG00000261535.1,ENSG00000261535.1,biolink:Gene,https://purl.humanatlas.io/graph/hra-pop
ENSEMBL:ENSG00000261552.1,ENSG00000261552.1,ENSG00000261552.1,biolink:Gene,https://purl.humanatlas.io/graph/hra-pop
ENSEMBL:ENSG00000261560,ENSG00000261560,ENSG00000261560,biolink:Gene,https://purl.humanatlas.io/graph/hra-pop
ENSEMBL:ENSG00000261572.1,ENSG00000261572.1,ENSG00000261572.1,biolink:Gene,https://purl.humanatlas.io/graph/hra-pop
ENSEMBL:ENSG00000261573.1,ENSG00000261573.1,ENSG00000261573.1,biolink:Gene,https://purl.humanatlas.io/graph/hra-pop
ENSEMBL:ENSG00000261578.1,ENSG00000261578.1,ENSG00000261578.1,biolink:Gene,https://purl.humanatlas.io/graph/hra-pop
ENSEMBL:ENSG00000261582.1,ENSG00000261582.1,ENSG00000261582.1,biolink:Gene,https://purl.humanatlas.io/graph/hra-pop
ENSEMBL:ENSG00000261586,ENSG00000261586,ENSG00000261586,biolink:Gene,https://purl.humanatlas.io/graph/hra-pop
ENSEMBL:ENSG00000261604.1,ENSG00000261604.1,ENSG00000261604.1,biolink:Gene,https://purl.humanatlas.io/graph/hra-pop
ENSEMBL:ENSG00000261630.1,ENSG00000261630.1,ENSG00000261630.1,biolink:Gene,https://purl.humanatlas.io/graph/hra-pop
ENSEMBL:ENSG00000261632.1,ENSG00000261632.1,ENSG00000261632.1,biolink:Gene,https://purl.humanatlas.io/graph/hra-pop
ENSEMBL:ENSG00000261668.1,ENSG00000261668.1,ENSG00000261668.1,biolink:Gene,https://purl.humanatlas.io/graph/hra-pop
ENSEMBL:ENSG00000261669.1,ENSG00000261669.1,ENSG00000261669.1,biolink:Gene,https://purl.humanatlas.io/graph/hra-pop
ENSEMBL:ENSG00000261757.1,ENSG00000261757.1,ENSG00000261757.1,biolink:Gene,https://purl.humanatlas.io/graph/hra-pop
ENSEMBL:ENSG00000261779.1,ENSG00000261779.1,ENSG00000261779.1,biolink:Gene,https://purl.humanatlas.io/graph/hra-pop
ENSEMBL:ENSG00000261789.1,ENSG00000261789.1,ENSG00000261789.1,biolink:Gene,https://purl.humanatlas.io/graph/hra-pop
ENSEMBL:ENSG00000261790.2,ENSG00000261790.2,ENSG00000261790.2,biolink:Gene,https://purl.humanatlas.io/graph/hra-pop
ENSEMBL:ENSG00000261793.1,ENSG00000261793.1,ENSG00000261793.1,biolink:Gene,https://purl.humanatlas.io/graph/hra-pop
ENSEMBL:ENSG00000261795.1,ENSG00000261795.1,ENSG00000261795.1,biolink:Gene,https://purl.humanatlas.io/graph/hra-pop
ENSEMBL:ENSG00000261997.1,ENSG00000261997.1,ENSG00000261997.1,biolink:Gene,https://purl.humanatlas.io/graph/hra-pop
ENSEMBL:ENSG00000262049.1,ENSG00000262049.1,ENSG00000262049.1,biolink:Gene,https://purl.humanatlas.io/graph/hra-pop
ENSEMBL:ENSG00000262198.1,ENSG00000262198.1,ENSG00000262198.1,biolink:Gene,https://purl.humanatlas.io/graph/hra-pop
ENSEMBL:ENSG00000262211.1,ENSG00000262211.1,ENSG00000262211.1,biolink:Gene,https://purl.humanatlas.io/graph/hra-pop
ENSEMBL:ENSG00000262302.1,ENSG00000262302.1,ENSG00000262302.1,biolink:Gene,https://purl.humanatlas.io/graph/hra-pop
ENSEMBL:ENSG00000262514.1,ENSG00000262514.1,ENSG00000262514.1,biolink:Gene,https://purl.humanatlas.io/graph/hra-pop
ENSEMBL:ENSG00000262526.2,ENSG00000262526.2,ENSG00000262526.2,biolink:Gene,https://purl.humanatlas.io/graph/hra-pop
ENSEMBL:ENSG00000262533.1,ENSG00000262533.1,ENSG00000262533.1,biolink:Gene,https://purl.humanatlas.io/graph/hra-pop
ENSEMBL:ENSG00000262560.1,ENSG00000262560.1,ENSG00000262560.1,biolink:Gene,https://purl.humanatlas.io/graph/hra-pop
ENSEMBL:ENSG00000262668.2,ENSG00000262668.2,ENSG00000262668.2,biolink:Gene,https://purl.humanatlas.io/graph/hra-pop
ENSEMBL:ENSG00000262721.1,ENSG00000262721.1,ENSG00000262721.1,biolink:Gene,https://purl.humanatlas.io/graph/hra-pop
ENSEMBL:ENSG00000262730.1,ENSG00000262730.1,ENSG00000262730.1,biolink:Gene,https://purl.humanatlas.io/graph/hra-pop
ENSEMBL:ENSG00000262769.1,ENSG00000262769.1,ENSG00000262769.1,biolink:Gene,https://purl.humanatlas.io/graph/hra-pop
ENSEMBL:ENSG00000262810.1,ENSG00000262810.1,ENSG00000262810.1,biolink:Gene,https://purl.humanatlas.io/graph/hra-pop
ENSEMBL:ENSG00000262879.6,ENSG00000262879.6,ENSG00000262879.6,biolink:Gene,https://purl.humanatlas.io/graph/hra-pop
ENSEMBL:ENSG00000262999,ENSG00000262999,ENSG00000262999,biolink:Gene,https://purl.humanatlas.io/graph/hra-pop
ENSEMBL:ENSG00000263017.1,ENSG00000263017.1,ENSG00000263017.1,biolink:Gene,https://purl.humanatlas.io/graph/hra-pop
ENSEMBL:ENSG00000263045.1,ENSG00000263045.1,ENSG00000263045.1,biolink:Gene,https://purl.humanatlas.io/graph/hra-pop
ENSEMBL:ENSG00000263126.1,ENSG00000263126.1,ENSG00000263126.1,biolink:Gene,https://purl.humanatlas.io/graph/hra-pop
ENSEMBL:ENSG00000263264.2,ENSG00000263264.2,ENSG00000263264.2,biolink:Gene,https://purl.humanatlas.io/graph/hra-pop
ENSEMBL:ENSG00000263316.1,ENSG00000263316.1,ENSG00000263316.1,biolink:Gene,https://purl.humanatlas.io/graph/hra-pop
ENSEMBL:ENSG00000263331.1,ENSG00000263331.1,ENSG00000263331.1,biolink:Gene,https://purl.humanatlas.io/graph/hra-pop
ENSEMBL:ENSG00000263464.2,ENSG00000263464.2,ENSG00000263464.2,biolink:Gene,https://purl.humanatlas.io/graph/hra-pop
ENSEMBL:ENSG00000263489.1,ENSG00000263489.1,ENSG00000263489.1,biolink:Gene,https://purl.humanatlas.io/graph/hra-pop
ENSEMBL:ENSG00000263624.1,ENSG00000263624.1,ENSG00000263624.1,biolink:Gene,https://purl.humanatlas.io/graph/hra-pop
ENSEMBL:ENSG00000263635.1,ENSG00000263635.1,ENSG00000263635.1,biolink:Gene,https://purl.humanatlas.io/graph/hra-pop
ENSEMBL:ENSG00000263644.1,ENSG00000263644.1,ENSG00000263644.1,biolink:Gene,https://purl.humanatlas.io/graph/hra-pop
ENSEMBL:ENSG00000263657.1,ENSG00000263657.1,ENSG00000263657.1,biolink:Gene,https://purl.humanatlas.io/graph/hra-pop
ENSEMBL:ENSG00000263683.1,ENSG00000263683.1,ENSG00000263683.1,biolink:Gene,https://purl.humanatlas.io/graph/hra-pop
ENSEMBL:ENSG00000263729.1,ENSG00000263729.1,ENSG00000263729.1,biolink:Gene,https://purl.humanatlas.io/graph/hra-pop
ENSEMBL:ENSG00000263756.1,ENSG00000263756.1,ENSG00000263756.1,biolink:Gene,https://purl.humanatlas.io/graph/hra-pop
ENSEMBL:ENSG00000263765.5,ENSG00000263765.5,ENSG00000263765.5,biolink:Gene,https://purl.humanatlas.io/graph/hra-pop
ENSEMBL:ENSG00000263809.1,ENSG00000263809.1,ENSG00000263809.1,biolink:Gene,https://purl.humanatlas.io/graph/hra-pop
ENSEMBL:ENSG00000263847.1,ENSG00000263847.1,ENSG00000263847.1,biolink:Gene,https://purl.humanatlas.io/graph/hra-pop
ENSEMBL:ENSG00000263986.1,ENSG00000263986.1,ENSG00000263986.1,biolink:Gene,https://purl.humanatlas.io/graph/hra-pop
ENSEMBL:ENSG00000264016.3,ENSG00000264016.3,ENSG00000264016.3,biolink:Gene,https://purl.humanatlas.io/graph/hra-pop
ENSEMBL:ENSG00000264281.3,ENSG00000264281.3,ENSG00000264281.3,biolink:Gene,https://purl.humanatlas.io/graph/hra-pop
ENSEMBL:ENSG00000264421.1,ENSG00000264421.1,ENSG00000264421.1,biolink:Gene,https://purl.humanatlas.io/graph/hra-pop
ENSEMBL:ENSG00000264513.1,ENSG00000264513.1,ENSG00000264513.1,biolink:Gene,https://purl.humanatlas.io/graph/hra-pop
ENSEMBL:ENSG00000264693.1,ENSG00000264693.1,ENSG00000264693.1,biolink:Gene,https://purl.humanatlas.io/graph/hra-pop
ENSEMBL:ENSG00000264772.6,ENSG00000264772.6,ENSG00000264772.6,biolink:Gene,https://purl.humanatlas.io/graph/hra-pop
ENSEMBL:ENSG00000264876.2,ENSG00000264876.2,ENSG00000264876.2,biolink:Gene,https://purl.humanatlas.io/graph/hra-pop
ENSEMBL:ENSG00000264968,ENSG00000264968,ENSG00000264968,biolink:Gene,https://purl.humanatlas.io/graph/hra-pop
ENSEMBL:ENSG00000265010,ENSG00000265010,ENSG00000265010,biolink:Gene,https://purl.humanatlas.io/graph/hra-pop
ENSEMBL:ENSG00000265118.5,ENSG00000265118.5,ENSG00000265118.5,biolink:Gene,https://purl.humanatlas.io/graph/hra-pop
ENSEMBL:ENSG00000265136.1,ENSG00000265136.1,ENSG00000265136.1,biolink:Gene,https://purl.humanatlas.io/graph/hra-pop
ENSEMBL:ENSG00000265218.1,ENSG00000265218.1,ENSG00000265218.1,biolink:Gene,https://purl.humanatlas.io/graph/hra-pop
ENSEMBL:ENSG00000265257.5,ENSG00000265257.5,ENSG00000265257.5,biolink:Gene,https://purl.humanatlas.io/graph/hra-pop
ENSEMBL:ENSG00000265298.1,ENSG00000265298.1,ENSG00000265298.1,biolink:Gene,https://purl.humanatlas.io/graph/hra-pop
ENSEMBL:ENSG00000265401.1,ENSG00000265401.1,ENSG00000265401.1,biolink:Gene,https://purl.humanatlas.io/graph/hra-pop
ENSEMBL:ENSG00000265460,ENSG00000265460,ENSG00000265460,biolink:Gene,https://purl.humanatlas.io/graph/hra-pop
ENSEMBL:ENSG00000265460.6,ENSG00000265460.6,ENSG00000265460.6,biolink:Gene,https://purl.humanatlas.io/graph/hra-pop
ENSEMBL:ENSG00000265478.2,ENSG00000265478.2,ENSG00000265478.2,biolink:Gene,https://purl.humanatlas.io/graph/hra-pop
ENSEMBL:ENSG00000265496.5,ENSG00000265496.5,ENSG00000265496.5,biolink:Gene,https://purl.humanatlas.io/graph/hra-pop
ENSEMBL:ENSG00000265737.1,ENSG00000265737.1,ENSG00000265737.1,biolink:Gene,https://purl.humanatlas.io/graph/hra-pop
ENSEMBL:ENSG00000265749.6,ENSG00000265749.6,ENSG00000265749.6,biolink:Gene,https://purl.humanatlas.io/graph/hra-pop
ENSEMBL:ENSG00000265845.2,ENSG00000265845.2,ENSG00000265845.2,biolink:Gene,https://purl.humanatlas.io/graph/hra-pop
ENSEMBL:ENSG00000265907.2,ENSG00000265907.2,ENSG00000265907.2,biolink:Gene,https://purl.humanatlas.io/graph/hra-pop
ENSEMBL:ENSG00000265987.1,ENSG00000265987.1,ENSG00000265987.1,biolink:Gene,https://purl.humanatlas.io/graph/hra-pop
ENSEMBL:ENSG00000266002.1,ENSG00000266002.1,ENSG00000266002.1,biolink:Gene,https://purl.humanatlas.io/graph/hra-pop
ENSEMBL:ENSG00000266088,ENSG00000266088,ENSG00000266088,biolink:Gene,https://purl.humanatlas.io/graph/hra-pop
ENSEMBL:ENSG00000266248.1,ENSG00000266248.1,ENSG00000266248.1,biolink:Gene,https://purl.humanatlas.io/graph/hra-pop
ENSEMBL:ENSG00000266268,ENSG00000266268,ENSG00000266268,biolink:Gene,https://purl.humanatlas.io/graph/hra-pop
ENSEMBL:ENSG00000266460.1,ENSG00000266460.1,ENSG00000266460.1,biolink:Gene,https://purl.humanatlas.io/graph/hra-pop
ENSEMBL:ENSG00000266495.1,ENSG00000266495.1,ENSG00000266495.1,biolink:Gene,https://purl.humanatlas.io/graph/hra-pop
ENSEMBL:ENSG00000266538,ENSG00000266538,ENSG00000266538,biolink:Gene,https://purl.humanatlas.io/graph/hra-pop
ENSEMBL:ENSG00000266538.1,ENSG00000266538.1,ENSG00000266538.1,biolink:Gene,https://purl.humanatlas.io/graph/hra-pop
ENSEMBL:ENSG00000266667.1,ENSG00000266667.1,ENSG00000266667.1,biolink:Gene,https://purl.humanatlas.io/graph/hra-pop
ENSEMBL:ENSG00000266680.1,ENSG00000266680.1,ENSG00000266680.1,biolink:Gene,https://purl.humanatlas.io/graph/hra-pop
ENSEMBL:ENSG00000266846.2,ENSG00000266846.2,ENSG00000266846.2,biolink:Gene,https://purl.humanatlas.io/graph/hra-pop
ENSEMBL:ENSG00000266850,ENSG00000266850,ENSG00000266850,biolink:Gene,https://purl.humanatlas.io/graph/hra-pop
ENSEMBL:ENSG00000266865.6,ENSG00000266865.6,ENSG00000266865.6,biolink:Gene,https://purl.humanatlas.io/graph/hra-pop
ENSEMBL:ENSG00000266896,ENSG00000266896,ENSG00000266896,biolink:Gene,https://purl.humanatlas.io/graph/hra-pop
ENSEMBL:ENSG00000266923.1,ENSG00000266923.1,ENSG00000266923.1,biolink:Gene,https://purl.humanatlas.io/graph/hra-pop
ENSEMBL:ENSG00000266968.2,ENSG00000266968.2,ENSG00000266968.2,biolink:Gene,https://purl.humanatlas.io/graph/hra-pop
ENSEMBL:ENSG00000266988.6,ENSG00000266988.6,ENSG00000266988.6,biolink:Gene,https://purl.humanatlas.io/graph/hra-pop
ENSEMBL:ENSG00000267011,ENSG00000267011,ENSG00000267011,biolink:Gene,https://purl.humanatlas.io/graph/hra-pop
ENSEMBL:ENSG00000267042,ENSG00000267042,ENSG00000267042,biolink:Gene,https://purl.humanatlas.io/graph/hra-pop
ENSEMBL:ENSG00000267047.1,ENSG00000267047.1,ENSG00000267047.1,biolink:Gene,https://purl.humanatlas.io/graph/hra-pop
ENSEMBL:ENSG00000267055.1,ENSG00000267055.1,ENSG00000267055.1,biolink:Gene,https://purl.humanatlas.io/graph/hra-pop
ENSEMBL:ENSG00000267059.2,ENSG00000267059.2,ENSG00000267059.2,biolink:Gene,https://purl.humanatlas.io/graph/hra-pop
ENSEMBL:ENSG00000267062.1,ENSG00000267062.1,ENSG00000267062.1,biolink:Gene,https://purl.humanatlas.io/graph/hra-pop
ENSEMBL:ENSG00000267084.1,ENSG00000267084.1,ENSG00000267084.1,biolink:Gene,https://purl.humanatlas.io/graph/hra-pop
ENSEMBL:ENSG00000267098.2,ENSG00000267098.2,ENSG00000267098.2,biolink:Gene,https://purl.humanatlas.io/graph/hra-pop
ENSEMBL:ENSG00000267124.2,ENSG00000267124.2,ENSG00000267124.2,biolink:Gene,https://purl.humanatlas.io/graph/hra-pop
ENSEMBL:ENSG00000267125.2,ENSG00000267125.2,ENSG00000267125.2,biolink:Gene,https://purl.humanatlas.io/graph/hra-pop
ENSEMBL:ENSG00000267135.2,ENSG00000267135.2,ENSG00000267135.2,biolink:Gene,https://purl.humanatlas.io/graph/hra-pop
ENSEMBL:ENSG00000267140.1,ENSG00000267140.1,ENSG00000267140.1,biolink:Gene,https://purl.humanatlas.io/graph/hra-pop
ENSEMBL:ENSG00000267143.1,ENSG00000267143.1,ENSG00000267143.1,biolink:Gene,https://purl.humanatlas.io/graph/hra-pop
ENSEMBL:ENSG00000267168,ENSG00000267168,ENSG00000267168,biolink:Gene,https://purl.humanatlas.io/graph/hra-pop
ENSEMBL:ENSG00000267173.1,ENSG00000267173.1,ENSG00000267173.1,biolink:Gene,https://purl.humanatlas.io/graph/hra-pop
ENSEMBL:ENSG00000267174.5,ENSG00000267174.5,ENSG00000267174.5,biolink:Gene,https://purl.humanatlas.io/graph/hra-pop
ENSEMBL:ENSG00000267175,ENSG00000267175,ENSG00000267175,biolink:Gene,https://purl.humanatlas.io/graph/hra-pop
ENSEMBL:ENSG00000267179.1,ENSG00000267179.1,ENSG00000267179.1,biolink:Gene,https://purl.humanatlas.io/graph/hra-pop
ENSEMBL:ENSG00000267239.1,ENSG00000267239.1,ENSG00000267239.1,biolink:Gene,https://purl.humanatlas.io/graph/hra-pop
ENSEMBL:ENSG00000267257.1,ENSG00000267257.1,ENSG00000267257.1,biolink:Gene,https://purl.humanatlas.io/graph/hra-pop
ENSEMBL:ENSG00000267285.1,ENSG00000267285.1,ENSG00000267285.1,biolink:Gene,https://purl.humanatlas.io/graph/hra-pop
ENSEMBL:ENSG00000267298.1,ENSG00000267298.1,ENSG00000267298.1,biolink:Gene,https://purl.humanatlas.io/graph/hra-pop
ENSEMBL:ENSG00000267313.7,ENSG00000267313.7,ENSG00000267313.7,biolink:Gene,https://purl.humanatlas.io/graph/hra-pop
ENSEMBL:ENSG00000267354.1,ENSG00000267354.1,ENSG00000267354.1,biolink:Gene,https://purl.humanatlas.io/graph/hra-pop
ENSEMBL:ENSG00000267379.1,ENSG00000267379.1,ENSG00000267379.1,biolink:Gene,https://purl.humanatlas.io/graph/hra-pop
ENSEMBL:ENSG00000267385.1,ENSG00000267385.1,ENSG00000267385.1,biolink:Gene,https://purl.humanatlas.io/graph/hra-pop
ENSEMBL:ENSG00000267405.1,ENSG00000267405.1,ENSG00000267405.1,biolink:Gene,https://purl.humanatlas.io/graph/hra-pop
ENSEMBL:ENSG00000267420.1,ENSG00000267420.1,ENSG00000267420.1,biolink:Gene,https://purl.humanatlas.io/graph/hra-pop
ENSEMBL:ENSG00000267433.1,ENSG00000267433.1,ENSG00000267433.1,biolink:Gene,https://purl.humanatlas.io/graph/hra-pop
ENSEMBL:ENSG00000267441.1,ENSG00000267441.1,ENSG00000267441.1,biolink:Gene,https://purl.humanatlas.io/graph/hra-pop
ENSEMBL:ENSG00000267449.1,ENSG00000267449.1,ENSG00000267449.1,biolink:Gene,https://purl.humanatlas.io/graph/hra-pop
ENSEMBL:ENSG00000267458,ENSG00000267458,ENSG00000267458,biolink:Gene,https://purl.humanatlas.io/graph/hra-pop
ENSEMBL:ENSG00000267458.1,ENSG00000267458.1,ENSG00000267458.1,biolink:Gene,https://purl.humanatlas.io/graph/hra-pop
ENSEMBL:ENSG00000267461.1,ENSG00000267461.1,ENSG00000267461.1,biolink:Gene,https://purl.humanatlas.io/graph/hra-pop
ENSEMBL:ENSG00000267469.1,ENSG00000267469.1,ENSG00000267469.1,biolink:Gene,https://purl.humanatlas.io/graph/hra-pop
ENSEMBL:ENSG00000267476.1,ENSG00000267476.1,ENSG00000267476.1,biolink:Gene,https://purl.humanatlas.io/graph/hra-pop
ENSEMBL:ENSG00000267509.5,ENSG00000267509.5,ENSG00000267509.5,biolink:Gene,https://purl.humanatlas.io/graph/hra-pop
ENSEMBL:ENSG00000267510.1,ENSG00000267510.1,ENSG00000267510.1,biolink:Gene,https://purl.humanatlas.io/graph/hra-pop
ENSEMBL:ENSG00000267563.1,ENSG00000267563.1,ENSG00000267563.1,biolink:Gene,https://purl.humanatlas.io/graph/hra-pop
ENSEMBL:ENSG00000267564.1,ENSG00000267564.1,ENSG00000267564.1,biolink:Gene,https://purl.humanatlas.io/graph/hra-pop
ENSEMBL:ENSG00000267576.1,ENSG00000267576.1,ENSG00000267576.1,biolink:Gene,https://purl.humanatlas.io/graph/hra-pop
ENSEMBL:ENSG00000267618.5,ENSG00000267618.5,ENSG00000267618.5,biolink:Gene,https://purl.humanatlas.io/graph/hra-pop
ENSEMBL:ENSG00000267645.5,ENSG00000267645.5,ENSG00000267645.5,biolink:Gene,https://purl.humanatlas.io/graph/hra-pop
ENSEMBL:ENSG00000267677,ENSG00000267677,ENSG00000267677,biolink:Gene,https://purl.humanatlas.io/graph/hra-pop
ENSEMBL:ENSG00000267694.1,ENSG00000267694.1,ENSG00000267694.1,biolink:Gene,https://purl.humanatlas.io/graph/hra-pop
ENSEMBL:ENSG00000267705.1,ENSG00000267705.1,ENSG00000267705.1,biolink:Gene,https://purl.humanatlas.io/graph/hra-pop
ENSEMBL:ENSG00000267733.5,ENSG00000267733.5,ENSG00000267733.5,biolink:Gene,https://purl.humanatlas.io/graph/hra-pop
ENSEMBL:ENSG00000267743.5,ENSG00000267743.5,ENSG00000267743.5,biolink:Gene,https://purl.humanatlas.io/graph/hra-pop
ENSEMBL:ENSG00000267745.1,ENSG00000267745.1,ENSG00000267745.1,biolink:Gene,https://purl.humanatlas.io/graph/hra-pop
ENSEMBL:ENSG00000267815.1,ENSG00000267815.1,ENSG00000267815.1,biolink:Gene,https://purl.humanatlas.io/graph/hra-pop
ENSEMBL:ENSG00000267939.1,ENSG00000267939.1,ENSG00000267939.1,biolink:Gene,https://purl.humanatlas.io/graph/hra-pop
ENSEMBL:ENSG00000268056.5,ENSG00000268056.5,ENSG00000268056.5,biolink:Gene,https://purl.humanatlas.io/graph/hra-pop
ENSEMBL:ENSG00000268083.5,ENSG00000268083.5,ENSG00000268083.5,biolink:Gene,https://purl.humanatlas.io/graph/hra-pop
ENSEMBL:ENSG00000268112.1,ENSG00000268112.1,ENSG00000268112.1,biolink:Gene,https://purl.humanatlas.io/graph/hra-pop
ENSEMBL:ENSG00000268149.1,ENSG00000268149.1,ENSG00000268149.1,biolink:Gene,https://purl.humanatlas.io/graph/hra-pop
ENSEMBL:ENSG00000268173.3,ENSG00000268173.3,ENSG00000268173.3,biolink:Gene,https://purl.humanatlas.io/graph/hra-pop
ENSEMBL:ENSG00000268184.1,ENSG00000268184.1,ENSG00000268184.1,biolink:Gene,https://purl.humanatlas.io/graph/hra-pop
ENSEMBL:ENSG00000268205,ENSG00000268205,ENSG00000268205,biolink:Gene,https://purl.humanatlas.io/graph/hra-pop
ENSEMBL:ENSG00000268362,ENSG00000268362,ENSG00000268362,biolink:Gene,https://purl.humanatlas.io/graph/hra-pop
ENSEMBL:ENSG00000268400.5,ENSG00000268400.5,ENSG00000268400.5,biolink:Gene,https://purl.humanatlas.io/graph/hra-pop
ENSEMBL:ENSG00000268455.1,ENSG00000268455.1,ENSG00000268455.1,biolink:Gene,https://purl.humanatlas.io/graph/hra-pop
ENSEMBL:ENSG00000268592.3,ENSG00000268592.3,ENSG00000268592.3,biolink:Gene,https://purl.humanatlas.io/graph/hra-pop
ENSEMBL:ENSG00000268649.5,ENSG00000268649.5,ENSG00000268649.5,biolink:Gene,https://purl.humanatlas.io/graph/hra-pop
ENSEMBL:ENSG00000268764.1,ENSG00000268764.1,ENSG00000268764.1,biolink:Gene,https://purl.humanatlas.io/graph/hra-pop
ENSEMBL:ENSG00000268797.1,ENSG00000268797.1,ENSG00000268797.1,biolink:Gene,https://purl.humanatlas.io/graph/hra-pop
ENSEMBL:ENSG00000268858,ENSG00000268858,ENSG00000268858,biolink:Gene,https://purl.humanatlas.io/graph/hra-pop
ENSEMBL:ENSG00000268870.1,ENSG00000268870.1,ENSG00000268870.1,biolink:Gene,https://purl.humanatlas.io/graph/hra-pop
ENSEMBL:ENSG00000268873.1,ENSG00000268873.1,ENSG00000268873.1,biolink:Gene,https://purl.humanatlas.io/graph/hra-pop
ENSEMBL:ENSG00000268938.2,ENSG00000268938.2,ENSG00000268938.2,biolink:Gene,https://purl.humanatlas.io/graph/hra-pop
ENSEMBL:ENSG00000268981.5,ENSG00000268981.5,ENSG00000268981.5,biolink:Gene,https://purl.humanatlas.io/graph/hra-pop
ENSEMBL:ENSG00000269026.2,ENSG00000269026.2,ENSG00000269026.2,biolink:Gene,https://purl.humanatlas.io/graph/hra-pop
ENSEMBL:ENSG00000269050.1,ENSG00000269050.1,ENSG00000269050.1,biolink:Gene,https://purl.humanatlas.io/graph/hra-pop
ENSEMBL:ENSG00000269124.1,ENSG00000269124.1,ENSG00000269124.1,biolink:Gene,https://purl.humanatlas.io/graph/hra-pop
ENSEMBL:ENSG00000269242.1,ENSG00000269242.1,ENSG00000269242.1,biolink:Gene,https://purl.humanatlas.io/graph/hra-pop
ENSEMBL:ENSG00000269307.1,ENSG00000269307.1,ENSG00000269307.1,biolink:Gene,https://purl.humanatlas.io/graph/hra-pop
ENSEMBL:ENSG00000269374.1,ENSG00000269374.1,ENSG00000269374.1,biolink:Gene,https://purl.humanatlas.io/graph/hra-pop
ENSEMBL:ENSG00000269388.1,ENSG00000269388.1,ENSG00000269388.1,biolink:Gene,https://purl.humanatlas.io/graph/hra-pop
ENSEMBL:ENSG00000269460,ENSG00000269460,ENSG00000269460,biolink:Gene,https://purl.humanatlas.io/graph/hra-pop
ENSEMBL:ENSG00000269534.5,ENSG00000269534.5,ENSG00000269534.5,biolink:Gene,https://purl.humanatlas.io/graph/hra-pop
ENSEMBL:ENSG00000269590.1,ENSG00000269590.1,ENSG00000269590.1,biolink:Gene,https://purl.humanatlas.io/graph/hra-pop
ENSEMBL:ENSG00000269707,ENSG00000269707,ENSG00000269707,biolink:Gene,https://purl.humanatlas.io/graph/hra-pop
ENSEMBL:ENSG00000269711.1,ENSG00000269711.1,ENSG00000269711.1,biolink:Gene,https://purl.humanatlas.io/graph/hra-pop
ENSEMBL:ENSG00000269749.1,ENSG00000269749.1,ENSG00000269749.1,biolink:Gene,https://purl.humanatlas.io/graph/hra-pop
ENSEMBL:ENSG00000269813.1,ENSG00000269813.1,ENSG00000269813.1,biolink:Gene,https://purl.humanatlas.io/graph/hra-pop
ENSEMBL:ENSG00000269930.1,ENSG00000269930.1,ENSG00000269930.1,biolink:Gene,https://purl.humanatlas.io/graph/hra-pop
ENSEMBL:ENSG00000269937.1,ENSG00000269937.1,ENSG00000269937.1,biolink:Gene,https://purl.humanatlas.io/graph/hra-pop
ENSEMBL:ENSG00000269958.1,ENSG00000269958.1,ENSG00000269958.1,biolink:Gene,https://purl.humanatlas.io/graph/hra-pop
ENSEMBL:ENSG00000269966.1,ENSG00000269966.1,ENSG00000269966.1,biolink:Gene,https://purl.humanatlas.io/graph/hra-pop
ENSEMBL:ENSG00000269967.1,ENSG00000269967.1,ENSG00000269967.1,biolink:Gene,https://purl.humanatlas.io/graph/hra-pop
ENSEMBL:ENSG00000269968.1,ENSG00000269968.1,ENSG00000269968.1,biolink:Gene,https://purl.humanatlas.io/graph/hra-pop
ENSEMBL:ENSG00000269983.1,ENSG00000269983.1,ENSG00000269983.1,biolink:Gene,https://purl.humanatlas.io/graph/hra-pop
ENSEMBL:ENSG00000269987.1,ENSG00000269987.1,ENSG00000269987.1,biolink:Gene,https://purl.humanatlas.io/graph/hra-pop
ENSEMBL:ENSG00000270001.1,ENSG00000270001.1,ENSG00000270001.1,biolink:Gene,https://purl.humanatlas.io/graph/hra-pop
ENSEMBL:ENSG00000270060.1,ENSG00000270060.1,ENSG00000270060.1,biolink:Gene,https://purl.humanatlas.io/graph/hra-pop
ENSEMBL:ENSG00000270071.3,ENSG00000270071.3,ENSG00000270071.3,biolink:Gene,https://purl.humanatlas.io/graph/hra-pop
ENSEMBL:ENSG00000270072.1,ENSG00000270072.1,ENSG00000270072.1,biolink:Gene,https://purl.humanatlas.io/graph/hra-pop
ENSEMBL:ENSG00000270099.1,ENSG00000270099.1,ENSG00000270099.1,biolink:Gene,https://purl.humanatlas.io/graph/hra-pop
ENSEMBL:ENSG00000270149.5,ENSG00000270149.5,ENSG00000270149.5,biolink:Gene,https://purl.humanatlas.io/graph/hra-pop
ENSEMBL:ENSG00000270240.2,ENSG00000270240.2,ENSG00000270240.2,biolink:Gene,https://purl.humanatlas.io/graph/hra-pop
ENSEMBL:ENSG00000270249.2,ENSG00000270249.2,ENSG00000270249.2,biolink:Gene,https://purl.humanatlas.io/graph/hra-pop
ENSEMBL:ENSG00000270361.1,ENSG00000270361.1,ENSG00000270361.1,biolink:Gene,https://purl.humanatlas.io/graph/hra-pop
ENSEMBL:ENSG00000270380.1,ENSG00000270380.1,ENSG00000270380.1,biolink:Gene,https://purl.humanatlas.io/graph/hra-pop
ENSEMBL:ENSG00000270558.1,ENSG00000270558.1,ENSG00000270558.1,biolink:Gene,https://purl.humanatlas.io/graph/hra-pop
ENSEMBL:ENSG00000270755.1,ENSG00000270755.1,ENSG00000270755.1,biolink:Gene,https://purl.humanatlas.io/graph/hra-pop
ENSEMBL:ENSG00000271141,ENSG00000271141,ENSG00000271141,biolink:Gene,https://purl.humanatlas.io/graph/hra-pop
ENSEMBL:ENSG00000271500.1,ENSG00000271500.1,ENSG00000271500.1,biolink:Gene,https://purl.humanatlas.io/graph/hra-pop
ENSEMBL:ENSG00000271554.1,ENSG00000271554.1,ENSG00000271554.1,biolink:Gene,https://purl.humanatlas.io/graph/hra-pop
ENSEMBL:ENSG00000271758.2,ENSG00000271758.2,ENSG00000271758.2,biolink:Gene,https://purl.humanatlas.io/graph/hra-pop
ENSEMBL:ENSG00000271774.1,ENSG00000271774.1,ENSG00000271774.1,biolink:Gene,https://purl.humanatlas.io/graph/hra-pop
ENSEMBL:ENSG00000271781.1,ENSG00000271781.1,ENSG00000271781.1,biolink:Gene,https://purl.humanatlas.io/graph/hra-pop
ENSEMBL:ENSG00000271787.1,ENSG00000271787.1,ENSG00000271787.1,biolink:Gene,https://purl.humanatlas.io/graph/hra-pop
ENSEMBL:ENSG00000271806.1,ENSG00000271806.1,ENSG00000271806.1,biolink:Gene,https://purl.humanatlas.io/graph/hra-pop
ENSEMBL:ENSG00000271857.1,ENSG00000271857.1,ENSG00000271857.1,biolink:Gene,https://purl.humanatlas.io/graph/hra-pop
ENSEMBL:ENSG00000271897,ENSG00000271897,ENSG00000271897,biolink:Gene,https://purl.humanatlas.io/graph/hra-pop
ENSEMBL:ENSG00000271904.1,ENSG00000271904.1,ENSG00000271904.1,biolink:Gene,https://purl.humanatlas.io/graph/hra-pop
ENSEMBL:ENSG00000271917,ENSG00000271917,ENSG00000271917,biolink:Gene,https://purl.humanatlas.io/graph/hra-pop
ENSEMBL:ENSG00000271945,ENSG00000271945,ENSG00000271945,biolink:Gene,https://purl.humanatlas.io/graph/hra-pop
ENSEMBL:ENSG00000271945.2,ENSG00000271945.2,ENSG00000271945.2,biolink:Gene,https://purl.humanatlas.io/graph/hra-pop
ENSEMBL:ENSG00000271949.1,ENSG00000271949.1,ENSG00000271949.1,biolink:Gene,https://purl.humanatlas.io/graph/hra-pop
ENSEMBL:ENSG00000271955.2,ENSG00000271955.2,ENSG00000271955.2,biolink:Gene,https://purl.humanatlas.io/graph/hra-pop
ENSEMBL:ENSG00000271959.1,ENSG00000271959.1,ENSG00000271959.1,biolink:Gene,https://purl.humanatlas.io/graph/hra-pop
ENSEMBL:ENSG00000271971.1,ENSG00000271971.1,ENSG00000271971.1,biolink:Gene,https://purl.humanatlas.io/graph/hra-pop
ENSEMBL:ENSG00000271992.1,ENSG00000271992.1,ENSG00000271992.1,biolink:Gene,https://purl.humanatlas.io/graph/hra-pop
ENSEMBL:ENSG00000272049.1,ENSG00000272049.1,ENSG00000272049.1,biolink:Gene,https://purl.humanatlas.io/graph/hra-pop
ENSEMBL:ENSG00000272050.1,ENSG00000272050.1,ENSG00000272050.1,biolink:Gene,https://purl.humanatlas.io/graph/hra-pop
ENSEMBL:ENSG00000272106,ENSG00000272106,ENSG00000272106,biolink:Gene,https://purl.humanatlas.io/graph/hra-pop
ENSEMBL:ENSG00000272114.1,ENSG00000272114.1,ENSG00000272114.1,biolink:Gene,https://purl.humanatlas.io/graph/hra-pop
ENSEMBL:ENSG00000272141,ENSG00000272141,ENSG00000272141,biolink:Gene,https://purl.humanatlas.io/graph/hra-pop
ENSEMBL:ENSG00000272161.1,ENSG00000272161.1,ENSG00000272161.1,biolink:Gene,https://purl.humanatlas.io/graph/hra-pop
ENSEMBL:ENSG00000272195.1,ENSG00000272195.1,ENSG00000272195.1,biolink:Gene,https://purl.humanatlas.io/graph/hra-pop
ENSEMBL:ENSG00000272196.2,ENSG00000272196.2,ENSG00000272196.2,biolink:Gene,https://purl.humanatlas.io/graph/hra-pop
ENSEMBL:ENSG00000272243.6,ENSG00000272243.6,ENSG00000272243.6,biolink:Gene,https://purl.humanatlas.io/graph/hra-pop
ENSEMBL:ENSG00000272247.1,ENSG00000272247.1,ENSG00000272247.1,biolink:Gene,https://purl.humanatlas.io/graph/hra-pop
ENSEMBL:ENSG00000272264.1,ENSG00000272264.1,ENSG00000272264.1,biolink:Gene,https://purl.humanatlas.io/graph/hra-pop
ENSEMBL:ENSG00000272297.2,ENSG00000272297.2,ENSG00000272297.2,biolink:Gene,https://purl.humanatlas.io/graph/hra-pop
ENSEMBL:ENSG00000272305.5,ENSG00000272305.5,ENSG00000272305.5,biolink:Gene,https://purl.humanatlas.io/graph/hra-pop
ENSEMBL:ENSG00000272345.1,ENSG00000272345.1,ENSG00000272345.1,biolink:Gene,https://purl.humanatlas.io/graph/hra-pop
ENSEMBL:ENSG00000272354.1,ENSG00000272354.1,ENSG00000272354.1,biolink:Gene,https://purl.humanatlas.io/graph/hra-pop
ENSEMBL:ENSG00000272369.1,ENSG00000272369.1,ENSG00000272369.1,biolink:Gene,https://purl.humanatlas.io/graph/hra-pop
ENSEMBL:ENSG00000272402,ENSG00000272402,ENSG00000272402,biolink:Gene,https://purl.humanatlas.io/graph/hra-pop
ENSEMBL:ENSG00000272418.1,ENSG00000272418.1,ENSG00000272418.1,biolink:Gene,https://purl.humanatlas.io/graph/hra-pop
ENSEMBL:ENSG00000272482.1,ENSG00000272482.1,ENSG00000272482.1,biolink:Gene,https://purl.humanatlas.io/graph/hra-pop
ENSEMBL:ENSG00000272489.1,ENSG00000272489.1,ENSG00000272489.1,biolink:Gene,https://purl.humanatlas.io/graph/hra-pop
ENSEMBL:ENSG00000272509.1,ENSG00000272509.1,ENSG00000272509.1,biolink:Gene,https://purl.humanatlas.io/graph/hra-pop
ENSEMBL:ENSG00000272657.1,ENSG00000272657.1,ENSG00000272657.1,biolink:Gene,https://purl.humanatlas.io/graph/hra-pop
ENSEMBL:ENSG00000272660.1,ENSG00000272660.1,ENSG00000272660.1,biolink:Gene,https://purl.humanatlas.io/graph/hra-pop
ENSEMBL:ENSG00000272667.1,ENSG00000272667.1,ENSG00000272667.1,biolink:Gene,https://purl.humanatlas.io/graph/hra-pop
ENSEMBL:ENSG00000272679.1,ENSG00000272679.1,ENSG00000272679.1,biolink:Gene,https://purl.humanatlas.io/graph/hra-pop
ENSEMBL:ENSG00000272729.1,ENSG00000272729.1,ENSG00000272729.1,biolink:Gene,https://purl.humanatlas.io/graph/hra-pop
ENSEMBL:ENSG00000272732,ENSG00000272732,ENSG00000272732,biolink:Gene,https://purl.humanatlas.io/graph/hra-pop
ENSEMBL:ENSG00000272736.5,ENSG00000272736.5,ENSG00000272736.5,biolink:Gene,https://purl.humanatlas.io/graph/hra-pop
ENSEMBL:ENSG00000272807.1,ENSG00000272807.1,ENSG00000272807.1,biolink:Gene,https://purl.humanatlas.io/graph/hra-pop
ENSEMBL:ENSG00000272810.1,ENSG00000272810.1,ENSG00000272810.1,biolink:Gene,https://purl.humanatlas.io/graph/hra-pop
ENSEMBL:ENSG00000272822.2,ENSG00000272822.2,ENSG00000272822.2,biolink:Gene,https://purl.humanatlas.io/graph/hra-pop
ENSEMBL:ENSG00000272831.1,ENSG00000272831.1,ENSG00000272831.1,biolink:Gene,https://purl.humanatlas.io/graph/hra-pop
ENSEMBL:ENSG00000272874.1,ENSG00000272874.1,ENSG00000272874.1,biolink:Gene,https://purl.humanatlas.io/graph/hra-pop
ENSEMBL:ENSG00000272884.1,ENSG00000272884.1,ENSG00000272884.1,biolink:Gene,https://purl.humanatlas.io/graph/hra-pop
ENSEMBL:ENSG00000272911.1,ENSG00000272911.1,ENSG00000272911.1,biolink:Gene,https://purl.humanatlas.io/graph/hra-pop
ENSEMBL:ENSG00000272980.4,ENSG00000272980.4,ENSG00000272980.4,biolink:Gene,https://purl.humanatlas.io/graph/hra-pop
ENSEMBL:ENSG00000272990,ENSG00000272990,ENSG00000272990,biolink:Gene,https://purl.humanatlas.io/graph/hra-pop
ENSEMBL:ENSG00000273013.1,ENSG00000273013.1,ENSG00000273013.1,biolink:Gene,https://purl.humanatlas.io/graph/hra-pop
ENSEMBL:ENSG00000273014.1,ENSG00000273014.1,ENSG00000273014.1,biolink:Gene,https://purl.humanatlas.io/graph/hra-pop
ENSEMBL:ENSG00000273049,ENSG00000273049,ENSG00000273049,biolink:Gene,https://purl.humanatlas.io/graph/hra-pop
ENSEMBL:ENSG00000273049.1,ENSG00000273049.1,ENSG00000273049.1,biolink:Gene,https://purl.humanatlas.io/graph/hra-pop
ENSEMBL:ENSG00000273088.2,ENSG00000273088.2,ENSG00000273088.2,biolink:Gene,https://purl.humanatlas.io/graph/hra-pop
ENSEMBL:ENSG00000273112.1,ENSG00000273112.1,ENSG00000273112.1,biolink:Gene,https://purl.humanatlas.io/graph/hra-pop
ENSEMBL:ENSG00000273145,ENSG00000273145,ENSG00000273145,biolink:Gene,https://purl.humanatlas.io/graph/hra-pop
ENSEMBL:ENSG00000273149.1,ENSG00000273149.1,ENSG00000273149.1,biolink:Gene,https://purl.humanatlas.io/graph/hra-pop
ENSEMBL:ENSG00000273154.3,ENSG00000273154.3,ENSG00000273154.3,biolink:Gene,https://purl.humanatlas.io/graph/hra-pop
ENSEMBL:ENSG00000273156.2,ENSG00000273156.2,ENSG00000273156.2,biolink:Gene,https://purl.humanatlas.io/graph/hra-pop
ENSEMBL:ENSG00000273167,ENSG00000273167,ENSG00000273167,biolink:Gene,https://purl.humanatlas.io/graph/hra-pop
ENSEMBL:ENSG00000273167.1,ENSG00000273167.1,ENSG00000273167.1,biolink:Gene,https://purl.humanatlas.io/graph/hra-pop
ENSEMBL:ENSG00000273175,ENSG00000273175,ENSG00000273175,biolink:Gene,https://purl.humanatlas.io/graph/hra-pop
ENSEMBL:ENSG00000273179,ENSG00000273179,ENSG00000273179,biolink:Gene,https://purl.humanatlas.io/graph/hra-pop
ENSEMBL:ENSG00000273179.1,ENSG00000273179.1,ENSG00000273179.1,biolink:Gene,https://purl.humanatlas.io/graph/hra-pop
ENSEMBL:ENSG00000273186.1,ENSG00000273186.1,ENSG00000273186.1,biolink:Gene,https://purl.humanatlas.io/graph/hra-pop
ENSEMBL:ENSG00000273209,ENSG00000273209,ENSG00000273209,biolink:Gene,https://purl.humanatlas.io/graph/hra-pop
ENSEMBL:ENSG00000273210.1,ENSG00000273210.1,ENSG00000273210.1,biolink:Gene,https://purl.humanatlas.io/graph/hra-pop
ENSEMBL:ENSG00000273259,ENSG00000273259,ENSG00000273259,biolink:Gene,https://purl.humanatlas.io/graph/hra-pop
ENSEMBL:ENSG00000273259.3,ENSG00000273259.3,ENSG00000273259.3,biolink:Gene,https://purl.humanatlas.io/graph/hra-pop
ENSEMBL:ENSG00000273269.3,ENSG00000273269.3,ENSG00000273269.3,biolink:Gene,https://purl.humanatlas.io/graph/hra-pop
ENSEMBL:ENSG00000273302.1,ENSG00000273302.1,ENSG00000273302.1,biolink:Gene,https://purl.humanatlas.io/graph/hra-pop
ENSEMBL:ENSG00000273319.1,ENSG00000273319.1,ENSG00000273319.1,biolink:Gene,https://purl.humanatlas.io/graph/hra-pop
ENSEMBL:ENSG00000273413.1,ENSG00000273413.1,ENSG00000273413.1,biolink:Gene,https://purl.humanatlas.io/graph/hra-pop
ENSEMBL:ENSG00000273420.1,ENSG00000273420.1,ENSG00000273420.1,biolink:Gene,https://purl.humanatlas.io/graph/hra-pop
ENSEMBL:ENSG00000273432.1,ENSG00000273432.1,ENSG00000273432.1,biolink:Gene,https://purl.humanatlas.io/graph/hra-pop
ENSEMBL:ENSG00000273443.1,ENSG00000273443.1,ENSG00000273443.1,biolink:Gene,https://purl.humanatlas.io/graph/hra-pop
ENSEMBL:ENSG00000273471.1,ENSG00000273471.1,ENSG00000273471.1,biolink:Gene,https://purl.humanatlas.io/graph/hra-pop
ENSEMBL:ENSG00000273570.1,ENSG00000273570.1,ENSG00000273570.1,biolink:Gene,https://purl.humanatlas.io/graph/hra-pop
ENSEMBL:ENSG00000273711.2,ENSG00000273711.2,ENSG00000273711.2,biolink:Gene,https://purl.humanatlas.io/graph/hra-pop
ENSEMBL:ENSG00000274002,ENSG00000274002,ENSG00000274002,biolink:Gene,https://purl.humanatlas.io/graph/hra-pop
ENSEMBL:ENSG00000274067.1,ENSG00000274067.1,ENSG00000274067.1,biolink:Gene,https://purl.humanatlas.io/graph/hra-pop
ENSEMBL:ENSG00000274080.1,ENSG00000274080.1,ENSG00000274080.1,biolink:Gene,https://purl.humanatlas.io/graph/hra-pop
ENSEMBL:ENSG00000274104.1,ENSG00000274104.1,ENSG00000274104.1,biolink:Gene,https://purl.humanatlas.io/graph/hra-pop
ENSEMBL:ENSG00000274248.1,ENSG00000274248.1,ENSG00000274248.1,biolink:Gene,https://purl.humanatlas.io/graph/hra-pop
ENSEMBL:ENSG00000274265,ENSG00000274265,ENSG00000274265,biolink:Gene,https://purl.humanatlas.io/graph/hra-pop
ENSEMBL:ENSG00000274422,ENSG00000274422,ENSG00000274422,biolink:Gene,https://purl.humanatlas.io/graph/hra-pop
ENSEMBL:ENSG00000274460.1,ENSG00000274460.1,ENSG00000274460.1,biolink:Gene,https://purl.humanatlas.io/graph/hra-pop
ENSEMBL:ENSG00000274510.1,ENSG00000274510.1,ENSG00000274510.1,biolink:Gene,https://purl.humanatlas.io/graph/hra-pop
ENSEMBL:ENSG00000274525.1,ENSG00000274525.1,ENSG00000274525.1,biolink:Gene,https://purl.humanatlas.io/graph/hra-pop
ENSEMBL:ENSG00000274565.1,ENSG00000274565.1,ENSG00000274565.1,biolink:Gene,https://purl.humanatlas.io/graph/hra-pop
ENSEMBL:ENSG00000274629.1,ENSG00000274629.1,ENSG00000274629.1,biolink:Gene,https://purl.humanatlas.io/graph/hra-pop
ENSEMBL:ENSG00000274653.1,ENSG00000274653.1,ENSG00000274653.1,biolink:Gene,https://purl.humanatlas.io/graph/hra-pop
ENSEMBL:ENSG00000274760.1,ENSG00000274760.1,ENSG00000274760.1,biolink:Gene,https://purl.humanatlas.io/graph/hra-pop
ENSEMBL:ENSG00000274874.2,ENSG00000274874.2,ENSG00000274874.2,biolink:Gene,https://purl.humanatlas.io/graph/hra-pop
ENSEMBL:ENSG00000275040.1,ENSG00000275040.1,ENSG00000275040.1,biolink:Gene,https://purl.humanatlas.io/graph/hra-pop
ENSEMBL:ENSG00000275103.1,ENSG00000275103.1,ENSG00000275103.1,biolink:Gene,https://purl.humanatlas.io/graph/hra-pop
ENSEMBL:ENSG00000275119.1,ENSG00000275119.1,ENSG00000275119.1,biolink:Gene,https://purl.humanatlas.io/graph/hra-pop
ENSEMBL:ENSG00000275163,ENSG00000275163,ENSG00000275163,biolink:Gene,https://purl.humanatlas.io/graph/hra-pop
ENSEMBL:ENSG00000275163.1,ENSG00000275163.1,ENSG00000275163.1,biolink:Gene,https://purl.humanatlas.io/graph/hra-pop
ENSEMBL:ENSG00000275180,ENSG00000275180,ENSG00000275180,biolink:Gene,https://purl.humanatlas.io/graph/hra-pop
ENSEMBL:ENSG00000275443.2,ENSG00000275443.2,ENSG00000275443.2,biolink:Gene,https://purl.humanatlas.io/graph/hra-pop
ENSEMBL:ENSG00000275484,ENSG00000275484,ENSG00000275484,biolink:Gene,https://purl.humanatlas.io/graph/hra-pop
ENSEMBL:ENSG00000275557.1,ENSG00000275557.1,ENSG00000275557.1,biolink:Gene,https://purl.humanatlas.io/graph/hra-pop
ENSEMBL:ENSG00000275630.1,ENSG00000275630.1,ENSG00000275630.1,biolink:Gene,https://purl.humanatlas.io/graph/hra-pop
ENSEMBL:ENSG00000275649.1,ENSG00000275649.1,ENSG00000275649.1,biolink:Gene,https://purl.humanatlas.io/graph/hra-pop
ENSEMBL:ENSG00000275665.1,ENSG00000275665.1,ENSG00000275665.1,biolink:Gene,https://purl.humanatlas.io/graph/hra-pop
ENSEMBL:ENSG00000275741.1,ENSG00000275741.1,ENSG00000275741.1,biolink:Gene,https://purl.humanatlas.io/graph/hra-pop
ENSEMBL:ENSG00000275778.2,ENSG00000275778.2,ENSG00000275778.2,biolink:Gene,https://purl.humanatlas.io/graph/hra-pop
ENSEMBL:ENSG00000275799.1,ENSG00000275799.1,ENSG00000275799.1,biolink:Gene,https://purl.humanatlas.io/graph/hra-pop
ENSEMBL:ENSG00000275805.1,ENSG00000275805.1,ENSG00000275805.1,biolink:Gene,https://purl.humanatlas.io/graph/hra-pop
ENSEMBL:ENSG00000275853.1,ENSG00000275853.1,ENSG00000275853.1,biolink:Gene,https://purl.humanatlas.io/graph/hra-pop
ENSEMBL:ENSG00000275900.1,ENSG00000275900.1,ENSG00000275900.1,biolink:Gene,https://purl.humanatlas.io/graph/hra-pop
ENSEMBL:ENSG00000275964.1,ENSG00000275964.1,ENSG00000275964.1,biolink:Gene,https://purl.humanatlas.io/graph/hra-pop
ENSEMBL:ENSG00000276007.1,ENSG00000276007.1,ENSG00000276007.1,biolink:Gene,https://purl.humanatlas.io/graph/hra-pop
ENSEMBL:ENSG00000276075,ENSG00000276075,ENSG00000276075,biolink:Gene,https://purl.humanatlas.io/graph/hra-pop
ENSEMBL:ENSG00000276193.1,ENSG00000276193.1,ENSG00000276193.1,biolink:Gene,https://purl.humanatlas.io/graph/hra-pop
ENSEMBL:ENSG00000276266.1,ENSG00000276266.1,ENSG00000276266.1,biolink:Gene,https://purl.humanatlas.io/graph/hra-pop
ENSEMBL:ENSG00000276278.1,ENSG00000276278.1,ENSG00000276278.1,biolink:Gene,https://purl.humanatlas.io/graph/hra-pop
ENSEMBL:ENSG00000276337.1,ENSG00000276337.1,ENSG00000276337.1,biolink:Gene,https://purl.humanatlas.io/graph/hra-pop
ENSEMBL:ENSG00000276445.1,ENSG00000276445.1,ENSG00000276445.1,biolink:Gene,https://purl.humanatlas.io/graph/hra-pop
ENSEMBL:ENSG00000276649.1,ENSG00000276649.1,ENSG00000276649.1,biolink:Gene,https://purl.humanatlas.io/graph/hra-pop
ENSEMBL:ENSG00000276651.1,ENSG00000276651.1,ENSG00000276651.1,biolink:Gene,https://purl.humanatlas.io/graph/hra-pop
ENSEMBL:ENSG00000276690.1,ENSG00000276690.1,ENSG00000276690.1,biolink:Gene,https://purl.humanatlas.io/graph/hra-pop
ENSEMBL:ENSG00000276846.1,ENSG00000276846.1,ENSG00000276846.1,biolink:Gene,https://purl.humanatlas.io/graph/hra-pop
ENSEMBL:ENSG00000276850.5,ENSG00000276850.5,ENSG00000276850.5,biolink:Gene,https://purl.humanatlas.io/graph/hra-pop
ENSEMBL:ENSG00000276902.1,ENSG00000276902.1,ENSG00000276902.1,biolink:Gene,https://purl.humanatlas.io/graph/hra-pop
ENSEMBL:ENSG00000277007.1,ENSG00000277007.1,ENSG00000277007.1,biolink:Gene,https://purl.humanatlas.io/graph/hra-pop
ENSEMBL:ENSG00000277228.1,ENSG00000277228.1,ENSG00000277228.1,biolink:Gene,https://purl.humanatlas.io/graph/hra-pop
ENSEMBL:ENSG00000277510.1,ENSG00000277510.1,ENSG00000277510.1,biolink:Gene,https://purl.humanatlas.io/graph/hra-pop
ENSEMBL:ENSG00000277599.1,ENSG00000277599.1,ENSG00000277599.1,biolink:Gene,https://purl.humanatlas.io/graph/hra-pop
ENSEMBL:ENSG00000277662.1,ENSG00000277662.1,ENSG00000277662.1,biolink:Gene,https://purl.humanatlas.io/graph/hra-pop
ENSEMBL:ENSG00000277688.1,ENSG00000277688.1,ENSG00000277688.1,biolink:Gene,https://purl.humanatlas.io/graph/hra-pop
ENSEMBL:ENSG00000277840.1,ENSG00000277840.1,ENSG00000277840.1,biolink:Gene,https://purl.humanatlas.io/graph/hra-pop
ENSEMBL:ENSG00000277959.1,ENSG00000277959.1,ENSG00000277959.1,biolink:Gene,https://purl.humanatlas.io/graph/hra-pop
ENSEMBL:ENSG00000278013.1,ENSG00000278013.1,ENSG00000278013.1,biolink:Gene,https://purl.humanatlas.io/graph/hra-pop
ENSEMBL:ENSG00000278050.1,ENSG00000278050.1,ENSG00000278050.1,biolink:Gene,https://purl.humanatlas.io/graph/hra-pop
ENSEMBL:ENSG00000278060.1,ENSG00000278060.1,ENSG00000278060.1,biolink:Gene,https://purl.humanatlas.io/graph/hra-pop
ENSEMBL:ENSG00000278217.1,ENSG00000278217.1,ENSG00000278217.1,biolink:Gene,https://purl.humanatlas.io/graph/hra-pop
ENSEMBL:ENSG00000278383.1,ENSG00000278383.1,ENSG00000278383.1,biolink:Gene,https://purl.humanatlas.io/graph/hra-pop
ENSEMBL:ENSG00000278431.1,ENSG00000278431.1,ENSG00000278431.1,biolink:Gene,https://purl.humanatlas.io/graph/hra-pop
ENSEMBL:ENSG00000278531.1,ENSG00000278531.1,ENSG00000278531.1,biolink:Gene,https://purl.humanatlas.io/graph/hra-pop
ENSEMBL:ENSG00000278791.1,ENSG00000278791.1,ENSG00000278791.1,biolink:Gene,https://purl.humanatlas.io/graph/hra-pop
ENSEMBL:ENSG00000278834.1,ENSG00000278834.1,ENSG00000278834.1,biolink:Gene,https://purl.humanatlas.io/graph/hra-pop
ENSEMBL:ENSG00000278872.1,ENSG00000278872.1,ENSG00000278872.1,biolink:Gene,https://purl.humanatlas.io/graph/hra-pop
ENSEMBL:ENSG00000278897.1,ENSG00000278897.1,ENSG00000278897.1,biolink:Gene,https://purl.humanatlas.io/graph/hra-pop
ENSEMBL:ENSG00000278899.1,ENSG00000278899.1,ENSG00000278899.1,biolink:Gene,https://purl.humanatlas.io/graph/hra-pop
ENSEMBL:ENSG00000278929.1,ENSG00000278929.1,ENSG00000278929.1,biolink:Gene,https://purl.humanatlas.io/graph/hra-pop
ENSEMBL:ENSG00000278931.1,ENSG00000278931.1,ENSG00000278931.1,biolink:Gene,https://purl.humanatlas.io/graph/hra-pop
ENSEMBL:ENSG00000278932.4,ENSG00000278932.4,ENSG00000278932.4,biolink:Gene,https://purl.humanatlas.io/graph/hra-pop
ENSEMBL:ENSG00000278961,ENSG00000278961,ENSG00000278961,biolink:Gene,https://purl.humanatlas.io/graph/hra-pop
ENSEMBL:ENSG00000278961.2,ENSG00000278961.2,ENSG00000278961.2,biolink:Gene,https://purl.humanatlas.io/graph/hra-pop
ENSEMBL:ENSG00000278993.1,ENSG00000278993.1,ENSG00000278993.1,biolink:Gene,https://purl.humanatlas.io/graph/hra-pop
ENSEMBL:ENSG00000278996,ENSG00000278996,ENSG00000278996,biolink:Gene,https://purl.humanatlas.io/graph/hra-pop
ENSEMBL:ENSG00000278996.1,ENSG00000278996.1,ENSG00000278996.1,biolink:Gene,https://purl.humanatlas.io/graph/hra-pop
ENSEMBL:ENSG00000279009.1,ENSG00000279009.1,ENSG00000279009.1,biolink:Gene,https://purl.humanatlas.io/graph/hra-pop
ENSEMBL:ENSG00000279031.1,ENSG00000279031.1,ENSG00000279031.1,biolink:Gene,https://purl.humanatlas.io/graph/hra-pop
ENSEMBL:ENSG00000279083.1,ENSG00000279083.1,ENSG00000279083.1,biolink:Gene,https://purl.humanatlas.io/graph/hra-pop
ENSEMBL:ENSG00000279108.1,ENSG00000279108.1,ENSG00000279108.1,biolink:Gene,https://purl.humanatlas.io/graph/hra-pop
ENSEMBL:ENSG00000279118.1,ENSG00000279118.1,ENSG00000279118.1,biolink:Gene,https://purl.humanatlas.io/graph/hra-pop
ENSEMBL:ENSG00000279160.1,ENSG00000279160.1,ENSG00000279160.1,biolink:Gene,https://purl.humanatlas.io/graph/hra-pop
ENSEMBL:ENSG00000279168.2,ENSG00000279168.2,ENSG00000279168.2,biolink:Gene,https://purl.humanatlas.io/graph/hra-pop
ENSEMBL:ENSG00000279179.1,ENSG00000279179.1,ENSG00000279179.1,biolink:Gene,https://purl.humanatlas.io/graph/hra-pop
ENSEMBL:ENSG00000279225.1,ENSG00000279225.1,ENSG00000279225.1,biolink:Gene,https://purl.humanatlas.io/graph/hra-pop
ENSEMBL:ENSG00000279231.1,ENSG00000279231.1,ENSG00000279231.1,biolink:Gene,https://purl.humanatlas.io/graph/hra-pop
ENSEMBL:ENSG00000279237.1,ENSG00000279237.1,ENSG00000279237.1,biolink:Gene,https://purl.humanatlas.io/graph/hra-pop
ENSEMBL:ENSG00000279251.1,ENSG00000279251.1,ENSG00000279251.1,biolink:Gene,https://purl.humanatlas.io/graph/hra-pop
ENSEMBL:ENSG00000279268.1,ENSG00000279268.1,ENSG00000279268.1,biolink:Gene,https://purl.humanatlas.io/graph/hra-pop
ENSEMBL:ENSG00000279289.1,ENSG00000279289.1,ENSG00000279289.1,biolink:Gene,https://purl.humanatlas.io/graph/hra-pop
ENSEMBL:ENSG00000279337.1,ENSG00000279337.1,ENSG00000279337.1,biolink:Gene,https://purl.humanatlas.io/graph/hra-pop
ENSEMBL:ENSG00000279364.1,ENSG00000279364.1,ENSG00000279364.1,biolink:Gene,https://purl.humanatlas.io/graph/hra-pop
ENSEMBL:ENSG00000279384.1,ENSG00000279384.1,ENSG00000279384.1,biolink:Gene,https://purl.humanatlas.io/graph/hra-pop
ENSEMBL:ENSG00000279453.1,ENSG00000279453.1,ENSG00000279453.1,biolink:Gene,https://purl.humanatlas.io/graph/hra-pop
ENSEMBL:ENSG00000279464.1,ENSG00000279464.1,ENSG00000279464.1,biolink:Gene,https://purl.humanatlas.io/graph/hra-pop
ENSEMBL:ENSG00000279483,ENSG00000279483,ENSG00000279483,biolink:Gene,https://purl.humanatlas.io/graph/hra-pop
ENSEMBL:ENSG00000279483.2,ENSG00000279483.2,ENSG00000279483.2,biolink:Gene,https://purl.humanatlas.io/graph/hra-pop
ENSEMBL:ENSG00000279513.1,ENSG00000279513.1,ENSG00000279513.1,biolink:Gene,https://purl.humanatlas.io/graph/hra-pop
ENSEMBL:ENSG00000279534.1,ENSG00000279534.1,ENSG00000279534.1,biolink:Gene,https://purl.humanatlas.io/graph/hra-pop
ENSEMBL:ENSG00000279555.1,ENSG00000279555.1,ENSG00000279555.1,biolink:Gene,https://purl.humanatlas.io/graph/hra-pop
ENSEMBL:ENSG00000279583.1,ENSG00000279583.1,ENSG00000279583.1,biolink:Gene,https://purl.humanatlas.io/graph/hra-pop
ENSEMBL:ENSG00000279592.1,ENSG00000279592.1,ENSG00000279592.1,biolink:Gene,https://purl.humanatlas.io/graph/hra-pop
ENSEMBL:ENSG00000279605.1,ENSG00000279605.1,ENSG00000279605.1,biolink:Gene,https://purl.humanatlas.io/graph/hra-pop
ENSEMBL:ENSG00000279621.1,ENSG00000279621.1,ENSG00000279621.1,biolink:Gene,https://purl.humanatlas.io/graph/hra-pop
ENSEMBL:ENSG00000279652.1,ENSG00000279652.1,ENSG00000279652.1,biolink:Gene,https://purl.humanatlas.io/graph/hra-pop
ENSEMBL:ENSG00000279686.1,ENSG00000279686.1,ENSG00000279686.1,biolink:Gene,https://purl.humanatlas.io/graph/hra-pop
ENSEMBL:ENSG00000279689.1,ENSG00000279689.1,ENSG00000279689.1,biolink:Gene,https://purl.humanatlas.io/graph/hra-pop
ENSEMBL:ENSG00000279705.1,ENSG00000279705.1,ENSG00000279705.1,biolink:Gene,https://purl.humanatlas.io/graph/hra-pop
ENSEMBL:ENSG00000279729.1,ENSG00000279729.1,ENSG00000279729.1,biolink:Gene,https://purl.humanatlas.io/graph/hra-pop
ENSEMBL:ENSG00000279737.1,ENSG00000279737.1,ENSG00000279737.1,biolink:Gene,https://purl.humanatlas.io/graph/hra-pop
ENSEMBL:ENSG00000279738.1,ENSG00000279738.1,ENSG00000279738.1,biolink:Gene,https://purl.humanatlas.io/graph/hra-pop
ENSEMBL:ENSG00000279765.3,ENSG00000279765.3,ENSG00000279765.3,biolink:Gene,https://purl.humanatlas.io/graph/hra-pop
ENSEMBL:ENSG00000279773.1,ENSG00000279773.1,ENSG00000279773.1,biolink:Gene,https://purl.humanatlas.io/graph/hra-pop
ENSEMBL:ENSG00000279865.1,ENSG00000279865.1,ENSG00000279865.1,biolink:Gene,https://purl.humanatlas.io/graph/hra-pop
ENSEMBL:ENSG00000279891.1,ENSG00000279891.1,ENSG00000279891.1,biolink:Gene,https://purl.humanatlas.io/graph/hra-pop
ENSEMBL:ENSG00000279949.1,ENSG00000279949.1,ENSG00000279949.1,biolink:Gene,https://purl.humanatlas.io/graph/hra-pop
ENSEMBL:ENSG00000279980.1,ENSG00000279980.1,ENSG00000279980.1,biolink:Gene,https://purl.humanatlas.io/graph/hra-pop
ENSEMBL:ENSG00000280011.1,ENSG00000280011.1,ENSG00000280011.1,biolink:Gene,https://purl.humanatlas.io/graph/hra-pop
ENSEMBL:ENSG00000280046.1,ENSG00000280046.1,ENSG00000280046.1,biolink:Gene,https://purl.humanatlas.io/graph/hra-pop
ENSEMBL:ENSG00000280114.1,ENSG00000280114.1,ENSG00000280114.1,biolink:Gene,https://purl.humanatlas.io/graph/hra-pop
ENSEMBL:ENSG00000280120.1,ENSG00000280120.1,ENSG00000280120.1,biolink:Gene,https://purl.humanatlas.io/graph/hra-pop
ENSEMBL:ENSG00000280206,ENSG00000280206,ENSG00000280206,biolink:Gene,https://purl.humanatlas.io/graph/hra-pop
ENSEMBL:ENSG00000280241,ENSG00000280241,ENSG00000280241,biolink:Gene,https://purl.humanatlas.io/graph/hra-pop
ENSEMBL:ENSG00000280248.1,ENSG00000280248.1,ENSG00000280248.1,biolink:Gene,https://purl.humanatlas.io/graph/hra-pop
ENSEMBL:ENSG00000280274.1,ENSG00000280274.1,ENSG00000280274.1,biolink:Gene,https://purl.humanatlas.io/graph/hra-pop
ENSEMBL:ENSG00000280378.1,ENSG00000280378.1,ENSG00000280378.1,biolink:Gene,https://purl.humanatlas.io/graph/hra-pop
ENSEMBL:ENSG00000280429.1,ENSG00000280429.1,ENSG00000280429.1,biolink:Gene,https://purl.humanatlas.io/graph/hra-pop
ENSEMBL:ENSG00000280433.1,ENSG00000280433.1,ENSG00000280433.1,biolink:Gene,https://purl.humanatlas.io/graph/hra-pop
ENSEMBL:ENSG00000280441,ENSG00000280441,ENSG00000280441,biolink:Gene,https://purl.humanatlas.io/graph/hra-pop
ENSEMBL:ENSG00000280441.3,ENSG00000280441.3,ENSG00000280441.3,biolink:Gene,https://purl.humanatlas.io/graph/hra-pop
ENSEMBL:ENSG00000280660.1,ENSG00000280660.1,ENSG00000280660.1,biolink:Gene,https://purl.humanatlas.io/graph/hra-pop
ENSEMBL:ENSG00000280778,ENSG00000280778,ENSG00000280778,biolink:Gene,https://purl.humanatlas.io/graph/hra-pop
ENSEMBL:ENSG00000280778.1,ENSG00000280778.1,ENSG00000280778.1,biolink:Gene,https://purl.humanatlas.io/graph/hra-pop
ENSEMBL:ENSG00000280800.1,ENSG00000280800.1,ENSG00000280800.1,biolink:Gene,https://purl.humanatlas.io/graph/hra-pop
ENSEMBL:ENSG00000280878.1,ENSG00000280878.1,ENSG00000280878.1,biolink:Gene,https://purl.humanatlas.io/graph/hra-pop
ENSEMBL:ENSG00000280987.4,ENSG00000280987.4,ENSG00000280987.4,biolink:Gene,https://purl.humanatlas.io/graph/hra-pop
ENSEMBL:ENSG00000281039.1,ENSG00000281039.1,ENSG00000281039.1,biolink:Gene,https://purl.humanatlas.io/graph/hra-pop
ENSEMBL:ENSG00000281120.1,ENSG00000281120.1,ENSG00000281120.1,biolink:Gene,https://purl.humanatlas.io/graph/hra-pop
ENSEMBL:ENSG00000281160.1,ENSG00000281160.1,ENSG00000281160.1,biolink:Gene,https://purl.humanatlas.io/graph/hra-pop
ENSEMBL:ENSG00000281348.1,ENSG00000281348.1,ENSG00000281348.1,biolink:Gene,https://purl.humanatlas.io/graph/hra-pop
ENSEMBL:ENSG00000281383,ENSG00000281383,ENSG00000281383,biolink:Gene,https://purl.humanatlas.io/graph/hra-pop
ENSEMBL:ENSG00000281383.1,ENSG00000281383.1,ENSG00000281383.1,biolink:Gene,https://purl.humanatlas.io/graph/hra-pop
ENSEMBL:ENSG00000281856.1,ENSG00000281856.1,ENSG00000281856.1,biolink:Gene,https://purl.humanatlas.io/graph/hra-pop
ENSEMBL:ENSG00000281896.1,ENSG00000281896.1,ENSG00000281896.1,biolink:Gene,https://purl.humanatlas.io/graph/hra-pop
ENSEMBL:ENSG00000281904.1,ENSG00000281904.1,ENSG00000281904.1,biolink:Gene,https://purl.humanatlas.io/graph/hra-pop
ENSEMBL:ENSG00000282022.1,ENSG00000282022.1,ENSG00000282022.1,biolink:Gene,https://purl.humanatlas.io/graph/hra-pop
ENSEMBL:ENSG00000282246.1,ENSG00000282246.1,ENSG00000282246.1,biolink:Gene,https://purl.humanatlas.io/graph/hra-pop
ENSEMBL:ENSG00000282278,ENSG00000282278,ENSG00000282278,biolink:Gene,https://purl.humanatlas.io/graph/hra-pop
ENSEMBL:ENSG00000282278.1,ENSG00000282278.1,ENSG00000282278.1,biolink:Gene,https://purl.humanatlas.io/graph/hra-pop
ENSEMBL:ENSG00000282408,ENSG00000282408,ENSG00000282408,biolink:Gene,https://purl.humanatlas.io/graph/hra-pop
ENSEMBL:ENSG00000282859.1,ENSG00000282859.1,ENSG00000282859.1,biolink:Gene,https://purl.humanatlas.io/graph/hra-pop
ENSEMBL:ENSG00000282865.1,ENSG00000282865.1,ENSG00000282865.1,biolink:Gene,https://purl.humanatlas.io/graph/hra-pop
ENSEMBL:ENSG00000282885.2,ENSG00000282885.2,ENSG00000282885.2,biolink:Gene,https://purl.humanatlas.io/graph/hra-pop
ENSEMBL:ENSG00000282907.1,ENSG00000282907.1,ENSG00000282907.1,biolink:Gene,https://purl.humanatlas.io/graph/hra-pop
ENSEMBL:ENSG00000282914.1,ENSG00000282914.1,ENSG00000282914.1,biolink:Gene,https://purl.humanatlas.io/graph/hra-pop
ENSEMBL:ENSG00000282951.1,ENSG00000282951.1,ENSG00000282951.1,biolink:Gene,https://purl.humanatlas.io/graph/hra-pop
ENSEMBL:ENSG00000282987.1,ENSG00000282987.1,ENSG00000282987.1,biolink:Gene,https://purl.humanatlas.io/graph/hra-pop
ENSEMBL:ENSG00000282998.1,ENSG00000282998.1,ENSG00000282998.1,biolink:Gene,https://purl.humanatlas.io/graph/hra-pop
ENSEMBL:ENSG00000283041.1,ENSG00000283041.1,ENSG00000283041.1,biolink:Gene,https://purl.humanatlas.io/graph/hra-pop
ENSEMBL:ENSG00000283098.2,ENSG00000283098.2,ENSG00000283098.2,biolink:Gene,https://purl.humanatlas.io/graph/hra-pop
ENSEMBL:ENSG00000283138.1,ENSG00000283138.1,ENSG00000283138.1,biolink:Gene,https://purl.humanatlas.io/graph/hra-pop
ENSEMBL:ENSG00000283196.2,ENSG00000283196.2,ENSG00000283196.2,biolink:Gene,https://purl.humanatlas.io/graph/hra-pop
ENSEMBL:ENSG00000283236.1,ENSG00000283236.1,ENSG00000283236.1,biolink:Gene,https://purl.humanatlas.io/graph/hra-pop
ENSEMBL:ENSG00000283294.1,ENSG00000283294.1,ENSG00000283294.1,biolink:Gene,https://purl.humanatlas.io/graph/hra-pop
ENSEMBL:ENSG00000283321.1,ENSG00000283321.1,ENSG00000283321.1,biolink:Gene,https://purl.humanatlas.io/graph/hra-pop
ENSEMBL:ENSG00000283375.1,ENSG00000283375.1,ENSG00000283375.1,biolink:Gene,https://purl.humanatlas.io/graph/hra-pop
ENSEMBL:ENSG00000283403.1,ENSG00000283403.1,ENSG00000283403.1,biolink:Gene,https://purl.humanatlas.io/graph/hra-pop
ENSEMBL:ENSG00000283544.1,ENSG00000283544.1,ENSG00000283544.1,biolink:Gene,https://purl.humanatlas.io/graph/hra-pop
ENSEMBL:ENSG00000283549.1,ENSG00000283549.1,ENSG00000283549.1,biolink:Gene,https://purl.humanatlas.io/graph/hra-pop
ENSEMBL:ENSG00000283563,ENSG00000283563,ENSG00000283563,biolink:Gene,https://purl.humanatlas.io/graph/hra-pop
ENSEMBL:ENSG00000283563.1,ENSG00000283563.1,ENSG00000283563.1,biolink:Gene,https://purl.humanatlas.io/graph/hra-pop
ENSEMBL:ENSG00000283602.1,ENSG00000283602.1,ENSG00000283602.1,biolink:Gene,https://purl.humanatlas.io/graph/hra-pop
ENSEMBL:ENSG00000283663.1,ENSG00000283663.1,ENSG00000283663.1,biolink:Gene,https://purl.humanatlas.io/graph/hra-pop
ENSEMBL:ENSG00000283674,ENSG00000283674,ENSG00000283674,biolink:Gene,https://purl.humanatlas.io/graph/hra-pop
ENSEMBL:ENSG00000283674.3,ENSG00000283674.3,ENSG00000283674.3,biolink:Gene,https://purl.humanatlas.io/graph/hra-pop
ENSEMBL:ENSG00000283684.1,ENSG00000283684.1,ENSG00000283684.1,biolink:Gene,https://purl.humanatlas.io/graph/hra-pop
ENSEMBL:ENSG00000283692.2,ENSG00000283692.2,ENSG00000283692.2,biolink:Gene,https://purl.humanatlas.io/graph/hra-pop
ENSEMBL:ENSG00000283782.2,ENSG00000283782.2,ENSG00000283782.2,biolink:Gene,https://purl.humanatlas.io/graph/hra-pop
ENSEMBL:ENSG00000283907.1,ENSG00000283907.1,ENSG00000283907.1,biolink:Gene,https://purl.humanatlas.io/graph/hra-pop
ENSEMBL:ENSG00000283959.1,ENSG00000283959.1,ENSG00000283959.1,biolink:Gene,https://purl.humanatlas.io/graph/hra-pop
ENSEMBL:ENSG00000283994.1,ENSG00000283994.1,ENSG00000283994.1,biolink:Gene,https://purl.humanatlas.io/graph/hra-pop
ENSEMBL:ENSG00000284052,ENSG00000284052,ENSG00000284052,biolink:Gene,https://purl.humanatlas.io/graph/hra-pop
ENSEMBL:ENSG00000284070.1,ENSG00000284070.1,ENSG00000284070.1,biolink:Gene,https://purl.humanatlas.io/graph/hra-pop
ENSEMBL:ENSG00000284337.1,ENSG00000284337.1,ENSG00000284337.1,biolink:Gene,https://purl.humanatlas.io/graph/hra-pop
ENSEMBL:ENSG00000284341.1,ENSG00000284341.1,ENSG00000284341.1,biolink:Gene,https://purl.humanatlas.io/graph/hra-pop
ENSEMBL:ENSG00000284377,ENSG00000284377,ENSG00000284377,biolink:Gene,https://purl.humanatlas.io/graph/hra-pop
ENSEMBL:ENSG00000284377.1,ENSG00000284377.1,ENSG00000284377.1,biolink:Gene,https://purl.humanatlas.io/graph/hra-pop
ENSEMBL:ENSG00000284418.2,ENSG00000284418.2,ENSG00000284418.2,biolink:Gene,https://purl.humanatlas.io/graph/hra-pop
ENSEMBL:ENSG00000284431.1,ENSG00000284431.1,ENSG00000284431.1,biolink:Gene,https://purl.humanatlas.io/graph/hra-pop
ENSEMBL:ENSG00000284461.2,ENSG00000284461.2,ENSG00000284461.2,biolink:Gene,https://purl.humanatlas.io/graph/hra-pop
ENSEMBL:ENSG00000284512.1,ENSG00000284512.1,ENSG00000284512.1,biolink:Gene,https://purl.humanatlas.io/graph/hra-pop
ENSEMBL:ENSG00000284604.1,ENSG00000284604.1,ENSG00000284604.1,biolink:Gene,https://purl.humanatlas.io/graph/hra-pop
ENSEMBL:ENSG00000284620.2,ENSG00000284620.2,ENSG00000284620.2,biolink:Gene,https://purl.humanatlas.io/graph/hra-pop
ENSEMBL:ENSG00000284633.1,ENSG00000284633.1,ENSG00000284633.1,biolink:Gene,https://purl.humanatlas.io/graph/hra-pop
ENSEMBL:ENSG00000284664.1,ENSG00000284664.1,ENSG00000284664.1,biolink:Gene,https://purl.humanatlas.io/graph/hra-pop
ENSEMBL:ENSG00000284686.1,ENSG00000284686.1,ENSG00000284686.1,biolink:Gene,https://purl.humanatlas.io/graph/hra-pop
ENSEMBL:ENSG00000284695.1,ENSG00000284695.1,ENSG00000284695.1,biolink:Gene,https://purl.humanatlas.io/graph/hra-pop
ENSEMBL:ENSG00000284706.1,ENSG00000284706.1,ENSG00000284706.1,biolink:Gene,https://purl.humanatlas.io/graph/hra-pop
ENSEMBL:ENSG00000284762.1,ENSG00000284762.1,ENSG00000284762.1,biolink:Gene,https://purl.humanatlas.io/graph/hra-pop
ENSEMBL:ENSG00000284773.1,ENSG00000284773.1,ENSG00000284773.1,biolink:Gene,https://purl.humanatlas.io/graph/hra-pop
ENSEMBL:ENSG00000284779.2,ENSG00000284779.2,ENSG00000284779.2,biolink:Gene,https://purl.humanatlas.io/graph/hra-pop
ENSEMBL:ENSG00000284803.1,ENSG00000284803.1,ENSG00000284803.1,biolink:Gene,https://purl.humanatlas.io/graph/hra-pop
ENSEMBL:ENSG00000284808.1,ENSG00000284808.1,ENSG00000284808.1,biolink:Gene,https://purl.humanatlas.io/graph/hra-pop
ENSEMBL:ENSG00000284874.1,ENSG00000284874.1,ENSG00000284874.1,biolink:Gene,https://purl.humanatlas.io/graph/hra-pop
ENSEMBL:ENSG00000284928.1,ENSG00000284928.1,ENSG00000284928.1,biolink:Gene,https://purl.humanatlas.io/graph/hra-pop
ENSEMBL:ENSG00000284934.2,ENSG00000284934.2,ENSG00000284934.2,biolink:Gene,https://purl.humanatlas.io/graph/hra-pop
ENSEMBL:ENSG00000284946.1,ENSG00000284946.1,ENSG00000284946.1,biolink:Gene,https://purl.humanatlas.io/graph/hra-pop
ENSEMBL:ENSG00000284969.1,ENSG00000284969.1,ENSG00000284969.1,biolink:Gene,https://purl.humanatlas.io/graph/hra-pop
ENSEMBL:ENSG00000284987.1,ENSG00000284987.1,ENSG00000284987.1,biolink:Gene,https://purl.humanatlas.io/graph/hra-pop
ENSEMBL:ENSG00000285000.1,ENSG00000285000.1,ENSG00000285000.1,biolink:Gene,https://purl.humanatlas.io/graph/hra-pop
ENSEMBL:ENSG00000285006.1,ENSG00000285006.1,ENSG00000285006.1,biolink:Gene,https://purl.humanatlas.io/graph/hra-pop
ENSEMBL:ENSG00000285020.1,ENSG00000285020.1,ENSG00000285020.1,biolink:Gene,https://purl.humanatlas.io/graph/hra-pop
ENSEMBL:ENSG00000285035.1,ENSG00000285035.1,ENSG00000285035.1,biolink:Gene,https://purl.humanatlas.io/graph/hra-pop
ENSEMBL:ENSG00000285043.1,ENSG00000285043.1,ENSG00000285043.1,biolink:Gene,https://purl.humanatlas.io/graph/hra-pop
ENSEMBL:ENSG00000285082.2,ENSG00000285082.2,ENSG00000285082.2,biolink:Gene,https://purl.humanatlas.io/graph/hra-pop
ENSEMBL:ENSG00000285106.2,ENSG00000285106.2,ENSG00000285106.2,biolink:Gene,https://purl.humanatlas.io/graph/hra-pop
ENSEMBL:ENSG00000285117.1,ENSG00000285117.1,ENSG00000285117.1,biolink:Gene,https://purl.humanatlas.io/graph/hra-pop
ENSEMBL:ENSG00000285144.1,ENSG00000285144.1,ENSG00000285144.1,biolink:Gene,https://purl.humanatlas.io/graph/hra-pop
ENSEMBL:ENSG00000285155.1,ENSG00000285155.1,ENSG00000285155.1,biolink:Gene,https://purl.humanatlas.io/graph/hra-pop
ENSEMBL:ENSG00000285171.1,ENSG00000285171.1,ENSG00000285171.1,biolink:Gene,https://purl.humanatlas.io/graph/hra-pop
ENSEMBL:ENSG00000285190.1,ENSG00000285190.1,ENSG00000285190.1,biolink:Gene,https://purl.humanatlas.io/graph/hra-pop
ENSEMBL:ENSG00000285201.1,ENSG00000285201.1,ENSG00000285201.1,biolink:Gene,https://purl.humanatlas.io/graph/hra-pop
ENSEMBL:ENSG00000285215.2,ENSG00000285215.2,ENSG00000285215.2,biolink:Gene,https://purl.humanatlas.io/graph/hra-pop
ENSEMBL:ENSG00000285218.1,ENSG00000285218.1,ENSG00000285218.1,biolink:Gene,https://purl.humanatlas.io/graph/hra-pop
ENSEMBL:ENSG00000285280,ENSG00000285280,ENSG00000285280,biolink:Gene,https://purl.humanatlas.io/graph/hra-pop
ENSEMBL:ENSG00000285280.2,ENSG00000285280.2,ENSG00000285280.2,biolink:Gene,https://purl.humanatlas.io/graph/hra-pop
ENSEMBL:ENSG00000285347.1,ENSG00000285347.1,ENSG00000285347.1,biolink:Gene,https://purl.humanatlas.io/graph/hra-pop
ENSEMBL:ENSG00000285367.1,ENSG00000285367.1,ENSG00000285367.1,biolink:Gene,https://purl.humanatlas.io/graph/hra-pop
ENSEMBL:ENSG00000285382.1,ENSG00000285382.1,ENSG00000285382.1,biolink:Gene,https://purl.humanatlas.io/graph/hra-pop
ENSEMBL:ENSG00000285407.1,ENSG00000285407.1,ENSG00000285407.1,biolink:Gene,https://purl.humanatlas.io/graph/hra-pop
ENSEMBL:ENSG00000285417.1,ENSG00000285417.1,ENSG00000285417.1,biolink:Gene,https://purl.humanatlas.io/graph/hra-pop
ENSEMBL:ENSG00000285437,ENSG00000285437,ENSG00000285437,biolink:Gene,https://purl.humanatlas.io/graph/hra-pop
ENSEMBL:ENSG00000285437.1,ENSG00000285437.1,ENSG00000285437.1,biolink:Gene,https://purl.humanatlas.io/graph/hra-pop
ENSEMBL:ENSG00000285454.1,ENSG00000285454.1,ENSG00000285454.1,biolink:Gene,https://purl.humanatlas.io/graph/hra-pop
ENSEMBL:ENSG00000285467.1,ENSG00000285467.1,ENSG00000285467.1,biolink:Gene,https://purl.humanatlas.io/graph/hra-pop
ENSEMBL:ENSG00000285508.1,ENSG00000285508.1,ENSG00000285508.1,biolink:Gene,https://purl.humanatlas.io/graph/hra-pop
ENSEMBL:ENSG00000285520.1,ENSG00000285520.1,ENSG00000285520.1,biolink:Gene,https://purl.humanatlas.io/graph/hra-pop
ENSEMBL:ENSG00000285525.1,ENSG00000285525.1,ENSG00000285525.1,biolink:Gene,https://purl.humanatlas.io/graph/hra-pop
ENSEMBL:ENSG00000285526.1,ENSG00000285526.1,ENSG00000285526.1,biolink:Gene,https://purl.humanatlas.io/graph/hra-pop
ENSEMBL:ENSG00000285534.1,ENSG00000285534.1,ENSG00000285534.1,biolink:Gene,https://purl.humanatlas.io/graph/hra-pop
ENSEMBL:ENSG00000285540.1,ENSG00000285540.1,ENSG00000285540.1,biolink:Gene,https://purl.humanatlas.io/graph/hra-pop
ENSEMBL:ENSG00000285542.1,ENSG00000285542.1,ENSG00000285542.1,biolink:Gene,https://purl.humanatlas.io/graph/hra-pop
ENSEMBL:ENSG00000285543.1,ENSG00000285543.1,ENSG00000285543.1,biolink:Gene,https://purl.humanatlas.io/graph/hra-pop
ENSEMBL:ENSG00000285550.1,ENSG00000285550.1,ENSG00000285550.1,biolink:Gene,https://purl.humanatlas.io/graph/hra-pop
ENSEMBL:ENSG00000285560.1,ENSG00000285560.1,ENSG00000285560.1,biolink:Gene,https://purl.humanatlas.io/graph/hra-pop
ENSEMBL:ENSG00000285565.1,ENSG00000285565.1,ENSG00000285565.1,biolink:Gene,https://purl.humanatlas.io/graph/hra-pop
ENSEMBL:ENSG00000285582.1,ENSG00000285582.1,ENSG00000285582.1,biolink:Gene,https://purl.humanatlas.io/graph/hra-pop
ENSEMBL:ENSG00000285588.1,ENSG00000285588.1,ENSG00000285588.1,biolink:Gene,https://purl.humanatlas.io/graph/hra-pop
ENSEMBL:ENSG00000285596.1,ENSG00000285596.1,ENSG00000285596.1,biolink:Gene,https://purl.humanatlas.io/graph/hra-pop
ENSEMBL:ENSG00000285600.1,ENSG00000285600.1,ENSG00000285600.1,biolink:Gene,https://purl.humanatlas.io/graph/hra-pop
ENSEMBL:ENSG00000285602.1,ENSG00000285602.1,ENSG00000285602.1,biolink:Gene,https://purl.humanatlas.io/graph/hra-pop
ENSEMBL:ENSG00000285621.1,ENSG00000285621.1,ENSG00000285621.1,biolink:Gene,https://purl.humanatlas.io/graph/hra-pop
ENSEMBL:ENSG00000285629.1,ENSG00000285629.1,ENSG00000285629.1,biolink:Gene,https://purl.humanatlas.io/graph/hra-pop
ENSEMBL:ENSG00000285635.1,ENSG00000285635.1,ENSG00000285635.1,biolink:Gene,https://purl.humanatlas.io/graph/hra-pop
ENSEMBL:ENSG00000285636.2,ENSG00000285636.2,ENSG00000285636.2,biolink:Gene,https://purl.humanatlas.io/graph/hra-pop
ENSEMBL:ENSG00000285637.2,ENSG00000285637.2,ENSG00000285637.2,biolink:Gene,https://purl.humanatlas.io/graph/hra-pop
ENSEMBL:ENSG00000285641.1,ENSG00000285641.1,ENSG00000285641.1,biolink:Gene,https://purl.humanatlas.io/graph/hra-pop
ENSEMBL:ENSG00000285645.1,ENSG00000285645.1,ENSG00000285645.1,biolink:Gene,https://purl.humanatlas.io/graph/hra-pop
ENSEMBL:ENSG00000285664.2,ENSG00000285664.2,ENSG00000285664.2,biolink:Gene,https://purl.humanatlas.io/graph/hra-pop
ENSEMBL:ENSG00000285666.1,ENSG00000285666.1,ENSG00000285666.1,biolink:Gene,https://purl.humanatlas.io/graph/hra-pop
ENSEMBL:ENSG00000285677.2,ENSG00000285677.2,ENSG00000285677.2,biolink:Gene,https://purl.humanatlas.io/graph/hra-pop
ENSEMBL:ENSG00000285695,ENSG00000285695,ENSG00000285695,biolink:Gene,https://purl.humanatlas.io/graph/hra-pop
ENSEMBL:ENSG00000285696.1,ENSG00000285696.1,ENSG00000285696.1,biolink:Gene,https://purl.humanatlas.io/graph/hra-pop
ENSEMBL:ENSG00000285708.1,ENSG00000285708.1,ENSG00000285708.1,biolink:Gene,https://purl.humanatlas.io/graph/hra-pop
ENSEMBL:ENSG00000285731.1,ENSG00000285731.1,ENSG00000285731.1,biolink:Gene,https://purl.humanatlas.io/graph/hra-pop
ENSEMBL:ENSG00000285736.1,ENSG00000285736.1,ENSG00000285736.1,biolink:Gene,https://purl.humanatlas.io/graph/hra-pop
ENSEMBL:ENSG00000285783,ENSG00000285783,ENSG00000285783,biolink:Gene,https://purl.humanatlas.io/graph/hra-pop
ENSEMBL:ENSG00000285783.1,ENSG00000285783.1,ENSG00000285783.1,biolink:Gene,https://purl.humanatlas.io/graph/hra-pop
ENSEMBL:ENSG00000285785.1,ENSG00000285785.1,ENSG00000285785.1,biolink:Gene,https://purl.humanatlas.io/graph/hra-pop
ENSEMBL:ENSG00000285790.1,ENSG00000285790.1,ENSG00000285790.1,biolink:Gene,https://purl.humanatlas.io/graph/hra-pop
ENSEMBL:ENSG00000285802.1,ENSG00000285802.1,ENSG00000285802.1,biolink:Gene,https://purl.humanatlas.io/graph/hra-pop
ENSEMBL:ENSG00000285812.1,ENSG00000285812.1,ENSG00000285812.1,biolink:Gene,https://purl.humanatlas.io/graph/hra-pop
ENSEMBL:ENSG00000285819.1,ENSG00000285819.1,ENSG00000285819.1,biolink:Gene,https://purl.humanatlas.io/graph/hra-pop
ENSEMBL:ENSG00000285827.1,ENSG00000285827.1,ENSG00000285827.1,biolink:Gene,https://purl.humanatlas.io/graph/hra-pop
ENSEMBL:ENSG00000285839.1,ENSG00000285839.1,ENSG00000285839.1,biolink:Gene,https://purl.humanatlas.io/graph/hra-pop
ENSEMBL:ENSG00000285846.1,ENSG00000285846.1,ENSG00000285846.1,biolink:Gene,https://purl.humanatlas.io/graph/hra-pop
ENSEMBL:ENSG00000285848.1,ENSG00000285848.1,ENSG00000285848.1,biolink:Gene,https://purl.humanatlas.io/graph/hra-pop
ENSEMBL:ENSG00000285854.1,ENSG00000285854.1,ENSG00000285854.1,biolink:Gene,https://purl.humanatlas.io/graph/hra-pop
ENSEMBL:ENSG00000285857.1,ENSG00000285857.1,ENSG00000285857.1,biolink:Gene,https://purl.humanatlas.io/graph/hra-pop
ENSEMBL:ENSG00000285868.1,ENSG00000285868.1,ENSG00000285868.1,biolink:Gene,https://purl.humanatlas.io/graph/hra-pop
ENSEMBL:ENSG00000285875.1,ENSG00000285875.1,ENSG00000285875.1,biolink:Gene,https://purl.humanatlas.io/graph/hra-pop
ENSEMBL:ENSG00000285876,ENSG00000285876,ENSG00000285876,biolink:Gene,https://purl.humanatlas.io/graph/hra-pop
ENSEMBL:ENSG00000285876.1,ENSG00000285876.1,ENSG00000285876.1,biolink:Gene,https://purl.humanatlas.io/graph/hra-pop
ENSEMBL:ENSG00000285882.1,ENSG00000285882.1,ENSG00000285882.1,biolink:Gene,https://purl.humanatlas.io/graph/hra-pop
ENSEMBL:ENSG00000285887.1,ENSG00000285887.1,ENSG00000285887.1,biolink:Gene,https://purl.humanatlas.io/graph/hra-pop
ENSEMBL:ENSG00000285888.1,ENSG00000285888.1,ENSG00000285888.1,biolink:Gene,https://purl.humanatlas.io/graph/hra-pop
ENSEMBL:ENSG00000285892.1,ENSG00000285892.1,ENSG00000285892.1,biolink:Gene,https://purl.humanatlas.io/graph/hra-pop
ENSEMBL:ENSG00000285906.2,ENSG00000285906.2,ENSG00000285906.2,biolink:Gene,https://purl.humanatlas.io/graph/hra-pop
ENSEMBL:ENSG00000285907.1,ENSG00000285907.1,ENSG00000285907.1,biolink:Gene,https://purl.humanatlas.io/graph/hra-pop
ENSEMBL:ENSG00000285919.1,ENSG00000285919.1,ENSG00000285919.1,biolink:Gene,https://purl.humanatlas.io/graph/hra-pop
ENSEMBL:ENSG00000285921.1,ENSG00000285921.1,ENSG00000285921.1,biolink:Gene,https://purl.humanatlas.io/graph/hra-pop
ENSEMBL:ENSG00000285933.1,ENSG00000285933.1,ENSG00000285933.1,biolink:Gene,https://purl.humanatlas.io/graph/hra-pop
ENSEMBL:ENSG00000285940.2,ENSG00000285940.2,ENSG00000285940.2,biolink:Gene,https://purl.humanatlas.io/graph/hra-pop
ENSEMBL:ENSG00000285947.1,ENSG00000285947.1,ENSG00000285947.1,biolink:Gene,https://purl.humanatlas.io/graph/hra-pop
ENSEMBL:ENSG00000285958,ENSG00000285958,ENSG00000285958,biolink:Gene,https://purl.humanatlas.io/graph/hra-pop
ENSEMBL:ENSG00000285980,ENSG00000285980,ENSG00000285980,biolink:Gene,https://purl.humanatlas.io/graph/hra-pop
ENSEMBL:ENSG00000285987.1,ENSG00000285987.1,ENSG00000285987.1,biolink:Gene,https://purl.humanatlas.io/graph/hra-pop
ENSEMBL:ENSG00000285991.1,ENSG00000285991.1,ENSG00000285991.1,biolink:Gene,https://purl.humanatlas.io/graph/hra-pop
ENSEMBL:ENSG00000286001.1,ENSG00000286001.1,ENSG00000286001.1,biolink:Gene,https://purl.humanatlas.io/graph/hra-pop
ENSEMBL:ENSG00000286016.1,ENSG00000286016.1,ENSG00000286016.1,biolink:Gene,https://purl.humanatlas.io/graph/hra-pop
ENSEMBL:ENSG00000286017.1,ENSG00000286017.1,ENSG00000286017.1,biolink:Gene,https://purl.humanatlas.io/graph/hra-pop
ENSEMBL:ENSG00000286020.1,ENSG00000286020.1,ENSG00000286020.1,biolink:Gene,https://purl.humanatlas.io/graph/hra-pop
ENSEMBL:ENSG00000286033.1,ENSG00000286033.1,ENSG00000286033.1,biolink:Gene,https://purl.humanatlas.io/graph/hra-pop
ENSEMBL:ENSG00000286037.1,ENSG00000286037.1,ENSG00000286037.1,biolink:Gene,https://purl.humanatlas.io/graph/hra-pop
ENSEMBL:ENSG00000286065.2,ENSG00000286065.2,ENSG00000286065.2,biolink:Gene,https://purl.humanatlas.io/graph/hra-pop
ENSEMBL:ENSG00000286070.2,ENSG00000286070.2,ENSG00000286070.2,biolink:Gene,https://purl.humanatlas.io/graph/hra-pop
ENSEMBL:ENSG00000286071.1,ENSG00000286071.1,ENSG00000286071.1,biolink:Gene,https://purl.humanatlas.io/graph/hra-pop
ENSEMBL:ENSG00000286072.1,ENSG00000286072.1,ENSG00000286072.1,biolink:Gene,https://purl.humanatlas.io/graph/hra-pop
ENSEMBL:ENSG00000286078.1,ENSG00000286078.1,ENSG00000286078.1,biolink:Gene,https://purl.humanatlas.io/graph/hra-pop
ENSEMBL:ENSG00000286110.1,ENSG00000286110.1,ENSG00000286110.1,biolink:Gene,https://purl.humanatlas.io/graph/hra-pop
ENSEMBL:ENSG00000286134.2,ENSG00000286134.2,ENSG00000286134.2,biolink:Gene,https://purl.humanatlas.io/graph/hra-pop
ENSEMBL:ENSG00000286150.1,ENSG00000286150.1,ENSG00000286150.1,biolink:Gene,https://purl.humanatlas.io/graph/hra-pop
ENSEMBL:ENSG00000286161.1,ENSG00000286161.1,ENSG00000286161.1,biolink:Gene,https://purl.humanatlas.io/graph/hra-pop
ENSEMBL:ENSG00000286162.2,ENSG00000286162.2,ENSG00000286162.2,biolink:Gene,https://purl.humanatlas.io/graph/hra-pop
ENSEMBL:ENSG00000286165.1,ENSG00000286165.1,ENSG00000286165.1,biolink:Gene,https://purl.humanatlas.io/graph/hra-pop
ENSEMBL:ENSG00000286177.1,ENSG00000286177.1,ENSG00000286177.1,biolink:Gene,https://purl.humanatlas.io/graph/hra-pop
ENSEMBL:ENSG00000286185.1,ENSG00000286185.1,ENSG00000286185.1,biolink:Gene,https://purl.humanatlas.io/graph/hra-pop
ENSEMBL:ENSG00000286196.1,ENSG00000286196.1,ENSG00000286196.1,biolink:Gene,https://purl.humanatlas.io/graph/hra-pop
ENSEMBL:ENSG00000286220.1,ENSG00000286220.1,ENSG00000286220.1,biolink:Gene,https://purl.humanatlas.io/graph/hra-pop
ENSEMBL:ENSG00000286225.1,ENSG00000286225.1,ENSG00000286225.1,biolink:Gene,https://purl.humanatlas.io/graph/hra-pop
ENSEMBL:ENSG00000286233.1,ENSG00000286233.1,ENSG00000286233.1,biolink:Gene,https://purl.humanatlas.io/graph/hra-pop
ENSEMBL:ENSG00000286240.1,ENSG00000286240.1,ENSG00000286240.1,biolink:Gene,https://purl.humanatlas.io/graph/hra-pop
ENSEMBL:ENSG00000286259.1,ENSG00000286259.1,ENSG00000286259.1,biolink:Gene,https://purl.humanatlas.io/graph/hra-pop
ENSEMBL:ENSG00000286263,ENSG00000286263,ENSG00000286263,biolink:Gene,https://purl.humanatlas.io/graph/hra-pop
ENSEMBL:ENSG00000286288.1,ENSG00000286288.1,ENSG00000286288.1,biolink:Gene,https://purl.humanatlas.io/graph/hra-pop
ENSEMBL:ENSG00000286314.1,ENSG00000286314.1,ENSG00000286314.1,biolink:Gene,https://purl.humanatlas.io/graph/hra-pop
ENSEMBL:ENSG00000286318.1,ENSG00000286318.1,ENSG00000286318.1,biolink:Gene,https://purl.humanatlas.io/graph/hra-pop
ENSEMBL:ENSG00000286322.1,ENSG00000286322.1,ENSG00000286322.1,biolink:Gene,https://purl.humanatlas.io/graph/hra-pop
ENSEMBL:ENSG00000286324.1,ENSG00000286324.1,ENSG00000286324.1,biolink:Gene,https://purl.humanatlas.io/graph/hra-pop
ENSEMBL:ENSG00000286328.1,ENSG00000286328.1,ENSG00000286328.1,biolink:Gene,https://purl.humanatlas.io/graph/hra-pop
ENSEMBL:ENSG00000286333.1,ENSG00000286333.1,ENSG00000286333.1,biolink:Gene,https://purl.humanatlas.io/graph/hra-pop
ENSEMBL:ENSG00000286334.1,ENSG00000286334.1,ENSG00000286334.1,biolink:Gene,https://purl.humanatlas.io/graph/hra-pop
ENSEMBL:ENSG00000286335.1,ENSG00000286335.1,ENSG00000286335.1,biolink:Gene,https://purl.humanatlas.io/graph/hra-pop
ENSEMBL:ENSG00000286354.1,ENSG00000286354.1,ENSG00000286354.1,biolink:Gene,https://purl.humanatlas.io/graph/hra-pop
ENSEMBL:ENSG00000286360.1,ENSG00000286360.1,ENSG00000286360.1,biolink:Gene,https://purl.humanatlas.io/graph/hra-pop
ENSEMBL:ENSG00000286377.1,ENSG00000286377.1,ENSG00000286377.1,biolink:Gene,https://purl.humanatlas.io/graph/hra-pop
ENSEMBL:ENSG00000286385.1,ENSG00000286385.1,ENSG00000286385.1,biolink:Gene,https://purl.humanatlas.io/graph/hra-pop
ENSEMBL:ENSG00000286405.1,ENSG00000286405.1,ENSG00000286405.1,biolink:Gene,https://purl.humanatlas.io/graph/hra-pop
ENSEMBL:ENSG00000286406.1,ENSG00000286406.1,ENSG00000286406.1,biolink:Gene,https://purl.humanatlas.io/graph/hra-pop
ENSEMBL:ENSG00000286415.1,ENSG00000286415.1,ENSG00000286415.1,biolink:Gene,https://purl.humanatlas.io/graph/hra-pop
ENSEMBL:ENSG00000286416.1,ENSG00000286416.1,ENSG00000286416.1,biolink:Gene,https://purl.humanatlas.io/graph/hra-pop
ENSEMBL:ENSG00000286425.1,ENSG00000286425.1,ENSG00000286425.1,biolink:Gene,https://purl.humanatlas.io/graph/hra-pop
ENSEMBL:ENSG00000286433.1,ENSG00000286433.1,ENSG00000286433.1,biolink:Gene,https://purl.humanatlas.io/graph/hra-pop
ENSEMBL:ENSG00000286434.1,ENSG00000286434.1,ENSG00000286434.1,biolink:Gene,https://purl.humanatlas.io/graph/hra-pop
ENSEMBL:ENSG00000286439.1,ENSG00000286439.1,ENSG00000286439.1,biolink:Gene,https://purl.humanatlas.io/graph/hra-pop
ENSEMBL:ENSG00000286458,ENSG00000286458,ENSG00000286458,biolink:Gene,https://purl.humanatlas.io/graph/hra-pop
ENSEMBL:ENSG00000286458.1,ENSG00000286458.1,ENSG00000286458.1,biolink:Gene,https://purl.humanatlas.io/graph/hra-pop
ENSEMBL:ENSG00000286475,ENSG00000286475,ENSG00000286475,biolink:Gene,https://purl.humanatlas.io/graph/hra-pop
ENSEMBL:ENSG00000286481,ENSG00000286481,ENSG00000286481,biolink:Gene,https://purl.humanatlas.io/graph/hra-pop
ENSEMBL:ENSG00000286481.1,ENSG00000286481.1,ENSG00000286481.1,biolink:Gene,https://purl.humanatlas.io/graph/hra-pop
ENSEMBL:ENSG00000286495.1,ENSG00000286495.1,ENSG00000286495.1,biolink:Gene,https://purl.humanatlas.io/graph/hra-pop
ENSEMBL:ENSG00000286511.1,ENSG00000286511.1,ENSG00000286511.1,biolink:Gene,https://purl.humanatlas.io/graph/hra-pop
ENSEMBL:ENSG00000286512.1,ENSG00000286512.1,ENSG00000286512.1,biolink:Gene,https://purl.humanatlas.io/graph/hra-pop
ENSEMBL:ENSG00000286551.1,ENSG00000286551.1,ENSG00000286551.1,biolink:Gene,https://purl.humanatlas.io/graph/hra-pop
ENSEMBL:ENSG00000286593.1,ENSG00000286593.1,ENSG00000286593.1,biolink:Gene,https://purl.humanatlas.io/graph/hra-pop
ENSEMBL:ENSG00000286599.1,ENSG00000286599.1,ENSG00000286599.1,biolink:Gene,https://purl.humanatlas.io/graph/hra-pop
ENSEMBL:ENSG00000286600.1,ENSG00000286600.1,ENSG00000286600.1,biolink:Gene,https://purl.humanatlas.io/graph/hra-pop
ENSEMBL:ENSG00000286608,ENSG00000286608,ENSG00000286608,biolink:Gene,https://purl.humanatlas.io/graph/hra-pop
ENSEMBL:ENSG00000286618.1,ENSG00000286618.1,ENSG00000286618.1,biolink:Gene,https://purl.humanatlas.io/graph/hra-pop
ENSEMBL:ENSG00000286635.1,ENSG00000286635.1,ENSG00000286635.1,biolink:Gene,https://purl.humanatlas.io/graph/hra-pop
ENSEMBL:ENSG00000286668.1,ENSG00000286668.1,ENSG00000286668.1,biolink:Gene,https://purl.humanatlas.io/graph/hra-pop
ENSEMBL:ENSG00000286669.1,ENSG00000286669.1,ENSG00000286669.1,biolink:Gene,https://purl.humanatlas.io/graph/hra-pop
ENSEMBL:ENSG00000286680.1,ENSG00000286680.1,ENSG00000286680.1,biolink:Gene,https://purl.humanatlas.io/graph/hra-pop
ENSEMBL:ENSG00000286719.1,ENSG00000286719.1,ENSG00000286719.1,biolink:Gene,https://purl.humanatlas.io/graph/hra-pop
ENSEMBL:ENSG00000286746.1,ENSG00000286746.1,ENSG00000286746.1,biolink:Gene,https://purl.humanatlas.io/graph/hra-pop
ENSEMBL:ENSG00000286781.1,ENSG00000286781.1,ENSG00000286781.1,biolink:Gene,https://purl.humanatlas.io/graph/hra-pop
ENSEMBL:ENSG00000286802.1,ENSG00000286802.1,ENSG00000286802.1,biolink:Gene,https://purl.humanatlas.io/graph/hra-pop
ENSEMBL:ENSG00000286805.1,ENSG00000286805.1,ENSG00000286805.1,biolink:Gene,https://purl.humanatlas.io/graph/hra-pop
ENSEMBL:ENSG00000286812.1,ENSG00000286812.1,ENSG00000286812.1,biolink:Gene,https://purl.humanatlas.io/graph/hra-pop
ENSEMBL:ENSG00000286820.1,ENSG00000286820.1,ENSG00000286820.1,biolink:Gene,https://purl.humanatlas.io/graph/hra-pop
ENSEMBL:ENSG00000286836.1,ENSG00000286836.1,ENSG00000286836.1,biolink:Gene,https://purl.humanatlas.io/graph/hra-pop
ENSEMBL:ENSG00000286838.1,ENSG00000286838.1,ENSG00000286838.1,biolink:Gene,https://purl.humanatlas.io/graph/hra-pop
ENSEMBL:ENSG00000286848.1,ENSG00000286848.1,ENSG00000286848.1,biolink:Gene,https://purl.humanatlas.io/graph/hra-pop
ENSEMBL:ENSG00000286855.1,ENSG00000286855.1,ENSG00000286855.1,biolink:Gene,https://purl.humanatlas.io/graph/hra-pop
ENSEMBL:ENSG00000286861.1,ENSG00000286861.1,ENSG00000286861.1,biolink:Gene,https://purl.humanatlas.io/graph/hra-pop
ENSEMBL:ENSG00000286864.1,ENSG00000286864.1,ENSG00000286864.1,biolink:Gene,https://purl.humanatlas.io/graph/hra-pop
ENSEMBL:ENSG00000286871.1,ENSG00000286871.1,ENSG00000286871.1,biolink:Gene,https://purl.humanatlas.io/graph/hra-pop
ENSEMBL:ENSG00000286945.1,ENSG00000286945.1,ENSG00000286945.1,biolink:Gene,https://purl.humanatlas.io/graph/hra-pop
ENSEMBL:ENSG00000286982.1,ENSG00000286982.1,ENSG00000286982.1,biolink:Gene,https://purl.humanatlas.io/graph/hra-pop
ENSEMBL:ENSG00000287000.1,ENSG00000287000.1,ENSG00000287000.1,biolink:Gene,https://purl.humanatlas.io/graph/hra-pop
ENSEMBL:ENSG00000287020.1,ENSG00000287020.1,ENSG00000287020.1,biolink:Gene,https://purl.humanatlas.io/graph/hra-pop
ENSEMBL:ENSG00000287049.1,ENSG00000287049.1,ENSG00000287049.1,biolink:Gene,https://purl.humanatlas.io/graph/hra-pop
ENSEMBL:ENSG00000287058.1,ENSG00000287058.1,ENSG00000287058.1,biolink:Gene,https://purl.humanatlas.io/graph/hra-pop
ENSEMBL:ENSG00000287083.1,ENSG00000287083.1,ENSG00000287083.1,biolink:Gene,https://purl.humanatlas.io/graph/hra-pop
ENSEMBL:ENSG00000287092,ENSG00000287092,ENSG00000287092,biolink:Gene,https://purl.humanatlas.io/graph/hra-pop
ENSEMBL:ENSG00000287092.1,ENSG00000287092.1,ENSG00000287092.1,biolink:Gene,https://purl.humanatlas.io/graph/hra-pop
ENSEMBL:ENSG00000287095.1,ENSG00000287095.1,ENSG00000287095.1,biolink:Gene,https://purl.humanatlas.io/graph/hra-pop
ENSEMBL:ENSG00000287097.1,ENSG00000287097.1,ENSG00000287097.1,biolink:Gene,https://purl.humanatlas.io/graph/hra-pop
ENSEMBL:ENSG00000287103.1,ENSG00000287103.1,ENSG00000287103.1,biolink:Gene,https://purl.humanatlas.io/graph/hra-pop
ENSEMBL:ENSG00000287122.1,ENSG00000287122.1,ENSG00000287122.1,biolink:Gene,https://purl.humanatlas.io/graph/hra-pop
ENSEMBL:ENSG00000287123.1,ENSG00000287123.1,ENSG00000287123.1,biolink:Gene,https://purl.humanatlas.io/graph/hra-pop
ENSEMBL:ENSG00000287125.1,ENSG00000287125.1,ENSG00000287125.1,biolink:Gene,https://purl.humanatlas.io/graph/hra-pop
ENSEMBL:ENSG00000287154.1,ENSG00000287154.1,ENSG00000287154.1,biolink:Gene,https://purl.humanatlas.io/graph/hra-pop
ENSEMBL:ENSG00000287159.1,ENSG00000287159.1,ENSG00000287159.1,biolink:Gene,https://purl.humanatlas.io/graph/hra-pop
ENSEMBL:ENSG00000287160.1,ENSG00000287160.1,ENSG00000287160.1,biolink:Gene,https://purl.humanatlas.io/graph/hra-pop
ENSEMBL:ENSG00000287180.1,ENSG00000287180.1,ENSG00000287180.1,biolink:Gene,https://purl.humanatlas.io/graph/hra-pop
ENSEMBL:ENSG00000287205.1,ENSG00000287205.1,ENSG00000287205.1,biolink:Gene,https://purl.humanatlas.io/graph/hra-pop
ENSEMBL:ENSG00000287210.1,ENSG00000287210.1,ENSG00000287210.1,biolink:Gene,https://purl.humanatlas.io/graph/hra-pop
ENSEMBL:ENSG00000287241.1,ENSG00000287241.1,ENSG00000287241.1,biolink:Gene,https://purl.humanatlas.io/graph/hra-pop
ENSEMBL:ENSG00000287255.1,ENSG00000287255.1,ENSG00000287255.1,biolink:Gene,https://purl.humanatlas.io/graph/hra-pop
ENSEMBL:ENSG00000287256.1,ENSG00000287256.1,ENSG00000287256.1,biolink:Gene,https://purl.humanatlas.io/graph/hra-pop
ENSEMBL:ENSG00000287269.1,ENSG00000287269.1,ENSG00000287269.1,biolink:Gene,https://purl.humanatlas.io/graph/hra-pop
ENSEMBL:ENSG00000287277.1,ENSG00000287277.1,ENSG00000287277.1,biolink:Gene,https://purl.humanatlas.io/graph/hra-pop
ENSEMBL:ENSG00000287286.1,ENSG00000287286.1,ENSG00000287286.1,biolink:Gene,https://purl.humanatlas.io/graph/hra-pop
ENSEMBL:ENSG00000287299.1,ENSG00000287299.1,ENSG00000287299.1,biolink:Gene,https://purl.humanatlas.io/graph/hra-pop
ENSEMBL:ENSG00000287303.1,ENSG00000287303.1,ENSG00000287303.1,biolink:Gene,https://purl.humanatlas.io/graph/hra-pop
ENSEMBL:ENSG00000287330.1,ENSG00000287330.1,ENSG00000287330.1,biolink:Gene,https://purl.humanatlas.io/graph/hra-pop
ENSEMBL:ENSG00000287351.1,ENSG00000287351.1,ENSG00000287351.1,biolink:Gene,https://purl.humanatlas.io/graph/hra-pop
ENSEMBL:ENSG00000287368.1,ENSG00000287368.1,ENSG00000287368.1,biolink:Gene,https://purl.humanatlas.io/graph/hra-pop
ENSEMBL:ENSG00000287378.1,ENSG00000287378.1,ENSG00000287378.1,biolink:Gene,https://purl.humanatlas.io/graph/hra-pop
ENSEMBL:ENSG00000287387.1,ENSG00000287387.1,ENSG00000287387.1,biolink:Gene,https://purl.humanatlas.io/graph/hra-pop
ENSEMBL:ENSG00000287395.1,ENSG00000287395.1,ENSG00000287395.1,biolink:Gene,https://purl.humanatlas.io/graph/hra-pop
ENSEMBL:ENSG00000287404.1,ENSG00000287404.1,ENSG00000287404.1,biolink:Gene,https://purl.humanatlas.io/graph/hra-pop
ENSEMBL:ENSG00000287423.1,ENSG00000287423.1,ENSG00000287423.1,biolink:Gene,https://purl.humanatlas.io/graph/hra-pop
ENSEMBL:ENSG00000287434.1,ENSG00000287434.1,ENSG00000287434.1,biolink:Gene,https://purl.humanatlas.io/graph/hra-pop
ENSEMBL:ENSG00000287453.1,ENSG00000287453.1,ENSG00000287453.1,biolink:Gene,https://purl.humanatlas.io/graph/hra-pop
ENSEMBL:ENSG00000287475.1,ENSG00000287475.1,ENSG00000287475.1,biolink:Gene,https://purl.humanatlas.io/graph/hra-pop
ENSEMBL:ENSG00000287488.1,ENSG00000287488.1,ENSG00000287488.1,biolink:Gene,https://purl.humanatlas.io/graph/hra-pop
ENSEMBL:ENSG00000287510.1,ENSG00000287510.1,ENSG00000287510.1,biolink:Gene,https://purl.humanatlas.io/graph/hra-pop
ENSEMBL:ENSG00000287511.1,ENSG00000287511.1,ENSG00000287511.1,biolink:Gene,https://purl.humanatlas.io/graph/hra-pop
ENSEMBL:ENSG00000287514.2,ENSG00000287514.2,ENSG00000287514.2,biolink:Gene,https://purl.humanatlas.io/graph/hra-pop
ENSEMBL:ENSG00000287523,ENSG00000287523,ENSG00000287523,biolink:Gene,https://purl.humanatlas.io/graph/hra-pop
ENSEMBL:ENSG00000287523.1,ENSG00000287523.1,ENSG00000287523.1,biolink:Gene,https://purl.humanatlas.io/graph/hra-pop
ENSEMBL:ENSG00000287532.1,ENSG00000287532.1,ENSG00000287532.1,biolink:Gene,https://purl.humanatlas.io/graph/hra-pop
ENSEMBL:ENSG00000287536.1,ENSG00000287536.1,ENSG00000287536.1,biolink:Gene,https://purl.humanatlas.io/graph/hra-pop
ENSEMBL:ENSG00000287543.1,ENSG00000287543.1,ENSG00000287543.1,biolink:Gene,https://purl.humanatlas.io/graph/hra-pop
ENSEMBL:ENSG00000287544.1,ENSG00000287544.1,ENSG00000287544.1,biolink:Gene,https://purl.humanatlas.io/graph/hra-pop
ENSEMBL:ENSG00000287552.1,ENSG00000287552.1,ENSG00000287552.1,biolink:Gene,https://purl.humanatlas.io/graph/hra-pop
ENSEMBL:ENSG00000287555,ENSG00000287555,ENSG00000287555,biolink:Gene,https://purl.humanatlas.io/graph/hra-pop
ENSEMBL:ENSG00000287555.1,ENSG00000287555.1,ENSG00000287555.1,biolink:Gene,https://purl.humanatlas.io/graph/hra-pop
ENSEMBL:ENSG00000287557.1,ENSG00000287557.1,ENSG00000287557.1,biolink:Gene,https://purl.humanatlas.io/graph/hra-pop
ENSEMBL:ENSG00000287558.1,ENSG00000287558.1,ENSG00000287558.1,biolink:Gene,https://purl.humanatlas.io/graph/hra-pop
ENSEMBL:ENSG00000287578.1,ENSG00000287578.1,ENSG00000287578.1,biolink:Gene,https://purl.humanatlas.io/graph/hra-pop
ENSEMBL:ENSG00000287603.1,ENSG00000287603.1,ENSG00000287603.1,biolink:Gene,https://purl.humanatlas.io/graph/hra-pop
ENSEMBL:ENSG00000287632.1,ENSG00000287632.1,ENSG00000287632.1,biolink:Gene,https://purl.humanatlas.io/graph/hra-pop
ENSEMBL:ENSG00000287647.1,ENSG00000287647.1,ENSG00000287647.1,biolink:Gene,https://purl.humanatlas.io/graph/hra-pop
ENSEMBL:ENSG00000287654.1,ENSG00000287654.1,ENSG00000287654.1,biolink:Gene,https://purl.humanatlas.io/graph/hra-pop
ENSEMBL:ENSG00000287655.1,ENSG00000287655.1,ENSG00000287655.1,biolink:Gene,https://purl.humanatlas.io/graph/hra-pop
ENSEMBL:ENSG00000287691.1,ENSG00000287691.1,ENSG00000287691.1,biolink:Gene,https://purl.humanatlas.io/graph/hra-pop
ENSEMBL:ENSG00000287695.1,ENSG00000287695.1,ENSG00000287695.1,biolink:Gene,https://purl.humanatlas.io/graph/hra-pop
ENSEMBL:ENSG00000287702.1,ENSG00000287702.1,ENSG00000287702.1,biolink:Gene,https://purl.humanatlas.io/graph/hra-pop
ENSEMBL:ENSG00000287714.1,ENSG00000287714.1,ENSG00000287714.1,biolink:Gene,https://purl.humanatlas.io/graph/hra-pop
ENSEMBL:ENSG00000287732.1,ENSG00000287732.1,ENSG00000287732.1,biolink:Gene,https://purl.humanatlas.io/graph/hra-pop
ENSEMBL:ENSG00000287747.1,ENSG00000287747.1,ENSG00000287747.1,biolink:Gene,https://purl.humanatlas.io/graph/hra-pop
ENSEMBL:ENSG00000287780.1,ENSG00000287780.1,ENSG00000287780.1,biolink:Gene,https://purl.humanatlas.io/graph/hra-pop
ENSEMBL:ENSG00000287782.1,ENSG00000287782.1,ENSG00000287782.1,biolink:Gene,https://purl.humanatlas.io/graph/hra-pop
ENSEMBL:ENSG00000287784.1,ENSG00000287784.1,ENSG00000287784.1,biolink:Gene,https://purl.humanatlas.io/graph/hra-pop
ENSEMBL:ENSG00000287787.1,ENSG00000287787.1,ENSG00000287787.1,biolink:Gene,https://purl.humanatlas.io/graph/hra-pop
ENSEMBL:ENSG00000287842.1,ENSG00000287842.1,ENSG00000287842.1,biolink:Gene,https://purl.humanatlas.io/graph/hra-pop
ENSEMBL:ENSG00000287856.1,ENSG00000287856.1,ENSG00000287856.1,biolink:Gene,https://purl.humanatlas.io/graph/hra-pop
ENSEMBL:ENSG00000287860.1,ENSG00000287860.1,ENSG00000287860.1,biolink:Gene,https://purl.humanatlas.io/graph/hra-pop
ENSEMBL:ENSG00000287876.1,ENSG00000287876.1,ENSG00000287876.1,biolink:Gene,https://purl.humanatlas.io/graph/hra-pop
ENSEMBL:ENSG00000287883.1,ENSG00000287883.1,ENSG00000287883.1,biolink:Gene,https://purl.humanatlas.io/graph/hra-pop
ENSEMBL:ENSG00000287902.1,ENSG00000287902.1,ENSG00000287902.1,biolink:Gene,https://purl.humanatlas.io/graph/hra-pop
ENSEMBL:ENSG00000287915.1,ENSG00000287915.1,ENSG00000287915.1,biolink:Gene,https://purl.humanatlas.io/graph/hra-pop
ENSEMBL:ENSG00000287916.1,ENSG00000287916.1,ENSG00000287916.1,biolink:Gene,https://purl.humanatlas.io/graph/hra-pop
ENSEMBL:ENSG00000287917.1,ENSG00000287917.1,ENSG00000287917.1,biolink:Gene,https://purl.humanatlas.io/graph/hra-pop
ENSEMBL:ENSG00000287934.1,ENSG00000287934.1,ENSG00000287934.1,biolink:Gene,https://purl.humanatlas.io/graph/hra-pop
ENSEMBL:ENSG00000287943.1,ENSG00000287943.1,ENSG00000287943.1,biolink:Gene,https://purl.humanatlas.io/graph/hra-pop
ENSEMBL:ENSG00000287989,ENSG00000287989,ENSG00000287989,biolink:Gene,https://purl.humanatlas.io/graph/hra-pop
ENSEMBL:ENSG00000287989.1,ENSG00000287989.1,ENSG00000287989.1,biolink:Gene,https://purl.humanatlas.io/graph/hra-pop
ENSEMBL:ENSG00000288015,ENSG00000288015,ENSG00000288015,biolink:Gene,https://purl.humanatlas.io/graph/hra-pop
ENSEMBL:ENSG00000288015.1,ENSG00000288015.1,ENSG00000288015.1,biolink:Gene,https://purl.humanatlas.io/graph/hra-pop
ENSEMBL:ENSG00000288016.1,ENSG00000288016.1,ENSG00000288016.1,biolink:Gene,https://purl.humanatlas.io/graph/hra-pop
ENSEMBL:ENSG00000288017.1,ENSG00000288017.1,ENSG00000288017.1,biolink:Gene,https://purl.humanatlas.io/graph/hra-pop
ENSEMBL:ENSG00000288020.1,ENSG00000288020.1,ENSG00000288020.1,biolink:Gene,https://purl.humanatlas.io/graph/hra-pop
ENSEMBL:ENSG00000288038.1,ENSG00000288038.1,ENSG00000288038.1,biolink:Gene,https://purl.humanatlas.io/graph/hra-pop
ENSEMBL:ENSG00000288046,ENSG00000288046,ENSG00000288046,biolink:Gene,https://purl.humanatlas.io/graph/hra-pop
ENSEMBL:ENSG00000288073.1,ENSG00000288073.1,ENSG00000288073.1,biolink:Gene,https://purl.humanatlas.io/graph/hra-pop
ENSEMBL:ENSG00000288076.1,ENSG00000288076.1,ENSG00000288076.1,biolink:Gene,https://purl.humanatlas.io/graph/hra-pop
ENSEMBL:ENSG00000288088.1,ENSG00000288088.1,ENSG00000288088.1,biolink:Gene,https://purl.humanatlas.io/graph/hra-pop
ENSEMBL:ENSG00000288098.1,ENSG00000288098.1,ENSG00000288098.1,biolink:Gene,https://purl.humanatlas.io/graph/hra-pop
ENSEMBL:ENSG00000288105.1,ENSG00000288105.1,ENSG00000288105.1,biolink:Gene,https://purl.humanatlas.io/graph/hra-pop
ENSEMBL:ENSG00000288172.1,ENSG00000288172.1,ENSG00000288172.1,biolink:Gene,https://purl.humanatlas.io/graph/hra-pop
ENSEMBL:ENSG00000288520.1,ENSG00000288520.1,ENSG00000288520.1,biolink:Gene,https://purl.humanatlas.io/graph/hra-pop
ENSEMBL:ENSG00000288526.1,ENSG00000288526.1,ENSG00000288526.1,biolink:Gene,https://purl.humanatlas.io/graph/hra-pop
ENSEMBL:ENSG00000288528.1,ENSG00000288528.1,ENSG00000288528.1,biolink:Gene,https://purl.humanatlas.io/graph/hra-pop
ENSEMBL:ENSG00000288534.1,ENSG00000288534.1,ENSG00000288534.1,biolink:Gene,https://purl.humanatlas.io/graph/hra-pop
ENSEMBL:ENSG00000288537.1,ENSG00000288537.1,ENSG00000288537.1,biolink:Gene,https://purl.humanatlas.io/graph/hra-pop
ENSEMBL:ENSG00000288540.1,ENSG00000288540.1,ENSG00000288540.1,biolink:Gene,https://purl.humanatlas.io/graph/hra-pop
ENSEMBL:ENSG00000288545.1,ENSG00000288545.1,ENSG00000288545.1,biolink:Gene,https://purl.humanatlas.io/graph/hra-pop
ENSEMBL:ENSG00000288600.1,ENSG00000288600.1,ENSG00000288600.1,biolink:Gene,https://purl.humanatlas.io/graph/hra-pop
ENSEMBL:ENSG00000288606.1,ENSG00000288606.1,ENSG00000288606.1,biolink:Gene,https://purl.humanatlas.io/graph/hra-pop
ENSEMBL:ENSG00000288623.1,ENSG00000288623.1,ENSG00000288623.1,biolink:Gene,https://purl.humanatlas.io/graph/hra-pop
ENSEMBL:ENSG00000288630.1,ENSG00000288630.1,ENSG00000288630.1,biolink:Gene,https://purl.humanatlas.io/graph/hra-pop
ENSEMBL:ENSG00000288632.1,ENSG00000288632.1,ENSG00000288632.1,biolink:Gene,https://purl.humanatlas.io/graph/hra-pop
ENSEMBL:ENSG00000292332,ENSG00000292332,ENSG00000292332,biolink:Gene,https://purl.humanatlas.io/graph/hra-pop
ENSEMBL:ENSG00000292333,ENSG00000292333,ENSG00000292333,biolink:Gene,https://purl.humanatlas.io/graph/hra-pop
ENSEMBL:ENSG00000292334,ENSG00000292334,ENSG00000292334,biolink:Gene,https://purl.humanatlas.io/graph/hra-pop
ENSEMBL:ENSG00000292342,ENSG00000292342,ENSG00000292342,biolink:Gene,https://purl.humanatlas.io/graph/hra-pop
ENSEMBL:ENSG00000292348,ENSG00000292348,ENSG00000292348,biolink:Gene,https://purl.humanatlas.io/graph/hra-pop
ENSEMBL:ENSG00000292357,ENSG00000292357,ENSG00000292357,biolink:Gene,https://purl.humanatlas.io/graph/hra-pop
UBERON:0001228,renal papilla,,biolink:GrossAnatomicalStructure,https://purl.humanatlas.io/graph/hra-pop
UBERON:0001284,renal column,,biolink:GrossAnatomicalStructure,https://purl.humanatlas.io/graph/hra-pop
UBERON:0002015,kidney capsule,,biolink:GrossAnatomicalStructure,https://purl.humanatlas.io/graph/hra-pop
UBERON:0002113,kidney,,biolink:GrossAnatomicalStructure,https://purl.humanatlas.io/graph/hra-pop
UBERON:0002189,outer cortex of kidney,,biolink:GrossAnatomicalStructure,https://purl.humanatlas.io/graph/hra-pop
UBERON:0004200,kidney pyramid,,biolink:GrossAnatomicalStructure,https://purl.humanatlas.io/graph/hra-pop
