subject,predicate,object,category,knowledge_level,agent_type,primary_knowledge_source
HGNC:10002,biolink:expressed_in,CL:0019018,biolink:GeneToEntityAssociation,knowledge_assertion,manual_agent,https://purl.humanatlas.io/collection/hra
HGNC:10249,biolink:expressed_in,CL:1000742,biolink:GeneToEntityAssociation,knowledge_assertion,manual_agent,https://purl.humanatlas.io/collection/hra
HGNC:10250,biolink:expressed_in,CL:1000850,biolink:GeneToEntityAssociation,knowledge_assertion,manual_agent,https://purl.humanatlas.io/collection/hra
HGNC:10473,biolink:expressed_in,CL:0000623,biolink:GeneToEntityAssociation,knowledge_assertion,manual_agent,https://purl.humanatlas.io/collection/hra
HGNC:10473,biolink:expressed_in,CL:0000814,biolink:GeneToEntityAssociation,knowledge_assertion,manual_agent,https://purl.humanatlas.io/collection/hra
HGNC:10498,biolink:expressed_in,CL:0000775,biolink:GeneToEntityAssociation,knowledge_assertion,manual_agent,https://purl.humanatlas.io/collection/hra
HGNC:10499,biolink:expressed_in,CL:0000775,biolink:GeneToEntityAssociation,knowledge_assertion,manual_agent,https://purl.humanatlas.io/collection/hra
HGNC:10527,biolink:expressed_in,CL:1000849,biolink:GeneToEntityAssociation,knowledge_assertion,manual_agent,https://purl.humanatlas.io/collection/hra
HGNC:10588,biolink:expressed_in,CL:1000768,biolink:GeneToEntityAssociation,knowledge_assertion,manual_agent,https://purl.humanatlas.io/collection/hra
HGNC:10602,biolink:expressed_in,CL:4030017,biolink:GeneToEntityAssociation,knowledge_assertion,manual_agent,https://purl.humanatlas.io/collection/hra
HGNC:10602,biolink:expressed_in,CL:1000768,biolink:GeneToEntityAssociation,knowledge_assertion,manual_agent,https://purl.humanatlas.io/collection/hra
HGNC:10602,biolink:expressed_in,CL:4030018,biolink:GeneToEntityAssociation,knowledge_assertion,manual_agent,https://purl.humanatlas.io/collection/hra
HGNC:10602,biolink:expressed_in,CL:1001431,biolink:GeneToEntityAssociation,knowledge_assertion,manual_agent,https://purl.humanatlas.io/collection/hra
HGNC:10602,biolink:expressed_in,CL:1000714,biolink:GeneToEntityAssociation,knowledge_assertion,manual_agent,https://purl.humanatlas.io/collection/hra
HGNC:10602,biolink:expressed_in,CL:1000716,biolink:GeneToEntityAssociation,knowledge_assertion,manual_agent,https://purl.humanatlas.io/collection/hra
HGNC:10630,biolink:expressed_in,CL:0000910,biolink:GeneToEntityAssociation,knowledge_assertion,manual_agent,https://purl.humanatlas.io/collection/hra
HGNC:10632,biolink:expressed_in,CL:0000910,biolink:GeneToEntityAssociation,knowledge_assertion,manual_agent,https://purl.humanatlas.io/collection/hra
HGNC:10832,biolink:expressed_in,CL:4030014,biolink:GeneToEntityAssociation,knowledge_assertion,manual_agent,https://purl.humanatlas.io/collection/hra
HGNC:10832,biolink:expressed_in,CL:1001107,biolink:GeneToEntityAssociation,knowledge_assertion,manual_agent,https://purl.humanatlas.io/collection/hra
HGNC:10910,biolink:expressed_in,CL:1001106,biolink:GeneToEntityAssociation,knowledge_assertion,manual_agent,https://purl.humanatlas.io/collection/hra
HGNC:10910,biolink:expressed_in,CL:1001109,biolink:GeneToEntityAssociation,knowledge_assertion,manual_agent,https://purl.humanatlas.io/collection/hra
HGNC:10910,biolink:expressed_in,CL:1001108,biolink:GeneToEntityAssociation,knowledge_assertion,manual_agent,https://purl.humanatlas.io/collection/hra
HGNC:10910,biolink:expressed_in,CL:1000850,biolink:GeneToEntityAssociation,knowledge_assertion,manual_agent,https://purl.humanatlas.io/collection/hra
HGNC:10912,biolink:expressed_in,CL:1000849,biolink:GeneToEntityAssociation,knowledge_assertion,manual_agent,https://purl.humanatlas.io/collection/hra
HGNC:10912,biolink:expressed_in,CL:4030016,biolink:GeneToEntityAssociation,knowledge_assertion,manual_agent,https://purl.humanatlas.io/collection/hra
HGNC:10912,biolink:expressed_in,CL:4030017,biolink:GeneToEntityAssociation,knowledge_assertion,manual_agent,https://purl.humanatlas.io/collection/hra
HGNC:10916,biolink:expressed_in,CL:0002306,biolink:GeneToEntityAssociation,knowledge_assertion,manual_agent,https://purl.humanatlas.io/collection/hra
HGNC:10918,biolink:expressed_in,CL:1001096,biolink:GeneToEntityAssociation,knowledge_assertion,manual_agent,https://purl.humanatlas.io/collection/hra
HGNC:10918,biolink:expressed_in,CL:1001099,biolink:GeneToEntityAssociation,knowledge_assertion,manual_agent,https://purl.humanatlas.io/collection/hra
HGNC:10918,biolink:expressed_in,CL:1001285,biolink:GeneToEntityAssociation,knowledge_assertion,manual_agent,https://purl.humanatlas.io/collection/hra
HGNC:10919,biolink:expressed_in,CL:4030012,biolink:GeneToEntityAssociation,knowledge_assertion,manual_agent,https://purl.humanatlas.io/collection/hra
HGNC:10919,biolink:expressed_in,CL:4030014,biolink:GeneToEntityAssociation,knowledge_assertion,manual_agent,https://purl.humanatlas.io/collection/hra
HGNC:10919,biolink:expressed_in,CL:1000718,biolink:GeneToEntityAssociation,knowledge_assertion,manual_agent,https://purl.humanatlas.io/collection/hra
HGNC:10929,biolink:expressed_in,CL:4030011,biolink:GeneToEntityAssociation,knowledge_assertion,manual_agent,https://purl.humanatlas.io/collection/hra
HGNC:10970,biolink:expressed_in,CL:4030009,biolink:GeneToEntityAssociation,knowledge_assertion,manual_agent,https://purl.humanatlas.io/collection/hra
HGNC:10970,biolink:expressed_in,CL:4030010,biolink:GeneToEntityAssociation,knowledge_assertion,manual_agent,https://purl.humanatlas.io/collection/hra
HGNC:10971,biolink:expressed_in,CL:4030011,biolink:GeneToEntityAssociation,knowledge_assertion,manual_agent,https://purl.humanatlas.io/collection/hra
HGNC:10972,biolink:expressed_in,CL:4030009,biolink:GeneToEntityAssociation,knowledge_assertion,manual_agent,https://purl.humanatlas.io/collection/hra
HGNC:10972,biolink:expressed_in,CL:4030010,biolink:GeneToEntityAssociation,knowledge_assertion,manual_agent,https://purl.humanatlas.io/collection/hra
HGNC:11019,biolink:expressed_in,CL:4030009,biolink:GeneToEntityAssociation,knowledge_assertion,manual_agent,https://purl.humanatlas.io/collection/hra
HGNC:11019,biolink:expressed_in,CL:4030010,biolink:GeneToEntityAssociation,knowledge_assertion,manual_agent,https://purl.humanatlas.io/collection/hra
HGNC:11027,biolink:expressed_in,CL:4030020,biolink:GeneToEntityAssociation,knowledge_assertion,manual_agent,https://purl.humanatlas.io/collection/hra
HGNC:11027,biolink:expressed_in,CL:4030015,biolink:GeneToEntityAssociation,knowledge_assertion,manual_agent,https://purl.humanatlas.io/collection/hra
HGNC:11027,biolink:expressed_in,CL:1000715,biolink:GeneToEntityAssociation,knowledge_assertion,manual_agent,https://purl.humanatlas.io/collection/hra
HGNC:11027,biolink:expressed_in,CL:1000717,biolink:GeneToEntityAssociation,knowledge_assertion,manual_agent,https://purl.humanatlas.io/collection/hra
HGNC:11035,biolink:expressed_in,CL:4030021,biolink:GeneToEntityAssociation,knowledge_assertion,manual_agent,https://purl.humanatlas.io/collection/hra
HGNC:11035,biolink:expressed_in,NCIT:transitional-principal-intercalated-cell,biolink:GeneToEntityAssociation,knowledge_assertion,manual_agent,https://purl.humanatlas.io/collection/hra
HGNC:11035,biolink:expressed_in,CL:0002201,biolink:GeneToEntityAssociation,knowledge_assertion,manual_agent,https://purl.humanatlas.io/collection/hra
HGNC:11035,biolink:expressed_in,CL:1000715,biolink:GeneToEntityAssociation,knowledge_assertion,manual_agent,https://purl.humanatlas.io/collection/hra
HGNC:11037,biolink:expressed_in,CL:4030009,biolink:GeneToEntityAssociation,knowledge_assertion,manual_agent,https://purl.humanatlas.io/collection/hra
HGNC:11068,biolink:expressed_in,CL:4030017,biolink:GeneToEntityAssociation,knowledge_assertion,manual_agent,https://purl.humanatlas.io/collection/hra
HGNC:11068,biolink:expressed_in,CL:1000768,biolink:GeneToEntityAssociation,knowledge_assertion,manual_agent,https://purl.humanatlas.io/collection/hra
HGNC:11068,biolink:expressed_in,CL:4030019,biolink:GeneToEntityAssociation,knowledge_assertion,manual_agent,https://purl.humanatlas.io/collection/hra
HGNC:11068,biolink:expressed_in,CL:4030020,biolink:GeneToEntityAssociation,knowledge_assertion,manual_agent,https://purl.humanatlas.io/collection/hra
HGNC:11073,biolink:expressed_in,CL:4030013,biolink:GeneToEntityAssociation,knowledge_assertion,manual_agent,https://purl.humanatlas.io/collection/hra
HGNC:11255,biolink:expressed_in,CL:1001111,biolink:GeneToEntityAssociation,knowledge_assertion,manual_agent,https://purl.humanatlas.io/collection/hra
HGNC:11255,biolink:expressed_in,CL:4030012,biolink:GeneToEntityAssociation,knowledge_assertion,manual_agent,https://purl.humanatlas.io/collection/hra
HGNC:11509,biolink:expressed_in,CL:4030022,biolink:GeneToEntityAssociation,knowledge_assertion,manual_agent,https://purl.humanatlas.io/collection/hra
HGNC:11530,biolink:expressed_in,CL:4030012,biolink:GeneToEntityAssociation,knowledge_assertion,manual_agent,https://purl.humanatlas.io/collection/hra
HGNC:11530,biolink:expressed_in,CL:4030013,biolink:GeneToEntityAssociation,knowledge_assertion,manual_agent,https://purl.humanatlas.io/collection/hra
HGNC:11530,biolink:expressed_in,CL:4030014,biolink:GeneToEntityAssociation,knowledge_assertion,manual_agent,https://purl.humanatlas.io/collection/hra
HGNC:11530,biolink:expressed_in,CL:1001107,biolink:GeneToEntityAssociation,knowledge_assertion,manual_agent,https://purl.humanatlas.io/collection/hra
HGNC:11530,biolink:expressed_in,CL:1000597,biolink:GeneToEntityAssociation,knowledge_assertion,manual_agent,https://purl.humanatlas.io/collection/hra
HGNC:11553,biolink:expressed_in,CL:0000359,biolink:GeneToEntityAssociation,knowledge_assertion,manual_agent,https://purl.humanatlas.io/collection/hra
HGNC:11553,biolink:expressed_in,CL:1001318,biolink:GeneToEntityAssociation,knowledge_assertion,manual_agent,https://purl.humanatlas.io/collection/hra
HGNC:11553,biolink:expressed_in,CL:1000691,biolink:GeneToEntityAssociation,knowledge_assertion,manual_agent,https://purl.humanatlas.io/collection/hra
HGNC:11592,biolink:expressed_in,CL:0002138,biolink:GeneToEntityAssociation,knowledge_assertion,manual_agent,https://purl.humanatlas.io/collection/hra
HGNC:11724,biolink:expressed_in,CL:0000071,biolink:GeneToEntityAssociation,knowledge_assertion,manual_agent,https://purl.humanatlas.io/collection/hra
HGNC:11809,biolink:expressed_in,CL:0000071,biolink:GeneToEntityAssociation,knowledge_assertion,manual_agent,https://purl.humanatlas.io/collection/hra
HGNC:11853,biolink:expressed_in,CL:1001285,biolink:GeneToEntityAssociation,knowledge_assertion,manual_agent,https://purl.humanatlas.io/collection/hra
HGNC:11853,biolink:expressed_in,CL:1001096,biolink:GeneToEntityAssociation,knowledge_assertion,manual_agent,https://purl.humanatlas.io/collection/hra
HGNC:11853,biolink:expressed_in,CL:1001099,biolink:GeneToEntityAssociation,knowledge_assertion,manual_agent,https://purl.humanatlas.io/collection/hra
HGNC:11935,biolink:expressed_in,CL:0000084,biolink:GeneToEntityAssociation,knowledge_assertion,manual_agent,https://purl.humanatlas.io/collection/hra
HGNC:12339,biolink:expressed_in,NCIT:monocyte-derived-cell,biolink:GeneToEntityAssociation,knowledge_assertion,manual_agent,https://purl.humanatlas.io/collection/hra
HGNC:1241,biolink:expressed_in,CL:0000576,biolink:GeneToEntityAssociation,knowledge_assertion,manual_agent,https://purl.humanatlas.io/collection/hra
HGNC:12559,biolink:expressed_in,CL:1001106,biolink:GeneToEntityAssociation,knowledge_assertion,manual_agent,https://purl.humanatlas.io/collection/hra
HGNC:12559,biolink:expressed_in,CL:1001109,biolink:GeneToEntityAssociation,knowledge_assertion,manual_agent,https://purl.humanatlas.io/collection/hra
HGNC:12559,biolink:expressed_in,CL:1001108,biolink:GeneToEntityAssociation,knowledge_assertion,manual_agent,https://purl.humanatlas.io/collection/hra
HGNC:12559,biolink:expressed_in,CL:1001285,biolink:GeneToEntityAssociation,knowledge_assertion,manual_agent,https://purl.humanatlas.io/collection/hra
HGNC:12663,biolink:expressed_in,CL:1000452,biolink:GeneToEntityAssociation,knowledge_assertion,manual_agent,https://purl.humanatlas.io/collection/hra
HGNC:12663,biolink:expressed_in,CL:1001111,biolink:GeneToEntityAssociation,knowledge_assertion,manual_agent,https://purl.humanatlas.io/collection/hra
HGNC:12692,biolink:expressed_in,CL:1000452,biolink:GeneToEntityAssociation,knowledge_assertion,manual_agent,https://purl.humanatlas.io/collection/hra
HGNC:12692,biolink:expressed_in,CL:1001111,biolink:GeneToEntityAssociation,knowledge_assertion,manual_agent,https://purl.humanatlas.io/collection/hra
HGNC:12692,biolink:expressed_in,CL:0019018,biolink:GeneToEntityAssociation,knowledge_assertion,manual_agent,https://purl.humanatlas.io/collection/hra
HGNC:12692,biolink:expressed_in,CL:1000692,biolink:GeneToEntityAssociation,knowledge_assertion,manual_agent,https://purl.humanatlas.io/collection/hra
HGNC:130,biolink:expressed_in,CL:0000359,biolink:GeneToEntityAssociation,knowledge_assertion,manual_agent,https://purl.humanatlas.io/collection/hra
HGNC:130,biolink:expressed_in,CL:1001318,biolink:GeneToEntityAssociation,knowledge_assertion,manual_agent,https://purl.humanatlas.io/collection/hra
HGNC:130,biolink:expressed_in,CL:0019018,biolink:GeneToEntityAssociation,knowledge_assertion,manual_agent,https://purl.humanatlas.io/collection/hra
HGNC:130,biolink:expressed_in,CL:1000691,biolink:GeneToEntityAssociation,knowledge_assertion,manual_agent,https://purl.humanatlas.io/collection/hra
HGNC:13394,biolink:expressed_in,CL:0000653,biolink:GeneToEntityAssociation,knowledge_assertion,manual_agent,https://purl.humanatlas.io/collection/hra
HGNC:1346,biolink:expressed_in,CL:1000692,biolink:GeneToEntityAssociation,knowledge_assertion,manual_agent,https://purl.humanatlas.io/collection/hra
HGNC:13517,biolink:expressed_in,CL:0000653,biolink:GeneToEntityAssociation,knowledge_assertion,manual_agent,https://purl.humanatlas.io/collection/hra
HGNC:13635,biolink:expressed_in,CL:1001033,biolink:GeneToEntityAssociation,knowledge_assertion,manual_agent,https://purl.humanatlas.io/collection/hra
HGNC:13635,biolink:expressed_in,CL:1001131,biolink:GeneToEntityAssociation,knowledge_assertion,manual_agent,https://purl.humanatlas.io/collection/hra
HGNC:1373,biolink:expressed_in,CL:4030019,biolink:GeneToEntityAssociation,knowledge_assertion,manual_agent,https://purl.humanatlas.io/collection/hra
HGNC:1373,biolink:expressed_in,CL:1001432,biolink:GeneToEntityAssociation,knowledge_assertion,manual_agent,https://purl.humanatlas.io/collection/hra
HGNC:1434,biolink:expressed_in,CL:1000849,biolink:GeneToEntityAssociation,knowledge_assertion,manual_agent,https://purl.humanatlas.io/collection/hra
HGNC:1434,biolink:expressed_in,CL:4030017,biolink:GeneToEntityAssociation,knowledge_assertion,manual_agent,https://purl.humanatlas.io/collection/hra
HGNC:1434,biolink:expressed_in,CL:1000768,biolink:GeneToEntityAssociation,knowledge_assertion,manual_agent,https://purl.humanatlas.io/collection/hra
HGNC:1437,biolink:expressed_in,CL:1000717,biolink:GeneToEntityAssociation,knowledge_assertion,manual_agent,https://purl.humanatlas.io/collection/hra
HGNC:14430,biolink:expressed_in,CL:4030010,biolink:GeneToEntityAssociation,knowledge_assertion,manual_agent,https://purl.humanatlas.io/collection/hra
HGNC:14467,biolink:expressed_in,CL:4030020,biolink:GeneToEntityAssociation,knowledge_assertion,manual_agent,https://purl.humanatlas.io/collection/hra
HGNC:14467,biolink:expressed_in,NCIT:transitional-principal-intercalated-cell,biolink:GeneToEntityAssociation,knowledge_assertion,manual_agent,https://purl.humanatlas.io/collection/hra
HGNC:14467,biolink:expressed_in,CL:4030015,biolink:GeneToEntityAssociation,knowledge_assertion,manual_agent,https://purl.humanatlas.io/collection/hra
HGNC:14467,biolink:expressed_in,CL:1000715,biolink:GeneToEntityAssociation,knowledge_assertion,manual_agent,https://purl.humanatlas.io/collection/hra
HGNC:14467,biolink:expressed_in,CL:1000717,biolink:GeneToEntityAssociation,knowledge_assertion,manual_agent,https://purl.humanatlas.io/collection/hra
HGNC:14881,biolink:expressed_in,CL:1000692,biolink:GeneToEntityAssociation,knowledge_assertion,manual_agent,https://purl.humanatlas.io/collection/hra
HGNC:1514,biolink:expressed_in,CL:1001106,biolink:GeneToEntityAssociation,knowledge_assertion,manual_agent,https://purl.humanatlas.io/collection/hra
HGNC:1514,biolink:expressed_in,CL:1001109,biolink:GeneToEntityAssociation,knowledge_assertion,manual_agent,https://purl.humanatlas.io/collection/hra
HGNC:1514,biolink:expressed_in,CL:1001108,biolink:GeneToEntityAssociation,knowledge_assertion,manual_agent,https://purl.humanatlas.io/collection/hra
HGNC:15472,biolink:expressed_in,CL:1000452,biolink:GeneToEntityAssociation,knowledge_assertion,manual_agent,https://purl.humanatlas.io/collection/hra
HGNC:15710,biolink:expressed_in,CL:0019018,biolink:GeneToEntityAssociation,knowledge_assertion,manual_agent,https://purl.humanatlas.io/collection/hra
HGNC:15846,biolink:expressed_in,CL:1001285,biolink:GeneToEntityAssociation,knowledge_assertion,manual_agent,https://purl.humanatlas.io/collection/hra
HGNC:15846,biolink:expressed_in,CL:1001096,biolink:GeneToEntityAssociation,knowledge_assertion,manual_agent,https://purl.humanatlas.io/collection/hra
HGNC:15846,biolink:expressed_in,CL:1001099,biolink:GeneToEntityAssociation,knowledge_assertion,manual_agent,https://purl.humanatlas.io/collection/hra
HGNC:15979,biolink:expressed_in,CL:1000597,biolink:GeneToEntityAssociation,knowledge_assertion,manual_agent,https://purl.humanatlas.io/collection/hra
HGNC:16041,biolink:expressed_in,CL:1001005,biolink:GeneToEntityAssociation,knowledge_assertion,manual_agent,https://purl.humanatlas.io/collection/hra
HGNC:16041,biolink:expressed_in,CL:0000115,biolink:GeneToEntityAssociation,knowledge_assertion,manual_agent,https://purl.humanatlas.io/collection/hra
HGNC:16067,biolink:expressed_in,CL:0000359,biolink:GeneToEntityAssociation,knowledge_assertion,manual_agent,https://purl.humanatlas.io/collection/hra
HGNC:16112,biolink:expressed_in,CL:4030021,biolink:GeneToEntityAssociation,knowledge_assertion,manual_agent,https://purl.humanatlas.io/collection/hra
HGNC:1628,biolink:expressed_in,CL:1000695,biolink:GeneToEntityAssociation,knowledge_assertion,manual_agent,https://purl.humanatlas.io/collection/hra
HGNC:1628,biolink:expressed_in,NCIT:monocyte-derived-cell,biolink:GeneToEntityAssociation,knowledge_assertion,manual_agent,https://purl.humanatlas.io/collection/hra
HGNC:1631,biolink:expressed_in,CL:1000695,biolink:GeneToEntityAssociation,knowledge_assertion,manual_agent,https://purl.humanatlas.io/collection/hra
HGNC:1636,biolink:expressed_in,CL:0001056,biolink:GeneToEntityAssociation,knowledge_assertion,manual_agent,https://purl.humanatlas.io/collection/hra
HGNC:1638,biolink:expressed_in,CL:0001056,biolink:GeneToEntityAssociation,knowledge_assertion,manual_agent,https://purl.humanatlas.io/collection/hra
HGNC:16438,biolink:expressed_in,CL:4030013,biolink:GeneToEntityAssociation,knowledge_assertion,manual_agent,https://purl.humanatlas.io/collection/hra
HGNC:16438,biolink:expressed_in,CL:4030014,biolink:GeneToEntityAssociation,knowledge_assertion,manual_agent,https://purl.humanatlas.io/collection/hra
HGNC:1673,biolink:expressed_in,CL:0000084,biolink:GeneToEntityAssociation,knowledge_assertion,manual_agent,https://purl.humanatlas.io/collection/hra
HGNC:1675,biolink:expressed_in,CL:0000814,biolink:GeneToEntityAssociation,knowledge_assertion,manual_agent,https://purl.humanatlas.io/collection/hra
HGNC:1675,biolink:expressed_in,CL:0000084,biolink:GeneToEntityAssociation,knowledge_assertion,manual_agent,https://purl.humanatlas.io/collection/hra
HGNC:1677,biolink:expressed_in,CL:0000814,biolink:GeneToEntityAssociation,knowledge_assertion,manual_agent,https://purl.humanatlas.io/collection/hra
HGNC:1677,biolink:expressed_in,CL:0000084,biolink:GeneToEntityAssociation,knowledge_assertion,manual_agent,https://purl.humanatlas.io/collection/hra
HGNC:16892,biolink:expressed_in,CL:0000814,biolink:GeneToEntityAssociation,knowledge_assertion,manual_agent,https://purl.humanatlas.io/collection/hra
HGNC:16892,biolink:expressed_in,CL:0000084,biolink:GeneToEntityAssociation,knowledge_assertion,manual_agent,https://purl.humanatlas.io/collection/hra
HGNC:16953,biolink:expressed_in,CL:1000742,biolink:GeneToEntityAssociation,knowledge_assertion,manual_agent,https://purl.humanatlas.io/collection/hra
HGNC:1698,biolink:expressed_in,CL:0000236,biolink:GeneToEntityAssociation,knowledge_assertion,manual_agent,https://purl.humanatlas.io/collection/hra
HGNC:1748,biolink:expressed_in,CL:1001111,biolink:GeneToEntityAssociation,knowledge_assertion,manual_agent,https://purl.humanatlas.io/collection/hra
HGNC:1748,biolink:expressed_in,CL:1001107,biolink:GeneToEntityAssociation,knowledge_assertion,manual_agent,https://purl.humanatlas.io/collection/hra
HGNC:1748,biolink:expressed_in,CL:1001106,biolink:GeneToEntityAssociation,knowledge_assertion,manual_agent,https://purl.humanatlas.io/collection/hra
HGNC:1748,biolink:expressed_in,CL:1001109,biolink:GeneToEntityAssociation,knowledge_assertion,manual_agent,https://purl.humanatlas.io/collection/hra
HGNC:1748,biolink:expressed_in,CL:1001108,biolink:GeneToEntityAssociation,knowledge_assertion,manual_agent,https://purl.humanatlas.io/collection/hra
HGNC:1748,biolink:expressed_in,CL:1000850,biolink:GeneToEntityAssociation,knowledge_assertion,manual_agent,https://purl.humanatlas.io/collection/hra
HGNC:1748,biolink:expressed_in,CL:1000849,biolink:GeneToEntityAssociation,knowledge_assertion,manual_agent,https://purl.humanatlas.io/collection/hra
HGNC:1748,biolink:expressed_in,CL:1000768,biolink:GeneToEntityAssociation,knowledge_assertion,manual_agent,https://purl.humanatlas.io/collection/hra
HGNC:1748,biolink:expressed_in,CL:1000454,biolink:GeneToEntityAssociation,knowledge_assertion,manual_agent,https://purl.humanatlas.io/collection/hra
HGNC:1764,biolink:expressed_in,CL:0000071,biolink:GeneToEntityAssociation,knowledge_assertion,manual_agent,https://purl.humanatlas.io/collection/hra
HGNC:17732,biolink:expressed_in,CL:1000742,biolink:GeneToEntityAssociation,knowledge_assertion,manual_agent,https://purl.humanatlas.io/collection/hra
HGNC:17995,biolink:expressed_in,CL:1000849,biolink:GeneToEntityAssociation,knowledge_assertion,manual_agent,https://purl.humanatlas.io/collection/hra
HGNC:17995,biolink:expressed_in,CL:4030016,biolink:GeneToEntityAssociation,knowledge_assertion,manual_agent,https://purl.humanatlas.io/collection/hra
HGNC:18122,biolink:expressed_in,CL:1001096,biolink:GeneToEntityAssociation,knowledge_assertion,manual_agent,https://purl.humanatlas.io/collection/hra
HGNC:18122,biolink:expressed_in,CL:1001099,biolink:GeneToEntityAssociation,knowledge_assertion,manual_agent,https://purl.humanatlas.io/collection/hra
HGNC:18210,biolink:expressed_in,CL:4030011,biolink:GeneToEntityAssociation,knowledge_assertion,manual_agent,https://purl.humanatlas.io/collection/hra
HGNC:18266,biolink:expressed_in,CL:4030019,biolink:GeneToEntityAssociation,knowledge_assertion,manual_agent,https://purl.humanatlas.io/collection/hra
HGNC:18266,biolink:expressed_in,CL:1001432,biolink:GeneToEntityAssociation,knowledge_assertion,manual_agent,https://purl.humanatlas.io/collection/hra
HGNC:18508,biolink:expressed_in,CL:0000786,biolink:GeneToEntityAssociation,knowledge_assertion,manual_agent,https://purl.humanatlas.io/collection/hra
HGNC:18688,biolink:expressed_in,CL:1000452,biolink:GeneToEntityAssociation,knowledge_assertion,manual_agent,https://purl.humanatlas.io/collection/hra
HGNC:1975,biolink:expressed_in,NCIT:capsule-mesenchymal-stromal-cell,biolink:GeneToEntityAssociation,knowledge_assertion,manual_agent,https://purl.humanatlas.io/collection/hra
HGNC:2026,biolink:expressed_in,CL:1001107,biolink:GeneToEntityAssociation,knowledge_assertion,manual_agent,https://purl.humanatlas.io/collection/hra
HGNC:2032,biolink:expressed_in,CL:4030014,biolink:GeneToEntityAssociation,knowledge_assertion,manual_agent,https://purl.humanatlas.io/collection/hra
HGNC:2037,biolink:expressed_in,CL:1001109,biolink:GeneToEntityAssociation,knowledge_assertion,manual_agent,https://purl.humanatlas.io/collection/hra
HGNC:20391,biolink:expressed_in,CL:1000691,biolink:GeneToEntityAssociation,knowledge_assertion,manual_agent,https://purl.humanatlas.io/collection/hra
HGNC:2045,biolink:expressed_in,CL:1001107,biolink:GeneToEntityAssociation,knowledge_assertion,manual_agent,https://purl.humanatlas.io/collection/hra
HGNC:20862,biolink:expressed_in,CL:4030013,biolink:GeneToEntityAssociation,knowledge_assertion,manual_agent,https://purl.humanatlas.io/collection/hra
HGNC:21411,biolink:expressed_in,CL:0000057,biolink:GeneToEntityAssociation,knowledge_assertion,manual_agent,https://purl.humanatlas.io/collection/hra
HGNC:2155,biolink:expressed_in,CL:0000359,biolink:GeneToEntityAssociation,knowledge_assertion,manual_agent,https://purl.humanatlas.io/collection/hra
HGNC:21637,biolink:expressed_in,CL:4030011,biolink:GeneToEntityAssociation,knowledge_assertion,manual_agent,https://purl.humanatlas.io/collection/hra
HGNC:21637,biolink:expressed_in,CL:1001111,biolink:GeneToEntityAssociation,knowledge_assertion,manual_agent,https://purl.humanatlas.io/collection/hra
HGNC:21637,biolink:expressed_in,CL:4030012,biolink:GeneToEntityAssociation,knowledge_assertion,manual_agent,https://purl.humanatlas.io/collection/hra
HGNC:2193,biolink:expressed_in,CL:1000691,biolink:GeneToEntityAssociation,knowledge_assertion,manual_agent,https://purl.humanatlas.io/collection/hra
HGNC:2197,biolink:expressed_in,CL:1000692,biolink:GeneToEntityAssociation,knowledge_assertion,manual_agent,https://purl.humanatlas.io/collection/hra
HGNC:2197,biolink:expressed_in,CL:1000691,biolink:GeneToEntityAssociation,knowledge_assertion,manual_agent,https://purl.humanatlas.io/collection/hra
HGNC:2198,biolink:expressed_in,CL:1000692,biolink:GeneToEntityAssociation,knowledge_assertion,manual_agent,https://purl.humanatlas.io/collection/hra
HGNC:2209,biolink:expressed_in,CL:1000691,biolink:GeneToEntityAssociation,knowledge_assertion,manual_agent,https://purl.humanatlas.io/collection/hra
HGNC:222,biolink:expressed_in,CL:1001285,biolink:GeneToEntityAssociation,knowledge_assertion,manual_agent,https://purl.humanatlas.io/collection/hra
HGNC:222,biolink:expressed_in,CL:1001096,biolink:GeneToEntityAssociation,knowledge_assertion,manual_agent,https://purl.humanatlas.io/collection/hra
HGNC:222,biolink:expressed_in,CL:1001099,biolink:GeneToEntityAssociation,knowledge_assertion,manual_agent,https://purl.humanatlas.io/collection/hra
HGNC:2298,biolink:expressed_in,CL:0000097,biolink:GeneToEntityAssociation,knowledge_assertion,manual_agent,https://purl.humanatlas.io/collection/hra
HGNC:2303,biolink:expressed_in,CL:4030012,biolink:GeneToEntityAssociation,knowledge_assertion,manual_agent,https://purl.humanatlas.io/collection/hra
HGNC:2303,biolink:expressed_in,CL:4030014,biolink:GeneToEntityAssociation,knowledge_assertion,manual_agent,https://purl.humanatlas.io/collection/hra
HGNC:23091,biolink:expressed_in,CL:4030010,biolink:GeneToEntityAssociation,knowledge_assertion,manual_agent,https://purl.humanatlas.io/collection/hra
HGNC:23091,biolink:expressed_in,CL:4030011,biolink:GeneToEntityAssociation,knowledge_assertion,manual_agent,https://purl.humanatlas.io/collection/hra
HGNC:23319,biolink:expressed_in,CL:0000653,biolink:GeneToEntityAssociation,knowledge_assertion,manual_agent,https://purl.humanatlas.io/collection/hra
HGNC:234,biolink:expressed_in,CL:1001318,biolink:GeneToEntityAssociation,knowledge_assertion,manual_agent,https://purl.humanatlas.io/collection/hra
HGNC:23616,biolink:expressed_in,CL:4030021,biolink:GeneToEntityAssociation,knowledge_assertion,manual_agent,https://purl.humanatlas.io/collection/hra
HGNC:2389,biolink:expressed_in,CL:1001111,biolink:GeneToEntityAssociation,knowledge_assertion,manual_agent,https://purl.humanatlas.io/collection/hra
HGNC:2389,biolink:expressed_in,CL:4030012,biolink:GeneToEntityAssociation,knowledge_assertion,manual_agent,https://purl.humanatlas.io/collection/hra
HGNC:2389,biolink:expressed_in,CL:4030013,biolink:GeneToEntityAssociation,knowledge_assertion,manual_agent,https://purl.humanatlas.io/collection/hra
HGNC:2389,biolink:expressed_in,CL:4030014,biolink:GeneToEntityAssociation,knowledge_assertion,manual_agent,https://purl.humanatlas.io/collection/hra
HGNC:2389,biolink:expressed_in,CL:1001107,biolink:GeneToEntityAssociation,knowledge_assertion,manual_agent,https://purl.humanatlas.io/collection/hra
HGNC:24039,biolink:expressed_in,CL:4030022,biolink:GeneToEntityAssociation,knowledge_assertion,manual_agent,https://purl.humanatlas.io/collection/hra
HGNC:2435,biolink:expressed_in,NCIT:monocyte-derived-cell,biolink:GeneToEntityAssociation,knowledge_assertion,manual_agent,https://purl.humanatlas.io/collection/hra
HGNC:2439,biolink:expressed_in,CL:0000775,biolink:GeneToEntityAssociation,knowledge_assertion,manual_agent,https://purl.humanatlas.io/collection/hra
HGNC:2548,biolink:expressed_in,CL:0002306,biolink:GeneToEntityAssociation,knowledge_assertion,manual_agent,https://purl.humanatlas.io/collection/hra
HGNC:26183,biolink:expressed_in,CL:1001285,biolink:GeneToEntityAssociation,knowledge_assertion,manual_agent,https://purl.humanatlas.io/collection/hra
HGNC:26270,biolink:expressed_in,CL:1000742,biolink:GeneToEntityAssociation,knowledge_assertion,manual_agent,https://purl.humanatlas.io/collection/hra
HGNC:26295,biolink:expressed_in,CL:1001318,biolink:GeneToEntityAssociation,knowledge_assertion,manual_agent,https://purl.humanatlas.io/collection/hra
HGNC:26705,biolink:expressed_in,CL:0000990,biolink:GeneToEntityAssociation,knowledge_assertion,manual_agent,https://purl.humanatlas.io/collection/hra
HGNC:2705,biolink:expressed_in,CL:1000692,biolink:GeneToEntityAssociation,knowledge_assertion,manual_agent,https://purl.humanatlas.io/collection/hra
HGNC:2705,biolink:expressed_in,CL:4030022,biolink:GeneToEntityAssociation,knowledge_assertion,manual_agent,https://purl.humanatlas.io/collection/hra
HGNC:27220,biolink:expressed_in,CL:4030015,biolink:GeneToEntityAssociation,knowledge_assertion,manual_agent,https://purl.humanatlas.io/collection/hra
HGNC:2731,biolink:expressed_in,CL:0000057,biolink:GeneToEntityAssociation,knowledge_assertion,manual_agent,https://purl.humanatlas.io/collection/hra
HGNC:277,biolink:expressed_in,CL:0019018,biolink:GeneToEntityAssociation,knowledge_assertion,manual_agent,https://purl.humanatlas.io/collection/hra
HGNC:28524,biolink:expressed_in,CL:1001111,biolink:GeneToEntityAssociation,knowledge_assertion,manual_agent,https://purl.humanatlas.io/collection/hra
HGNC:28750,biolink:expressed_in,CL:4030009,biolink:GeneToEntityAssociation,knowledge_assertion,manual_agent,https://purl.humanatlas.io/collection/hra
HGNC:2959,biolink:expressed_in,CL:1001033,biolink:GeneToEntityAssociation,knowledge_assertion,manual_agent,https://purl.humanatlas.io/collection/hra
HGNC:2959,biolink:expressed_in,CL:1001131,biolink:GeneToEntityAssociation,knowledge_assertion,manual_agent,https://purl.humanatlas.io/collection/hra
HGNC:29853,biolink:expressed_in,CL:1001005,biolink:GeneToEntityAssociation,knowledge_assertion,manual_agent,https://purl.humanatlas.io/collection/hra
HGNC:30125,biolink:expressed_in,CL:0000786,biolink:GeneToEntityAssociation,knowledge_assertion,manual_agent,https://purl.humanatlas.io/collection/hra
HGNC:3145,biolink:expressed_in,CL:4030017,biolink:GeneToEntityAssociation,knowledge_assertion,manual_agent,https://purl.humanatlas.io/collection/hra
HGNC:3145,biolink:expressed_in,CL:1000768,biolink:GeneToEntityAssociation,knowledge_assertion,manual_agent,https://purl.humanatlas.io/collection/hra
HGNC:32017,biolink:expressed_in,CL:4030010,biolink:GeneToEntityAssociation,knowledge_assertion,manual_agent,https://purl.humanatlas.io/collection/hra
HGNC:3244,biolink:expressed_in,CL:1001005,biolink:GeneToEntityAssociation,knowledge_assertion,manual_agent,https://purl.humanatlas.io/collection/hra
HGNC:33705,biolink:expressed_in,CL:1001109,biolink:GeneToEntityAssociation,knowledge_assertion,manual_agent,https://purl.humanatlas.io/collection/hra
HGNC:3609,biolink:expressed_in,CL:0001056,biolink:GeneToEntityAssociation,knowledge_assertion,manual_agent,https://purl.humanatlas.io/collection/hra
HGNC:3619,biolink:expressed_in,CL:0000875,biolink:GeneToEntityAssociation,knowledge_assertion,manual_agent,https://purl.humanatlas.io/collection/hra
HGNC:3620,biolink:expressed_in,CL:0000775,biolink:GeneToEntityAssociation,knowledge_assertion,manual_agent,https://purl.humanatlas.io/collection/hra
HGNC:3763,biolink:expressed_in,CL:1001005,biolink:GeneToEntityAssociation,knowledge_assertion,manual_agent,https://purl.humanatlas.io/collection/hra
HGNC:3763,biolink:expressed_in,CL:0000115,biolink:GeneToEntityAssociation,knowledge_assertion,manual_agent,https://purl.humanatlas.io/collection/hra
HGNC:3765,biolink:expressed_in,CL:0000990,biolink:GeneToEntityAssociation,knowledge_assertion,manual_agent,https://purl.humanatlas.io/collection/hra
HGNC:3765,biolink:expressed_in,CL:0001058,biolink:GeneToEntityAssociation,knowledge_assertion,manual_agent,https://purl.humanatlas.io/collection/hra
HGNC:3802,biolink:expressed_in,NCIT:capsule-mesenchymal-stromal-cell,biolink:GeneToEntityAssociation,knowledge_assertion,manual_agent,https://purl.humanatlas.io/collection/hra
HGNC:4028,biolink:expressed_in,CL:4030018,biolink:GeneToEntityAssociation,knowledge_assertion,manual_agent,https://purl.humanatlas.io/collection/hra
HGNC:4028,biolink:expressed_in,CL:1001431,biolink:GeneToEntityAssociation,knowledge_assertion,manual_agent,https://purl.humanatlas.io/collection/hra
HGNC:4028,biolink:expressed_in,CL:1000714,biolink:GeneToEntityAssociation,knowledge_assertion,manual_agent,https://purl.humanatlas.io/collection/hra
HGNC:4028,biolink:expressed_in,CL:1000716,biolink:GeneToEntityAssociation,knowledge_assertion,manual_agent,https://purl.humanatlas.io/collection/hra
HGNC:4028,biolink:expressed_in,NCIT:transitional-principal-intercalated-cell,biolink:GeneToEntityAssociation,knowledge_assertion,manual_agent,https://purl.humanatlas.io/collection/hra
HGNC:417,biolink:expressed_in,CL:0002306,biolink:GeneToEntityAssociation,knowledge_assertion,manual_agent,https://purl.humanatlas.io/collection/hra
HGNC:4172,biolink:expressed_in,CL:1000768,biolink:GeneToEntityAssociation,knowledge_assertion,manual_agent,https://purl.humanatlas.io/collection/hra
HGNC:4172,biolink:expressed_in,CL:1000454,biolink:GeneToEntityAssociation,knowledge_assertion,manual_agent,https://purl.humanatlas.io/collection/hra
HGNC:4172,biolink:expressed_in,CL:1001431,biolink:GeneToEntityAssociation,knowledge_assertion,manual_agent,https://purl.humanatlas.io/collection/hra
HGNC:4172,biolink:expressed_in,CL:1000714,biolink:GeneToEntityAssociation,knowledge_assertion,manual_agent,https://purl.humanatlas.io/collection/hra
HGNC:4172,biolink:expressed_in,CL:1000716,biolink:GeneToEntityAssociation,knowledge_assertion,manual_agent,https://purl.humanatlas.io/collection/hra
HGNC:4175,biolink:expressed_in,CL:0002306,biolink:GeneToEntityAssociation,knowledge_assertion,manual_agent,https://purl.humanatlas.io/collection/hra
HGNC:4414,biolink:expressed_in,CL:0000623,biolink:GeneToEntityAssociation,knowledge_assertion,manual_agent,https://purl.humanatlas.io/collection/hra
HGNC:4414,biolink:expressed_in,CL:0000814,biolink:GeneToEntityAssociation,knowledge_assertion,manual_agent,https://purl.humanatlas.io/collection/hra
HGNC:4460,biolink:expressed_in,CL:1001131,biolink:GeneToEntityAssociation,knowledge_assertion,manual_agent,https://purl.humanatlas.io/collection/hra
HGNC:4554,biolink:expressed_in,CL:1000597,biolink:GeneToEntityAssociation,knowledge_assertion,manual_agent,https://purl.humanatlas.io/collection/hra
HGNC:4708,biolink:expressed_in,CL:0000623,biolink:GeneToEntityAssociation,knowledge_assertion,manual_agent,https://purl.humanatlas.io/collection/hra
HGNC:4708,biolink:expressed_in,CL:0000814,biolink:GeneToEntityAssociation,knowledge_assertion,manual_agent,https://purl.humanatlas.io/collection/hra
HGNC:4708,biolink:expressed_in,CL:0000910,biolink:GeneToEntityAssociation,knowledge_assertion,manual_agent,https://purl.humanatlas.io/collection/hra
HGNC:4883,biolink:expressed_in,CL:1000452,biolink:GeneToEntityAssociation,knowledge_assertion,manual_agent,https://purl.humanatlas.io/collection/hra
HGNC:4942,biolink:expressed_in,NCIT:monocyte-derived-cell,biolink:GeneToEntityAssociation,knowledge_assertion,manual_agent,https://purl.humanatlas.io/collection/hra
HGNC:4947,biolink:expressed_in,CL:1000695,biolink:GeneToEntityAssociation,knowledge_assertion,manual_agent,https://purl.humanatlas.io/collection/hra
HGNC:4947,biolink:expressed_in,CL:0000875,biolink:GeneToEntityAssociation,knowledge_assertion,manual_agent,https://purl.humanatlas.io/collection/hra
HGNC:4947,biolink:expressed_in,CL:0001056,biolink:GeneToEntityAssociation,knowledge_assertion,manual_agent,https://purl.humanatlas.io/collection/hra
HGNC:4947,biolink:expressed_in,CL:0000576,biolink:GeneToEntityAssociation,knowledge_assertion,manual_agent,https://purl.humanatlas.io/collection/hra
HGNC:4947,biolink:expressed_in,CL:0000236,biolink:GeneToEntityAssociation,knowledge_assertion,manual_agent,https://purl.humanatlas.io/collection/hra
HGNC:4948,biolink:expressed_in,NCIT:monocyte-derived-cell,biolink:GeneToEntityAssociation,knowledge_assertion,manual_agent,https://purl.humanatlas.io/collection/hra
HGNC:5209,biolink:expressed_in,CL:4030017,biolink:GeneToEntityAssociation,knowledge_assertion,manual_agent,https://purl.humanatlas.io/collection/hra
HGNC:5209,biolink:expressed_in,CL:1000768,biolink:GeneToEntityAssociation,knowledge_assertion,manual_agent,https://purl.humanatlas.io/collection/hra
HGNC:5318,biolink:expressed_in,CL:4030022,biolink:GeneToEntityAssociation,knowledge_assertion,manual_agent,https://purl.humanatlas.io/collection/hra
HGNC:5360,biolink:expressed_in,CL:4030012,biolink:GeneToEntityAssociation,knowledge_assertion,manual_agent,https://purl.humanatlas.io/collection/hra
HGNC:5713,biolink:expressed_in,CL:0000236,biolink:GeneToEntityAssociation,knowledge_assertion,manual_agent,https://purl.humanatlas.io/collection/hra
HGNC:5713,biolink:expressed_in,CL:0000786,biolink:GeneToEntityAssociation,knowledge_assertion,manual_agent,https://purl.humanatlas.io/collection/hra
HGNC:5716,biolink:expressed_in,CL:0000786,biolink:GeneToEntityAssociation,knowledge_assertion,manual_agent,https://purl.humanatlas.io/collection/hra
HGNC:6012,biolink:expressed_in,CL:0001058,biolink:GeneToEntityAssociation,knowledge_assertion,manual_agent,https://purl.humanatlas.io/collection/hra
HGNC:6024,biolink:expressed_in,CL:1000695,biolink:GeneToEntityAssociation,knowledge_assertion,manual_agent,https://purl.humanatlas.io/collection/hra
HGNC:6093,biolink:expressed_in,CL:4030021,biolink:GeneToEntityAssociation,knowledge_assertion,manual_agent,https://purl.humanatlas.io/collection/hra
HGNC:6106,biolink:expressed_in,CL:0000815,biolink:GeneToEntityAssociation,knowledge_assertion,manual_agent,https://purl.humanatlas.io/collection/hra
HGNC:613,biolink:expressed_in,CL:0001056,biolink:GeneToEntityAssociation,knowledge_assertion,manual_agent,https://purl.humanatlas.io/collection/hra
HGNC:6144,biolink:expressed_in,CL:1000742,biolink:GeneToEntityAssociation,knowledge_assertion,manual_agent,https://purl.humanatlas.io/collection/hra
HGNC:6152,biolink:expressed_in,CL:1000695,biolink:GeneToEntityAssociation,knowledge_assertion,manual_agent,https://purl.humanatlas.io/collection/hra
HGNC:6152,biolink:expressed_in,CL:0000990,biolink:GeneToEntityAssociation,knowledge_assertion,manual_agent,https://purl.humanatlas.io/collection/hra
HGNC:6152,biolink:expressed_in,CL:0000576,biolink:GeneToEntityAssociation,knowledge_assertion,manual_agent,https://purl.humanatlas.io/collection/hra
HGNC:6152,biolink:expressed_in,NCIT:monocyte-derived-cell,biolink:GeneToEntityAssociation,knowledge_assertion,manual_agent,https://purl.humanatlas.io/collection/hra
HGNC:6188,biolink:expressed_in,CL:4030012,biolink:GeneToEntityAssociation,knowledge_assertion,manual_agent,https://purl.humanatlas.io/collection/hra
HGNC:6277,biolink:expressed_in,CL:4030022,biolink:GeneToEntityAssociation,knowledge_assertion,manual_agent,https://purl.humanatlas.io/collection/hra
HGNC:633,biolink:expressed_in,CL:1001005,biolink:GeneToEntityAssociation,knowledge_assertion,manual_agent,https://purl.humanatlas.io/collection/hra
HGNC:633,biolink:expressed_in,CL:4030011,biolink:GeneToEntityAssociation,knowledge_assertion,manual_agent,https://purl.humanatlas.io/collection/hra
HGNC:633,biolink:expressed_in,CL:4030013,biolink:GeneToEntityAssociation,knowledge_assertion,manual_agent,https://purl.humanatlas.io/collection/hra
HGNC:634,biolink:expressed_in,CL:4030018,biolink:GeneToEntityAssociation,knowledge_assertion,manual_agent,https://purl.humanatlas.io/collection/hra
HGNC:634,biolink:expressed_in,CL:1001431,biolink:GeneToEntityAssociation,knowledge_assertion,manual_agent,https://purl.humanatlas.io/collection/hra
HGNC:634,biolink:expressed_in,CL:1000714,biolink:GeneToEntityAssociation,knowledge_assertion,manual_agent,https://purl.humanatlas.io/collection/hra
HGNC:634,biolink:expressed_in,CL:1000716,biolink:GeneToEntityAssociation,knowledge_assertion,manual_agent,https://purl.humanatlas.io/collection/hra
HGNC:634,biolink:expressed_in,CL:1000718,biolink:GeneToEntityAssociation,knowledge_assertion,manual_agent,https://purl.humanatlas.io/collection/hra
HGNC:6342,biolink:expressed_in,CL:4030015,biolink:GeneToEntityAssociation,knowledge_assertion,manual_agent,https://purl.humanatlas.io/collection/hra
HGNC:6342,biolink:expressed_in,CL:1000715,biolink:GeneToEntityAssociation,knowledge_assertion,manual_agent,https://purl.humanatlas.io/collection/hra
HGNC:6342,biolink:expressed_in,CL:1000717,biolink:GeneToEntityAssociation,knowledge_assertion,manual_agent,https://purl.humanatlas.io/collection/hra
HGNC:6342,biolink:expressed_in,CL:0000097,biolink:GeneToEntityAssociation,knowledge_assertion,manual_agent,https://purl.humanatlas.io/collection/hra
HGNC:636,biolink:expressed_in,CL:4030018,biolink:GeneToEntityAssociation,knowledge_assertion,manual_agent,https://purl.humanatlas.io/collection/hra
HGNC:636,biolink:expressed_in,CL:1001431,biolink:GeneToEntityAssociation,knowledge_assertion,manual_agent,https://purl.humanatlas.io/collection/hra
HGNC:636,biolink:expressed_in,CL:1000714,biolink:GeneToEntityAssociation,knowledge_assertion,manual_agent,https://purl.humanatlas.io/collection/hra
HGNC:636,biolink:expressed_in,CL:1000716,biolink:GeneToEntityAssociation,knowledge_assertion,manual_agent,https://purl.humanatlas.io/collection/hra
HGNC:639,biolink:expressed_in,CL:4030020,biolink:GeneToEntityAssociation,knowledge_assertion,manual_agent,https://purl.humanatlas.io/collection/hra
HGNC:639,biolink:expressed_in,CL:4030015,biolink:GeneToEntityAssociation,knowledge_assertion,manual_agent,https://purl.humanatlas.io/collection/hra
HGNC:639,biolink:expressed_in,CL:1000715,biolink:GeneToEntityAssociation,knowledge_assertion,manual_agent,https://purl.humanatlas.io/collection/hra
HGNC:6442,biolink:expressed_in,CL:1000597,biolink:GeneToEntityAssociation,knowledge_assertion,manual_agent,https://purl.humanatlas.io/collection/hra
HGNC:6446,biolink:expressed_in,CL:1000454,biolink:GeneToEntityAssociation,knowledge_assertion,manual_agent,https://purl.humanatlas.io/collection/hra
HGNC:6694,biolink:expressed_in,CL:0002306,biolink:GeneToEntityAssociation,knowledge_assertion,manual_agent,https://purl.humanatlas.io/collection/hra
HGNC:6724,biolink:expressed_in,CL:1000692,biolink:GeneToEntityAssociation,knowledge_assertion,manual_agent,https://purl.humanatlas.io/collection/hra
HGNC:6934,biolink:expressed_in,CL:1001318,biolink:GeneToEntityAssociation,knowledge_assertion,manual_agent,https://purl.humanatlas.io/collection/hra
HGNC:6934,biolink:expressed_in,CL:0019018,biolink:GeneToEntityAssociation,knowledge_assertion,manual_agent,https://purl.humanatlas.io/collection/hra
HGNC:7178,biolink:expressed_in,CL:0002138,biolink:GeneToEntityAssociation,knowledge_assertion,manual_agent,https://purl.humanatlas.io/collection/hra
HGNC:7228,biolink:expressed_in,CL:1000695,biolink:GeneToEntityAssociation,knowledge_assertion,manual_agent,https://purl.humanatlas.io/collection/hra
HGNC:7315,biolink:expressed_in,CL:0000236,biolink:GeneToEntityAssociation,knowledge_assertion,manual_agent,https://purl.humanatlas.io/collection/hra
HGNC:7316,biolink:expressed_in,CL:0000097,biolink:GeneToEntityAssociation,knowledge_assertion,manual_agent,https://purl.humanatlas.io/collection/hra
HGNC:7376,biolink:expressed_in,NCIT:monocyte-derived-cell,biolink:GeneToEntityAssociation,knowledge_assertion,manual_agent,https://purl.humanatlas.io/collection/hra
HGNC:7569,biolink:expressed_in,CL:1001318,biolink:GeneToEntityAssociation,knowledge_assertion,manual_agent,https://purl.humanatlas.io/collection/hra
HGNC:7569,biolink:expressed_in,CL:0019018,biolink:GeneToEntityAssociation,knowledge_assertion,manual_agent,https://purl.humanatlas.io/collection/hra
HGNC:7656,biolink:expressed_in,CL:4030022,biolink:GeneToEntityAssociation,knowledge_assertion,manual_agent,https://purl.humanatlas.io/collection/hra
HGNC:7830,biolink:expressed_in,CL:0000623,biolink:GeneToEntityAssociation,knowledge_assertion,manual_agent,https://purl.humanatlas.io/collection/hra
HGNC:7830,biolink:expressed_in,CL:0000814,biolink:GeneToEntityAssociation,knowledge_assertion,manual_agent,https://purl.humanatlas.io/collection/hra
HGNC:7872,biolink:expressed_in,CL:1000850,biolink:GeneToEntityAssociation,knowledge_assertion,manual_agent,https://purl.humanatlas.io/collection/hra
HGNC:7908,biolink:expressed_in,CL:0000653,biolink:GeneToEntityAssociation,knowledge_assertion,manual_agent,https://purl.humanatlas.io/collection/hra
HGNC:7976,biolink:expressed_in,CL:1001131,biolink:GeneToEntityAssociation,knowledge_assertion,manual_agent,https://purl.humanatlas.io/collection/hra
HGNC:799,biolink:expressed_in,CL:1001106,biolink:GeneToEntityAssociation,knowledge_assertion,manual_agent,https://purl.humanatlas.io/collection/hra
HGNC:799,biolink:expressed_in,CL:1001109,biolink:GeneToEntityAssociation,knowledge_assertion,manual_agent,https://purl.humanatlas.io/collection/hra
HGNC:799,biolink:expressed_in,CL:1001108,biolink:GeneToEntityAssociation,knowledge_assertion,manual_agent,https://purl.humanatlas.io/collection/hra
HGNC:799,biolink:expressed_in,CL:1000850,biolink:GeneToEntityAssociation,knowledge_assertion,manual_agent,https://purl.humanatlas.io/collection/hra
HGNC:799,biolink:expressed_in,CL:1000849,biolink:GeneToEntityAssociation,knowledge_assertion,manual_agent,https://purl.humanatlas.io/collection/hra
HGNC:8031,biolink:expressed_in,CL:0002201,biolink:GeneToEntityAssociation,knowledge_assertion,manual_agent,https://purl.humanatlas.io/collection/hra
HGNC:8033,biolink:expressed_in,CL:1001318,biolink:GeneToEntityAssociation,knowledge_assertion,manual_agent,https://purl.humanatlas.io/collection/hra
HGNC:8033,biolink:expressed_in,CL:0019018,biolink:GeneToEntityAssociation,knowledge_assertion,manual_agent,https://purl.humanatlas.io/collection/hra
HGNC:8076,biolink:expressed_in,CL:4030020,biolink:GeneToEntityAssociation,knowledge_assertion,manual_agent,https://purl.humanatlas.io/collection/hra
HGNC:8804,biolink:expressed_in,CL:1000742,biolink:GeneToEntityAssociation,knowledge_assertion,manual_agent,https://purl.humanatlas.io/collection/hra
HGNC:8818,biolink:expressed_in,CL:4030021,biolink:GeneToEntityAssociation,knowledge_assertion,manual_agent,https://purl.humanatlas.io/collection/hra
HGNC:8818,biolink:expressed_in,CL:0002201,biolink:GeneToEntityAssociation,knowledge_assertion,manual_agent,https://purl.humanatlas.io/collection/hra
HGNC:8818,biolink:expressed_in,CL:1000715,biolink:GeneToEntityAssociation,knowledge_assertion,manual_agent,https://purl.humanatlas.io/collection/hra
HGNC:8823,biolink:expressed_in,CL:0000071,biolink:GeneToEntityAssociation,knowledge_assertion,manual_agent,https://purl.humanatlas.io/collection/hra
HGNC:8823,biolink:expressed_in,CL:0000115,biolink:GeneToEntityAssociation,knowledge_assertion,manual_agent,https://purl.humanatlas.io/collection/hra
HGNC:8823,biolink:expressed_in,CL:1001096,biolink:GeneToEntityAssociation,knowledge_assertion,manual_agent,https://purl.humanatlas.io/collection/hra
HGNC:8823,biolink:expressed_in,CL:1001099,biolink:GeneToEntityAssociation,knowledge_assertion,manual_agent,https://purl.humanatlas.io/collection/hra
HGNC:8823,biolink:expressed_in,CL:1001033,biolink:GeneToEntityAssociation,knowledge_assertion,manual_agent,https://purl.humanatlas.io/collection/hra
HGNC:8823,biolink:expressed_in,CL:1001285,biolink:GeneToEntityAssociation,knowledge_assertion,manual_agent,https://purl.humanatlas.io/collection/hra
HGNC:8823,biolink:expressed_in,CL:1001131,biolink:GeneToEntityAssociation,knowledge_assertion,manual_agent,https://purl.humanatlas.io/collection/hra
HGNC:8823,biolink:expressed_in,CL:0002138,biolink:GeneToEntityAssociation,knowledge_assertion,manual_agent,https://purl.humanatlas.io/collection/hra
HGNC:8951,biolink:expressed_in,CL:1001285,biolink:GeneToEntityAssociation,knowledge_assertion,manual_agent,https://purl.humanatlas.io/collection/hra
HGNC:8951,biolink:expressed_in,CL:1001096,biolink:GeneToEntityAssociation,knowledge_assertion,manual_agent,https://purl.humanatlas.io/collection/hra
HGNC:8951,biolink:expressed_in,CL:1001099,biolink:GeneToEntityAssociation,knowledge_assertion,manual_agent,https://purl.humanatlas.io/collection/hra
HGNC:9051,biolink:expressed_in,CL:1001005,biolink:GeneToEntityAssociation,knowledge_assertion,manual_agent,https://purl.humanatlas.io/collection/hra
HGNC:9171,biolink:expressed_in,CL:0000653,biolink:GeneToEntityAssociation,knowledge_assertion,manual_agent,https://purl.humanatlas.io/collection/hra
HGNC:9453,biolink:expressed_in,CL:4030009,biolink:GeneToEntityAssociation,knowledge_assertion,manual_agent,https://purl.humanatlas.io/collection/hra
HGNC:9459,biolink:expressed_in,CL:1001107,biolink:GeneToEntityAssociation,knowledge_assertion,manual_agent,https://purl.humanatlas.io/collection/hra
HGNC:9459,biolink:expressed_in,CL:1001108,biolink:GeneToEntityAssociation,knowledge_assertion,manual_agent,https://purl.humanatlas.io/collection/hra
HGNC:9459,biolink:expressed_in,CL:0002138,biolink:GeneToEntityAssociation,knowledge_assertion,manual_agent,https://purl.humanatlas.io/collection/hra
HGNC:9666,biolink:expressed_in,CL:0000738,biolink:GeneToEntityAssociation,knowledge_assertion,manual_agent,https://purl.humanatlas.io/collection/hra
HGNC:9679,biolink:expressed_in,CL:0000653,biolink:GeneToEntityAssociation,knowledge_assertion,manual_agent,https://purl.humanatlas.io/collection/hra
HGNC:9845,biolink:expressed_in,CL:1001033,biolink:GeneToEntityAssociation,knowledge_assertion,manual_agent,https://purl.humanatlas.io/collection/hra
HGNC:9858,biolink:expressed_in,CL:1001108,biolink:GeneToEntityAssociation,knowledge_assertion,manual_agent,https://purl.humanatlas.io/collection/hra
HGNC:9958,biolink:expressed_in,CL:0000648,biolink:GeneToEntityAssociation,knowledge_assertion,manual_agent,https://purl.humanatlas.io/collection/hra
CL:0000057,biolink:located_in,UBERON:0004639,biolink:CellToAnatomicalEntityAssociation,knowledge_assertion,manual_agent,https://purl.humanatlas.io/collection/hra
CL:0000057,biolink:located_in,UBERON:0004640,biolink:CellToAnatomicalEntityAssociation,knowledge_assertion,manual_agent,https://purl.humanatlas.io/collection/hra
CL:0000071,biolink:located_in,UBERON:0004639,biolink:CellToAnatomicalEntityAssociation,knowledge_assertion,manual_agent,https://purl.humanatlas.io/collection/hra
CL:0000071,biolink:located_in,UBERON:0004212,biolink:CellToAnatomicalEntityAssociation,knowledge_assertion,manual_agent,https://purl.humanatlas.io/collection/hra
CL:0000071,biolink:located_in,UBERON:0004640,biolink:CellToAnatomicalEntityAssociation,knowledge_assertion,manual_agent,https://purl.humanatlas.io/collection/hra
CL:0000071,biolink:located_in,UBERON:0009202,biolink:CellToAnatomicalEntityAssociation,knowledge_assertion,manual_agent,https://purl.humanatlas.io/collection/hra
CL:0000071,biolink:located_in,UBERON:0004726,biolink:CellToAnatomicalEntityAssociation,knowledge_assertion,manual_agent,https://purl.humanatlas.io/collection/hra
CL:0000071,biolink:located_in,UBERON:0005272,biolink:CellToAnatomicalEntityAssociation,knowledge_assertion,manual_agent,https://purl.humanatlas.io/collection/hra
CL:0000071,biolink:located_in,UBERON:0009091,biolink:CellToAnatomicalEntityAssociation,knowledge_assertion,manual_agent,https://purl.humanatlas.io/collection/hra
CL:0000084,biolink:located_in,UBERON:0005215,biolink:CellToAnatomicalEntityAssociation,knowledge_assertion,manual_agent,https://purl.humanatlas.io/collection/hra
CL:0000097,biolink:located_in,UBERON:0005215,biolink:CellToAnatomicalEntityAssociation,knowledge_assertion,manual_agent,https://purl.humanatlas.io/collection/hra
CL:0000115,biolink:located_in,UBERON:0001986,biolink:CellToAnatomicalEntityAssociation,knowledge_assertion,manual_agent,https://purl.humanatlas.io/collection/hra
CL:0000236,biolink:located_in,UBERON:0005215,biolink:CellToAnatomicalEntityAssociation,knowledge_assertion,manual_agent,https://purl.humanatlas.io/collection/hra
CL:0000359,biolink:located_in,UBERON:0004639,biolink:CellToAnatomicalEntityAssociation,knowledge_assertion,manual_agent,https://purl.humanatlas.io/collection/hra
CL:0000359,biolink:located_in,UBERON:0004640,biolink:CellToAnatomicalEntityAssociation,knowledge_assertion,manual_agent,https://purl.humanatlas.io/collection/hra
CL:0000576,biolink:located_in,UBERON:0005215,biolink:CellToAnatomicalEntityAssociation,knowledge_assertion,manual_agent,https://purl.humanatlas.io/collection/hra
CL:0000623,biolink:located_in,UBERON:0005215,biolink:CellToAnatomicalEntityAssociation,knowledge_assertion,manual_agent,https://purl.humanatlas.io/collection/hra
CL:0000648,biolink:located_in,UBERON:0002303,biolink:CellToAnatomicalEntityAssociation,knowledge_assertion,manual_agent,https://purl.humanatlas.io/collection/hra
CL:0000653,biolink:located_in,UBERON:0005751,biolink:CellToAnatomicalEntityAssociation,knowledge_assertion,manual_agent,https://purl.humanatlas.io/collection/hra
CL:0000738,biolink:located_in,UBERON:0005215,biolink:CellToAnatomicalEntityAssociation,knowledge_assertion,manual_agent,https://purl.humanatlas.io/collection/hra
CL:0000775,biolink:located_in,UBERON:0005215,biolink:CellToAnatomicalEntityAssociation,knowledge_assertion,manual_agent,https://purl.humanatlas.io/collection/hra
CL:0000786,biolink:located_in,UBERON:0005215,biolink:CellToAnatomicalEntityAssociation,knowledge_assertion,manual_agent,https://purl.humanatlas.io/collection/hra
CL:0000814,biolink:located_in,UBERON:0005215,biolink:CellToAnatomicalEntityAssociation,knowledge_assertion,manual_agent,https://purl.humanatlas.io/collection/hra
CL:0000815,biolink:located_in,UBERON:0005215,biolink:CellToAnatomicalEntityAssociation,knowledge_assertion,manual_agent,https://purl.humanatlas.io/collection/hra
CL:0000875,biolink:located_in,UBERON:0005215,biolink:CellToAnatomicalEntityAssociation,knowledge_assertion,manual_agent,https://purl.humanatlas.io/collection/hra
CL:0000910,biolink:located_in,UBERON:0005215,biolink:CellToAnatomicalEntityAssociation,knowledge_assertion,manual_agent,https://purl.humanatlas.io/collection/hra
CL:0000990,biolink:located_in,UBERON:0005215,biolink:CellToAnatomicalEntityAssociation,knowledge_assertion,manual_agent,https://purl.humanatlas.io/collection/hra
CL:0001056,biolink:located_in,UBERON:0005215,biolink:CellToAnatomicalEntityAssociation,knowledge_assertion,manual_agent,https://purl.humanatlas.io/collection/hra
CL:0001058,biolink:located_in,UBERON:0005215,biolink:CellToAnatomicalEntityAssociation,knowledge_assertion,manual_agent,https://purl.humanatlas.io/collection/hra
CL:0002138,biolink:located_in,UBERON:0002042,biolink:CellToAnatomicalEntityAssociation,knowledge_assertion,manual_agent,https://purl.humanatlas.io/collection/hra
CL:0002201,biolink:located_in,UBERON:0001232,biolink:CellToAnatomicalEntityAssociation,knowledge_assertion,manual_agent,https://purl.humanatlas.io/collection/hra
CL:0002306,biolink:located_in,UBERON:0004134,biolink:CellToAnatomicalEntityAssociation,knowledge_assertion,manual_agent,https://purl.humanatlas.io/collection/hra
CL:0019018,biolink:located_in,UBERON:0003517,biolink:CellToAnatomicalEntityAssociation,knowledge_assertion,manual_agent,https://purl.humanatlas.io/collection/hra
CL:1000452,biolink:located_in,UBERON:0005750,biolink:CellToAnatomicalEntityAssociation,knowledge_assertion,manual_agent,https://purl.humanatlas.io/collection/hra
CL:1000454,biolink:located_in,UBERON:0001232,biolink:CellToAnatomicalEntityAssociation,knowledge_assertion,manual_agent,https://purl.humanatlas.io/collection/hra
CL:1000597,biolink:located_in,NCIT:papillary-tip-epithelium,biolink:CellToAnatomicalEntityAssociation,knowledge_assertion,manual_agent,https://purl.humanatlas.io/collection/hra
CL:1000691,biolink:located_in,UBERON:0005215,biolink:CellToAnatomicalEntityAssociation,knowledge_assertion,manual_agent,https://purl.humanatlas.io/collection/hra
CL:1000692,biolink:located_in,UBERON:0005215,biolink:CellToAnatomicalEntityAssociation,knowledge_assertion,manual_agent,https://purl.humanatlas.io/collection/hra
CL:1000695,biolink:located_in,UBERON:0005215,biolink:CellToAnatomicalEntityAssociation,knowledge_assertion,manual_agent,https://purl.humanatlas.io/collection/hra
CL:1000714,biolink:located_in,UBERON:0004203,biolink:CellToAnatomicalEntityAssociation,knowledge_assertion,manual_agent,https://purl.humanatlas.io/collection/hra
CL:1000715,biolink:located_in,UBERON:0004203,biolink:CellToAnatomicalEntityAssociation,knowledge_assertion,manual_agent,https://purl.humanatlas.io/collection/hra
CL:1000716,biolink:located_in,UBERON:0004204,biolink:CellToAnatomicalEntityAssociation,knowledge_assertion,manual_agent,https://purl.humanatlas.io/collection/hra
CL:1000717,biolink:located_in,UBERON:0004204,biolink:CellToAnatomicalEntityAssociation,knowledge_assertion,manual_agent,https://purl.humanatlas.io/collection/hra
CL:1000718,biolink:located_in,UBERON:0004205,biolink:CellToAnatomicalEntityAssociation,knowledge_assertion,manual_agent,https://purl.humanatlas.io/collection/hra
CL:1000718,biolink:located_in,UBERON:0009095,biolink:CellToAnatomicalEntityAssociation,knowledge_assertion,manual_agent,https://purl.humanatlas.io/collection/hra
CL:1000742,biolink:located_in,UBERON:0002320,biolink:CellToAnatomicalEntityAssociation,knowledge_assertion,manual_agent,https://purl.humanatlas.io/collection/hra
CL:1000768,biolink:located_in,UBERON:0005097,biolink:CellToAnatomicalEntityAssociation,knowledge_assertion,manual_agent,https://purl.humanatlas.io/collection/hra
CL:1000849,biolink:located_in,UBERON:0001292,biolink:CellToAnatomicalEntityAssociation,knowledge_assertion,manual_agent,https://purl.humanatlas.io/collection/hra
CL:1000850,biolink:located_in,UBERON:0002335,biolink:CellToAnatomicalEntityAssociation,knowledge_assertion,manual_agent,https://purl.humanatlas.io/collection/hra
CL:1001005,biolink:located_in,UBERON:0004294,biolink:CellToAnatomicalEntityAssociation,knowledge_assertion,manual_agent,https://purl.humanatlas.io/collection/hra
CL:1001033,biolink:located_in,UBERON:0012441,biolink:CellToAnatomicalEntityAssociation,knowledge_assertion,manual_agent,https://purl.humanatlas.io/collection/hra
CL:1001096,biolink:located_in,UBERON:0004639,biolink:CellToAnatomicalEntityAssociation,knowledge_assertion,manual_agent,https://purl.humanatlas.io/collection/hra
CL:1001099,biolink:located_in,UBERON:0004640,biolink:CellToAnatomicalEntityAssociation,knowledge_assertion,manual_agent,https://purl.humanatlas.io/collection/hra
CL:1001106,biolink:located_in,UBERON:0001291,biolink:CellToAnatomicalEntityAssociation,knowledge_assertion,manual_agent,https://purl.humanatlas.io/collection/hra
CL:1001107,biolink:located_in,UBERON:0004193,biolink:CellToAnatomicalEntityAssociation,knowledge_assertion,manual_agent,https://purl.humanatlas.io/collection/hra
CL:1001108,biolink:located_in,UBERON:0001291,biolink:CellToAnatomicalEntityAssociation,knowledge_assertion,manual_agent,https://purl.humanatlas.io/collection/hra
CL:1001109,biolink:located_in,UBERON:0001291,biolink:CellToAnatomicalEntityAssociation,knowledge_assertion,manual_agent,https://purl.humanatlas.io/collection/hra
CL:1001111,biolink:located_in,UBERON:0005096,biolink:CellToAnatomicalEntityAssociation,knowledge_assertion,manual_agent,https://purl.humanatlas.io/collection/hra
CL:1001131,biolink:located_in,UBERON:0001986,biolink:CellToAnatomicalEntityAssociation,knowledge_assertion,manual_agent,https://purl.humanatlas.io/collection/hra
CL:1001285,biolink:located_in,UBERON:0009202,biolink:CellToAnatomicalEntityAssociation,knowledge_assertion,manual_agent,https://purl.humanatlas.io/collection/hra
CL:1001285,biolink:located_in,UBERON:0001986,biolink:CellToAnatomicalEntityAssociation,knowledge_assertion,manual_agent,https://purl.humanatlas.io/collection/hra
CL:1001318,biolink:located_in,UBERON:0003517,biolink:CellToAnatomicalEntityAssociation,knowledge_assertion,manual_agent,https://purl.humanatlas.io/collection/hra
CL:1001431,biolink:located_in,UBERON:0001232,biolink:CellToAnatomicalEntityAssociation,knowledge_assertion,manual_agent,https://purl.humanatlas.io/collection/hra
CL:1001432,biolink:located_in,UBERON:0001232,biolink:CellToAnatomicalEntityAssociation,knowledge_assertion,manual_agent,https://purl.humanatlas.io/collection/hra
CL:4030009,biolink:located_in,UBERON:0004196,biolink:CellToAnatomicalEntityAssociation,knowledge_assertion,manual_agent,https://purl.humanatlas.io/collection/hra
CL:4030010,biolink:located_in,UBERON:0004197,biolink:CellToAnatomicalEntityAssociation,knowledge_assertion,manual_agent,https://purl.humanatlas.io/collection/hra
CL:4030011,biolink:located_in,UBERON:0001290,biolink:CellToAnatomicalEntityAssociation,knowledge_assertion,manual_agent,https://purl.humanatlas.io/collection/hra
CL:4030012,biolink:located_in,UBERON:0005099,biolink:CellToAnatomicalEntityAssociation,knowledge_assertion,manual_agent,https://purl.humanatlas.io/collection/hra
CL:4030013,biolink:located_in,UBERON:8600036,biolink:CellToAnatomicalEntityAssociation,knowledge_assertion,manual_agent,https://purl.humanatlas.io/collection/hra
CL:4030014,biolink:located_in,UBERON:8600037,biolink:CellToAnatomicalEntityAssociation,knowledge_assertion,manual_agent,https://purl.humanatlas.io/collection/hra
CL:4030015,biolink:located_in,UBERON:0001232,biolink:CellToAnatomicalEntityAssociation,knowledge_assertion,manual_agent,https://purl.humanatlas.io/collection/hra
CL:4030016,biolink:located_in,UBERON:0001292,biolink:CellToAnatomicalEntityAssociation,knowledge_assertion,manual_agent,https://purl.humanatlas.io/collection/hra
CL:4030017,biolink:located_in,UBERON:0001292,biolink:CellToAnatomicalEntityAssociation,knowledge_assertion,manual_agent,https://purl.humanatlas.io/collection/hra
CL:4030018,biolink:located_in,UBERON:0005097,biolink:CellToAnatomicalEntityAssociation,knowledge_assertion,manual_agent,https://purl.humanatlas.io/collection/hra
CL:4030019,biolink:located_in,UBERON:0005097,biolink:CellToAnatomicalEntityAssociation,knowledge_assertion,manual_agent,https://purl.humanatlas.io/collection/hra
CL:4030020,biolink:located_in,UBERON:0005097,biolink:CellToAnatomicalEntityAssociation,knowledge_assertion,manual_agent,https://purl.humanatlas.io/collection/hra
CL:4030021,biolink:located_in,UBERON:0005097,biolink:CellToAnatomicalEntityAssociation,knowledge_assertion,manual_agent,https://purl.humanatlas.io/collection/hra
CL:4030022,biolink:located_in,UBERON:0005215,biolink:CellToAnatomicalEntityAssociation,knowledge_assertion,manual_agent,https://purl.humanatlas.io/collection/hra
NCIT:capsule-mesenchymal-stromal-cell,biolink:located_in,UBERON:0002015,biolink:CellToAnatomicalEntityAssociation,knowledge_assertion,manual_agent,https://purl.humanatlas.io/collection/hra
NCIT:monocyte-derived-cell,biolink:located_in,UBERON:0005215,biolink:CellToAnatomicalEntityAssociation,knowledge_assertion,manual_agent,https://purl.humanatlas.io/collection/hra
NCIT:transitional-principal-intercalated-cell,biolink:located_in,UBERON:0001232,biolink:CellToAnatomicalEntityAssociation,knowledge_assertion,manual_agent,https://purl.humanatlas.io/collection/hra
UBERON:0000074,biolink:part_of,UBERON:0001229,biolink:AnatomicalEntityToAnatomicalEntityAssociation,knowledge_assertion,manual_agent,https://purl.humanatlas.io/collection/hra
UBERON:0000074,biolink:part_of,UBERON:0002113,biolink:AnatomicalEntityToAnatomicalEntityAssociation,knowledge_assertion,manual_agent,https://purl.humanatlas.io/collection/hra
UBERON:0000074,biolink:part_of,UBERON:0001285,biolink:AnatomicalEntityToAnatomicalEntityAssociation,knowledge_assertion,manual_agent,https://purl.humanatlas.io/collection/hra
UBERON:0000074,biolink:part_of,UBERON:0000074,biolink:AnatomicalEntityToAnatomicalEntityAssociation,knowledge_assertion,manual_agent,https://purl.humanatlas.io/collection/hra
UBERON:0000362,biolink:part_of,UBERON:0002113,biolink:AnatomicalEntityToAnatomicalEntityAssociation,knowledge_assertion,manual_agent,https://purl.humanatlas.io/collection/hra
UBERON:0000362,biolink:part_of,UBERON:0000362,biolink:AnatomicalEntityToAnatomicalEntityAssociation,knowledge_assertion,manual_agent,https://purl.humanatlas.io/collection/hra
UBERON:0001225,biolink:part_of,UBERON:0002113,biolink:AnatomicalEntityToAnatomicalEntityAssociation,knowledge_assertion,manual_agent,https://purl.humanatlas.io/collection/hra
UBERON:0001225,biolink:part_of,UBERON:0001225,biolink:AnatomicalEntityToAnatomicalEntityAssociation,knowledge_assertion,manual_agent,https://purl.humanatlas.io/collection/hra
UBERON:0001228,biolink:part_of,UBERON:0001228,biolink:AnatomicalEntityToAnatomicalEntityAssociation,knowledge_assertion,manual_agent,https://purl.humanatlas.io/collection/hra
UBERON:0001228,biolink:part_of,UBERON:0001294,biolink:AnatomicalEntityToAnatomicalEntityAssociation,knowledge_assertion,manual_agent,https://purl.humanatlas.io/collection/hra
UBERON:0001228,biolink:part_of,UBERON:0002113,biolink:AnatomicalEntityToAnatomicalEntityAssociation,knowledge_assertion,manual_agent,https://purl.humanatlas.io/collection/hra
UBERON:0001228,biolink:part_of,UBERON:0000362,biolink:AnatomicalEntityToAnatomicalEntityAssociation,knowledge_assertion,manual_agent,https://purl.humanatlas.io/collection/hra
UBERON:0001229,biolink:part_of,UBERON:0001229,biolink:AnatomicalEntityToAnatomicalEntityAssociation,knowledge_assertion,manual_agent,https://purl.humanatlas.io/collection/hra
UBERON:0001229,biolink:part_of,UBERON:0002113,biolink:AnatomicalEntityToAnatomicalEntityAssociation,knowledge_assertion,manual_agent,https://purl.humanatlas.io/collection/hra
UBERON:0001229,biolink:part_of,UBERON:0001285,biolink:AnatomicalEntityToAnatomicalEntityAssociation,knowledge_assertion,manual_agent,https://purl.humanatlas.io/collection/hra
UBERON:0001231,biolink:part_of,UBERON:0001231,biolink:AnatomicalEntityToAnatomicalEntityAssociation,knowledge_assertion,manual_agent,https://purl.humanatlas.io/collection/hra
UBERON:0001231,biolink:part_of,UBERON:0002113,biolink:AnatomicalEntityToAnatomicalEntityAssociation,knowledge_assertion,manual_agent,https://purl.humanatlas.io/collection/hra
UBERON:0001231,biolink:part_of,UBERON:0001285,biolink:AnatomicalEntityToAnatomicalEntityAssociation,knowledge_assertion,manual_agent,https://purl.humanatlas.io/collection/hra
UBERON:0001232,biolink:part_of,UBERON:0004100,biolink:AnatomicalEntityToAnatomicalEntityAssociation,knowledge_assertion,manual_agent,https://purl.humanatlas.io/collection/hra
UBERON:0001232,biolink:part_of,UBERON:0002113,biolink:AnatomicalEntityToAnatomicalEntityAssociation,knowledge_assertion,manual_agent,https://purl.humanatlas.io/collection/hra
UBERON:0001232,biolink:part_of,UBERON:0001232,biolink:AnatomicalEntityToAnatomicalEntityAssociation,knowledge_assertion,manual_agent,https://purl.humanatlas.io/collection/hra
UBERON:0001284,biolink:part_of,UBERON:0001284,biolink:AnatomicalEntityToAnatomicalEntityAssociation,knowledge_assertion,manual_agent,https://purl.humanatlas.io/collection/hra
UBERON:0001284,biolink:part_of,UBERON:0002113,biolink:AnatomicalEntityToAnatomicalEntityAssociation,knowledge_assertion,manual_agent,https://purl.humanatlas.io/collection/hra
UBERON:0001284,biolink:part_of,UBERON:0001225,biolink:AnatomicalEntityToAnatomicalEntityAssociation,knowledge_assertion,manual_agent,https://purl.humanatlas.io/collection/hra
UBERON:0001285,biolink:part_of,UBERON:0002113,biolink:AnatomicalEntityToAnatomicalEntityAssociation,knowledge_assertion,manual_agent,https://purl.humanatlas.io/collection/hra
UBERON:0001285,biolink:part_of,UBERON:0001285,biolink:AnatomicalEntityToAnatomicalEntityAssociation,knowledge_assertion,manual_agent,https://purl.humanatlas.io/collection/hra
UBERON:0001289,biolink:part_of,UBERON:0004201,biolink:AnatomicalEntityToAnatomicalEntityAssociation,knowledge_assertion,manual_agent,https://purl.humanatlas.io/collection/hra
UBERON:0001289,biolink:part_of,UBERON:0001231,biolink:AnatomicalEntityToAnatomicalEntityAssociation,knowledge_assertion,manual_agent,https://purl.humanatlas.io/collection/hra
UBERON:0001289,biolink:part_of,UBERON:0002113,biolink:AnatomicalEntityToAnatomicalEntityAssociation,knowledge_assertion,manual_agent,https://purl.humanatlas.io/collection/hra
UBERON:0001289,biolink:part_of,UBERON:0000362,biolink:AnatomicalEntityToAnatomicalEntityAssociation,knowledge_assertion,manual_agent,https://purl.humanatlas.io/collection/hra
UBERON:0001289,biolink:part_of,UBERON:0001285,biolink:AnatomicalEntityToAnatomicalEntityAssociation,knowledge_assertion,manual_agent,https://purl.humanatlas.io/collection/hra
UBERON:0001289,biolink:part_of,UBERON:0001289,biolink:AnatomicalEntityToAnatomicalEntityAssociation,knowledge_assertion,manual_agent,https://purl.humanatlas.io/collection/hra
UBERON:0001290,biolink:part_of,UBERON:0001290,biolink:AnatomicalEntityToAnatomicalEntityAssociation,knowledge_assertion,manual_agent,https://purl.humanatlas.io/collection/hra
UBERON:0001290,biolink:part_of,UBERON:0001285,biolink:AnatomicalEntityToAnatomicalEntityAssociation,knowledge_assertion,manual_agent,https://purl.humanatlas.io/collection/hra
UBERON:0001290,biolink:part_of,UBERON:0002113,biolink:AnatomicalEntityToAnatomicalEntityAssociation,knowledge_assertion,manual_agent,https://purl.humanatlas.io/collection/hra
UBERON:0001290,biolink:part_of,UBERON:0001231,biolink:AnatomicalEntityToAnatomicalEntityAssociation,knowledge_assertion,manual_agent,https://purl.humanatlas.io/collection/hra
UBERON:0001290,biolink:part_of,UBERON:0004134,biolink:AnatomicalEntityToAnatomicalEntityAssociation,knowledge_assertion,manual_agent,https://purl.humanatlas.io/collection/hra
UBERON:0001291,biolink:part_of,UBERON:0004202,biolink:AnatomicalEntityToAnatomicalEntityAssociation,knowledge_assertion,manual_agent,https://purl.humanatlas.io/collection/hra
UBERON:0001291,biolink:part_of,UBERON:0001231,biolink:AnatomicalEntityToAnatomicalEntityAssociation,knowledge_assertion,manual_agent,https://purl.humanatlas.io/collection/hra
UBERON:0001291,biolink:part_of,UBERON:0002113,biolink:AnatomicalEntityToAnatomicalEntityAssociation,knowledge_assertion,manual_agent,https://purl.humanatlas.io/collection/hra
UBERON:0001291,biolink:part_of,UBERON:0000362,biolink:AnatomicalEntityToAnatomicalEntityAssociation,knowledge_assertion,manual_agent,https://purl.humanatlas.io/collection/hra
UBERON:0001291,biolink:part_of,UBERON:0001285,biolink:AnatomicalEntityToAnatomicalEntityAssociation,knowledge_assertion,manual_agent,https://purl.humanatlas.io/collection/hra
UBERON:0001291,biolink:part_of,UBERON:0001291,biolink:AnatomicalEntityToAnatomicalEntityAssociation,knowledge_assertion,manual_agent,https://purl.humanatlas.io/collection/hra
UBERON:0001292,biolink:part_of,UBERON:0001285,biolink:AnatomicalEntityToAnatomicalEntityAssociation,knowledge_assertion,manual_agent,https://purl.humanatlas.io/collection/hra
UBERON:0001292,biolink:part_of,UBERON:0001231,biolink:AnatomicalEntityToAnatomicalEntityAssociation,knowledge_assertion,manual_agent,https://purl.humanatlas.io/collection/hra
UBERON:0001292,biolink:part_of,UBERON:0002113,biolink:AnatomicalEntityToAnatomicalEntityAssociation,knowledge_assertion,manual_agent,https://purl.humanatlas.io/collection/hra
UBERON:0001292,biolink:part_of,UBERON:0001292,biolink:AnatomicalEntityToAnatomicalEntityAssociation,knowledge_assertion,manual_agent,https://purl.humanatlas.io/collection/hra
UBERON:0001294,biolink:part_of,UBERON:0001294,biolink:AnatomicalEntityToAnatomicalEntityAssociation,knowledge_assertion,manual_agent,https://purl.humanatlas.io/collection/hra
UBERON:0001294,biolink:part_of,UBERON:0002113,biolink:AnatomicalEntityToAnatomicalEntityAssociation,knowledge_assertion,manual_agent,https://purl.humanatlas.io/collection/hra
UBERON:0001294,biolink:part_of,UBERON:0000362,biolink:AnatomicalEntityToAnatomicalEntityAssociation,knowledge_assertion,manual_agent,https://purl.humanatlas.io/collection/hra
UBERON:0001986,biolink:part_of,UBERON:0004212,biolink:AnatomicalEntityToAnatomicalEntityAssociation,knowledge_assertion,manual_agent,https://purl.humanatlas.io/collection/hra
UBERON:0001986,biolink:part_of,UBERON:0006544,biolink:AnatomicalEntityToAnatomicalEntityAssociation,knowledge_assertion,manual_agent,https://purl.humanatlas.io/collection/hra
UBERON:0001986,biolink:part_of,UBERON:0001294,biolink:AnatomicalEntityToAnatomicalEntityAssociation,knowledge_assertion,manual_agent,https://purl.humanatlas.io/collection/hra
UBERON:0001986,biolink:part_of,UBERON:0004200,biolink:AnatomicalEntityToAnatomicalEntityAssociation,knowledge_assertion,manual_agent,https://purl.humanatlas.io/collection/hra
UBERON:0001986,biolink:part_of,UBERON:0002113,biolink:AnatomicalEntityToAnatomicalEntityAssociation,knowledge_assertion,manual_agent,https://purl.humanatlas.io/collection/hra
UBERON:0001986,biolink:part_of,UBERON:0000362,biolink:AnatomicalEntityToAnatomicalEntityAssociation,knowledge_assertion,manual_agent,https://purl.humanatlas.io/collection/hra
UBERON:0001986,biolink:part_of,UBERON:0004726,biolink:AnatomicalEntityToAnatomicalEntityAssociation,knowledge_assertion,manual_agent,https://purl.humanatlas.io/collection/hra
UBERON:0001986,biolink:part_of,UBERON:0003517,biolink:AnatomicalEntityToAnatomicalEntityAssociation,knowledge_assertion,manual_agent,https://purl.humanatlas.io/collection/hra
UBERON:0001986,biolink:part_of,UBERON:0034884,biolink:AnatomicalEntityToAnatomicalEntityAssociation,knowledge_assertion,manual_agent,https://purl.humanatlas.io/collection/hra
UBERON:0001986,biolink:part_of,UBERON:0009202,biolink:AnatomicalEntityToAnatomicalEntityAssociation,knowledge_assertion,manual_agent,https://purl.humanatlas.io/collection/hra
UBERON:0001986,biolink:part_of,UBERON:0009091,biolink:AnatomicalEntityToAnatomicalEntityAssociation,knowledge_assertion,manual_agent,https://purl.humanatlas.io/collection/hra
UBERON:0001986,biolink:part_of,UBERON:0001986,biolink:AnatomicalEntityToAnatomicalEntityAssociation,knowledge_assertion,manual_agent,https://purl.humanatlas.io/collection/hra
UBERON:0001986,biolink:part_of,UBERON:0004639,biolink:AnatomicalEntityToAnatomicalEntityAssociation,knowledge_assertion,manual_agent,https://purl.humanatlas.io/collection/hra
UBERON:0001986,biolink:part_of,UBERON:0004640,biolink:AnatomicalEntityToAnatomicalEntityAssociation,knowledge_assertion,manual_agent,https://purl.humanatlas.io/collection/hra
UBERON:0002015,biolink:part_of,UBERON:0002015,biolink:AnatomicalEntityToAnatomicalEntityAssociation,knowledge_assertion,manual_agent,https://purl.humanatlas.io/collection/hra
UBERON:0002015,biolink:part_of,UBERON:0002113,biolink:AnatomicalEntityToAnatomicalEntityAssociation,knowledge_assertion,manual_agent,https://purl.humanatlas.io/collection/hra
UBERON:0002042,biolink:part_of,UBERON:0006544,biolink:AnatomicalEntityToAnatomicalEntityAssociation,knowledge_assertion,manual_agent,https://purl.humanatlas.io/collection/hra
UBERON:0002042,biolink:part_of,UBERON:0002113,biolink:AnatomicalEntityToAnatomicalEntityAssociation,knowledge_assertion,manual_agent,https://purl.humanatlas.io/collection/hra
UBERON:0002042,biolink:part_of,NCIT:kidney-lymphatic-vessel,biolink:AnatomicalEntityToAnatomicalEntityAssociation,knowledge_assertion,manual_agent,https://purl.humanatlas.io/collection/hra
UBERON:0002042,biolink:part_of,UBERON:0002042,biolink:AnatomicalEntityToAnatomicalEntityAssociation,knowledge_assertion,manual_agent,https://purl.humanatlas.io/collection/hra
UBERON:0002113,biolink:part_of,UBERON:0002113,biolink:AnatomicalEntityToAnatomicalEntityAssociation,knowledge_assertion,manual_agent,https://purl.humanatlas.io/collection/hra
UBERON:0002189,biolink:part_of,UBERON:0002189,biolink:AnatomicalEntityToAnatomicalEntityAssociation,knowledge_assertion,manual_agent,https://purl.humanatlas.io/collection/hra
UBERON:0002189,biolink:part_of,UBERON:0002113,biolink:AnatomicalEntityToAnatomicalEntityAssociation,knowledge_assertion,manual_agent,https://purl.humanatlas.io/collection/hra
UBERON:0002189,biolink:part_of,UBERON:0001225,biolink:AnatomicalEntityToAnatomicalEntityAssociation,knowledge_assertion,manual_agent,https://purl.humanatlas.io/collection/hra
UBERON:0002303,biolink:part_of,UBERON:0006544,biolink:AnatomicalEntityToAnatomicalEntityAssociation,knowledge_assertion,manual_agent,https://purl.humanatlas.io/collection/hra
UBERON:0002303,biolink:part_of,UBERON:0002113,biolink:AnatomicalEntityToAnatomicalEntityAssociation,knowledge_assertion,manual_agent,https://purl.humanatlas.io/collection/hra
UBERON:0002303,biolink:part_of,UBERON:0003517,biolink:AnatomicalEntityToAnatomicalEntityAssociation,knowledge_assertion,manual_agent,https://purl.humanatlas.io/collection/hra
UBERON:0002303,biolink:part_of,UBERON:0002303,biolink:AnatomicalEntityToAnatomicalEntityAssociation,knowledge_assertion,manual_agent,https://purl.humanatlas.io/collection/hra
UBERON:0002319,biolink:part_of,UBERON:0001285,biolink:AnatomicalEntityToAnatomicalEntityAssociation,knowledge_assertion,manual_agent,https://purl.humanatlas.io/collection/hra
UBERON:0002319,biolink:part_of,UBERON:0005215,biolink:AnatomicalEntityToAnatomicalEntityAssociation,knowledge_assertion,manual_agent,https://purl.humanatlas.io/collection/hra
UBERON:0002319,biolink:part_of,UBERON:0001229,biolink:AnatomicalEntityToAnatomicalEntityAssociation,knowledge_assertion,manual_agent,https://purl.humanatlas.io/collection/hra
UBERON:0002319,biolink:part_of,UBERON:0002113,biolink:AnatomicalEntityToAnatomicalEntityAssociation,knowledge_assertion,manual_agent,https://purl.humanatlas.io/collection/hra
UBERON:0002319,biolink:part_of,UBERON:0002319,biolink:AnatomicalEntityToAnatomicalEntityAssociation,knowledge_assertion,manual_agent,https://purl.humanatlas.io/collection/hra
UBERON:0002320,biolink:part_of,UBERON:0001285,biolink:AnatomicalEntityToAnatomicalEntityAssociation,knowledge_assertion,manual_agent,https://purl.humanatlas.io/collection/hra
UBERON:0002320,biolink:part_of,UBERON:0005215,biolink:AnatomicalEntityToAnatomicalEntityAssociation,knowledge_assertion,manual_agent,https://purl.humanatlas.io/collection/hra
UBERON:0002320,biolink:part_of,UBERON:0001229,biolink:AnatomicalEntityToAnatomicalEntityAssociation,knowledge_assertion,manual_agent,https://purl.humanatlas.io/collection/hra
UBERON:0002320,biolink:part_of,UBERON:0002113,biolink:AnatomicalEntityToAnatomicalEntityAssociation,knowledge_assertion,manual_agent,https://purl.humanatlas.io/collection/hra
UBERON:0002320,biolink:part_of,UBERON:0002319,biolink:AnatomicalEntityToAnatomicalEntityAssociation,knowledge_assertion,manual_agent,https://purl.humanatlas.io/collection/hra
UBERON:0002320,biolink:part_of,UBERON:0002320,biolink:AnatomicalEntityToAnatomicalEntityAssociation,knowledge_assertion,manual_agent,https://purl.humanatlas.io/collection/hra
UBERON:0002335,biolink:part_of,UBERON:0001285,biolink:AnatomicalEntityToAnatomicalEntityAssociation,knowledge_assertion,manual_agent,https://purl.humanatlas.io/collection/hra
UBERON:0002335,biolink:part_of,UBERON:0004202,biolink:AnatomicalEntityToAnatomicalEntityAssociation,knowledge_assertion,manual_agent,https://purl.humanatlas.io/collection/hra
UBERON:0002335,biolink:part_of,UBERON:0002113,biolink:AnatomicalEntityToAnatomicalEntityAssociation,knowledge_assertion,manual_agent,https://purl.humanatlas.io/collection/hra
UBERON:0002335,biolink:part_of,UBERON:0000362,biolink:AnatomicalEntityToAnatomicalEntityAssociation,knowledge_assertion,manual_agent,https://purl.humanatlas.io/collection/hra
UBERON:0002335,biolink:part_of,UBERON:0001231,biolink:AnatomicalEntityToAnatomicalEntityAssociation,knowledge_assertion,manual_agent,https://purl.humanatlas.io/collection/hra
UBERON:0002335,biolink:part_of,UBERON:0001291,biolink:AnatomicalEntityToAnatomicalEntityAssociation,knowledge_assertion,manual_agent,https://purl.humanatlas.io/collection/hra
UBERON:0002335,biolink:part_of,UBERON:0002335,biolink:AnatomicalEntityToAnatomicalEntityAssociation,knowledge_assertion,manual_agent,https://purl.humanatlas.io/collection/hra
UBERON:0003517,biolink:part_of,UBERON:0006544,biolink:AnatomicalEntityToAnatomicalEntityAssociation,knowledge_assertion,manual_agent,https://purl.humanatlas.io/collection/hra
UBERON:0003517,biolink:part_of,UBERON:0002113,biolink:AnatomicalEntityToAnatomicalEntityAssociation,knowledge_assertion,manual_agent,https://purl.humanatlas.io/collection/hra
UBERON:0003517,biolink:part_of,UBERON:0003517,biolink:AnatomicalEntityToAnatomicalEntityAssociation,knowledge_assertion,manual_agent,https://purl.humanatlas.io/collection/hra
UBERON:0003527,biolink:part_of,UBERON:0006544,biolink:AnatomicalEntityToAnatomicalEntityAssociation,knowledge_assertion,manual_agent,https://purl.humanatlas.io/collection/hra
UBERON:0003527,biolink:part_of,UBERON:0002113,biolink:AnatomicalEntityToAnatomicalEntityAssociation,knowledge_assertion,manual_agent,https://purl.humanatlas.io/collection/hra
UBERON:0003527,biolink:part_of,UBERON:0003527,biolink:AnatomicalEntityToAnatomicalEntityAssociation,knowledge_assertion,manual_agent,https://purl.humanatlas.io/collection/hra
UBERON:0004100,biolink:part_of,UBERON:0004100,biolink:AnatomicalEntityToAnatomicalEntityAssociation,knowledge_assertion,manual_agent,https://purl.humanatlas.io/collection/hra
UBERON:0004100,biolink:part_of,UBERON:0002113,biolink:AnatomicalEntityToAnatomicalEntityAssociation,knowledge_assertion,manual_agent,https://purl.humanatlas.io/collection/hra
UBERON:0004134,biolink:part_of,UBERON:0001285,biolink:AnatomicalEntityToAnatomicalEntityAssociation,knowledge_assertion,manual_agent,https://purl.humanatlas.io/collection/hra
UBERON:0004134,biolink:part_of,UBERON:0002113,biolink:AnatomicalEntityToAnatomicalEntityAssociation,knowledge_assertion,manual_agent,https://purl.humanatlas.io/collection/hra
UBERON:0004134,biolink:part_of,UBERON:0001231,biolink:AnatomicalEntityToAnatomicalEntityAssociation,knowledge_assertion,manual_agent,https://purl.humanatlas.io/collection/hra
UBERON:0004134,biolink:part_of,UBERON:0004134,biolink:AnatomicalEntityToAnatomicalEntityAssociation,knowledge_assertion,manual_agent,https://purl.humanatlas.io/collection/hra
UBERON:0004188,biolink:part_of,UBERON:0001284,biolink:AnatomicalEntityToAnatomicalEntityAssociation,knowledge_assertion,manual_agent,https://purl.humanatlas.io/collection/hra
UBERON:0004188,biolink:part_of,UBERON:0002189,biolink:AnatomicalEntityToAnatomicalEntityAssociation,knowledge_assertion,manual_agent,https://purl.humanatlas.io/collection/hra
UBERON:0004188,biolink:part_of,UBERON:0005271,biolink:AnatomicalEntityToAnatomicalEntityAssociation,knowledge_assertion,manual_agent,https://purl.humanatlas.io/collection/hra
UBERON:0004188,biolink:part_of,UBERON:0001229,biolink:AnatomicalEntityToAnatomicalEntityAssociation,knowledge_assertion,manual_agent,https://purl.humanatlas.io/collection/hra
UBERON:0004188,biolink:part_of,UBERON:0002113,biolink:AnatomicalEntityToAnatomicalEntityAssociation,knowledge_assertion,manual_agent,https://purl.humanatlas.io/collection/hra
UBERON:0004188,biolink:part_of,UBERON:0001225,biolink:AnatomicalEntityToAnatomicalEntityAssociation,knowledge_assertion,manual_agent,https://purl.humanatlas.io/collection/hra
UBERON:0004188,biolink:part_of,UBERON:0001285,biolink:AnatomicalEntityToAnatomicalEntityAssociation,knowledge_assertion,manual_agent,https://purl.humanatlas.io/collection/hra
UBERON:0004188,biolink:part_of,UBERON:0004188,biolink:AnatomicalEntityToAnatomicalEntityAssociation,knowledge_assertion,manual_agent,https://purl.humanatlas.io/collection/hra
UBERON:0004190,biolink:part_of,UBERON:0004190,biolink:AnatomicalEntityToAnatomicalEntityAssociation,knowledge_assertion,manual_agent,https://purl.humanatlas.io/collection/hra
UBERON:0004190,biolink:part_of,UBERON:0001285,biolink:AnatomicalEntityToAnatomicalEntityAssociation,knowledge_assertion,manual_agent,https://purl.humanatlas.io/collection/hra
UBERON:0004190,biolink:part_of,UBERON:0001229,biolink:AnatomicalEntityToAnatomicalEntityAssociation,knowledge_assertion,manual_agent,https://purl.humanatlas.io/collection/hra
UBERON:0004190,biolink:part_of,UBERON:0002113,biolink:AnatomicalEntityToAnatomicalEntityAssociation,knowledge_assertion,manual_agent,https://purl.humanatlas.io/collection/hra
UBERON:0004190,biolink:part_of,UBERON:0000074,biolink:AnatomicalEntityToAnatomicalEntityAssociation,knowledge_assertion,manual_agent,https://purl.humanatlas.io/collection/hra
UBERON:0004193,biolink:part_of,UBERON:0001285,biolink:AnatomicalEntityToAnatomicalEntityAssociation,knowledge_assertion,manual_agent,https://purl.humanatlas.io/collection/hra
UBERON:0004193,biolink:part_of,UBERON:0001231,biolink:AnatomicalEntityToAnatomicalEntityAssociation,knowledge_assertion,manual_agent,https://purl.humanatlas.io/collection/hra
UBERON:0004193,biolink:part_of,UBERON:0002113,biolink:AnatomicalEntityToAnatomicalEntityAssociation,knowledge_assertion,manual_agent,https://purl.humanatlas.io/collection/hra
UBERON:0004193,biolink:part_of,UBERON:0004193,biolink:AnatomicalEntityToAnatomicalEntityAssociation,knowledge_assertion,manual_agent,https://purl.humanatlas.io/collection/hra
UBERON:0004196,biolink:part_of,UBERON:0004196,biolink:AnatomicalEntityToAnatomicalEntityAssociation,knowledge_assertion,manual_agent,https://purl.humanatlas.io/collection/hra
UBERON:0004196,biolink:part_of,UBERON:0001285,biolink:AnatomicalEntityToAnatomicalEntityAssociation,knowledge_assertion,manual_agent,https://purl.humanatlas.io/collection/hra
UBERON:0004196,biolink:part_of,UBERON:0002113,biolink:AnatomicalEntityToAnatomicalEntityAssociation,knowledge_assertion,manual_agent,https://purl.humanatlas.io/collection/hra
UBERON:0004196,biolink:part_of,UBERON:0001231,biolink:AnatomicalEntityToAnatomicalEntityAssociation,knowledge_assertion,manual_agent,https://purl.humanatlas.io/collection/hra
UBERON:0004196,biolink:part_of,UBERON:0004134,biolink:AnatomicalEntityToAnatomicalEntityAssociation,knowledge_assertion,manual_agent,https://purl.humanatlas.io/collection/hra
UBERON:0004197,biolink:part_of,UBERON:0004197,biolink:AnatomicalEntityToAnatomicalEntityAssociation,knowledge_assertion,manual_agent,https://purl.humanatlas.io/collection/hra
UBERON:0004197,biolink:part_of,UBERON:0001285,biolink:AnatomicalEntityToAnatomicalEntityAssociation,knowledge_assertion,manual_agent,https://purl.humanatlas.io/collection/hra
UBERON:0004197,biolink:part_of,UBERON:0002113,biolink:AnatomicalEntityToAnatomicalEntityAssociation,knowledge_assertion,manual_agent,https://purl.humanatlas.io/collection/hra
UBERON:0004197,biolink:part_of,UBERON:0001231,biolink:AnatomicalEntityToAnatomicalEntityAssociation,knowledge_assertion,manual_agent,https://purl.humanatlas.io/collection/hra
UBERON:0004197,biolink:part_of,UBERON:0004134,biolink:AnatomicalEntityToAnatomicalEntityAssociation,knowledge_assertion,manual_agent,https://purl.humanatlas.io/collection/hra
UBERON:0004200,biolink:part_of,UBERON:0004200,biolink:AnatomicalEntityToAnatomicalEntityAssociation,knowledge_assertion,manual_agent,https://purl.humanatlas.io/collection/hra
UBERON:0004200,biolink:part_of,UBERON:0002113,biolink:AnatomicalEntityToAnatomicalEntityAssociation,knowledge_assertion,manual_agent,https://purl.humanatlas.io/collection/hra
UBERON:0004200,biolink:part_of,UBERON:0000362,biolink:AnatomicalEntityToAnatomicalEntityAssociation,knowledge_assertion,manual_agent,https://purl.humanatlas.io/collection/hra
UBERON:0004201,biolink:part_of,UBERON:0004201,biolink:AnatomicalEntityToAnatomicalEntityAssociation,knowledge_assertion,manual_agent,https://purl.humanatlas.io/collection/hra
UBERON:0004201,biolink:part_of,UBERON:0002113,biolink:AnatomicalEntityToAnatomicalEntityAssociation,knowledge_assertion,manual_agent,https://purl.humanatlas.io/collection/hra
UBERON:0004201,biolink:part_of,UBERON:0000362,biolink:AnatomicalEntityToAnatomicalEntityAssociation,knowledge_assertion,manual_agent,https://purl.humanatlas.io/collection/hra
UBERON:0004202,biolink:part_of,UBERON:0004202,biolink:AnatomicalEntityToAnatomicalEntityAssociation,knowledge_assertion,manual_agent,https://purl.humanatlas.io/collection/hra
UBERON:0004202,biolink:part_of,UBERON:0002113,biolink:AnatomicalEntityToAnatomicalEntityAssociation,knowledge_assertion,manual_agent,https://purl.humanatlas.io/collection/hra
UBERON:0004202,biolink:part_of,UBERON:0000362,biolink:AnatomicalEntityToAnatomicalEntityAssociation,knowledge_assertion,manual_agent,https://purl.humanatlas.io/collection/hra
UBERON:0004203,biolink:part_of,UBERON:0004100,biolink:AnatomicalEntityToAnatomicalEntityAssociation,knowledge_assertion,manual_agent,https://purl.humanatlas.io/collection/hra
UBERON:0004203,biolink:part_of,UBERON:0009883,biolink:AnatomicalEntityToAnatomicalEntityAssociation,knowledge_assertion,manual_agent,https://purl.humanatlas.io/collection/hra
UBERON:0004203,biolink:part_of,UBERON:0002113,biolink:AnatomicalEntityToAnatomicalEntityAssociation,knowledge_assertion,manual_agent,https://purl.humanatlas.io/collection/hra
UBERON:0004203,biolink:part_of,UBERON:0001225,biolink:AnatomicalEntityToAnatomicalEntityAssociation,knowledge_assertion,manual_agent,https://purl.humanatlas.io/collection/hra
UBERON:0004203,biolink:part_of,UBERON:0001232,biolink:AnatomicalEntityToAnatomicalEntityAssociation,knowledge_assertion,manual_agent,https://purl.humanatlas.io/collection/hra
UBERON:0004203,biolink:part_of,UBERON:0004203,biolink:AnatomicalEntityToAnatomicalEntityAssociation,knowledge_assertion,manual_agent,https://purl.humanatlas.io/collection/hra
UBERON:0004204,biolink:part_of,UBERON:0004100,biolink:AnatomicalEntityToAnatomicalEntityAssociation,knowledge_assertion,manual_agent,https://purl.humanatlas.io/collection/hra
UBERON:0004204,biolink:part_of,UBERON:0002113,biolink:AnatomicalEntityToAnatomicalEntityAssociation,knowledge_assertion,manual_agent,https://purl.humanatlas.io/collection/hra
UBERON:0004204,biolink:part_of,UBERON:0001232,biolink:AnatomicalEntityToAnatomicalEntityAssociation,knowledge_assertion,manual_agent,https://purl.humanatlas.io/collection/hra
UBERON:0004204,biolink:part_of,UBERON:0004204,biolink:AnatomicalEntityToAnatomicalEntityAssociation,knowledge_assertion,manual_agent,https://purl.humanatlas.io/collection/hra
UBERON:0004205,biolink:part_of,UBERON:0004100,biolink:AnatomicalEntityToAnatomicalEntityAssociation,knowledge_assertion,manual_agent,https://purl.humanatlas.io/collection/hra
UBERON:0004205,biolink:part_of,UBERON:0002113,biolink:AnatomicalEntityToAnatomicalEntityAssociation,knowledge_assertion,manual_agent,https://purl.humanatlas.io/collection/hra
UBERON:0004205,biolink:part_of,UBERON:0001232,biolink:AnatomicalEntityToAnatomicalEntityAssociation,knowledge_assertion,manual_agent,https://purl.humanatlas.io/collection/hra
UBERON:0004205,biolink:part_of,UBERON:0004205,biolink:AnatomicalEntityToAnatomicalEntityAssociation,knowledge_assertion,manual_agent,https://purl.humanatlas.io/collection/hra
UBERON:0004212,biolink:part_of,UBERON:0006544,biolink:AnatomicalEntityToAnatomicalEntityAssociation,knowledge_assertion,manual_agent,https://purl.humanatlas.io/collection/hra
UBERON:0004212,biolink:part_of,UBERON:0002113,biolink:AnatomicalEntityToAnatomicalEntityAssociation,knowledge_assertion,manual_agent,https://purl.humanatlas.io/collection/hra
UBERON:0004212,biolink:part_of,UBERON:0034884,biolink:AnatomicalEntityToAnatomicalEntityAssociation,knowledge_assertion,manual_agent,https://purl.humanatlas.io/collection/hra
UBERON:0004212,biolink:part_of,UBERON:0004639,biolink:AnatomicalEntityToAnatomicalEntityAssociation,knowledge_assertion,manual_agent,https://purl.humanatlas.io/collection/hra
UBERON:0004212,biolink:part_of,UBERON:0004212,biolink:AnatomicalEntityToAnatomicalEntityAssociation,knowledge_assertion,manual_agent,https://purl.humanatlas.io/collection/hra
UBERON:0004294,biolink:part_of,UBERON:0004190,biolink:AnatomicalEntityToAnatomicalEntityAssociation,knowledge_assertion,manual_agent,https://purl.humanatlas.io/collection/hra
UBERON:0004294,biolink:part_of,UBERON:0004294,biolink:AnatomicalEntityToAnatomicalEntityAssociation,knowledge_assertion,manual_agent,https://purl.humanatlas.io/collection/hra
UBERON:0004294,biolink:part_of,UBERON:0001285,biolink:AnatomicalEntityToAnatomicalEntityAssociation,knowledge_assertion,manual_agent,https://purl.humanatlas.io/collection/hra
UBERON:0004294,biolink:part_of,UBERON:0001229,biolink:AnatomicalEntityToAnatomicalEntityAssociation,knowledge_assertion,manual_agent,https://purl.humanatlas.io/collection/hra
UBERON:0004294,biolink:part_of,UBERON:0002113,biolink:AnatomicalEntityToAnatomicalEntityAssociation,knowledge_assertion,manual_agent,https://purl.humanatlas.io/collection/hra
UBERON:0004294,biolink:part_of,UBERON:0000074,biolink:AnatomicalEntityToAnatomicalEntityAssociation,knowledge_assertion,manual_agent,https://purl.humanatlas.io/collection/hra
UBERON:0004538,biolink:part_of,UBERON:0004538,biolink:AnatomicalEntityToAnatomicalEntityAssociation,knowledge_assertion,manual_agent,https://purl.humanatlas.io/collection/hra
UBERON:0004538,biolink:part_of,UBERON:0002113,biolink:AnatomicalEntityToAnatomicalEntityAssociation,knowledge_assertion,manual_agent,https://purl.humanatlas.io/collection/hra
UBERON:0004539,biolink:part_of,UBERON:0004539,biolink:AnatomicalEntityToAnatomicalEntityAssociation,knowledge_assertion,manual_agent,https://purl.humanatlas.io/collection/hra
UBERON:0004539,biolink:part_of,UBERON:0002113,biolink:AnatomicalEntityToAnatomicalEntityAssociation,knowledge_assertion,manual_agent,https://purl.humanatlas.io/collection/hra
UBERON:0004639,biolink:part_of,UBERON:0006544,biolink:AnatomicalEntityToAnatomicalEntityAssociation,knowledge_assertion,manual_agent,https://purl.humanatlas.io/collection/hra
UBERON:0004639,biolink:part_of,UBERON:0002113,biolink:AnatomicalEntityToAnatomicalEntityAssociation,knowledge_assertion,manual_agent,https://purl.humanatlas.io/collection/hra
UBERON:0004639,biolink:part_of,UBERON:0034884,biolink:AnatomicalEntityToAnatomicalEntityAssociation,knowledge_assertion,manual_agent,https://purl.humanatlas.io/collection/hra
UBERON:0004639,biolink:part_of,UBERON:0004639,biolink:AnatomicalEntityToAnatomicalEntityAssociation,knowledge_assertion,manual_agent,https://purl.humanatlas.io/collection/hra
UBERON:0004640,biolink:part_of,UBERON:0006544,biolink:AnatomicalEntityToAnatomicalEntityAssociation,knowledge_assertion,manual_agent,https://purl.humanatlas.io/collection/hra
UBERON:0004640,biolink:part_of,UBERON:0002113,biolink:AnatomicalEntityToAnatomicalEntityAssociation,knowledge_assertion,manual_agent,https://purl.humanatlas.io/collection/hra
UBERON:0004640,biolink:part_of,UBERON:0034884,biolink:AnatomicalEntityToAnatomicalEntityAssociation,knowledge_assertion,manual_agent,https://purl.humanatlas.io/collection/hra
UBERON:0004640,biolink:part_of,UBERON:0004639,biolink:AnatomicalEntityToAnatomicalEntityAssociation,knowledge_assertion,manual_agent,https://purl.humanatlas.io/collection/hra
UBERON:0004640,biolink:part_of,UBERON:0004640,biolink:AnatomicalEntityToAnatomicalEntityAssociation,knowledge_assertion,manual_agent,https://purl.humanatlas.io/collection/hra
UBERON:0004640,biolink:part_of,UBERON:0004212,biolink:AnatomicalEntityToAnatomicalEntityAssociation,knowledge_assertion,manual_agent,https://purl.humanatlas.io/collection/hra
UBERON:0004726,biolink:part_of,UBERON:0004212,biolink:AnatomicalEntityToAnatomicalEntityAssociation,knowledge_assertion,manual_agent,https://purl.humanatlas.io/collection/hra
UBERON:0004726,biolink:part_of,UBERON:0006544,biolink:AnatomicalEntityToAnatomicalEntityAssociation,knowledge_assertion,manual_agent,https://purl.humanatlas.io/collection/hra
UBERON:0004726,biolink:part_of,UBERON:0001294,biolink:AnatomicalEntityToAnatomicalEntityAssociation,knowledge_assertion,manual_agent,https://purl.humanatlas.io/collection/hra
UBERON:0004726,biolink:part_of,UBERON:0004200,biolink:AnatomicalEntityToAnatomicalEntityAssociation,knowledge_assertion,manual_agent,https://purl.humanatlas.io/collection/hra
UBERON:0004726,biolink:part_of,UBERON:0002113,biolink:AnatomicalEntityToAnatomicalEntityAssociation,knowledge_assertion,manual_agent,https://purl.humanatlas.io/collection/hra
UBERON:0004726,biolink:part_of,UBERON:0000362,biolink:AnatomicalEntityToAnatomicalEntityAssociation,knowledge_assertion,manual_agent,https://purl.humanatlas.io/collection/hra
UBERON:0004726,biolink:part_of,UBERON:0004726,biolink:AnatomicalEntityToAnatomicalEntityAssociation,knowledge_assertion,manual_agent,https://purl.humanatlas.io/collection/hra
UBERON:0004726,biolink:part_of,UBERON:0034884,biolink:AnatomicalEntityToAnatomicalEntityAssociation,knowledge_assertion,manual_agent,https://purl.humanatlas.io/collection/hra
UBERON:0004726,biolink:part_of,UBERON:0009202,biolink:AnatomicalEntityToAnatomicalEntityAssociation,knowledge_assertion,manual_agent,https://purl.humanatlas.io/collection/hra
UBERON:0004726,biolink:part_of,UBERON:0004639,biolink:AnatomicalEntityToAnatomicalEntityAssociation,knowledge_assertion,manual_agent,https://purl.humanatlas.io/collection/hra
UBERON:0004726,biolink:part_of,UBERON:0004640,biolink:AnatomicalEntityToAnatomicalEntityAssociation,knowledge_assertion,manual_agent,https://purl.humanatlas.io/collection/hra
UBERON:0005096,biolink:part_of,UBERON:0001285,biolink:AnatomicalEntityToAnatomicalEntityAssociation,knowledge_assertion,manual_agent,https://purl.humanatlas.io/collection/hra
UBERON:0005096,biolink:part_of,UBERON:0004201,biolink:AnatomicalEntityToAnatomicalEntityAssociation,knowledge_assertion,manual_agent,https://purl.humanatlas.io/collection/hra
UBERON:0005096,biolink:part_of,UBERON:0002113,biolink:AnatomicalEntityToAnatomicalEntityAssociation,knowledge_assertion,manual_agent,https://purl.humanatlas.io/collection/hra
UBERON:0005096,biolink:part_of,UBERON:0000362,biolink:AnatomicalEntityToAnatomicalEntityAssociation,knowledge_assertion,manual_agent,https://purl.humanatlas.io/collection/hra
UBERON:0005096,biolink:part_of,UBERON:0001231,biolink:AnatomicalEntityToAnatomicalEntityAssociation,knowledge_assertion,manual_agent,https://purl.humanatlas.io/collection/hra
UBERON:0005096,biolink:part_of,UBERON:0001289,biolink:AnatomicalEntityToAnatomicalEntityAssociation,knowledge_assertion,manual_agent,https://purl.humanatlas.io/collection/hra
UBERON:0005096,biolink:part_of,UBERON:0005096,biolink:AnatomicalEntityToAnatomicalEntityAssociation,knowledge_assertion,manual_agent,https://purl.humanatlas.io/collection/hra
UBERON:0005097,biolink:part_of,UBERON:0001285,biolink:AnatomicalEntityToAnatomicalEntityAssociation,knowledge_assertion,manual_agent,https://purl.humanatlas.io/collection/hra
UBERON:0005097,biolink:part_of,UBERON:0001231,biolink:AnatomicalEntityToAnatomicalEntityAssociation,knowledge_assertion,manual_agent,https://purl.humanatlas.io/collection/hra
UBERON:0005097,biolink:part_of,UBERON:0002113,biolink:AnatomicalEntityToAnatomicalEntityAssociation,knowledge_assertion,manual_agent,https://purl.humanatlas.io/collection/hra
UBERON:0005097,biolink:part_of,UBERON:0005097,biolink:AnatomicalEntityToAnatomicalEntityAssociation,knowledge_assertion,manual_agent,https://purl.humanatlas.io/collection/hra
UBERON:0005099,biolink:part_of,UBERON:0001285,biolink:AnatomicalEntityToAnatomicalEntityAssociation,knowledge_assertion,manual_agent,https://purl.humanatlas.io/collection/hra
UBERON:0005099,biolink:part_of,UBERON:0004201,biolink:AnatomicalEntityToAnatomicalEntityAssociation,knowledge_assertion,manual_agent,https://purl.humanatlas.io/collection/hra
UBERON:0005099,biolink:part_of,UBERON:0002113,biolink:AnatomicalEntityToAnatomicalEntityAssociation,knowledge_assertion,manual_agent,https://purl.humanatlas.io/collection/hra
UBERON:0005099,biolink:part_of,UBERON:0000362,biolink:AnatomicalEntityToAnatomicalEntityAssociation,knowledge_assertion,manual_agent,https://purl.humanatlas.io/collection/hra
UBERON:0005099,biolink:part_of,UBERON:0001231,biolink:AnatomicalEntityToAnatomicalEntityAssociation,knowledge_assertion,manual_agent,https://purl.humanatlas.io/collection/hra
UBERON:0005099,biolink:part_of,UBERON:0001289,biolink:AnatomicalEntityToAnatomicalEntityAssociation,knowledge_assertion,manual_agent,https://purl.humanatlas.io/collection/hra
UBERON:0005099,biolink:part_of,UBERON:0005099,biolink:AnatomicalEntityToAnatomicalEntityAssociation,knowledge_assertion,manual_agent,https://purl.humanatlas.io/collection/hra
UBERON:0005215,biolink:part_of,UBERON:0005215,biolink:AnatomicalEntityToAnatomicalEntityAssociation,knowledge_assertion,manual_agent,https://purl.humanatlas.io/collection/hra
UBERON:0005215,biolink:part_of,UBERON:0001229,biolink:AnatomicalEntityToAnatomicalEntityAssociation,knowledge_assertion,manual_agent,https://purl.humanatlas.io/collection/hra
UBERON:0005215,biolink:part_of,UBERON:0002113,biolink:AnatomicalEntityToAnatomicalEntityAssociation,knowledge_assertion,manual_agent,https://purl.humanatlas.io/collection/hra
UBERON:0005215,biolink:part_of,UBERON:0001285,biolink:AnatomicalEntityToAnatomicalEntityAssociation,knowledge_assertion,manual_agent,https://purl.humanatlas.io/collection/hra
UBERON:0005271,biolink:part_of,UBERON:0005271,biolink:AnatomicalEntityToAnatomicalEntityAssociation,knowledge_assertion,manual_agent,https://purl.humanatlas.io/collection/hra
UBERON:0005271,biolink:part_of,UBERON:0002113,biolink:AnatomicalEntityToAnatomicalEntityAssociation,knowledge_assertion,manual_agent,https://purl.humanatlas.io/collection/hra
UBERON:0005271,biolink:part_of,UBERON:0001225,biolink:AnatomicalEntityToAnatomicalEntityAssociation,knowledge_assertion,manual_agent,https://purl.humanatlas.io/collection/hra
UBERON:0005272,biolink:part_of,UBERON:0006544,biolink:AnatomicalEntityToAnatomicalEntityAssociation,knowledge_assertion,manual_agent,https://purl.humanatlas.io/collection/hra
UBERON:0005272,biolink:part_of,UBERON:0002113,biolink:AnatomicalEntityToAnatomicalEntityAssociation,knowledge_assertion,manual_agent,https://purl.humanatlas.io/collection/hra
UBERON:0005272,biolink:part_of,UBERON:0003527,biolink:AnatomicalEntityToAnatomicalEntityAssociation,knowledge_assertion,manual_agent,https://purl.humanatlas.io/collection/hra
UBERON:0005272,biolink:part_of,UBERON:0034884,biolink:AnatomicalEntityToAnatomicalEntityAssociation,knowledge_assertion,manual_agent,https://purl.humanatlas.io/collection/hra
UBERON:0005272,biolink:part_of,UBERON:0005272,biolink:AnatomicalEntityToAnatomicalEntityAssociation,knowledge_assertion,manual_agent,https://purl.humanatlas.io/collection/hra
UBERON:0005272,biolink:part_of,UBERON:0004639,biolink:AnatomicalEntityToAnatomicalEntityAssociation,knowledge_assertion,manual_agent,https://purl.humanatlas.io/collection/hra
UBERON:0005272,biolink:part_of,UBERON:0004640,biolink:AnatomicalEntityToAnatomicalEntityAssociation,knowledge_assertion,manual_agent,https://purl.humanatlas.io/collection/hra
UBERON:0005272,biolink:part_of,UBERON:0004212,biolink:AnatomicalEntityToAnatomicalEntityAssociation,knowledge_assertion,manual_agent,https://purl.humanatlas.io/collection/hra
UBERON:0005750,biolink:part_of,UBERON:0005750,biolink:AnatomicalEntityToAnatomicalEntityAssociation,knowledge_assertion,manual_agent,https://purl.humanatlas.io/collection/hra
UBERON:0005750,biolink:part_of,UBERON:0001285,biolink:AnatomicalEntityToAnatomicalEntityAssociation,knowledge_assertion,manual_agent,https://purl.humanatlas.io/collection/hra
UBERON:0005750,biolink:part_of,UBERON:0001284,biolink:AnatomicalEntityToAnatomicalEntityAssociation,knowledge_assertion,manual_agent,https://purl.humanatlas.io/collection/hra
UBERON:0005750,biolink:part_of,UBERON:0002189,biolink:AnatomicalEntityToAnatomicalEntityAssociation,knowledge_assertion,manual_agent,https://purl.humanatlas.io/collection/hra
UBERON:0005750,biolink:part_of,UBERON:0005271,biolink:AnatomicalEntityToAnatomicalEntityAssociation,knowledge_assertion,manual_agent,https://purl.humanatlas.io/collection/hra
UBERON:0005750,biolink:part_of,UBERON:0001229,biolink:AnatomicalEntityToAnatomicalEntityAssociation,knowledge_assertion,manual_agent,https://purl.humanatlas.io/collection/hra
UBERON:0005750,biolink:part_of,UBERON:0002113,biolink:AnatomicalEntityToAnatomicalEntityAssociation,knowledge_assertion,manual_agent,https://purl.humanatlas.io/collection/hra
UBERON:0005750,biolink:part_of,UBERON:0001225,biolink:AnatomicalEntityToAnatomicalEntityAssociation,knowledge_assertion,manual_agent,https://purl.humanatlas.io/collection/hra
UBERON:0005750,biolink:part_of,UBERON:0004188,biolink:AnatomicalEntityToAnatomicalEntityAssociation,knowledge_assertion,manual_agent,https://purl.humanatlas.io/collection/hra
UBERON:0005751,biolink:part_of,UBERON:0005751,biolink:AnatomicalEntityToAnatomicalEntityAssociation,knowledge_assertion,manual_agent,https://purl.humanatlas.io/collection/hra
UBERON:0005751,biolink:part_of,UBERON:0001285,biolink:AnatomicalEntityToAnatomicalEntityAssociation,knowledge_assertion,manual_agent,https://purl.humanatlas.io/collection/hra
UBERON:0005751,biolink:part_of,UBERON:0001284,biolink:AnatomicalEntityToAnatomicalEntityAssociation,knowledge_assertion,manual_agent,https://purl.humanatlas.io/collection/hra
UBERON:0005751,biolink:part_of,UBERON:0002189,biolink:AnatomicalEntityToAnatomicalEntityAssociation,knowledge_assertion,manual_agent,https://purl.humanatlas.io/collection/hra
UBERON:0005751,biolink:part_of,UBERON:0005271,biolink:AnatomicalEntityToAnatomicalEntityAssociation,knowledge_assertion,manual_agent,https://purl.humanatlas.io/collection/hra
UBERON:0005751,biolink:part_of,UBERON:0001229,biolink:AnatomicalEntityToAnatomicalEntityAssociation,knowledge_assertion,manual_agent,https://purl.humanatlas.io/collection/hra
UBERON:0005751,biolink:part_of,UBERON:0002113,biolink:AnatomicalEntityToAnatomicalEntityAssociation,knowledge_assertion,manual_agent,https://purl.humanatlas.io/collection/hra
UBERON:0005751,biolink:part_of,UBERON:0001225,biolink:AnatomicalEntityToAnatomicalEntityAssociation,knowledge_assertion,manual_agent,https://purl.humanatlas.io/collection/hra
UBERON:0005751,biolink:part_of,UBERON:0004188,biolink:AnatomicalEntityToAnatomicalEntityAssociation,knowledge_assertion,manual_agent,https://purl.humanatlas.io/collection/hra
UBERON:0006544,biolink:part_of,UBERON:0006544,biolink:AnatomicalEntityToAnatomicalEntityAssociation,knowledge_assertion,manual_agent,https://purl.humanatlas.io/collection/hra
UBERON:0006544,biolink:part_of,UBERON:0002113,biolink:AnatomicalEntityToAnatomicalEntityAssociation,knowledge_assertion,manual_agent,https://purl.humanatlas.io/collection/hra
UBERON:0009091,biolink:part_of,UBERON:0004212,biolink:AnatomicalEntityToAnatomicalEntityAssociation,knowledge_assertion,manual_agent,https://purl.humanatlas.io/collection/hra
UBERON:0009091,biolink:part_of,UBERON:0006544,biolink:AnatomicalEntityToAnatomicalEntityAssociation,knowledge_assertion,manual_agent,https://purl.humanatlas.io/collection/hra
UBERON:0009091,biolink:part_of,UBERON:0001294,biolink:AnatomicalEntityToAnatomicalEntityAssociation,knowledge_assertion,manual_agent,https://purl.humanatlas.io/collection/hra
UBERON:0009091,biolink:part_of,UBERON:0004200,biolink:AnatomicalEntityToAnatomicalEntityAssociation,knowledge_assertion,manual_agent,https://purl.humanatlas.io/collection/hra
UBERON:0009091,biolink:part_of,UBERON:0002113,biolink:AnatomicalEntityToAnatomicalEntityAssociation,knowledge_assertion,manual_agent,https://purl.humanatlas.io/collection/hra
UBERON:0009091,biolink:part_of,UBERON:0000362,biolink:AnatomicalEntityToAnatomicalEntityAssociation,knowledge_assertion,manual_agent,https://purl.humanatlas.io/collection/hra
UBERON:0009091,biolink:part_of,UBERON:0004726,biolink:AnatomicalEntityToAnatomicalEntityAssociation,knowledge_assertion,manual_agent,https://purl.humanatlas.io/collection/hra
UBERON:0009091,biolink:part_of,UBERON:0034884,biolink:AnatomicalEntityToAnatomicalEntityAssociation,knowledge_assertion,manual_agent,https://purl.humanatlas.io/collection/hra
UBERON:0009091,biolink:part_of,UBERON:0009202,biolink:AnatomicalEntityToAnatomicalEntityAssociation,knowledge_assertion,manual_agent,https://purl.humanatlas.io/collection/hra
UBERON:0009091,biolink:part_of,UBERON:0009091,biolink:AnatomicalEntityToAnatomicalEntityAssociation,knowledge_assertion,manual_agent,https://purl.humanatlas.io/collection/hra
UBERON:0009091,biolink:part_of,UBERON:0004639,biolink:AnatomicalEntityToAnatomicalEntityAssociation,knowledge_assertion,manual_agent,https://purl.humanatlas.io/collection/hra
UBERON:0009091,biolink:part_of,UBERON:0004640,biolink:AnatomicalEntityToAnatomicalEntityAssociation,knowledge_assertion,manual_agent,https://purl.humanatlas.io/collection/hra
UBERON:0009095,biolink:part_of,UBERON:0001228,biolink:AnatomicalEntityToAnatomicalEntityAssociation,knowledge_assertion,manual_agent,https://purl.humanatlas.io/collection/hra
UBERON:0009095,biolink:part_of,UBERON:0001294,biolink:AnatomicalEntityToAnatomicalEntityAssociation,knowledge_assertion,manual_agent,https://purl.humanatlas.io/collection/hra
UBERON:0009095,biolink:part_of,UBERON:0002113,biolink:AnatomicalEntityToAnatomicalEntityAssociation,knowledge_assertion,manual_agent,https://purl.humanatlas.io/collection/hra
UBERON:0009095,biolink:part_of,UBERON:0000362,biolink:AnatomicalEntityToAnatomicalEntityAssociation,knowledge_assertion,manual_agent,https://purl.humanatlas.io/collection/hra
UBERON:0009095,biolink:part_of,UBERON:0009095,biolink:AnatomicalEntityToAnatomicalEntityAssociation,knowledge_assertion,manual_agent,https://purl.humanatlas.io/collection/hra
UBERON:0009202,biolink:part_of,UBERON:0006544,biolink:AnatomicalEntityToAnatomicalEntityAssociation,knowledge_assertion,manual_agent,https://purl.humanatlas.io/collection/hra
UBERON:0009202,biolink:part_of,UBERON:0001294,biolink:AnatomicalEntityToAnatomicalEntityAssociation,knowledge_assertion,manual_agent,https://purl.humanatlas.io/collection/hra
UBERON:0009202,biolink:part_of,UBERON:0004200,biolink:AnatomicalEntityToAnatomicalEntityAssociation,knowledge_assertion,manual_agent,https://purl.humanatlas.io/collection/hra
UBERON:0009202,biolink:part_of,UBERON:0002113,biolink:AnatomicalEntityToAnatomicalEntityAssociation,knowledge_assertion,manual_agent,https://purl.humanatlas.io/collection/hra
UBERON:0009202,biolink:part_of,UBERON:0000362,biolink:AnatomicalEntityToAnatomicalEntityAssociation,knowledge_assertion,manual_agent,https://purl.humanatlas.io/collection/hra
UBERON:0009202,biolink:part_of,UBERON:0004726,biolink:AnatomicalEntityToAnatomicalEntityAssociation,knowledge_assertion,manual_agent,https://purl.humanatlas.io/collection/hra
UBERON:0009202,biolink:part_of,UBERON:0034884,biolink:AnatomicalEntityToAnatomicalEntityAssociation,knowledge_assertion,manual_agent,https://purl.humanatlas.io/collection/hra
UBERON:0009202,biolink:part_of,UBERON:0009202,biolink:AnatomicalEntityToAnatomicalEntityAssociation,knowledge_assertion,manual_agent,https://purl.humanatlas.io/collection/hra
UBERON:0009202,biolink:part_of,UBERON:0004639,biolink:AnatomicalEntityToAnatomicalEntityAssociation,knowledge_assertion,manual_agent,https://purl.humanatlas.io/collection/hra
UBERON:0009202,biolink:part_of,UBERON:0004640,biolink:AnatomicalEntityToAnatomicalEntityAssociation,knowledge_assertion,manual_agent,https://purl.humanatlas.io/collection/hra
UBERON:0009202,biolink:part_of,UBERON:0004212,biolink:AnatomicalEntityToAnatomicalEntityAssociation,knowledge_assertion,manual_agent,https://purl.humanatlas.io/collection/hra
UBERON:0009883,biolink:part_of,UBERON:0009883,biolink:AnatomicalEntityToAnatomicalEntityAssociation,knowledge_assertion,manual_agent,https://purl.humanatlas.io/collection/hra
UBERON:0009883,biolink:part_of,UBERON:0002113,biolink:AnatomicalEntityToAnatomicalEntityAssociation,knowledge_assertion,manual_agent,https://purl.humanatlas.io/collection/hra
UBERON:0009883,biolink:part_of,UBERON:0001225,biolink:AnatomicalEntityToAnatomicalEntityAssociation,knowledge_assertion,manual_agent,https://purl.humanatlas.io/collection/hra
UBERON:0012441,biolink:part_of,UBERON:0004212,biolink:AnatomicalEntityToAnatomicalEntityAssociation,knowledge_assertion,manual_agent,https://purl.humanatlas.io/collection/hra
UBERON:0012441,biolink:part_of,UBERON:0012441,biolink:AnatomicalEntityToAnatomicalEntityAssociation,knowledge_assertion,manual_agent,https://purl.humanatlas.io/collection/hra
UBERON:0012441,biolink:part_of,UBERON:0006544,biolink:AnatomicalEntityToAnatomicalEntityAssociation,knowledge_assertion,manual_agent,https://purl.humanatlas.io/collection/hra
UBERON:0012441,biolink:part_of,UBERON:0002113,biolink:AnatomicalEntityToAnatomicalEntityAssociation,knowledge_assertion,manual_agent,https://purl.humanatlas.io/collection/hra
UBERON:0012441,biolink:part_of,UBERON:0003527,biolink:AnatomicalEntityToAnatomicalEntityAssociation,knowledge_assertion,manual_agent,https://purl.humanatlas.io/collection/hra
UBERON:0012441,biolink:part_of,UBERON:0034884,biolink:AnatomicalEntityToAnatomicalEntityAssociation,knowledge_assertion,manual_agent,https://purl.humanatlas.io/collection/hra
UBERON:0012441,biolink:part_of,UBERON:0005272,biolink:AnatomicalEntityToAnatomicalEntityAssociation,knowledge_assertion,manual_agent,https://purl.humanatlas.io/collection/hra
UBERON:0012441,biolink:part_of,UBERON:0004639,biolink:AnatomicalEntityToAnatomicalEntityAssociation,knowledge_assertion,manual_agent,https://purl.humanatlas.io/collection/hra
UBERON:0012441,biolink:part_of,UBERON:0004640,biolink:AnatomicalEntityToAnatomicalEntityAssociation,knowledge_assertion,manual_agent,https://purl.humanatlas.io/collection/hra
UBERON:0034884,biolink:part_of,UBERON:0006544,biolink:AnatomicalEntityToAnatomicalEntityAssociation,knowledge_assertion,manual_agent,https://purl.humanatlas.io/collection/hra
UBERON:0034884,biolink:part_of,UBERON:0002113,biolink:AnatomicalEntityToAnatomicalEntityAssociation,knowledge_assertion,manual_agent,https://purl.humanatlas.io/collection/hra
UBERON:0034884,biolink:part_of,UBERON:0034884,biolink:AnatomicalEntityToAnatomicalEntityAssociation,knowledge_assertion,manual_agent,https://purl.humanatlas.io/collection/hra
UBERON:8600036,biolink:part_of,UBERON:0001285,biolink:AnatomicalEntityToAnatomicalEntityAssociation,knowledge_assertion,manual_agent,https://purl.humanatlas.io/collection/hra
UBERON:8600036,biolink:part_of,UBERON:0004201,biolink:AnatomicalEntityToAnatomicalEntityAssociation,knowledge_assertion,manual_agent,https://purl.humanatlas.io/collection/hra
UBERON:8600036,biolink:part_of,UBERON:0002113,biolink:AnatomicalEntityToAnatomicalEntityAssociation,knowledge_assertion,manual_agent,https://purl.humanatlas.io/collection/hra
UBERON:8600036,biolink:part_of,UBERON:0000362,biolink:AnatomicalEntityToAnatomicalEntityAssociation,knowledge_assertion,manual_agent,https://purl.humanatlas.io/collection/hra
UBERON:8600036,biolink:part_of,UBERON:0001231,biolink:AnatomicalEntityToAnatomicalEntityAssociation,knowledge_assertion,manual_agent,https://purl.humanatlas.io/collection/hra
UBERON:8600036,biolink:part_of,UBERON:0001289,biolink:AnatomicalEntityToAnatomicalEntityAssociation,knowledge_assertion,manual_agent,https://purl.humanatlas.io/collection/hra
UBERON:8600036,biolink:part_of,UBERON:8600036,biolink:AnatomicalEntityToAnatomicalEntityAssociation,knowledge_assertion,manual_agent,https://purl.humanatlas.io/collection/hra
UBERON:8600037,biolink:part_of,UBERON:0001285,biolink:AnatomicalEntityToAnatomicalEntityAssociation,knowledge_assertion,manual_agent,https://purl.humanatlas.io/collection/hra
UBERON:8600037,biolink:part_of,UBERON:0004201,biolink:AnatomicalEntityToAnatomicalEntityAssociation,knowledge_assertion,manual_agent,https://purl.humanatlas.io/collection/hra
UBERON:8600037,biolink:part_of,UBERON:0002113,biolink:AnatomicalEntityToAnatomicalEntityAssociation,knowledge_assertion,manual_agent,https://purl.humanatlas.io/collection/hra
UBERON:8600037,biolink:part_of,UBERON:0000362,biolink:AnatomicalEntityToAnatomicalEntityAssociation,knowledge_assertion,manual_agent,https://purl.humanatlas.io/collection/hra
UBERON:8600037,biolink:part_of,UBERON:0001231,biolink:AnatomicalEntityToAnatomicalEntityAssociation,knowledge_assertion,manual_agent,https://purl.humanatlas.io/collection/hra
UBERON:8600037,biolink:part_of,UBERON:0001289,biolink:AnatomicalEntityToAnatomicalEntityAssociation,knowledge_assertion,manual_agent,https://purl.humanatlas.io/collection/hra
UBERON:8600037,biolink:part_of,UBERON:8600037,biolink:AnatomicalEntityToAnatomicalEntityAssociation,knowledge_assertion,manual_agent,https://purl.humanatlas.io/collection/hra
NCIT:kidney-lymphatic-vessel,biolink:part_of,UBERON:0006544,biolink:AnatomicalEntityToAnatomicalEntityAssociation,knowledge_assertion,manual_agent,https://purl.humanatlas.io/collection/hra
NCIT:kidney-lymphatic-vessel,biolink:part_of,UBERON:0002113,biolink:AnatomicalEntityToAnatomicalEntityAssociation,knowledge_assertion,manual_agent,https://purl.humanatlas.io/collection/hra
NCIT:kidney-lymphatic-vessel,biolink:part_of,NCIT:kidney-lymphatic-vessel,biolink:AnatomicalEntityToAnatomicalEntityAssociation,knowledge_assertion,manual_agent,https://purl.humanatlas.io/collection/hra
NCIT:papillary-tip-epithelium,biolink:part_of,UBERON:0001228,biolink:AnatomicalEntityToAnatomicalEntityAssociation,knowledge_assertion,manual_agent,https://purl.humanatlas.io/collection/hra
NCIT:papillary-tip-epithelium,biolink:part_of,UBERON:0001294,biolink:AnatomicalEntityToAnatomicalEntityAssociation,knowledge_assertion,manual_agent,https://purl.humanatlas.io/collection/hra
NCIT:papillary-tip-epithelium,biolink:part_of,UBERON:0002113,biolink:AnatomicalEntityToAnatomicalEntityAssociation,knowledge_assertion,manual_agent,https://purl.humanatlas.io/collection/hra
NCIT:papillary-tip-epithelium,biolink:part_of,UBERON:0000362,biolink:AnatomicalEntityToAnatomicalEntityAssociation,knowledge_assertion,manual_agent,https://purl.humanatlas.io/collection/hra
NCIT:papillary-tip-epithelium,biolink:part_of,UBERON:0009095,biolink:AnatomicalEntityToAnatomicalEntityAssociation,knowledge_assertion,manual_agent,https://purl.humanatlas.io/collection/hra
NCIT:papillary-tip-epithelium,biolink:part_of,NCIT:papillary-tip-epithelium,biolink:AnatomicalEntityToAnatomicalEntityAssociation,knowledge_assertion,manual_agent,https://purl.humanatlas.io/collection/hra
